<?xml version="1.0" encoding="UTF-8"?><gpx version="1.1" creator="Relive" xmlns="http://www.topografix.com/GPX/1/1" xmlns:xsi="http://www.w3.org/2001/XMLSchema-instance" xsi:schemaLocation="http://www.topografix.com/GPX/1/1 http://www.topografix.com/GPX/1/1/gpx.xsd http://www.garmin.com/xmlschemas/TrackPointExtension/v1 http://www.garmin.com/xmlschemas/TrackPointExtensionv1.xsd http://www.garmin.com/xmlschemas/GpxExtensions/v3 http://www.garmin.com/xmlschemas/GpxExtensionsv3.xsd" xmlns:gpxtpx="http://www.garmin.com/xmlschemas/TrackPointExtension/v1" xmlns:gpxx="http://www.garmin.com/xmlschemas/GpxExtensions/v3"><metadata><time>2026-05-17T02:16:29.000Z</time><name>5월 17일 오전</name></metadata><trk><trkseg><trkpt lat="37.233567" lon="126.983825"><time>2026-05-17T02:16:29.000Z</time><ele>29.77</ele></trkpt><trkpt lat="37.233644" lon="126.983811"><time>2026-05-17T02:16:57.000Z</time><ele>28.97</ele></trkpt><trkpt lat="37.23369" lon="126.983794"><time>2026-05-17T02:16:58.000Z</time><ele>29.11</ele></trkpt><trkpt lat="37.233747" lon="126.98377"><time>2026-05-17T02:16:59.000Z</time><ele>29.46</ele></trkpt><trkpt lat="37.233796" lon="126.983745"><time>2026-05-17T02:17:00.000Z</time><ele>28.92</ele></trkpt><trkpt lat="37.233846" lon="126.983721"><time>2026-05-17T02:17:01.000Z</time><ele>28.71</ele></trkpt><trkpt lat="37.233928" lon="126.983684"><time>2026-05-17T02:17:02.000Z</time><ele>28.87</ele></trkpt><trkpt lat="37.23402" lon="126.983645"><time>2026-05-17T02:17:03.000Z</time><ele>29.36</ele></trkpt><trkpt lat="37.234095" lon="126.983608"><time>2026-05-17T02:17:04.000Z</time><ele>29.59</ele></trkpt><trkpt lat="37.234182" lon="126.983571"><time>2026-05-17T02:17:05.001Z</time><ele>29.98</ele></trkpt><trkpt lat="37.234263" lon="126.983535"><time>2026-05-17T02:17:06.001Z</time><ele>30.77</ele></trkpt><trkpt lat="37.234351" lon="126.983497"><time>2026-05-17T02:17:07.001Z</time><ele>31.17</ele></trkpt><trkpt lat="37.234443" lon="126.983456"><time>2026-05-17T02:17:08.001Z</time><ele>31.12</ele></trkpt><trkpt lat="37.234541" lon="126.983409"><time>2026-05-17T02:17:09.001Z</time><ele>31.18</ele></trkpt><trkpt lat="37.234645" lon="126.983361"><time>2026-05-17T02:17:10.001Z</time><ele>31.52</ele></trkpt><trkpt lat="37.23475" lon="126.983313"><time>2026-05-17T02:17:11.001Z</time><ele>31.57</ele></trkpt><trkpt lat="37.234856" lon="126.983265"><time>2026-05-17T02:17:12.001Z</time><ele>31.82</ele></trkpt><trkpt lat="37.234972" lon="126.983214"><time>2026-05-17T02:17:13.001Z</time><ele>32.29</ele></trkpt><trkpt lat="37.235085" lon="126.98316"><time>2026-05-17T02:17:14.001Z</time><ele>32.35</ele></trkpt><trkpt lat="37.235204" lon="126.983106"><time>2026-05-17T02:17:15.001Z</time><ele>32.56</ele></trkpt><trkpt lat="37.235318" lon="126.983057"><time>2026-05-17T02:17:16.001Z</time><ele>32.56</ele></trkpt><trkpt lat="37.235435" lon="126.98301"><time>2026-05-17T02:17:17.001Z</time><ele>33.42</ele></trkpt><trkpt lat="37.235563" lon="126.982962"><time>2026-05-17T02:17:18.001Z</time><ele>33.34</ele></trkpt><trkpt lat="37.235698" lon="126.982911"><time>2026-05-17T02:17:19.001Z</time><ele>33.19</ele></trkpt><trkpt lat="37.235838" lon="126.982855"><time>2026-05-17T02:17:20.001Z</time><ele>33.41</ele></trkpt><trkpt lat="37.23597" lon="126.982794"><time>2026-05-17T02:17:21.001Z</time><ele>32.22</ele></trkpt><trkpt lat="37.236099" lon="126.982732"><time>2026-05-17T02:17:22.001Z</time><ele>32.38</ele></trkpt><trkpt lat="37.236232" lon="126.982664"><time>2026-05-17T02:17:23.001Z</time><ele>31.93</ele></trkpt><trkpt lat="37.236369" lon="126.982603"><time>2026-05-17T02:17:24.001Z</time><ele>32.02</ele></trkpt><trkpt lat="37.236514" lon="126.982536"><time>2026-05-17T02:17:25.001Z</time><ele>32.05</ele></trkpt><trkpt lat="37.236653" lon="126.982469"><time>2026-05-17T02:17:26.001Z</time><ele>31.2</ele></trkpt><trkpt lat="37.236792" lon="126.982404"><time>2026-05-17T02:17:27.001Z</time><ele>31.82</ele></trkpt><trkpt lat="37.236927" lon="126.98234"><time>2026-05-17T02:17:28.001Z</time><ele>30.82</ele></trkpt><trkpt lat="37.237061" lon="126.982279"><time>2026-05-17T02:17:29.001Z</time><ele>31.34</ele></trkpt><trkpt lat="37.237201" lon="126.982209"><time>2026-05-17T02:17:30.001Z</time><ele>30.99</ele></trkpt><trkpt lat="37.237345" lon="126.982142"><time>2026-05-17T02:17:31.001Z</time><ele>30.85</ele></trkpt><trkpt lat="37.237493" lon="126.982079"><time>2026-05-17T02:17:32.001Z</time><ele>30.06</ele></trkpt><trkpt lat="37.23764" lon="126.982016"><time>2026-05-17T02:17:33.001Z</time><ele>28.87</ele></trkpt><trkpt lat="37.237789" lon="126.981951"><time>2026-05-17T02:17:34.001Z</time><ele>28.31</ele></trkpt><trkpt lat="37.237945" lon="126.981879"><time>2026-05-17T02:17:35.001Z</time><ele>27.91</ele></trkpt><trkpt lat="37.238114" lon="126.981812"><time>2026-05-17T02:17:36.001Z</time><ele>27.51</ele></trkpt><trkpt lat="37.238307" lon="126.981746"><time>2026-05-17T02:17:37.001Z</time><ele>27.24</ele></trkpt><trkpt lat="37.238513" lon="126.981661"><time>2026-05-17T02:17:38.001Z</time><ele>26.87</ele></trkpt><trkpt lat="37.238728" lon="126.981561"><time>2026-05-17T02:17:39.001Z</time><ele>26.78</ele></trkpt><trkpt lat="37.23894" lon="126.981462"><time>2026-05-17T02:17:40.001Z</time><ele>26.85</ele></trkpt><trkpt lat="37.239139" lon="126.981372"><time>2026-05-17T02:17:41.001Z</time><ele>26.82</ele></trkpt><trkpt lat="37.239326" lon="126.981288"><time>2026-05-17T02:17:42.001Z</time><ele>26.94</ele></trkpt><trkpt lat="37.239506" lon="126.981207"><time>2026-05-17T02:17:43.001Z</time><ele>27.16</ele></trkpt><trkpt lat="37.239675" lon="126.981135"><time>2026-05-17T02:17:44.001Z</time><ele>27.06</ele></trkpt><trkpt lat="37.239847" lon="126.981056"><time>2026-05-17T02:17:45.001Z</time><ele>26.9</ele></trkpt><trkpt lat="37.240024" lon="126.980977"><time>2026-05-17T02:17:46.001Z</time><ele>26.56</ele></trkpt><trkpt lat="37.240188" lon="126.980885"><time>2026-05-17T02:17:47.001Z</time><ele>26.9</ele></trkpt><trkpt lat="37.24035" lon="126.980833"><time>2026-05-17T02:17:48.001Z</time><ele>26.8</ele></trkpt><trkpt lat="37.240495" lon="126.980747"><time>2026-05-17T02:17:49.001Z</time><ele>26.71</ele></trkpt><trkpt lat="37.240632" lon="126.980686"><time>2026-05-17T02:17:50.001Z</time><ele>26.9</ele></trkpt><trkpt lat="37.240761" lon="126.980627"><time>2026-05-17T02:17:51.001Z</time><ele>26.64</ele></trkpt><trkpt lat="37.240885" lon="126.980593"><time>2026-05-17T02:17:52.001Z</time><ele>26.24</ele></trkpt><trkpt lat="37.240998" lon="126.980531"><time>2026-05-17T02:17:53.001Z</time><ele>25.85</ele></trkpt><trkpt lat="37.241127" lon="126.980474"><time>2026-05-17T02:17:54.001Z</time><ele>25.89</ele></trkpt><trkpt lat="37.241271" lon="126.980412"><time>2026-05-17T02:17:55.001Z</time><ele>26.24</ele></trkpt><trkpt lat="37.241417" lon="126.980344"><time>2026-05-17T02:17:56.001Z</time><ele>26.35</ele></trkpt><trkpt lat="37.241558" lon="126.98028"><time>2026-05-17T02:17:57.001Z</time><ele>26.31</ele></trkpt><trkpt lat="37.241696" lon="126.980222"><time>2026-05-17T02:17:58.001Z</time><ele>26.27</ele></trkpt><trkpt lat="37.241826" lon="126.980159"><time>2026-05-17T02:17:59.001Z</time><ele>26.45</ele></trkpt><trkpt lat="37.241966" lon="126.980097"><time>2026-05-17T02:18:00.001Z</time><ele>26.74</ele></trkpt><trkpt lat="37.242114" lon="126.980027"><time>2026-05-17T02:18:01.001Z</time><ele>26.68</ele></trkpt><trkpt lat="37.242264" lon="126.97996"><time>2026-05-17T02:18:02.001Z</time><ele>26.58</ele></trkpt><trkpt lat="37.242414" lon="126.979893"><time>2026-05-17T02:18:03.001Z</time><ele>26.42</ele></trkpt><trkpt lat="37.242546" lon="126.979836"><time>2026-05-17T02:18:04.001Z</time><ele>26.73</ele></trkpt><trkpt lat="37.242669" lon="126.979778"><time>2026-05-17T02:18:05.001Z</time><ele>26.87</ele></trkpt><trkpt lat="37.24278" lon="126.979724"><time>2026-05-17T02:18:06.001Z</time><ele>27.24</ele></trkpt><trkpt lat="37.242893" lon="126.979668"><time>2026-05-17T02:18:07.001Z</time><ele>26.92</ele></trkpt><trkpt lat="37.243013" lon="126.979615"><time>2026-05-17T02:18:08.001Z</time><ele>26.96</ele></trkpt><trkpt lat="37.243135" lon="126.979558"><time>2026-05-17T02:18:09.001Z</time><ele>26.81</ele></trkpt><trkpt lat="37.243258" lon="126.979504"><time>2026-05-17T02:18:10.001Z</time><ele>27.18</ele></trkpt><trkpt lat="37.243384" lon="126.979448"><time>2026-05-17T02:18:11.001Z</time><ele>27.28</ele></trkpt><trkpt lat="37.243509" lon="126.979393"><time>2026-05-17T02:18:12.001Z</time><ele>27.13</ele></trkpt><trkpt lat="37.243631" lon="126.979329"><time>2026-05-17T02:18:13.001Z</time><ele>27</ele></trkpt><trkpt lat="37.24376" lon="126.979275"><time>2026-05-17T02:18:14.001Z</time><ele>27.11</ele></trkpt><trkpt lat="37.243886" lon="126.97922"><time>2026-05-17T02:18:15.000Z</time><ele>27.12</ele></trkpt><trkpt lat="37.244005" lon="126.979158"><time>2026-05-17T02:18:16.000Z</time><ele>26.9</ele></trkpt><trkpt lat="37.244128" lon="126.979104"><time>2026-05-17T02:18:17.000Z</time><ele>26.98</ele></trkpt><trkpt lat="37.244249" lon="126.97905"><time>2026-05-17T02:18:18.000Z</time><ele>27.02</ele></trkpt><trkpt lat="37.244368" lon="126.978994"><time>2026-05-17T02:18:19.000Z</time><ele>26.89</ele></trkpt><trkpt lat="37.244485" lon="126.978938"><time>2026-05-17T02:18:20.000Z</time><ele>27.08</ele></trkpt><trkpt lat="37.244603" lon="126.978881"><time>2026-05-17T02:18:21.000Z</time><ele>26.95</ele></trkpt><trkpt lat="37.244724" lon="126.97883"><time>2026-05-17T02:18:22.000Z</time><ele>27.05</ele></trkpt><trkpt lat="37.244842" lon="126.978779"><time>2026-05-17T02:18:23.000Z</time><ele>26.79</ele></trkpt><trkpt lat="37.244951" lon="126.978728"><time>2026-05-17T02:18:24.000Z</time><ele>26.85</ele></trkpt><trkpt lat="37.245053" lon="126.978673"><time>2026-05-17T02:18:25.000Z</time><ele>26.94</ele></trkpt><trkpt lat="37.245157" lon="126.978624"><time>2026-05-17T02:18:26.000Z</time><ele>27.03</ele></trkpt><trkpt lat="37.245267" lon="126.97858"><time>2026-05-17T02:18:27.000Z</time><ele>26.89</ele></trkpt><trkpt lat="37.245381" lon="126.97853"><time>2026-05-17T02:18:28.000Z</time><ele>26.66</ele></trkpt><trkpt lat="37.245492" lon="126.978481"><time>2026-05-17T02:18:29.000Z</time><ele>27.24</ele></trkpt><trkpt lat="37.245603" lon="126.978432"><time>2026-05-17T02:18:30.000Z</time><ele>27.08</ele></trkpt><trkpt lat="37.245713" lon="126.978384"><time>2026-05-17T02:18:31.000Z</time><ele>27.26</ele></trkpt><trkpt lat="37.245818" lon="126.978327"><time>2026-05-17T02:18:32.000Z</time><ele>27.42</ele></trkpt><trkpt lat="37.245926" lon="126.978278"><time>2026-05-17T02:18:33.000Z</time><ele>27.43</ele></trkpt><trkpt lat="37.246022" lon="126.978225"><time>2026-05-17T02:18:34.000Z</time><ele>27.58</ele></trkpt><trkpt lat="37.246117" lon="126.978184"><time>2026-05-17T02:18:35.000Z</time><ele>27.55</ele></trkpt><trkpt lat="37.246219" lon="126.978141"><time>2026-05-17T02:18:36.000Z</time><ele>27.54</ele></trkpt><trkpt lat="37.246316" lon="126.978089"><time>2026-05-17T02:18:37.000Z</time><ele>27.86</ele></trkpt><trkpt lat="37.246424" lon="126.978045"><time>2026-05-17T02:18:38.000Z</time><ele>27.69</ele></trkpt><trkpt lat="37.24654" lon="126.977995"><time>2026-05-17T02:18:39.000Z</time><ele>27.93</ele></trkpt><trkpt lat="37.24666" lon="126.97792"><time>2026-05-17T02:18:40.000Z</time><ele>28.53</ele></trkpt><trkpt lat="37.246791" lon="126.97786"><time>2026-05-17T02:18:41.000Z</time><ele>28.58</ele></trkpt><trkpt lat="37.246917" lon="126.977791"><time>2026-05-17T02:18:42.000Z</time><ele>28.02</ele></trkpt><trkpt lat="37.247055" lon="126.977773"><time>2026-05-17T02:18:43.000Z</time><ele>27.94</ele></trkpt><trkpt lat="37.247173" lon="126.977712"><time>2026-05-17T02:18:44.000Z</time><ele>28.66</ele></trkpt><trkpt lat="37.247289" lon="126.977661"><time>2026-05-17T02:18:45.000Z</time><ele>29.07</ele></trkpt><trkpt lat="37.247415" lon="126.977608"><time>2026-05-17T02:18:46.000Z</time><ele>29.18</ele></trkpt><trkpt lat="37.247541" lon="126.977554"><time>2026-05-17T02:18:47.000Z</time><ele>29.34</ele></trkpt><trkpt lat="37.247664" lon="126.977499"><time>2026-05-17T02:18:48.000Z</time><ele>29.91</ele></trkpt><trkpt lat="37.247776" lon="126.977449"><time>2026-05-17T02:18:49.000Z</time><ele>30.33</ele></trkpt><trkpt lat="37.247884" lon="126.977404"><time>2026-05-17T02:18:50.000Z</time><ele>30.61</ele></trkpt><trkpt lat="37.247965" lon="126.977367"><time>2026-05-17T02:18:51.000Z</time><ele>30.24</ele></trkpt><trkpt lat="37.248033" lon="126.977335"><time>2026-05-17T02:18:52.000Z</time><ele>30.27</ele></trkpt><trkpt lat="37.248087" lon="126.977309"><time>2026-05-17T02:18:53.000Z</time><ele>30.42</ele></trkpt><trkpt lat="37.248138" lon="126.977285"><time>2026-05-17T02:18:54.000Z</time><ele>30.73</ele></trkpt><trkpt lat="37.248181" lon="126.977266"><time>2026-05-17T02:18:55.000Z</time><ele>30.9</ele></trkpt><trkpt lat="37.248262" lon="126.977237"><time>2026-05-17T02:18:57.000Z</time><ele>30.74</ele></trkpt><trkpt lat="37.248329" lon="126.97721"><time>2026-05-17T02:18:59.000Z</time><ele>30.74</ele></trkpt><trkpt lat="37.248405" lon="126.977173"><time>2026-05-17T02:19:01.000Z</time><ele>31.19</ele></trkpt><trkpt lat="37.248463" lon="126.977145"><time>2026-05-17T02:19:02.000Z</time><ele>31.27</ele></trkpt><trkpt lat="37.248525" lon="126.977116"><time>2026-05-17T02:19:03.000Z</time><ele>31.18</ele></trkpt><trkpt lat="37.248586" lon="126.977086"><time>2026-05-17T02:19:04.000Z</time><ele>31.41</ele></trkpt><trkpt lat="37.248638" lon="126.97706"><time>2026-05-17T02:19:05.000Z</time><ele>31.04</ele></trkpt><trkpt lat="37.248696" lon="126.977037"><time>2026-05-17T02:19:06.000Z</time><ele>30.84</ele></trkpt><trkpt lat="37.248759" lon="126.977008"><time>2026-05-17T02:19:07.000Z</time><ele>30.9</ele></trkpt><trkpt lat="37.248823" lon="126.97698"><time>2026-05-17T02:19:08.000Z</time><ele>30.73</ele></trkpt><trkpt lat="37.248884" lon="126.976958"><time>2026-05-17T02:19:09.000Z</time><ele>31.41</ele></trkpt><trkpt lat="37.248946" lon="126.976934"><time>2026-05-17T02:19:10.000Z</time><ele>32.13</ele></trkpt><trkpt lat="37.24899" lon="126.976911"><time>2026-05-17T02:19:11.000Z</time><ele>32.27</ele></trkpt><trkpt lat="37.249049" lon="126.976887"><time>2026-05-17T02:19:13.000Z</time><ele>32.31</ele></trkpt><trkpt lat="37.249101" lon="126.976865"><time>2026-05-17T02:19:16.001Z</time><ele>32.72</ele></trkpt><trkpt lat="37.249147" lon="126.976851"><time>2026-05-17T02:19:18.001Z</time><ele>33.27</ele></trkpt><trkpt lat="37.249218" lon="126.976818"><time>2026-05-17T02:19:20.001Z</time><ele>33.97</ele></trkpt><trkpt lat="37.249288" lon="126.97679"><time>2026-05-17T02:19:22.001Z</time><ele>34.2</ele></trkpt><trkpt lat="37.249325" lon="126.976828"><time>2026-05-17T02:19:38.001Z</time><ele>38.18</ele></trkpt><trkpt lat="37.249299" lon="126.976766"><time>2026-05-17T02:19:47.001Z</time><ele>38.01</ele></trkpt><trkpt lat="37.249352" lon="126.976765"><time>2026-05-17T02:21:34.001Z</time><ele>37.78</ele></trkpt><trkpt lat="37.249393" lon="126.976735"><time>2026-05-17T02:21:35.001Z</time><ele>37.85</ele></trkpt><trkpt lat="37.249453" lon="126.976718"><time>2026-05-17T02:21:36.001Z</time><ele>37.88</ele></trkpt><trkpt lat="37.249514" lon="126.976688"><time>2026-05-17T02:21:37.001Z</time><ele>37.7</ele></trkpt><trkpt lat="37.249575" lon="126.976654"><time>2026-05-17T02:21:38.001Z</time><ele>37.44</ele></trkpt><trkpt lat="37.249628" lon="126.976585"><time>2026-05-17T02:21:39.001Z</time><ele>37.53</ele></trkpt><trkpt lat="37.249663" lon="126.9764"><time>2026-05-17T02:21:41.001Z</time><ele>36.13</ele></trkpt><trkpt lat="37.249574" lon="126.976079"><time>2026-05-17T02:21:44.001Z</time><ele>36.17</ele></trkpt><trkpt lat="37.249528" lon="126.975949"><time>2026-05-17T02:21:45.001Z</time><ele>35.65</ele></trkpt><trkpt lat="37.249487" lon="126.9758"><time>2026-05-17T02:21:46.001Z</time><ele>35.38</ele></trkpt><trkpt lat="37.249444" lon="126.975649"><time>2026-05-17T02:21:47.001Z</time><ele>34.74</ele></trkpt><trkpt lat="37.249404" lon="126.975506"><time>2026-05-17T02:21:48.001Z</time><ele>34.57</ele></trkpt><trkpt lat="37.249365" lon="126.975362"><time>2026-05-17T02:21:49.001Z</time><ele>33.98</ele></trkpt><trkpt lat="37.249323" lon="126.975203"><time>2026-05-17T02:21:50.001Z</time><ele>34.24</ele></trkpt><trkpt lat="37.24928" lon="126.975042"><time>2026-05-17T02:21:51.001Z</time><ele>34.6</ele></trkpt><trkpt lat="37.249246" lon="126.97486"><time>2026-05-17T02:21:52.001Z</time><ele>35.08</ele></trkpt><trkpt lat="37.249207" lon="126.974655"><time>2026-05-17T02:21:53.001Z</time><ele>36.13</ele></trkpt><trkpt lat="37.249138" lon="126.974441"><time>2026-05-17T02:21:54.001Z</time><ele>36.25</ele></trkpt><trkpt lat="37.249065" lon="126.974221"><time>2026-05-17T02:21:55.001Z</time><ele>36.22</ele></trkpt><trkpt lat="37.248995" lon="126.973991"><time>2026-05-17T02:21:56.001Z</time><ele>31.99</ele></trkpt><trkpt lat="37.248927" lon="126.973756"><time>2026-05-17T02:21:57.001Z</time><ele>30.46</ele></trkpt><trkpt lat="37.248859" lon="126.973528"><time>2026-05-17T02:21:58.001Z</time><ele>29.4</ele></trkpt><trkpt lat="37.248792" lon="126.973299"><time>2026-05-17T02:21:59.001Z</time><ele>28.72</ele></trkpt><trkpt lat="37.248725" lon="126.973064"><time>2026-05-17T02:22:00.001Z</time><ele>28.39</ele></trkpt><trkpt lat="37.248659" lon="126.972822"><time>2026-05-17T02:22:01.001Z</time><ele>28.02</ele></trkpt><trkpt lat="37.248592" lon="126.972582"><time>2026-05-17T02:22:02.001Z</time><ele>27.85</ele></trkpt><trkpt lat="37.248522" lon="126.972359"><time>2026-05-17T02:22:03.001Z</time><ele>27.88</ele></trkpt><trkpt lat="37.248459" lon="126.972144"><time>2026-05-17T02:22:04.001Z</time><ele>27.68</ele></trkpt><trkpt lat="37.248403" lon="126.971933"><time>2026-05-17T02:22:05.001Z</time><ele>27.3</ele></trkpt><trkpt lat="37.24834" lon="126.97171"><time>2026-05-17T02:22:06.001Z</time><ele>27.14</ele></trkpt><trkpt lat="37.24828" lon="126.97149"><time>2026-05-17T02:22:07.001Z</time><ele>27.05</ele></trkpt><trkpt lat="37.248221" lon="126.971273"><time>2026-05-17T02:22:08.001Z</time><ele>27.15</ele></trkpt><trkpt lat="37.247898" lon="126.970124"><time>2026-05-17T02:22:14.001Z</time><ele>27.8</ele></trkpt><trkpt lat="37.24785" lon="126.969964"><time>2026-05-17T02:22:15.001Z</time><ele>28.14</ele></trkpt><trkpt lat="37.247808" lon="126.969813"><time>2026-05-17T02:22:16.001Z</time><ele>28.56</ele></trkpt><trkpt lat="37.247759" lon="126.969689"><time>2026-05-17T02:22:17.001Z</time><ele>29.12</ele></trkpt><trkpt lat="37.247727" lon="126.96956"><time>2026-05-17T02:22:18.001Z</time><ele>29.35</ele></trkpt><trkpt lat="37.247693" lon="126.969437"><time>2026-05-17T02:22:19.001Z</time><ele>29</ele></trkpt><trkpt lat="37.247666" lon="126.969323"><time>2026-05-17T02:22:20.001Z</time><ele>29.32</ele></trkpt><trkpt lat="37.247634" lon="126.96922"><time>2026-05-17T02:22:21.001Z</time><ele>28.96</ele></trkpt><trkpt lat="37.247602" lon="126.969107"><time>2026-05-17T02:22:22.001Z</time><ele>28.88</ele></trkpt><trkpt lat="37.247578" lon="126.968999"><time>2026-05-17T02:22:23.001Z</time><ele>29.31</ele></trkpt><trkpt lat="37.247552" lon="126.968906"><time>2026-05-17T02:22:24.002Z</time><ele>28.36</ele></trkpt><trkpt lat="37.247529" lon="126.968833"><time>2026-05-17T02:22:25.002Z</time><ele>28.64</ele></trkpt><trkpt lat="37.247508" lon="126.968765"><time>2026-05-17T02:22:26.002Z</time><ele>28.45</ele></trkpt><trkpt lat="37.24749" lon="126.968701"><time>2026-05-17T02:22:27.000Z</time><ele>28.61</ele></trkpt><trkpt lat="37.247465" lon="126.968615"><time>2026-05-17T02:22:29.000Z</time><ele>28.46</ele></trkpt><trkpt lat="37.247449" lon="126.96856"><time>2026-05-17T02:22:32.000Z</time><ele>28.85</ele></trkpt><trkpt lat="37.247418" lon="126.968463"><time>2026-05-17T02:22:42.000Z</time><ele>29.76</ele></trkpt><trkpt lat="37.247401" lon="126.968397"><time>2026-05-17T02:22:43.000Z</time><ele>29.76</ele></trkpt><trkpt lat="37.247384" lon="126.968335"><time>2026-05-17T02:22:44.000Z</time><ele>29.76</ele></trkpt><trkpt lat="37.24735" lon="126.968244"><time>2026-05-17T02:22:45.000Z</time><ele>30.28</ele></trkpt><trkpt lat="37.247304" lon="126.968135"><time>2026-05-17T02:22:46.000Z</time><ele>30.5</ele></trkpt><trkpt lat="37.247264" lon="126.968"><time>2026-05-17T02:22:47.000Z</time><ele>31.57</ele></trkpt><trkpt lat="37.247228" lon="126.967873"><time>2026-05-17T02:22:48.000Z</time><ele>30.78</ele></trkpt><trkpt lat="37.247192" lon="126.967752"><time>2026-05-17T02:22:49.000Z</time><ele>30.98</ele></trkpt><trkpt lat="37.24716" lon="126.967624"><time>2026-05-17T02:22:50.000Z</time><ele>31.47</ele></trkpt><trkpt lat="37.247123" lon="126.967494"><time>2026-05-17T02:22:51.000Z</time><ele>31.76</ele></trkpt><trkpt lat="37.247087" lon="126.96737"><time>2026-05-17T02:22:52.000Z</time><ele>32.03</ele></trkpt><trkpt lat="37.24705" lon="126.967242"><time>2026-05-17T02:22:53.000Z</time><ele>32.18</ele></trkpt><trkpt lat="37.247017" lon="126.967114"><time>2026-05-17T02:22:54.000Z</time><ele>32.75</ele></trkpt><trkpt lat="37.246981" lon="126.966988"><time>2026-05-17T02:22:55.000Z</time><ele>32.78</ele></trkpt><trkpt lat="37.246946" lon="126.966873"><time>2026-05-17T02:22:56.000Z</time><ele>32.88</ele></trkpt><trkpt lat="37.246913" lon="126.966748"><time>2026-05-17T02:22:57.000Z</time><ele>33.23</ele></trkpt><trkpt lat="37.246879" lon="126.96663"><time>2026-05-17T02:22:58.000Z</time><ele>33.23</ele></trkpt><trkpt lat="37.246843" lon="126.966507"><time>2026-05-17T02:22:59.000Z</time><ele>33.25</ele></trkpt><trkpt lat="37.246807" lon="126.966379"><time>2026-05-17T02:23:00.000Z</time><ele>33.49</ele></trkpt><trkpt lat="37.246773" lon="126.966249"><time>2026-05-17T02:23:01.000Z</time><ele>33.98</ele></trkpt><trkpt lat="37.246735" lon="126.966119"><time>2026-05-17T02:23:02.000Z</time><ele>34.47</ele></trkpt><trkpt lat="37.246699" lon="126.96599"><time>2026-05-17T02:23:03.000Z</time><ele>35.21</ele></trkpt><trkpt lat="37.246663" lon="126.965861"><time>2026-05-17T02:23:04.000Z</time><ele>35.81</ele></trkpt><trkpt lat="37.246624" lon="126.965728"><time>2026-05-17T02:23:05.000Z</time><ele>36.09</ele></trkpt><trkpt lat="37.246586" lon="126.965592"><time>2026-05-17T02:23:06.000Z</time><ele>36.38</ele></trkpt><trkpt lat="37.246546" lon="126.965447"><time>2026-05-17T02:23:07.000Z</time><ele>36.9</ele></trkpt><trkpt lat="37.246499" lon="126.965292"><time>2026-05-17T02:23:08.000Z</time><ele>37.55</ele></trkpt><trkpt lat="37.246454" lon="126.965148"><time>2026-05-17T02:23:09.000Z</time><ele>37.93</ele></trkpt><trkpt lat="37.246408" lon="126.964991"><time>2026-05-17T02:23:10.000Z</time><ele>37.46</ele></trkpt><trkpt lat="37.246363" lon="126.964834"><time>2026-05-17T02:23:11.000Z</time><ele>37.35</ele></trkpt><trkpt lat="37.246319" lon="126.964676"><time>2026-05-17T02:23:12.000Z</time><ele>37.52</ele></trkpt><trkpt lat="37.246279" lon="126.964529"><time>2026-05-17T02:23:13.000Z</time><ele>38.08</ele></trkpt><trkpt lat="37.246239" lon="126.964388"><time>2026-05-17T02:23:14.000Z</time><ele>38.3</ele></trkpt><trkpt lat="37.246195" lon="126.96424"><time>2026-05-17T02:23:15.001Z</time><ele>38.27</ele></trkpt><trkpt lat="37.246152" lon="126.964096"><time>2026-05-17T02:23:16.001Z</time><ele>38.66</ele></trkpt><trkpt lat="37.246108" lon="126.963949"><time>2026-05-17T02:23:17.001Z</time><ele>39.14</ele></trkpt><trkpt lat="37.246072" lon="126.96381"><time>2026-05-17T02:23:18.001Z</time><ele>39.06</ele></trkpt><trkpt lat="37.246026" lon="126.963679"><time>2026-05-17T02:23:19.001Z</time><ele>39.51</ele></trkpt><trkpt lat="37.245965" lon="126.963529"><time>2026-05-17T02:23:20.001Z</time><ele>39.43</ele></trkpt><trkpt lat="37.245881" lon="126.963372"><time>2026-05-17T02:23:21.001Z</time><ele>39.04</ele></trkpt><trkpt lat="37.245792" lon="126.963178"><time>2026-05-17T02:23:22.001Z</time><ele>39.56</ele></trkpt><trkpt lat="37.245701" lon="126.96297"><time>2026-05-17T02:23:23.001Z</time><ele>39.84</ele></trkpt><trkpt lat="37.245615" lon="126.962768"><time>2026-05-17T02:23:24.001Z</time><ele>39.61</ele></trkpt><trkpt lat="37.24554" lon="126.962588"><time>2026-05-17T02:23:25.001Z</time><ele>39.89</ele></trkpt><trkpt lat="37.245467" lon="126.962427"><time>2026-05-17T02:23:26.001Z</time><ele>40.42</ele></trkpt><trkpt lat="37.245403" lon="126.962265"><time>2026-05-17T02:23:27.001Z</time><ele>40.99</ele></trkpt><trkpt lat="37.245326" lon="126.962118"><time>2026-05-17T02:23:28.001Z</time><ele>41.34</ele></trkpt><trkpt lat="37.245251" lon="126.961969"><time>2026-05-17T02:23:29.001Z</time><ele>41.67</ele></trkpt><trkpt lat="37.245184" lon="126.961805"><time>2026-05-17T02:23:30.001Z</time><ele>42.24</ele></trkpt><trkpt lat="37.245105" lon="126.961638"><time>2026-05-17T02:23:31.001Z</time><ele>42.99</ele></trkpt><trkpt lat="37.245021" lon="126.961467"><time>2026-05-17T02:23:32.001Z</time><ele>43.67</ele></trkpt><trkpt lat="37.244931" lon="126.961295"><time>2026-05-17T02:23:33.001Z</time><ele>44.37</ele></trkpt><trkpt lat="37.244845" lon="126.961105"><time>2026-05-17T02:23:34.001Z</time><ele>45.6</ele></trkpt><trkpt lat="37.244766" lon="126.96094"><time>2026-05-17T02:23:35.001Z</time><ele>46.05</ele></trkpt><trkpt lat="37.244686" lon="126.960784"><time>2026-05-17T02:23:36.001Z</time><ele>46.35</ele></trkpt><trkpt lat="37.244596" lon="126.960608"><time>2026-05-17T02:23:37.001Z</time><ele>46.98</ele></trkpt><trkpt lat="37.244513" lon="126.960442"><time>2026-05-17T02:23:38.001Z</time><ele>48.08</ele></trkpt><trkpt lat="37.244435" lon="126.960281"><time>2026-05-17T02:23:39.001Z</time><ele>49.15</ele></trkpt><trkpt lat="37.244361" lon="126.960112"><time>2026-05-17T02:23:40.001Z</time><ele>49.84</ele></trkpt><trkpt lat="37.244282" lon="126.95994"><time>2026-05-17T02:23:41.001Z</time><ele>50.36</ele></trkpt><trkpt lat="37.2442" lon="126.959765"><time>2026-05-17T02:23:42.001Z</time><ele>50.63</ele></trkpt><trkpt lat="37.244114" lon="126.959591"><time>2026-05-17T02:23:43.001Z</time><ele>50.79</ele></trkpt><trkpt lat="37.244034" lon="126.959418"><time>2026-05-17T02:23:44.001Z</time><ele>50.84</ele></trkpt><trkpt lat="37.243955" lon="126.959243"><time>2026-05-17T02:23:45.001Z</time><ele>51.08</ele></trkpt><trkpt lat="37.243869" lon="126.959066"><time>2026-05-17T02:23:46.001Z</time><ele>50.39</ele></trkpt><trkpt lat="37.243786" lon="126.958889"><time>2026-05-17T02:23:47.001Z</time><ele>50.69</ele></trkpt><trkpt lat="37.243702" lon="126.958713"><time>2026-05-17T02:23:48.001Z</time><ele>50.7</ele></trkpt><trkpt lat="37.243623" lon="126.958549"><time>2026-05-17T02:23:49.001Z</time><ele>49.51</ele></trkpt><trkpt lat="37.243545" lon="126.958382"><time>2026-05-17T02:23:50.001Z</time><ele>49.58</ele></trkpt><trkpt lat="37.243471" lon="126.958199"><time>2026-05-17T02:23:51.001Z</time><ele>48.55</ele></trkpt><trkpt lat="37.243406" lon="126.958007"><time>2026-05-17T02:23:52.001Z</time><ele>48.69</ele></trkpt><trkpt lat="37.243346" lon="126.957811"><time>2026-05-17T02:23:53.016Z</time><ele>49.45</ele></trkpt><trkpt lat="37.243295" lon="126.957613"><time>2026-05-17T02:23:54.013Z</time><ele>48.35</ele></trkpt><trkpt lat="37.243252" lon="126.95742"><time>2026-05-17T02:23:55.001Z</time><ele>48.6</ele></trkpt><trkpt lat="37.243211" lon="126.95725"><time>2026-05-17T02:23:56.001Z</time><ele>48.59</ele></trkpt><trkpt lat="37.243177" lon="126.957065"><time>2026-05-17T02:23:57.001Z</time><ele>49.5</ele></trkpt><trkpt lat="37.243149" lon="126.956883"><time>2026-05-17T02:23:58.001Z</time><ele>50.11</ele></trkpt><trkpt lat="37.243133" lon="126.956705"><time>2026-05-17T02:23:59.001Z</time><ele>50.98</ele></trkpt><trkpt lat="37.243126" lon="126.956523"><time>2026-05-17T02:24:00.001Z</time><ele>51.09</ele></trkpt><trkpt lat="37.243121" lon="126.956347"><time>2026-05-17T02:24:01.001Z</time><ele>50.9</ele></trkpt><trkpt lat="37.24312" lon="126.956173"><time>2026-05-17T02:24:02.001Z</time><ele>49.89</ele></trkpt><trkpt lat="37.243121" lon="126.955993"><time>2026-05-17T02:24:03.001Z</time><ele>51.32</ele></trkpt><trkpt lat="37.243129" lon="126.955818"><time>2026-05-17T02:24:04.001Z</time><ele>51.41</ele></trkpt><trkpt lat="37.243145" lon="126.955635"><time>2026-05-17T02:24:05.001Z</time><ele>50.42</ele></trkpt><trkpt lat="37.243164" lon="126.955451"><time>2026-05-17T02:24:06.001Z</time><ele>49.94</ele></trkpt><trkpt lat="37.24318" lon="126.955262"><time>2026-05-17T02:24:07.001Z</time><ele>50</ele></trkpt><trkpt lat="37.243201" lon="126.955075"><time>2026-05-17T02:24:08.001Z</time><ele>48.43</ele></trkpt><trkpt lat="37.243226" lon="126.954867"><time>2026-05-17T02:24:09.001Z</time><ele>48.12</ele></trkpt><trkpt lat="37.243274" lon="126.954637"><time>2026-05-17T02:24:10.001Z</time><ele>47.22</ele></trkpt><trkpt lat="37.243313" lon="126.95439"><time>2026-05-17T02:24:11.001Z</time><ele>46.21</ele></trkpt><trkpt lat="37.24333" lon="126.954118"><time>2026-05-17T02:24:12.001Z</time><ele>45.4</ele></trkpt><trkpt lat="37.243355" lon="126.953855"><time>2026-05-17T02:24:13.001Z</time><ele>44.49</ele></trkpt><trkpt lat="37.243378" lon="126.953609"><time>2026-05-17T02:24:14.001Z</time><ele>44.02</ele></trkpt><trkpt lat="37.2434" lon="126.953368"><time>2026-05-17T02:24:15.001Z</time><ele>43.37</ele></trkpt><trkpt lat="37.243421" lon="126.953127"><time>2026-05-17T02:24:16.001Z</time><ele>43.25</ele></trkpt><trkpt lat="37.243444" lon="126.952876"><time>2026-05-17T02:24:17.001Z</time><ele>41.12</ele></trkpt><trkpt lat="37.243469" lon="126.952641"><time>2026-05-17T02:24:18.001Z</time><ele>40.76</ele></trkpt><trkpt lat="37.243492" lon="126.95241"><time>2026-05-17T02:24:19.001Z</time><ele>40.15</ele></trkpt><trkpt lat="37.243513" lon="126.952185"><time>2026-05-17T02:24:20.002Z</time><ele>38.43</ele></trkpt><trkpt lat="37.243535" lon="126.951953"><time>2026-05-17T02:24:21.002Z</time><ele>37.57</ele></trkpt><trkpt lat="37.243561" lon="126.951725"><time>2026-05-17T02:24:22.002Z</time><ele>35.73</ele></trkpt><trkpt lat="37.243587" lon="126.951483"><time>2026-05-17T02:24:23.002Z</time><ele>33.33</ele></trkpt><trkpt lat="37.243612" lon="126.951249"><time>2026-05-17T02:24:24.002Z</time><ele>31.8</ele></trkpt><trkpt lat="37.243638" lon="126.95102"><time>2026-05-17T02:24:25.002Z</time><ele>30.45</ele></trkpt><trkpt lat="37.243658" lon="126.950792"><time>2026-05-17T02:24:26.002Z</time><ele>29.53</ele></trkpt><trkpt lat="37.243676" lon="126.950567"><time>2026-05-17T02:24:27.002Z</time><ele>28.45</ele></trkpt><trkpt lat="37.243693" lon="126.95034"><time>2026-05-17T02:24:28.002Z</time><ele>27.06</ele></trkpt><trkpt lat="37.243709" lon="126.950123"><time>2026-05-17T02:24:29.002Z</time><ele>26.25</ele></trkpt><trkpt lat="37.243719" lon="126.949914"><time>2026-05-17T02:24:30.002Z</time><ele>25.31</ele></trkpt><trkpt lat="37.243737" lon="126.949704"><time>2026-05-17T02:24:31.002Z</time><ele>24.6</ele></trkpt><trkpt lat="37.243749" lon="126.949499"><time>2026-05-17T02:24:32.002Z</time><ele>23.98</ele></trkpt><trkpt lat="37.24375" lon="126.949283"><time>2026-05-17T02:24:33.000Z</time><ele>23.44</ele></trkpt><trkpt lat="37.243747" lon="126.949063"><time>2026-05-17T02:24:34.000Z</time><ele>22.66</ele></trkpt><trkpt lat="37.243745" lon="126.948827"><time>2026-05-17T02:24:35.000Z</time><ele>22.47</ele></trkpt><trkpt lat="37.243742" lon="126.948612"><time>2026-05-17T02:24:36.000Z</time><ele>22.4</ele></trkpt><trkpt lat="37.243738" lon="126.948397"><time>2026-05-17T02:24:37.000Z</time><ele>21.92</ele></trkpt><trkpt lat="37.243738" lon="126.9482"><time>2026-05-17T02:24:38.000Z</time><ele>21.78</ele></trkpt><trkpt lat="37.243736" lon="126.947978"><time>2026-05-17T02:24:39.000Z</time><ele>21.88</ele></trkpt><trkpt lat="37.243719" lon="126.947741"><time>2026-05-17T02:24:40.000Z</time><ele>22.13</ele></trkpt><trkpt lat="37.243709" lon="126.94749"><time>2026-05-17T02:24:41.000Z</time><ele>22.31</ele></trkpt><trkpt lat="37.243705" lon="126.94725"><time>2026-05-17T02:24:42.000Z</time><ele>22.41</ele></trkpt><trkpt lat="37.243701" lon="126.947034"><time>2026-05-17T02:24:43.000Z</time><ele>22.45</ele></trkpt><trkpt lat="37.2437" lon="126.946817"><time>2026-05-17T02:24:44.000Z</time><ele>22.63</ele></trkpt><trkpt lat="37.243707" lon="126.946589"><time>2026-05-17T02:24:45.000Z</time><ele>22.92</ele></trkpt><trkpt lat="37.243708" lon="126.946348"><time>2026-05-17T02:24:46.000Z</time><ele>22.75</ele></trkpt><trkpt lat="37.243727" lon="126.946097"><time>2026-05-17T02:24:47.000Z</time><ele>22.86</ele></trkpt><trkpt lat="37.243731" lon="126.945839"><time>2026-05-17T02:24:48.000Z</time><ele>23.01</ele></trkpt><trkpt lat="37.243725" lon="126.945583"><time>2026-05-17T02:24:49.000Z</time><ele>23.09</ele></trkpt><trkpt lat="37.243716" lon="126.945305"><time>2026-05-17T02:24:50.000Z</time><ele>23.22</ele></trkpt><trkpt lat="37.243695" lon="126.945016"><time>2026-05-17T02:24:51.000Z</time><ele>23.17</ele></trkpt><trkpt lat="37.243682" lon="126.944716"><time>2026-05-17T02:24:52.000Z</time><ele>23.12</ele></trkpt><trkpt lat="37.243679" lon="126.944409"><time>2026-05-17T02:24:53.000Z</time><ele>22.99</ele></trkpt><trkpt lat="37.243677" lon="126.9441"><time>2026-05-17T02:24:54.000Z</time><ele>22.8</ele></trkpt><trkpt lat="37.243675" lon="126.943807"><time>2026-05-17T02:24:55.000Z</time><ele>22.35</ele></trkpt><trkpt lat="37.24367" lon="126.943504"><time>2026-05-17T02:24:56.000Z</time><ele>21.74</ele></trkpt><trkpt lat="37.243673" lon="126.943194"><time>2026-05-17T02:24:57.000Z</time><ele>21.06</ele></trkpt><trkpt lat="37.243671" lon="126.94288"><time>2026-05-17T02:24:58.000Z</time><ele>20.51</ele></trkpt><trkpt lat="37.24367" lon="126.942559"><time>2026-05-17T02:24:59.000Z</time><ele>20.03</ele></trkpt><trkpt lat="37.243666" lon="126.942237"><time>2026-05-17T02:25:00.000Z</time><ele>19.5</ele></trkpt><trkpt lat="37.243663" lon="126.941909"><time>2026-05-17T02:25:01.012Z</time><ele>19.28</ele></trkpt><trkpt lat="37.243659" lon="126.941575"><time>2026-05-17T02:25:02.011Z</time><ele>19.62</ele></trkpt><trkpt lat="37.243656" lon="126.941232"><time>2026-05-17T02:25:03.011Z</time><ele>19.79</ele></trkpt><trkpt lat="37.243651" lon="126.940885"><time>2026-05-17T02:25:04.013Z</time><ele>20.29</ele></trkpt><trkpt lat="37.243647" lon="126.94054"><time>2026-05-17T02:25:05.015Z</time><ele>20.81</ele></trkpt><trkpt lat="37.243664" lon="126.940221"><time>2026-05-17T02:25:06.000Z</time><ele>18.59</ele></trkpt><trkpt lat="37.243661" lon="126.93988"><time>2026-05-17T02:25:07.000Z</time><ele>18.59</ele></trkpt><trkpt lat="37.243651" lon="126.93954"><time>2026-05-17T02:25:08.000Z</time><ele>18.28</ele></trkpt><trkpt lat="37.243645" lon="126.939195"><time>2026-05-17T02:25:09.000Z</time><ele>18.67</ele></trkpt><trkpt lat="37.243646" lon="126.938854"><time>2026-05-17T02:25:10.000Z</time><ele>18.53</ele></trkpt><trkpt lat="37.243625" lon="126.938537"><time>2026-05-17T02:25:11.000Z</time><ele>24.87</ele></trkpt><trkpt lat="37.243624" lon="126.938212"><time>2026-05-17T02:25:12.000Z</time><ele>25.46</ele></trkpt><trkpt lat="37.243625" lon="126.937887"><time>2026-05-17T02:25:13.000Z</time><ele>25.84</ele></trkpt><trkpt lat="37.243623" lon="126.93756"><time>2026-05-17T02:25:14.000Z</time><ele>26.01</ele></trkpt><trkpt lat="37.243622" lon="126.937234"><time>2026-05-17T02:25:15.000Z</time><ele>26.53</ele></trkpt><trkpt lat="37.243618" lon="126.936909"><time>2026-05-17T02:25:16.000Z</time><ele>26.45</ele></trkpt><trkpt lat="37.243615" lon="126.936581"><time>2026-05-17T02:25:17.000Z</time><ele>26.79</ele></trkpt><trkpt lat="37.243615" lon="126.936243"><time>2026-05-17T02:25:18.000Z</time><ele>27.33</ele></trkpt><trkpt lat="37.243611" lon="126.935905"><time>2026-05-17T02:25:19.000Z</time><ele>27.45</ele></trkpt><trkpt lat="37.243607" lon="126.935562"><time>2026-05-17T02:25:20.001Z</time><ele>27.77</ele></trkpt><trkpt lat="37.243604" lon="126.935218"><time>2026-05-17T02:25:21.001Z</time><ele>27.96</ele></trkpt><trkpt lat="37.243606" lon="126.934868"><time>2026-05-17T02:25:22.001Z</time><ele>28.3</ele></trkpt><trkpt lat="37.243601" lon="126.93452"><time>2026-05-17T02:25:23.001Z</time><ele>28.52</ele></trkpt><trkpt lat="37.243594" lon="126.934171"><time>2026-05-17T02:25:24.001Z</time><ele>28.78</ele></trkpt><trkpt lat="37.243597" lon="126.93382"><time>2026-05-17T02:25:25.001Z</time><ele>28.37</ele></trkpt><trkpt lat="37.243593" lon="126.93347"><time>2026-05-17T02:25:26.001Z</time><ele>27.42</ele></trkpt><trkpt lat="37.243593" lon="126.933117"><time>2026-05-17T02:25:27.001Z</time><ele>26.35</ele></trkpt><trkpt lat="37.243595" lon="126.932764"><time>2026-05-17T02:25:28.001Z</time><ele>25.4</ele></trkpt><trkpt lat="37.243592" lon="126.932409"><time>2026-05-17T02:25:29.001Z</time><ele>24.2</ele></trkpt><trkpt lat="37.24359" lon="126.93205"><time>2026-05-17T02:25:30.001Z</time><ele>22.92</ele></trkpt><trkpt lat="37.243585" lon="126.931689"><time>2026-05-17T02:25:31.001Z</time><ele>21.66</ele></trkpt><trkpt lat="37.243582" lon="126.931327"><time>2026-05-17T02:25:32.001Z</time><ele>20.51</ele></trkpt><trkpt lat="37.243579" lon="126.930967"><time>2026-05-17T02:25:33.001Z</time><ele>19.82</ele></trkpt><trkpt lat="37.243575" lon="126.930611"><time>2026-05-17T02:25:34.001Z</time><ele>19</ele></trkpt><trkpt lat="37.243572" lon="126.930255"><time>2026-05-17T02:25:35.001Z</time><ele>18.64</ele></trkpt><trkpt lat="37.24357" lon="126.929885"><time>2026-05-17T02:25:36.001Z</time><ele>18.19</ele></trkpt><trkpt lat="37.243567" lon="126.929521"><time>2026-05-17T02:25:37.001Z</time><ele>18.01</ele></trkpt><trkpt lat="37.243565" lon="126.929159"><time>2026-05-17T02:25:38.001Z</time><ele>18.2</ele></trkpt><trkpt lat="37.243564" lon="126.928798"><time>2026-05-17T02:25:39.001Z</time><ele>18.67</ele></trkpt><trkpt lat="37.243564" lon="126.928443"><time>2026-05-17T02:25:40.001Z</time><ele>19.09</ele></trkpt><trkpt lat="37.243562" lon="126.928091"><time>2026-05-17T02:25:41.001Z</time><ele>18.93</ele></trkpt><trkpt lat="37.243567" lon="126.927739"><time>2026-05-17T02:25:42.001Z</time><ele>19.3</ele></trkpt><trkpt lat="37.243577" lon="126.927384"><time>2026-05-17T02:25:43.001Z</time><ele>19.33</ele></trkpt><trkpt lat="37.24359" lon="126.927019"><time>2026-05-17T02:25:44.001Z</time><ele>19.51</ele></trkpt><trkpt lat="37.243608" lon="126.926657"><time>2026-05-17T02:25:45.001Z</time><ele>19.64</ele></trkpt><trkpt lat="37.243629" lon="126.926299"><time>2026-05-17T02:25:46.001Z</time><ele>19.73</ele></trkpt><trkpt lat="37.243653" lon="126.925938"><time>2026-05-17T02:25:47.001Z</time><ele>20.22</ele></trkpt><trkpt lat="37.243679" lon="126.925576"><time>2026-05-17T02:25:48.001Z</time><ele>20.49</ele></trkpt><trkpt lat="37.243709" lon="126.925213"><time>2026-05-17T02:25:49.001Z</time><ele>21.15</ele></trkpt><trkpt lat="37.243745" lon="126.924852"><time>2026-05-17T02:25:50.001Z</time><ele>21.46</ele></trkpt><trkpt lat="37.243784" lon="126.924501"><time>2026-05-17T02:25:51.001Z</time><ele>21.69</ele></trkpt><trkpt lat="37.243824" lon="126.924155"><time>2026-05-17T02:25:52.001Z</time><ele>21.6</ele></trkpt><trkpt lat="37.243864" lon="126.923826"><time>2026-05-17T02:25:53.001Z</time><ele>21.4</ele></trkpt><trkpt lat="37.243909" lon="126.923509"><time>2026-05-17T02:25:54.001Z</time><ele>21.21</ele></trkpt><trkpt lat="37.243954" lon="126.923193"><time>2026-05-17T02:25:55.001Z</time><ele>20.71</ele></trkpt><trkpt lat="37.243999" lon="126.922891"><time>2026-05-17T02:25:56.001Z</time><ele>20.57</ele></trkpt><trkpt lat="37.244051" lon="126.922592"><time>2026-05-17T02:25:57.001Z</time><ele>20.92</ele></trkpt><trkpt lat="37.244104" lon="126.922301"><time>2026-05-17T02:25:58.001Z</time><ele>20.4</ele></trkpt><trkpt lat="37.244156" lon="126.92203"><time>2026-05-17T02:25:59.001Z</time><ele>20.32</ele></trkpt><trkpt lat="37.244205" lon="126.921768"><time>2026-05-17T02:26:00.001Z</time><ele>20.11</ele></trkpt><trkpt lat="37.24425" lon="126.921515"><time>2026-05-17T02:26:01.001Z</time><ele>19.23</ele></trkpt><trkpt lat="37.244293" lon="126.921275"><time>2026-05-17T02:26:02.001Z</time><ele>19.39</ele></trkpt><trkpt lat="37.24433" lon="126.921048"><time>2026-05-17T02:26:03.001Z</time><ele>19.16</ele></trkpt><trkpt lat="37.244369" lon="126.920827"><time>2026-05-17T02:26:04.001Z</time><ele>19.23</ele></trkpt><trkpt lat="37.244405" lon="126.920617"><time>2026-05-17T02:26:05.001Z</time><ele>19.57</ele></trkpt><trkpt lat="37.244443" lon="126.920415"><time>2026-05-17T02:26:06.001Z</time><ele>19.65</ele></trkpt><trkpt lat="37.244481" lon="126.92022"><time>2026-05-17T02:26:07.001Z</time><ele>19.47</ele></trkpt><trkpt lat="37.244518" lon="126.920017"><time>2026-05-17T02:26:08.001Z</time><ele>19.23</ele></trkpt><trkpt lat="37.244554" lon="126.91981"><time>2026-05-17T02:26:09.001Z</time><ele>19.05</ele></trkpt><trkpt lat="37.244589" lon="126.919601"><time>2026-05-17T02:26:10.001Z</time><ele>18.56</ele></trkpt><trkpt lat="37.244622" lon="126.919405"><time>2026-05-17T02:26:11.001Z</time><ele>18.44</ele></trkpt><trkpt lat="37.244655" lon="126.919223"><time>2026-05-17T02:26:12.001Z</time><ele>18.06</ele></trkpt><trkpt lat="37.244692" lon="126.919049"><time>2026-05-17T02:26:13.001Z</time><ele>17.57</ele></trkpt><trkpt lat="37.244737" lon="126.918882"><time>2026-05-17T02:26:14.001Z</time><ele>17.6</ele></trkpt><trkpt lat="37.244784" lon="126.918709"><time>2026-05-17T02:26:15.001Z</time><ele>17.42</ele></trkpt><trkpt lat="37.244825" lon="126.918526"><time>2026-05-17T02:26:16.001Z</time><ele>16.94</ele></trkpt><trkpt lat="37.244855" lon="126.918331"><time>2026-05-17T02:26:17.001Z</time><ele>17.05</ele></trkpt><trkpt lat="37.244887" lon="126.91814"><time>2026-05-17T02:26:18.001Z</time><ele>16.94</ele></trkpt><trkpt lat="37.244922" lon="126.917954"><time>2026-05-17T02:26:19.001Z</time><ele>16.97</ele></trkpt><trkpt lat="37.244953" lon="126.917764"><time>2026-05-17T02:26:20.001Z</time><ele>16.93</ele></trkpt><trkpt lat="37.244988" lon="126.917565"><time>2026-05-17T02:26:21.001Z</time><ele>16.5</ele></trkpt><trkpt lat="37.245024" lon="126.917363"><time>2026-05-17T02:26:22.001Z</time><ele>16.21</ele></trkpt><trkpt lat="37.245063" lon="126.917144"><time>2026-05-17T02:26:23.001Z</time><ele>16.08</ele></trkpt><trkpt lat="37.2451" lon="126.916911"><time>2026-05-17T02:26:24.001Z</time><ele>15.67</ele></trkpt><trkpt lat="37.245144" lon="126.91667"><time>2026-05-17T02:26:25.002Z</time><ele>15.04</ele></trkpt><trkpt lat="37.245184" lon="126.916436"><time>2026-05-17T02:26:26.002Z</time><ele>14.66</ele></trkpt><trkpt lat="37.245229" lon="126.916189"><time>2026-05-17T02:26:27.002Z</time><ele>14.11</ele></trkpt><trkpt lat="37.245277" lon="126.915941"><time>2026-05-17T02:26:28.002Z</time><ele>13.61</ele></trkpt><trkpt lat="37.245324" lon="126.9157"><time>2026-05-17T02:26:29.002Z</time><ele>13.62</ele></trkpt><trkpt lat="37.245365" lon="126.915456"><time>2026-05-17T02:26:30.002Z</time><ele>13.55</ele></trkpt><trkpt lat="37.245407" lon="126.915211"><time>2026-05-17T02:26:31.002Z</time><ele>13.43</ele></trkpt><trkpt lat="37.245449" lon="126.914971"><time>2026-05-17T02:26:32.002Z</time><ele>13.25</ele></trkpt><trkpt lat="37.245492" lon="126.91474"><time>2026-05-17T02:26:33.002Z</time><ele>12.82</ele></trkpt><trkpt lat="37.245538" lon="126.914499"><time>2026-05-17T02:26:34.002Z</time><ele>13.21</ele></trkpt><trkpt lat="37.245582" lon="126.91427"><time>2026-05-17T02:26:35.002Z</time><ele>13.32</ele></trkpt><trkpt lat="37.245623" lon="126.914046"><time>2026-05-17T02:26:36.002Z</time><ele>13.44</ele></trkpt><trkpt lat="37.245661" lon="126.91382"><time>2026-05-17T02:26:37.002Z</time><ele>13.88</ele></trkpt><trkpt lat="37.245703" lon="126.9136"><time>2026-05-17T02:26:38.002Z</time><ele>14.08</ele></trkpt><trkpt lat="37.245741" lon="126.91339"><time>2026-05-17T02:26:39.000Z</time><ele>14.26</ele></trkpt><trkpt lat="37.24578" lon="126.913174"><time>2026-05-17T02:26:40.000Z</time><ele>14.43</ele></trkpt><trkpt lat="37.245816" lon="126.912945"><time>2026-05-17T02:26:41.000Z</time><ele>14.85</ele></trkpt><trkpt lat="37.245854" lon="126.912721"><time>2026-05-17T02:26:42.000Z</time><ele>15.01</ele></trkpt><trkpt lat="37.245895" lon="126.912497"><time>2026-05-17T02:26:43.000Z</time><ele>15.47</ele></trkpt><trkpt lat="37.245935" lon="126.912287"><time>2026-05-17T02:26:44.000Z</time><ele>16.15</ele></trkpt><trkpt lat="37.245969" lon="126.912096"><time>2026-05-17T02:26:45.000Z</time><ele>16.38</ele></trkpt><trkpt lat="37.246002" lon="126.911912"><time>2026-05-17T02:26:46.000Z</time><ele>16.28</ele></trkpt><trkpt lat="37.246033" lon="126.911713"><time>2026-05-17T02:26:47.000Z</time><ele>16.77</ele></trkpt><trkpt lat="37.24607" lon="126.911523"><time>2026-05-17T02:26:48.000Z</time><ele>17.22</ele></trkpt><trkpt lat="37.246101" lon="126.911346"><time>2026-05-17T02:26:49.000Z</time><ele>17.68</ele></trkpt><trkpt lat="37.246131" lon="126.911167"><time>2026-05-17T02:26:50.000Z</time><ele>18.48</ele></trkpt><trkpt lat="37.246162" lon="126.911"><time>2026-05-17T02:26:51.000Z</time><ele>19.13</ele></trkpt><trkpt lat="37.246193" lon="126.910839"><time>2026-05-17T02:26:52.000Z</time><ele>19.01</ele></trkpt><trkpt lat="37.246229" lon="126.910669"><time>2026-05-17T02:26:53.000Z</time><ele>19.04</ele></trkpt><trkpt lat="37.246269" lon="126.910505"><time>2026-05-17T02:26:54.000Z</time><ele>19.73</ele></trkpt><trkpt lat="37.246309" lon="126.910332"><time>2026-05-17T02:26:55.000Z</time><ele>20.43</ele></trkpt><trkpt lat="37.246356" lon="126.910136"><time>2026-05-17T02:26:56.000Z</time><ele>20.29</ele></trkpt><trkpt lat="37.246415" lon="126.909924"><time>2026-05-17T02:26:57.000Z</time><ele>21.05</ele></trkpt><trkpt lat="37.24648" lon="126.90971"><time>2026-05-17T02:26:58.000Z</time><ele>20.09</ele></trkpt><trkpt lat="37.246545" lon="126.909483"><time>2026-05-17T02:26:59.000Z</time><ele>19.97</ele></trkpt><trkpt lat="37.24662" lon="126.909254"><time>2026-05-17T02:27:00.000Z</time><ele>19.7</ele></trkpt><trkpt lat="37.246694" lon="126.909047"><time>2026-05-17T02:27:01.000Z</time><ele>19.6</ele></trkpt><trkpt lat="37.246772" lon="126.90884"><time>2026-05-17T02:27:02.000Z</time><ele>20.01</ele></trkpt><trkpt lat="37.246853" lon="126.908643"><time>2026-05-17T02:27:03.000Z</time><ele>20.02</ele></trkpt><trkpt lat="37.246942" lon="126.908445"><time>2026-05-17T02:27:04.000Z</time><ele>19.95</ele></trkpt><trkpt lat="37.24703" lon="126.908243"><time>2026-05-17T02:27:05.000Z</time><ele>17.64</ele></trkpt><trkpt lat="37.247127" lon="126.908036"><time>2026-05-17T02:27:06.000Z</time><ele>16.21</ele></trkpt><trkpt lat="37.247234" lon="126.907825"><time>2026-05-17T02:27:07.000Z</time><ele>15.84</ele></trkpt><trkpt lat="37.247347" lon="126.907616"><time>2026-05-17T02:27:08.000Z</time><ele>15.64</ele></trkpt><trkpt lat="37.247469" lon="126.907406"><time>2026-05-17T02:27:09.000Z</time><ele>15.57</ele></trkpt><trkpt lat="37.247593" lon="126.907207"><time>2026-05-17T02:27:10.000Z</time><ele>15.32</ele></trkpt><trkpt lat="37.247721" lon="126.907019"><time>2026-05-17T02:27:11.000Z</time><ele>15.45</ele></trkpt><trkpt lat="37.247845" lon="126.906842"><time>2026-05-17T02:27:12.000Z</time><ele>15.15</ele></trkpt><trkpt lat="37.247969" lon="126.906677"><time>2026-05-17T02:27:13.000Z</time><ele>15.04</ele></trkpt><trkpt lat="37.248093" lon="126.906521"><time>2026-05-17T02:27:14.000Z</time><ele>15.4</ele></trkpt><trkpt lat="37.248218" lon="126.906371"><time>2026-05-17T02:27:15.000Z</time><ele>15.61</ele></trkpt><trkpt lat="37.248348" lon="126.906214"><time>2026-05-17T02:27:16.000Z</time><ele>15.71</ele></trkpt><trkpt lat="37.248479" lon="126.906072"><time>2026-05-17T02:27:17.000Z</time><ele>15.34</ele></trkpt><trkpt lat="37.248612" lon="126.905941"><time>2026-05-17T02:27:18.000Z</time><ele>15.52</ele></trkpt><trkpt lat="37.248745" lon="126.905818"><time>2026-05-17T02:27:19.000Z</time><ele>15.85</ele></trkpt><trkpt lat="37.248863" lon="126.905696"><time>2026-05-17T02:27:20.000Z</time><ele>16.14</ele></trkpt><trkpt lat="37.248976" lon="126.905577"><time>2026-05-17T02:27:21.000Z</time><ele>16.85</ele></trkpt><trkpt lat="37.249077" lon="126.905475"><time>2026-05-17T02:27:22.000Z</time><ele>16.81</ele></trkpt><trkpt lat="37.249165" lon="126.905399"><time>2026-05-17T02:27:23.001Z</time><ele>16.54</ele></trkpt><trkpt lat="37.249256" lon="126.905355"><time>2026-05-17T02:27:24.001Z</time><ele>16.87</ele></trkpt><trkpt lat="37.249353" lon="126.905323"><time>2026-05-17T02:27:25.001Z</time><ele>17.49</ele></trkpt><trkpt lat="37.249444" lon="126.905316"><time>2026-05-17T02:27:26.001Z</time><ele>17.05</ele></trkpt><trkpt lat="37.249532" lon="126.905334"><time>2026-05-17T02:27:27.001Z</time><ele>16.48</ele></trkpt><trkpt lat="37.249624" lon="126.905384"><time>2026-05-17T02:27:28.001Z</time><ele>16.37</ele></trkpt><trkpt lat="37.249707" lon="126.905465"><time>2026-05-17T02:27:29.001Z</time><ele>16.46</ele></trkpt><trkpt lat="37.249779" lon="126.905576"><time>2026-05-17T02:27:30.001Z</time><ele>15.81</ele></trkpt><trkpt lat="37.249825" lon="126.9057"><time>2026-05-17T02:27:31.001Z</time><ele>14.79</ele></trkpt><trkpt lat="37.249845" lon="126.905828"><time>2026-05-17T02:27:32.001Z</time><ele>14.36</ele></trkpt><trkpt lat="37.249837" lon="126.905965"><time>2026-05-17T02:27:33.001Z</time><ele>14.36</ele></trkpt><trkpt lat="37.249802" lon="126.906103"><time>2026-05-17T02:27:34.001Z</time><ele>14.17</ele></trkpt><trkpt lat="37.249738" lon="126.906225"><time>2026-05-17T02:27:35.001Z</time><ele>13.98</ele></trkpt><trkpt lat="37.24965" lon="126.906332"><time>2026-05-17T02:27:36.001Z</time><ele>13.27</ele></trkpt><trkpt lat="37.249546" lon="126.906417"><time>2026-05-17T02:27:37.001Z</time><ele>12.63</ele></trkpt><trkpt lat="37.249434" lon="126.906468"><time>2026-05-17T02:27:38.001Z</time><ele>11.84</ele></trkpt><trkpt lat="37.24932" lon="126.906466"><time>2026-05-17T02:27:39.001Z</time><ele>10.93</ele></trkpt><trkpt lat="37.249209" lon="126.906429"><time>2026-05-17T02:27:40.001Z</time><ele>10.31</ele></trkpt><trkpt lat="37.249103" lon="126.906362"><time>2026-05-17T02:27:41.001Z</time><ele>9.76</ele></trkpt><trkpt lat="37.249008" lon="126.90627"><time>2026-05-17T02:27:42.001Z</time><ele>9.46</ele></trkpt><trkpt lat="37.248937" lon="126.906158"><time>2026-05-17T02:27:43.001Z</time><ele>9.65</ele></trkpt><trkpt lat="37.248882" lon="126.906031"><time>2026-05-17T02:27:44.001Z</time><ele>9.88</ele></trkpt><trkpt lat="37.248841" lon="126.905879"><time>2026-05-17T02:27:45.001Z</time><ele>10.43</ele></trkpt><trkpt lat="37.248807" lon="126.905719"><time>2026-05-17T02:27:46.001Z</time><ele>10.69</ele></trkpt><trkpt lat="37.248772" lon="126.905545"><time>2026-05-17T02:27:47.001Z</time><ele>10.67</ele></trkpt><trkpt lat="37.248747" lon="126.905361"><time>2026-05-17T02:27:48.001Z</time><ele>10.86</ele></trkpt><trkpt lat="37.248716" lon="126.905157"><time>2026-05-17T02:27:49.001Z</time><ele>10.97</ele></trkpt><trkpt lat="37.248686" lon="126.904947"><time>2026-05-17T02:27:50.001Z</time><ele>11</ele></trkpt><trkpt lat="37.248651" lon="126.904723"><time>2026-05-17T02:27:51.001Z</time><ele>11.37</ele></trkpt><trkpt lat="37.248619" lon="126.904498"><time>2026-05-17T02:27:52.001Z</time><ele>11.42</ele></trkpt><trkpt lat="37.248588" lon="126.904276"><time>2026-05-17T02:27:53.001Z</time><ele>11.91</ele></trkpt><trkpt lat="37.248558" lon="126.904049"><time>2026-05-17T02:27:54.001Z</time><ele>12.25</ele></trkpt><trkpt lat="37.248527" lon="126.90382"><time>2026-05-17T02:27:55.001Z</time><ele>12.28</ele></trkpt><trkpt lat="37.248492" lon="126.903584"><time>2026-05-17T02:27:56.001Z</time><ele>12.43</ele></trkpt><trkpt lat="37.248461" lon="126.90335"><time>2026-05-17T02:27:57.001Z</time><ele>12.6</ele></trkpt><trkpt lat="37.248429" lon="126.90312"><time>2026-05-17T02:27:58.001Z</time><ele>12.89</ele></trkpt><trkpt lat="37.248401" lon="126.902911"><time>2026-05-17T02:27:59.001Z</time><ele>13.44</ele></trkpt><trkpt lat="37.248373" lon="126.902714"><time>2026-05-17T02:28:00.001Z</time><ele>11.95</ele></trkpt><trkpt lat="37.248346" lon="126.902524"><time>2026-05-17T02:28:01.001Z</time><ele>11.33</ele></trkpt><trkpt lat="37.248314" lon="126.902326"><time>2026-05-17T02:28:02.001Z</time><ele>10.56</ele></trkpt><trkpt lat="37.248272" lon="126.902117"><time>2026-05-17T02:28:03.001Z</time><ele>10.55</ele></trkpt><trkpt lat="37.248234" lon="126.901905"><time>2026-05-17T02:28:04.001Z</time><ele>10.48</ele></trkpt><trkpt lat="37.248205" lon="126.901695"><time>2026-05-17T02:28:05.001Z</time><ele>10.15</ele></trkpt><trkpt lat="37.248176" lon="126.901494"><time>2026-05-17T02:28:06.001Z</time><ele>10.11</ele></trkpt><trkpt lat="37.248151" lon="126.901299"><time>2026-05-17T02:28:07.001Z</time><ele>9.82</ele></trkpt><trkpt lat="37.248125" lon="126.90111"><time>2026-05-17T02:28:08.001Z</time><ele>9.51</ele></trkpt><trkpt lat="37.248101" lon="126.900936"><time>2026-05-17T02:28:09.001Z</time><ele>9.54</ele></trkpt><trkpt lat="37.248079" lon="126.900769"><time>2026-05-17T02:28:10.001Z</time><ele>9.18</ele></trkpt><trkpt lat="37.248057" lon="126.900596"><time>2026-05-17T02:28:11.001Z</time><ele>9.47</ele></trkpt><trkpt lat="37.248037" lon="126.900441"><time>2026-05-17T02:28:12.001Z</time><ele>9.71</ele></trkpt><trkpt lat="37.248017" lon="126.900293"><time>2026-05-17T02:28:13.001Z</time><ele>9.84</ele></trkpt><trkpt lat="37.247997" lon="126.900159"><time>2026-05-17T02:28:14.001Z</time><ele>10.3</ele></trkpt><trkpt lat="37.247984" lon="126.90003"><time>2026-05-17T02:28:15.001Z</time><ele>9.38</ele></trkpt><trkpt lat="37.247971" lon="126.899913"><time>2026-05-17T02:28:16.001Z</time><ele>9.76</ele></trkpt><trkpt lat="37.247958" lon="126.899806"><time>2026-05-17T02:28:17.001Z</time><ele>9.84</ele></trkpt><trkpt lat="37.247951" lon="126.89971"><time>2026-05-17T02:28:18.001Z</time><ele>10.25</ele></trkpt><trkpt lat="37.247946" lon="126.899626"><time>2026-05-17T02:28:19.001Z</time><ele>10.07</ele></trkpt><trkpt lat="37.247941" lon="126.899539"><time>2026-05-17T02:28:20.001Z</time><ele>10.85</ele></trkpt><trkpt lat="37.247941" lon="126.899446"><time>2026-05-17T02:28:21.001Z</time><ele>11.11</ele></trkpt><trkpt lat="37.247944" lon="126.899357"><time>2026-05-17T02:28:22.001Z</time><ele>11.55</ele></trkpt><trkpt lat="37.247949" lon="126.899263"><time>2026-05-17T02:28:23.001Z</time><ele>11.85</ele></trkpt><trkpt lat="37.247958" lon="126.899153"><time>2026-05-17T02:28:24.001Z</time><ele>12.33</ele></trkpt><trkpt lat="37.247968" lon="126.899029"><time>2026-05-17T02:28:25.001Z</time><ele>12.96</ele></trkpt><trkpt lat="37.247982" lon="126.898881"><time>2026-05-17T02:28:26.001Z</time><ele>13.08</ele></trkpt><trkpt lat="37.248009" lon="126.898731"><time>2026-05-17T02:28:27.001Z</time><ele>13.07</ele></trkpt><trkpt lat="37.24804" lon="126.898597"><time>2026-05-17T02:28:28.001Z</time><ele>13.6</ele></trkpt><trkpt lat="37.248085" lon="126.89845"><time>2026-05-17T02:28:29.002Z</time><ele>14</ele></trkpt><trkpt lat="37.248145" lon="126.898293"><time>2026-05-17T02:28:30.002Z</time><ele>13.97</ele></trkpt><trkpt lat="37.248205" lon="126.898133"><time>2026-05-17T02:28:31.002Z</time><ele>13.92</ele></trkpt><trkpt lat="37.248273" lon="126.897962"><time>2026-05-17T02:28:32.002Z</time><ele>14.3</ele></trkpt><trkpt lat="37.24834" lon="126.897795"><time>2026-05-17T02:28:33.002Z</time><ele>14.6</ele></trkpt><trkpt lat="37.248407" lon="126.897628"><time>2026-05-17T02:28:34.002Z</time><ele>14.81</ele></trkpt><trkpt lat="37.248474" lon="126.897457"><time>2026-05-17T02:28:35.002Z</time><ele>15.36</ele></trkpt><trkpt lat="37.248546" lon="126.897285"><time>2026-05-17T02:28:36.002Z</time><ele>15.53</ele></trkpt><trkpt lat="37.248616" lon="126.897112"><time>2026-05-17T02:28:37.002Z</time><ele>15.75</ele></trkpt><trkpt lat="37.24868" lon="126.89695"><time>2026-05-17T02:28:38.002Z</time><ele>16.37</ele></trkpt><trkpt lat="37.24874" lon="126.896784"><time>2026-05-17T02:28:39.002Z</time><ele>16.54</ele></trkpt><trkpt lat="37.248799" lon="126.896613"><time>2026-05-17T02:28:40.002Z</time><ele>17.42</ele></trkpt><trkpt lat="37.24885" lon="126.896434"><time>2026-05-17T02:28:41.002Z</time><ele>17.37</ele></trkpt><trkpt lat="37.24889" lon="126.896257"><time>2026-05-17T02:28:42.002Z</time><ele>17.39</ele></trkpt><trkpt lat="37.248924" lon="126.896073"><time>2026-05-17T02:28:43.002Z</time><ele>17.06</ele></trkpt><trkpt lat="37.248949" lon="126.895889"><time>2026-05-17T02:28:44.002Z</time><ele>18.2</ele></trkpt><trkpt lat="37.248966" lon="126.895701"><time>2026-05-17T02:28:45.000Z</time><ele>18.98</ele></trkpt><trkpt lat="37.248975" lon="126.89551"><time>2026-05-17T02:28:46.000Z</time><ele>19.44</ele></trkpt><trkpt lat="37.248976" lon="126.895318"><time>2026-05-17T02:28:47.000Z</time><ele>19.63</ele></trkpt><trkpt lat="37.248971" lon="126.895134"><time>2026-05-17T02:28:48.000Z</time><ele>20.17</ele></trkpt><trkpt lat="37.248953" lon="126.894946"><time>2026-05-17T02:28:49.000Z</time><ele>20.01</ele></trkpt><trkpt lat="37.248928" lon="126.894753"><time>2026-05-17T02:28:50.000Z</time><ele>20.42</ele></trkpt><trkpt lat="37.248896" lon="126.89455"><time>2026-05-17T02:28:51.000Z</time><ele>20.59</ele></trkpt><trkpt lat="37.248867" lon="126.894343"><time>2026-05-17T02:28:52.000Z</time><ele>19.68</ele></trkpt><trkpt lat="37.248831" lon="126.894142"><time>2026-05-17T02:28:53.000Z</time><ele>19.85</ele></trkpt><trkpt lat="37.248802" lon="126.893949"><time>2026-05-17T02:28:54.000Z</time><ele>19.19</ele></trkpt><trkpt lat="37.24877" lon="126.893759"><time>2026-05-17T02:28:55.000Z</time><ele>18.63</ele></trkpt><trkpt lat="37.248726" lon="126.893566"><time>2026-05-17T02:28:56.000Z</time><ele>18.05</ele></trkpt><trkpt lat="37.248684" lon="126.893369"><time>2026-05-17T02:28:57.000Z</time><ele>18.06</ele></trkpt><trkpt lat="37.248624" lon="126.893167"><time>2026-05-17T02:28:58.000Z</time><ele>18.82</ele></trkpt><trkpt lat="37.248567" lon="126.892978"><time>2026-05-17T02:28:59.000Z</time><ele>18.07</ele></trkpt><trkpt lat="37.248503" lon="126.892796"><time>2026-05-17T02:29:00.000Z</time><ele>17.68</ele></trkpt><trkpt lat="37.248439" lon="126.892617"><time>2026-05-17T02:29:01.000Z</time><ele>17.52</ele></trkpt><trkpt lat="37.248367" lon="126.892436"><time>2026-05-17T02:29:02.000Z</time><ele>16.61</ele></trkpt><trkpt lat="37.248279" lon="126.892236"><time>2026-05-17T02:29:03.000Z</time><ele>17.17</ele></trkpt><trkpt lat="37.248188" lon="126.892048"><time>2026-05-17T02:29:04.000Z</time><ele>17.28</ele></trkpt><trkpt lat="37.248099" lon="126.891878"><time>2026-05-17T02:29:05.000Z</time><ele>17.14</ele></trkpt><trkpt lat="37.248" lon="126.891711"><time>2026-05-17T02:29:06.000Z</time><ele>16.57</ele></trkpt><trkpt lat="37.24789" lon="126.89155"><time>2026-05-17T02:29:07.000Z</time><ele>16.43</ele></trkpt><trkpt lat="37.247775" lon="126.891391"><time>2026-05-17T02:29:08.000Z</time><ele>16.55</ele></trkpt><trkpt lat="37.247649" lon="126.891238"><time>2026-05-17T02:29:09.000Z</time><ele>16.49</ele></trkpt><trkpt lat="37.247517" lon="126.891085"><time>2026-05-17T02:29:10.000Z</time><ele>15.83</ele></trkpt><trkpt lat="37.247379" lon="126.89094"><time>2026-05-17T02:29:11.000Z</time><ele>14.85</ele></trkpt><trkpt lat="37.247229" lon="126.890796"><time>2026-05-17T02:29:12.000Z</time><ele>14.65</ele></trkpt><trkpt lat="37.247073" lon="126.890671"><time>2026-05-17T02:29:13.000Z</time><ele>14.81</ele></trkpt><trkpt lat="37.24691" lon="126.890551"><time>2026-05-17T02:29:14.000Z</time><ele>14.99</ele></trkpt><trkpt lat="37.246746" lon="126.890435"><time>2026-05-17T02:29:15.000Z</time><ele>14.87</ele></trkpt><trkpt lat="37.246578" lon="126.890326"><time>2026-05-17T02:29:16.000Z</time><ele>15.12</ele></trkpt><trkpt lat="37.24641" lon="126.89022"><time>2026-05-17T02:29:17.000Z</time><ele>15.66</ele></trkpt><trkpt lat="37.246229" lon="126.890109"><time>2026-05-17T02:29:18.000Z</time><ele>16.97</ele></trkpt><trkpt lat="37.246033" lon="126.890006"><time>2026-05-17T02:29:19.000Z</time><ele>18.15</ele></trkpt><trkpt lat="37.245835" lon="126.889905"><time>2026-05-17T02:29:20.000Z</time><ele>19.01</ele></trkpt><trkpt lat="37.245625" lon="126.88979"><time>2026-05-17T02:29:21.000Z</time><ele>20.81</ele></trkpt><trkpt lat="37.245423" lon="126.889659"><time>2026-05-17T02:29:22.000Z</time><ele>22.73</ele></trkpt><trkpt lat="37.245231" lon="126.889541"><time>2026-05-17T02:29:23.000Z</time><ele>24.2</ele></trkpt><trkpt lat="37.245039" lon="126.889424"><time>2026-05-17T02:29:24.000Z</time><ele>25.57</ele></trkpt><trkpt lat="37.244851" lon="126.889309"><time>2026-05-17T02:29:25.000Z</time><ele>26.43</ele></trkpt><trkpt lat="37.244667" lon="126.889195"><time>2026-05-17T02:29:26.000Z</time><ele>26.91</ele></trkpt><trkpt lat="37.244485" lon="126.889086"><time>2026-05-17T02:29:27.001Z</time><ele>27.61</ele></trkpt><trkpt lat="37.244302" lon="126.888977"><time>2026-05-17T02:29:28.001Z</time><ele>27.9</ele></trkpt><trkpt lat="37.244112" lon="126.888867"><time>2026-05-17T02:29:29.001Z</time><ele>28.68</ele></trkpt><trkpt lat="37.243911" lon="126.888744"><time>2026-05-17T02:29:30.001Z</time><ele>28.78</ele></trkpt><trkpt lat="37.243706" lon="126.888608"><time>2026-05-17T02:29:31.001Z</time><ele>29.04</ele></trkpt><trkpt lat="37.243496" lon="126.888472"><time>2026-05-17T02:29:32.001Z</time><ele>29.28</ele></trkpt><trkpt lat="37.243282" lon="126.888323"><time>2026-05-17T02:29:33.001Z</time><ele>28.95</ele></trkpt><trkpt lat="37.243072" lon="126.888158"><time>2026-05-17T02:29:34.001Z</time><ele>29.67</ele></trkpt><trkpt lat="37.242865" lon="126.887963"><time>2026-05-17T02:29:35.001Z</time><ele>30.19</ele></trkpt><trkpt lat="37.242659" lon="126.887745"><time>2026-05-17T02:29:36.001Z</time><ele>30.42</ele></trkpt><trkpt lat="37.242437" lon="126.887524"><time>2026-05-17T02:29:37.001Z</time><ele>30.49</ele></trkpt><trkpt lat="37.242222" lon="126.887288"><time>2026-05-17T02:29:38.001Z</time><ele>31.15</ele></trkpt><trkpt lat="37.242023" lon="126.88704"><time>2026-05-17T02:29:39.001Z</time><ele>32.03</ele></trkpt><trkpt lat="37.241838" lon="126.886798"><time>2026-05-17T02:29:40.001Z</time><ele>31.65</ele></trkpt><trkpt lat="37.241673" lon="126.88656"><time>2026-05-17T02:29:41.001Z</time><ele>31.7</ele></trkpt><trkpt lat="37.241531" lon="126.886328"><time>2026-05-17T02:29:42.001Z</time><ele>32.2</ele></trkpt><trkpt lat="37.241404" lon="126.886108"><time>2026-05-17T02:29:43.001Z</time><ele>31.87</ele></trkpt><trkpt lat="37.241294" lon="126.885911"><time>2026-05-17T02:29:44.001Z</time><ele>30.3</ele></trkpt><trkpt lat="37.241186" lon="126.885718"><time>2026-05-17T02:29:45.001Z</time><ele>29.56</ele></trkpt><trkpt lat="37.241073" lon="126.885531"><time>2026-05-17T02:29:46.001Z</time><ele>28.98</ele></trkpt><trkpt lat="37.240971" lon="126.88532"><time>2026-05-17T02:29:47.001Z</time><ele>29.8</ele></trkpt><trkpt lat="37.240874" lon="126.885089"><time>2026-05-17T02:29:48.001Z</time><ele>29.71</ele></trkpt><trkpt lat="37.240785" lon="126.88486"><time>2026-05-17T02:29:49.001Z</time><ele>29.07</ele></trkpt><trkpt lat="37.240711" lon="126.88462"><time>2026-05-17T02:29:50.001Z</time><ele>29.48</ele></trkpt><trkpt lat="37.240381" lon="126.8835"><time>2026-05-17T02:29:55.001Z</time><ele>28.2</ele></trkpt><trkpt lat="37.240325" lon="126.883308"><time>2026-05-17T02:29:56.001Z</time><ele>28.71</ele></trkpt><trkpt lat="37.240274" lon="126.883129"><time>2026-05-17T02:29:57.001Z</time><ele>28.32</ele></trkpt><trkpt lat="37.240219" lon="126.882947"><time>2026-05-17T02:29:58.001Z</time><ele>27.26</ele></trkpt><trkpt lat="37.240161" lon="126.882754"><time>2026-05-17T02:29:59.001Z</time><ele>26.78</ele></trkpt><trkpt lat="37.240108" lon="126.882562"><time>2026-05-17T02:30:00.001Z</time><ele>26.11</ele></trkpt><trkpt lat="37.240057" lon="126.882382"><time>2026-05-17T02:30:01.001Z</time><ele>25.88</ele></trkpt><trkpt lat="37.240012" lon="126.882223"><time>2026-05-17T02:30:02.001Z</time><ele>26.22</ele></trkpt><trkpt lat="37.239973" lon="126.882081"><time>2026-05-17T02:30:03.001Z</time><ele>24.95</ele></trkpt><trkpt lat="37.239932" lon="126.881949"><time>2026-05-17T02:30:04.001Z</time><ele>24.77</ele></trkpt><trkpt lat="37.239898" lon="126.881828"><time>2026-05-17T02:30:05.001Z</time><ele>24.51</ele></trkpt><trkpt lat="37.239869" lon="126.881715"><time>2026-05-17T02:30:06.001Z</time><ele>24.65</ele></trkpt><trkpt lat="37.239839" lon="126.881613"><time>2026-05-17T02:30:07.001Z</time><ele>23.92</ele></trkpt><trkpt lat="37.239813" lon="126.881518"><time>2026-05-17T02:30:08.001Z</time><ele>23.62</ele></trkpt><trkpt lat="37.239785" lon="126.881415"><time>2026-05-17T02:30:09.001Z</time><ele>23.8</ele></trkpt><trkpt lat="37.239756" lon="126.881309"><time>2026-05-17T02:30:10.001Z</time><ele>23.81</ele></trkpt><trkpt lat="37.239725" lon="126.881195"><time>2026-05-17T02:30:11.001Z</time><ele>23.76</ele></trkpt><trkpt lat="37.2397" lon="126.88108"><time>2026-05-17T02:30:12.001Z</time><ele>24.37</ele></trkpt><trkpt lat="37.239663" lon="126.880972"><time>2026-05-17T02:30:13.001Z</time><ele>25.12</ele></trkpt><trkpt lat="37.239633" lon="126.880866"><time>2026-05-17T02:30:14.001Z</time><ele>25.58</ele></trkpt><trkpt lat="37.239609" lon="126.880738"><time>2026-05-17T02:30:15.001Z</time><ele>26.38</ele></trkpt><trkpt lat="37.239583" lon="126.880623"><time>2026-05-17T02:30:16.001Z</time><ele>26.29</ele></trkpt><trkpt lat="37.239557" lon="126.880508"><time>2026-05-17T02:30:17.001Z</time><ele>26.9</ele></trkpt><trkpt lat="37.239527" lon="126.880384"><time>2026-05-17T02:30:18.001Z</time><ele>26.99</ele></trkpt><trkpt lat="37.2395" lon="126.880245"><time>2026-05-17T02:30:19.001Z</time><ele>27.14</ele></trkpt><trkpt lat="37.239467" lon="126.880114"><time>2026-05-17T02:30:20.001Z</time><ele>27.82</ele></trkpt><trkpt lat="37.239438" lon="126.879979"><time>2026-05-17T02:30:21.001Z</time><ele>28.12</ele></trkpt><trkpt lat="37.239416" lon="126.879844"><time>2026-05-17T02:30:22.001Z</time><ele>28.6</ele></trkpt><trkpt lat="37.239393" lon="126.879696"><time>2026-05-17T02:30:23.001Z</time><ele>28.8</ele></trkpt><trkpt lat="37.239367" lon="126.879539"><time>2026-05-17T02:30:24.001Z</time><ele>29.07</ele></trkpt><trkpt lat="37.239347" lon="126.879364"><time>2026-05-17T02:30:25.001Z</time><ele>29.67</ele></trkpt><trkpt lat="37.239326" lon="126.879181"><time>2026-05-17T02:30:26.001Z</time><ele>30.49</ele></trkpt><trkpt lat="37.23931" lon="126.878989"><time>2026-05-17T02:30:27.001Z</time><ele>30.83</ele></trkpt><trkpt lat="37.239296" lon="126.878786"><time>2026-05-17T02:30:28.001Z</time><ele>31.23</ele></trkpt><trkpt lat="37.239285" lon="126.878574"><time>2026-05-17T02:30:29.001Z</time><ele>31.82</ele></trkpt><trkpt lat="37.239277" lon="126.878352"><time>2026-05-17T02:30:30.001Z</time><ele>32.04</ele></trkpt><trkpt lat="37.239274" lon="126.878141"><time>2026-05-17T02:30:31.001Z</time><ele>32.78</ele></trkpt><trkpt lat="37.239281" lon="126.877916"><time>2026-05-17T02:30:32.001Z</time><ele>32.8</ele></trkpt><trkpt lat="37.239292" lon="126.877688"><time>2026-05-17T02:30:33.001Z</time><ele>33.64</ele></trkpt><trkpt lat="37.239309" lon="126.877453"><time>2026-05-17T02:30:34.001Z</time><ele>33.81</ele></trkpt><trkpt lat="37.239328" lon="126.877214"><time>2026-05-17T02:30:35.001Z</time><ele>35.12</ele></trkpt><trkpt lat="37.239353" lon="126.876969"><time>2026-05-17T02:30:36.002Z</time><ele>35.24</ele></trkpt><trkpt lat="37.239382" lon="126.876723"><time>2026-05-17T02:30:37.002Z</time><ele>35.73</ele></trkpt><trkpt lat="37.239412" lon="126.876475"><time>2026-05-17T02:30:38.002Z</time><ele>35.59</ele></trkpt><trkpt lat="37.239449" lon="126.87622"><time>2026-05-17T02:30:39.002Z</time><ele>36.19</ele></trkpt><trkpt lat="37.239483" lon="126.875971"><time>2026-05-17T02:30:40.002Z</time><ele>36.3</ele></trkpt><trkpt lat="37.239515" lon="126.875741"><time>2026-05-17T02:30:41.002Z</time><ele>37.68</ele></trkpt><trkpt lat="37.239548" lon="126.875512"><time>2026-05-17T02:30:42.002Z</time><ele>37.85</ele></trkpt><trkpt lat="37.239582" lon="126.875278"><time>2026-05-17T02:30:43.002Z</time><ele>37.99</ele></trkpt><trkpt lat="37.239617" lon="126.875034"><time>2026-05-17T02:30:44.002Z</time><ele>38.49</ele></trkpt><trkpt lat="37.239652" lon="126.874776"><time>2026-05-17T02:30:45.002Z</time><ele>38.31</ele></trkpt><trkpt lat="37.239688" lon="126.874511"><time>2026-05-17T02:30:46.002Z</time><ele>38.59</ele></trkpt><trkpt lat="37.239726" lon="126.874239"><time>2026-05-17T02:30:47.002Z</time><ele>38.49</ele></trkpt><trkpt lat="37.239765" lon="126.873961"><time>2026-05-17T02:30:48.002Z</time><ele>38.53</ele></trkpt><trkpt lat="37.239799" lon="126.873684"><time>2026-05-17T02:30:49.002Z</time><ele>39.19</ele></trkpt><trkpt lat="37.239823" lon="126.873396"><time>2026-05-17T02:30:50.002Z</time><ele>39.42</ele></trkpt><trkpt lat="37.239842" lon="126.873102"><time>2026-05-17T02:30:51.000Z</time><ele>39.86</ele></trkpt><trkpt lat="37.239855" lon="126.872804"><time>2026-05-17T02:30:52.000Z</time><ele>40.54</ele></trkpt><trkpt lat="37.239854" lon="126.872501"><time>2026-05-17T02:30:53.000Z</time><ele>40.86</ele></trkpt><trkpt lat="37.239848" lon="126.872196"><time>2026-05-17T02:30:54.000Z</time><ele>40.91</ele></trkpt><trkpt lat="37.239834" lon="126.871893"><time>2026-05-17T02:30:55.000Z</time><ele>41.71</ele></trkpt><trkpt lat="37.239811" lon="126.871603"><time>2026-05-17T02:30:56.000Z</time><ele>42.84</ele></trkpt><trkpt lat="37.239779" lon="126.871305"><time>2026-05-17T02:30:57.000Z</time><ele>43.15</ele></trkpt><trkpt lat="37.239735" lon="126.871008"><time>2026-05-17T02:30:58.000Z</time><ele>43.97</ele></trkpt><trkpt lat="37.23968" lon="126.870707"><time>2026-05-17T02:30:59.000Z</time><ele>44.08</ele></trkpt><trkpt lat="37.23962" lon="126.870405"><time>2026-05-17T02:31:00.000Z</time><ele>45.18</ele></trkpt><trkpt lat="37.239562" lon="126.8701"><time>2026-05-17T02:31:01.000Z</time><ele>45.13</ele></trkpt><trkpt lat="37.239505" lon="126.869794"><time>2026-05-17T02:31:02.000Z</time><ele>45.61</ele></trkpt><trkpt lat="37.239444" lon="126.869492"><time>2026-05-17T02:31:03.000Z</time><ele>46.22</ele></trkpt><trkpt lat="37.239383" lon="126.869191"><time>2026-05-17T02:31:04.000Z</time><ele>46.74</ele></trkpt><trkpt lat="37.239326" lon="126.868894"><time>2026-05-17T02:31:05.000Z</time><ele>46.83</ele></trkpt><trkpt lat="37.239272" lon="126.868595"><time>2026-05-17T02:31:06.000Z</time><ele>47.05</ele></trkpt><trkpt lat="37.239215" lon="126.868297"><time>2026-05-17T02:31:07.000Z</time><ele>47.75</ele></trkpt><trkpt lat="37.239164" lon="126.867995"><time>2026-05-17T02:31:08.000Z</time><ele>47.46</ele></trkpt><trkpt lat="37.239101" lon="126.86769"><time>2026-05-17T02:31:09.000Z</time><ele>46.16</ele></trkpt><trkpt lat="37.239036" lon="126.867379"><time>2026-05-17T02:31:10.000Z</time><ele>44.28</ele></trkpt><trkpt lat="37.238971" lon="126.867056"><time>2026-05-17T02:31:11.000Z</time><ele>43.04</ele></trkpt><trkpt lat="37.238909" lon="126.866736"><time>2026-05-17T02:31:12.000Z</time><ele>41.32</ele></trkpt><trkpt lat="37.238847" lon="126.866412"><time>2026-05-17T02:31:13.000Z</time><ele>40.74</ele></trkpt><trkpt lat="37.238786" lon="126.866091"><time>2026-05-17T02:31:14.000Z</time><ele>38.92</ele></trkpt><trkpt lat="37.238724" lon="126.865791"><time>2026-05-17T02:31:15.000Z</time><ele>38.04</ele></trkpt><trkpt lat="37.238663" lon="126.86551"><time>2026-05-17T02:31:16.000Z</time><ele>36.45</ele></trkpt><trkpt lat="37.238608" lon="126.865237"><time>2026-05-17T02:31:17.000Z</time><ele>35.3</ele></trkpt><trkpt lat="37.238551" lon="126.864976"><time>2026-05-17T02:31:18.000Z</time><ele>33.93</ele></trkpt><trkpt lat="37.238495" lon="126.864711"><time>2026-05-17T02:31:19.000Z</time><ele>33.07</ele></trkpt><trkpt lat="37.238436" lon="126.864437"><time>2026-05-17T02:31:20.000Z</time><ele>32.57</ele></trkpt><trkpt lat="37.238365" lon="126.864163"><time>2026-05-17T02:31:21.000Z</time><ele>32.05</ele></trkpt><trkpt lat="37.238285" lon="126.863892"><time>2026-05-17T02:31:22.000Z</time><ele>30.41</ele></trkpt><trkpt lat="37.238192" lon="126.863622"><time>2026-05-17T02:31:23.000Z</time><ele>29.54</ele></trkpt><trkpt lat="37.238077" lon="126.863365"><time>2026-05-17T02:31:24.000Z</time><ele>29.14</ele></trkpt><trkpt lat="37.237954" lon="126.863115"><time>2026-05-17T02:31:25.000Z</time><ele>28.83</ele></trkpt><trkpt lat="37.237817" lon="126.862882"><time>2026-05-17T02:31:26.000Z</time><ele>28.01</ele></trkpt><trkpt lat="37.237658" lon="126.862674"><time>2026-05-17T02:31:27.000Z</time><ele>27.38</ele></trkpt><trkpt lat="37.237485" lon="126.862481"><time>2026-05-17T02:31:28.000Z</time><ele>27.22</ele></trkpt><trkpt lat="37.237297" lon="126.862304"><time>2026-05-17T02:31:29.000Z</time><ele>26.65</ele></trkpt><trkpt lat="37.237101" lon="126.862143"><time>2026-05-17T02:31:30.000Z</time><ele>25.46</ele></trkpt><trkpt lat="37.236898" lon="126.862009"><time>2026-05-17T02:31:31.000Z</time><ele>24.67</ele></trkpt><trkpt lat="37.236684" lon="126.861894"><time>2026-05-17T02:31:32.000Z</time><ele>24.56</ele></trkpt><trkpt lat="37.236463" lon="126.861795"><time>2026-05-17T02:31:33.000Z</time><ele>23.02</ele></trkpt><trkpt lat="37.236237" lon="126.861702"><time>2026-05-17T02:31:34.001Z</time><ele>22.45</ele></trkpt><trkpt lat="37.236012" lon="126.861625"><time>2026-05-17T02:31:35.001Z</time><ele>22.71</ele></trkpt><trkpt lat="37.235783" lon="126.861559"><time>2026-05-17T02:31:36.001Z</time><ele>21.93</ele></trkpt><trkpt lat="37.235552" lon="126.861495"><time>2026-05-17T02:31:37.001Z</time><ele>21.68</ele></trkpt><trkpt lat="37.23532" lon="126.861426"><time>2026-05-17T02:31:38.001Z</time><ele>21.34</ele></trkpt><trkpt lat="37.235082" lon="126.86135"><time>2026-05-17T02:31:39.001Z</time><ele>21.48</ele></trkpt><trkpt lat="37.234848" lon="126.861265"><time>2026-05-17T02:31:40.001Z</time><ele>21.05</ele></trkpt><trkpt lat="37.234611" lon="126.861186"><time>2026-05-17T02:31:41.001Z</time><ele>20.69</ele></trkpt><trkpt lat="37.234369" lon="126.861106"><time>2026-05-17T02:31:42.001Z</time><ele>20.16</ele></trkpt><trkpt lat="37.234112" lon="126.860998"><time>2026-05-17T02:31:43.001Z</time><ele>20.03</ele></trkpt><trkpt lat="37.233845" lon="126.860908"><time>2026-05-17T02:31:44.001Z</time><ele>19.12</ele></trkpt><trkpt lat="37.233575" lon="126.860831"><time>2026-05-17T02:31:45.001Z</time><ele>18.74</ele></trkpt><trkpt lat="37.233313" lon="126.860751"><time>2026-05-17T02:31:46.001Z</time><ele>17.92</ele></trkpt><trkpt lat="37.233063" lon="126.860673"><time>2026-05-17T02:31:47.001Z</time><ele>17.74</ele></trkpt><trkpt lat="37.232816" lon="126.860599"><time>2026-05-17T02:31:48.001Z</time><ele>18.51</ele></trkpt><trkpt lat="37.232575" lon="126.86053"><time>2026-05-17T02:31:49.001Z</time><ele>18.32</ele></trkpt><trkpt lat="37.232329" lon="126.860458"><time>2026-05-17T02:31:50.001Z</time><ele>18.59</ele></trkpt><trkpt lat="37.232088" lon="126.860388"><time>2026-05-17T02:31:51.001Z</time><ele>19.49</ele></trkpt><trkpt lat="37.231846" lon="126.860317"><time>2026-05-17T02:31:52.001Z</time><ele>20.2</ele></trkpt><trkpt lat="37.231604" lon="126.860246"><time>2026-05-17T02:31:53.001Z</time><ele>20.75</ele></trkpt><trkpt lat="37.23136" lon="126.860184"><time>2026-05-17T02:31:54.001Z</time><ele>21.25</ele></trkpt><trkpt lat="37.231115" lon="126.860129"><time>2026-05-17T02:31:55.001Z</time><ele>21.67</ele></trkpt><trkpt lat="37.230871" lon="126.860093"><time>2026-05-17T02:31:56.001Z</time><ele>21.17</ele></trkpt><trkpt lat="37.230642" lon="126.860068"><time>2026-05-17T02:31:57.001Z</time><ele>21.13</ele></trkpt><trkpt lat="37.23041" lon="126.860044"><time>2026-05-17T02:31:58.001Z</time><ele>19.92</ele></trkpt><trkpt lat="37.230174" lon="126.860032"><time>2026-05-17T02:31:59.001Z</time><ele>20.18</ele></trkpt><trkpt lat="37.229933" lon="126.860016"><time>2026-05-17T02:32:00.001Z</time><ele>20.05</ele></trkpt><trkpt lat="37.229697" lon="126.859983"><time>2026-05-17T02:32:01.001Z</time><ele>20.56</ele></trkpt><trkpt lat="37.229461" lon="126.85994"><time>2026-05-17T02:32:02.001Z</time><ele>20.7</ele></trkpt><trkpt lat="37.22923" lon="126.85989"><time>2026-05-17T02:32:03.001Z</time><ele>21.17</ele></trkpt><trkpt lat="37.229002" lon="126.859825"><time>2026-05-17T02:32:04.001Z</time><ele>20.73</ele></trkpt><trkpt lat="37.22879" lon="126.859736"><time>2026-05-17T02:32:05.001Z</time><ele>20.61</ele></trkpt><trkpt lat="37.228595" lon="126.859634"><time>2026-05-17T02:32:06.001Z</time><ele>20.88</ele></trkpt><trkpt lat="37.228417" lon="126.859518"><time>2026-05-17T02:32:07.001Z</time><ele>20.92</ele></trkpt><trkpt lat="37.228244" lon="126.859396"><time>2026-05-17T02:32:08.001Z</time><ele>20.96</ele></trkpt><trkpt lat="37.228072" lon="126.859266"><time>2026-05-17T02:32:09.001Z</time><ele>21.29</ele></trkpt><trkpt lat="37.227908" lon="126.859124"><time>2026-05-17T02:32:10.001Z</time><ele>21.69</ele></trkpt><trkpt lat="37.227763" lon="126.85898"><time>2026-05-17T02:32:11.001Z</time><ele>21.49</ele></trkpt><trkpt lat="37.227633" lon="126.858839"><time>2026-05-17T02:32:12.001Z</time><ele>22.1</ele></trkpt><trkpt lat="37.227509" lon="126.85869"><time>2026-05-17T02:32:13.001Z</time><ele>23.4</ele></trkpt><trkpt lat="37.227381" lon="126.858531"><time>2026-05-17T02:32:14.001Z</time><ele>23.42</ele></trkpt><trkpt lat="37.22725" lon="126.858361"><time>2026-05-17T02:32:15.001Z</time><ele>23.58</ele></trkpt><trkpt lat="37.227117" lon="126.858186"><time>2026-05-17T02:32:16.001Z</time><ele>23.54</ele></trkpt><trkpt lat="37.226986" lon="126.85801"><time>2026-05-17T02:32:17.001Z</time><ele>24.21</ele></trkpt><trkpt lat="37.226865" lon="126.857847"><time>2026-05-17T02:32:18.001Z</time><ele>24.65</ele></trkpt><trkpt lat="37.22675" lon="126.857696"><time>2026-05-17T02:32:19.001Z</time><ele>24.77</ele></trkpt><trkpt lat="37.226632" lon="126.857532"><time>2026-05-17T02:32:20.001Z</time><ele>24.96</ele></trkpt><trkpt lat="37.226515" lon="126.857374"><time>2026-05-17T02:32:21.001Z</time><ele>24.97</ele></trkpt><trkpt lat="37.226395" lon="126.85721"><time>2026-05-17T02:32:22.001Z</time><ele>25.49</ele></trkpt><trkpt lat="37.226272" lon="126.857043"><time>2026-05-17T02:32:23.001Z</time><ele>25.24</ele></trkpt><trkpt lat="37.226148" lon="126.856877"><time>2026-05-17T02:32:24.001Z</time><ele>26.38</ele></trkpt><trkpt lat="37.226032" lon="126.856717"><time>2026-05-17T02:32:25.001Z</time><ele>27.29</ele></trkpt><trkpt lat="37.225917" lon="126.856552"><time>2026-05-17T02:32:26.001Z</time><ele>28.01</ele></trkpt><trkpt lat="37.225801" lon="126.856378"><time>2026-05-17T02:32:27.001Z</time><ele>29.27</ele></trkpt><trkpt lat="37.225684" lon="126.856195"><time>2026-05-17T02:32:28.001Z</time><ele>30.13</ele></trkpt><trkpt lat="37.225564" lon="126.856009"><time>2026-05-17T02:32:29.001Z</time><ele>30.31</ele></trkpt><trkpt lat="37.225447" lon="126.855818"><time>2026-05-17T02:32:30.001Z</time><ele>31.23</ele></trkpt><trkpt lat="37.225337" lon="126.855625"><time>2026-05-17T02:32:31.001Z</time><ele>32.36</ele></trkpt><trkpt lat="37.225225" lon="126.855428"><time>2026-05-17T02:32:32.001Z</time><ele>33.85</ele></trkpt><trkpt lat="37.225111" lon="126.855224"><time>2026-05-17T02:32:33.001Z</time><ele>34.76</ele></trkpt><trkpt lat="37.224997" lon="126.855012"><time>2026-05-17T02:32:34.001Z</time><ele>36.44</ele></trkpt><trkpt lat="37.224883" lon="126.854792"><time>2026-05-17T02:32:35.001Z</time><ele>37.42</ele></trkpt><trkpt lat="37.22477" lon="126.854566"><time>2026-05-17T02:32:36.001Z</time><ele>38.8</ele></trkpt><trkpt lat="37.224658" lon="126.854343"><time>2026-05-17T02:32:37.001Z</time><ele>39.68</ele></trkpt><trkpt lat="37.224544" lon="126.854116"><time>2026-05-17T02:32:38.001Z</time><ele>41.15</ele></trkpt><trkpt lat="37.224433" lon="126.853896"><time>2026-05-17T02:32:39.001Z</time><ele>42.81</ele></trkpt><trkpt lat="37.224319" lon="126.85367"><time>2026-05-17T02:32:40.001Z</time><ele>43.91</ele></trkpt><trkpt lat="37.224204" lon="126.853439"><time>2026-05-17T02:32:41.001Z</time><ele>45.02</ele></trkpt><trkpt lat="37.224086" lon="126.853205"><time>2026-05-17T02:32:42.001Z</time><ele>46.07</ele></trkpt><trkpt lat="37.223969" lon="126.852971"><time>2026-05-17T02:32:43.001Z</time><ele>47.17</ele></trkpt><trkpt lat="37.223853" lon="126.852736"><time>2026-05-17T02:32:44.001Z</time><ele>48.6</ele></trkpt><trkpt lat="37.223741" lon="126.852496"><time>2026-05-17T02:32:45.002Z</time><ele>49.65</ele></trkpt><trkpt lat="37.223633" lon="126.85225"><time>2026-05-17T02:32:46.002Z</time><ele>50.82</ele></trkpt><trkpt lat="37.223534" lon="126.852002"><time>2026-05-17T02:32:47.002Z</time><ele>51.17</ele></trkpt><trkpt lat="37.223448" lon="126.851748"><time>2026-05-17T02:32:48.002Z</time><ele>52.46</ele></trkpt><trkpt lat="37.223372" lon="126.851492"><time>2026-05-17T02:32:49.002Z</time><ele>53.18</ele></trkpt><trkpt lat="37.223307" lon="126.851243"><time>2026-05-17T02:32:50.002Z</time><ele>54.52</ele></trkpt><trkpt lat="37.223257" lon="126.850986"><time>2026-05-17T02:32:51.002Z</time><ele>55.42</ele></trkpt><trkpt lat="37.223217" lon="126.85073"><time>2026-05-17T02:32:52.002Z</time><ele>55.22</ele></trkpt><trkpt lat="37.223191" lon="126.850468"><time>2026-05-17T02:32:53.002Z</time><ele>56.33</ele></trkpt><trkpt lat="37.223178" lon="126.850212"><time>2026-05-17T02:32:54.002Z</time><ele>57.43</ele></trkpt><trkpt lat="37.223169" lon="126.849958"><time>2026-05-17T02:32:55.002Z</time><ele>58.05</ele></trkpt><trkpt lat="37.223173" lon="126.849699"><time>2026-05-17T02:32:56.002Z</time><ele>57.54</ele></trkpt><trkpt lat="37.223184" lon="126.849435"><time>2026-05-17T02:32:57.000Z</time><ele>57.69</ele></trkpt><trkpt lat="37.223206" lon="126.849176"><time>2026-05-17T02:32:58.000Z</time><ele>57.85</ele></trkpt><trkpt lat="37.223238" lon="126.848918"><time>2026-05-17T02:32:59.000Z</time><ele>58.22</ele></trkpt><trkpt lat="37.223271" lon="126.848664"><time>2026-05-17T02:33:00.000Z</time><ele>58</ele></trkpt><trkpt lat="37.223308" lon="126.848413"><time>2026-05-17T02:33:01.000Z</time><ele>58.2</ele></trkpt><trkpt lat="37.22334" lon="126.848162"><time>2026-05-17T02:33:02.000Z</time><ele>60.15</ele></trkpt><trkpt lat="37.223379" lon="126.847909"><time>2026-05-17T02:33:03.000Z</time><ele>59.54</ele></trkpt><trkpt lat="37.223419" lon="126.847651"><time>2026-05-17T02:33:04.000Z</time><ele>58.5</ele></trkpt><trkpt lat="37.223453" lon="126.84739"><time>2026-05-17T02:33:05.000Z</time><ele>55.81</ele></trkpt><trkpt lat="37.223481" lon="126.847128"><time>2026-05-17T02:33:06.000Z</time><ele>55.92</ele></trkpt><trkpt lat="37.223504" lon="126.846872"><time>2026-05-17T02:33:07.000Z</time><ele>54.89</ele></trkpt><trkpt lat="37.223522" lon="126.846618"><time>2026-05-17T02:33:08.000Z</time><ele>53.81</ele></trkpt><trkpt lat="37.223528" lon="126.846362"><time>2026-05-17T02:33:09.000Z</time><ele>52.62</ele></trkpt><trkpt lat="37.223526" lon="126.8461"><time>2026-05-17T02:33:10.000Z</time><ele>51.52</ele></trkpt><trkpt lat="37.223521" lon="126.845839"><time>2026-05-17T02:33:11.000Z</time><ele>50.44</ele></trkpt><trkpt lat="37.223499" lon="126.845574"><time>2026-05-17T02:33:12.000Z</time><ele>49.28</ele></trkpt><trkpt lat="37.223474" lon="126.845318"><time>2026-05-17T02:33:13.000Z</time><ele>48.84</ele></trkpt><trkpt lat="37.223441" lon="126.845077"><time>2026-05-17T02:33:14.000Z</time><ele>48.33</ele></trkpt><trkpt lat="37.223405" lon="126.844847"><time>2026-05-17T02:33:15.000Z</time><ele>47.74</ele></trkpt><trkpt lat="37.223364" lon="126.844625"><time>2026-05-17T02:33:16.000Z</time><ele>47.05</ele></trkpt><trkpt lat="37.22332" lon="126.844414"><time>2026-05-17T02:33:17.000Z</time><ele>46.69</ele></trkpt><trkpt lat="37.223274" lon="126.844214"><time>2026-05-17T02:33:18.000Z</time><ele>46.29</ele></trkpt><trkpt lat="37.223224" lon="126.844008"><time>2026-05-17T02:33:19.000Z</time><ele>45.66</ele></trkpt><trkpt lat="37.223177" lon="126.843807"><time>2026-05-17T02:33:20.000Z</time><ele>44.88</ele></trkpt><trkpt lat="37.223131" lon="126.843618"><time>2026-05-17T02:33:21.000Z</time><ele>44.02</ele></trkpt><trkpt lat="37.223088" lon="126.843439"><time>2026-05-17T02:33:22.000Z</time><ele>42.84</ele></trkpt><trkpt lat="37.223041" lon="126.843266"><time>2026-05-17T02:33:23.000Z</time><ele>42.81</ele></trkpt><trkpt lat="37.222998" lon="126.843103"><time>2026-05-17T02:33:24.000Z</time><ele>42.93</ele></trkpt><trkpt lat="37.222959" lon="126.842945"><time>2026-05-17T02:33:25.000Z</time><ele>42.74</ele></trkpt><trkpt lat="37.222923" lon="126.842788"><time>2026-05-17T02:33:26.000Z</time><ele>42.71</ele></trkpt><trkpt lat="37.222886" lon="126.84262"><time>2026-05-17T02:33:27.000Z</time><ele>40.95</ele></trkpt><trkpt lat="37.222846" lon="126.842441"><time>2026-05-17T02:33:28.000Z</time><ele>41.28</ele></trkpt><trkpt lat="37.222803" lon="126.842269"><time>2026-05-17T02:33:29.000Z</time><ele>41.04</ele></trkpt><trkpt lat="37.222763" lon="126.842098"><time>2026-05-17T02:33:30.000Z</time><ele>40.02</ele></trkpt><trkpt lat="37.222722" lon="126.841936"><time>2026-05-17T02:33:31.000Z</time><ele>40.14</ele></trkpt><trkpt lat="37.222682" lon="126.84178"><time>2026-05-17T02:33:32.000Z</time><ele>39.83</ele></trkpt><trkpt lat="37.222643" lon="126.841635"><time>2026-05-17T02:33:33.000Z</time><ele>39.56</ele></trkpt><trkpt lat="37.222612" lon="126.841497"><time>2026-05-17T02:33:34.000Z</time><ele>39.57</ele></trkpt><trkpt lat="37.222581" lon="126.841367"><time>2026-05-17T02:33:35.000Z</time><ele>39.35</ele></trkpt><trkpt lat="37.222553" lon="126.841244"><time>2026-05-17T02:33:36.000Z</time><ele>39.5</ele></trkpt><trkpt lat="37.222523" lon="126.841131"><time>2026-05-17T02:33:37.000Z</time><ele>39.47</ele></trkpt><trkpt lat="37.222502" lon="126.841033"><time>2026-05-17T02:33:38.000Z</time><ele>38.73</ele></trkpt><trkpt lat="37.222484" lon="126.840942"><time>2026-05-17T02:33:39.000Z</time><ele>38.48</ele></trkpt><trkpt lat="37.222464" lon="126.840855"><time>2026-05-17T02:33:40.000Z</time><ele>38.57</ele></trkpt><trkpt lat="37.222447" lon="126.840782"><time>2026-05-17T02:33:41.001Z</time><ele>37.98</ele></trkpt><trkpt lat="37.222431" lon="126.840717"><time>2026-05-17T02:33:42.001Z</time><ele>37.78</ele></trkpt><trkpt lat="37.222417" lon="126.840653"><time>2026-05-17T02:33:43.001Z</time><ele>37.98</ele></trkpt><trkpt lat="37.222393" lon="126.840563"><time>2026-05-17T02:33:45.001Z</time><ele>37.08</ele></trkpt><trkpt lat="37.222381" lon="126.8405"><time>2026-05-17T02:33:47.001Z</time><ele>36.9</ele></trkpt><trkpt lat="37.222378" lon="126.840442"><time>2026-05-17T02:34:10.001Z</time><ele>38.85</ele></trkpt><trkpt lat="37.222373" lon="126.840364"><time>2026-05-17T02:34:27.001Z</time><ele>39.44</ele></trkpt><trkpt lat="37.222358" lon="126.840287"><time>2026-05-17T02:34:28.001Z</time><ele>39.48</ele></trkpt><trkpt lat="37.222342" lon="126.840214"><time>2026-05-17T02:34:29.001Z</time><ele>39.33</ele></trkpt><trkpt lat="37.222319" lon="126.840121"><time>2026-05-17T02:34:30.001Z</time><ele>39.13</ele></trkpt><trkpt lat="37.222298" lon="126.84002"><time>2026-05-17T02:34:31.001Z</time><ele>38.96</ele></trkpt><trkpt lat="37.222276" lon="126.839911"><time>2026-05-17T02:34:32.001Z</time><ele>38.25</ele></trkpt><trkpt lat="37.222253" lon="126.839786"><time>2026-05-17T02:34:33.001Z</time><ele>38.33</ele></trkpt><trkpt lat="37.222" lon="126.838482"><time>2026-05-17T02:34:41.001Z</time><ele>37.12</ele></trkpt><trkpt lat="37.221964" lon="126.838293"><time>2026-05-17T02:34:42.001Z</time><ele>37.15</ele></trkpt><trkpt lat="37.221927" lon="126.838097"><time>2026-05-17T02:34:43.001Z</time><ele>37.06</ele></trkpt><trkpt lat="37.221888" lon="126.837895"><time>2026-05-17T02:34:44.001Z</time><ele>37.01</ele></trkpt><trkpt lat="37.221848" lon="126.837688"><time>2026-05-17T02:34:45.001Z</time><ele>36.93</ele></trkpt><trkpt lat="37.221806" lon="126.837471"><time>2026-05-17T02:34:46.001Z</time><ele>35.91</ele></trkpt><trkpt lat="37.221759" lon="126.837247"><time>2026-05-17T02:34:47.001Z</time><ele>35.53</ele></trkpt><trkpt lat="37.221699" lon="126.837007"><time>2026-05-17T02:34:48.001Z</time><ele>35.31</ele></trkpt><trkpt lat="37.221648" lon="126.836758"><time>2026-05-17T02:34:49.001Z</time><ele>35.05</ele></trkpt><trkpt lat="37.221603" lon="126.836523"><time>2026-05-17T02:34:50.001Z</time><ele>34.18</ele></trkpt><trkpt lat="37.221555" lon="126.836284"><time>2026-05-17T02:34:51.001Z</time><ele>34.88</ele></trkpt><trkpt lat="37.221513" lon="126.836043"><time>2026-05-17T02:34:52.001Z</time><ele>35.47</ele></trkpt><trkpt lat="37.221473" lon="126.8358"><time>2026-05-17T02:34:53.001Z</time><ele>34.43</ele></trkpt><trkpt lat="37.221434" lon="126.835541"><time>2026-05-17T02:34:54.002Z</time><ele>34.31</ele></trkpt><trkpt lat="37.221401" lon="126.835272"><time>2026-05-17T02:34:55.002Z</time><ele>33.91</ele></trkpt><trkpt lat="37.22137" lon="126.834993"><time>2026-05-17T02:34:56.002Z</time><ele>33.51</ele></trkpt><trkpt lat="37.221337" lon="126.834705"><time>2026-05-17T02:34:57.002Z</time><ele>33.62</ele></trkpt><trkpt lat="37.221306" lon="126.834413"><time>2026-05-17T02:34:58.002Z</time><ele>33.25</ele></trkpt><trkpt lat="37.22128" lon="126.834119"><time>2026-05-17T02:34:59.002Z</time><ele>33.78</ele></trkpt><trkpt lat="37.221261" lon="126.833822"><time>2026-05-17T02:35:00.002Z</time><ele>34.69</ele></trkpt><trkpt lat="37.22126" lon="126.833525"><time>2026-05-17T02:35:01.002Z</time><ele>34.76</ele></trkpt><trkpt lat="37.221226" lon="126.833232"><time>2026-05-17T02:35:02.002Z</time><ele>34.79</ele></trkpt><trkpt lat="37.221213" lon="126.832943"><time>2026-05-17T02:35:03.000Z</time><ele>36.01</ele></trkpt><trkpt lat="37.2212" lon="126.832672"><time>2026-05-17T02:35:04.000Z</time><ele>37.02</ele></trkpt><trkpt lat="37.221184" lon="126.83241"><time>2026-05-17T02:35:05.000Z</time><ele>37.49</ele></trkpt><trkpt lat="37.221169" lon="126.832149"><time>2026-05-17T02:35:06.000Z</time><ele>38.55</ele></trkpt><trkpt lat="37.221157" lon="126.831882"><time>2026-05-17T02:35:07.000Z</time><ele>39.18</ele></trkpt><trkpt lat="37.221141" lon="126.831615"><time>2026-05-17T02:35:08.000Z</time><ele>39.76</ele></trkpt><trkpt lat="37.221124" lon="126.831345"><time>2026-05-17T02:35:09.000Z</time><ele>40.5</ele></trkpt><trkpt lat="37.221109" lon="126.831075"><time>2026-05-17T02:35:10.000Z</time><ele>41.34</ele></trkpt><trkpt lat="37.221092" lon="126.830806"><time>2026-05-17T02:35:11.000Z</time><ele>42.74</ele></trkpt><trkpt lat="37.221065" lon="126.830533"><time>2026-05-17T02:35:12.000Z</time><ele>43.6</ele></trkpt><trkpt lat="37.221024" lon="126.830262"><time>2026-05-17T02:35:13.000Z</time><ele>45.11</ele></trkpt><trkpt lat="37.220968" lon="126.829987"><time>2026-05-17T02:35:14.000Z</time><ele>45.68</ele></trkpt><trkpt lat="37.220902" lon="126.829714"><time>2026-05-17T02:35:15.000Z</time><ele>46.78</ele></trkpt><trkpt lat="37.220829" lon="126.82944"><time>2026-05-17T02:35:16.000Z</time><ele>47.25</ele></trkpt><trkpt lat="37.220742" lon="126.82918"><time>2026-05-17T02:35:17.000Z</time><ele>47.78</ele></trkpt><trkpt lat="37.220648" lon="126.828925"><time>2026-05-17T02:35:18.000Z</time><ele>49</ele></trkpt><trkpt lat="37.220544" lon="126.828676"><time>2026-05-17T02:35:19.000Z</time><ele>49.28</ele></trkpt><trkpt lat="37.220431" lon="126.828434"><time>2026-05-17T02:35:20.000Z</time><ele>49.68</ele></trkpt><trkpt lat="37.220314" lon="126.828197"><time>2026-05-17T02:35:21.000Z</time><ele>50.11</ele></trkpt><trkpt lat="37.220193" lon="126.827962"><time>2026-05-17T02:35:22.000Z</time><ele>49.82</ele></trkpt><trkpt lat="37.220081" lon="126.827741"><time>2026-05-17T02:35:23.000Z</time><ele>49.6</ele></trkpt><trkpt lat="37.219977" lon="126.827535"><time>2026-05-17T02:35:24.000Z</time><ele>48.61</ele></trkpt><trkpt lat="37.219877" lon="126.827328"><time>2026-05-17T02:35:25.000Z</time><ele>49.5</ele></trkpt><trkpt lat="37.21978" lon="126.827141"><time>2026-05-17T02:35:26.000Z</time><ele>48.56</ele></trkpt><trkpt lat="37.219687" lon="126.826963"><time>2026-05-17T02:35:27.000Z</time><ele>47.94</ele></trkpt><trkpt lat="37.219597" lon="126.826795"><time>2026-05-17T02:35:28.000Z</time><ele>47.32</ele></trkpt><trkpt lat="37.219505" lon="126.826612"><time>2026-05-17T02:35:29.000Z</time><ele>46.27</ele></trkpt><trkpt lat="37.219412" lon="126.826428"><time>2026-05-17T02:35:30.000Z</time><ele>45.96</ele></trkpt><trkpt lat="37.219319" lon="126.826241"><time>2026-05-17T02:35:31.000Z</time><ele>45.16</ele></trkpt><trkpt lat="37.219229" lon="126.826063"><time>2026-05-17T02:35:32.000Z</time><ele>45.68</ele></trkpt><trkpt lat="37.219142" lon="126.825892"><time>2026-05-17T02:35:33.000Z</time><ele>45.7</ele></trkpt><trkpt lat="37.219047" lon="126.825713"><time>2026-05-17T02:35:34.000Z</time><ele>43.36</ele></trkpt><trkpt lat="37.218957" lon="126.825525"><time>2026-05-17T02:35:35.000Z</time><ele>44.45</ele></trkpt><trkpt lat="37.218862" lon="126.825334"><time>2026-05-17T02:35:36.000Z</time><ele>44.4</ele></trkpt><trkpt lat="37.218764" lon="126.825143"><time>2026-05-17T02:35:37.000Z</time><ele>43.69</ele></trkpt><trkpt lat="37.218664" lon="126.824941"><time>2026-05-17T02:35:38.000Z</time><ele>43.19</ele></trkpt><trkpt lat="37.218568" lon="126.824749"><time>2026-05-17T02:35:39.000Z</time><ele>42.96</ele></trkpt><trkpt lat="37.21847" lon="126.824562"><time>2026-05-17T02:35:40.000Z</time><ele>40.97</ele></trkpt><trkpt lat="37.218368" lon="126.824364"><time>2026-05-17T02:35:41.000Z</time><ele>40.34</ele></trkpt><trkpt lat="37.218272" lon="126.824179"><time>2026-05-17T02:35:42.000Z</time><ele>39.68</ele></trkpt><trkpt lat="37.218185" lon="126.823994"><time>2026-05-17T02:35:43.000Z</time><ele>40.16</ele></trkpt><trkpt lat="37.218101" lon="126.823826"><time>2026-05-17T02:35:44.000Z</time><ele>39.84</ele></trkpt><trkpt lat="37.218019" lon="126.823665"><time>2026-05-17T02:35:45.001Z</time><ele>39</ele></trkpt><trkpt lat="37.21794" lon="126.823518"><time>2026-05-17T02:35:46.001Z</time><ele>38.93</ele></trkpt><trkpt lat="37.217864" lon="126.82337"><time>2026-05-17T02:35:47.001Z</time><ele>38</ele></trkpt><trkpt lat="37.217788" lon="126.823219"><time>2026-05-17T02:35:48.001Z</time><ele>36.95</ele></trkpt><trkpt lat="37.217703" lon="126.823051"><time>2026-05-17T02:35:49.001Z</time><ele>36.28</ele></trkpt><trkpt lat="37.217608" lon="126.822868"><time>2026-05-17T02:35:50.001Z</time><ele>35.43</ele></trkpt><trkpt lat="37.21751" lon="126.822678"><time>2026-05-17T02:35:51.001Z</time><ele>34.83</ele></trkpt><trkpt lat="37.217409" lon="126.822472"><time>2026-05-17T02:35:52.001Z</time><ele>34.5</ele></trkpt><trkpt lat="37.217308" lon="126.822268"><time>2026-05-17T02:35:53.001Z</time><ele>33.87</ele></trkpt><trkpt lat="37.217211" lon="126.822073"><time>2026-05-17T02:35:54.001Z</time><ele>34</ele></trkpt><trkpt lat="37.21711" lon="126.821879"><time>2026-05-17T02:35:55.001Z</time><ele>33.45</ele></trkpt><trkpt lat="37.217016" lon="126.821699"><time>2026-05-17T02:35:56.001Z</time><ele>32.89</ele></trkpt><trkpt lat="37.216933" lon="126.821539"><time>2026-05-17T02:35:57.001Z</time><ele>31.95</ele></trkpt><trkpt lat="37.216852" lon="126.821385"><time>2026-05-17T02:35:58.001Z</time><ele>31.69</ele></trkpt><trkpt lat="37.216775" lon="126.82123"><time>2026-05-17T02:35:59.001Z</time><ele>31.95</ele></trkpt><trkpt lat="37.216687" lon="126.821063"><time>2026-05-17T02:36:00.001Z</time><ele>31.61</ele></trkpt><trkpt lat="37.216599" lon="126.820899"><time>2026-05-17T02:36:01.001Z</time><ele>31.83</ele></trkpt><trkpt lat="37.216505" lon="126.820727"><time>2026-05-17T02:36:02.001Z</time><ele>31.04</ele></trkpt><trkpt lat="37.216413" lon="126.820562"><time>2026-05-17T02:36:03.001Z</time><ele>31.1</ele></trkpt><trkpt lat="37.216319" lon="126.820397"><time>2026-05-17T02:36:04.001Z</time><ele>29.98</ele></trkpt><trkpt lat="37.216221" lon="126.820223"><time>2026-05-17T02:36:05.001Z</time><ele>28.87</ele></trkpt><trkpt lat="37.216123" lon="126.820057"><time>2026-05-17T02:36:06.001Z</time><ele>28.79</ele></trkpt><trkpt lat="37.216021" lon="126.819884"><time>2026-05-17T02:36:07.001Z</time><ele>28.54</ele></trkpt><trkpt lat="37.215914" lon="126.819707"><time>2026-05-17T02:36:08.001Z</time><ele>27.59</ele></trkpt><trkpt lat="37.215797" lon="126.81952"><time>2026-05-17T02:36:09.001Z</time><ele>27.57</ele></trkpt><trkpt lat="37.215681" lon="126.819335"><time>2026-05-17T02:36:10.001Z</time><ele>27.4</ele></trkpt><trkpt lat="37.215559" lon="126.819144"><time>2026-05-17T02:36:11.001Z</time><ele>26.84</ele></trkpt><trkpt lat="37.215441" lon="126.818965"><time>2026-05-17T02:36:12.001Z</time><ele>26.75</ele></trkpt><trkpt lat="37.215319" lon="126.818786"><time>2026-05-17T02:36:13.001Z</time><ele>26.54</ele></trkpt><trkpt lat="37.215188" lon="126.818615"><time>2026-05-17T02:36:14.001Z</time><ele>25.91</ele></trkpt><trkpt lat="37.215048" lon="126.818433"><time>2026-05-17T02:36:15.001Z</time><ele>25.46</ele></trkpt><trkpt lat="37.214924" lon="126.818256"><time>2026-05-17T02:36:16.001Z</time><ele>25.65</ele></trkpt><trkpt lat="37.214796" lon="126.818087"><time>2026-05-17T02:36:17.001Z</time><ele>24.32</ele></trkpt><trkpt lat="37.214661" lon="126.817902"><time>2026-05-17T02:36:18.001Z</time><ele>22.53</ele></trkpt><trkpt lat="37.214535" lon="126.817723"><time>2026-05-17T02:36:19.001Z</time><ele>22.41</ele></trkpt><trkpt lat="37.214402" lon="126.817542"><time>2026-05-17T02:36:20.001Z</time><ele>22.19</ele></trkpt><trkpt lat="37.214278" lon="126.817373"><time>2026-05-17T02:36:21.001Z</time><ele>21.12</ele></trkpt><trkpt lat="37.214152" lon="126.817196"><time>2026-05-17T02:36:22.001Z</time><ele>21.55</ele></trkpt><trkpt lat="37.214033" lon="126.817029"><time>2026-05-17T02:36:23.001Z</time><ele>20.71</ele></trkpt><trkpt lat="37.213911" lon="126.816861"><time>2026-05-17T02:36:24.001Z</time><ele>20.48</ele></trkpt><trkpt lat="37.213783" lon="126.816673"><time>2026-05-17T02:36:25.001Z</time><ele>20.13</ele></trkpt><trkpt lat="37.213644" lon="126.816481"><time>2026-05-17T02:36:26.001Z</time><ele>19.16</ele></trkpt><trkpt lat="37.213507" lon="126.816288"><time>2026-05-17T02:36:27.001Z</time><ele>19.51</ele></trkpt><trkpt lat="37.213368" lon="126.816088"><time>2026-05-17T02:36:28.001Z</time><ele>19.57</ele></trkpt><trkpt lat="37.213226" lon="126.815886"><time>2026-05-17T02:36:29.001Z</time><ele>18.91</ele></trkpt><trkpt lat="37.213086" lon="126.815676"><time>2026-05-17T02:36:30.001Z</time><ele>19.19</ele></trkpt><trkpt lat="37.212948" lon="126.81545"><time>2026-05-17T02:36:31.001Z</time><ele>19.12</ele></trkpt><trkpt lat="37.212788" lon="126.815229"><time>2026-05-17T02:36:32.001Z</time><ele>19.51</ele></trkpt><trkpt lat="37.212625" lon="126.815011"><time>2026-05-17T02:36:33.001Z</time><ele>20.07</ele></trkpt><trkpt lat="37.212476" lon="126.814801"><time>2026-05-17T02:36:34.001Z</time><ele>20.56</ele></trkpt><trkpt lat="37.212328" lon="126.814596"><time>2026-05-17T02:36:35.001Z</time><ele>20.93</ele></trkpt><trkpt lat="37.21219" lon="126.814395"><time>2026-05-17T02:36:36.001Z</time><ele>21.83</ele></trkpt><trkpt lat="37.212058" lon="126.814198"><time>2026-05-17T02:36:37.001Z</time><ele>21.29</ele></trkpt><trkpt lat="37.211927" lon="126.813997"><time>2026-05-17T02:36:38.001Z</time><ele>21.16</ele></trkpt><trkpt lat="37.211795" lon="126.813796"><time>2026-05-17T02:36:39.001Z</time><ele>21.2</ele></trkpt><trkpt lat="37.211656" lon="126.813596"><time>2026-05-17T02:36:40.001Z</time><ele>21.24</ele></trkpt><trkpt lat="37.211507" lon="126.813393"><time>2026-05-17T02:36:41.001Z</time><ele>21.93</ele></trkpt><trkpt lat="37.211372" lon="126.813176"><time>2026-05-17T02:36:42.001Z</time><ele>22.45</ele></trkpt><trkpt lat="37.211234" lon="126.812951"><time>2026-05-17T02:36:43.001Z</time><ele>22.48</ele></trkpt><trkpt lat="37.211094" lon="126.812719"><time>2026-05-17T02:36:44.001Z</time><ele>23.32</ele></trkpt><trkpt lat="37.210954" lon="126.812481"><time>2026-05-17T02:36:45.001Z</time><ele>23.48</ele></trkpt><trkpt lat="37.210818" lon="126.812248"><time>2026-05-17T02:36:46.001Z</time><ele>22.83</ele></trkpt><trkpt lat="37.210684" lon="126.812015"><time>2026-05-17T02:36:47.001Z</time><ele>22.9</ele></trkpt><trkpt lat="37.210555" lon="126.811783"><time>2026-05-17T02:36:48.001Z</time><ele>22.91</ele></trkpt><trkpt lat="37.210422" lon="126.81155"><time>2026-05-17T02:36:49.001Z</time><ele>22.76</ele></trkpt><trkpt lat="37.21029" lon="126.811317"><time>2026-05-17T02:36:50.001Z</time><ele>22.42</ele></trkpt><trkpt lat="37.210157" lon="126.811086"><time>2026-05-17T02:36:51.001Z</time><ele>21.87</ele></trkpt><trkpt lat="37.210026" lon="126.810852"><time>2026-05-17T02:36:52.001Z</time><ele>22.25</ele></trkpt><trkpt lat="37.209894" lon="126.810621"><time>2026-05-17T02:36:53.001Z</time><ele>22.15</ele></trkpt><trkpt lat="37.209761" lon="126.810391"><time>2026-05-17T02:36:54.001Z</time><ele>22.12</ele></trkpt><trkpt lat="37.209632" lon="126.81016"><time>2026-05-17T02:36:55.001Z</time><ele>22.36</ele></trkpt><trkpt lat="37.209501" lon="126.809936"><time>2026-05-17T02:36:56.001Z</time><ele>22.12</ele></trkpt><trkpt lat="37.209367" lon="126.809702"><time>2026-05-17T02:36:57.001Z</time><ele>22.14</ele></trkpt><trkpt lat="37.20923" lon="126.809466"><time>2026-05-17T02:36:58.001Z</time><ele>22.25</ele></trkpt><trkpt lat="37.209087" lon="126.809222"><time>2026-05-17T02:36:59.001Z</time><ele>22.14</ele></trkpt><trkpt lat="37.208951" lon="126.809001"><time>2026-05-17T02:37:00.001Z</time><ele>21.4</ele></trkpt><trkpt lat="37.208812" lon="126.808761"><time>2026-05-17T02:37:01.002Z</time><ele>22.37</ele></trkpt><trkpt lat="37.208668" lon="126.808522"><time>2026-05-17T02:37:02.002Z</time><ele>22.21</ele></trkpt><trkpt lat="37.208524" lon="126.808293"><time>2026-05-17T02:37:03.002Z</time><ele>22.49</ele></trkpt><trkpt lat="37.208382" lon="126.80807"><time>2026-05-17T02:37:04.002Z</time><ele>22.2</ele></trkpt><trkpt lat="37.208242" lon="126.807845"><time>2026-05-17T02:37:05.002Z</time><ele>21.87</ele></trkpt><trkpt lat="37.208105" lon="126.807626"><time>2026-05-17T02:37:06.002Z</time><ele>21.81</ele></trkpt><trkpt lat="37.207969" lon="126.807412"><time>2026-05-17T02:37:07.002Z</time><ele>21.01</ele></trkpt><trkpt lat="37.207843" lon="126.807218"><time>2026-05-17T02:37:08.002Z</time><ele>20.66</ele></trkpt><trkpt lat="37.207727" lon="126.807033"><time>2026-05-17T02:37:09.000Z</time><ele>20.07</ele></trkpt><trkpt lat="37.207616" lon="126.806866"><time>2026-05-17T02:37:10.000Z</time><ele>19.48</ele></trkpt><trkpt lat="37.207418" lon="126.806564"><time>2026-05-17T02:37:12.000Z</time><ele>18.67</ele></trkpt><trkpt lat="37.207339" lon="126.806443"><time>2026-05-17T02:37:13.000Z</time><ele>18.48</ele></trkpt><trkpt lat="37.207269" lon="126.806323"><time>2026-05-17T02:37:14.000Z</time><ele>17.35</ele></trkpt><trkpt lat="37.207205" lon="126.806194"><time>2026-05-17T02:37:15.000Z</time><ele>18.1</ele></trkpt><trkpt lat="37.207131" lon="126.806071"><time>2026-05-17T02:37:16.000Z</time><ele>17.76</ele></trkpt><trkpt lat="37.20706" lon="126.805966"><time>2026-05-17T02:37:17.000Z</time><ele>17.43</ele></trkpt><trkpt lat="37.206995" lon="126.805872"><time>2026-05-17T02:37:18.000Z</time><ele>17.35</ele></trkpt><trkpt lat="37.206939" lon="126.805782"><time>2026-05-17T02:37:19.000Z</time><ele>17.49</ele></trkpt><trkpt lat="37.206892" lon="126.805711"><time>2026-05-17T02:37:20.000Z</time><ele>16.96</ele></trkpt><trkpt lat="37.206853" lon="126.805649"><time>2026-05-17T02:37:21.000Z</time><ele>17</ele></trkpt><trkpt lat="37.206824" lon="126.805601"><time>2026-05-17T02:37:22.000Z</time><ele>17.09</ele></trkpt><trkpt lat="37.206795" lon="126.805538"><time>2026-05-17T02:37:24.000Z</time><ele>18.11</ele></trkpt><trkpt lat="37.206755" lon="126.805462"><time>2026-05-17T02:37:34.000Z</time><ele>19.89</ele></trkpt><trkpt lat="37.206722" lon="126.805414"><time>2026-05-17T02:37:35.000Z</time><ele>19.91</ele></trkpt><trkpt lat="37.206684" lon="126.805354"><time>2026-05-17T02:37:36.000Z</time><ele>19.95</ele></trkpt><trkpt lat="37.206645" lon="126.805295"><time>2026-05-17T02:37:37.000Z</time><ele>20.44</ele></trkpt><trkpt lat="37.2066" lon="126.80522"><time>2026-05-17T02:37:38.000Z</time><ele>20.11</ele></trkpt><trkpt lat="37.206548" lon="126.805138"><time>2026-05-17T02:37:39.000Z</time><ele>19.94</ele></trkpt><trkpt lat="37.206489" lon="126.80504"><time>2026-05-17T02:37:40.000Z</time><ele>19.7</ele></trkpt><trkpt lat="37.206433" lon="126.804939"><time>2026-05-17T02:37:41.000Z</time><ele>19.89</ele></trkpt><trkpt lat="37.206374" lon="126.804833"><time>2026-05-17T02:37:42.000Z</time><ele>19.17</ele></trkpt><trkpt lat="37.206301" lon="126.804706"><time>2026-05-17T02:37:43.000Z</time><ele>19.55</ele></trkpt><trkpt lat="37.206224" lon="126.804587"><time>2026-05-17T02:37:44.000Z</time><ele>19.95</ele></trkpt><trkpt lat="37.206152" lon="126.804476"><time>2026-05-17T02:37:45.000Z</time><ele>19.2</ele></trkpt><trkpt lat="37.206071" lon="126.804353"><time>2026-05-17T02:37:46.000Z</time><ele>18.67</ele></trkpt><trkpt lat="37.205984" lon="126.804218"><time>2026-05-17T02:37:47.000Z</time><ele>19.32</ele></trkpt><trkpt lat="37.205893" lon="126.804082"><time>2026-05-17T02:37:48.000Z</time><ele>19.75</ele></trkpt><trkpt lat="37.205801" lon="126.803943"><time>2026-05-17T02:37:49.000Z</time><ele>18.6</ele></trkpt><trkpt lat="37.205702" lon="126.803788"><time>2026-05-17T02:37:50.000Z</time><ele>18.13</ele></trkpt><trkpt lat="37.205602" lon="126.80363"><time>2026-05-17T02:37:51.000Z</time><ele>18.46</ele></trkpt><trkpt lat="37.205509" lon="126.803485"><time>2026-05-17T02:37:52.000Z</time><ele>18.27</ele></trkpt><trkpt lat="37.20542" lon="126.803337"><time>2026-05-17T02:37:53.000Z</time><ele>18.71</ele></trkpt><trkpt lat="37.205326" lon="126.803195"><time>2026-05-17T02:37:54.000Z</time><ele>18.36</ele></trkpt><trkpt lat="37.205228" lon="126.803037"><time>2026-05-17T02:37:55.000Z</time><ele>17.86</ele></trkpt><trkpt lat="37.205124" lon="126.802879"><time>2026-05-17T02:37:56.000Z</time><ele>17.52</ele></trkpt><trkpt lat="37.205028" lon="126.80273"><time>2026-05-17T02:37:57.000Z</time><ele>17.84</ele></trkpt><trkpt lat="37.204933" lon="126.802583"><time>2026-05-17T02:37:58.000Z</time><ele>17.58</ele></trkpt><trkpt lat="37.204834" lon="126.802427"><time>2026-05-17T02:37:59.001Z</time><ele>16.67</ele></trkpt><trkpt lat="37.204725" lon="126.802259"><time>2026-05-17T02:38:00.001Z</time><ele>16.59</ele></trkpt><trkpt lat="37.204613" lon="126.802085"><time>2026-05-17T02:38:01.001Z</time><ele>16.76</ele></trkpt><trkpt lat="37.204495" lon="126.801902"><time>2026-05-17T02:38:02.001Z</time><ele>16.1</ele></trkpt><trkpt lat="37.204372" lon="126.801715"><time>2026-05-17T02:38:03.001Z</time><ele>16.27</ele></trkpt><trkpt lat="37.204249" lon="126.801535"><time>2026-05-17T02:38:04.001Z</time><ele>15.76</ele></trkpt><trkpt lat="37.204123" lon="126.801345"><time>2026-05-17T02:38:05.001Z</time><ele>15.82</ele></trkpt><trkpt lat="37.203984" lon="126.801153"><time>2026-05-17T02:38:06.001Z</time><ele>15.7</ele></trkpt><trkpt lat="37.203826" lon="126.800951"><time>2026-05-17T02:38:07.001Z</time><ele>15.32</ele></trkpt><trkpt lat="37.203222" lon="126.799982"><time>2026-05-17T02:38:11.001Z</time><ele>14.85</ele></trkpt><trkpt lat="37.203089" lon="126.799718"><time>2026-05-17T02:38:12.001Z</time><ele>15.48</ele></trkpt><trkpt lat="37.202979" lon="126.799442"><time>2026-05-17T02:38:13.001Z</time><ele>16.04</ele></trkpt><trkpt lat="37.2029" lon="126.799144"><time>2026-05-17T02:38:14.001Z</time><ele>17.06</ele></trkpt><trkpt lat="37.202829" lon="126.798835"><time>2026-05-17T02:38:15.001Z</time><ele>17.73</ele></trkpt><trkpt lat="37.202777" lon="126.798516"><time>2026-05-17T02:38:16.001Z</time><ele>18.88</ele></trkpt><trkpt lat="37.202749" lon="126.798181"><time>2026-05-17T02:38:17.001Z</time><ele>20.4</ele></trkpt><trkpt lat="37.202745" lon="126.797841"><time>2026-05-17T02:38:18.001Z</time><ele>21.95</ele></trkpt><trkpt lat="37.202762" lon="126.797505"><time>2026-05-17T02:38:19.001Z</time><ele>23.02</ele></trkpt><trkpt lat="37.202781" lon="126.797167"><time>2026-05-17T02:38:20.001Z</time><ele>24.2</ele></trkpt><trkpt lat="37.202807" lon="126.796836"><time>2026-05-17T02:38:21.001Z</time><ele>25.46</ele></trkpt><trkpt lat="37.202831" lon="126.796512"><time>2026-05-17T02:38:22.001Z</time><ele>26.6</ele></trkpt><trkpt lat="37.202852" lon="126.796193"><time>2026-05-17T02:38:23.001Z</time><ele>28.15</ele></trkpt><trkpt lat="37.202876" lon="126.795877"><time>2026-05-17T02:38:24.001Z</time><ele>29.84</ele></trkpt><trkpt lat="37.202897" lon="126.795551"><time>2026-05-17T02:38:25.001Z</time><ele>31.47</ele></trkpt><trkpt lat="37.20293" lon="126.795232"><time>2026-05-17T02:38:26.001Z</time><ele>33.07</ele></trkpt><trkpt lat="37.202933" lon="126.79491"><time>2026-05-17T02:38:27.001Z</time><ele>34.95</ele></trkpt><trkpt lat="37.202933" lon="126.794592"><time>2026-05-17T02:38:28.001Z</time><ele>36.3</ele></trkpt><trkpt lat="37.202915" lon="126.794265"><time>2026-05-17T02:38:29.001Z</time><ele>37.96</ele></trkpt><trkpt lat="37.202881" lon="126.793941"><time>2026-05-17T02:38:30.001Z</time><ele>39.42</ele></trkpt><trkpt lat="37.202836" lon="126.793617"><time>2026-05-17T02:38:31.001Z</time><ele>40.47</ele></trkpt><trkpt lat="37.202779" lon="126.793297"><time>2026-05-17T02:38:32.001Z</time><ele>41.6</ele></trkpt><trkpt lat="37.202707" lon="126.792974"><time>2026-05-17T02:38:33.001Z</time><ele>42.49</ele></trkpt><trkpt lat="37.202625" lon="126.79265"><time>2026-05-17T02:38:34.001Z</time><ele>43.02</ele></trkpt><trkpt lat="37.202539" lon="126.792326"><time>2026-05-17T02:38:35.001Z</time><ele>43.73</ele></trkpt><trkpt lat="37.202454" lon="126.792005"><time>2026-05-17T02:38:36.001Z</time><ele>44.18</ele></trkpt><trkpt lat="37.20237" lon="126.791691"><time>2026-05-17T02:38:37.001Z</time><ele>44.36</ele></trkpt><trkpt lat="37.20229" lon="126.791387"><time>2026-05-17T02:38:38.001Z</time><ele>44.45</ele></trkpt><trkpt lat="37.20222" lon="126.791099"><time>2026-05-17T02:38:39.001Z</time><ele>44.47</ele></trkpt><trkpt lat="37.202172" lon="126.790811"><time>2026-05-17T02:38:40.001Z</time><ele>44.7</ele></trkpt><trkpt lat="37.202161" lon="126.790529"><time>2026-05-17T02:38:41.001Z</time><ele>44.78</ele></trkpt><trkpt lat="37.202162" lon="126.790246"><time>2026-05-17T02:38:42.001Z</time><ele>44.79</ele></trkpt><trkpt lat="37.202182" lon="126.789976"><time>2026-05-17T02:38:43.001Z</time><ele>44.62</ele></trkpt><trkpt lat="37.202212" lon="126.789731"><time>2026-05-17T02:38:44.001Z</time><ele>43.71</ele></trkpt><trkpt lat="37.202256" lon="126.78949"><time>2026-05-17T02:38:45.001Z</time><ele>43.5</ele></trkpt><trkpt lat="37.20232" lon="126.789246"><time>2026-05-17T02:38:46.001Z</time><ele>42.76</ele></trkpt><trkpt lat="37.202391" lon="126.789011"><time>2026-05-17T02:38:47.001Z</time><ele>41.81</ele></trkpt><trkpt lat="37.202464" lon="126.788783"><time>2026-05-17T02:38:48.001Z</time><ele>40.92</ele></trkpt><trkpt lat="37.202544" lon="126.788573"><time>2026-05-17T02:38:49.001Z</time><ele>40.12</ele></trkpt><trkpt lat="37.202634" lon="126.78838"><time>2026-05-17T02:38:50.001Z</time><ele>38.82</ele></trkpt><trkpt lat="37.202734" lon="126.788181"><time>2026-05-17T02:38:51.001Z</time><ele>37.17</ele></trkpt><trkpt lat="37.202837" lon="126.787992"><time>2026-05-17T02:38:52.001Z</time><ele>35.64</ele></trkpt><trkpt lat="37.202949" lon="126.787797"><time>2026-05-17T02:38:53.001Z</time><ele>34.37</ele></trkpt><trkpt lat="37.203066" lon="126.787592"><time>2026-05-17T02:38:54.001Z</time><ele>32.9</ele></trkpt><trkpt lat="37.203186" lon="126.787379"><time>2026-05-17T02:38:55.001Z</time><ele>31.44</ele></trkpt><trkpt lat="37.203313" lon="126.787161"><time>2026-05-17T02:38:56.001Z</time><ele>30.59</ele></trkpt><trkpt lat="37.203449" lon="126.78693"><time>2026-05-17T02:38:57.001Z</time><ele>28.6</ele></trkpt><trkpt lat="37.203585" lon="126.78669"><time>2026-05-17T02:38:58.001Z</time><ele>27.48</ele></trkpt><trkpt lat="37.203718" lon="126.786454"><time>2026-05-17T02:38:59.001Z</time><ele>26.3</ele></trkpt><trkpt lat="37.203843" lon="126.78623"><time>2026-05-17T02:39:00.001Z</time><ele>25.77</ele></trkpt><trkpt lat="37.203958" lon="126.786012"><time>2026-05-17T02:39:01.001Z</time><ele>24.35</ele></trkpt><trkpt lat="37.204078" lon="126.785787"><time>2026-05-17T02:39:02.001Z</time><ele>23.92</ele></trkpt><trkpt lat="37.2042" lon="126.785559"><time>2026-05-17T02:39:03.001Z</time><ele>23.08</ele></trkpt><trkpt lat="37.204333" lon="126.785326"><time>2026-05-17T02:39:04.001Z</time><ele>21.91</ele></trkpt><trkpt lat="37.204462" lon="126.785087"><time>2026-05-17T02:39:05.001Z</time><ele>20.7</ele></trkpt><trkpt lat="37.204594" lon="126.784848"><time>2026-05-17T02:39:06.001Z</time><ele>20.36</ele></trkpt><trkpt lat="37.204729" lon="126.784611"><time>2026-05-17T02:39:07.001Z</time><ele>20.56</ele></trkpt><trkpt lat="37.204864" lon="126.784365"><time>2026-05-17T02:39:08.001Z</time><ele>19.52</ele></trkpt><trkpt lat="37.205" lon="126.78412"><time>2026-05-17T02:39:09.001Z</time><ele>19.17</ele></trkpt><trkpt lat="37.20514" lon="126.78387"><time>2026-05-17T02:39:10.001Z</time><ele>18.3</ele></trkpt><trkpt lat="37.205273" lon="126.783622"><time>2026-05-17T02:39:11.001Z</time><ele>17.53</ele></trkpt><trkpt lat="37.205398" lon="126.783384"><time>2026-05-17T02:39:12.001Z</time><ele>17.15</ele></trkpt><trkpt lat="37.205513" lon="126.783142"><time>2026-05-17T02:39:13.001Z</time><ele>16.01</ele></trkpt><trkpt lat="37.205623" lon="126.782892"><time>2026-05-17T02:39:14.001Z</time><ele>15.41</ele></trkpt><trkpt lat="37.205722" lon="126.782638"><time>2026-05-17T02:39:15.000Z</time><ele>15.55</ele></trkpt><trkpt lat="37.205821" lon="126.782381"><time>2026-05-17T02:39:16.000Z</time><ele>15.79</ele></trkpt><trkpt lat="37.20591" lon="126.782138"><time>2026-05-17T02:39:17.000Z</time><ele>15.61</ele></trkpt><trkpt lat="37.20599" lon="126.78191"><time>2026-05-17T02:39:18.000Z</time><ele>15.56</ele></trkpt><trkpt lat="37.206056" lon="126.7817"><time>2026-05-17T02:39:19.000Z</time><ele>15.79</ele></trkpt><trkpt lat="37.206119" lon="126.781499"><time>2026-05-17T02:39:20.000Z</time><ele>16.3</ele></trkpt><trkpt lat="37.206185" lon="126.781288"><time>2026-05-17T02:39:21.000Z</time><ele>16.56</ele></trkpt><trkpt lat="37.206248" lon="126.781068"><time>2026-05-17T02:39:22.000Z</time><ele>15.88</ele></trkpt><trkpt lat="37.206301" lon="126.780821"><time>2026-05-17T02:39:23.000Z</time><ele>15.88</ele></trkpt><trkpt lat="37.206357" lon="126.780569"><time>2026-05-17T02:39:24.000Z</time><ele>16.07</ele></trkpt><trkpt lat="37.206406" lon="126.780314"><time>2026-05-17T02:39:25.000Z</time><ele>15.81</ele></trkpt><trkpt lat="37.206457" lon="126.780044"><time>2026-05-17T02:39:26.000Z</time><ele>15.54</ele></trkpt><trkpt lat="37.206507" lon="126.779774"><time>2026-05-17T02:39:27.000Z</time><ele>15.71</ele></trkpt><trkpt lat="37.206545" lon="126.779526"><time>2026-05-17T02:39:28.000Z</time><ele>15.2</ele></trkpt><trkpt lat="37.206584" lon="126.779281"><time>2026-05-17T02:39:29.000Z</time><ele>14.85</ele></trkpt><trkpt lat="37.206624" lon="126.779026"><time>2026-05-17T02:39:30.000Z</time><ele>14.27</ele></trkpt><trkpt lat="37.206663" lon="126.778792"><time>2026-05-17T02:39:31.000Z</time><ele>14.08</ele></trkpt><trkpt lat="37.206701" lon="126.778555"><time>2026-05-17T02:39:32.000Z</time><ele>14.32</ele></trkpt><trkpt lat="37.206734" lon="126.778335"><time>2026-05-17T02:39:33.000Z</time><ele>13.78</ele></trkpt><trkpt lat="37.206767" lon="126.778114"><time>2026-05-17T02:39:34.000Z</time><ele>13.69</ele></trkpt><trkpt lat="37.206795" lon="126.7779"><time>2026-05-17T02:39:35.000Z</time><ele>13.46</ele></trkpt><trkpt lat="37.206827" lon="126.777668"><time>2026-05-17T02:39:36.000Z</time><ele>13.04</ele></trkpt><trkpt lat="37.206852" lon="126.777455"><time>2026-05-17T02:39:37.000Z</time><ele>13.32</ele></trkpt><trkpt lat="37.206877" lon="126.777237"><time>2026-05-17T02:39:38.000Z</time><ele>12.8</ele></trkpt><trkpt lat="37.206905" lon="126.777025"><time>2026-05-17T02:39:39.000Z</time><ele>13.19</ele></trkpt><trkpt lat="37.206931" lon="126.776825"><time>2026-05-17T02:39:40.000Z</time><ele>13.01</ele></trkpt><trkpt lat="37.206953" lon="126.77662"><time>2026-05-17T02:39:41.000Z</time><ele>12.4</ele></trkpt><trkpt lat="37.20697" lon="126.776408"><time>2026-05-17T02:39:42.000Z</time><ele>12.45</ele></trkpt><trkpt lat="37.206991" lon="126.776203"><time>2026-05-17T02:39:43.000Z</time><ele>12.33</ele></trkpt><trkpt lat="37.207005" lon="126.776009"><time>2026-05-17T02:39:44.000Z</time><ele>12.42</ele></trkpt><trkpt lat="37.207015" lon="126.775823"><time>2026-05-17T02:39:45.000Z</time><ele>12.34</ele></trkpt><trkpt lat="37.207025" lon="126.775637"><time>2026-05-17T02:39:46.000Z</time><ele>12.4</ele></trkpt><trkpt lat="37.207035" lon="126.775463"><time>2026-05-17T02:39:47.000Z</time><ele>11.94</ele></trkpt><trkpt lat="37.207043" lon="126.775302"><time>2026-05-17T02:39:48.000Z</time><ele>11.85</ele></trkpt><trkpt lat="37.207047" lon="126.775148"><time>2026-05-17T02:39:49.000Z</time><ele>12.11</ele></trkpt><trkpt lat="37.207048" lon="126.774993"><time>2026-05-17T02:39:50.000Z</time><ele>11.99</ele></trkpt><trkpt lat="37.20705" lon="126.774826"><time>2026-05-17T02:39:51.000Z</time><ele>12.15</ele></trkpt><trkpt lat="37.207056" lon="126.774666"><time>2026-05-17T02:39:52.000Z</time><ele>12.54</ele></trkpt><trkpt lat="37.207061" lon="126.774502"><time>2026-05-17T02:39:53.000Z</time><ele>11.89</ele></trkpt><trkpt lat="37.207066" lon="126.774337"><time>2026-05-17T02:39:54.000Z</time><ele>12</ele></trkpt><trkpt lat="37.20707" lon="126.774175"><time>2026-05-17T02:39:55.000Z</time><ele>11.87</ele></trkpt><trkpt lat="37.207075" lon="126.774005"><time>2026-05-17T02:39:56.000Z</time><ele>11.85</ele></trkpt><trkpt lat="37.207081" lon="126.773833"><time>2026-05-17T02:39:57.000Z</time><ele>12.24</ele></trkpt><trkpt lat="37.207088" lon="126.773654"><time>2026-05-17T02:39:58.000Z</time><ele>12.14</ele></trkpt><trkpt lat="37.207099" lon="126.773462"><time>2026-05-17T02:39:59.000Z</time><ele>12.21</ele></trkpt><trkpt lat="37.207114" lon="126.773265"><time>2026-05-17T02:40:00.000Z</time><ele>12.2</ele></trkpt><trkpt lat="37.207126" lon="126.773078"><time>2026-05-17T02:40:01.000Z</time><ele>12.42</ele></trkpt><trkpt lat="37.207138" lon="126.772882"><time>2026-05-17T02:40:02.000Z</time><ele>12.41</ele></trkpt><trkpt lat="37.207156" lon="126.772685"><time>2026-05-17T02:40:03.000Z</time><ele>12.15</ele></trkpt><trkpt lat="37.20717" lon="126.772484"><time>2026-05-17T02:40:04.000Z</time><ele>12.46</ele></trkpt><trkpt lat="37.207185" lon="126.772281"><time>2026-05-17T02:40:05.000Z</time><ele>13.04</ele></trkpt><trkpt lat="37.207207" lon="126.772071"><time>2026-05-17T02:40:06.001Z</time><ele>12.36</ele></trkpt><trkpt lat="37.207229" lon="126.771863"><time>2026-05-17T02:40:07.001Z</time><ele>13.17</ele></trkpt><trkpt lat="37.207253" lon="126.771672"><time>2026-05-17T02:40:08.001Z</time><ele>13.04</ele></trkpt><trkpt lat="37.207279" lon="126.771479"><time>2026-05-17T02:40:09.001Z</time><ele>13.09</ele></trkpt><trkpt lat="37.207304" lon="126.771295"><time>2026-05-17T02:40:10.001Z</time><ele>13.2</ele></trkpt><trkpt lat="37.207333" lon="126.771112"><time>2026-05-17T02:40:11.001Z</time><ele>13.01</ele></trkpt><trkpt lat="37.207362" lon="126.770925"><time>2026-05-17T02:40:12.001Z</time><ele>13.03</ele></trkpt><trkpt lat="37.207391" lon="126.770746"><time>2026-05-17T02:40:13.001Z</time><ele>12.56</ele></trkpt><trkpt lat="37.20742" lon="126.770565"><time>2026-05-17T02:40:14.001Z</time><ele>12.58</ele></trkpt><trkpt lat="37.207445" lon="126.770397"><time>2026-05-17T02:40:15.001Z</time><ele>12.77</ele></trkpt><trkpt lat="37.207471" lon="126.770226"><time>2026-05-17T02:40:16.001Z</time><ele>12.4</ele></trkpt><trkpt lat="37.2075" lon="126.770065"><time>2026-05-17T02:40:17.001Z</time><ele>12.02</ele></trkpt><trkpt lat="37.207528" lon="126.769898"><time>2026-05-17T02:40:18.001Z</time><ele>12.18</ele></trkpt><trkpt lat="37.207553" lon="126.769737"><time>2026-05-17T02:40:19.001Z</time><ele>12.18</ele></trkpt><trkpt lat="37.207576" lon="126.76957"><time>2026-05-17T02:40:20.001Z</time><ele>12</ele></trkpt><trkpt lat="37.207605" lon="126.769411"><time>2026-05-17T02:40:21.001Z</time><ele>11.45</ele></trkpt><trkpt lat="37.207632" lon="126.769248"><time>2026-05-17T02:40:22.001Z</time><ele>11.88</ele></trkpt><trkpt lat="37.207655" lon="126.769099"><time>2026-05-17T02:40:23.001Z</time><ele>11.87</ele></trkpt><trkpt lat="37.207677" lon="126.768957"><time>2026-05-17T02:40:24.001Z</time><ele>11.5</ele></trkpt><trkpt lat="37.207702" lon="126.768809"><time>2026-05-17T02:40:25.001Z</time><ele>11.17</ele></trkpt><trkpt lat="37.207725" lon="126.768671"><time>2026-05-17T02:40:26.001Z</time><ele>11.41</ele></trkpt><trkpt lat="37.207746" lon="126.768541"><time>2026-05-17T02:40:27.001Z</time><ele>10.62</ele></trkpt><trkpt lat="37.207766" lon="126.768428"><time>2026-05-17T02:40:28.001Z</time><ele>10.43</ele></trkpt><trkpt lat="37.207779" lon="126.768328"><time>2026-05-17T02:40:29.001Z</time><ele>10.2</ele></trkpt><trkpt lat="37.207799" lon="126.768239"><time>2026-05-17T02:40:30.001Z</time><ele>9.62</ele></trkpt><trkpt lat="37.207822" lon="126.768149"><time>2026-05-17T02:40:31.001Z</time><ele>9.49</ele></trkpt><trkpt lat="37.207842" lon="126.768047"><time>2026-05-17T02:40:32.001Z</time><ele>9.65</ele></trkpt><trkpt lat="37.207861" lon="126.767934"><time>2026-05-17T02:40:33.001Z</time><ele>9.54</ele></trkpt><trkpt lat="37.207883" lon="126.767828"><time>2026-05-17T02:40:34.001Z</time><ele>9.46</ele></trkpt><trkpt lat="37.207897" lon="126.767718"><time>2026-05-17T02:40:35.001Z</time><ele>9.43</ele></trkpt><trkpt lat="37.207915" lon="126.767627"><time>2026-05-17T02:40:36.001Z</time><ele>9.76</ele></trkpt><trkpt lat="37.207931" lon="126.76754"><time>2026-05-17T02:40:37.001Z</time><ele>9.8</ele></trkpt><trkpt lat="37.207945" lon="126.767463"><time>2026-05-17T02:40:38.001Z</time><ele>9.46</ele></trkpt><trkpt lat="37.207955" lon="126.767385"><time>2026-05-17T02:40:39.001Z</time><ele>9.26</ele></trkpt><trkpt lat="37.207968" lon="126.767317"><time>2026-05-17T02:40:40.001Z</time><ele>9.45</ele></trkpt><trkpt lat="37.20798" lon="126.76726"><time>2026-05-17T02:40:41.001Z</time><ele>9.3</ele></trkpt><trkpt lat="37.207993" lon="126.76717"><time>2026-05-17T02:40:43.001Z</time><ele>9.99</ele></trkpt><trkpt lat="37.208022" lon="126.767122"><time>2026-05-17T02:40:51.001Z</time><ele>11.28</ele></trkpt><trkpt lat="37.208051" lon="126.767018"><time>2026-05-17T02:40:57.001Z</time><ele>11.33</ele></trkpt><trkpt lat="37.208066" lon="126.766947"><time>2026-05-17T02:40:58.001Z</time><ele>11.96</ele></trkpt><trkpt lat="37.208077" lon="126.766863"><time>2026-05-17T02:40:59.001Z</time><ele>11.87</ele></trkpt><trkpt lat="37.2081" lon="126.766773"><time>2026-05-17T02:41:00.001Z</time><ele>11.23</ele></trkpt><trkpt lat="37.208108" lon="126.766667"><time>2026-05-17T02:41:01.001Z</time><ele>11.8</ele></trkpt><trkpt lat="37.208123" lon="126.766555"><time>2026-05-17T02:41:02.001Z</time><ele>11.9</ele></trkpt><trkpt lat="37.20814" lon="126.766421"><time>2026-05-17T02:41:03.001Z</time><ele>12.06</ele></trkpt><trkpt lat="37.208167" lon="126.76629"><time>2026-05-17T02:41:04.001Z</time><ele>12.1</ele></trkpt><trkpt lat="37.208191" lon="126.76616"><time>2026-05-17T02:41:05.001Z</time><ele>12.02</ele></trkpt><trkpt lat="37.20822" lon="126.766019"><time>2026-05-17T02:41:06.001Z</time><ele>12.13</ele></trkpt><trkpt lat="37.208256" lon="126.765859"><time>2026-05-17T02:41:07.001Z</time><ele>12.36</ele></trkpt><trkpt lat="37.208295" lon="126.765685"><time>2026-05-17T02:41:08.001Z</time><ele>13.01</ele></trkpt><trkpt lat="37.208327" lon="126.765478"><time>2026-05-17T02:41:09.001Z</time><ele>12.85</ele></trkpt><trkpt lat="37.208401" lon="126.765266"><time>2026-05-17T02:41:10.001Z</time><ele>13.4</ele></trkpt><trkpt lat="37.209178" lon="126.763544"><time>2026-05-17T02:41:18.001Z</time><ele>12.62</ele></trkpt><trkpt lat="37.209283" lon="126.763336"><time>2026-05-17T02:41:19.001Z</time><ele>12.63</ele></trkpt><trkpt lat="37.209386" lon="126.763136"><time>2026-05-17T02:41:20.001Z</time><ele>12.07</ele></trkpt><trkpt lat="37.209492" lon="126.762926"><time>2026-05-17T02:41:21.000Z</time><ele>11.47</ele></trkpt><trkpt lat="37.209596" lon="126.762715"><time>2026-05-17T02:41:22.000Z</time><ele>11.59</ele></trkpt><trkpt lat="37.209702" lon="126.762508"><time>2026-05-17T02:41:23.000Z</time><ele>11.45</ele></trkpt><trkpt lat="37.209808" lon="126.762303"><time>2026-05-17T02:41:24.000Z</time><ele>10.96</ele></trkpt><trkpt lat="37.209918" lon="126.762097"><time>2026-05-17T02:41:25.000Z</time><ele>11.13</ele></trkpt><trkpt lat="37.210025" lon="126.761889"><time>2026-05-17T02:41:26.000Z</time><ele>11.38</ele></trkpt><trkpt lat="37.210131" lon="126.761681"><time>2026-05-17T02:41:27.000Z</time><ele>10.65</ele></trkpt><trkpt lat="37.210232" lon="126.761478"><time>2026-05-17T02:41:28.000Z</time><ele>9.69</ele></trkpt><trkpt lat="37.210323" lon="126.761295"><time>2026-05-17T02:41:29.000Z</time><ele>11.19</ele></trkpt><trkpt lat="37.210424" lon="126.76111"><time>2026-05-17T02:41:30.000Z</time><ele>11.04</ele></trkpt><trkpt lat="37.21052" lon="126.76094"><time>2026-05-17T02:41:31.000Z</time><ele>11.33</ele></trkpt><trkpt lat="37.210626" lon="126.760771"><time>2026-05-17T02:41:32.000Z</time><ele>10.92</ele></trkpt><trkpt lat="37.21072" lon="126.760596"><time>2026-05-17T02:41:33.000Z</time><ele>10.65</ele></trkpt><trkpt lat="37.210804" lon="126.760428"><time>2026-05-17T02:41:34.000Z</time><ele>11.46</ele></trkpt><trkpt lat="37.210881" lon="126.760285"><time>2026-05-17T02:41:35.000Z</time><ele>12.18</ele></trkpt><trkpt lat="37.21095" lon="126.760153"><time>2026-05-17T02:41:36.000Z</time><ele>12.01</ele></trkpt><trkpt lat="37.21102" lon="126.760044"><time>2026-05-17T02:41:37.000Z</time><ele>11.53</ele></trkpt><trkpt lat="37.211096" lon="126.759966"><time>2026-05-17T02:41:38.000Z</time><ele>11.37</ele></trkpt><trkpt lat="37.211121" lon="126.759882"><time>2026-05-17T02:41:39.000Z</time><ele>11.96</ele></trkpt><trkpt lat="37.211152" lon="126.75982"><time>2026-05-17T02:41:40.000Z</time><ele>11.06</ele></trkpt><trkpt lat="37.21137" lon="126.759917"><time>2026-05-17T02:41:41.000Z</time><ele>11.15</ele></trkpt><trkpt lat="37.211494" lon="126.759941"><time>2026-05-17T02:41:42.000Z</time><ele>12.07</ele></trkpt><trkpt lat="37.211621" lon="126.759974"><time>2026-05-17T02:41:43.000Z</time><ele>11.53</ele></trkpt><trkpt lat="37.211756" lon="126.760023"><time>2026-05-17T02:41:44.000Z</time><ele>12.13</ele></trkpt><trkpt lat="37.211896" lon="126.760074"><time>2026-05-17T02:41:45.000Z</time><ele>12.15</ele></trkpt><trkpt lat="37.212041" lon="126.760124"><time>2026-05-17T02:41:46.000Z</time><ele>11.68</ele></trkpt><trkpt lat="37.212177" lon="126.760176"><time>2026-05-17T02:41:47.000Z</time><ele>11.74</ele></trkpt><trkpt lat="37.212304" lon="126.760221"><time>2026-05-17T02:41:48.000Z</time><ele>10.28</ele></trkpt><trkpt lat="37.212425" lon="126.760266"><time>2026-05-17T02:41:49.000Z</time><ele>9.76</ele></trkpt><trkpt lat="37.212546" lon="126.760327"><time>2026-05-17T02:41:50.000Z</time><ele>10.57</ele></trkpt><trkpt lat="37.212673" lon="126.760366"><time>2026-05-17T02:41:51.000Z</time><ele>9.9</ele></trkpt><trkpt lat="37.21281" lon="126.760428"><time>2026-05-17T02:41:52.000Z</time><ele>9.18</ele></trkpt><trkpt lat="37.212951" lon="126.760476"><time>2026-05-17T02:41:53.000Z</time><ele>10.11</ele></trkpt><trkpt lat="37.213087" lon="126.760548"><time>2026-05-17T02:41:54.000Z</time><ele>9.75</ele></trkpt><trkpt lat="37.213236" lon="126.7606"><time>2026-05-17T02:41:55.000Z</time><ele>10.06</ele></trkpt><trkpt lat="37.213381" lon="126.760654"><time>2026-05-17T02:41:56.000Z</time><ele>10.04</ele></trkpt><trkpt lat="37.21353" lon="126.760722"><time>2026-05-17T02:41:57.000Z</time><ele>9.89</ele></trkpt><trkpt lat="37.213666" lon="126.76078"><time>2026-05-17T02:41:58.000Z</time><ele>9.83</ele></trkpt><trkpt lat="37.213794" lon="126.760834"><time>2026-05-17T02:41:59.000Z</time><ele>9.56</ele></trkpt><trkpt lat="37.213915" lon="126.760887"><time>2026-05-17T02:42:00.000Z</time><ele>9.08</ele></trkpt><trkpt lat="37.214032" lon="126.760929"><time>2026-05-17T02:42:01.000Z</time><ele>10.11</ele></trkpt><trkpt lat="37.214142" lon="126.760978"><time>2026-05-17T02:42:02.000Z</time><ele>10.34</ele></trkpt><trkpt lat="37.214243" lon="126.761018"><time>2026-05-17T02:42:03.000Z</time><ele>12.69</ele></trkpt><trkpt lat="37.214341" lon="126.761056"><time>2026-05-17T02:42:04.000Z</time><ele>12.77</ele></trkpt><trkpt lat="37.214445" lon="126.7611"><time>2026-05-17T02:42:05.000Z</time><ele>12.79</ele></trkpt><trkpt lat="37.214545" lon="126.761159"><time>2026-05-17T02:42:06.000Z</time><ele>12.17</ele></trkpt><trkpt lat="37.214647" lon="126.761222"><time>2026-05-17T02:42:07.000Z</time><ele>13.61</ele></trkpt><trkpt lat="37.214765" lon="126.761305"><time>2026-05-17T02:42:08.000Z</time><ele>13.94</ele></trkpt><trkpt lat="37.214886" lon="126.761392"><time>2026-05-17T02:42:09.001Z</time><ele>14.56</ele></trkpt><trkpt lat="37.215011" lon="126.761479"><time>2026-05-17T02:42:10.001Z</time><ele>15.73</ele></trkpt><trkpt lat="37.21513" lon="126.76158"><time>2026-05-17T02:42:11.001Z</time><ele>17.01</ele></trkpt><trkpt lat="37.215236" lon="126.761674"><time>2026-05-17T02:42:12.001Z</time><ele>18.15</ele></trkpt><trkpt lat="37.215349" lon="126.761768"><time>2026-05-17T02:42:13.001Z</time><ele>18.2</ele></trkpt><trkpt lat="37.21545" lon="126.76186"><time>2026-05-17T02:42:14.001Z</time><ele>19.28</ele></trkpt><trkpt lat="37.215556" lon="126.761939"><time>2026-05-17T02:42:15.001Z</time><ele>19.22</ele></trkpt><trkpt lat="37.215654" lon="126.762016"><time>2026-05-17T02:42:16.001Z</time><ele>19.8</ele></trkpt><trkpt lat="37.215737" lon="126.76209"><time>2026-05-17T02:42:17.001Z</time><ele>19.48</ele></trkpt><trkpt lat="37.215813" lon="126.762165"><time>2026-05-17T02:42:18.001Z</time><ele>19.99</ele></trkpt><trkpt lat="37.215835" lon="126.762317"><time>2026-05-17T02:42:19.001Z</time><ele>20.31</ele></trkpt><trkpt lat="37.215864" lon="126.762439"><time>2026-05-17T02:42:20.001Z</time><ele>20.37</ele></trkpt><trkpt lat="37.215886" lon="126.762566"><time>2026-05-17T02:42:21.001Z</time><ele>19.62</ele></trkpt><trkpt lat="37.215894" lon="126.762702"><time>2026-05-17T02:42:22.001Z</time><ele>19.57</ele></trkpt><trkpt lat="37.215902" lon="126.762846"><time>2026-05-17T02:42:23.001Z</time><ele>19.78</ele></trkpt><trkpt lat="37.215905" lon="126.763005"><time>2026-05-17T02:42:24.001Z</time><ele>20.03</ele></trkpt><trkpt lat="37.215908" lon="126.763176"><time>2026-05-17T02:42:25.001Z</time><ele>20.23</ele></trkpt><trkpt lat="37.21591" lon="126.763347"><time>2026-05-17T02:42:26.001Z</time><ele>20.4</ele></trkpt><trkpt lat="37.215909" lon="126.763514"><time>2026-05-17T02:42:27.001Z</time><ele>19.91</ele></trkpt><trkpt lat="37.21591" lon="126.763664"><time>2026-05-17T02:42:28.001Z</time><ele>20.3</ele></trkpt><trkpt lat="37.21591" lon="126.7638"><time>2026-05-17T02:42:29.001Z</time><ele>19.92</ele></trkpt><trkpt lat="37.215918" lon="126.763924"><time>2026-05-17T02:42:30.001Z</time><ele>20.37</ele></trkpt><trkpt lat="37.215941" lon="126.764047"><time>2026-05-17T02:42:31.001Z</time><ele>20.95</ele></trkpt><trkpt lat="37.21597" lon="126.764161"><time>2026-05-17T02:42:32.001Z</time><ele>21.15</ele></trkpt><trkpt lat="37.216014" lon="126.764288"><time>2026-05-17T02:42:33.001Z</time><ele>21.77</ele></trkpt><trkpt lat="37.216066" lon="126.764417"><time>2026-05-17T02:42:34.001Z</time><ele>22.57</ele></trkpt><trkpt lat="37.216142" lon="126.764536"><time>2026-05-17T02:42:35.001Z</time><ele>22.05</ele></trkpt><trkpt lat="37.216248" lon="126.764633"><time>2026-05-17T02:42:36.001Z</time><ele>22.76</ele></trkpt><trkpt lat="37.216354" lon="126.764745"><time>2026-05-17T02:42:37.001Z</time><ele>23.05</ele></trkpt><trkpt lat="37.216432" lon="126.764874"><time>2026-05-17T02:42:38.001Z</time><ele>22.93</ele></trkpt><trkpt lat="37.216487" lon="126.765027"><time>2026-05-17T02:42:39.001Z</time><ele>23.6</ele></trkpt><trkpt lat="37.216518" lon="126.765173"><time>2026-05-17T02:42:40.001Z</time><ele>23.62</ele></trkpt><trkpt lat="37.216545" lon="126.7653"><time>2026-05-17T02:42:41.001Z</time><ele>23.06</ele></trkpt><trkpt lat="37.216589" lon="126.765402"><time>2026-05-17T02:42:42.001Z</time><ele>23.52</ele></trkpt><trkpt lat="37.216629" lon="126.765495"><time>2026-05-17T02:42:43.001Z</time><ele>23.19</ele></trkpt><trkpt lat="37.216712" lon="126.76556"><time>2026-05-17T02:42:44.001Z</time><ele>22.96</ele></trkpt><trkpt lat="37.216794" lon="126.765613"><time>2026-05-17T02:42:45.001Z</time><ele>22.79</ele></trkpt><trkpt lat="37.216897" lon="126.765649"><time>2026-05-17T02:42:46.001Z</time><ele>23.12</ele></trkpt><trkpt lat="37.21701" lon="126.765661"><time>2026-05-17T02:42:47.001Z</time><ele>23.54</ele></trkpt><trkpt lat="37.217133" lon="126.765654"><time>2026-05-17T02:42:48.001Z</time><ele>23.47</ele></trkpt><trkpt lat="37.217262" lon="126.765644"><time>2026-05-17T02:42:49.001Z</time><ele>24.07</ele></trkpt><trkpt lat="37.217399" lon="126.765622"><time>2026-05-17T02:42:50.001Z</time><ele>23.69</ele></trkpt><trkpt lat="37.217539" lon="126.765589"><time>2026-05-17T02:42:51.001Z</time><ele>23.61</ele></trkpt><trkpt lat="37.217661" lon="126.765538"><time>2026-05-17T02:42:52.001Z</time><ele>22.73</ele></trkpt><trkpt lat="37.217774" lon="126.765479"><time>2026-05-17T02:42:53.001Z</time><ele>22.21</ele></trkpt><trkpt lat="37.217878" lon="126.765426"><time>2026-05-17T02:42:54.001Z</time><ele>22.32</ele></trkpt><trkpt lat="37.217977" lon="126.765377"><time>2026-05-17T02:42:55.001Z</time><ele>21.71</ele></trkpt><trkpt lat="37.218074" lon="126.765339"><time>2026-05-17T02:42:56.001Z</time><ele>21</ele></trkpt><trkpt lat="37.218179" lon="126.765306"><time>2026-05-17T02:42:57.001Z</time><ele>20.26</ele></trkpt><trkpt lat="37.218292" lon="126.765264"><time>2026-05-17T02:42:58.001Z</time><ele>19.03</ele></trkpt><trkpt lat="37.218405" lon="126.765231"><time>2026-05-17T02:42:59.001Z</time><ele>19.47</ele></trkpt><trkpt lat="37.218511" lon="126.765233"><time>2026-05-17T02:43:00.001Z</time><ele>19.07</ele></trkpt><trkpt lat="37.218636" lon="126.765253"><time>2026-05-17T02:43:01.001Z</time><ele>19.25</ele></trkpt><trkpt lat="37.218777" lon="126.765294"><time>2026-05-17T02:43:02.001Z</time><ele>19.95</ele></trkpt><trkpt lat="37.218904" lon="126.765338"><time>2026-05-17T02:43:03.001Z</time><ele>18.66</ele></trkpt><trkpt lat="37.219023" lon="126.765389"><time>2026-05-17T02:43:04.001Z</time><ele>18.36</ele></trkpt><trkpt lat="37.219133" lon="126.765437"><time>2026-05-17T02:43:05.001Z</time><ele>17.42</ele></trkpt><trkpt lat="37.219244" lon="126.76547"><time>2026-05-17T02:43:06.001Z</time><ele>16.77</ele></trkpt><trkpt lat="37.219359" lon="126.765516"><time>2026-05-17T02:43:07.001Z</time><ele>16.27</ele></trkpt><trkpt lat="37.219491" lon="126.765572"><time>2026-05-17T02:43:08.001Z</time><ele>16.09</ele></trkpt><trkpt lat="37.219617" lon="126.76562"><time>2026-05-17T02:43:09.001Z</time><ele>15.99</ele></trkpt><trkpt lat="37.219755" lon="126.76566"><time>2026-05-17T02:43:10.001Z</time><ele>14.42</ele></trkpt><trkpt lat="37.219886" lon="126.765694"><time>2026-05-17T02:43:11.001Z</time><ele>13.38</ele></trkpt><trkpt lat="37.220023" lon="126.765721"><time>2026-05-17T02:43:12.001Z</time><ele>12.62</ele></trkpt><trkpt lat="37.220165" lon="126.765747"><time>2026-05-17T02:43:13.001Z</time><ele>12.76</ele></trkpt><trkpt lat="37.220308" lon="126.765782"><time>2026-05-17T02:43:14.001Z</time><ele>12.85</ele></trkpt><trkpt lat="37.220447" lon="126.765822"><time>2026-05-17T02:43:15.001Z</time><ele>12.84</ele></trkpt><trkpt lat="37.220587" lon="126.765857"><time>2026-05-17T02:43:16.001Z</time><ele>12.22</ele></trkpt><trkpt lat="37.220719" lon="126.76589"><time>2026-05-17T02:43:17.001Z</time><ele>12.22</ele></trkpt><trkpt lat="37.220847" lon="126.765922"><time>2026-05-17T02:43:18.001Z</time><ele>12.13</ele></trkpt><trkpt lat="37.220984" lon="126.765964"><time>2026-05-17T02:43:19.001Z</time><ele>12.07</ele></trkpt><trkpt lat="37.221122" lon="126.766008"><time>2026-05-17T02:43:20.001Z</time><ele>12.47</ele></trkpt><trkpt lat="37.221256" lon="126.766068"><time>2026-05-17T02:43:21.001Z</time><ele>12.49</ele></trkpt><trkpt lat="37.221393" lon="126.766112"><time>2026-05-17T02:43:22.001Z</time><ele>12.27</ele></trkpt><trkpt lat="37.22153" lon="126.766154"><time>2026-05-17T02:43:23.001Z</time><ele>11.43</ele></trkpt><trkpt lat="37.221674" lon="126.766203"><time>2026-05-17T02:43:24.001Z</time><ele>11.8</ele></trkpt><trkpt lat="37.221823" lon="126.766254"><time>2026-05-17T02:43:25.001Z</time><ele>11.78</ele></trkpt><trkpt lat="37.221965" lon="126.766303"><time>2026-05-17T02:43:26.002Z</time><ele>11.19</ele></trkpt><trkpt lat="37.222101" lon="126.766349"><time>2026-05-17T02:43:27.000Z</time><ele>11.35</ele></trkpt><trkpt lat="37.222239" lon="126.766396"><time>2026-05-17T02:43:28.000Z</time><ele>11.48</ele></trkpt><trkpt lat="37.222372" lon="126.766442"><time>2026-05-17T02:43:29.000Z</time><ele>12.35</ele></trkpt><trkpt lat="37.2225" lon="126.766486"><time>2026-05-17T02:43:30.000Z</time><ele>12.91</ele></trkpt><trkpt lat="37.222631" lon="126.766532"><time>2026-05-17T02:43:31.000Z</time><ele>13.03</ele></trkpt><trkpt lat="37.222765" lon="126.766577"><time>2026-05-17T02:43:32.000Z</time><ele>13.43</ele></trkpt><trkpt lat="37.222901" lon="126.766624"><time>2026-05-17T02:43:33.000Z</time><ele>14.08</ele></trkpt><trkpt lat="37.223047" lon="126.766671"><time>2026-05-17T02:43:34.000Z</time><ele>13.49</ele></trkpt><trkpt lat="37.223185" lon="126.766715"><time>2026-05-17T02:43:35.000Z</time><ele>13.86</ele></trkpt><trkpt lat="37.223306" lon="126.766754"><time>2026-05-17T02:43:36.000Z</time><ele>14.25</ele></trkpt><trkpt lat="37.223409" lon="126.766787"><time>2026-05-17T02:43:37.000Z</time><ele>14.04</ele></trkpt><trkpt lat="37.223488" lon="126.766813"><time>2026-05-17T02:43:38.000Z</time><ele>14.08</ele></trkpt><trkpt lat="37.223571" lon="126.76684"><time>2026-05-17T02:43:39.000Z</time><ele>13.9</ele></trkpt><trkpt lat="37.223652" lon="126.766866"><time>2026-05-17T02:43:40.000Z</time><ele>13.16</ele></trkpt><trkpt lat="37.223754" lon="126.7669"><time>2026-05-17T02:43:41.000Z</time><ele>13.04</ele></trkpt><trkpt lat="37.223859" lon="126.766934"><time>2026-05-17T02:43:42.000Z</time><ele>12.89</ele></trkpt><trkpt lat="37.223957" lon="126.766966"><time>2026-05-17T02:43:43.000Z</time><ele>12.09</ele></trkpt><trkpt lat="37.224045" lon="126.766995"><time>2026-05-17T02:43:44.000Z</time><ele>11.69</ele></trkpt><trkpt lat="37.224125" lon="126.767021"><time>2026-05-17T02:43:45.000Z</time><ele>11.54</ele></trkpt><trkpt lat="37.224203" lon="126.767048"><time>2026-05-17T02:43:46.000Z</time><ele>11.81</ele></trkpt><trkpt lat="37.224287" lon="126.767076"><time>2026-05-17T02:43:47.000Z</time><ele>11.89</ele></trkpt><trkpt lat="37.224375" lon="126.767108"><time>2026-05-17T02:43:48.000Z</time><ele>11.39</ele></trkpt><trkpt lat="37.224476" lon="126.767143"><time>2026-05-17T02:43:49.000Z</time><ele>10.98</ele></trkpt><trkpt lat="37.22457" lon="126.767176"><time>2026-05-17T02:43:50.000Z</time><ele>10.63</ele></trkpt><trkpt lat="37.224653" lon="126.767205"><time>2026-05-17T02:43:51.000Z</time><ele>10.18</ele></trkpt><trkpt lat="37.224739" lon="126.767235"><time>2026-05-17T02:43:52.000Z</time><ele>9.29</ele></trkpt><trkpt lat="37.224828" lon="126.767266"><time>2026-05-17T02:43:53.000Z</time><ele>10.15</ele></trkpt><trkpt lat="37.22492" lon="126.767296"><time>2026-05-17T02:43:54.000Z</time><ele>9.92</ele></trkpt><trkpt lat="37.225017" lon="126.767328"><time>2026-05-17T02:43:55.000Z</time><ele>9.99</ele></trkpt><trkpt lat="37.225111" lon="126.76736"><time>2026-05-17T02:43:56.000Z</time><ele>10.6</ele></trkpt><trkpt lat="37.225208" lon="126.767397"><time>2026-05-17T02:43:57.000Z</time><ele>11.38</ele></trkpt><trkpt lat="37.225301" lon="126.767461"><time>2026-05-17T02:43:58.000Z</time><ele>11.42</ele></trkpt><trkpt lat="37.225422" lon="126.767506"><time>2026-05-17T02:43:59.000Z</time><ele>10.93</ele></trkpt><trkpt lat="37.225544" lon="126.767538"><time>2026-05-17T02:44:00.000Z</time><ele>11.64</ele></trkpt><trkpt lat="37.225655" lon="126.767567"><time>2026-05-17T02:44:01.000Z</time><ele>11.66</ele></trkpt><trkpt lat="37.225751" lon="126.767598"><time>2026-05-17T02:44:02.000Z</time><ele>11.58</ele></trkpt><trkpt lat="37.225841" lon="126.767635"><time>2026-05-17T02:44:03.000Z</time><ele>11.42</ele></trkpt><trkpt lat="37.225942" lon="126.767681"><time>2026-05-17T02:44:04.000Z</time><ele>11.18</ele></trkpt><trkpt lat="37.226043" lon="126.767736"><time>2026-05-17T02:44:05.000Z</time><ele>11.38</ele></trkpt><trkpt lat="37.226147" lon="126.767782"><time>2026-05-17T02:44:06.000Z</time><ele>11.25</ele></trkpt><trkpt lat="37.226248" lon="126.767806"><time>2026-05-17T02:44:07.000Z</time><ele>10.83</ele></trkpt><trkpt lat="37.226353" lon="126.767827"><time>2026-05-17T02:44:08.000Z</time><ele>10.51</ele></trkpt><trkpt lat="37.226463" lon="126.767847"><time>2026-05-17T02:44:09.000Z</time><ele>10.8</ele></trkpt><trkpt lat="37.226573" lon="126.767867"><time>2026-05-17T02:44:10.000Z</time><ele>10.69</ele></trkpt><trkpt lat="37.226689" lon="126.767889"><time>2026-05-17T02:44:11.000Z</time><ele>11.27</ele></trkpt><trkpt lat="37.226806" lon="126.767911"><time>2026-05-17T02:44:12.000Z</time><ele>10.91</ele></trkpt><trkpt lat="37.22691" lon="126.767929"><time>2026-05-17T02:44:13.000Z</time><ele>11.33</ele></trkpt><trkpt lat="37.227328" lon="126.768"><time>2026-05-17T02:44:17.001Z</time><ele>11.34</ele></trkpt><trkpt lat="37.227424" lon="126.768015"><time>2026-05-17T02:44:18.001Z</time><ele>10.97</ele></trkpt><trkpt lat="37.22751" lon="126.768032"><time>2026-05-17T02:44:19.001Z</time><ele>11.09</ele></trkpt><trkpt lat="37.227575" lon="126.768044"><time>2026-05-17T02:44:20.001Z</time><ele>11.09</ele></trkpt><trkpt lat="37.22763" lon="126.768058"><time>2026-05-17T02:44:21.001Z</time><ele>10.74</ele></trkpt><trkpt lat="37.22769" lon="126.768065"><time>2026-05-17T02:44:22.001Z</time><ele>11.24</ele></trkpt><trkpt lat="37.227761" lon="126.768079"><time>2026-05-17T02:44:23.001Z</time><ele>11.24</ele></trkpt><trkpt lat="37.227827" lon="126.768104"><time>2026-05-17T02:44:24.001Z</time><ele>11.52</ele></trkpt><trkpt lat="37.227896" lon="126.768121"><time>2026-05-17T02:44:25.001Z</time><ele>11.4</ele></trkpt><trkpt lat="37.227955" lon="126.768126"><time>2026-05-17T02:44:26.001Z</time><ele>11.37</ele></trkpt><trkpt lat="37.228003" lon="126.768099"><time>2026-05-17T02:44:27.001Z</time><ele>10.88</ele></trkpt><trkpt lat="37.228032" lon="126.768049"><time>2026-05-17T02:44:28.001Z</time><ele>10.51</ele></trkpt><trkpt lat="37.228049" lon="126.767967"><time>2026-05-17T02:44:29.001Z</time><ele>10.18</ele></trkpt><trkpt lat="37.228044" lon="126.767861"><time>2026-05-17T02:44:30.001Z</time><ele>9.95</ele></trkpt><trkpt lat="37.228067" lon="126.767793"><time>2026-05-17T02:44:31.001Z</time><ele>9.92</ele></trkpt><trkpt lat="37.228078" lon="126.767716"><time>2026-05-17T02:44:32.001Z</time><ele>10.49</ele></trkpt><trkpt lat="37.22809" lon="126.767635"><time>2026-05-17T02:44:33.001Z</time><ele>10.74</ele></trkpt><trkpt lat="37.2281" lon="126.767569"><time>2026-05-17T02:44:34.001Z</time><ele>10.78</ele></trkpt><trkpt lat="37.228109" lon="126.767504"><time>2026-05-17T02:44:35.001Z</time><ele>10.65</ele></trkpt><trkpt lat="37.228104" lon="126.767443"><time>2026-05-17T02:44:36.001Z</time><ele>11.23</ele></trkpt><trkpt lat="37.228143" lon="126.767388"><time>2026-05-17T02:44:37.001Z</time><ele>11.17</ele></trkpt><trkpt lat="37.228216" lon="126.767367"><time>2026-05-17T02:44:38.001Z</time><ele>11.2</ele></trkpt><trkpt lat="37.228297" lon="126.767386"><time>2026-05-17T02:44:39.001Z</time><ele>11.89</ele></trkpt><trkpt lat="37.228496" lon="126.767418"><time>2026-05-17T02:44:41.001Z</time><ele>10.52</ele></trkpt><trkpt lat="37.228585" lon="126.76743"><time>2026-05-17T02:44:42.001Z</time><ele>9.95</ele></trkpt><trkpt lat="37.228658" lon="126.767438"><time>2026-05-17T02:44:43.001Z</time><ele>9.63</ele></trkpt><trkpt lat="37.228722" lon="126.767445"><time>2026-05-17T02:44:44.001Z</time><ele>9.16</ele></trkpt><trkpt lat="37.22879" lon="126.767455"><time>2026-05-17T02:44:45.001Z</time><ele>9.45</ele></trkpt><trkpt lat="37.228844" lon="126.767464"><time>2026-05-17T02:44:46.001Z</time><ele>9.16</ele></trkpt><trkpt lat="37.228893" lon="126.767472"><time>2026-05-17T02:44:47.001Z</time><ele>9.27</ele></trkpt><trkpt lat="37.22895" lon="126.767482"><time>2026-05-17T02:44:48.001Z</time><ele>8.95</ele></trkpt><trkpt lat="37.229027" lon="126.76749"><time>2026-05-17T02:44:49.001Z</time><ele>9.14</ele></trkpt><trkpt lat="37.229105" lon="126.767512"><time>2026-05-17T02:44:50.001Z</time><ele>9.51</ele></trkpt><trkpt lat="37.229185" lon="126.767526"><time>2026-05-17T02:44:51.001Z</time><ele>9</ele></trkpt><trkpt lat="37.229257" lon="126.767537"><time>2026-05-17T02:44:52.001Z</time><ele>8.74</ele></trkpt><trkpt lat="37.229344" lon="126.767552"><time>2026-05-17T02:44:53.001Z</time><ele>8.97</ele></trkpt><trkpt lat="37.229414" lon="126.767569"><time>2026-05-17T02:44:54.001Z</time><ele>8.73</ele></trkpt><trkpt lat="37.229488" lon="126.767581"><time>2026-05-17T02:44:55.001Z</time><ele>8.85</ele></trkpt><trkpt lat="37.229571" lon="126.767596"><time>2026-05-17T02:44:56.001Z</time><ele>8.74</ele></trkpt><trkpt lat="37.22964" lon="126.767612"><time>2026-05-17T02:44:57.001Z</time><ele>9.03</ele></trkpt><trkpt lat="37.229705" lon="126.767628"><time>2026-05-17T02:44:58.001Z</time><ele>9.33</ele></trkpt><trkpt lat="37.229769" lon="126.767642"><time>2026-05-17T02:44:59.001Z</time><ele>9.53</ele></trkpt><trkpt lat="37.22982" lon="126.767653"><time>2026-05-17T02:45:00.001Z</time><ele>9.46</ele></trkpt><trkpt lat="37.229881" lon="126.767663"><time>2026-05-17T02:45:01.001Z</time><ele>9.49</ele></trkpt><trkpt lat="37.229936" lon="126.767673"><time>2026-05-17T02:45:02.001Z</time><ele>9.58</ele></trkpt><trkpt lat="37.229983" lon="126.767687"><time>2026-05-17T02:45:03.001Z</time><ele>9.89</ele></trkpt><trkpt lat="37.230045" lon="126.767688"><time>2026-05-17T02:45:04.001Z</time><ele>10.14</ele></trkpt><trkpt lat="37.230096" lon="126.767739"><time>2026-05-17T02:45:05.001Z</time><ele>9.95</ele></trkpt><trkpt lat="37.23014" lon="126.767778"><time>2026-05-17T02:45:06.001Z</time><ele>9.88</ele></trkpt><trkpt lat="37.230174" lon="126.767826"><time>2026-05-17T02:45:07.001Z</time><ele>9.85</ele></trkpt><trkpt lat="37.230027" lon="126.767949"><time>2026-05-17T02:45:10.001Z</time><ele>9.53</ele></trkpt><trkpt lat="37.230018" lon="126.768016"><time>2026-05-17T02:45:11.001Z</time><ele>9.56</ele></trkpt><trkpt lat="37.230006" lon="126.768103"><time>2026-05-17T02:45:12.001Z</time><ele>9.82</ele></trkpt><trkpt lat="37.229993" lon="126.768203"><time>2026-05-17T02:45:13.001Z</time><ele>9.83</ele></trkpt><trkpt lat="37.229981" lon="126.768297"><time>2026-05-17T02:45:14.001Z</time><ele>9.82</ele></trkpt><trkpt lat="37.229969" lon="126.768395"><time>2026-05-17T02:45:15.001Z</time><ele>9.93</ele></trkpt><trkpt lat="37.229959" lon="126.76847"><time>2026-05-17T02:45:16.001Z</time><ele>9.74</ele></trkpt><trkpt lat="37.229949" lon="126.768551"><time>2026-05-17T02:45:17.001Z</time><ele>10.28</ele></trkpt><trkpt lat="37.229935" lon="126.768654"><time>2026-05-17T02:45:18.001Z</time><ele>10.29</ele></trkpt><trkpt lat="37.22992" lon="126.768773"><time>2026-05-17T02:45:19.001Z</time><ele>10.16</ele></trkpt><trkpt lat="37.229902" lon="126.76891"><time>2026-05-17T02:45:20.001Z</time><ele>10.28</ele></trkpt><trkpt lat="37.229885" lon="126.769043"><time>2026-05-17T02:45:21.001Z</time><ele>10.14</ele></trkpt><trkpt lat="37.229868" lon="126.769179"><time>2026-05-17T02:45:22.001Z</time><ele>9.87</ele></trkpt><trkpt lat="37.229823" lon="126.769763"><time>2026-05-17T02:45:26.001Z</time><ele>9.96</ele></trkpt><trkpt lat="37.229747" lon="126.769899"><time>2026-05-17T02:45:27.001Z</time><ele>10.08</ele></trkpt><trkpt lat="37.229674" lon="126.770041"><time>2026-05-17T02:45:28.001Z</time><ele>9.96</ele></trkpt><trkpt lat="37.229613" lon="126.77019"><time>2026-05-17T02:45:29.001Z</time><ele>9.53</ele></trkpt><trkpt lat="37.229554" lon="126.770334"><time>2026-05-17T02:45:30.001Z</time><ele>9.82</ele></trkpt><trkpt lat="37.229501" lon="126.770486"><time>2026-05-17T02:45:31.001Z</time><ele>9.7</ele></trkpt><trkpt lat="37.229452" lon="126.770651"><time>2026-05-17T02:45:32.001Z</time><ele>10.06</ele></trkpt><trkpt lat="37.229408" lon="126.770819"><time>2026-05-17T02:45:33.000Z</time><ele>9.86</ele></trkpt><trkpt lat="37.229357" lon="126.770996"><time>2026-05-17T02:45:34.000Z</time><ele>10.69</ele></trkpt><trkpt lat="37.229314" lon="126.771177"><time>2026-05-17T02:45:35.000Z</time><ele>11.02</ele></trkpt><trkpt lat="37.229285" lon="126.771354"><time>2026-05-17T02:45:36.000Z</time><ele>10.73</ele></trkpt><trkpt lat="37.229258" lon="126.771532"><time>2026-05-17T02:45:37.000Z</time><ele>10.88</ele></trkpt><trkpt lat="37.229235" lon="126.771716"><time>2026-05-17T02:45:38.000Z</time><ele>10.69</ele></trkpt><trkpt lat="37.229214" lon="126.7719"><time>2026-05-17T02:45:39.000Z</time><ele>11.25</ele></trkpt><trkpt lat="37.229197" lon="126.77208"><time>2026-05-17T02:45:40.000Z</time><ele>11.66</ele></trkpt><trkpt lat="37.229207" lon="126.772253"><time>2026-05-17T02:45:41.000Z</time><ele>12.87</ele></trkpt><trkpt lat="37.229219" lon="126.772444"><time>2026-05-17T02:45:42.000Z</time><ele>13.07</ele></trkpt><trkpt lat="37.229232" lon="126.772635"><time>2026-05-17T02:45:43.000Z</time><ele>12.6</ele></trkpt><trkpt lat="37.229253" lon="126.77282"><time>2026-05-17T02:45:44.000Z</time><ele>11.83</ele></trkpt><trkpt lat="37.229275" lon="126.773001"><time>2026-05-17T02:45:45.000Z</time><ele>12.25</ele></trkpt><trkpt lat="37.229311" lon="126.77318"><time>2026-05-17T02:45:46.000Z</time><ele>12.13</ele></trkpt><trkpt lat="37.229351" lon="126.773364"><time>2026-05-17T02:45:47.000Z</time><ele>11.94</ele></trkpt><trkpt lat="37.229394" lon="126.773548"><time>2026-05-17T02:45:48.000Z</time><ele>11.98</ele></trkpt><trkpt lat="37.229443" lon="126.773731"><time>2026-05-17T02:45:49.000Z</time><ele>11.66</ele></trkpt><trkpt lat="37.229496" lon="126.773905"><time>2026-05-17T02:45:50.000Z</time><ele>11.25</ele></trkpt><trkpt lat="37.229554" lon="126.774063"><time>2026-05-17T02:45:51.000Z</time><ele>10.61</ele></trkpt><trkpt lat="37.229616" lon="126.77421"><time>2026-05-17T02:45:52.000Z</time><ele>10.08</ele></trkpt><trkpt lat="37.22969" lon="126.774355"><time>2026-05-17T02:45:53.000Z</time><ele>9.51</ele></trkpt><trkpt lat="37.229763" lon="126.774487"><time>2026-05-17T02:45:54.000Z</time><ele>8.39</ele></trkpt><trkpt lat="37.229837" lon="126.774626"><time>2026-05-17T02:45:55.000Z</time><ele>8.23</ele></trkpt><trkpt lat="37.229908" lon="126.774755"><time>2026-05-17T02:45:56.000Z</time><ele>8.63</ele></trkpt><trkpt lat="37.229992" lon="126.774885"><time>2026-05-17T02:45:57.000Z</time><ele>8.42</ele></trkpt><trkpt lat="37.23008" lon="126.775023"><time>2026-05-17T02:45:58.000Z</time><ele>8.46</ele></trkpt><trkpt lat="37.230176" lon="126.775167"><time>2026-05-17T02:45:59.000Z</time><ele>8.64</ele></trkpt><trkpt lat="37.230284" lon="126.77531"><time>2026-05-17T02:46:00.000Z</time><ele>8.85</ele></trkpt><trkpt lat="37.230399" lon="126.775441"><time>2026-05-17T02:46:01.000Z</time><ele>8.62</ele></trkpt><trkpt lat="37.230519" lon="126.775577"><time>2026-05-17T02:46:02.000Z</time><ele>9.15</ele></trkpt><trkpt lat="37.230654" lon="126.775704"><time>2026-05-17T02:46:03.000Z</time><ele>9.13</ele></trkpt><trkpt lat="37.230799" lon="126.775827"><time>2026-05-17T02:46:04.000Z</time><ele>9.3</ele></trkpt><trkpt lat="37.230948" lon="126.775945"><time>2026-05-17T02:46:05.000Z</time><ele>9.52</ele></trkpt><trkpt lat="37.2311" lon="126.776051"><time>2026-05-17T02:46:06.000Z</time><ele>8.89</ele></trkpt><trkpt lat="37.231252" lon="126.776148"><time>2026-05-17T02:46:07.000Z</time><ele>9.13</ele></trkpt><trkpt lat="37.231407" lon="126.776235"><time>2026-05-17T02:46:08.000Z</time><ele>9.15</ele></trkpt><trkpt lat="37.231566" lon="126.776317"><time>2026-05-17T02:46:09.000Z</time><ele>8.78</ele></trkpt><trkpt lat="37.231723" lon="126.776393"><time>2026-05-17T02:46:10.000Z</time><ele>9.2</ele></trkpt><trkpt lat="37.23188" lon="126.776458"><time>2026-05-17T02:46:11.000Z</time><ele>8.79</ele></trkpt><trkpt lat="37.23204" lon="126.776514"><time>2026-05-17T02:46:12.000Z</time><ele>8.73</ele></trkpt><trkpt lat="37.232203" lon="126.776569"><time>2026-05-17T02:46:13.000Z</time><ele>9.05</ele></trkpt><trkpt lat="37.232371" lon="126.776615"><time>2026-05-17T02:46:14.000Z</time><ele>9.33</ele></trkpt><trkpt lat="37.232539" lon="126.776655"><time>2026-05-17T02:46:15.000Z</time><ele>9.42</ele></trkpt><trkpt lat="37.232711" lon="126.776682"><time>2026-05-17T02:46:16.000Z</time><ele>9.58</ele></trkpt><trkpt lat="37.232878" lon="126.776699"><time>2026-05-17T02:46:17.000Z</time><ele>9.48</ele></trkpt><trkpt lat="37.233039" lon="126.776709"><time>2026-05-17T02:46:18.000Z</time><ele>9.54</ele></trkpt><trkpt lat="37.233192" lon="126.776709"><time>2026-05-17T02:46:19.000Z</time><ele>9.72</ele></trkpt><trkpt lat="37.233347" lon="126.776706"><time>2026-05-17T02:46:20.000Z</time><ele>9.8</ele></trkpt><trkpt lat="37.233503" lon="126.776696"><time>2026-05-17T02:46:21.001Z</time><ele>9.46</ele></trkpt><trkpt lat="37.233653" lon="126.776697"><time>2026-05-17T02:46:22.001Z</time><ele>9.71</ele></trkpt><trkpt lat="37.233803" lon="126.776693"><time>2026-05-17T02:46:23.001Z</time><ele>9.8</ele></trkpt><trkpt lat="37.233953" lon="126.77669"><time>2026-05-17T02:46:24.001Z</time><ele>9.93</ele></trkpt><trkpt lat="37.234089" lon="126.776683"><time>2026-05-17T02:46:25.001Z</time><ele>9.83</ele></trkpt><trkpt lat="37.234225" lon="126.776682"><time>2026-05-17T02:46:26.001Z</time><ele>10.15</ele></trkpt><trkpt lat="37.234366" lon="126.776675"><time>2026-05-17T02:46:27.001Z</time><ele>9.89</ele></trkpt><trkpt lat="37.234501" lon="126.776673"><time>2026-05-17T02:46:28.001Z</time><ele>9.57</ele></trkpt><trkpt lat="37.234623" lon="126.776669"><time>2026-05-17T02:46:29.001Z</time><ele>9.4</ele></trkpt><trkpt lat="37.234734" lon="126.776662"><time>2026-05-17T02:46:30.001Z</time><ele>10.09</ele></trkpt><trkpt lat="37.234847" lon="126.776658"><time>2026-05-17T02:46:31.001Z</time><ele>9.42</ele></trkpt><trkpt lat="37.234949" lon="126.776655"><time>2026-05-17T02:46:32.001Z</time><ele>9.79</ele></trkpt><trkpt lat="37.235062" lon="126.776651"><time>2026-05-17T02:46:33.001Z</time><ele>9.94</ele></trkpt><trkpt lat="37.235181" lon="126.776648"><time>2026-05-17T02:46:34.001Z</time><ele>9.95</ele></trkpt><trkpt lat="37.235291" lon="126.776646"><time>2026-05-17T02:46:35.001Z</time><ele>9.85</ele></trkpt><trkpt lat="37.23539" lon="126.776659"><time>2026-05-17T02:46:36.001Z</time><ele>9.46</ele></trkpt><trkpt lat="37.235467" lon="126.776719"><time>2026-05-17T02:46:37.001Z</time><ele>9.16</ele></trkpt><trkpt lat="37.235519" lon="126.776802"><time>2026-05-17T02:46:38.001Z</time><ele>8.5</ele></trkpt><trkpt lat="37.23555" lon="126.776903"><time>2026-05-17T02:46:39.001Z</time><ele>8.59</ele></trkpt><trkpt lat="37.235555" lon="126.777028"><time>2026-05-17T02:46:40.001Z</time><ele>8.46</ele></trkpt><trkpt lat="37.235545" lon="126.777149"><time>2026-05-17T02:46:41.001Z</time><ele>8.49</ele></trkpt><trkpt lat="37.235568" lon="126.777248"><time>2026-05-17T02:46:42.001Z</time><ele>8.29</ele></trkpt><trkpt lat="37.235629" lon="126.777327"><time>2026-05-17T02:46:43.001Z</time><ele>8.39</ele></trkpt><trkpt lat="37.235704" lon="126.777364"><time>2026-05-17T02:46:44.001Z</time><ele>8.59</ele></trkpt><trkpt lat="37.235777" lon="126.777361"><time>2026-05-17T02:46:45.001Z</time><ele>8.93</ele></trkpt><trkpt lat="37.235852" lon="126.77733"><time>2026-05-17T02:46:46.001Z</time><ele>8.82</ele></trkpt><trkpt lat="37.2359" lon="126.777268"><time>2026-05-17T02:46:47.001Z</time><ele>8.78</ele></trkpt><trkpt lat="37.235933" lon="126.777166"><time>2026-05-17T02:46:48.001Z</time><ele>8.68</ele></trkpt><trkpt lat="37.235938" lon="126.777049"><time>2026-05-17T02:46:49.001Z</time><ele>8.09</ele></trkpt><trkpt lat="37.235935" lon="126.776948"><time>2026-05-17T02:46:50.001Z</time><ele>7.19</ele></trkpt><trkpt lat="37.235926" lon="126.776831"><time>2026-05-17T02:46:51.001Z</time><ele>6.19</ele></trkpt><trkpt lat="37.23592" lon="126.776722"><time>2026-05-17T02:46:52.001Z</time><ele>5.89</ele></trkpt><trkpt lat="37.235916" lon="126.77659"><time>2026-05-17T02:46:53.001Z</time><ele>4.89</ele></trkpt><trkpt lat="37.235915" lon="126.776269"><time>2026-05-17T02:46:55.001Z</time><ele>4.2</ele></trkpt><trkpt lat="37.23591" lon="126.776108"><time>2026-05-17T02:46:56.001Z</time><ele>5.15</ele></trkpt><trkpt lat="37.235907" lon="126.77595"><time>2026-05-17T02:46:57.001Z</time><ele>5.46</ele></trkpt><trkpt lat="37.235903" lon="126.775815"><time>2026-05-17T02:46:58.001Z</time><ele>6.72</ele></trkpt><trkpt lat="37.2359" lon="126.775694"><time>2026-05-17T02:46:59.001Z</time><ele>8.37</ele></trkpt><trkpt lat="37.235898" lon="126.775583"><time>2026-05-17T02:47:00.001Z</time><ele>9.37</ele></trkpt><trkpt lat="37.23589" lon="126.775475"><time>2026-05-17T02:47:01.001Z</time><ele>10.27</ele></trkpt><trkpt lat="37.235888" lon="126.775381"><time>2026-05-17T02:47:02.001Z</time><ele>10.78</ele></trkpt><trkpt lat="37.235887" lon="126.775297"><time>2026-05-17T02:47:03.001Z</time><ele>10.82</ele></trkpt><trkpt lat="37.235887" lon="126.7752"><time>2026-05-17T02:47:04.001Z</time><ele>10.51</ele></trkpt><trkpt lat="37.235908" lon="126.775109"><time>2026-05-17T02:47:05.001Z</time><ele>10.34</ele></trkpt><trkpt lat="37.235961" lon="126.77503"><time>2026-05-17T02:47:06.001Z</time><ele>10.21</ele></trkpt><trkpt lat="37.236021" lon="126.774969"><time>2026-05-17T02:47:07.001Z</time><ele>10.41</ele></trkpt><trkpt lat="37.236076" lon="126.774905"><time>2026-05-17T02:47:08.001Z</time><ele>10.09</ele></trkpt><trkpt lat="37.236102" lon="126.774816"><time>2026-05-17T02:47:09.001Z</time><ele>9.99</ele></trkpt><trkpt lat="37.236102" lon="126.77472"><time>2026-05-17T02:47:10.001Z</time><ele>10</ele></trkpt><trkpt lat="37.236083" lon="126.774625"><time>2026-05-17T02:47:11.001Z</time><ele>10.2</ele></trkpt><trkpt lat="37.236031" lon="126.774536"><time>2026-05-17T02:47:12.001Z</time><ele>9.93</ele></trkpt><trkpt lat="37.235957" lon="126.774467"><time>2026-05-17T02:47:13.001Z</time><ele>10.48</ele></trkpt><trkpt lat="37.235885" lon="126.774396"><time>2026-05-17T02:47:14.001Z</time><ele>9.98</ele></trkpt><trkpt lat="37.235847" lon="126.774283"><time>2026-05-17T02:47:15.001Z</time><ele>10.42</ele></trkpt><trkpt lat="37.235844" lon="126.774162"><time>2026-05-17T02:47:16.001Z</time><ele>10.06</ele></trkpt><trkpt lat="37.235855" lon="126.774047"><time>2026-05-17T02:47:17.001Z</time><ele>9.89</ele></trkpt><trkpt lat="37.23586" lon="126.773952"><time>2026-05-17T02:47:18.001Z</time><ele>10</ele></trkpt><trkpt lat="37.235862" lon="126.773875"><time>2026-05-17T02:47:19.001Z</time><ele>9.36</ele></trkpt><trkpt lat="37.235859" lon="126.773814"><time>2026-05-17T02:47:20.001Z</time><ele>9.56</ele></trkpt><trkpt lat="37.235859" lon="126.773739"><time>2026-05-17T02:47:21.001Z</time><ele>9.68</ele></trkpt><trkpt lat="37.235854" lon="126.77364"><time>2026-05-17T02:47:22.001Z</time><ele>10.03</ele></trkpt><trkpt lat="37.23585" lon="126.773528"><time>2026-05-17T02:47:23.001Z</time><ele>9.81</ele></trkpt><trkpt lat="37.235851" lon="126.773417"><time>2026-05-17T02:47:24.001Z</time><ele>10.02</ele></trkpt><trkpt lat="37.235848" lon="126.773321"><time>2026-05-17T02:47:25.001Z</time><ele>10.3</ele></trkpt><trkpt lat="37.235838" lon="126.773225"><time>2026-05-17T02:47:26.001Z</time><ele>10.65</ele></trkpt><trkpt lat="37.235838" lon="126.773149"><time>2026-05-17T02:47:27.001Z</time><ele>10.18</ele></trkpt><trkpt lat="37.235841" lon="126.773082"><time>2026-05-17T02:47:28.001Z</time><ele>10.09</ele></trkpt><trkpt lat="37.235841" lon="126.773022"><time>2026-05-17T02:47:29.001Z</time><ele>10.06</ele></trkpt><trkpt lat="37.235843" lon="126.772963"><time>2026-05-17T02:47:30.001Z</time><ele>9.97</ele></trkpt><trkpt lat="37.235836" lon="126.772892"><time>2026-05-17T02:47:31.001Z</time><ele>10</ele></trkpt><trkpt lat="37.235837" lon="126.772815"><time>2026-05-17T02:47:32.001Z</time><ele>9.9</ele></trkpt><trkpt lat="37.235834" lon="126.772723"><time>2026-05-17T02:47:33.001Z</time><ele>9.78</ele></trkpt><trkpt lat="37.235835" lon="126.772635"><time>2026-05-17T02:47:34.001Z</time><ele>9.85</ele></trkpt><trkpt lat="37.235833" lon="126.77256"><time>2026-05-17T02:47:35.001Z</time><ele>9.65</ele></trkpt><trkpt lat="37.23583" lon="126.772494"><time>2026-05-17T02:47:36.001Z</time><ele>9.61</ele></trkpt><trkpt lat="37.235826" lon="126.772418"><time>2026-05-17T02:47:37.001Z</time><ele>9.6</ele></trkpt><trkpt lat="37.235824" lon="126.772347"><time>2026-05-17T02:47:38.001Z</time><ele>9.66</ele></trkpt><trkpt lat="37.235823" lon="126.772264"><time>2026-05-17T02:47:39.000Z</time><ele>9.88</ele></trkpt><trkpt lat="37.235825" lon="126.7722"><time>2026-05-17T02:47:40.000Z</time><ele>9.85</ele></trkpt><trkpt lat="37.235825" lon="126.77214"><time>2026-05-17T02:47:41.000Z</time><ele>9.82</ele></trkpt><trkpt lat="37.235827" lon="126.772075"><time>2026-05-17T02:47:42.000Z</time><ele>9.98</ele></trkpt><trkpt lat="37.235823" lon="126.772018"><time>2026-05-17T02:47:43.000Z</time><ele>9.76</ele></trkpt><trkpt lat="37.235815" lon="126.771935"><time>2026-05-17T02:47:55.000Z</time><ele>7.2</ele></trkpt><trkpt lat="37.235813" lon="126.771876"><time>2026-05-17T02:47:56.000Z</time><ele>7.18</ele></trkpt><trkpt lat="37.235809" lon="126.771807"><time>2026-05-17T02:47:57.000Z</time><ele>7.22</ele></trkpt><trkpt lat="37.235804" lon="126.771725"><time>2026-05-17T02:47:58.000Z</time><ele>7.01</ele></trkpt><trkpt lat="37.235806" lon="126.77164"><time>2026-05-17T02:47:59.000Z</time><ele>7.24</ele></trkpt><trkpt lat="37.235813" lon="126.771559"><time>2026-05-17T02:48:00.000Z</time><ele>7.02</ele></trkpt><trkpt lat="37.235813" lon="126.771464"><time>2026-05-17T02:48:01.000Z</time><ele>7.25</ele></trkpt><trkpt lat="37.235805" lon="126.771359"><time>2026-05-17T02:48:02.000Z</time><ele>7.46</ele></trkpt><trkpt lat="37.235798" lon="126.771252"><time>2026-05-17T02:48:03.000Z</time><ele>7.63</ele></trkpt><trkpt lat="37.235793" lon="126.771143"><time>2026-05-17T02:48:04.000Z</time><ele>7.72</ele></trkpt><trkpt lat="37.235791" lon="126.771035"><time>2026-05-17T02:48:05.000Z</time><ele>7.27</ele></trkpt><trkpt lat="37.23579" lon="126.770926"><time>2026-05-17T02:48:06.000Z</time><ele>7.85</ele></trkpt><trkpt lat="37.235785" lon="126.770819"><time>2026-05-17T02:48:07.000Z</time><ele>7.64</ele></trkpt><trkpt lat="37.23578" lon="126.770715"><time>2026-05-17T02:48:08.000Z</time><ele>7.89</ele></trkpt><trkpt lat="37.235778" lon="126.770617"><time>2026-05-17T02:48:09.000Z</time><ele>7.97</ele></trkpt><trkpt lat="37.235781" lon="126.770532"><time>2026-05-17T02:48:10.000Z</time><ele>8.14</ele></trkpt><trkpt lat="37.235611" lon="126.770037"><time>2026-05-17T02:48:21.000Z</time><ele>9.18</ele></trkpt><trkpt lat="37.235569" lon="126.770078"><time>2026-05-17T02:48:22.000Z</time><ele>9.13</ele></trkpt><trkpt lat="37.235498" lon="126.770136"><time>2026-05-17T02:48:24.000Z</time><ele>9.08</ele></trkpt><trkpt lat="37.235443" lon="126.770158"><time>2026-05-17T02:48:25.000Z</time><ele>9.04</ele></trkpt><trkpt lat="37.235388" lon="126.770159"><time>2026-05-17T02:48:27.000Z</time><ele>9.18</ele></trkpt><trkpt lat="37.235341" lon="126.770162"><time>2026-05-17T02:48:30.001Z</time><ele>9.13</ele></trkpt><trkpt lat="37.235258" lon="126.77019"><time>2026-05-17T02:48:37.001Z</time><ele>9</ele></trkpt><trkpt lat="37.235209" lon="126.770198"><time>2026-05-17T02:48:39.001Z</time><ele>9.25</ele></trkpt><trkpt lat="37.235179" lon="126.770154"><time>2026-05-17T02:48:48.001Z</time><ele>9.12</ele></trkpt><trkpt lat="37.235234" lon="126.770156"><time>2026-05-17T02:50:07.000Z</time><ele>9.28</ele></trkpt><trkpt lat="37.235286" lon="126.770155"><time>2026-05-17T02:50:11.000Z</time><ele>10.73</ele></trkpt><trkpt lat="37.235343" lon="126.770149"><time>2026-05-17T02:50:16.000Z</time><ele>9.09</ele></trkpt><trkpt lat="37.235388" lon="126.770151"><time>2026-05-17T02:50:19.000Z</time><ele>8.03</ele></trkpt><trkpt lat="37.235431" lon="126.770175"><time>2026-05-17T02:50:22.000Z</time><ele>8.58</ele></trkpt><trkpt lat="37.23548" lon="126.770199"><time>2026-05-17T02:50:26.000Z</time><ele>8.25</ele></trkpt><trkpt lat="37.235528" lon="126.770234"><time>2026-05-17T02:50:30.000Z</time><ele>7.56</ele></trkpt><trkpt lat="37.235569" lon="126.770267"><time>2026-05-17T02:50:34.000Z</time><ele>7.47</ele></trkpt><trkpt lat="37.235595" lon="126.770316"><time>2026-05-17T02:50:37.001Z</time><ele>7.74</ele></trkpt><trkpt lat="37.235638" lon="126.770363"><time>2026-05-17T02:50:41.001Z</time><ele>9.17</ele></trkpt><trkpt lat="37.235677" lon="126.770412"><time>2026-05-17T02:50:45.001Z</time><ele>9.06</ele></trkpt><trkpt lat="37.235715" lon="126.770469"><time>2026-05-17T02:50:49.001Z</time><ele>8.33</ele></trkpt><trkpt lat="37.235743" lon="126.770515"><time>2026-05-17T02:50:52.001Z</time><ele>8.66</ele></trkpt><trkpt lat="37.235763" lon="126.770568"><time>2026-05-17T02:50:55.001Z</time><ele>8.53</ele></trkpt><trkpt lat="37.235787" lon="126.770637"><time>2026-05-17T02:50:59.001Z</time><ele>8.44</ele></trkpt><trkpt lat="37.235791" lon="126.770706"><time>2026-05-17T02:51:03.001Z</time><ele>7.62</ele></trkpt><trkpt lat="37.235793" lon="126.770764"><time>2026-05-17T02:51:06.001Z</time><ele>7.96</ele></trkpt><trkpt lat="37.235793" lon="126.770822"><time>2026-05-17T02:51:09.001Z</time><ele>8.05</ele></trkpt><trkpt lat="37.235793" lon="126.770895"><time>2026-05-17T02:51:13.001Z</time><ele>8.55</ele></trkpt><trkpt lat="37.235797" lon="126.770968"><time>2026-05-17T02:51:17.001Z</time><ele>8.3</ele></trkpt><trkpt lat="37.2358" lon="126.77104"><time>2026-05-17T02:51:21.001Z</time><ele>8.6</ele></trkpt><trkpt lat="37.235796" lon="126.771109"><time>2026-05-17T02:51:25.001Z</time><ele>9</ele></trkpt><trkpt lat="37.2358" lon="126.77118"><time>2026-05-17T02:51:29.001Z</time><ele>9.6</ele></trkpt><trkpt lat="37.235809" lon="126.771246"><time>2026-05-17T02:51:33.001Z</time><ele>9.04</ele></trkpt><trkpt lat="37.235823" lon="126.771315"><time>2026-05-17T02:51:37.001Z</time><ele>7.96</ele></trkpt><trkpt lat="37.235827" lon="126.771387"><time>2026-05-17T02:51:41.001Z</time><ele>7.51</ele></trkpt><trkpt lat="37.23586" lon="126.771427"><time>2026-05-17T02:51:44.001Z</time><ele>6.73</ele></trkpt><trkpt lat="37.235909" lon="126.771459"><time>2026-05-17T02:51:48.001Z</time><ele>5.98</ele></trkpt><trkpt lat="37.235955" lon="126.771465"><time>2026-05-17T02:51:51.000Z</time><ele>5.95</ele></trkpt><trkpt lat="37.236013" lon="126.771483"><time>2026-05-17T02:51:55.000Z</time><ele>6.87</ele></trkpt><trkpt lat="37.236071" lon="126.771464"><time>2026-05-17T02:51:59.000Z</time><ele>6.82</ele></trkpt><trkpt lat="37.236119" lon="126.771423"><time>2026-05-17T02:52:03.000Z</time><ele>6.55</ele></trkpt><trkpt lat="37.236151" lon="126.771359"><time>2026-05-17T02:52:07.000Z</time><ele>7.29</ele></trkpt><trkpt lat="37.236167" lon="126.771298"><time>2026-05-17T02:52:11.000Z</time><ele>7.36</ele></trkpt><trkpt lat="37.236159" lon="126.771235"><time>2026-05-17T02:52:15.000Z</time><ele>7.28</ele></trkpt><trkpt lat="37.236165" lon="126.771174"><time>2026-05-17T02:52:19.000Z</time><ele>7.91</ele></trkpt><trkpt lat="37.236168" lon="126.771118"><time>2026-05-17T02:52:23.000Z</time><ele>8.39</ele></trkpt><trkpt lat="37.23617" lon="126.771057"><time>2026-05-17T02:52:27.000Z</time><ele>8.64</ele></trkpt><trkpt lat="37.23616" lon="126.771002"><time>2026-05-17T02:52:35.000Z</time><ele>8.2</ele></trkpt><trkpt lat="37.236215" lon="126.771022"><time>2026-05-17T02:52:55.001Z</time><ele>8.68</ele></trkpt><trkpt lat="37.23627" lon="126.771014"><time>2026-05-17T02:53:02.001Z</time><ele>7.57</ele></trkpt><trkpt lat="37.236322" lon="126.771002"><time>2026-05-17T02:53:07.001Z</time><ele>7.35</ele></trkpt><trkpt lat="37.236391" lon="126.770913"><time>2026-05-17T02:53:16.001Z</time><ele>8.11</ele></trkpt><trkpt lat="37.236426" lon="126.770862"><time>2026-05-17T02:53:21.001Z</time><ele>7.97</ele></trkpt><trkpt lat="37.236446" lon="126.770799"><time>2026-05-17T02:53:27.001Z</time><ele>7.84</ele></trkpt><trkpt lat="37.236493" lon="126.770774"><time>2026-05-17T02:53:33.001Z</time><ele>8.19</ele></trkpt><trkpt lat="37.236518" lon="126.770719"><time>2026-05-17T02:53:38.001Z</time><ele>7.72</ele></trkpt><trkpt lat="37.236566" lon="126.770694"><time>2026-05-17T02:53:43.001Z</time><ele>7.95</ele></trkpt><trkpt lat="37.236486" lon="126.77068"><time>2026-05-17T02:53:58.000Z</time><ele>7.31</ele></trkpt><trkpt lat="37.23647" lon="126.770733"><time>2026-05-17T02:54:01.000Z</time><ele>8.28</ele></trkpt><trkpt lat="37.236461" lon="126.770791"><time>2026-05-17T02:54:05.000Z</time><ele>7.81</ele></trkpt><trkpt lat="37.236457" lon="126.770859"><time>2026-05-17T02:54:11.000Z</time><ele>7.43</ele></trkpt><trkpt lat="37.236415" lon="126.770885"><time>2026-05-17T02:54:19.000Z</time><ele>7.14</ele></trkpt><trkpt lat="37.236407" lon="126.770955"><time>2026-05-17T02:54:24.000Z</time><ele>7.07</ele></trkpt><trkpt lat="37.23644" lon="126.770998"><time>2026-05-17T02:54:27.000Z</time><ele>7.27</ele></trkpt><trkpt lat="37.236483" lon="126.771021"><time>2026-05-17T02:54:30.000Z</time><ele>7.51</ele></trkpt><trkpt lat="37.236531" lon="126.771021"><time>2026-05-17T02:54:33.000Z</time><ele>7.65</ele></trkpt><trkpt lat="37.236579" lon="126.771038"><time>2026-05-17T02:54:36.000Z</time><ele>7.83</ele></trkpt><trkpt lat="37.236633" lon="126.77103"><time>2026-05-17T02:54:40.000Z</time><ele>7.71</ele></trkpt><trkpt lat="37.23674" lon="126.771024"><time>2026-05-17T02:54:47.000Z</time><ele>7.61</ele></trkpt><trkpt lat="37.236787" lon="126.77102"><time>2026-05-17T02:54:50.000Z</time><ele>7.47</ele></trkpt><trkpt lat="37.236838" lon="126.771018"><time>2026-05-17T02:54:55.000Z</time><ele>7.1</ele></trkpt><trkpt lat="37.236884" lon="126.771025"><time>2026-05-17T02:54:59.001Z</time><ele>6.92</ele></trkpt><trkpt lat="37.236939" lon="126.77103"><time>2026-05-17T02:55:04.001Z</time><ele>7.92</ele></trkpt><trkpt lat="37.236985" lon="126.771017"><time>2026-05-17T02:55:08.001Z</time><ele>8.3</ele></trkpt><trkpt lat="37.237031" lon="126.771002"><time>2026-05-17T02:55:12.001Z</time><ele>8.27</ele></trkpt><trkpt lat="37.237084" lon="126.770998"><time>2026-05-17T02:55:16.001Z</time><ele>9.64</ele></trkpt><trkpt lat="37.237132" lon="126.771014"><time>2026-05-17T02:55:20.001Z</time><ele>8.51</ele></trkpt><trkpt lat="37.237184" lon="126.771018"><time>2026-05-17T02:55:24.001Z</time><ele>8.83</ele></trkpt><trkpt lat="37.237235" lon="126.771042"><time>2026-05-17T02:55:28.001Z</time><ele>8.14</ele></trkpt><trkpt lat="37.23729" lon="126.771043"><time>2026-05-17T02:55:33.001Z</time><ele>7.86</ele></trkpt><trkpt lat="37.237339" lon="126.771042"><time>2026-05-17T02:55:37.001Z</time><ele>7.71</ele></trkpt><trkpt lat="37.237395" lon="126.771035"><time>2026-05-17T02:55:42.001Z</time><ele>7.9</ele></trkpt><trkpt lat="37.23744" lon="126.771038"><time>2026-05-17T02:55:46.001Z</time><ele>8.39</ele></trkpt><trkpt lat="37.237494" lon="126.771031"><time>2026-05-17T02:55:51.001Z</time><ele>7.91</ele></trkpt><trkpt lat="37.237546" lon="126.771016"><time>2026-05-17T02:55:56.001Z</time><ele>7.93</ele></trkpt><trkpt lat="37.237598" lon="126.771012"><time>2026-05-17T02:56:02.001Z</time><ele>7.37</ele></trkpt><trkpt lat="37.237649" lon="126.77102"><time>2026-05-17T02:56:06.000Z</time><ele>7.47</ele></trkpt><trkpt lat="37.237752" lon="126.770996"><time>2026-05-17T02:56:15.000Z</time><ele>8.05</ele></trkpt><trkpt lat="37.237792" lon="126.770957"><time>2026-05-17T02:56:20.000Z</time><ele>7.41</ele></trkpt><trkpt lat="37.237839" lon="126.770942"><time>2026-05-17T02:56:29.000Z</time><ele>7.15</ele></trkpt><trkpt lat="37.237888" lon="126.770942"><time>2026-05-17T02:56:36.000Z</time><ele>7.45</ele></trkpt><trkpt lat="37.237934" lon="126.770944"><time>2026-05-17T02:56:41.000Z</time><ele>7.55</ele></trkpt><trkpt lat="37.238131" lon="126.770934"><time>2026-05-17T02:57:01.001Z</time><ele>7.1</ele></trkpt><trkpt lat="37.238182" lon="126.770964"><time>2026-05-17T02:57:07.001Z</time><ele>6.18</ele></trkpt><trkpt lat="37.238229" lon="126.770955"><time>2026-05-17T02:57:17.001Z</time><ele>7.27</ele></trkpt><trkpt lat="37.238277" lon="126.77095"><time>2026-05-17T02:58:00.001Z</time><ele>7.06</ele></trkpt><trkpt lat="37.238229" lon="126.770969"><time>2026-05-17T03:03:55.001Z</time><ele>6.6</ele></trkpt><trkpt lat="37.238271" lon="126.771001"><time>2026-05-17T03:05:17.000Z</time><ele>6.72</ele></trkpt><trkpt lat="37.23832" lon="126.771002"><time>2026-05-17T03:05:24.000Z</time><ele>6.64</ele></trkpt><trkpt lat="37.238365" lon="126.771014"><time>2026-05-17T03:05:30.000Z</time><ele>6.83</ele></trkpt><trkpt lat="37.238413" lon="126.771014"><time>2026-05-17T03:05:38.000Z</time><ele>6.81</ele></trkpt><trkpt lat="37.238464" lon="126.770995"><time>2026-05-17T03:05:44.000Z</time><ele>6.71</ele></trkpt><trkpt lat="37.23851" lon="126.770984"><time>2026-05-17T03:05:53.001Z</time><ele>7.12</ele></trkpt><trkpt lat="37.238557" lon="126.77097"><time>2026-05-17T03:06:07.001Z</time><ele>6.71</ele></trkpt><trkpt lat="37.238599" lon="126.770947"><time>2026-05-17T03:08:08.001Z</time><ele>6.91</ele></trkpt><trkpt lat="37.238649" lon="126.770948"><time>2026-05-17T03:08:41.000Z</time><ele>6.62</ele></trkpt><trkpt lat="37.238689" lon="126.770978"><time>2026-05-17T03:08:55.000Z</time><ele>7.02</ele></trkpt><trkpt lat="37.238742" lon="126.770971"><time>2026-05-17T03:09:02.000Z</time><ele>7.05</ele></trkpt><trkpt lat="37.238784" lon="126.771013"><time>2026-05-17T03:09:17.000Z</time><ele>7.04</ele></trkpt><trkpt lat="37.238828" lon="126.771028"><time>2026-05-17T03:09:22.000Z</time><ele>7.56</ele></trkpt><trkpt lat="37.238873" lon="126.77102"><time>2026-05-17T03:09:28.001Z</time><ele>7.52</ele></trkpt><trkpt lat="37.238921" lon="126.771003"><time>2026-05-17T03:09:36.001Z</time><ele>7.72</ele></trkpt><trkpt lat="37.23892" lon="126.770941"><time>2026-05-17T03:10:19.001Z</time><ele>7.42</ele></trkpt><trkpt lat="37.238969" lon="126.770941"><time>2026-05-17T03:10:46.000Z</time><ele>7.9</ele></trkpt><trkpt lat="37.239001" lon="126.770982"><time>2026-05-17T03:11:03.000Z</time><ele>8.23</ele></trkpt><trkpt lat="37.23905" lon="126.770992"><time>2026-05-17T03:11:24.000Z</time><ele>8.24</ele></trkpt><trkpt lat="37.239096" lon="126.771002"><time>2026-05-17T03:11:48.001Z</time><ele>7.74</ele></trkpt><trkpt lat="37.23914" lon="126.770978"><time>2026-05-17T03:12:08.001Z</time><ele>8.24</ele></trkpt><trkpt lat="37.23919" lon="126.770961"><time>2026-05-17T03:12:17.001Z</time><ele>7.81</ele></trkpt><trkpt lat="37.23924" lon="126.770958"><time>2026-05-17T03:12:24.001Z</time><ele>8.82</ele></trkpt><trkpt lat="37.239286" lon="126.770935"><time>2026-05-17T03:12:31.001Z</time><ele>8.55</ele></trkpt><trkpt lat="37.239332" lon="126.77094"><time>2026-05-17T03:12:37.001Z</time><ele>8.51</ele></trkpt><trkpt lat="37.239383" lon="126.77094"><time>2026-05-17T03:12:44.001Z</time><ele>8.65</ele></trkpt><trkpt lat="37.239433" lon="126.770938"><time>2026-05-17T03:12:50.001Z</time><ele>9.08</ele></trkpt><trkpt lat="37.23939" lon="126.770906"><time>2026-05-17T03:13:11.000Z</time><ele>8.23</ele></trkpt><trkpt lat="37.239342" lon="126.770892"><time>2026-05-17T03:13:18.000Z</time><ele>7.61</ele></trkpt><trkpt lat="37.239296" lon="126.770883"><time>2026-05-17T03:13:24.000Z</time><ele>7.69</ele></trkpt><trkpt lat="37.23925" lon="126.770865"><time>2026-05-17T03:13:30.000Z</time><ele>7.97</ele></trkpt><trkpt lat="37.239203" lon="126.770855"><time>2026-05-17T03:13:36.000Z</time><ele>7.88</ele></trkpt><trkpt lat="37.239153" lon="126.770839"><time>2026-05-17T03:13:42.001Z</time><ele>7.79</ele></trkpt><trkpt lat="37.239103" lon="126.770833"><time>2026-05-17T03:13:49.001Z</time><ele>7.43</ele></trkpt><trkpt lat="37.239059" lon="126.770816"><time>2026-05-17T03:13:54.001Z</time><ele>7.75</ele></trkpt><trkpt lat="37.239006" lon="126.77081"><time>2026-05-17T03:14:01.001Z</time><ele>7.6</ele></trkpt><trkpt lat="37.238956" lon="126.770812"><time>2026-05-17T03:14:08.001Z</time><ele>7.27</ele></trkpt><trkpt lat="37.238908" lon="126.770807"><time>2026-05-17T03:14:14.001Z</time><ele>7.14</ele></trkpt><trkpt lat="37.238857" lon="126.770806"><time>2026-05-17T03:14:20.001Z</time><ele>7.27</ele></trkpt><trkpt lat="37.23883" lon="126.770857"><time>2026-05-17T03:14:27.001Z</time><ele>8.44</ele></trkpt><trkpt lat="37.238828" lon="126.770971"><time>2026-05-17T03:14:39.001Z</time><ele>8.56</ele></trkpt><trkpt lat="37.238796" lon="126.771016"><time>2026-05-17T03:14:59.000Z</time><ele>7.87</ele></trkpt><trkpt lat="37.238756" lon="126.77099"><time>2026-05-17T03:15:08.000Z</time><ele>7.62</ele></trkpt><trkpt lat="37.238711" lon="126.770991"><time>2026-05-17T03:15:16.000Z</time><ele>7.48</ele></trkpt><trkpt lat="37.238664" lon="126.770986"><time>2026-05-17T03:15:24.000Z</time><ele>7.48</ele></trkpt><trkpt lat="37.238616" lon="126.770995"><time>2026-05-17T03:15:32.000Z</time><ele>7.14</ele></trkpt><trkpt lat="37.23857" lon="126.771017"><time>2026-05-17T03:15:40.000Z</time><ele>7.15</ele></trkpt><trkpt lat="37.238487" lon="126.770972"><time>2026-05-17T03:15:52.001Z</time><ele>7.01</ele></trkpt><trkpt lat="37.238433" lon="126.770981"><time>2026-05-17T03:16:00.001Z</time><ele>7.84</ele></trkpt><trkpt lat="37.238388" lon="126.770971"><time>2026-05-17T03:16:31.001Z</time><ele>8.01</ele></trkpt><trkpt lat="37.238348" lon="126.771002"><time>2026-05-17T03:16:38.001Z</time><ele>7.24</ele></trkpt><trkpt lat="37.238301" lon="126.771007"><time>2026-05-17T03:16:46.001Z</time><ele>7.75</ele></trkpt><trkpt lat="37.238256" lon="126.771003"><time>2026-05-17T03:16:56.001Z</time><ele>7.49</ele></trkpt><trkpt lat="37.238211" lon="126.770988"><time>2026-05-17T03:17:08.000Z</time><ele>7.23</ele></trkpt><trkpt lat="37.23817" lon="126.770965"><time>2026-05-17T03:17:29.000Z</time><ele>8.12</ele></trkpt><trkpt lat="37.238126" lon="126.770987"><time>2026-05-17T03:17:36.000Z</time><ele>8.82</ele></trkpt><trkpt lat="37.238082" lon="126.770999"><time>2026-05-17T03:17:51.000Z</time><ele>8.26</ele></trkpt><trkpt lat="37.238038" lon="126.770986"><time>2026-05-17T03:18:01.001Z</time><ele>7.95</ele></trkpt><trkpt lat="37.237991" lon="126.771004"><time>2026-05-17T03:20:55.001Z</time><ele>7.92</ele></trkpt><trkpt lat="37.238033" lon="126.77097"><time>2026-05-17T03:21:34.000Z</time><ele>9.36</ele></trkpt><trkpt lat="37.237987" lon="126.77096"><time>2026-05-17T03:25:05.001Z</time><ele>8.33</ele></trkpt><trkpt lat="37.23789" lon="126.770999"><time>2026-05-17T03:25:26.001Z</time><ele>8.41</ele></trkpt><trkpt lat="37.237845" lon="126.771004"><time>2026-05-17T03:25:41.000Z</time><ele>8.18</ele></trkpt><trkpt lat="37.237887" lon="126.771025"><time>2026-05-17T03:26:08.000Z</time><ele>8.59</ele></trkpt><trkpt lat="37.237932" lon="126.771006"><time>2026-05-17T03:26:53.001Z</time><ele>7.48</ele></trkpt><trkpt lat="37.237884" lon="126.771008"><time>2026-05-17T03:28:22.000Z</time><ele>7.84</ele></trkpt><trkpt lat="37.237837" lon="126.771009"><time>2026-05-17T03:28:41.001Z</time><ele>7.87</ele></trkpt><trkpt lat="37.237729" lon="126.770935"><time>2026-05-17T03:29:49.000Z</time><ele>7.32</ele></trkpt><trkpt lat="37.237734" lon="126.770877"><time>2026-05-17T03:29:59.000Z</time><ele>7.51</ele></trkpt><trkpt lat="37.237734" lon="126.770812"><time>2026-05-17T03:30:12.000Z</time><ele>7.97</ele></trkpt><trkpt lat="37.237739" lon="126.770756"><time>2026-05-17T03:30:25.000Z</time><ele>8.17</ele></trkpt><trkpt lat="37.23773" lon="126.7707"><time>2026-05-17T03:30:41.001Z</time><ele>7.83</ele></trkpt><trkpt lat="37.237719" lon="126.77064"><time>2026-05-17T03:30:56.001Z</time><ele>7.97</ele></trkpt><trkpt lat="37.23769" lon="126.770684"><time>2026-05-17T03:31:08.001Z</time><ele>8.5</ele></trkpt><trkpt lat="37.237682" lon="126.770744"><time>2026-05-17T03:31:22.001Z</time><ele>8.27</ele></trkpt><trkpt lat="37.237637" lon="126.770739"><time>2026-05-17T03:31:32.001Z</time><ele>8.44</ele></trkpt><trkpt lat="37.237588" lon="126.770733"><time>2026-05-17T03:31:48.000Z</time><ele>7.61</ele></trkpt><trkpt lat="37.237543" lon="126.770746"><time>2026-05-17T03:31:58.000Z</time><ele>7.97</ele></trkpt><trkpt lat="37.23738" lon="126.770732"><time>2026-05-17T03:32:52.001Z</time><ele>7.99</ele></trkpt><trkpt lat="37.237337" lon="126.770753"><time>2026-05-17T03:33:38.001Z</time><ele>7.88</ele></trkpt><trkpt lat="37.237296" lon="126.770788"><time>2026-05-17T03:35:33.001Z</time><ele>8.49</ele></trkpt><trkpt lat="37.237246" lon="126.770767"><time>2026-05-17T03:35:39.001Z</time><ele>9.28</ele></trkpt><trkpt lat="37.237196" lon="126.770772"><time>2026-05-17T03:35:45.001Z</time><ele>9.04</ele></trkpt><trkpt lat="37.237145" lon="126.770769"><time>2026-05-17T03:35:51.001Z</time><ele>8.66</ele></trkpt><trkpt lat="37.237091" lon="126.770762"><time>2026-05-17T03:35:57.000Z</time><ele>8.68</ele></trkpt><trkpt lat="37.237042" lon="126.770747"><time>2026-05-17T03:36:03.000Z</time><ele>8.09</ele></trkpt><trkpt lat="37.236997" lon="126.77074"><time>2026-05-17T03:36:10.000Z</time><ele>8.95</ele></trkpt><trkpt lat="37.236953" lon="126.770728"><time>2026-05-17T03:36:17.000Z</time><ele>7.92</ele></trkpt><trkpt lat="37.236909" lon="126.770753"><time>2026-05-17T03:36:23.000Z</time><ele>7.36</ele></trkpt><trkpt lat="37.236864" lon="126.770774"><time>2026-05-17T03:36:30.000Z</time><ele>6.89</ele></trkpt><trkpt lat="37.236818" lon="126.770767"><time>2026-05-17T03:36:38.000Z</time><ele>6.22</ele></trkpt><trkpt lat="37.236768" lon="126.770769"><time>2026-05-17T03:36:49.000Z</time><ele>6.38</ele></trkpt><trkpt lat="37.236782" lon="126.770891"><time>2026-05-17T03:37:27.001Z</time><ele>6.18</ele></trkpt><trkpt lat="37.236734" lon="126.770895"><time>2026-05-17T03:37:33.001Z</time><ele>6.43</ele></trkpt><trkpt lat="37.236685" lon="126.770894"><time>2026-05-17T03:37:39.001Z</time><ele>6.67</ele></trkpt><trkpt lat="37.236629" lon="126.770895"><time>2026-05-17T03:37:47.001Z</time><ele>6.54</ele></trkpt><trkpt lat="37.236585" lon="126.770881"><time>2026-05-17T03:37:59.001Z</time><ele>6.32</ele></trkpt><trkpt lat="37.236562" lon="126.77082"><time>2026-05-17T03:38:05.000Z</time><ele>6.59</ele></trkpt><trkpt lat="37.236528" lon="126.770769"><time>2026-05-17T03:38:20.000Z</time><ele>7.18</ele></trkpt><trkpt lat="37.236508" lon="126.770714"><time>2026-05-17T03:38:26.000Z</time><ele>7.86</ele></trkpt><trkpt lat="37.236462" lon="126.770741"><time>2026-05-17T03:39:02.001Z</time><ele>7.65</ele></trkpt><trkpt lat="37.236421" lon="126.770718"><time>2026-05-17T03:39:47.001Z</time><ele>7.47</ele></trkpt><trkpt lat="37.236373" lon="126.770703"><time>2026-05-17T03:41:21.001Z</time><ele>7.37</ele></trkpt><trkpt lat="37.236325" lon="126.770678"><time>2026-05-17T03:41:28.001Z</time><ele>7.58</ele></trkpt><trkpt lat="37.23632" lon="126.770737"><time>2026-05-17T03:42:20.000Z</time><ele>7.84</ele></trkpt><trkpt lat="37.236359" lon="126.770767"><time>2026-05-17T03:42:35.000Z</time><ele>8.12</ele></trkpt><trkpt lat="37.236384" lon="126.770709"><time>2026-05-17T03:42:44.000Z</time><ele>7.9</ele></trkpt><trkpt lat="37.236419" lon="126.770666"><time>2026-05-17T03:42:55.000Z</time><ele>8.53</ele></trkpt><trkpt lat="37.236414" lon="126.770729"><time>2026-05-17T03:43:30.001Z</time><ele>7.91</ele></trkpt><trkpt lat="37.236465" lon="126.770759"><time>2026-05-17T03:43:48.001Z</time><ele>7.52</ele></trkpt><trkpt lat="37.236498" lon="126.77081"><time>2026-05-17T03:43:54.001Z</time><ele>7.29</ele></trkpt><trkpt lat="37.236541" lon="126.770833"><time>2026-05-17T03:44:06.001Z</time><ele>7.42</ele></trkpt><trkpt lat="37.236577" lon="126.770868"><time>2026-05-17T03:44:23.000Z</time><ele>7.43</ele></trkpt><trkpt lat="37.236616" lon="126.770899"><time>2026-05-17T03:44:33.000Z</time><ele>7.21</ele></trkpt><trkpt lat="37.236664" lon="126.770903"><time>2026-05-17T03:44:41.000Z</time><ele>7.22</ele></trkpt><trkpt lat="37.236713" lon="126.770889"><time>2026-05-17T03:44:52.000Z</time><ele>7.32</ele></trkpt><trkpt lat="37.236794" lon="126.770827"><time>2026-05-17T03:45:03.000Z</time><ele>7.71</ele></trkpt><trkpt lat="37.236986" lon="126.770702"><time>2026-05-17T03:45:29.001Z</time><ele>8.29</ele></trkpt><trkpt lat="37.237033" lon="126.770697"><time>2026-05-17T03:45:43.001Z</time><ele>8.04</ele></trkpt><trkpt lat="37.237079" lon="126.770666"><time>2026-05-17T03:45:50.001Z</time><ele>8.31</ele></trkpt><trkpt lat="37.236947" lon="126.770669"><time>2026-05-17T03:47:35.001Z</time><ele>8.39</ele></trkpt><trkpt lat="37.236896" lon="126.770671"><time>2026-05-17T03:47:40.001Z</time><ele>8.39</ele></trkpt><trkpt lat="37.236848" lon="126.770689"><time>2026-05-17T03:48:09.001Z</time><ele>8.1</ele></trkpt><trkpt lat="37.2368" lon="126.770715"><time>2026-05-17T03:48:15.001Z</time><ele>8.19</ele></trkpt><trkpt lat="37.236752" lon="126.770711"><time>2026-05-17T03:48:20.001Z</time><ele>8.73</ele></trkpt><trkpt lat="37.236753" lon="126.77077"><time>2026-05-17T03:48:24.001Z</time><ele>7.84</ele></trkpt><trkpt lat="37.236727" lon="126.770819"><time>2026-05-17T03:48:30.001Z</time><ele>7.56</ele></trkpt><trkpt lat="37.236756" lon="126.770769"><time>2026-05-17T03:54:20.001Z</time><ele>4.3</ele></trkpt><trkpt lat="37.236788" lon="126.770719"><time>2026-05-17T03:54:24.001Z</time><ele>4.95</ele></trkpt><trkpt lat="37.236833" lon="126.770713"><time>2026-05-17T03:54:27.001Z</time><ele>5.02</ele></trkpt><trkpt lat="37.236886" lon="126.770688"><time>2026-05-17T03:54:31.001Z</time><ele>5.65</ele></trkpt><trkpt lat="37.236919" lon="126.770649"><time>2026-05-17T03:54:35.001Z</time><ele>5.65</ele></trkpt><trkpt lat="37.23688" lon="126.77069"><time>2026-05-17T03:54:50.001Z</time><ele>5.62</ele></trkpt><trkpt lat="37.23685" lon="126.770756"><time>2026-05-17T03:54:54.000Z</time><ele>5.54</ele></trkpt><trkpt lat="37.23679" lon="126.770755"><time>2026-05-17T03:54:59.000Z</time><ele>6.16</ele></trkpt><trkpt lat="37.236751" lon="126.770803"><time>2026-05-17T03:55:04.000Z</time><ele>5.81</ele></trkpt><trkpt lat="37.236781" lon="126.770854"><time>2026-05-17T04:04:48.001Z</time><ele>5.12</ele></trkpt><trkpt lat="37.236826" lon="126.770856"><time>2026-05-17T04:04:52.001Z</time><ele>5.33</ele></trkpt><trkpt lat="37.236866" lon="126.770898"><time>2026-05-17T04:04:57.001Z</time><ele>4.78</ele></trkpt><trkpt lat="37.236915" lon="126.770898"><time>2026-05-17T04:05:00.001Z</time><ele>5.11</ele></trkpt><trkpt lat="37.236963" lon="126.770922"><time>2026-05-17T04:05:04.001Z</time><ele>5.93</ele></trkpt><trkpt lat="37.237014" lon="126.770937"><time>2026-05-17T04:05:08.001Z</time><ele>5.68</ele></trkpt><trkpt lat="37.237058" lon="126.77098"><time>2026-05-17T04:05:12.001Z</time><ele>6.27</ele></trkpt><trkpt lat="37.237101" lon="126.771007"><time>2026-05-17T04:05:16.001Z</time><ele>6.27</ele></trkpt><trkpt lat="37.237133" lon="126.771051"><time>2026-05-17T04:05:26.999Z</time><ele>6.54</ele></trkpt><trkpt lat="37.237034" lon="126.770929"><time>2026-05-17T04:05:59.000Z</time><ele>5.88</ele></trkpt><trkpt lat="37.236996" lon="126.770897"><time>2026-05-17T04:06:03.000Z</time><ele>5.94</ele></trkpt><trkpt lat="37.236949" lon="126.770868"><time>2026-05-17T04:06:08.000Z</time><ele>5.64</ele></trkpt><trkpt lat="37.236861" lon="126.770809"><time>2026-05-17T04:06:18.000Z</time><ele>6.12</ele></trkpt><trkpt lat="37.236759" lon="126.770807"><time>2026-05-17T04:06:27.001Z</time><ele>5.82</ele></trkpt><trkpt lat="37.236717" lon="126.770829"><time>2026-05-17T04:08:15.001Z</time><ele>6.23</ele></trkpt><trkpt lat="37.236744" lon="126.770777"><time>2026-05-17T04:13:46.999Z</time><ele>4.62</ele></trkpt><trkpt lat="37.236793" lon="126.770795"><time>2026-05-17T04:18:14.000Z</time><ele>6.24</ele></trkpt><trkpt lat="37.23674" lon="126.770801"><time>2026-05-17T04:34:17.002Z</time><ele>6.4</ele></trkpt><trkpt lat="37.236648" lon="126.770704"><time>2026-05-17T04:55:38.003Z</time><ele>8.96</ele></trkpt><trkpt lat="37.236603" lon="126.770687"><time>2026-05-17T04:55:44.003Z</time><ele>7.01</ele></trkpt><trkpt lat="37.236556" lon="126.770686"><time>2026-05-17T04:55:52.000Z</time><ele>6.56</ele></trkpt><trkpt lat="37.236507" lon="126.770699"><time>2026-05-17T04:55:58.000Z</time><ele>7.81</ele></trkpt><trkpt lat="37.23646" lon="126.770705"><time>2026-05-17T04:56:05.000Z</time><ele>7.52</ele></trkpt><trkpt lat="37.236414" lon="126.770692"><time>2026-05-17T04:56:18.001Z</time><ele>6.16</ele></trkpt><trkpt lat="37.236362" lon="126.770716"><time>2026-05-17T04:56:37.001Z</time><ele>7.63</ele></trkpt><trkpt lat="37.236328" lon="126.770755"><time>2026-05-17T04:56:43.001Z</time><ele>5.78</ele></trkpt><trkpt lat="37.236312" lon="126.770813"><time>2026-05-17T05:00:52.001Z</time><ele>5.78</ele></trkpt><trkpt lat="37.236323" lon="126.770879"><time>2026-05-17T05:00:57.002Z</time><ele>5.17</ele></trkpt><trkpt lat="37.236307" lon="126.770937"><time>2026-05-17T05:01:05.002Z</time><ele>7</ele></trkpt><trkpt lat="37.236286" lon="126.770996"><time>2026-05-17T05:01:10.002Z</time><ele>5.58</ele></trkpt><trkpt lat="37.236255" lon="126.771044"><time>2026-05-17T05:01:16.002Z</time><ele>6</ele></trkpt><trkpt lat="37.236222" lon="126.771099"><time>2026-05-17T05:01:24.002Z</time><ele>4.33</ele></trkpt><trkpt lat="37.236201" lon="126.771167"><time>2026-05-17T05:01:29.002Z</time><ele>3.79</ele></trkpt><trkpt lat="37.236196" lon="126.771234"><time>2026-05-17T05:01:35.003Z</time><ele>5.49</ele></trkpt><trkpt lat="37.236176" lon="126.771288"><time>2026-05-17T05:01:42.003Z</time><ele>5.39</ele></trkpt><trkpt lat="37.236158" lon="126.771352"><time>2026-05-17T05:01:47.003Z</time><ele>5.08</ele></trkpt><trkpt lat="37.236141" lon="126.771411"><time>2026-05-17T05:01:52.003Z</time><ele>4.83</ele></trkpt><trkpt lat="37.23611" lon="126.771458"><time>2026-05-17T05:01:56.003Z</time><ele>5.21</ele></trkpt><trkpt lat="37.236063" lon="126.771476"><time>2026-05-17T05:02:01.003Z</time><ele>4.54</ele></trkpt><trkpt lat="37.236007" lon="126.771464"><time>2026-05-17T05:02:06.001Z</time><ele>6.26</ele></trkpt><trkpt lat="37.23596" lon="126.771472"><time>2026-05-17T05:02:12.001Z</time><ele>5.7</ele></trkpt><trkpt lat="37.235907" lon="126.771465"><time>2026-05-17T05:02:18.001Z</time><ele>4.95</ele></trkpt><trkpt lat="37.235854" lon="126.771464"><time>2026-05-17T05:02:23.001Z</time><ele>5.29</ele></trkpt><trkpt lat="37.235803" lon="126.771455"><time>2026-05-17T05:02:31.001Z</time><ele>4.89</ele></trkpt><trkpt lat="37.23575" lon="126.771458"><time>2026-05-17T05:02:36.001Z</time><ele>4.83</ele></trkpt><trkpt lat="37.235692" lon="126.771467"><time>2026-05-17T05:02:45.001Z</time><ele>6.78</ele></trkpt><trkpt lat="37.235642" lon="126.771487"><time>2026-05-17T05:02:49.001Z</time><ele>5.05</ele></trkpt><trkpt lat="37.235593" lon="126.771491"><time>2026-05-17T05:02:54.001Z</time><ele>5.49</ele></trkpt><trkpt lat="37.235548" lon="126.771489"><time>2026-05-17T05:02:58.001Z</time><ele>5.61</ele></trkpt><trkpt lat="37.235591" lon="126.771511"><time>2026-05-17T05:03:17.002Z</time><ele>4.74</ele></trkpt><trkpt lat="37.235642" lon="126.771511"><time>2026-05-17T05:03:21.002Z</time><ele>6.36</ele></trkpt><trkpt lat="37.235687" lon="126.771507"><time>2026-05-17T05:03:26.002Z</time><ele>5.54</ele></trkpt><trkpt lat="37.235732" lon="126.771489"><time>2026-05-17T05:03:30.002Z</time><ele>4.28</ele></trkpt><trkpt lat="37.23576" lon="126.771441"><time>2026-05-17T05:03:36.002Z</time><ele>5.1</ele></trkpt><trkpt lat="37.235811" lon="126.771442"><time>2026-05-17T05:03:52.003Z</time><ele>6.97</ele></trkpt><trkpt lat="37.235859" lon="126.771435"><time>2026-05-17T05:03:57.003Z</time><ele>3.91</ele></trkpt><trkpt lat="37.235902" lon="126.77146"><time>2026-05-17T05:04:01.003Z</time><ele>4.63</ele></trkpt><trkpt lat="37.235951" lon="126.771473"><time>2026-05-17T05:04:06.003Z</time><ele>5.18</ele></trkpt><trkpt lat="37.235999" lon="126.771479"><time>2026-05-17T05:04:12.001Z</time><ele>4.92</ele></trkpt><trkpt lat="37.235954" lon="126.771462"><time>2026-05-17T05:04:20.001Z</time><ele>4.89</ele></trkpt><trkpt lat="37.235901" lon="126.771441"><time>2026-05-17T05:04:25.001Z</time><ele>5.01</ele></trkpt><trkpt lat="37.235867" lon="126.7714"><time>2026-05-17T05:04:29.001Z</time><ele>5.52</ele></trkpt><trkpt lat="37.235835" lon="126.771351"><time>2026-05-17T05:04:34.001Z</time><ele>3.95</ele></trkpt><trkpt lat="37.235829" lon="126.771295"><time>2026-05-17T05:04:38.001Z</time><ele>4.86</ele></trkpt><trkpt lat="37.235837" lon="126.771232"><time>2026-05-17T05:04:42.001Z</time><ele>6.01</ele></trkpt><trkpt lat="37.235841" lon="126.771164"><time>2026-05-17T05:04:47.001Z</time><ele>6.65</ele></trkpt><trkpt lat="37.235842" lon="126.771093"><time>2026-05-17T05:04:52.001Z</time><ele>7.43</ele></trkpt><trkpt lat="37.235841" lon="126.771037"><time>2026-05-17T05:04:56.001Z</time><ele>6.95</ele></trkpt><trkpt lat="37.235837" lon="126.770965"><time>2026-05-17T05:05:01.001Z</time><ele>7.39</ele></trkpt><trkpt lat="37.235829" lon="126.770906"><time>2026-05-17T05:05:05.001Z</time><ele>7.19</ele></trkpt><trkpt lat="37.235824" lon="126.770841"><time>2026-05-17T05:05:10.001Z</time><ele>5.96</ele></trkpt><trkpt lat="37.235828" lon="126.770776"><time>2026-05-17T05:05:15.002Z</time><ele>6.37</ele></trkpt><trkpt lat="37.235829" lon="126.770714"><time>2026-05-17T05:05:19.002Z</time><ele>6.47</ele></trkpt><trkpt lat="37.235814" lon="126.770651"><time>2026-05-17T05:05:23.002Z</time><ele>6.71</ele></trkpt><trkpt lat="37.235789" lon="126.770594"><time>2026-05-17T05:05:27.002Z</time><ele>6.65</ele></trkpt><trkpt lat="37.235776" lon="126.77053"><time>2026-05-17T05:05:31.002Z</time><ele>6.62</ele></trkpt><trkpt lat="37.235756" lon="126.770471"><time>2026-05-17T05:05:35.002Z</time><ele>7.38</ele></trkpt><trkpt lat="37.23572" lon="126.770429"><time>2026-05-17T05:05:39.002Z</time><ele>7.02</ele></trkpt><trkpt lat="37.235674" lon="126.770384"><time>2026-05-17T05:05:44.002Z</time><ele>6.49</ele></trkpt><trkpt lat="37.235631" lon="126.770342"><time>2026-05-17T05:05:48.002Z</time><ele>8.36</ele></trkpt><trkpt lat="37.235606" lon="126.770285"><time>2026-05-17T05:05:52.002Z</time><ele>8.28</ele></trkpt><trkpt lat="37.23557" lon="126.770244"><time>2026-05-17T05:05:56.002Z</time><ele>7.25</ele></trkpt><trkpt lat="37.23552" lon="126.770221"><time>2026-05-17T05:06:00.002Z</time><ele>6.68</ele></trkpt><trkpt lat="37.235475" lon="126.770202"><time>2026-05-17T05:06:04.003Z</time><ele>6.62</ele></trkpt><trkpt lat="37.235418" lon="126.770195"><time>2026-05-17T05:06:08.003Z</time><ele>8.08</ele></trkpt><trkpt lat="37.235365" lon="126.770187"><time>2026-05-17T05:06:13.003Z</time><ele>8.08</ele></trkpt><trkpt lat="37.235308" lon="126.770191"><time>2026-05-17T05:06:18.001Z</time><ele>8.69</ele></trkpt><trkpt lat="37.235253" lon="126.770182"><time>2026-05-17T05:06:23.001Z</time><ele>7.52</ele></trkpt><trkpt lat="37.235297" lon="126.770201"><time>2026-05-17T05:09:36.001Z</time><ele>6.43</ele></trkpt><trkpt lat="37.235351" lon="126.770203"><time>2026-05-17T05:09:46.002Z</time><ele>6.38</ele></trkpt><trkpt lat="37.235396" lon="126.770204"><time>2026-05-17T05:09:52.002Z</time><ele>6.99</ele></trkpt><trkpt lat="37.235453" lon="126.770191"><time>2026-05-17T05:09:58.002Z</time><ele>6.45</ele></trkpt><trkpt lat="37.235499" lon="126.770199"><time>2026-05-17T05:10:04.002Z</time><ele>5.37</ele></trkpt><trkpt lat="37.235536" lon="126.77025"><time>2026-05-17T05:10:08.002Z</time><ele>7.53</ele></trkpt><trkpt lat="37.23557" lon="126.770289"><time>2026-05-17T05:10:12.002Z</time><ele>7.28</ele></trkpt><trkpt lat="37.235604" lon="126.770331"><time>2026-05-17T05:10:16.002Z</time><ele>6.05</ele></trkpt><trkpt lat="37.235637" lon="126.77038"><time>2026-05-17T05:10:20.002Z</time><ele>6.8</ele></trkpt><trkpt lat="37.235674" lon="126.770419"><time>2026-05-17T05:10:24.002Z</time><ele>6.79</ele></trkpt><trkpt lat="37.23571" lon="126.770462"><time>2026-05-17T05:10:28.000Z</time><ele>7.31</ele></trkpt><trkpt lat="37.235745" lon="126.770504"><time>2026-05-17T05:10:32.000Z</time><ele>6.14</ele></trkpt><trkpt lat="37.235763" lon="126.77057"><time>2026-05-17T05:10:37.000Z</time><ele>5.41</ele></trkpt><trkpt lat="37.235768" lon="126.770633"><time>2026-05-17T05:10:41.000Z</time><ele>6.42</ele></trkpt><trkpt lat="37.235773" lon="126.770696"><time>2026-05-17T05:10:45.000Z</time><ele>6.44</ele></trkpt><trkpt lat="37.23578" lon="126.770756"><time>2026-05-17T05:10:49.000Z</time><ele>6.44</ele></trkpt><trkpt lat="37.235773" lon="126.770831"><time>2026-05-17T05:10:54.001Z</time><ele>6.75</ele></trkpt><trkpt lat="37.235779" lon="126.770902"><time>2026-05-17T05:10:58.001Z</time><ele>6.91</ele></trkpt><trkpt lat="37.235771" lon="126.770968"><time>2026-05-17T05:11:02.001Z</time><ele>7.61</ele></trkpt><trkpt lat="37.23576" lon="126.771031"><time>2026-05-17T05:11:07.001Z</time><ele>7.23</ele></trkpt><trkpt lat="37.235768" lon="126.771097"><time>2026-05-17T05:11:11.001Z</time><ele>6.51</ele></trkpt><trkpt lat="37.235772" lon="126.771155"><time>2026-05-17T05:11:15.001Z</time><ele>5.79</ele></trkpt><trkpt lat="37.235771" lon="126.771227"><time>2026-05-17T05:11:19.001Z</time><ele>6.38</ele></trkpt><trkpt lat="37.235788" lon="126.771292"><time>2026-05-17T05:11:23.001Z</time><ele>6.33</ele></trkpt><trkpt lat="37.235809" lon="126.77135"><time>2026-05-17T05:11:27.001Z</time><ele>6.6</ele></trkpt><trkpt lat="37.235827" lon="126.771415"><time>2026-05-17T05:11:31.001Z</time><ele>6.86</ele></trkpt><trkpt lat="37.235862" lon="126.771462"><time>2026-05-17T05:11:35.001Z</time><ele>5.79</ele></trkpt><trkpt lat="37.235902" lon="126.771491"><time>2026-05-17T05:11:38.001Z</time><ele>6.5</ele></trkpt><trkpt lat="37.235955" lon="126.7715"><time>2026-05-17T05:11:42.001Z</time><ele>5.71</ele></trkpt><trkpt lat="37.236" lon="126.771504"><time>2026-05-17T05:11:45.001Z</time><ele>5.71</ele></trkpt><trkpt lat="37.236056" lon="126.771508"><time>2026-05-17T05:11:49.001Z</time><ele>5.69</ele></trkpt><trkpt lat="37.236114" lon="126.771515"><time>2026-05-17T05:11:53.002Z</time><ele>6.16</ele></trkpt><trkpt lat="37.236169" lon="126.771516"><time>2026-05-17T05:11:57.002Z</time><ele>5.03</ele></trkpt><trkpt lat="37.236217" lon="126.771525"><time>2026-05-17T05:12:00.002Z</time><ele>5.48</ele></trkpt><trkpt lat="37.236279" lon="126.771537"><time>2026-05-17T05:12:04.002Z</time><ele>5.67</ele></trkpt><trkpt lat="37.236332" lon="126.771535"><time>2026-05-17T05:12:08.002Z</time><ele>4.77</ele></trkpt><trkpt lat="37.236383" lon="126.771533"><time>2026-05-17T05:12:12.002Z</time><ele>5.91</ele></trkpt><trkpt lat="37.236443" lon="126.771537"><time>2026-05-17T05:12:17.002Z</time><ele>4.79</ele></trkpt><trkpt lat="37.236498" lon="126.771526"><time>2026-05-17T05:12:21.002Z</time><ele>5.96</ele></trkpt><trkpt lat="37.236548" lon="126.771527"><time>2026-05-17T05:12:25.002Z</time><ele>4.71</ele></trkpt><trkpt lat="37.236602" lon="126.771524"><time>2026-05-17T05:12:29.002Z</time><ele>4.55</ele></trkpt><trkpt lat="37.236651" lon="126.77151"><time>2026-05-17T05:12:33.000Z</time><ele>4.19</ele></trkpt><trkpt lat="37.236707" lon="126.771521"><time>2026-05-17T05:12:37.000Z</time><ele>4.6</ele></trkpt><trkpt lat="37.236761" lon="126.771522"><time>2026-05-17T05:12:41.000Z</time><ele>4.97</ele></trkpt><trkpt lat="37.236818" lon="126.771519"><time>2026-05-17T05:12:45.000Z</time><ele>5.64</ele></trkpt><trkpt lat="37.236871" lon="126.771517"><time>2026-05-17T05:12:49.000Z</time><ele>5.1</ele></trkpt><trkpt lat="37.236916" lon="126.771511"><time>2026-05-17T05:12:52.000Z</time><ele>4.88</ele></trkpt><trkpt lat="37.236969" lon="126.771504"><time>2026-05-17T05:12:56.000Z</time><ele>5.15</ele></trkpt><trkpt lat="37.237017" lon="126.77149"><time>2026-05-17T05:12:59.000Z</time><ele>3.73</ele></trkpt><trkpt lat="37.237064" lon="126.771467"><time>2026-05-17T05:13:02.000Z</time><ele>3.84</ele></trkpt><trkpt lat="37.23711" lon="126.771442"><time>2026-05-17T05:13:05.000Z</time><ele>5.11</ele></trkpt><trkpt lat="37.237155" lon="126.771417"><time>2026-05-17T05:13:08.000Z</time><ele>3.63</ele></trkpt><trkpt lat="37.237208" lon="126.771394"><time>2026-05-17T05:13:12.001Z</time><ele>3.7</ele></trkpt><trkpt lat="37.237259" lon="126.771368"><time>2026-05-17T05:13:16.001Z</time><ele>5.2</ele></trkpt><trkpt lat="37.237305" lon="126.771359"><time>2026-05-17T05:13:19.001Z</time><ele>5.16</ele></trkpt><trkpt lat="37.237356" lon="126.771341"><time>2026-05-17T05:13:23.001Z</time><ele>4.79</ele></trkpt><trkpt lat="37.237405" lon="126.77134"><time>2026-05-17T05:13:27.001Z</time><ele>4.75</ele></trkpt><trkpt lat="37.23745" lon="126.771336"><time>2026-05-17T05:13:30.001Z</time><ele>3.32</ele></trkpt><trkpt lat="37.237496" lon="126.771335"><time>2026-05-17T05:13:33.001Z</time><ele>4.62</ele></trkpt><trkpt lat="37.23755" lon="126.771322"><time>2026-05-17T05:13:37.001Z</time><ele>4.85</ele></trkpt><trkpt lat="37.2376" lon="126.771333"><time>2026-05-17T05:13:40.001Z</time><ele>4.07</ele></trkpt><trkpt lat="37.237656" lon="126.771325"><time>2026-05-17T05:13:44.001Z</time><ele>4.61</ele></trkpt><trkpt lat="37.237719" lon="126.77132"><time>2026-05-17T05:13:48.001Z</time><ele>4.11</ele></trkpt><trkpt lat="37.237771" lon="126.771322"><time>2026-05-17T05:13:52.001Z</time><ele>5.32</ele></trkpt><trkpt lat="37.237826" lon="126.771318"><time>2026-05-17T05:13:56.001Z</time><ele>6.07</ele></trkpt><trkpt lat="37.237878" lon="126.771317"><time>2026-05-17T05:13:59.001Z</time><ele>5.31</ele></trkpt><trkpt lat="37.237931" lon="126.771312"><time>2026-05-17T05:14:03.001Z</time><ele>3.95</ele></trkpt><trkpt lat="37.237982" lon="126.771312"><time>2026-05-17T05:14:07.001Z</time><ele>4.37</ele></trkpt><trkpt lat="37.238033" lon="126.771313"><time>2026-05-17T05:14:10.002Z</time><ele>4.44</ele></trkpt><trkpt lat="37.238089" lon="126.771311"><time>2026-05-17T05:14:14.002Z</time><ele>3.95</ele></trkpt><trkpt lat="37.238134" lon="126.771315"><time>2026-05-17T05:14:17.002Z</time><ele>4.13</ele></trkpt><trkpt lat="37.238186" lon="126.771309"><time>2026-05-17T05:14:21.002Z</time><ele>5.22</ele></trkpt><trkpt lat="37.238155" lon="126.771253"><time>2026-05-17T05:14:34.002Z</time><ele>3.61</ele></trkpt><trkpt lat="37.238101" lon="126.771255"><time>2026-05-17T05:14:37.002Z</time><ele>3.07</ele></trkpt><trkpt lat="37.238045" lon="126.77126"><time>2026-05-17T05:14:41.000Z</time><ele>3.94</ele></trkpt><trkpt lat="37.237995" lon="126.771256"><time>2026-05-17T05:14:44.000Z</time><ele>4.17</ele></trkpt><trkpt lat="37.237947" lon="126.77125"><time>2026-05-17T05:14:47.000Z</time><ele>5.97</ele></trkpt><trkpt lat="37.237892" lon="126.771265"><time>2026-05-17T05:14:51.000Z</time><ele>4.34</ele></trkpt><trkpt lat="37.237844" lon="126.771265"><time>2026-05-17T05:14:55.000Z</time><ele>5</ele></trkpt><trkpt lat="37.237797" lon="126.771286"><time>2026-05-17T05:14:58.000Z</time><ele>4.09</ele></trkpt><trkpt lat="37.237754" lon="126.771254"><time>2026-05-17T05:15:05.000Z</time><ele>6.3</ele></trkpt><trkpt lat="37.237705" lon="126.771275"><time>2026-05-17T05:15:09.000Z</time><ele>4.27</ele></trkpt><trkpt lat="37.237659" lon="126.771289"><time>2026-05-17T05:15:14.000Z</time><ele>4.9</ele></trkpt><trkpt lat="37.23761" lon="126.771283"><time>2026-05-17T05:15:19.000Z</time><ele>5.04</ele></trkpt><trkpt lat="37.237557" lon="126.771278"><time>2026-05-17T05:15:24.001Z</time><ele>6.23</ele></trkpt><trkpt lat="37.237512" lon="126.771279"><time>2026-05-17T05:15:27.001Z</time><ele>4.44</ele></trkpt><trkpt lat="37.237462" lon="126.771283"><time>2026-05-17T05:15:31.001Z</time><ele>5.62</ele></trkpt><trkpt lat="37.237401" lon="126.771289"><time>2026-05-17T05:15:35.001Z</time><ele>4.7</ele></trkpt><trkpt lat="37.237348" lon="126.771287"><time>2026-05-17T05:15:39.001Z</time><ele>5.39</ele></trkpt><trkpt lat="37.237292" lon="126.771292"><time>2026-05-17T05:15:43.001Z</time><ele>6.28</ele></trkpt><trkpt lat="37.237246" lon="126.771307"><time>2026-05-17T05:15:46.001Z</time><ele>3.72</ele></trkpt><trkpt lat="37.237192" lon="126.771333"><time>2026-05-17T05:15:50.001Z</time><ele>5.44</ele></trkpt><trkpt lat="37.237134" lon="126.771364"><time>2026-05-17T05:15:53.001Z</time><ele>4.63</ele></trkpt><trkpt lat="37.236948" lon="126.771461"><time>2026-05-17T05:16:02.001Z</time><ele>4.28</ele></trkpt><trkpt lat="37.236896" lon="126.771465"><time>2026-05-17T05:16:05.001Z</time><ele>6.63</ele></trkpt><trkpt lat="37.236846" lon="126.771451"><time>2026-05-17T05:16:08.001Z</time><ele>7.14</ele></trkpt><trkpt lat="37.236797" lon="126.771456"><time>2026-05-17T05:16:11.001Z</time><ele>4.85</ele></trkpt><trkpt lat="37.236749" lon="126.771465"><time>2026-05-17T05:16:14.001Z</time><ele>3.93</ele></trkpt><trkpt lat="37.236692" lon="126.771481"><time>2026-05-17T05:16:18.002Z</time><ele>4.25</ele></trkpt><trkpt lat="37.236632" lon="126.771488"><time>2026-05-17T05:16:22.002Z</time><ele>4.91</ele></trkpt><trkpt lat="37.236573" lon="126.77148"><time>2026-05-17T05:16:26.002Z</time><ele>5.2</ele></trkpt><trkpt lat="37.236525" lon="126.771485"><time>2026-05-17T05:16:29.002Z</time><ele>5.04</ele></trkpt><trkpt lat="37.236474" lon="126.77148"><time>2026-05-17T05:16:33.002Z</time><ele>4.54</ele></trkpt><trkpt lat="37.236416" lon="126.771482"><time>2026-05-17T05:16:37.002Z</time><ele>7.01</ele></trkpt><trkpt lat="37.236365" lon="126.771482"><time>2026-05-17T05:16:41.002Z</time><ele>5.29</ele></trkpt><trkpt lat="37.236308" lon="126.771476"><time>2026-05-17T05:16:45.000Z</time><ele>5.78</ele></trkpt><trkpt lat="37.236264" lon="126.77146"><time>2026-05-17T05:16:49.000Z</time><ele>4.17</ele></trkpt><trkpt lat="37.236239" lon="126.77141"><time>2026-05-17T05:16:53.000Z</time><ele>5.54</ele></trkpt><trkpt lat="37.236247" lon="126.77135"><time>2026-05-17T05:16:56.000Z</time><ele>4.81</ele></trkpt><trkpt lat="37.23624" lon="126.771289"><time>2026-05-17T05:17:00.000Z</time><ele>3.64</ele></trkpt><trkpt lat="37.236239" lon="126.771214"><time>2026-05-17T05:17:04.000Z</time><ele>4.73</ele></trkpt><trkpt lat="37.236251" lon="126.771156"><time>2026-05-17T05:17:08.000Z</time><ele>5.2</ele></trkpt><trkpt lat="37.236296" lon="126.771099"><time>2026-05-17T05:17:12.000Z</time><ele>5.03</ele></trkpt><trkpt lat="37.236337" lon="126.771061"><time>2026-05-17T05:17:17.001Z</time><ele>5.23</ele></trkpt><trkpt lat="37.236385" lon="126.77106"><time>2026-05-17T05:17:20.001Z</time><ele>5.68</ele></trkpt><trkpt lat="37.236438" lon="126.771059"><time>2026-05-17T05:17:24.001Z</time><ele>6</ele></trkpt><trkpt lat="37.236492" lon="126.771039"><time>2026-05-17T05:17:28.001Z</time><ele>6.65</ele></trkpt><trkpt lat="37.236546" lon="126.771041"><time>2026-05-17T05:17:32.001Z</time><ele>5.25</ele></trkpt><trkpt lat="37.236603" lon="126.771055"><time>2026-05-17T05:17:36.001Z</time><ele>6.61</ele></trkpt><trkpt lat="37.236662" lon="126.77105"><time>2026-05-17T05:17:40.001Z</time><ele>5.38</ele></trkpt><trkpt lat="37.236707" lon="126.771041"><time>2026-05-17T05:17:44.001Z</time><ele>4.9</ele></trkpt><trkpt lat="37.236769" lon="126.77104"><time>2026-05-17T05:17:48.001Z</time><ele>6.57</ele></trkpt><trkpt lat="37.236814" lon="126.771052"><time>2026-05-17T05:17:51.001Z</time><ele>6.13</ele></trkpt><trkpt lat="37.236859" lon="126.771038"><time>2026-05-17T05:17:54.001Z</time><ele>4.89</ele></trkpt><trkpt lat="37.236909" lon="126.771036"><time>2026-05-17T05:17:58.001Z</time><ele>6.54</ele></trkpt><trkpt lat="37.23696" lon="126.77103"><time>2026-05-17T05:18:01.001Z</time><ele>6.13</ele></trkpt><trkpt lat="37.237004" lon="126.771017"><time>2026-05-17T05:18:04.001Z</time><ele>5.37</ele></trkpt><trkpt lat="37.237059" lon="126.771005"><time>2026-05-17T05:18:08.001Z</time><ele>5.72</ele></trkpt><trkpt lat="37.237112" lon="126.771028"><time>2026-05-17T05:18:12.001Z</time><ele>6.17</ele></trkpt><trkpt lat="37.237168" lon="126.771031"><time>2026-05-17T05:18:16.002Z</time><ele>5.89</ele></trkpt><trkpt lat="37.237224" lon="126.771047"><time>2026-05-17T05:18:20.002Z</time><ele>7.37</ele></trkpt><trkpt lat="37.23728" lon="126.771051"><time>2026-05-17T05:18:24.002Z</time><ele>6.94</ele></trkpt><trkpt lat="37.237334" lon="126.771028"><time>2026-05-17T05:18:28.002Z</time><ele>5.16</ele></trkpt><trkpt lat="37.237378" lon="126.771039"><time>2026-05-17T05:18:31.002Z</time><ele>7.1</ele></trkpt><trkpt lat="37.237443" lon="126.77104"><time>2026-05-17T05:18:35.002Z</time><ele>6.12</ele></trkpt><trkpt lat="37.237502" lon="126.771045"><time>2026-05-17T05:18:39.002Z</time><ele>6.27</ele></trkpt><trkpt lat="37.237554" lon="126.771038"><time>2026-05-17T05:18:43.002Z</time><ele>6.66</ele></trkpt><trkpt lat="37.237612" lon="126.771046"><time>2026-05-17T05:18:47.002Z</time><ele>7.22</ele></trkpt><trkpt lat="37.237664" lon="126.771042"><time>2026-05-17T05:18:51.000Z</time><ele>6.6</ele></trkpt><trkpt lat="37.237718" lon="126.771063"><time>2026-05-17T05:18:55.000Z</time><ele>6.48</ele></trkpt><trkpt lat="37.237777" lon="126.771063"><time>2026-05-17T05:18:59.000Z</time><ele>5.51</ele></trkpt><trkpt lat="37.237821" lon="126.771078"><time>2026-05-17T05:19:02.000Z</time><ele>6.14</ele></trkpt><trkpt lat="37.237881" lon="126.771074"><time>2026-05-17T05:19:06.000Z</time><ele>5.84</ele></trkpt><trkpt lat="37.237928" lon="126.771079"><time>2026-05-17T05:19:09.000Z</time><ele>4.99</ele></trkpt><trkpt lat="37.237975" lon="126.771086"><time>2026-05-17T05:19:12.000Z</time><ele>7.09</ele></trkpt><trkpt lat="37.238031" lon="126.771088"><time>2026-05-17T05:19:16.000Z</time><ele>4.86</ele></trkpt><trkpt lat="37.23808" lon="126.771082"><time>2026-05-17T05:19:19.000Z</time><ele>5.48</ele></trkpt><trkpt lat="37.238129" lon="126.771079"><time>2026-05-17T05:19:22.001Z</time><ele>5.47</ele></trkpt><trkpt lat="37.238176" lon="126.771073"><time>2026-05-17T05:19:24.001Z</time><ele>5.23</ele></trkpt><trkpt lat="37.238315" lon="126.771067"><time>2026-05-17T05:19:29.001Z</time><ele>5.22</ele></trkpt><trkpt lat="37.238364" lon="126.77107"><time>2026-05-17T05:19:31.001Z</time><ele>4.59</ele></trkpt><trkpt lat="37.238425" lon="126.771052"><time>2026-05-17T05:19:33.001Z</time><ele>3.79</ele></trkpt><trkpt lat="37.238471" lon="126.771065"><time>2026-05-17T05:19:35.001Z</time><ele>4.52</ele></trkpt><trkpt lat="37.238525" lon="126.771058"><time>2026-05-17T05:19:37.001Z</time><ele>4.05</ele></trkpt><trkpt lat="37.23857" lon="126.771069"><time>2026-05-17T05:19:39.001Z</time><ele>4.34</ele></trkpt><trkpt lat="37.238642" lon="126.771054"><time>2026-05-17T05:19:42.001Z</time><ele>3.55</ele></trkpt><trkpt lat="37.238697" lon="126.771053"><time>2026-05-17T05:19:44.001Z</time><ele>4.51</ele></trkpt><trkpt lat="37.238747" lon="126.771062"><time>2026-05-17T05:19:46.001Z</time><ele>4.71</ele></trkpt><trkpt lat="37.238795" lon="126.771061"><time>2026-05-17T05:19:48.001Z</time><ele>3.8</ele></trkpt><trkpt lat="37.23885" lon="126.771056"><time>2026-05-17T05:19:50.001Z</time><ele>5.42</ele></trkpt><trkpt lat="37.238914" lon="126.771061"><time>2026-05-17T05:19:53.001Z</time><ele>5.05</ele></trkpt><trkpt lat="37.238975" lon="126.771054"><time>2026-05-17T05:19:56.001Z</time><ele>6.11</ele></trkpt><trkpt lat="37.239027" lon="126.771036"><time>2026-05-17T05:19:58.001Z</time><ele>5.17</ele></trkpt><trkpt lat="37.239081" lon="126.771031"><time>2026-05-17T05:20:00.001Z</time><ele>5.41</ele></trkpt><trkpt lat="37.239127" lon="126.771047"><time>2026-05-17T05:20:02.001Z</time><ele>5.29</ele></trkpt><trkpt lat="37.239191" lon="126.771044"><time>2026-05-17T05:20:05.001Z</time><ele>3.98</ele></trkpt><trkpt lat="37.239244" lon="126.771042"><time>2026-05-17T05:20:07.001Z</time><ele>4.52</ele></trkpt><trkpt lat="37.23936" lon="126.771015"><time>2026-05-17T05:20:12.001Z</time><ele>3.09</ele></trkpt><trkpt lat="37.239407" lon="126.771014"><time>2026-05-17T05:20:14.001Z</time><ele>4.82</ele></trkpt><trkpt lat="37.2395" lon="126.770968"><time>2026-05-17T05:20:18.001Z</time><ele>5.48</ele></trkpt><trkpt lat="37.239546" lon="126.770979"><time>2026-05-17T05:20:20.001Z</time><ele>4.99</ele></trkpt><trkpt lat="37.239609" lon="126.770965"><time>2026-05-17T05:20:23.001Z</time><ele>4.84</ele></trkpt><trkpt lat="37.239662" lon="126.770953"><time>2026-05-17T05:20:26.002Z</time><ele>5.77</ele></trkpt><trkpt lat="37.239714" lon="126.770941"><time>2026-05-17T05:20:29.002Z</time><ele>4.88</ele></trkpt><trkpt lat="37.239777" lon="126.770931"><time>2026-05-17T05:20:34.002Z</time><ele>5.44</ele></trkpt><trkpt lat="37.239823" lon="126.77091"><time>2026-05-17T05:20:38.002Z</time><ele>4.68</ele></trkpt><trkpt lat="37.23988" lon="126.770911"><time>2026-05-17T05:20:42.002Z</time><ele>6.59</ele></trkpt><trkpt lat="37.239925" lon="126.7709"><time>2026-05-17T05:20:45.002Z</time><ele>5.54</ele></trkpt><trkpt lat="37.239971" lon="126.77088"><time>2026-05-17T05:20:49.002Z</time><ele>4.31</ele></trkpt><trkpt lat="37.240025" lon="126.770871"><time>2026-05-17T05:20:52.002Z</time><ele>5.72</ele></trkpt><trkpt lat="37.240075" lon="126.770865"><time>2026-05-17T05:20:56.002Z</time><ele>6.41</ele></trkpt><trkpt lat="37.240131" lon="126.770853"><time>2026-05-17T05:21:00.000Z</time><ele>5.51</ele></trkpt><trkpt lat="37.240181" lon="126.770844"><time>2026-05-17T05:21:03.000Z</time><ele>6.45</ele></trkpt><trkpt lat="37.24023" lon="126.770831"><time>2026-05-17T05:21:07.000Z</time><ele>5.72</ele></trkpt><trkpt lat="37.240276" lon="126.770825"><time>2026-05-17T05:21:10.000Z</time><ele>5.71</ele></trkpt><trkpt lat="37.240321" lon="126.770819"><time>2026-05-17T05:21:14.000Z</time><ele>6.42</ele></trkpt><trkpt lat="37.240368" lon="126.770795"><time>2026-05-17T05:21:18.000Z</time><ele>5.66</ele></trkpt><trkpt lat="37.240423" lon="126.770783"><time>2026-05-17T05:21:22.000Z</time><ele>5.57</ele></trkpt><trkpt lat="37.240479" lon="126.770779"><time>2026-05-17T05:21:26.000Z</time><ele>5.6</ele></trkpt><trkpt lat="37.24053" lon="126.770759"><time>2026-05-17T05:21:30.000Z</time><ele>5.87</ele></trkpt><trkpt lat="37.240572" lon="126.770729"><time>2026-05-17T05:21:34.001Z</time><ele>5.03</ele></trkpt><trkpt lat="37.240614" lon="126.770677"><time>2026-05-17T05:21:38.001Z</time><ele>5.41</ele></trkpt><trkpt lat="37.240639" lon="126.770624"><time>2026-05-17T05:21:42.001Z</time><ele>5.54</ele></trkpt><trkpt lat="37.240663" lon="126.77057"><time>2026-05-17T05:21:45.001Z</time><ele>5.06</ele></trkpt><trkpt lat="37.240679" lon="126.770516"><time>2026-05-17T05:21:49.001Z</time><ele>4.56</ele></trkpt><trkpt lat="37.240655" lon="126.770565"><time>2026-05-17T05:22:53.002Z</time><ele>5.52</ele></trkpt><trkpt lat="37.240656" lon="126.770623"><time>2026-05-17T05:22:57.002Z</time><ele>5.28</ele></trkpt><trkpt lat="37.240694" lon="126.770666"><time>2026-05-17T05:23:06.000Z</time><ele>4.92</ele></trkpt><trkpt lat="37.240741" lon="126.770642"><time>2026-05-17T05:35:40.000Z</time><ele>6.31</ele></trkpt><trkpt lat="37.240789" lon="126.770685"><time>2026-05-17T05:36:29.001Z</time><ele>5.77</ele></trkpt><trkpt lat="37.240841" lon="126.770719"><time>2026-05-17T05:36:33.001Z</time><ele>5.29</ele></trkpt><trkpt lat="37.240889" lon="126.770741"><time>2026-05-17T05:36:37.001Z</time><ele>5.18</ele></trkpt><trkpt lat="37.241369" lon="126.770717"><time>2026-05-17T05:40:44.001Z</time><ele>5.37</ele></trkpt><trkpt lat="37.241434" lon="126.770705"><time>2026-05-17T05:40:45.001Z</time><ele>4.81</ele></trkpt><trkpt lat="37.2415" lon="126.77069"><time>2026-05-17T05:40:46.001Z</time><ele>4.96</ele></trkpt><trkpt lat="37.24157" lon="126.770679"><time>2026-05-17T05:40:47.001Z</time><ele>5.47</ele></trkpt><trkpt lat="37.241636" lon="126.770667"><time>2026-05-17T05:40:48.001Z</time><ele>5.28</ele></trkpt><trkpt lat="37.241713" lon="126.770651"><time>2026-05-17T05:40:49.001Z</time><ele>6.05</ele></trkpt><trkpt lat="37.241794" lon="126.770643"><time>2026-05-17T05:40:50.001Z</time><ele>5.98</ele></trkpt><trkpt lat="37.241879" lon="126.770638"><time>2026-05-17T05:40:51.001Z</time><ele>5.08</ele></trkpt><trkpt lat="37.241969" lon="126.770638"><time>2026-05-17T05:40:52.001Z</time><ele>5.53</ele></trkpt><trkpt lat="37.242058" lon="126.770624"><time>2026-05-17T05:40:53.001Z</time><ele>4.66</ele></trkpt><trkpt lat="37.242154" lon="126.770621"><time>2026-05-17T05:40:54.001Z</time><ele>4.91</ele></trkpt><trkpt lat="37.242245" lon="126.770618"><time>2026-05-17T05:40:55.001Z</time><ele>5.63</ele></trkpt><trkpt lat="37.24233" lon="126.77061"><time>2026-05-17T05:40:56.001Z</time><ele>5.24</ele></trkpt><trkpt lat="37.242407" lon="126.770607"><time>2026-05-17T05:40:57.001Z</time><ele>5.02</ele></trkpt><trkpt lat="37.242481" lon="126.770606"><time>2026-05-17T05:40:58.001Z</time><ele>5.22</ele></trkpt><trkpt lat="37.242553" lon="126.770604"><time>2026-05-17T05:40:59.001Z</time><ele>5.06</ele></trkpt><trkpt lat="37.242627" lon="126.770604"><time>2026-05-17T05:41:00.001Z</time><ele>5.83</ele></trkpt><trkpt lat="37.242707" lon="126.770601"><time>2026-05-17T05:41:01.001Z</time><ele>5.61</ele></trkpt><trkpt lat="37.242789" lon="126.770603"><time>2026-05-17T05:41:02.001Z</time><ele>5.77</ele></trkpt><trkpt lat="37.242878" lon="126.770602"><time>2026-05-17T05:41:03.001Z</time><ele>5.81</ele></trkpt><trkpt lat="37.242985" lon="126.770599"><time>2026-05-17T05:41:04.001Z</time><ele>5.92</ele></trkpt><trkpt lat="37.243095" lon="126.770592"><time>2026-05-17T05:41:05.001Z</time><ele>5.99</ele></trkpt><trkpt lat="37.243205" lon="126.770588"><time>2026-05-17T05:41:06.001Z</time><ele>6.31</ele></trkpt><trkpt lat="37.243313" lon="126.770583"><time>2026-05-17T05:41:07.001Z</time><ele>6.34</ele></trkpt><trkpt lat="37.243428" lon="126.770582"><time>2026-05-17T05:41:08.001Z</time><ele>6.23</ele></trkpt><trkpt lat="37.243546" lon="126.77058"><time>2026-05-17T05:41:09.001Z</time><ele>6.32</ele></trkpt><trkpt lat="37.243656" lon="126.770581"><time>2026-05-17T05:41:10.001Z</time><ele>6.85</ele></trkpt><trkpt lat="37.24377" lon="126.770572"><time>2026-05-17T05:41:11.001Z</time><ele>6.25</ele></trkpt><trkpt lat="37.243874" lon="126.770566"><time>2026-05-17T05:41:12.001Z</time><ele>6.3</ele></trkpt><trkpt lat="37.243978" lon="126.770563"><time>2026-05-17T05:41:13.001Z</time><ele>6.37</ele></trkpt><trkpt lat="37.244081" lon="126.770559"><time>2026-05-17T05:41:14.001Z</time><ele>6.36</ele></trkpt><trkpt lat="37.244184" lon="126.770555"><time>2026-05-17T05:41:15.001Z</time><ele>6.61</ele></trkpt><trkpt lat="37.244287" lon="126.770546"><time>2026-05-17T05:41:16.001Z</time><ele>6.37</ele></trkpt><trkpt lat="37.244384" lon="126.770543"><time>2026-05-17T05:41:17.001Z</time><ele>6.65</ele></trkpt><trkpt lat="37.244479" lon="126.770542"><time>2026-05-17T05:41:18.001Z</time><ele>6.83</ele></trkpt><trkpt lat="37.244575" lon="126.770543"><time>2026-05-17T05:41:19.001Z</time><ele>7.06</ele></trkpt><trkpt lat="37.244673" lon="126.770543"><time>2026-05-17T05:41:20.001Z</time><ele>7.17</ele></trkpt><trkpt lat="37.24477" lon="126.770537"><time>2026-05-17T05:41:21.001Z</time><ele>6.96</ele></trkpt><trkpt lat="37.244862" lon="126.770534"><time>2026-05-17T05:41:22.001Z</time><ele>6.84</ele></trkpt><trkpt lat="37.244964" lon="126.770528"><time>2026-05-17T05:41:23.001Z</time><ele>6.8</ele></trkpt><trkpt lat="37.24507" lon="126.770522"><time>2026-05-17T05:41:24.001Z</time><ele>6.66</ele></trkpt><trkpt lat="37.245179" lon="126.770517"><time>2026-05-17T05:41:25.001Z</time><ele>6.48</ele></trkpt><trkpt lat="37.245283" lon="126.770511"><time>2026-05-17T05:41:26.001Z</time><ele>6.28</ele></trkpt><trkpt lat="37.245379" lon="126.770505"><time>2026-05-17T05:41:27.001Z</time><ele>6.43</ele></trkpt><trkpt lat="37.245477" lon="126.770496"><time>2026-05-17T05:41:28.001Z</time><ele>6.09</ele></trkpt><trkpt lat="37.245578" lon="126.77049"><time>2026-05-17T05:41:29.001Z</time><ele>6.26</ele></trkpt><trkpt lat="37.245676" lon="126.770474"><time>2026-05-17T05:41:30.001Z</time><ele>5.91</ele></trkpt><trkpt lat="37.245776" lon="126.77047"><time>2026-05-17T05:41:31.001Z</time><ele>5.81</ele></trkpt><trkpt lat="37.245876" lon="126.770473"><time>2026-05-17T05:41:32.001Z</time><ele>5.99</ele></trkpt><trkpt lat="37.245976" lon="126.770471"><time>2026-05-17T05:41:33.001Z</time><ele>5.87</ele></trkpt><trkpt lat="37.246074" lon="126.770465"><time>2026-05-17T05:41:34.001Z</time><ele>5.73</ele></trkpt><trkpt lat="37.246176" lon="126.77046"><time>2026-05-17T05:41:35.001Z</time><ele>5.73</ele></trkpt><trkpt lat="37.246276" lon="126.770457"><time>2026-05-17T05:41:36.001Z</time><ele>5.74</ele></trkpt><trkpt lat="37.246363" lon="126.770453"><time>2026-05-17T05:41:37.001Z</time><ele>5.87</ele></trkpt><trkpt lat="37.246454" lon="126.770448"><time>2026-05-17T05:41:38.001Z</time><ele>5.73</ele></trkpt><trkpt lat="37.246543" lon="126.770447"><time>2026-05-17T05:41:39.001Z</time><ele>5.87</ele></trkpt><trkpt lat="37.246634" lon="126.770446"><time>2026-05-17T05:41:40.001Z</time><ele>6.07</ele></trkpt><trkpt lat="37.246726" lon="126.770441"><time>2026-05-17T05:41:41.001Z</time><ele>5.92</ele></trkpt><trkpt lat="37.246811" lon="126.770437"><time>2026-05-17T05:41:42.001Z</time><ele>5.85</ele></trkpt><trkpt lat="37.246895" lon="126.770432"><time>2026-05-17T05:41:43.001Z</time><ele>6.08</ele></trkpt><trkpt lat="37.24698" lon="126.770429"><time>2026-05-17T05:41:44.001Z</time><ele>5.83</ele></trkpt><trkpt lat="37.247064" lon="126.770426"><time>2026-05-17T05:41:45.001Z</time><ele>5.81</ele></trkpt><trkpt lat="37.24715" lon="126.770427"><time>2026-05-17T05:41:46.001Z</time><ele>5.83</ele></trkpt><trkpt lat="37.247237" lon="126.770432"><time>2026-05-17T05:41:47.001Z</time><ele>5.82</ele></trkpt><trkpt lat="37.24733" lon="126.770451"><time>2026-05-17T05:41:48.001Z</time><ele>6</ele></trkpt><trkpt lat="37.247417" lon="126.770484"><time>2026-05-17T05:41:49.001Z</time><ele>5.88</ele></trkpt><trkpt lat="37.247504" lon="126.770527"><time>2026-05-17T05:41:50.001Z</time><ele>5.67</ele></trkpt><trkpt lat="37.247593" lon="126.770587"><time>2026-05-17T05:41:51.001Z</time><ele>5.96</ele></trkpt><trkpt lat="37.247677" lon="126.770662"><time>2026-05-17T05:41:52.001Z</time><ele>5.9</ele></trkpt><trkpt lat="37.247759" lon="126.770747"><time>2026-05-17T05:41:53.001Z</time><ele>6.05</ele></trkpt><trkpt lat="37.247834" lon="126.770843"><time>2026-05-17T05:41:54.001Z</time><ele>6.14</ele></trkpt><trkpt lat="37.247903" lon="126.770947"><time>2026-05-17T05:41:55.001Z</time><ele>6.36</ele></trkpt><trkpt lat="37.247964" lon="126.771075"><time>2026-05-17T05:41:56.001Z</time><ele>6.44</ele></trkpt><trkpt lat="37.248008" lon="126.771211"><time>2026-05-17T05:41:57.000Z</time><ele>6.64</ele></trkpt><trkpt lat="37.248033" lon="126.771352"><time>2026-05-17T05:41:58.000Z</time><ele>6.99</ele></trkpt><trkpt lat="37.248034" lon="126.771501"><time>2026-05-17T05:41:59.000Z</time><ele>6.94</ele></trkpt><trkpt lat="37.248035" lon="126.771647"><time>2026-05-17T05:42:00.000Z</time><ele>6.96</ele></trkpt><trkpt lat="37.248037" lon="126.771791"><time>2026-05-17T05:42:01.000Z</time><ele>7.02</ele></trkpt><trkpt lat="37.248034" lon="126.771931"><time>2026-05-17T05:42:02.000Z</time><ele>6.94</ele></trkpt><trkpt lat="37.248027" lon="126.772072"><time>2026-05-17T05:42:03.000Z</time><ele>7.12</ele></trkpt><trkpt lat="37.248015" lon="126.772209"><time>2026-05-17T05:42:04.000Z</time><ele>7.04</ele></trkpt><trkpt lat="37.247998" lon="126.772341"><time>2026-05-17T05:42:05.000Z</time><ele>6.97</ele></trkpt><trkpt lat="37.247977" lon="126.772468"><time>2026-05-17T05:42:06.000Z</time><ele>6.77</ele></trkpt><trkpt lat="37.247951" lon="126.772585"><time>2026-05-17T05:42:07.000Z</time><ele>6.8</ele></trkpt><trkpt lat="37.247922" lon="126.772702"><time>2026-05-17T05:42:08.000Z</time><ele>6.82</ele></trkpt><trkpt lat="37.247894" lon="126.772825"><time>2026-05-17T05:42:09.000Z</time><ele>6.45</ele></trkpt><trkpt lat="37.247859" lon="126.772947"><time>2026-05-17T05:42:10.000Z</time><ele>6.77</ele></trkpt><trkpt lat="37.247825" lon="126.773056"><time>2026-05-17T05:42:11.000Z</time><ele>6.43</ele></trkpt><trkpt lat="37.247787" lon="126.773167"><time>2026-05-17T05:42:12.000Z</time><ele>6.19</ele></trkpt><trkpt lat="37.247745" lon="126.773284"><time>2026-05-17T05:42:13.000Z</time><ele>6.09</ele></trkpt><trkpt lat="37.247697" lon="126.773405"><time>2026-05-17T05:42:14.000Z</time><ele>5.62</ele></trkpt><trkpt lat="37.247641" lon="126.77353"><time>2026-05-17T05:42:15.000Z</time><ele>6.19</ele></trkpt><trkpt lat="37.247582" lon="126.773655"><time>2026-05-17T05:42:16.000Z</time><ele>6.17</ele></trkpt><trkpt lat="37.24752" lon="126.773774"><time>2026-05-17T05:42:17.000Z</time><ele>6.09</ele></trkpt><trkpt lat="37.247457" lon="126.773883"><time>2026-05-17T05:42:18.000Z</time><ele>5.97</ele></trkpt><trkpt lat="37.247385" lon="126.773995"><time>2026-05-17T05:42:19.000Z</time><ele>5.82</ele></trkpt><trkpt lat="37.2473" lon="126.774106"><time>2026-05-17T05:42:20.000Z</time><ele>6.08</ele></trkpt><trkpt lat="37.247219" lon="126.774206"><time>2026-05-17T05:42:21.000Z</time><ele>6.01</ele></trkpt><trkpt lat="37.247138" lon="126.774298"><time>2026-05-17T05:42:22.000Z</time><ele>5.92</ele></trkpt><trkpt lat="37.247063" lon="126.774381"><time>2026-05-17T05:42:23.000Z</time><ele>5.97</ele></trkpt><trkpt lat="37.246996" lon="126.77445"><time>2026-05-17T05:42:24.000Z</time><ele>6.16</ele></trkpt><trkpt lat="37.246934" lon="126.77451"><time>2026-05-17T05:42:25.000Z</time><ele>6.27</ele></trkpt><trkpt lat="37.246874" lon="126.774565"><time>2026-05-17T05:42:26.000Z</time><ele>6.13</ele></trkpt><trkpt lat="37.246818" lon="126.774611"><time>2026-05-17T05:42:27.000Z</time><ele>6.09</ele></trkpt><trkpt lat="37.246764" lon="126.774655"><time>2026-05-17T05:42:28.000Z</time><ele>6.09</ele></trkpt><trkpt lat="37.246702" lon="126.774703"><time>2026-05-17T05:42:29.000Z</time><ele>5.75</ele></trkpt><trkpt lat="37.246635" lon="126.774752"><time>2026-05-17T05:42:30.000Z</time><ele>5.69</ele></trkpt><trkpt lat="37.246565" lon="126.774801"><time>2026-05-17T05:42:31.000Z</time><ele>5.75</ele></trkpt><trkpt lat="37.246494" lon="126.774849"><time>2026-05-17T05:42:32.000Z</time><ele>5.73</ele></trkpt><trkpt lat="37.246417" lon="126.774893"><time>2026-05-17T05:42:33.000Z</time><ele>5.69</ele></trkpt><trkpt lat="37.246335" lon="126.774934"><time>2026-05-17T05:42:34.000Z</time><ele>6.06</ele></trkpt><trkpt lat="37.246255" lon="126.774968"><time>2026-05-17T05:42:35.000Z</time><ele>5.8</ele></trkpt><trkpt lat="37.24617" lon="126.775004"><time>2026-05-17T05:42:36.000Z</time><ele>5.72</ele></trkpt><trkpt lat="37.246081" lon="126.775043"><time>2026-05-17T05:42:37.000Z</time><ele>5.98</ele></trkpt><trkpt lat="37.245986" lon="126.775082"><time>2026-05-17T05:42:38.000Z</time><ele>6.02</ele></trkpt><trkpt lat="37.245882" lon="126.775114"><time>2026-05-17T05:42:39.000Z</time><ele>6.34</ele></trkpt><trkpt lat="37.245773" lon="126.775145"><time>2026-05-17T05:42:40.000Z</time><ele>6.13</ele></trkpt><trkpt lat="37.245655" lon="126.775171"><time>2026-05-17T05:42:41.000Z</time><ele>6.07</ele></trkpt><trkpt lat="37.245533" lon="126.775192"><time>2026-05-17T05:42:42.000Z</time><ele>5.73</ele></trkpt><trkpt lat="37.244474" lon="126.775237"><time>2026-05-17T05:42:49.000Z</time><ele>5.55</ele></trkpt><trkpt lat="37.244302" lon="126.775243"><time>2026-05-17T05:42:50.000Z</time><ele>5.54</ele></trkpt><trkpt lat="37.244128" lon="126.775249"><time>2026-05-17T05:42:51.000Z</time><ele>5.58</ele></trkpt><trkpt lat="37.243943" lon="126.775258"><time>2026-05-17T05:42:52.000Z</time><ele>5.5</ele></trkpt><trkpt lat="37.243754" lon="126.775265"><time>2026-05-17T05:42:53.001Z</time><ele>5.23</ele></trkpt><trkpt lat="37.243557" lon="126.775272"><time>2026-05-17T05:42:54.001Z</time><ele>4.93</ele></trkpt><trkpt lat="37.243358" lon="126.775276"><time>2026-05-17T05:42:55.001Z</time><ele>5.15</ele></trkpt><trkpt lat="37.243159" lon="126.775284"><time>2026-05-17T05:42:56.001Z</time><ele>5.39</ele></trkpt><trkpt lat="37.24296" lon="126.775288"><time>2026-05-17T05:42:57.001Z</time><ele>5.2</ele></trkpt><trkpt lat="37.242758" lon="126.775294"><time>2026-05-17T05:42:58.001Z</time><ele>5.43</ele></trkpt><trkpt lat="37.242561" lon="126.775302"><time>2026-05-17T05:42:59.001Z</time><ele>5.21</ele></trkpt><trkpt lat="37.242366" lon="126.775309"><time>2026-05-17T05:43:00.001Z</time><ele>5.13</ele></trkpt><trkpt lat="37.242168" lon="126.775319"><time>2026-05-17T05:43:01.001Z</time><ele>5.42</ele></trkpt><trkpt lat="37.241966" lon="126.775328"><time>2026-05-17T05:43:02.001Z</time><ele>5.63</ele></trkpt><trkpt lat="37.241761" lon="126.775334"><time>2026-05-17T05:43:03.001Z</time><ele>5.62</ele></trkpt><trkpt lat="37.241557" lon="126.775338"><time>2026-05-17T05:43:04.001Z</time><ele>5.81</ele></trkpt><trkpt lat="37.241354" lon="126.775343"><time>2026-05-17T05:43:05.001Z</time><ele>5.73</ele></trkpt><trkpt lat="37.241153" lon="126.775351"><time>2026-05-17T05:43:06.001Z</time><ele>6.1</ele></trkpt><trkpt lat="37.240965" lon="126.775358"><time>2026-05-17T05:43:07.001Z</time><ele>6.63</ele></trkpt><trkpt lat="37.240778" lon="126.775363"><time>2026-05-17T05:43:08.001Z</time><ele>6.67</ele></trkpt><trkpt lat="37.240592" lon="126.77537"><time>2026-05-17T05:43:09.001Z</time><ele>6.6</ele></trkpt><trkpt lat="37.24041" lon="126.775375"><time>2026-05-17T05:43:10.001Z</time><ele>6.38</ele></trkpt><trkpt lat="37.240231" lon="126.775381"><time>2026-05-17T05:43:11.001Z</time><ele>6.2</ele></trkpt><trkpt lat="37.240048" lon="126.775387"><time>2026-05-17T05:43:12.001Z</time><ele>5.83</ele></trkpt><trkpt lat="37.239861" lon="126.775392"><time>2026-05-17T05:43:13.001Z</time><ele>5.65</ele></trkpt><trkpt lat="37.23857" lon="126.77544"><time>2026-05-17T05:43:20.001Z</time><ele>5.2</ele></trkpt><trkpt lat="37.238427" lon="126.775448"><time>2026-05-17T05:43:21.001Z</time><ele>5.26</ele></trkpt><trkpt lat="37.238292" lon="126.775454"><time>2026-05-17T05:43:22.001Z</time><ele>5.1</ele></trkpt><trkpt lat="37.238175" lon="126.775459"><time>2026-05-17T05:43:23.001Z</time><ele>5.12</ele></trkpt><trkpt lat="37.238067" lon="126.775465"><time>2026-05-17T05:43:24.001Z</time><ele>5.23</ele></trkpt><trkpt lat="37.23797" lon="126.77547"><time>2026-05-17T05:43:25.001Z</time><ele>5.17</ele></trkpt><trkpt lat="37.237873" lon="126.775473"><time>2026-05-17T05:43:26.001Z</time><ele>4.99</ele></trkpt><trkpt lat="37.237794" lon="126.775475"><time>2026-05-17T05:43:27.001Z</time><ele>5.09</ele></trkpt><trkpt lat="37.237716" lon="126.775477"><time>2026-05-17T05:43:28.001Z</time><ele>5.12</ele></trkpt><trkpt lat="37.237645" lon="126.775477"><time>2026-05-17T05:43:29.001Z</time><ele>4.86</ele></trkpt><trkpt lat="37.237573" lon="126.775481"><time>2026-05-17T05:43:30.001Z</time><ele>4.76</ele></trkpt><trkpt lat="37.237509" lon="126.775483"><time>2026-05-17T05:43:31.001Z</time><ele>4.82</ele></trkpt><trkpt lat="37.237439" lon="126.775486"><time>2026-05-17T05:43:32.001Z</time><ele>4.8</ele></trkpt><trkpt lat="37.237364" lon="126.775491"><time>2026-05-17T05:43:33.001Z</time><ele>4.82</ele></trkpt><trkpt lat="37.237284" lon="126.775493"><time>2026-05-17T05:43:34.001Z</time><ele>4.87</ele></trkpt><trkpt lat="37.237196" lon="126.775497"><time>2026-05-17T05:43:35.001Z</time><ele>4.88</ele></trkpt><trkpt lat="37.237098" lon="126.7755"><time>2026-05-17T05:43:36.001Z</time><ele>5.17</ele></trkpt><trkpt lat="37.236998" lon="126.775486"><time>2026-05-17T05:43:37.001Z</time><ele>4.67</ele></trkpt><trkpt lat="37.236905" lon="126.77545"><time>2026-05-17T05:43:38.001Z</time><ele>5.12</ele></trkpt><trkpt lat="37.236816" lon="126.775401"><time>2026-05-17T05:43:39.001Z</time><ele>5.08</ele></trkpt><trkpt lat="37.236731" lon="126.775352"><time>2026-05-17T05:43:40.001Z</time><ele>5.08</ele></trkpt><trkpt lat="37.236656" lon="126.775306"><time>2026-05-17T05:43:41.001Z</time><ele>5.1</ele></trkpt><trkpt lat="37.236582" lon="126.77527"><time>2026-05-17T05:43:42.001Z</time><ele>5.34</ele></trkpt><trkpt lat="37.236501" lon="126.775286"><time>2026-05-17T05:43:43.001Z</time><ele>5.46</ele></trkpt><trkpt lat="37.236428" lon="126.775332"><time>2026-05-17T05:43:44.001Z</time><ele>5.81</ele></trkpt><trkpt lat="37.236375" lon="126.775389"><time>2026-05-17T05:43:45.001Z</time><ele>5.71</ele></trkpt><trkpt lat="37.236345" lon="126.775467"><time>2026-05-17T05:43:46.001Z</time><ele>5.84</ele></trkpt><trkpt lat="37.236335" lon="126.775561"><time>2026-05-17T05:43:47.001Z</time><ele>6.07</ele></trkpt><trkpt lat="37.236356" lon="126.775657"><time>2026-05-17T05:43:48.001Z</time><ele>5.98</ele></trkpt><trkpt lat="37.236401" lon="126.77573"><time>2026-05-17T05:43:49.001Z</time><ele>5.89</ele></trkpt><trkpt lat="37.236458" lon="126.775784"><time>2026-05-17T05:43:50.001Z</time><ele>5.76</ele></trkpt><trkpt lat="37.236532" lon="126.775805"><time>2026-05-17T05:43:51.001Z</time><ele>5.83</ele></trkpt><trkpt lat="37.236609" lon="126.775791"><time>2026-05-17T05:43:52.001Z</time><ele>6.1</ele></trkpt><trkpt lat="37.23669" lon="126.775756"><time>2026-05-17T05:43:53.001Z</time><ele>5.84</ele></trkpt><trkpt lat="37.23677" lon="126.775701"><time>2026-05-17T05:43:54.001Z</time><ele>5.85</ele></trkpt><trkpt lat="37.236858" lon="126.775645"><time>2026-05-17T05:43:55.001Z</time><ele>5.76</ele></trkpt><trkpt lat="37.23816" lon="126.775561"><time>2026-05-17T05:44:04.000Z</time><ele>4.14</ele></trkpt><trkpt lat="37.238338" lon="126.775553"><time>2026-05-17T05:44:05.000Z</time><ele>3.93</ele></trkpt><trkpt lat="37.238522" lon="126.775546"><time>2026-05-17T05:44:06.000Z</time><ele>3.78</ele></trkpt><trkpt lat="37.238699" lon="126.775541"><time>2026-05-17T05:44:07.000Z</time><ele>3.78</ele></trkpt><trkpt lat="37.238866" lon="126.775534"><time>2026-05-17T05:44:08.000Z</time><ele>3.86</ele></trkpt><trkpt lat="37.239025" lon="126.775524"><time>2026-05-17T05:44:09.000Z</time><ele>4</ele></trkpt><trkpt lat="37.239174" lon="126.775528"><time>2026-05-17T05:44:10.000Z</time><ele>4.2</ele></trkpt><trkpt lat="37.239315" lon="126.77552"><time>2026-05-17T05:44:11.000Z</time><ele>4.47</ele></trkpt><trkpt lat="37.239447" lon="126.775523"><time>2026-05-17T05:44:12.000Z</time><ele>4.42</ele></trkpt><trkpt lat="37.239571" lon="126.775518"><time>2026-05-17T05:44:13.000Z</time><ele>4.39</ele></trkpt><trkpt lat="37.23969" lon="126.775515"><time>2026-05-17T05:44:14.000Z</time><ele>4.63</ele></trkpt><trkpt lat="37.239811" lon="126.775515"><time>2026-05-17T05:44:15.000Z</time><ele>4.43</ele></trkpt><trkpt lat="37.239925" lon="126.775509"><time>2026-05-17T05:44:16.000Z</time><ele>4.68</ele></trkpt><trkpt lat="37.240054" lon="126.775503"><time>2026-05-17T05:44:17.000Z</time><ele>4.79</ele></trkpt><trkpt lat="37.240193" lon="126.775498"><time>2026-05-17T05:44:18.000Z</time><ele>4.78</ele></trkpt><trkpt lat="37.240344" lon="126.775493"><time>2026-05-17T05:44:19.000Z</time><ele>5.01</ele></trkpt><trkpt lat="37.240502" lon="126.775485"><time>2026-05-17T05:44:20.000Z</time><ele>4.84</ele></trkpt><trkpt lat="37.240667" lon="126.775481"><time>2026-05-17T05:44:21.000Z</time><ele>4.76</ele></trkpt><trkpt lat="37.240835" lon="126.775473"><time>2026-05-17T05:44:22.000Z</time><ele>4.88</ele></trkpt><trkpt lat="37.241013" lon="126.775466"><time>2026-05-17T05:44:23.000Z</time><ele>4.93</ele></trkpt><trkpt lat="37.241197" lon="126.775456"><time>2026-05-17T05:44:24.000Z</time><ele>5.1</ele></trkpt><trkpt lat="37.241383" lon="126.775449"><time>2026-05-17T05:44:25.000Z</time><ele>5.02</ele></trkpt><trkpt lat="37.241571" lon="126.775435"><time>2026-05-17T05:44:26.000Z</time><ele>5.06</ele></trkpt><trkpt lat="37.241762" lon="126.775426"><time>2026-05-17T05:44:27.000Z</time><ele>5.12</ele></trkpt><trkpt lat="37.241962" lon="126.775427"><time>2026-05-17T05:44:28.000Z</time><ele>5.55</ele></trkpt><trkpt lat="37.242165" lon="126.775426"><time>2026-05-17T05:44:29.000Z</time><ele>5.81</ele></trkpt><trkpt lat="37.242366" lon="126.775422"><time>2026-05-17T05:44:30.000Z</time><ele>6.18</ele></trkpt><trkpt lat="37.242569" lon="126.775417"><time>2026-05-17T05:44:31.000Z</time><ele>6.44</ele></trkpt><trkpt lat="37.242772" lon="126.77541"><time>2026-05-17T05:44:32.000Z</time><ele>6.8</ele></trkpt><trkpt lat="37.242967" lon="126.775405"><time>2026-05-17T05:44:33.000Z</time><ele>7.05</ele></trkpt><trkpt lat="37.243162" lon="126.775403"><time>2026-05-17T05:44:34.000Z</time><ele>7.23</ele></trkpt><trkpt lat="37.24336" lon="126.775398"><time>2026-05-17T05:44:35.000Z</time><ele>7.48</ele></trkpt><trkpt lat="37.243562" lon="126.775393"><time>2026-05-17T05:44:36.000Z</time><ele>7.72</ele></trkpt><trkpt lat="37.243768" lon="126.775384"><time>2026-05-17T05:44:37.000Z</time><ele>7.87</ele></trkpt><trkpt lat="37.243965" lon="126.775376"><time>2026-05-17T05:44:38.000Z</time><ele>8.29</ele></trkpt><trkpt lat="37.244159" lon="126.775367"><time>2026-05-17T05:44:39.000Z</time><ele>7.9</ele></trkpt><trkpt lat="37.244351" lon="126.775356"><time>2026-05-17T05:44:40.000Z</time><ele>7.98</ele></trkpt><trkpt lat="37.24452" lon="126.775349"><time>2026-05-17T05:44:41.000Z</time><ele>7.84</ele></trkpt><trkpt lat="37.244674" lon="126.775342"><time>2026-05-17T05:44:42.000Z</time><ele>7.64</ele></trkpt><trkpt lat="37.244791" lon="126.775335"><time>2026-05-17T05:44:43.000Z</time><ele>7.59</ele></trkpt><trkpt lat="37.244905" lon="126.775331"><time>2026-05-17T05:44:44.000Z</time><ele>7.51</ele></trkpt><trkpt lat="37.245007" lon="126.775325"><time>2026-05-17T05:44:45.000Z</time><ele>7.34</ele></trkpt><trkpt lat="37.245097" lon="126.775322"><time>2026-05-17T05:44:46.000Z</time><ele>7.35</ele></trkpt><trkpt lat="37.245186" lon="126.775319"><time>2026-05-17T05:44:47.000Z</time><ele>7.53</ele></trkpt><trkpt lat="37.245265" lon="126.775315"><time>2026-05-17T05:44:48.000Z</time><ele>7.38</ele></trkpt><trkpt lat="37.245353" lon="126.775311"><time>2026-05-17T05:44:49.000Z</time><ele>7.37</ele></trkpt><trkpt lat="37.245447" lon="126.775309"><time>2026-05-17T05:44:50.000Z</time><ele>7.39</ele></trkpt><trkpt lat="37.245539" lon="126.775298"><time>2026-05-17T05:44:51.000Z</time><ele>7.21</ele></trkpt><trkpt lat="37.245627" lon="126.775282"><time>2026-05-17T05:44:52.000Z</time><ele>7.21</ele></trkpt><trkpt lat="37.245706" lon="126.775262"><time>2026-05-17T05:44:53.000Z</time><ele>7.47</ele></trkpt><trkpt lat="37.245783" lon="126.775245"><time>2026-05-17T05:44:54.000Z</time><ele>7.6</ele></trkpt><trkpt lat="37.245849" lon="126.775228"><time>2026-05-17T05:44:55.000Z</time><ele>7.6</ele></trkpt><trkpt lat="37.245912" lon="126.775211"><time>2026-05-17T05:44:56.001Z</time><ele>7.11</ele></trkpt><trkpt lat="37.245976" lon="126.775196"><time>2026-05-17T05:44:57.001Z</time><ele>6.84</ele></trkpt><trkpt lat="37.246043" lon="126.775204"><time>2026-05-17T05:44:58.001Z</time><ele>6.87</ele></trkpt><trkpt lat="37.246102" lon="126.775237"><time>2026-05-17T05:44:59.001Z</time><ele>6.58</ele></trkpt><trkpt lat="37.246152" lon="126.775304"><time>2026-05-17T05:45:00.001Z</time><ele>6.19</ele></trkpt><trkpt lat="37.246209" lon="126.775329"><time>2026-05-17T05:45:01.001Z</time><ele>5.94</ele></trkpt><trkpt lat="37.246271" lon="126.775316"><time>2026-05-17T05:45:02.001Z</time><ele>5.74</ele></trkpt><trkpt lat="37.246318" lon="126.775286"><time>2026-05-17T05:45:03.001Z</time><ele>5.9</ele></trkpt><trkpt lat="37.246378" lon="126.775256"><time>2026-05-17T05:45:04.001Z</time><ele>6.1</ele></trkpt><trkpt lat="37.246433" lon="126.775214"><time>2026-05-17T05:45:05.001Z</time><ele>5.8</ele></trkpt><trkpt lat="37.246465" lon="126.775151"><time>2026-05-17T05:45:06.001Z</time><ele>6.15</ele></trkpt><trkpt lat="37.24647" lon="126.775085"><time>2026-05-17T05:45:07.001Z</time><ele>5.75</ele></trkpt><trkpt lat="37.246451" lon="126.775019"><time>2026-05-17T05:45:08.001Z</time><ele>5.59</ele></trkpt><trkpt lat="37.246409" lon="126.774972"><time>2026-05-17T05:45:09.001Z</time><ele>5.34</ele></trkpt><trkpt lat="37.245209" lon="126.775089"><time>2026-05-17T05:45:19.001Z</time><ele>6.43</ele></trkpt><trkpt lat="37.24506" lon="126.775091"><time>2026-05-17T05:45:20.001Z</time><ele>6.32</ele></trkpt><trkpt lat="37.244915" lon="126.775096"><time>2026-05-17T05:45:21.001Z</time><ele>6.34</ele></trkpt><trkpt lat="37.244768" lon="126.775101"><time>2026-05-17T05:45:22.001Z</time><ele>6.46</ele></trkpt><trkpt lat="37.24462" lon="126.775107"><time>2026-05-17T05:45:23.001Z</time><ele>6.38</ele></trkpt><trkpt lat="37.244468" lon="126.775113"><time>2026-05-17T05:45:24.001Z</time><ele>6.47</ele></trkpt><trkpt lat="37.244318" lon="126.775118"><time>2026-05-17T05:45:25.001Z</time><ele>6.48</ele></trkpt><trkpt lat="37.244169" lon="126.775126"><time>2026-05-17T05:45:26.001Z</time><ele>6.27</ele></trkpt><trkpt lat="37.244029" lon="126.775131"><time>2026-05-17T05:45:27.001Z</time><ele>6.66</ele></trkpt><trkpt lat="37.243887" lon="126.775138"><time>2026-05-17T05:45:28.001Z</time><ele>6.61</ele></trkpt><trkpt lat="37.243744" lon="126.775147"><time>2026-05-17T05:45:29.001Z</time><ele>6.96</ele></trkpt><trkpt lat="37.243602" lon="126.77515"><time>2026-05-17T05:45:30.001Z</time><ele>7.03</ele></trkpt><trkpt lat="37.243468" lon="126.775152"><time>2026-05-17T05:45:31.001Z</time><ele>7.14</ele></trkpt><trkpt lat="37.243342" lon="126.775153"><time>2026-05-17T05:45:32.001Z</time><ele>6.92</ele></trkpt><trkpt lat="37.243224" lon="126.775158"><time>2026-05-17T05:45:33.001Z</time><ele>7.11</ele></trkpt><trkpt lat="37.243102" lon="126.775162"><time>2026-05-17T05:45:34.001Z</time><ele>7.14</ele></trkpt><trkpt lat="37.242978" lon="126.775162"><time>2026-05-17T05:45:35.001Z</time><ele>7.11</ele></trkpt><trkpt lat="37.242867" lon="126.775158"><time>2026-05-17T05:45:36.001Z</time><ele>6.98</ele></trkpt><trkpt lat="37.242749" lon="126.775149"><time>2026-05-17T05:45:37.001Z</time><ele>7</ele></trkpt><trkpt lat="37.242628" lon="126.77515"><time>2026-05-17T05:45:38.001Z</time><ele>7.34</ele></trkpt><trkpt lat="37.242511" lon="126.775152"><time>2026-05-17T05:45:39.001Z</time><ele>7.05</ele></trkpt><trkpt lat="37.242389" lon="126.77515"><time>2026-05-17T05:45:40.001Z</time><ele>7.28</ele></trkpt><trkpt lat="37.242264" lon="126.775151"><time>2026-05-17T05:45:41.001Z</time><ele>7.2</ele></trkpt><trkpt lat="37.242137" lon="126.775157"><time>2026-05-17T05:45:42.001Z</time><ele>7.63</ele></trkpt><trkpt lat="37.241994" lon="126.775162"><time>2026-05-17T05:45:43.001Z</time><ele>7.7</ele></trkpt><trkpt lat="37.241846" lon="126.775165"><time>2026-05-17T05:45:44.001Z</time><ele>7.69</ele></trkpt><trkpt lat="37.241701" lon="126.775172"><time>2026-05-17T05:45:45.001Z</time><ele>7.78</ele></trkpt><trkpt lat="37.241561" lon="126.775178"><time>2026-05-17T05:45:46.001Z</time><ele>7.91</ele></trkpt><trkpt lat="37.241419" lon="126.775182"><time>2026-05-17T05:45:47.001Z</time><ele>8.22</ele></trkpt><trkpt lat="37.241283" lon="126.775184"><time>2026-05-17T05:45:48.001Z</time><ele>7.82</ele></trkpt><trkpt lat="37.241155" lon="126.775189"><time>2026-05-17T05:45:49.001Z</time><ele>7.78</ele></trkpt><trkpt lat="37.241023" lon="126.775198"><time>2026-05-17T05:45:50.001Z</time><ele>7.89</ele></trkpt><trkpt lat="37.240894" lon="126.775203"><time>2026-05-17T05:45:51.001Z</time><ele>7.81</ele></trkpt><trkpt lat="37.240769" lon="126.775204"><time>2026-05-17T05:45:52.001Z</time><ele>7.62</ele></trkpt><trkpt lat="37.240653" lon="126.775208"><time>2026-05-17T05:45:53.001Z</time><ele>7.47</ele></trkpt><trkpt lat="37.240547" lon="126.775214"><time>2026-05-17T05:45:54.001Z</time><ele>7.59</ele></trkpt><trkpt lat="37.240445" lon="126.775219"><time>2026-05-17T05:45:55.001Z</time><ele>7.66</ele></trkpt><trkpt lat="37.240345" lon="126.775226"><time>2026-05-17T05:45:56.001Z</time><ele>7.91</ele></trkpt><trkpt lat="37.240252" lon="126.775229"><time>2026-05-17T05:45:57.001Z</time><ele>7.67</ele></trkpt><trkpt lat="37.24016" lon="126.77523"><time>2026-05-17T05:45:58.001Z</time><ele>7.57</ele></trkpt><trkpt lat="37.240079" lon="126.77523"><time>2026-05-17T05:45:59.001Z</time><ele>7.15</ele></trkpt><trkpt lat="37.240002" lon="126.775224"><time>2026-05-17T05:46:00.001Z</time><ele>6.97</ele></trkpt><trkpt lat="37.239932" lon="126.775217"><time>2026-05-17T05:46:01.001Z</time><ele>6.85</ele></trkpt><trkpt lat="37.239854" lon="126.775201"><time>2026-05-17T05:46:02.001Z</time><ele>6.5</ele></trkpt><trkpt lat="37.239765" lon="126.775174"><time>2026-05-17T05:46:03.001Z</time><ele>6.44</ele></trkpt><trkpt lat="37.239674" lon="126.775126"><time>2026-05-17T05:46:04.001Z</time><ele>6.37</ele></trkpt><trkpt lat="37.239581" lon="126.775056"><time>2026-05-17T05:46:05.001Z</time><ele>6.24</ele></trkpt><trkpt lat="37.239504" lon="126.77497"><time>2026-05-17T05:46:06.001Z</time><ele>6</ele></trkpt><trkpt lat="37.239443" lon="126.774876"><time>2026-05-17T05:46:07.001Z</time><ele>5.95</ele></trkpt><trkpt lat="37.239399" lon="126.774767"><time>2026-05-17T05:46:08.001Z</time><ele>5.88</ele></trkpt><trkpt lat="37.239378" lon="126.774657"><time>2026-05-17T05:46:09.000Z</time><ele>6.14</ele></trkpt><trkpt lat="37.239371" lon="126.774549"><time>2026-05-17T05:46:10.000Z</time><ele>5.72</ele></trkpt><trkpt lat="37.239378" lon="126.774454"><time>2026-05-17T05:46:11.000Z</time><ele>6.19</ele></trkpt><trkpt lat="37.239396" lon="126.77437"><time>2026-05-17T05:46:12.000Z</time><ele>6.7</ele></trkpt><trkpt lat="37.239413" lon="126.774302"><time>2026-05-17T05:46:13.000Z</time><ele>6.13</ele></trkpt><trkpt lat="37.239435" lon="126.774239"><time>2026-05-17T05:46:14.000Z</time><ele>6.42</ele></trkpt><trkpt lat="37.23946" lon="126.774177"><time>2026-05-17T05:46:15.000Z</time><ele>6.38</ele></trkpt><trkpt lat="37.239482" lon="126.774116"><time>2026-05-17T05:46:16.000Z</time><ele>6.08</ele></trkpt><trkpt lat="37.239507" lon="126.774053"><time>2026-05-17T05:46:17.000Z</time><ele>5.52</ele></trkpt><trkpt lat="37.239547" lon="126.774"><time>2026-05-17T05:46:18.000Z</time><ele>5.49</ele></trkpt><trkpt lat="37.239595" lon="126.773995"><time>2026-05-17T05:46:19.000Z</time><ele>5.23</ele></trkpt><trkpt lat="37.239653" lon="126.774023"><time>2026-05-17T05:46:20.000Z</time><ele>5.03</ele></trkpt><trkpt lat="37.239715" lon="126.774067"><time>2026-05-17T05:46:21.000Z</time><ele>5.03</ele></trkpt><trkpt lat="37.239781" lon="126.774112"><time>2026-05-17T05:46:22.000Z</time><ele>5.21</ele></trkpt><trkpt lat="37.239855" lon="126.774162"><time>2026-05-17T05:46:23.000Z</time><ele>5.26</ele></trkpt><trkpt lat="37.239926" lon="126.77421"><time>2026-05-17T05:46:24.000Z</time><ele>5.03</ele></trkpt><trkpt lat="37.239999" lon="126.774261"><time>2026-05-17T05:46:25.000Z</time><ele>5.18</ele></trkpt><trkpt lat="37.240077" lon="126.774317"><time>2026-05-17T05:46:26.000Z</time><ele>5.32</ele></trkpt><trkpt lat="37.240163" lon="126.774378"><time>2026-05-17T05:46:27.000Z</time><ele>5.28</ele></trkpt><trkpt lat="37.240259" lon="126.774437"><time>2026-05-17T05:46:28.000Z</time><ele>5.04</ele></trkpt><trkpt lat="37.240474" lon="126.774574"><time>2026-05-17T05:46:30.000Z</time><ele>5.04</ele></trkpt><trkpt lat="37.240579" lon="126.774649"><time>2026-05-17T05:46:31.000Z</time><ele>4.92</ele></trkpt><trkpt lat="37.240685" lon="126.774718"><time>2026-05-17T05:46:32.000Z</time><ele>4.87</ele></trkpt><trkpt lat="37.24079" lon="126.774783"><time>2026-05-17T05:46:33.000Z</time><ele>4.5</ele></trkpt><trkpt lat="37.240895" lon="126.774849"><time>2026-05-17T05:46:34.000Z</time><ele>4.37</ele></trkpt><trkpt lat="37.241005" lon="126.774916"><time>2026-05-17T05:46:35.000Z</time><ele>4.48</ele></trkpt><trkpt lat="37.241124" lon="126.774968"><time>2026-05-17T05:46:36.000Z</time><ele>4.53</ele></trkpt><trkpt lat="37.241244" lon="126.775"><time>2026-05-17T05:46:37.000Z</time><ele>4.5</ele></trkpt><trkpt lat="37.241368" lon="126.775016"><time>2026-05-17T05:46:38.000Z</time><ele>4.55</ele></trkpt><trkpt lat="37.241495" lon="126.775024"><time>2026-05-17T05:46:39.000Z</time><ele>4.63</ele></trkpt><trkpt lat="37.241624" lon="126.775018"><time>2026-05-17T05:46:40.000Z</time><ele>4.51</ele></trkpt><trkpt lat="37.241758" lon="126.775009"><time>2026-05-17T05:46:41.000Z</time><ele>4.72</ele></trkpt><trkpt lat="37.241886" lon="126.775013"><time>2026-05-17T05:46:42.000Z</time><ele>5.26</ele></trkpt><trkpt lat="37.242021" lon="126.775018"><time>2026-05-17T05:46:43.000Z</time><ele>5.65</ele></trkpt><trkpt lat="37.242162" lon="126.775018"><time>2026-05-17T05:46:44.000Z</time><ele>6.19</ele></trkpt><trkpt lat="37.2423" lon="126.775015"><time>2026-05-17T05:46:45.000Z</time><ele>6.36</ele></trkpt><trkpt lat="37.242437" lon="126.775013"><time>2026-05-17T05:46:46.000Z</time><ele>6.71</ele></trkpt><trkpt lat="37.242564" lon="126.775012"><time>2026-05-17T05:46:47.000Z</time><ele>7.06</ele></trkpt><trkpt lat="37.24269" lon="126.775007"><time>2026-05-17T05:46:48.000Z</time><ele>6.96</ele></trkpt><trkpt lat="37.2428" lon="126.775002"><time>2026-05-17T05:46:49.000Z</time><ele>7.22</ele></trkpt><trkpt lat="37.242897" lon="126.775"><time>2026-05-17T05:46:50.000Z</time><ele>7.45</ele></trkpt><trkpt lat="37.242983" lon="126.774998"><time>2026-05-17T05:46:51.000Z</time><ele>7.3</ele></trkpt><trkpt lat="37.243059" lon="126.774999"><time>2026-05-17T05:46:52.000Z</time><ele>7.33</ele></trkpt><trkpt lat="37.243135" lon="126.774999"><time>2026-05-17T05:46:53.000Z</time><ele>7.77</ele></trkpt><trkpt lat="37.243202" lon="126.774998"><time>2026-05-17T05:46:54.000Z</time><ele>7.65</ele></trkpt><trkpt lat="37.243269" lon="126.774994"><time>2026-05-17T05:46:55.000Z</time><ele>7.57</ele></trkpt><trkpt lat="37.243329" lon="126.774993"><time>2026-05-17T05:46:56.000Z</time><ele>7.27</ele></trkpt><trkpt lat="37.243395" lon="126.774988"><time>2026-05-17T05:46:57.000Z</time><ele>7.05</ele></trkpt><trkpt lat="37.24347" lon="126.774984"><time>2026-05-17T05:46:58.000Z</time><ele>7.32</ele></trkpt><trkpt lat="37.243548" lon="126.774981"><time>2026-05-17T05:46:59.000Z</time><ele>7.01</ele></trkpt><trkpt lat="37.243623" lon="126.774977"><time>2026-05-17T05:47:00.001Z</time><ele>7.14</ele></trkpt><trkpt lat="37.243695" lon="126.774974"><time>2026-05-17T05:47:01.001Z</time><ele>7.17</ele></trkpt><trkpt lat="37.243763" lon="126.77496"><time>2026-05-17T05:47:02.001Z</time><ele>7.14</ele></trkpt><trkpt lat="37.243826" lon="126.774932"><time>2026-05-17T05:47:03.001Z</time><ele>7.28</ele></trkpt><trkpt lat="37.243879" lon="126.774881"><time>2026-05-17T05:47:04.001Z</time><ele>7.44</ele></trkpt><trkpt lat="37.243904" lon="126.774798"><time>2026-05-17T05:47:05.001Z</time><ele>7.23</ele></trkpt><trkpt lat="37.243911" lon="126.774714"><time>2026-05-17T05:47:06.001Z</time><ele>7.19</ele></trkpt><trkpt lat="37.243902" lon="126.774622"><time>2026-05-17T05:47:07.001Z</time><ele>7.28</ele></trkpt><trkpt lat="37.243895" lon="126.774529"><time>2026-05-17T05:47:08.001Z</time><ele>7.35</ele></trkpt><trkpt lat="37.243895" lon="126.774432"><time>2026-05-17T05:47:09.001Z</time><ele>6.24</ele></trkpt><trkpt lat="37.243903" lon="126.774325"><time>2026-05-17T05:47:10.001Z</time><ele>5.97</ele></trkpt><trkpt lat="37.243903" lon="126.774212"><time>2026-05-17T05:47:11.001Z</time><ele>6.2</ele></trkpt><trkpt lat="37.243903" lon="126.774103"><time>2026-05-17T05:47:12.001Z</time><ele>6.05</ele></trkpt><trkpt lat="37.243903" lon="126.773995"><time>2026-05-17T05:47:13.001Z</time><ele>5.7</ele></trkpt><trkpt lat="37.243915" lon="126.773883"><time>2026-05-17T05:47:14.001Z</time><ele>5.51</ele></trkpt><trkpt lat="37.243968" lon="126.773798"><time>2026-05-17T05:47:15.001Z</time><ele>5.32</ele></trkpt><trkpt lat="37.244035" lon="126.773736"><time>2026-05-17T05:47:16.001Z</time><ele>5.63</ele></trkpt><trkpt lat="37.244117" lon="126.773713"><time>2026-05-17T05:47:17.001Z</time><ele>6.06</ele></trkpt><trkpt lat="37.244198" lon="126.773706"><time>2026-05-17T05:47:18.001Z</time><ele>5.99</ele></trkpt><trkpt lat="37.244265" lon="126.773657"><time>2026-05-17T05:47:19.001Z</time><ele>5.51</ele></trkpt><trkpt lat="37.244335" lon="126.77359"><time>2026-05-17T05:47:20.001Z</time><ele>6.35</ele></trkpt><trkpt lat="37.244376" lon="126.773489"><time>2026-05-17T05:47:21.001Z</time><ele>6.64</ele></trkpt><trkpt lat="37.24441" lon="126.773376"><time>2026-05-17T05:47:22.001Z</time><ele>7.67</ele></trkpt><trkpt lat="37.24441" lon="126.773252"><time>2026-05-17T05:47:23.001Z</time><ele>7.73</ele></trkpt><trkpt lat="37.244368" lon="126.773133"><time>2026-05-17T05:47:24.001Z</time><ele>8.13</ele></trkpt><trkpt lat="37.244294" lon="126.77302"><time>2026-05-17T05:47:25.001Z</time><ele>8.3</ele></trkpt><trkpt lat="37.244211" lon="126.772914"><time>2026-05-17T05:47:26.001Z</time><ele>8.79</ele></trkpt><trkpt lat="37.244117" lon="126.772815"><time>2026-05-17T05:47:27.001Z</time><ele>9.22</ele></trkpt><trkpt lat="37.244029" lon="126.772713"><time>2026-05-17T05:47:28.001Z</time><ele>9.65</ele></trkpt><trkpt lat="37.243945" lon="126.772601"><time>2026-05-17T05:47:29.001Z</time><ele>8.83</ele></trkpt><trkpt lat="37.243865" lon="126.772487"><time>2026-05-17T05:47:30.001Z</time><ele>8.1</ele></trkpt><trkpt lat="37.243795" lon="126.772384"><time>2026-05-17T05:47:31.001Z</time><ele>7.4</ele></trkpt><trkpt lat="37.243734" lon="126.772287"><time>2026-05-17T05:47:32.001Z</time><ele>6.93</ele></trkpt><trkpt lat="37.243679" lon="126.772177"><time>2026-05-17T05:47:33.001Z</time><ele>6.29</ele></trkpt><trkpt lat="37.243649" lon="126.772058"><time>2026-05-17T05:47:34.001Z</time><ele>5.25</ele></trkpt><trkpt lat="37.24367" lon="126.771934"><time>2026-05-17T05:47:35.001Z</time><ele>4.83</ele></trkpt><trkpt lat="37.243721" lon="126.771828"><time>2026-05-17T05:47:36.001Z</time><ele>3.94</ele></trkpt><trkpt lat="37.2438" lon="126.771745"><time>2026-05-17T05:47:37.001Z</time><ele>3.61</ele></trkpt><trkpt lat="37.24389" lon="126.771701"><time>2026-05-17T05:47:38.001Z</time><ele>3.19</ele></trkpt><trkpt lat="37.243995" lon="126.771695"><time>2026-05-17T05:47:39.001Z</time><ele>2.89</ele></trkpt><trkpt lat="37.244092" lon="126.771742"><time>2026-05-17T05:47:40.001Z</time><ele>3.12</ele></trkpt><trkpt lat="37.244165" lon="126.771828"><time>2026-05-17T05:47:41.001Z</time><ele>3.25</ele></trkpt><trkpt lat="37.244212" lon="126.771933"><time>2026-05-17T05:47:42.001Z</time><ele>3.25</ele></trkpt><trkpt lat="37.244232" lon="126.772064"><time>2026-05-17T05:47:43.001Z</time><ele>3.19</ele></trkpt><trkpt lat="37.244198" lon="126.772195"><time>2026-05-17T05:47:44.001Z</time><ele>3.45</ele></trkpt><trkpt lat="37.244138" lon="126.77231"><time>2026-05-17T05:47:45.001Z</time><ele>3.74</ele></trkpt><trkpt lat="37.244064" lon="126.772395"><time>2026-05-17T05:47:46.001Z</time><ele>5</ele></trkpt><trkpt lat="37.243966" lon="126.772454"><time>2026-05-17T05:47:47.001Z</time><ele>5.52</ele></trkpt><trkpt lat="37.24385" lon="126.772482"><time>2026-05-17T05:47:48.001Z</time><ele>5.96</ele></trkpt><trkpt lat="37.243734" lon="126.772484"><time>2026-05-17T05:47:49.001Z</time><ele>6.57</ele></trkpt><trkpt lat="37.243616" lon="126.772461"><time>2026-05-17T05:47:50.001Z</time><ele>6.95</ele></trkpt><trkpt lat="37.2435" lon="126.772444"><time>2026-05-17T05:47:51.001Z</time><ele>7.64</ele></trkpt><trkpt lat="37.243382" lon="126.772445"><time>2026-05-17T05:47:52.001Z</time><ele>8.15</ele></trkpt><trkpt lat="37.243254" lon="126.772449"><time>2026-05-17T05:47:53.001Z</time><ele>7.57</ele></trkpt><trkpt lat="37.243123" lon="126.772449"><time>2026-05-17T05:47:54.001Z</time><ele>7.4</ele></trkpt><trkpt lat="37.242988" lon="126.77245"><time>2026-05-17T05:47:55.001Z</time><ele>7.29</ele></trkpt><trkpt lat="37.242848" lon="126.772453"><time>2026-05-17T05:47:56.001Z</time><ele>7.16</ele></trkpt><trkpt lat="37.242713" lon="126.772454"><time>2026-05-17T05:47:57.001Z</time><ele>7.17</ele></trkpt><trkpt lat="37.24259" lon="126.772452"><time>2026-05-17T05:47:58.001Z</time><ele>6.66</ele></trkpt><trkpt lat="37.242479" lon="126.772452"><time>2026-05-17T05:47:59.001Z</time><ele>7.04</ele></trkpt><trkpt lat="37.242371" lon="126.77245"><time>2026-05-17T05:48:00.001Z</time><ele>7.04</ele></trkpt><trkpt lat="37.24227" lon="126.772418"><time>2026-05-17T05:48:01.001Z</time><ele>7.27</ele></trkpt><trkpt lat="37.242178" lon="126.772369"><time>2026-05-17T05:48:02.001Z</time><ele>6.85</ele></trkpt><trkpt lat="37.242099" lon="126.772291"><time>2026-05-17T05:48:03.001Z</time><ele>6.25</ele></trkpt><trkpt lat="37.242029" lon="126.77219"><time>2026-05-17T05:48:04.001Z</time><ele>6.19</ele></trkpt><trkpt lat="37.242002" lon="126.772062"><time>2026-05-17T05:48:05.001Z</time><ele>6.75</ele></trkpt><trkpt lat="37.242028" lon="126.771937"><time>2026-05-17T05:48:06.001Z</time><ele>7.62</ele></trkpt><trkpt lat="37.242072" lon="126.771833"><time>2026-05-17T05:48:07.001Z</time><ele>8.37</ele></trkpt><trkpt lat="37.242153" lon="126.771761"><time>2026-05-17T05:48:08.001Z</time><ele>9.24</ele></trkpt><trkpt lat="37.242256" lon="126.771734"><time>2026-05-17T05:48:09.001Z</time><ele>9.44</ele></trkpt><trkpt lat="37.242361" lon="126.771751"><time>2026-05-17T05:48:10.001Z</time><ele>10.08</ele></trkpt><trkpt lat="37.242448" lon="126.771825"><time>2026-05-17T05:48:11.001Z</time><ele>10.96</ele></trkpt><trkpt lat="37.242518" lon="126.771939"><time>2026-05-17T05:48:12.001Z</time><ele>11.41</ele></trkpt><trkpt lat="37.242551" lon="126.772079"><time>2026-05-17T05:48:13.001Z</time><ele>11.8</ele></trkpt><trkpt lat="37.24257" lon="126.772225"><time>2026-05-17T05:48:14.001Z</time><ele>11.36</ele></trkpt><trkpt lat="37.242577" lon="126.772376"><time>2026-05-17T05:48:15.000Z</time><ele>10.95</ele></trkpt><trkpt lat="37.242574" lon="126.77252"><time>2026-05-17T05:48:16.000Z</time><ele>10.47</ele></trkpt><trkpt lat="37.24258" lon="126.772653"><time>2026-05-17T05:48:17.000Z</time><ele>9.54</ele></trkpt><trkpt lat="37.242589" lon="126.772783"><time>2026-05-17T05:48:18.000Z</time><ele>8.68</ele></trkpt><trkpt lat="37.242596" lon="126.772909"><time>2026-05-17T05:48:19.000Z</time><ele>7.38</ele></trkpt><trkpt lat="37.2426" lon="126.773033"><time>2026-05-17T05:48:20.000Z</time><ele>6.06</ele></trkpt><trkpt lat="37.242609" lon="126.773156"><time>2026-05-17T05:48:21.000Z</time><ele>5.35</ele></trkpt><trkpt lat="37.242613" lon="126.773281"><time>2026-05-17T05:48:22.000Z</time><ele>4.19</ele></trkpt><trkpt lat="37.242585" lon="126.773404"><time>2026-05-17T05:48:23.000Z</time><ele>3.62</ele></trkpt><trkpt lat="37.242518" lon="126.773501"><time>2026-05-17T05:48:24.000Z</time><ele>3.23</ele></trkpt><trkpt lat="37.242429" lon="126.773559"><time>2026-05-17T05:48:25.000Z</time><ele>3.32</ele></trkpt><trkpt lat="37.242332" lon="126.773579"><time>2026-05-17T05:48:26.000Z</time><ele>4.29</ele></trkpt><trkpt lat="37.242236" lon="126.773591"><time>2026-05-17T05:48:27.000Z</time><ele>4.83</ele></trkpt><trkpt lat="37.24213" lon="126.773608"><time>2026-05-17T05:48:28.000Z</time><ele>5.16</ele></trkpt><trkpt lat="37.242023" lon="126.773634"><time>2026-05-17T05:48:29.000Z</time><ele>5.88</ele></trkpt><trkpt lat="37.241914" lon="126.773668"><time>2026-05-17T05:48:30.000Z</time><ele>6.22</ele></trkpt><trkpt lat="37.2418" lon="126.773684"><time>2026-05-17T05:48:31.000Z</time><ele>6.94</ele></trkpt><trkpt lat="37.241693" lon="126.7737"><time>2026-05-17T05:48:32.000Z</time><ele>7.71</ele></trkpt><trkpt lat="37.241578" lon="126.773719"><time>2026-05-17T05:48:33.000Z</time><ele>8.01</ele></trkpt><trkpt lat="37.241457" lon="126.77373"><time>2026-05-17T05:48:34.000Z</time><ele>8.21</ele></trkpt><trkpt lat="37.241343" lon="126.77372"><time>2026-05-17T05:48:35.000Z</time><ele>7.82</ele></trkpt><trkpt lat="37.241241" lon="126.773699"><time>2026-05-17T05:48:36.000Z</time><ele>7.87</ele></trkpt><trkpt lat="37.241133" lon="126.773669"><time>2026-05-17T05:48:37.000Z</time><ele>7.64</ele></trkpt><trkpt lat="37.241036" lon="126.773624"><time>2026-05-17T05:48:38.000Z</time><ele>7.39</ele></trkpt><trkpt lat="37.240954" lon="126.773567"><time>2026-05-17T05:48:39.000Z</time><ele>7.33</ele></trkpt><trkpt lat="37.240873" lon="126.773517"><time>2026-05-17T05:48:40.000Z</time><ele>6.99</ele></trkpt><trkpt lat="37.240798" lon="126.773463"><time>2026-05-17T05:48:41.000Z</time><ele>7.13</ele></trkpt><trkpt lat="37.24072" lon="126.773409"><time>2026-05-17T05:48:42.000Z</time><ele>7.09</ele></trkpt><trkpt lat="37.240643" lon="126.773354"><time>2026-05-17T05:48:43.000Z</time><ele>6.75</ele></trkpt><trkpt lat="37.240572" lon="126.773306"><time>2026-05-17T05:48:44.000Z</time><ele>6.53</ele></trkpt><trkpt lat="37.240493" lon="126.773258"><time>2026-05-17T05:48:45.000Z</time><ele>6.69</ele></trkpt><trkpt lat="37.240417" lon="126.77321"><time>2026-05-17T05:48:46.000Z</time><ele>6.74</ele></trkpt><trkpt lat="37.240352" lon="126.773161"><time>2026-05-17T05:48:47.000Z</time><ele>6.32</ele></trkpt><trkpt lat="37.240293" lon="126.773121"><time>2026-05-17T05:48:48.000Z</time><ele>6.42</ele></trkpt><trkpt lat="37.240236" lon="126.773078"><time>2026-05-17T05:48:49.000Z</time><ele>6.02</ele></trkpt><trkpt lat="37.240181" lon="126.773045"><time>2026-05-17T05:48:50.000Z</time><ele>6.19</ele></trkpt><trkpt lat="37.24012" lon="126.773012"><time>2026-05-17T05:48:51.000Z</time><ele>6.13</ele></trkpt><trkpt lat="37.240051" lon="126.772998"><time>2026-05-17T05:48:52.000Z</time><ele>6.28</ele></trkpt><trkpt lat="37.239978" lon="126.773031"><time>2026-05-17T05:48:53.000Z</time><ele>6.34</ele></trkpt><trkpt lat="37.239923" lon="126.773101"><time>2026-05-17T05:48:54.000Z</time><ele>6.55</ele></trkpt><trkpt lat="37.239879" lon="126.77319"><time>2026-05-17T05:48:55.000Z</time><ele>6.67</ele></trkpt><trkpt lat="37.239842" lon="126.773289"><time>2026-05-17T05:48:56.000Z</time><ele>6.78</ele></trkpt><trkpt lat="37.239804" lon="126.773371"><time>2026-05-17T05:48:57.000Z</time><ele>6.63</ele></trkpt><trkpt lat="37.239738" lon="126.773412"><time>2026-05-17T05:48:58.000Z</time><ele>6.56</ele></trkpt><trkpt lat="37.23967" lon="126.773388"><time>2026-05-17T05:48:59.000Z</time><ele>6.8</ele></trkpt><trkpt lat="37.239608" lon="126.773334"><time>2026-05-17T05:49:00.000Z</time><ele>6.8</ele></trkpt><trkpt lat="37.239565" lon="126.773282"><time>2026-05-17T05:49:01.000Z</time><ele>6.37</ele></trkpt><trkpt lat="37.239503" lon="126.773244"><time>2026-05-17T05:49:02.000Z</time><ele>6.37</ele></trkpt><trkpt lat="37.239437" lon="126.7732"><time>2026-05-17T05:49:03.000Z</time><ele>6.35</ele></trkpt><trkpt lat="37.239366" lon="126.773152"><time>2026-05-17T05:49:04.000Z</time><ele>6.44</ele></trkpt><trkpt lat="37.239283" lon="126.773103"><time>2026-05-17T05:49:05.000Z</time><ele>6.14</ele></trkpt><trkpt lat="37.239194" lon="126.77305"><time>2026-05-17T05:49:06.000Z</time><ele>5.64</ele></trkpt><trkpt lat="37.239103" lon="126.772991"><time>2026-05-17T05:49:07.000Z</time><ele>5.58</ele></trkpt><trkpt lat="37.239017" lon="126.772932"><time>2026-05-17T05:49:08.000Z</time><ele>5.67</ele></trkpt><trkpt lat="37.238943" lon="126.772881"><time>2026-05-17T05:49:09.000Z</time><ele>5.5</ele></trkpt><trkpt lat="37.238873" lon="126.772825"><time>2026-05-17T05:49:10.000Z</time><ele>5.24</ele></trkpt><trkpt lat="37.238818" lon="126.772738"><time>2026-05-17T05:49:11.001Z</time><ele>5.29</ele></trkpt><trkpt lat="37.238776" lon="126.772643"><time>2026-05-17T05:49:12.001Z</time><ele>5.17</ele></trkpt><trkpt lat="37.238748" lon="126.772547"><time>2026-05-17T05:49:13.001Z</time><ele>5.08</ele></trkpt><trkpt lat="37.238712" lon="126.772463"><time>2026-05-17T05:49:14.001Z</time><ele>5.16</ele></trkpt><trkpt lat="37.238649" lon="126.772397"><time>2026-05-17T05:49:15.001Z</time><ele>5.75</ele></trkpt><trkpt lat="37.238585" lon="126.772333"><time>2026-05-17T05:49:16.001Z</time><ele>5.4</ele></trkpt><trkpt lat="37.238524" lon="126.772262"><time>2026-05-17T05:49:17.001Z</time><ele>5.26</ele></trkpt><trkpt lat="37.238461" lon="126.772181"><time>2026-05-17T05:49:18.001Z</time><ele>4.96</ele></trkpt><trkpt lat="37.238404" lon="126.772085"><time>2026-05-17T05:49:19.001Z</time><ele>4.76</ele></trkpt><trkpt lat="37.238363" lon="126.771982"><time>2026-05-17T05:49:20.001Z</time><ele>4.79</ele></trkpt><trkpt lat="37.238348" lon="126.771877"><time>2026-05-17T05:49:21.001Z</time><ele>4.9</ele></trkpt><trkpt lat="37.238342" lon="126.77177"><time>2026-05-17T05:49:22.001Z</time><ele>4.38</ele></trkpt><trkpt lat="37.238343" lon="126.771671"><time>2026-05-17T05:49:23.001Z</time><ele>4.35</ele></trkpt><trkpt lat="37.238342" lon="126.771566"><time>2026-05-17T05:49:24.001Z</time><ele>4.46</ele></trkpt><trkpt lat="37.238353" lon="126.771469"><time>2026-05-17T05:49:25.001Z</time><ele>4.24</ele></trkpt><trkpt lat="37.238387" lon="126.771378"><time>2026-05-17T05:49:26.001Z</time><ele>3.92</ele></trkpt><trkpt lat="37.238447" lon="126.771304"><time>2026-05-17T05:49:27.001Z</time><ele>4</ele></trkpt><trkpt lat="37.238526" lon="126.771262"><time>2026-05-17T05:49:28.001Z</time><ele>4.35</ele></trkpt><trkpt lat="37.238622" lon="126.771258"><time>2026-05-17T05:49:29.001Z</time><ele>4.23</ele></trkpt><trkpt lat="37.238712" lon="126.771284"><time>2026-05-17T05:49:30.001Z</time><ele>4.47</ele></trkpt><trkpt lat="37.238795" lon="126.77131"><time>2026-05-17T05:49:31.001Z</time><ele>4.41</ele></trkpt><trkpt lat="37.23888" lon="126.771341"><time>2026-05-17T05:49:32.001Z</time><ele>4.55</ele></trkpt><trkpt lat="37.238963" lon="126.771373"><time>2026-05-17T05:49:33.001Z</time><ele>4.35</ele></trkpt><trkpt lat="37.239057" lon="126.771396"><time>2026-05-17T05:49:34.001Z</time><ele>4.7</ele></trkpt><trkpt lat="37.239154" lon="126.771405"><time>2026-05-17T05:49:35.001Z</time><ele>5.06</ele></trkpt><trkpt lat="37.239256" lon="126.7714"><time>2026-05-17T05:49:36.001Z</time><ele>5.11</ele></trkpt><trkpt lat="37.239361" lon="126.771395"><time>2026-05-17T05:49:37.001Z</time><ele>5.12</ele></trkpt><trkpt lat="37.239463" lon="126.771393"><time>2026-05-17T05:49:38.001Z</time><ele>5.21</ele></trkpt><trkpt lat="37.239565" lon="126.771392"><time>2026-05-17T05:49:39.001Z</time><ele>4.89</ele></trkpt><trkpt lat="37.23967" lon="126.771388"><time>2026-05-17T05:49:40.001Z</time><ele>5.12</ele></trkpt><trkpt lat="37.239771" lon="126.771386"><time>2026-05-17T05:49:41.001Z</time><ele>5.43</ele></trkpt><trkpt lat="37.239876" lon="126.771378"><time>2026-05-17T05:49:42.001Z</time><ele>5.42</ele></trkpt><trkpt lat="37.239977" lon="126.771373"><time>2026-05-17T05:49:43.001Z</time><ele>5.51</ele></trkpt><trkpt lat="37.240067" lon="126.77137"><time>2026-05-17T05:49:44.001Z</time><ele>5.64</ele></trkpt><trkpt lat="37.240152" lon="126.771366"><time>2026-05-17T05:49:45.001Z</time><ele>5.7</ele></trkpt><trkpt lat="37.240232" lon="126.771361"><time>2026-05-17T05:49:46.001Z</time><ele>6.08</ele></trkpt><trkpt lat="37.240297" lon="126.771359"><time>2026-05-17T05:49:47.001Z</time><ele>5.93</ele></trkpt><trkpt lat="37.24036" lon="126.771355"><time>2026-05-17T05:49:48.001Z</time><ele>5.71</ele></trkpt><trkpt lat="37.240417" lon="126.771353"><time>2026-05-17T05:49:49.001Z</time><ele>5.85</ele></trkpt><trkpt lat="37.240467" lon="126.771355"><time>2026-05-17T05:49:50.001Z</time><ele>5.99</ele></trkpt><trkpt lat="37.24056" lon="126.771344"><time>2026-05-17T05:49:52.001Z</time><ele>6.16</ele></trkpt><trkpt lat="37.24061" lon="126.771324"><time>2026-05-17T05:49:53.001Z</time><ele>6.17</ele></trkpt><trkpt lat="37.240654" lon="126.771296"><time>2026-05-17T05:49:54.001Z</time><ele>6.4</ele></trkpt><trkpt lat="37.240856" lon="126.770778"><time>2026-05-17T05:50:07.001Z</time><ele>6.65</ele></trkpt><trkpt lat="37.240903" lon="126.770781"><time>2026-05-17T05:50:10.001Z</time><ele>6.64</ele></trkpt><trkpt lat="37.240864" lon="126.770748"><time>2026-05-17T05:50:39.000Z</time><ele>6.34</ele></trkpt><trkpt lat="37.240823" lon="126.770721"><time>2026-05-17T05:50:43.000Z</time><ele>6.77</ele></trkpt><trkpt lat="37.240767" lon="126.770733"><time>2026-05-17T05:50:48.000Z</time><ele>7.22</ele></trkpt><trkpt lat="37.240716" lon="126.770768"><time>2026-05-17T05:50:53.000Z</time><ele>7.72</ele></trkpt><trkpt lat="37.240669" lon="126.770798"><time>2026-05-17T05:51:34.001Z</time><ele>7.39</ele></trkpt><trkpt lat="37.240625" lon="126.770786"><time>2026-05-17T05:51:38.001Z</time><ele>7.6</ele></trkpt><trkpt lat="37.24057" lon="126.770791"><time>2026-05-17T05:51:43.001Z</time><ele>8.06</ele></trkpt><trkpt lat="37.240521" lon="126.770807"><time>2026-05-17T05:51:50.001Z</time><ele>7.45</ele></trkpt><trkpt lat="37.240472" lon="126.770826"><time>2026-05-17T05:51:55.001Z</time><ele>7.63</ele></trkpt><trkpt lat="37.240422" lon="126.770834"><time>2026-05-17T05:52:00.001Z</time><ele>7.58</ele></trkpt><trkpt lat="37.24037" lon="126.770847"><time>2026-05-17T05:52:05.001Z</time><ele>7.34</ele></trkpt><trkpt lat="37.240325" lon="126.77086"><time>2026-05-17T05:52:09.001Z</time><ele>7.54</ele></trkpt><trkpt lat="37.24027" lon="126.770867"><time>2026-05-17T05:52:14.001Z</time><ele>7.64</ele></trkpt><trkpt lat="37.240219" lon="126.770875"><time>2026-05-17T05:52:18.001Z</time><ele>7.9</ele></trkpt><trkpt lat="37.240173" lon="126.770879"><time>2026-05-17T05:52:22.001Z</time><ele>7.71</ele></trkpt><trkpt lat="37.240123" lon="126.770887"><time>2026-05-17T05:52:26.001Z</time><ele>7.59</ele></trkpt><trkpt lat="37.240076" lon="126.770883"><time>2026-05-17T05:52:30.000Z</time><ele>7.72</ele></trkpt><trkpt lat="37.240023" lon="126.770883"><time>2026-05-17T05:52:35.000Z</time><ele>7.54</ele></trkpt><trkpt lat="37.239977" lon="126.77088"><time>2026-05-17T05:52:39.000Z</time><ele>7.73</ele></trkpt><trkpt lat="37.239925" lon="126.770894"><time>2026-05-17T05:52:44.000Z</time><ele>7.23</ele></trkpt><trkpt lat="37.239878" lon="126.770898"><time>2026-05-17T05:52:48.000Z</time><ele>7.22</ele></trkpt><trkpt lat="37.239821" lon="126.770903"><time>2026-05-17T05:52:53.000Z</time><ele>7.33</ele></trkpt><trkpt lat="37.239767" lon="126.77091"><time>2026-05-17T05:52:58.000Z</time><ele>6.96</ele></trkpt><trkpt lat="37.239722" lon="126.77091"><time>2026-05-17T05:53:02.000Z</time><ele>6.88</ele></trkpt><trkpt lat="37.239675" lon="126.770912"><time>2026-05-17T05:53:06.000Z</time><ele>6.66</ele></trkpt><trkpt lat="37.239627" lon="126.770917"><time>2026-05-17T05:53:10.000Z</time><ele>6.75</ele></trkpt><trkpt lat="37.239578" lon="126.770919"><time>2026-05-17T05:53:14.000Z</time><ele>6.9</ele></trkpt><trkpt lat="37.239525" lon="126.77092"><time>2026-05-17T05:53:19.000Z</time><ele>6.53</ele></trkpt><trkpt lat="37.239477" lon="126.770922"><time>2026-05-17T05:53:23.000Z</time><ele>6.89</ele></trkpt><trkpt lat="37.23943" lon="126.770922"><time>2026-05-17T05:53:27.000Z</time><ele>6.79</ele></trkpt><trkpt lat="37.239373" lon="126.770917"><time>2026-05-17T05:53:32.000Z</time><ele>6.88</ele></trkpt><trkpt lat="37.239318" lon="126.770922"><time>2026-05-17T05:53:37.001Z</time><ele>6.96</ele></trkpt><trkpt lat="37.239265" lon="126.770927"><time>2026-05-17T05:53:42.001Z</time><ele>7.18</ele></trkpt><trkpt lat="37.239217" lon="126.770956"><time>2026-05-17T05:53:47.001Z</time><ele>7.64</ele></trkpt><trkpt lat="37.239173" lon="126.770974"><time>2026-05-17T05:53:52.001Z</time><ele>6.72</ele></trkpt><trkpt lat="37.23912" lon="126.770973"><time>2026-05-17T05:53:56.001Z</time><ele>7.03</ele></trkpt><trkpt lat="37.23906" lon="126.770977"><time>2026-05-17T05:54:01.001Z</time><ele>6.9</ele></trkpt><trkpt lat="37.239012" lon="126.77097"><time>2026-05-17T05:54:06.001Z</time><ele>6.78</ele></trkpt><trkpt lat="37.238965" lon="126.770974"><time>2026-05-17T05:54:10.001Z</time><ele>7.05</ele></trkpt><trkpt lat="37.238915" lon="126.770974"><time>2026-05-17T05:54:15.001Z</time><ele>7.11</ele></trkpt><trkpt lat="37.238665" lon="126.770985"><time>2026-05-17T05:54:39.000Z</time><ele>7.11</ele></trkpt><trkpt lat="37.23852" lon="126.770957"><time>2026-05-17T05:54:55.000Z</time><ele>6.48</ele></trkpt><trkpt lat="37.238479" lon="126.770923"><time>2026-05-17T05:55:01.000Z</time><ele>6.61</ele></trkpt><trkpt lat="37.238436" lon="126.770899"><time>2026-05-17T05:55:15.000Z</time><ele>6.93</ele></trkpt><trkpt lat="37.238348" lon="126.770962"><time>2026-05-17T05:55:28.000Z</time><ele>7.03</ele></trkpt><trkpt lat="37.238299" lon="126.770955"><time>2026-05-17T05:55:33.000Z</time><ele>6.59</ele></trkpt><trkpt lat="37.238249" lon="126.770976"><time>2026-05-17T05:56:47.000Z</time><ele>6.73</ele></trkpt><trkpt lat="37.238242" lon="126.770918"><time>2026-05-17T05:57:01.000Z</time><ele>6.75</ele></trkpt><trkpt lat="37.238155" lon="126.770993"><time>2026-05-17T05:57:49.000Z</time><ele>7.27</ele></trkpt><trkpt lat="37.238105" lon="126.771016"><time>2026-05-17T05:57:57.001Z</time><ele>7.1</ele></trkpt><trkpt lat="37.23806" lon="126.770997"><time>2026-05-17T05:58:07.001Z</time><ele>7.27</ele></trkpt><trkpt lat="37.238027" lon="126.770953"><time>2026-05-17T06:00:06.001Z</time><ele>5.92</ele></trkpt><trkpt lat="37.237981" lon="126.770969"><time>2026-05-17T06:00:46.001Z</time><ele>7.76</ele></trkpt><trkpt lat="37.237946" lon="126.771005"><time>2026-05-17T06:02:39.001Z</time><ele>6.44</ele></trkpt><trkpt lat="37.2379" lon="126.771003"><time>2026-05-17T06:03:13.000Z</time><ele>6.27</ele></trkpt><trkpt lat="37.237849" lon="126.771043"><time>2026-05-17T06:03:37.000Z</time><ele>6.64</ele></trkpt><trkpt lat="37.237801" lon="126.771042"><time>2026-05-17T06:03:42.000Z</time><ele>7.14</ele></trkpt><trkpt lat="37.237762" lon="126.77101"><time>2026-05-17T06:03:48.000Z</time><ele>6.99</ele></trkpt><trkpt lat="37.237713" lon="126.771"><time>2026-05-17T06:03:55.000Z</time><ele>7.66</ele></trkpt><trkpt lat="37.237667" lon="126.771008"><time>2026-05-17T06:04:02.000Z</time><ele>7.96</ele></trkpt><trkpt lat="37.237622" lon="126.77099"><time>2026-05-17T06:04:14.001Z</time><ele>7.55</ele></trkpt><trkpt lat="37.237572" lon="126.770993"><time>2026-05-17T06:04:25.001Z</time><ele>7.35</ele></trkpt><trkpt lat="37.237526" lon="126.770978"><time>2026-05-17T06:04:36.001Z</time><ele>6.99</ele></trkpt><trkpt lat="37.237492" lon="126.770936"><time>2026-05-17T06:04:58.001Z</time><ele>6.51</ele></trkpt><trkpt lat="37.237532" lon="126.7709"><time>2026-05-17T06:05:36.000Z</time><ele>5.44</ele></trkpt><trkpt lat="37.237487" lon="126.77088"><time>2026-05-17T06:05:51.000Z</time><ele>6.65</ele></trkpt><trkpt lat="37.237439" lon="126.770863"><time>2026-05-17T06:05:57.000Z</time><ele>7.23</ele></trkpt><trkpt lat="37.237389" lon="126.770858"><time>2026-05-17T06:06:02.000Z</time><ele>7.48</ele></trkpt><trkpt lat="37.237341" lon="126.770865"><time>2026-05-17T06:06:08.001Z</time><ele>8.08</ele></trkpt><trkpt lat="37.23729" lon="126.770874"><time>2026-05-17T06:06:17.001Z</time><ele>7.05</ele></trkpt><trkpt lat="37.237238" lon="126.770873"><time>2026-05-17T06:06:24.001Z</time><ele>7.24</ele></trkpt><trkpt lat="37.23719" lon="126.77089"><time>2026-05-17T06:06:31.001Z</time><ele>6.96</ele></trkpt><trkpt lat="37.23714" lon="126.770897"><time>2026-05-17T06:06:37.001Z</time><ele>6.74</ele></trkpt><trkpt lat="37.237089" lon="126.770908"><time>2026-05-17T06:06:43.001Z</time><ele>6.76</ele></trkpt><trkpt lat="37.237045" lon="126.770926"><time>2026-05-17T06:06:48.001Z</time><ele>6.92</ele></trkpt><trkpt lat="37.236994" lon="126.770948"><time>2026-05-17T06:06:54.001Z</time><ele>6.74</ele></trkpt><trkpt lat="37.236952" lon="126.770972"><time>2026-05-17T06:06:59.001Z</time><ele>6.63</ele></trkpt><trkpt lat="37.236903" lon="126.770985"><time>2026-05-17T06:07:04.001Z</time><ele>6.84</ele></trkpt><trkpt lat="37.236855" lon="126.770991"><time>2026-05-17T06:07:08.001Z</time><ele>6.81</ele></trkpt><trkpt lat="37.236808" lon="126.770994"><time>2026-05-17T06:07:13.000Z</time><ele>6.64</ele></trkpt><trkpt lat="37.236754" lon="126.771002"><time>2026-05-17T06:07:19.000Z</time><ele>6.48</ele></trkpt><trkpt lat="37.236702" lon="126.771008"><time>2026-05-17T06:07:25.000Z</time><ele>6.65</ele></trkpt><trkpt lat="37.236652" lon="126.771011"><time>2026-05-17T06:07:30.000Z</time><ele>7</ele></trkpt><trkpt lat="37.236604" lon="126.771021"><time>2026-05-17T06:07:35.000Z</time><ele>6.72</ele></trkpt><trkpt lat="37.236558" lon="126.771019"><time>2026-05-17T06:07:39.000Z</time><ele>6.46</ele></trkpt><trkpt lat="37.236511" lon="126.77101"><time>2026-05-17T06:07:44.000Z</time><ele>6.38</ele></trkpt><trkpt lat="37.236458" lon="126.771003"><time>2026-05-17T06:07:49.000Z</time><ele>6.64</ele></trkpt><trkpt lat="37.236418" lon="126.770964"><time>2026-05-17T06:07:54.000Z</time><ele>6.36</ele></trkpt><trkpt lat="37.236368" lon="126.77098"><time>2026-05-17T06:07:59.000Z</time><ele>6.26</ele></trkpt><trkpt lat="37.236327" lon="126.771004"><time>2026-05-17T06:08:03.000Z</time><ele>6.72</ele></trkpt><trkpt lat="37.23628" lon="126.771045"><time>2026-05-17T06:08:08.000Z</time><ele>6.71</ele></trkpt><trkpt lat="37.236245" lon="126.771085"><time>2026-05-17T06:08:12.000Z</time><ele>6.95</ele></trkpt><trkpt lat="37.236214" lon="126.771134"><time>2026-05-17T06:08:16.001Z</time><ele>6.9</ele></trkpt><trkpt lat="37.236192" lon="126.771191"><time>2026-05-17T06:08:21.001Z</time><ele>6.44</ele></trkpt><trkpt lat="37.236181" lon="126.771249"><time>2026-05-17T06:08:25.001Z</time><ele>5.97</ele></trkpt><trkpt lat="37.236173" lon="126.771314"><time>2026-05-17T06:08:29.001Z</time><ele>5.76</ele></trkpt><trkpt lat="37.236158" lon="126.77138"><time>2026-05-17T06:08:34.001Z</time><ele>5.31</ele></trkpt><trkpt lat="37.236133" lon="126.771429"><time>2026-05-17T06:08:38.001Z</time><ele>5.42</ele></trkpt><trkpt lat="37.236089" lon="126.771469"><time>2026-05-17T06:08:43.001Z</time><ele>5.86</ele></trkpt><trkpt lat="37.23603" lon="126.771475"><time>2026-05-17T06:08:48.001Z</time><ele>5.95</ele></trkpt><trkpt lat="37.235981" lon="126.77147"><time>2026-05-17T06:08:52.001Z</time><ele>6.66</ele></trkpt><trkpt lat="37.235927" lon="126.771461"><time>2026-05-17T06:08:57.001Z</time><ele>6.82</ele></trkpt><trkpt lat="37.235886" lon="126.771432"><time>2026-05-17T06:09:02.001Z</time><ele>6.36</ele></trkpt><trkpt lat="37.235852" lon="126.771394"><time>2026-05-17T06:09:06.001Z</time><ele>6.88</ele></trkpt><trkpt lat="37.235834" lon="126.771332"><time>2026-05-17T06:09:12.001Z</time><ele>5.45</ele></trkpt><trkpt lat="37.235835" lon="126.771269"><time>2026-05-17T06:09:16.000Z</time><ele>5.81</ele></trkpt><trkpt lat="37.235845" lon="126.771207"><time>2026-05-17T06:09:23.000Z</time><ele>5.75</ele></trkpt><trkpt lat="37.235849" lon="126.771145"><time>2026-05-17T06:09:28.000Z</time><ele>5.87</ele></trkpt><trkpt lat="37.235838" lon="126.771084"><time>2026-05-17T06:09:32.000Z</time><ele>6.07</ele></trkpt><trkpt lat="37.23584" lon="126.771016"><time>2026-05-17T06:09:38.000Z</time><ele>6.12</ele></trkpt><trkpt lat="37.235851" lon="126.77096"><time>2026-05-17T06:10:02.000Z</time><ele>6.14</ele></trkpt><trkpt lat="37.235835" lon="126.770904"><time>2026-05-17T06:10:07.000Z</time><ele>5.57</ele></trkpt><trkpt lat="37.23583" lon="126.770838"><time>2026-05-17T06:10:13.000Z</time><ele>5.73</ele></trkpt><trkpt lat="37.235825" lon="126.770778"><time>2026-05-17T06:10:18.001Z</time><ele>5.48</ele></trkpt><trkpt lat="37.235823" lon="126.770721"><time>2026-05-17T06:10:23.001Z</time><ele>5.44</ele></trkpt><trkpt lat="37.235824" lon="126.770664"><time>2026-05-17T06:10:32.001Z</time><ele>6.13</ele></trkpt><trkpt lat="37.235823" lon="126.770606"><time>2026-05-17T06:10:37.001Z</time><ele>6.1</ele></trkpt><trkpt lat="37.235814" lon="126.77054"><time>2026-05-17T06:10:42.001Z</time><ele>6.24</ele></trkpt><trkpt lat="37.235819" lon="126.770482"><time>2026-05-17T06:10:48.001Z</time><ele>6.03</ele></trkpt><trkpt lat="37.235798" lon="126.77043"><time>2026-05-17T06:10:52.001Z</time><ele>6.83</ele></trkpt><trkpt lat="37.235761" lon="126.770386"><time>2026-05-17T06:10:57.001Z</time><ele>6.58</ele></trkpt><trkpt lat="37.235717" lon="126.770367"><time>2026-05-17T06:11:01.001Z</time><ele>7.03</ele></trkpt><trkpt lat="37.235664" lon="126.770341"><time>2026-05-17T06:11:06.001Z</time><ele>7.37</ele></trkpt><trkpt lat="37.235627" lon="126.770294"><time>2026-05-17T06:11:11.001Z</time><ele>7.33</ele></trkpt><trkpt lat="37.2356" lon="126.770246"><time>2026-05-17T06:11:16.001Z</time><ele>6.82</ele></trkpt><trkpt lat="37.235559" lon="126.770214"><time>2026-05-17T06:11:21.000Z</time><ele>7.32</ele></trkpt><trkpt lat="37.235513" lon="126.770196"><time>2026-05-17T06:11:25.000Z</time><ele>7.5</ele></trkpt><trkpt lat="37.235463" lon="126.770194"><time>2026-05-17T06:11:34.000Z</time><ele>7.5</ele></trkpt><trkpt lat="37.235411" lon="126.770182"><time>2026-05-17T06:11:40.000Z</time><ele>8.35</ele></trkpt><trkpt lat="37.235365" lon="126.770186"><time>2026-05-17T06:11:46.000Z</time><ele>7.93</ele></trkpt><trkpt lat="37.235317" lon="126.77018"><time>2026-05-17T06:11:51.000Z</time><ele>7.9</ele></trkpt><trkpt lat="37.235271" lon="126.770171"><time>2026-05-17T06:13:33.000Z</time><ele>7.13</ele></trkpt><trkpt lat="37.235219" lon="126.770161"><time>2026-05-17T06:13:46.000Z</time><ele>6.73</ele></trkpt><trkpt lat="37.235174" lon="126.770159"><time>2026-05-17T06:15:52.000Z</time><ele>5.91</ele></trkpt><trkpt lat="37.235244" lon="126.770172"><time>2026-05-17T06:16:33.001Z</time><ele>6.6</ele></trkpt><trkpt lat="37.235316" lon="126.770163"><time>2026-05-17T06:16:34.001Z</time><ele>7.48</ele></trkpt><trkpt lat="37.235398" lon="126.770182"><time>2026-05-17T06:16:35.001Z</time><ele>7.86</ele></trkpt><trkpt lat="37.235472" lon="126.770188"><time>2026-05-17T06:16:36.001Z</time><ele>7.58</ele></trkpt><trkpt lat="37.235528" lon="126.770214"><time>2026-05-17T06:16:37.001Z</time><ele>7.93</ele></trkpt><trkpt lat="37.235589" lon="126.770296"><time>2026-05-17T06:16:39.001Z</time><ele>8.04</ele></trkpt><trkpt lat="37.23564" lon="126.770364"><time>2026-05-17T06:16:40.001Z</time><ele>7.7</ele></trkpt><trkpt lat="37.235711" lon="126.770455"><time>2026-05-17T06:16:41.001Z</time><ele>7.06</ele></trkpt><trkpt lat="37.235759" lon="126.770576"><time>2026-05-17T06:16:42.001Z</time><ele>8.6</ele></trkpt><trkpt lat="37.235774" lon="126.770729"><time>2026-05-17T06:16:43.001Z</time><ele>6.55</ele></trkpt><trkpt lat="37.235769" lon="126.770864"><time>2026-05-17T06:16:44.001Z</time><ele>6.22</ele></trkpt><trkpt lat="37.235759" lon="126.770985"><time>2026-05-17T06:16:45.001Z</time><ele>7.11</ele></trkpt><trkpt lat="37.235755" lon="126.771122"><time>2026-05-17T06:16:46.001Z</time><ele>5.92</ele></trkpt><trkpt lat="37.235754" lon="126.771258"><time>2026-05-17T06:16:47.001Z</time><ele>5.84</ele></trkpt><trkpt lat="37.23575" lon="126.7714"><time>2026-05-17T06:16:48.001Z</time><ele>6.49</ele></trkpt><trkpt lat="37.235746" lon="126.771536"><time>2026-05-17T06:16:49.001Z</time><ele>6.4</ele></trkpt><trkpt lat="37.235754" lon="126.771688"><time>2026-05-17T06:16:50.001Z</time><ele>6.52</ele></trkpt><trkpt lat="37.235763" lon="126.771841"><time>2026-05-17T06:16:51.001Z</time><ele>6.73</ele></trkpt><trkpt lat="37.235769" lon="126.771967"><time>2026-05-17T06:16:52.001Z</time><ele>6.18</ele></trkpt><trkpt lat="37.235774" lon="126.772083"><time>2026-05-17T06:16:53.001Z</time><ele>6.04</ele></trkpt><trkpt lat="37.235779" lon="126.772208"><time>2026-05-17T06:16:54.001Z</time><ele>5.94</ele></trkpt><trkpt lat="37.235785" lon="126.772329"><time>2026-05-17T06:16:55.001Z</time><ele>6.02</ele></trkpt><trkpt lat="37.235788" lon="126.772443"><time>2026-05-17T06:16:56.001Z</time><ele>6</ele></trkpt><trkpt lat="37.235783" lon="126.772564"><time>2026-05-17T06:16:57.001Z</time><ele>6.29</ele></trkpt><trkpt lat="37.235784" lon="126.77268"><time>2026-05-17T06:16:58.001Z</time><ele>6.16</ele></trkpt><trkpt lat="37.235787" lon="126.772786"><time>2026-05-17T06:16:59.001Z</time><ele>5.81</ele></trkpt><trkpt lat="37.235792" lon="126.772886"><time>2026-05-17T06:17:00.001Z</time><ele>5.77</ele></trkpt><trkpt lat="37.235797" lon="126.772987"><time>2026-05-17T06:17:01.001Z</time><ele>5.72</ele></trkpt><trkpt lat="37.235798" lon="126.773101"><time>2026-05-17T06:17:02.001Z</time><ele>5.67</ele></trkpt><trkpt lat="37.235798" lon="126.773213"><time>2026-05-17T06:17:03.001Z</time><ele>5.81</ele></trkpt><trkpt lat="37.235802" lon="126.773327"><time>2026-05-17T06:17:04.001Z</time><ele>5.78</ele></trkpt><trkpt lat="37.235805" lon="126.773439"><time>2026-05-17T06:17:05.001Z</time><ele>6.02</ele></trkpt><trkpt lat="37.235809" lon="126.773545"><time>2026-05-17T06:17:06.001Z</time><ele>5.71</ele></trkpt><trkpt lat="37.235811" lon="126.773639"><time>2026-05-17T06:17:07.001Z</time><ele>5.65</ele></trkpt><trkpt lat="37.235808" lon="126.773725"><time>2026-05-17T06:17:08.001Z</time><ele>5.79</ele></trkpt><trkpt lat="37.235814" lon="126.773799"><time>2026-05-17T06:17:09.001Z</time><ele>5.8</ele></trkpt><trkpt lat="37.235817" lon="126.773873"><time>2026-05-17T06:17:10.001Z</time><ele>5.64</ele></trkpt><trkpt lat="37.235819" lon="126.773949"><time>2026-05-17T06:17:11.001Z</time><ele>5.57</ele></trkpt><trkpt lat="37.23582" lon="126.774038"><time>2026-05-17T06:17:12.001Z</time><ele>5.39</ele></trkpt><trkpt lat="37.235824" lon="126.774129"><time>2026-05-17T06:17:13.001Z</time><ele>5.17</ele></trkpt><trkpt lat="37.235826" lon="126.774221"><time>2026-05-17T06:17:14.001Z</time><ele>5.22</ele></trkpt><trkpt lat="37.235824" lon="126.774311"><time>2026-05-17T06:17:15.001Z</time><ele>5.26</ele></trkpt><trkpt lat="37.2358" lon="126.774406"><time>2026-05-17T06:17:16.001Z</time><ele>5.11</ele></trkpt><trkpt lat="37.235739" lon="126.774496"><time>2026-05-17T06:17:17.001Z</time><ele>5.26</ele></trkpt><trkpt lat="37.235673" lon="126.774587"><time>2026-05-17T06:17:18.001Z</time><ele>5.32</ele></trkpt><trkpt lat="37.235634" lon="126.774681"><time>2026-05-17T06:17:19.001Z</time><ele>5.49</ele></trkpt><trkpt lat="37.235628" lon="126.774784"><time>2026-05-17T06:17:20.001Z</time><ele>5.7</ele></trkpt><trkpt lat="37.235663" lon="126.774891"><time>2026-05-17T06:17:21.001Z</time><ele>5.99</ele></trkpt><trkpt lat="37.235719" lon="126.774989"><time>2026-05-17T06:17:22.001Z</time><ele>6.36</ele></trkpt><trkpt lat="37.235781" lon="126.775064"><time>2026-05-17T06:17:23.001Z</time><ele>6.69</ele></trkpt><trkpt lat="37.235821" lon="126.775147"><time>2026-05-17T06:17:24.001Z</time><ele>6.9</ele></trkpt><trkpt lat="37.235847" lon="126.775246"><time>2026-05-17T06:17:25.001Z</time><ele>6.46</ele></trkpt><trkpt lat="37.235845" lon="126.775343"><time>2026-05-17T06:17:26.001Z</time><ele>6.54</ele></trkpt><trkpt lat="37.235843" lon="126.775428"><time>2026-05-17T06:17:27.001Z</time><ele>5.97</ele></trkpt><trkpt lat="37.235843" lon="126.775512"><time>2026-05-17T06:17:28.001Z</time><ele>5.24</ele></trkpt><trkpt lat="37.235849" lon="126.775613"><time>2026-05-17T06:17:29.001Z</time><ele>4.03</ele></trkpt><trkpt lat="37.235848" lon="126.775751"><time>2026-05-17T06:17:30.001Z</time><ele>2.92</ele></trkpt><trkpt lat="37.23585" lon="126.77589"><time>2026-05-17T06:17:31.001Z</time><ele>1.53</ele></trkpt><trkpt lat="37.235853" lon="126.776038"><time>2026-05-17T06:17:32.001Z</time><ele>0.58</ele></trkpt><trkpt lat="37.235853" lon="126.776187"><time>2026-05-17T06:17:33.001Z</time><ele>1.53</ele></trkpt><trkpt lat="37.235852" lon="126.776327"><time>2026-05-17T06:17:34.001Z</time><ele>2.3</ele></trkpt><trkpt lat="37.235858" lon="126.776469"><time>2026-05-17T06:17:35.001Z</time><ele>2.8</ele></trkpt><trkpt lat="37.235862" lon="126.776624"><time>2026-05-17T06:17:36.001Z</time><ele>4.44</ele></trkpt><trkpt lat="37.235881" lon="126.776977"><time>2026-05-17T06:17:38.001Z</time><ele>8.39</ele></trkpt><trkpt lat="37.235885" lon="126.777131"><time>2026-05-17T06:17:38.999Z</time><ele>9.11</ele></trkpt><trkpt lat="37.235871" lon="126.777259"><time>2026-05-17T06:17:39.999Z</time><ele>8.53</ele></trkpt><trkpt lat="37.235823" lon="126.777351"><time>2026-05-17T06:17:41.000Z</time><ele>8.04</ele></trkpt><trkpt lat="37.235744" lon="126.777391"><time>2026-05-17T06:17:42.000Z</time><ele>7.49</ele></trkpt><trkpt lat="37.235667" lon="126.777375"><time>2026-05-17T06:17:43.000Z</time><ele>7.62</ele></trkpt><trkpt lat="37.235603" lon="126.777308"><time>2026-05-17T06:17:44.000Z</time><ele>6.67</ele></trkpt><trkpt lat="37.235561" lon="126.77721"><time>2026-05-17T06:17:45.000Z</time><ele>6.82</ele></trkpt><trkpt lat="37.235547" lon="126.777093"><time>2026-05-17T06:17:46.000Z</time><ele>6.97</ele></trkpt><trkpt lat="37.235547" lon="126.77696"><time>2026-05-17T06:17:47.000Z</time><ele>7.21</ele></trkpt><trkpt lat="37.235561" lon="126.776846"><time>2026-05-17T06:17:48.000Z</time><ele>7.55</ele></trkpt><trkpt lat="37.235598" lon="126.77676"><time>2026-05-17T06:17:49.000Z</time><ele>7.81</ele></trkpt><trkpt lat="37.235634" lon="126.776685"><time>2026-05-17T06:17:50.000Z</time><ele>7.69</ele></trkpt><trkpt lat="37.235638" lon="126.776612"><time>2026-05-17T06:17:51.000Z</time><ele>7.92</ele></trkpt><trkpt lat="37.235613" lon="126.776539"><time>2026-05-17T06:17:52.000Z</time><ele>7.83</ele></trkpt><trkpt lat="37.235556" lon="126.776486"><time>2026-05-17T06:17:53.000Z</time><ele>7.68</ele></trkpt><trkpt lat="37.235493" lon="126.776477"><time>2026-05-17T06:17:54.000Z</time><ele>7.59</ele></trkpt><trkpt lat="37.235422" lon="126.776525"><time>2026-05-17T06:17:55.000Z</time><ele>7.63</ele></trkpt><trkpt lat="37.235338" lon="126.776593"><time>2026-05-17T06:17:56.000Z</time><ele>7.39</ele></trkpt><trkpt lat="37.235243" lon="126.776613"><time>2026-05-17T06:17:57.000Z</time><ele>7.36</ele></trkpt><trkpt lat="37.235138" lon="126.776629"><time>2026-05-17T06:17:58.000Z</time><ele>7.28</ele></trkpt><trkpt lat="37.23504" lon="126.776629"><time>2026-05-17T06:17:59.000Z</time><ele>7.35</ele></trkpt><trkpt lat="37.234943" lon="126.776635"><time>2026-05-17T06:18:00.000Z</time><ele>7.27</ele></trkpt><trkpt lat="37.234846" lon="126.776637"><time>2026-05-17T06:18:01.000Z</time><ele>7.43</ele></trkpt><trkpt lat="37.234737" lon="126.77664"><time>2026-05-17T06:18:02.000Z</time><ele>7.66</ele></trkpt><trkpt lat="37.234623" lon="126.776639"><time>2026-05-17T06:18:03.000Z</time><ele>7.88</ele></trkpt><trkpt lat="37.234509" lon="126.776644"><time>2026-05-17T06:18:04.000Z</time><ele>7.65</ele></trkpt><trkpt lat="37.234392" lon="126.776649"><time>2026-05-17T06:18:05.000Z</time><ele>7.77</ele></trkpt><trkpt lat="37.234273" lon="126.776653"><time>2026-05-17T06:18:06.000Z</time><ele>8.04</ele></trkpt><trkpt lat="37.234154" lon="126.776657"><time>2026-05-17T06:18:07.000Z</time><ele>8.25</ele></trkpt><trkpt lat="37.234031" lon="126.776659"><time>2026-05-17T06:18:08.000Z</time><ele>8.33</ele></trkpt><trkpt lat="37.233906" lon="126.776665"><time>2026-05-17T06:18:09.000Z</time><ele>8.47</ele></trkpt><trkpt lat="37.233776" lon="126.776672"><time>2026-05-17T06:18:10.000Z</time><ele>8.41</ele></trkpt><trkpt lat="37.23364" lon="126.776676"><time>2026-05-17T06:18:11.000Z</time><ele>8.41</ele></trkpt><trkpt lat="37.23351" lon="126.776684"><time>2026-05-17T06:18:12.000Z</time><ele>8.31</ele></trkpt><trkpt lat="37.233371" lon="126.776689"><time>2026-05-17T06:18:13.000Z</time><ele>8.73</ele></trkpt><trkpt lat="37.233224" lon="126.776696"><time>2026-05-17T06:18:14.000Z</time><ele>8.59</ele></trkpt><trkpt lat="37.23308" lon="126.776694"><time>2026-05-17T06:18:15.000Z</time><ele>8.59</ele></trkpt><trkpt lat="37.232933" lon="126.776682"><time>2026-05-17T06:18:16.000Z</time><ele>8.47</ele></trkpt><trkpt lat="37.232785" lon="126.776665"><time>2026-05-17T06:18:17.000Z</time><ele>8.44</ele></trkpt><trkpt lat="37.232638" lon="126.776645"><time>2026-05-17T06:18:18.000Z</time><ele>8.53</ele></trkpt><trkpt lat="37.232486" lon="126.776616"><time>2026-05-17T06:18:19.000Z</time><ele>8.46</ele></trkpt><trkpt lat="37.232337" lon="126.776579"><time>2026-05-17T06:18:20.000Z</time><ele>8.36</ele></trkpt><trkpt lat="37.232187" lon="126.776537"><time>2026-05-17T06:18:21.000Z</time><ele>8.19</ele></trkpt><trkpt lat="37.232036" lon="126.776489"><time>2026-05-17T06:18:22.000Z</time><ele>8.1</ele></trkpt><trkpt lat="37.231886" lon="126.776429"><time>2026-05-17T06:18:23.000Z</time><ele>7.79</ele></trkpt><trkpt lat="37.231721" lon="126.77636"><time>2026-05-17T06:18:24.000Z</time><ele>7.57</ele></trkpt><trkpt lat="37.231557" lon="126.776293"><time>2026-05-17T06:18:25.000Z</time><ele>7.43</ele></trkpt><trkpt lat="37.231403" lon="126.77622"><time>2026-05-17T06:18:26.000Z</time><ele>7.19</ele></trkpt><trkpt lat="37.231249" lon="126.776134"><time>2026-05-17T06:18:27.000Z</time><ele>6.85</ele></trkpt><trkpt lat="37.231102" lon="126.776037"><time>2026-05-17T06:18:28.000Z</time><ele>7.06</ele></trkpt><trkpt lat="37.230956" lon="126.775934"><time>2026-05-17T06:18:29.000Z</time><ele>7.16</ele></trkpt><trkpt lat="37.230814" lon="126.775826"><time>2026-05-17T06:18:30.000Z</time><ele>7</ele></trkpt><trkpt lat="37.230679" lon="126.775708"><time>2026-05-17T06:18:31.000Z</time><ele>6.74</ele></trkpt><trkpt lat="37.230559" lon="126.775589"><time>2026-05-17T06:18:32.000Z</time><ele>6.52</ele></trkpt><trkpt lat="37.230446" lon="126.77547"><time>2026-05-17T06:18:33.000Z</time><ele>6.56</ele></trkpt><trkpt lat="37.230337" lon="126.775345"><time>2026-05-17T06:18:34.000Z</time><ele>6.72</ele></trkpt><trkpt lat="37.23023" lon="126.775211"><time>2026-05-17T06:18:35.000Z</time><ele>6.76</ele></trkpt><trkpt lat="37.230132" lon="126.775073"><time>2026-05-17T06:18:36.000Z</time><ele>6.84</ele></trkpt><trkpt lat="37.230046" lon="126.774943"><time>2026-05-17T06:18:37.000Z</time><ele>6.86</ele></trkpt><trkpt lat="37.22997" lon="126.774821"><time>2026-05-17T06:18:38.000Z</time><ele>6.9</ele></trkpt><trkpt lat="37.229899" lon="126.774708"><time>2026-05-17T06:18:39.000Z</time><ele>7.27</ele></trkpt><trkpt lat="37.229827" lon="126.774578"><time>2026-05-17T06:18:40.000Z</time><ele>7.07</ele></trkpt><trkpt lat="37.229756" lon="126.774444"><time>2026-05-17T06:18:41.000Z</time><ele>7.18</ele></trkpt><trkpt lat="37.229684" lon="126.77429"><time>2026-05-17T06:18:42.000Z</time><ele>7.09</ele></trkpt><trkpt lat="37.229613" lon="126.774126"><time>2026-05-17T06:18:43.000Z</time><ele>6.89</ele></trkpt><trkpt lat="37.229551" lon="126.773958"><time>2026-05-17T06:18:44.001Z</time><ele>6.99</ele></trkpt><trkpt lat="37.229505" lon="126.773794"><time>2026-05-17T06:18:45.001Z</time><ele>7.02</ele></trkpt><trkpt lat="37.229458" lon="126.773646"><time>2026-05-17T06:18:46.001Z</time><ele>7.35</ele></trkpt><trkpt lat="37.229419" lon="126.773509"><time>2026-05-17T06:18:47.001Z</time><ele>7.4</ele></trkpt><trkpt lat="37.229386" lon="126.773379"><time>2026-05-17T06:18:48.001Z</time><ele>7.63</ele></trkpt><trkpt lat="37.229358" lon="126.773241"><time>2026-05-17T06:18:49.001Z</time><ele>7.51</ele></trkpt><trkpt lat="37.229336" lon="126.7731"><time>2026-05-17T06:18:50.001Z</time><ele>7.86</ele></trkpt><trkpt lat="37.229317" lon="126.772962"><time>2026-05-17T06:18:51.001Z</time><ele>7.46</ele></trkpt><trkpt lat="37.229295" lon="126.77283"><time>2026-05-17T06:18:52.001Z</time><ele>7.69</ele></trkpt><trkpt lat="37.229277" lon="126.772693"><time>2026-05-17T06:18:53.001Z</time><ele>7.61</ele></trkpt><trkpt lat="37.229272" lon="126.772559"><time>2026-05-17T06:18:54.001Z</time><ele>7.48</ele></trkpt><trkpt lat="37.229264" lon="126.772435"><time>2026-05-17T06:18:55.001Z</time><ele>7.98</ele></trkpt><trkpt lat="37.229262" lon="126.772297"><time>2026-05-17T06:18:56.001Z</time><ele>8.28</ele></trkpt><trkpt lat="37.229257" lon="126.772151"><time>2026-05-17T06:18:57.001Z</time><ele>8.58</ele></trkpt><trkpt lat="37.229259" lon="126.772001"><time>2026-05-17T06:18:58.001Z</time><ele>8.17</ele></trkpt><trkpt lat="37.229267" lon="126.77185"><time>2026-05-17T06:18:59.001Z</time><ele>8.55</ele></trkpt><trkpt lat="37.22928" lon="126.771707"><time>2026-05-17T06:19:00.001Z</time><ele>8.75</ele></trkpt><trkpt lat="37.229295" lon="126.771568"><time>2026-05-17T06:19:01.001Z</time><ele>9.3</ele></trkpt><trkpt lat="37.229312" lon="126.771427"><time>2026-05-17T06:19:02.001Z</time><ele>9.39</ele></trkpt><trkpt lat="37.229337" lon="126.771281"><time>2026-05-17T06:19:03.001Z</time><ele>9.36</ele></trkpt><trkpt lat="37.229363" lon="126.771138"><time>2026-05-17T06:19:04.001Z</time><ele>9.19</ele></trkpt><trkpt lat="37.229391" lon="126.770999"><time>2026-05-17T06:19:05.001Z</time><ele>9.2</ele></trkpt><trkpt lat="37.229436" lon="126.77086"><time>2026-05-17T06:19:06.001Z</time><ele>9.38</ele></trkpt><trkpt lat="37.229478" lon="126.77073"><time>2026-05-17T06:19:07.001Z</time><ele>9.24</ele></trkpt><trkpt lat="37.229515" lon="126.770602"><time>2026-05-17T06:19:08.001Z</time><ele>9.3</ele></trkpt><trkpt lat="37.229556" lon="126.770475"><time>2026-05-17T06:19:09.001Z</time><ele>9.21</ele></trkpt><trkpt lat="37.229598" lon="126.770344"><time>2026-05-17T06:19:10.001Z</time><ele>8.67</ele></trkpt><trkpt lat="37.229643" lon="126.770228"><time>2026-05-17T06:19:11.001Z</time><ele>8.44</ele></trkpt><trkpt lat="37.229698" lon="126.770114"><time>2026-05-17T06:19:12.001Z</time><ele>8.34</ele></trkpt><trkpt lat="37.229752" lon="126.769999"><time>2026-05-17T06:19:13.001Z</time><ele>7.99</ele></trkpt><trkpt lat="37.229803" lon="126.769886"><time>2026-05-17T06:19:14.001Z</time><ele>7.99</ele></trkpt><trkpt lat="37.229855" lon="126.769786"><time>2026-05-17T06:19:15.001Z</time><ele>7.77</ele></trkpt><trkpt lat="37.22991" lon="126.769689"><time>2026-05-17T06:19:16.001Z</time><ele>7.61</ele></trkpt><trkpt lat="37.229968" lon="126.769591"><time>2026-05-17T06:19:17.001Z</time><ele>7.43</ele></trkpt><trkpt lat="37.230021" lon="126.769504"><time>2026-05-17T06:19:18.001Z</time><ele>7.61</ele></trkpt><trkpt lat="37.230065" lon="126.769411"><time>2026-05-17T06:19:19.001Z</time><ele>7.57</ele></trkpt><trkpt lat="37.230097" lon="126.76932"><time>2026-05-17T06:19:20.001Z</time><ele>7.91</ele></trkpt><trkpt lat="37.230122" lon="126.769223"><time>2026-05-17T06:19:21.001Z</time><ele>7.77</ele></trkpt><trkpt lat="37.230149" lon="126.769133"><time>2026-05-17T06:19:22.001Z</time><ele>7.87</ele></trkpt><trkpt lat="37.230169" lon="126.769054"><time>2026-05-17T06:19:23.001Z</time><ele>7.58</ele></trkpt><trkpt lat="37.230186" lon="126.768981"><time>2026-05-17T06:19:24.001Z</time><ele>7.92</ele></trkpt><trkpt lat="37.230195" lon="126.768911"><time>2026-05-17T06:19:25.001Z</time><ele>7.91</ele></trkpt><trkpt lat="37.230203" lon="126.768848"><time>2026-05-17T06:19:26.001Z</time><ele>7.95</ele></trkpt><trkpt lat="37.230213" lon="126.76875"><time>2026-05-17T06:19:28.001Z</time><ele>7.9</ele></trkpt><trkpt lat="37.230222" lon="126.768667"><time>2026-05-17T06:19:30.001Z</time><ele>8.39</ele></trkpt><trkpt lat="37.230238" lon="126.768576"><time>2026-05-17T06:19:32.001Z</time><ele>8.69</ele></trkpt><trkpt lat="37.230244" lon="126.768517"><time>2026-05-17T06:19:33.001Z</time><ele>8.44</ele></trkpt><trkpt lat="37.230247" lon="126.768461"><time>2026-05-17T06:19:34.001Z</time><ele>8.34</ele></trkpt><trkpt lat="37.230259" lon="126.768367"><time>2026-05-17T06:19:36.001Z</time><ele>8.31</ele></trkpt><trkpt lat="37.230268" lon="126.76827"><time>2026-05-17T06:19:38.001Z</time><ele>8.22</ele></trkpt><trkpt lat="37.23028" lon="126.768166"><time>2026-05-17T06:19:40.001Z</time><ele>8.21</ele></trkpt><trkpt lat="37.23029" lon="126.768051"><time>2026-05-17T06:19:42.001Z</time><ele>8.09</ele></trkpt><trkpt lat="37.230274" lon="126.767998"><time>2026-05-17T06:19:43.001Z</time><ele>7.89</ele></trkpt><trkpt lat="37.230262" lon="126.767937"><time>2026-05-17T06:19:44.001Z</time><ele>7.85</ele></trkpt><trkpt lat="37.230234" lon="126.76788"><time>2026-05-17T06:19:44.999Z</time><ele>8.17</ele></trkpt><trkpt lat="37.230188" lon="126.767822"><time>2026-05-17T06:19:45.999Z</time><ele>8.17</ele></trkpt><trkpt lat="37.230132" lon="126.76777"><time>2026-05-17T06:19:46.999Z</time><ele>7.92</ele></trkpt><trkpt lat="37.229992" lon="126.767637"><time>2026-05-17T06:19:48.999Z</time><ele>7.82</ele></trkpt><trkpt lat="37.229917" lon="126.767624"><time>2026-05-17T06:19:50.000Z</time><ele>7.5</ele></trkpt><trkpt lat="37.229843" lon="126.767611"><time>2026-05-17T06:19:51.000Z</time><ele>7.41</ele></trkpt><trkpt lat="37.229772" lon="126.767598"><time>2026-05-17T06:19:52.000Z</time><ele>7.57</ele></trkpt><trkpt lat="37.229708" lon="126.767587"><time>2026-05-17T06:19:53.000Z</time><ele>7.52</ele></trkpt><trkpt lat="37.229646" lon="126.767595"><time>2026-05-17T06:19:54.000Z</time><ele>7.42</ele></trkpt><trkpt lat="37.229591" lon="126.767582"><time>2026-05-17T06:19:55.000Z</time><ele>7.68</ele></trkpt><trkpt lat="37.229526" lon="126.767568"><time>2026-05-17T06:19:56.000Z</time><ele>7.65</ele></trkpt><trkpt lat="37.229459" lon="126.767559"><time>2026-05-17T06:19:57.000Z</time><ele>7.37</ele></trkpt><trkpt lat="37.229387" lon="126.767547"><time>2026-05-17T06:19:58.000Z</time><ele>7.36</ele></trkpt><trkpt lat="37.22932" lon="126.767531"><time>2026-05-17T06:19:59.000Z</time><ele>7.56</ele></trkpt><trkpt lat="37.229243" lon="126.767518"><time>2026-05-17T06:20:00.000Z</time><ele>7.04</ele></trkpt><trkpt lat="37.229174" lon="126.767504"><time>2026-05-17T06:20:01.000Z</time><ele>7.06</ele></trkpt><trkpt lat="37.22911" lon="126.76749"><time>2026-05-17T06:20:02.000Z</time><ele>6.93</ele></trkpt><trkpt lat="37.229041" lon="126.767482"><time>2026-05-17T06:20:03.000Z</time><ele>6.8</ele></trkpt><trkpt lat="37.228977" lon="126.767463"><time>2026-05-17T06:20:04.000Z</time><ele>6.85</ele></trkpt><trkpt lat="37.228911" lon="126.767452"><time>2026-05-17T06:20:05.000Z</time><ele>6.7</ele></trkpt><trkpt lat="37.228855" lon="126.767439"><time>2026-05-17T06:20:06.000Z</time><ele>6.55</ele></trkpt><trkpt lat="37.228802" lon="126.767429"><time>2026-05-17T06:20:07.000Z</time><ele>6.54</ele></trkpt><trkpt lat="37.228754" lon="126.767423"><time>2026-05-17T06:20:08.000Z</time><ele>6.72</ele></trkpt><trkpt lat="37.2287" lon="126.767413"><time>2026-05-17T06:20:09.000Z</time><ele>6.71</ele></trkpt><trkpt lat="37.228635" lon="126.7674"><time>2026-05-17T06:20:10.000Z</time><ele>6.58</ele></trkpt><trkpt lat="37.22858" lon="126.767389"><time>2026-05-17T06:20:11.000Z</time><ele>6.64</ele></trkpt><trkpt lat="37.228528" lon="126.76738"><time>2026-05-17T06:20:12.000Z</time><ele>6.58</ele></trkpt><trkpt lat="37.228475" lon="126.767371"><time>2026-05-17T06:20:13.000Z</time><ele>6.35</ele></trkpt><trkpt lat="37.228425" lon="126.767362"><time>2026-05-17T06:20:14.000Z</time><ele>6.32</ele></trkpt><trkpt lat="37.228342" lon="126.767337"><time>2026-05-17T06:20:16.000Z</time><ele>6.52</ele></trkpt><trkpt lat="37.228255" lon="126.76732"><time>2026-05-17T06:20:18.000Z</time><ele>6.8</ele></trkpt><trkpt lat="37.22818" lon="126.767313"><time>2026-05-17T06:20:20.000Z</time><ele>7.17</ele></trkpt><trkpt lat="37.22814" lon="126.767343"><time>2026-05-17T06:20:21.000Z</time><ele>7.51</ele></trkpt><trkpt lat="37.22809" lon="126.767432"><time>2026-05-17T06:20:23.000Z</time><ele>7.71</ele></trkpt><trkpt lat="37.228065" lon="126.767495"><time>2026-05-17T06:20:24.000Z</time><ele>7.96</ele></trkpt><trkpt lat="37.228066" lon="126.767568"><time>2026-05-17T06:20:25.000Z</time><ele>7.94</ele></trkpt><trkpt lat="37.228056" lon="126.767638"><time>2026-05-17T06:20:26.000Z</time><ele>7.99</ele></trkpt><trkpt lat="37.228044" lon="126.767717"><time>2026-05-17T06:20:27.000Z</time><ele>7.64</ele></trkpt><trkpt lat="37.228033" lon="126.767796"><time>2026-05-17T06:20:28.000Z</time><ele>7.63</ele></trkpt><trkpt lat="37.228022" lon="126.767873"><time>2026-05-17T06:20:29.000Z</time><ele>7.89</ele></trkpt><trkpt lat="37.228014" lon="126.767929"><time>2026-05-17T06:20:30.000Z</time><ele>7.74</ele></trkpt><trkpt lat="37.227998" lon="126.768041"><time>2026-05-17T06:20:32.000Z</time><ele>7.82</ele></trkpt><trkpt lat="37.227863" lon="126.768053"><time>2026-05-17T06:20:35.000Z</time><ele>9.43</ele></trkpt><trkpt lat="37.227798" lon="126.768042"><time>2026-05-17T06:20:37.000Z</time><ele>8.44</ele></trkpt><trkpt lat="37.22772" lon="126.768029"><time>2026-05-17T06:20:39.000Z</time><ele>8.02</ele></trkpt><trkpt lat="37.227662" lon="126.768034"><time>2026-05-17T06:20:40.000Z</time><ele>8.01</ele></trkpt><trkpt lat="37.227582" lon="126.768005"><time>2026-05-17T06:20:42.000Z</time><ele>7.83</ele></trkpt><trkpt lat="37.227488" lon="126.767982"><time>2026-05-17T06:20:44.000Z</time><ele>7.67</ele></trkpt><trkpt lat="37.227431" lon="126.767972"><time>2026-05-17T06:20:45.001Z</time><ele>7.85</ele></trkpt><trkpt lat="37.227366" lon="126.767955"><time>2026-05-17T06:20:46.001Z</time><ele>7.84</ele></trkpt><trkpt lat="37.227292" lon="126.76794"><time>2026-05-17T06:20:47.001Z</time><ele>8.07</ele></trkpt><trkpt lat="37.227223" lon="126.767927"><time>2026-05-17T06:20:48.001Z</time><ele>7.76</ele></trkpt><trkpt lat="37.227158" lon="126.767914"><time>2026-05-17T06:20:49.001Z</time><ele>7.63</ele></trkpt><trkpt lat="37.227089" lon="126.767901"><time>2026-05-17T06:20:50.001Z</time><ele>7.67</ele></trkpt><trkpt lat="37.227019" lon="126.767886"><time>2026-05-17T06:20:51.001Z</time><ele>7.74</ele></trkpt><trkpt lat="37.226955" lon="126.767872"><time>2026-05-17T06:20:52.001Z</time><ele>7.67</ele></trkpt><trkpt lat="37.226897" lon="126.767861"><time>2026-05-17T06:20:53.001Z</time><ele>7.34</ele></trkpt><trkpt lat="37.226834" lon="126.767851"><time>2026-05-17T06:20:54.001Z</time><ele>7.38</ele></trkpt><trkpt lat="37.226768" lon="126.76784"><time>2026-05-17T06:20:55.001Z</time><ele>7.57</ele></trkpt><trkpt lat="37.226705" lon="126.767825"><time>2026-05-17T06:20:56.001Z</time><ele>7.51</ele></trkpt><trkpt lat="37.226652" lon="126.767815"><time>2026-05-17T06:20:57.001Z</time><ele>7.49</ele></trkpt><trkpt lat="37.226598" lon="126.767801"><time>2026-05-17T06:20:58.001Z</time><ele>7.54</ele></trkpt><trkpt lat="37.22654" lon="126.767791"><time>2026-05-17T06:20:59.001Z</time><ele>7.54</ele></trkpt><trkpt lat="37.226479" lon="126.767777"><time>2026-05-17T06:21:00.001Z</time><ele>7.34</ele></trkpt><trkpt lat="37.22642" lon="126.767763"><time>2026-05-17T06:21:01.001Z</time><ele>7.36</ele></trkpt><trkpt lat="37.226364" lon="126.767746"><time>2026-05-17T06:21:02.001Z</time><ele>7.31</ele></trkpt><trkpt lat="37.226306" lon="126.767725"><time>2026-05-17T06:21:03.001Z</time><ele>7.45</ele></trkpt><trkpt lat="37.226244" lon="126.767707"><time>2026-05-17T06:21:04.001Z</time><ele>7.42</ele></trkpt><trkpt lat="37.226177" lon="126.767694"><time>2026-05-17T06:21:05.001Z</time><ele>7.4</ele></trkpt><trkpt lat="37.226108" lon="126.767682"><time>2026-05-17T06:21:06.001Z</time><ele>7.31</ele></trkpt><trkpt lat="37.226041" lon="126.767663"><time>2026-05-17T06:21:07.001Z</time><ele>7.37</ele></trkpt><trkpt lat="37.225974" lon="126.767639"><time>2026-05-17T06:21:08.001Z</time><ele>6.9</ele></trkpt><trkpt lat="37.225917" lon="126.767593"><time>2026-05-17T06:21:09.001Z</time><ele>7.1</ele></trkpt><trkpt lat="37.225849" lon="126.76757"><time>2026-05-17T06:21:10.001Z</time><ele>6.81</ele></trkpt><trkpt lat="37.22579" lon="126.767549"><time>2026-05-17T06:21:11.001Z</time><ele>6.69</ele></trkpt><trkpt lat="37.225732" lon="126.767529"><time>2026-05-17T06:21:12.001Z</time><ele>6.6</ele></trkpt><trkpt lat="37.22567" lon="126.767529"><time>2026-05-17T06:21:13.001Z</time><ele>6.63</ele></trkpt><trkpt lat="37.225615" lon="126.767494"><time>2026-05-17T06:21:14.001Z</time><ele>6.64</ele></trkpt><trkpt lat="37.225557" lon="126.767478"><time>2026-05-17T06:21:15.001Z</time><ele>6.49</ele></trkpt><trkpt lat="37.225496" lon="126.767455"><time>2026-05-17T06:21:16.001Z</time><ele>6.41</ele></trkpt><trkpt lat="37.225432" lon="126.767433"><time>2026-05-17T06:21:17.001Z</time><ele>6.27</ele></trkpt><trkpt lat="37.22537" lon="126.76741"><time>2026-05-17T06:21:18.001Z</time><ele>5.99</ele></trkpt><trkpt lat="37.225307" lon="126.767374"><time>2026-05-17T06:21:19.001Z</time><ele>6.01</ele></trkpt><trkpt lat="37.225243" lon="126.767337"><time>2026-05-17T06:21:20.001Z</time><ele>5.85</ele></trkpt><trkpt lat="37.225182" lon="126.767303"><time>2026-05-17T06:21:21.001Z</time><ele>5.58</ele></trkpt><trkpt lat="37.225117" lon="126.767297"><time>2026-05-17T06:21:22.001Z</time><ele>5.52</ele></trkpt><trkpt lat="37.225063" lon="126.767279"><time>2026-05-17T06:21:23.001Z</time><ele>5.36</ele></trkpt><trkpt lat="37.224981" lon="126.767251"><time>2026-05-17T06:21:25.001Z</time><ele>5.22</ele></trkpt><trkpt lat="37.224898" lon="126.767224"><time>2026-05-17T06:21:27.001Z</time><ele>5.48</ele></trkpt><trkpt lat="37.224822" lon="126.767199"><time>2026-05-17T06:21:29.001Z</time><ele>5.52</ele></trkpt><trkpt lat="37.224749" lon="126.767174"><time>2026-05-17T06:21:31.001Z</time><ele>5.13</ele></trkpt><trkpt lat="37.224699" lon="126.767156"><time>2026-05-17T06:21:32.001Z</time><ele>4.75</ele></trkpt><trkpt lat="37.224653" lon="126.76714"><time>2026-05-17T06:21:33.001Z</time><ele>4.97</ele></trkpt><trkpt lat="37.224559" lon="126.767107"><time>2026-05-17T06:21:35.001Z</time><ele>5</ele></trkpt><trkpt lat="37.224502" lon="126.767087"><time>2026-05-17T06:21:36.001Z</time><ele>5.16</ele></trkpt><trkpt lat="37.224444" lon="126.767067"><time>2026-05-17T06:21:37.001Z</time><ele>5.32</ele></trkpt><trkpt lat="37.224382" lon="126.767045"><time>2026-05-17T06:21:38.001Z</time><ele>5.33</ele></trkpt><trkpt lat="37.224312" lon="126.76702"><time>2026-05-17T06:21:39.001Z</time><ele>5.39</ele></trkpt><trkpt lat="37.224235" lon="126.766994"><time>2026-05-17T06:21:40.001Z</time><ele>5.29</ele></trkpt><trkpt lat="37.224155" lon="126.766967"><time>2026-05-17T06:21:41.001Z</time><ele>5.11</ele></trkpt><trkpt lat="37.224081" lon="126.766942"><time>2026-05-17T06:21:42.001Z</time><ele>4.53</ele></trkpt><trkpt lat="37.224022" lon="126.766923"><time>2026-05-17T06:21:43.001Z</time><ele>4.44</ele></trkpt><trkpt lat="37.223967" lon="126.766905"><time>2026-05-17T06:21:44.001Z</time><ele>4.65</ele></trkpt><trkpt lat="37.223901" lon="126.766883"><time>2026-05-17T06:21:45.001Z</time><ele>4.73</ele></trkpt><trkpt lat="37.22382" lon="126.766857"><time>2026-05-17T06:21:46.001Z</time><ele>5.19</ele></trkpt><trkpt lat="37.223739" lon="126.76683"><time>2026-05-17T06:21:47.001Z</time><ele>5.56</ele></trkpt><trkpt lat="37.223654" lon="126.766803"><time>2026-05-17T06:21:48.001Z</time><ele>5.75</ele></trkpt><trkpt lat="37.223571" lon="126.766775"><time>2026-05-17T06:21:49.001Z</time><ele>5.8</ele></trkpt><trkpt lat="37.223487" lon="126.766748"><time>2026-05-17T06:21:50.001Z</time><ele>5.68</ele></trkpt><trkpt lat="37.223401" lon="126.76672"><time>2026-05-17T06:21:51.000Z</time><ele>6.15</ele></trkpt><trkpt lat="37.223323" lon="126.766695"><time>2026-05-17T06:21:52.000Z</time><ele>5.92</ele></trkpt><trkpt lat="37.223229" lon="126.766665"><time>2026-05-17T06:21:53.000Z</time><ele>6.35</ele></trkpt><trkpt lat="37.223129" lon="126.766633"><time>2026-05-17T06:21:54.000Z</time><ele>6.99</ele></trkpt><trkpt lat="37.223024" lon="126.766599"><time>2026-05-17T06:21:55.000Z</time><ele>7.25</ele></trkpt><trkpt lat="37.222916" lon="126.766564"><time>2026-05-17T06:21:56.000Z</time><ele>7.23</ele></trkpt><trkpt lat="37.22281" lon="126.766528"><time>2026-05-17T06:21:57.000Z</time><ele>7.51</ele></trkpt><trkpt lat="37.222704" lon="126.766492"><time>2026-05-17T06:21:58.000Z</time><ele>7.41</ele></trkpt><trkpt lat="37.222599" lon="126.766456"><time>2026-05-17T06:21:59.000Z</time><ele>7.5</ele></trkpt><trkpt lat="37.222494" lon="126.766419"><time>2026-05-17T06:22:00.000Z</time><ele>7.45</ele></trkpt><trkpt lat="37.222394" lon="126.766384"><time>2026-05-17T06:22:01.000Z</time><ele>7.4</ele></trkpt><trkpt lat="37.222293" lon="126.76635"><time>2026-05-17T06:22:02.000Z</time><ele>7.05</ele></trkpt><trkpt lat="37.222198" lon="126.766317"><time>2026-05-17T06:22:03.000Z</time><ele>6.07</ele></trkpt><trkpt lat="37.222099" lon="126.766284"><time>2026-05-17T06:22:04.000Z</time><ele>5.89</ele></trkpt><trkpt lat="37.222" lon="126.76625"><time>2026-05-17T06:22:05.000Z</time><ele>5.71</ele></trkpt><trkpt lat="37.221898" lon="126.766215"><time>2026-05-17T06:22:06.000Z</time><ele>5.69</ele></trkpt><trkpt lat="37.221792" lon="126.766178"><time>2026-05-17T06:22:07.000Z</time><ele>5.57</ele></trkpt><trkpt lat="37.221689" lon="126.766143"><time>2026-05-17T06:22:08.000Z</time><ele>5.64</ele></trkpt><trkpt lat="37.221597" lon="126.766111"><time>2026-05-17T06:22:09.000Z</time><ele>5.55</ele></trkpt><trkpt lat="37.221509" lon="126.766084"><time>2026-05-17T06:22:10.000Z</time><ele>5.97</ele></trkpt><trkpt lat="37.221421" lon="126.766056"><time>2026-05-17T06:22:11.000Z</time><ele>6.05</ele></trkpt><trkpt lat="37.221331" lon="126.766029"><time>2026-05-17T06:22:12.000Z</time><ele>6.26</ele></trkpt><trkpt lat="37.221245" lon="126.766006"><time>2026-05-17T06:22:13.000Z</time><ele>6.73</ele></trkpt><trkpt lat="37.221158" lon="126.765998"><time>2026-05-17T06:22:14.000Z</time><ele>6.81</ele></trkpt><trkpt lat="37.221076" lon="126.765976"><time>2026-05-17T06:22:15.000Z</time><ele>6.95</ele></trkpt><trkpt lat="37.220987" lon="126.765953"><time>2026-05-17T06:22:16.000Z</time><ele>6.91</ele></trkpt><trkpt lat="37.220904" lon="126.765927"><time>2026-05-17T06:22:17.000Z</time><ele>6.99</ele></trkpt><trkpt lat="37.220827" lon="126.765889"><time>2026-05-17T06:22:18.000Z</time><ele>6.99</ele></trkpt><trkpt lat="37.220746" lon="126.765867"><time>2026-05-17T06:22:19.000Z</time><ele>7.26</ele></trkpt><trkpt lat="37.220674" lon="126.765854"><time>2026-05-17T06:22:20.000Z</time><ele>6.83</ele></trkpt><trkpt lat="37.220614" lon="126.765831"><time>2026-05-17T06:22:21.000Z</time><ele>7.08</ele></trkpt><trkpt lat="37.220544" lon="126.765821"><time>2026-05-17T06:22:22.000Z</time><ele>7.49</ele></trkpt><trkpt lat="37.220476" lon="126.765803"><time>2026-05-17T06:22:23.000Z</time><ele>7.63</ele></trkpt><trkpt lat="37.220409" lon="126.765787"><time>2026-05-17T06:22:24.000Z</time><ele>7.53</ele></trkpt><trkpt lat="37.220333" lon="126.765768"><time>2026-05-17T06:22:25.000Z</time><ele>7.39</ele></trkpt><trkpt lat="37.220248" lon="126.765745"><time>2026-05-17T06:22:26.000Z</time><ele>7.64</ele></trkpt><trkpt lat="37.220165" lon="126.765728"><time>2026-05-17T06:22:27.000Z</time><ele>7.7</ele></trkpt><trkpt lat="37.220087" lon="126.765714"><time>2026-05-17T06:22:28.000Z</time><ele>7.87</ele></trkpt><trkpt lat="37.220003" lon="126.765698"><time>2026-05-17T06:22:29.000Z</time><ele>7.83</ele></trkpt><trkpt lat="37.219923" lon="126.765682"><time>2026-05-17T06:22:30.000Z</time><ele>8.3</ele></trkpt><trkpt lat="37.219848" lon="126.765665"><time>2026-05-17T06:22:31.000Z</time><ele>8.6</ele></trkpt><trkpt lat="37.219769" lon="126.765647"><time>2026-05-17T06:22:32.000Z</time><ele>9.2</ele></trkpt><trkpt lat="37.219697" lon="126.765623"><time>2026-05-17T06:22:33.000Z</time><ele>9.91</ele></trkpt><trkpt lat="37.219619" lon="126.765596"><time>2026-05-17T06:22:34.000Z</time><ele>10.11</ele></trkpt><trkpt lat="37.21954" lon="126.765567"><time>2026-05-17T06:22:35.000Z</time><ele>10.64</ele></trkpt><trkpt lat="37.219455" lon="126.765534"><time>2026-05-17T06:22:36.000Z</time><ele>10.73</ele></trkpt><trkpt lat="37.219375" lon="126.765495"><time>2026-05-17T06:22:37.000Z</time><ele>11.12</ele></trkpt><trkpt lat="37.219294" lon="126.765463"><time>2026-05-17T06:22:38.000Z</time><ele>11.22</ele></trkpt><trkpt lat="37.219213" lon="126.765433"><time>2026-05-17T06:22:39.001Z</time><ele>11.58</ele></trkpt><trkpt lat="37.219131" lon="126.7654"><time>2026-05-17T06:22:40.001Z</time><ele>12.63</ele></trkpt><trkpt lat="37.219049" lon="126.765369"><time>2026-05-17T06:22:41.001Z</time><ele>13.16</ele></trkpt><trkpt lat="37.218967" lon="126.765335"><time>2026-05-17T06:22:42.001Z</time><ele>14.1</ele></trkpt><trkpt lat="37.21889" lon="126.765306"><time>2026-05-17T06:22:43.001Z</time><ele>14.82</ele></trkpt><trkpt lat="37.218815" lon="126.765273"><time>2026-05-17T06:22:44.001Z</time><ele>15.24</ele></trkpt><trkpt lat="37.218742" lon="126.765243"><time>2026-05-17T06:22:45.001Z</time><ele>15.74</ele></trkpt><trkpt lat="37.218673" lon="126.765221"><time>2026-05-17T06:22:46.001Z</time><ele>16.38</ele></trkpt><trkpt lat="37.218612" lon="126.7652"><time>2026-05-17T06:22:47.001Z</time><ele>16.91</ele></trkpt><trkpt lat="37.218546" lon="126.765183"><time>2026-05-17T06:22:48.001Z</time><ele>17.51</ele></trkpt><trkpt lat="37.218479" lon="126.76518"><time>2026-05-17T06:22:49.001Z</time><ele>17.92</ele></trkpt><trkpt lat="37.218402" lon="126.765183"><time>2026-05-17T06:22:50.001Z</time><ele>18.06</ele></trkpt><trkpt lat="37.218328" lon="126.765194"><time>2026-05-17T06:22:51.001Z</time><ele>18.41</ele></trkpt><trkpt lat="37.218251" lon="126.765223"><time>2026-05-17T06:22:52.001Z</time><ele>18.7</ele></trkpt><trkpt lat="37.218168" lon="126.765251"><time>2026-05-17T06:22:53.001Z</time><ele>18.82</ele></trkpt><trkpt lat="37.218082" lon="126.765281"><time>2026-05-17T06:22:54.001Z</time><ele>19.24</ele></trkpt><trkpt lat="37.217996" lon="126.765322"><time>2026-05-17T06:22:55.001Z</time><ele>19.46</ele></trkpt><trkpt lat="37.217918" lon="126.765363"><time>2026-05-17T06:22:56.001Z</time><ele>19.55</ele></trkpt><trkpt lat="37.217848" lon="126.765405"><time>2026-05-17T06:22:57.001Z</time><ele>19.64</ele></trkpt><trkpt lat="37.217778" lon="126.765439"><time>2026-05-17T06:22:58.001Z</time><ele>19.55</ele></trkpt><trkpt lat="37.217707" lon="126.765473"><time>2026-05-17T06:22:59.001Z</time><ele>19.92</ele></trkpt><trkpt lat="37.217626" lon="126.765504"><time>2026-05-17T06:23:00.001Z</time><ele>20.03</ele></trkpt><trkpt lat="37.217551" lon="126.765534"><time>2026-05-17T06:23:01.001Z</time><ele>19.75</ele></trkpt><trkpt lat="37.217481" lon="126.765548"><time>2026-05-17T06:23:02.001Z</time><ele>19.74</ele></trkpt><trkpt lat="37.21741" lon="126.765564"><time>2026-05-17T06:23:03.001Z</time><ele>19.65</ele></trkpt><trkpt lat="37.217338" lon="126.765591"><time>2026-05-17T06:23:04.001Z</time><ele>19.6</ele></trkpt><trkpt lat="37.217269" lon="126.765598"><time>2026-05-17T06:23:05.001Z</time><ele>19.34</ele></trkpt><trkpt lat="37.217196" lon="126.765615"><time>2026-05-17T06:23:06.001Z</time><ele>19.28</ele></trkpt><trkpt lat="37.217136" lon="126.76562"><time>2026-05-17T06:23:07.001Z</time><ele>18.89</ele></trkpt><trkpt lat="37.217069" lon="126.765626"><time>2026-05-17T06:23:08.001Z</time><ele>18.69</ele></trkpt><trkpt lat="37.217005" lon="126.765624"><time>2026-05-17T06:23:09.001Z</time><ele>18.43</ele></trkpt><trkpt lat="37.216942" lon="126.765621"><time>2026-05-17T06:23:10.001Z</time><ele>18.24</ele></trkpt><trkpt lat="37.216881" lon="126.765612"><time>2026-05-17T06:23:11.001Z</time><ele>18.38</ele></trkpt><trkpt lat="37.216816" lon="126.765599"><time>2026-05-17T06:23:12.001Z</time><ele>18.13</ele></trkpt><trkpt lat="37.216756" lon="126.765575"><time>2026-05-17T06:23:13.001Z</time><ele>18.02</ele></trkpt><trkpt lat="37.216709" lon="126.765529"><time>2026-05-17T06:23:14.001Z</time><ele>17.99</ele></trkpt><trkpt lat="37.216666" lon="126.765479"><time>2026-05-17T06:23:15.001Z</time><ele>18</ele></trkpt><trkpt lat="37.216628" lon="126.76542"><time>2026-05-17T06:23:16.001Z</time><ele>18.08</ele></trkpt><trkpt lat="37.216593" lon="126.765343"><time>2026-05-17T06:23:17.001Z</time><ele>18.21</ele></trkpt><trkpt lat="37.216583" lon="126.765249"><time>2026-05-17T06:23:18.001Z</time><ele>18.43</ele></trkpt><trkpt lat="37.216561" lon="126.765165"><time>2026-05-17T06:23:19.001Z</time><ele>18.28</ele></trkpt><trkpt lat="37.21654" lon="126.765085"><time>2026-05-17T06:23:20.001Z</time><ele>18.55</ele></trkpt><trkpt lat="37.216507" lon="126.765011"><time>2026-05-17T06:23:21.001Z</time><ele>18.74</ele></trkpt><trkpt lat="37.216474" lon="126.764923"><time>2026-05-17T06:23:22.001Z</time><ele>19.02</ele></trkpt><trkpt lat="37.216443" lon="126.764831"><time>2026-05-17T06:23:23.001Z</time><ele>19.22</ele></trkpt><trkpt lat="37.216408" lon="126.764751"><time>2026-05-17T06:23:24.001Z</time><ele>20.31</ele></trkpt><trkpt lat="37.21635" lon="126.764671"><time>2026-05-17T06:23:25.001Z</time><ele>20.36</ele></trkpt><trkpt lat="37.216303" lon="126.764607"><time>2026-05-17T06:23:26.001Z</time><ele>19.99</ele></trkpt><trkpt lat="37.216246" lon="126.764565"><time>2026-05-17T06:23:27.001Z</time><ele>19.94</ele></trkpt><trkpt lat="37.216196" lon="126.764528"><time>2026-05-17T06:23:28.001Z</time><ele>19.62</ele></trkpt><trkpt lat="37.216148" lon="126.764471"><time>2026-05-17T06:23:29.001Z</time><ele>19.16</ele></trkpt><trkpt lat="37.216122" lon="126.764403"><time>2026-05-17T06:23:30.001Z</time><ele>18.68</ele></trkpt><trkpt lat="37.216087" lon="126.764338"><time>2026-05-17T06:23:31.001Z</time><ele>18.47</ele></trkpt><trkpt lat="37.216053" lon="126.764264"><time>2026-05-17T06:23:32.001Z</time><ele>18.6</ele></trkpt><trkpt lat="37.216023" lon="126.764185"><time>2026-05-17T06:23:33.001Z</time><ele>18.49</ele></trkpt><trkpt lat="37.215996" lon="126.764103"><time>2026-05-17T06:23:34.001Z</time><ele>17.99</ele></trkpt><trkpt lat="37.21596" lon="126.764015"><time>2026-05-17T06:23:35.001Z</time><ele>18.15</ele></trkpt><trkpt lat="37.215959" lon="126.763915"><time>2026-05-17T06:23:36.001Z</time><ele>18.06</ele></trkpt><trkpt lat="37.215953" lon="126.763813"><time>2026-05-17T06:23:37.001Z</time><ele>17.87</ele></trkpt><trkpt lat="37.215934" lon="126.763723"><time>2026-05-17T06:23:38.001Z</time><ele>17.54</ele></trkpt><trkpt lat="37.215937" lon="126.763631"><time>2026-05-17T06:23:39.001Z</time><ele>16.94</ele></trkpt><trkpt lat="37.215937" lon="126.763538"><time>2026-05-17T06:23:40.001Z</time><ele>16.9</ele></trkpt><trkpt lat="37.21594" lon="126.763438"><time>2026-05-17T06:23:41.001Z</time><ele>16.87</ele></trkpt><trkpt lat="37.215936" lon="126.763333"><time>2026-05-17T06:23:42.001Z</time><ele>16.76</ele></trkpt><trkpt lat="37.215937" lon="126.763221"><time>2026-05-17T06:23:43.001Z</time><ele>16.49</ele></trkpt><trkpt lat="37.215943" lon="126.763075"><time>2026-05-17T06:23:44.002Z</time><ele>16.87</ele></trkpt><trkpt lat="37.215937" lon="126.762925"><time>2026-05-17T06:23:45.002Z</time><ele>16.87</ele></trkpt><trkpt lat="37.215926" lon="126.7628"><time>2026-05-17T06:23:46.002Z</time><ele>17.49</ele></trkpt><trkpt lat="37.215918" lon="126.762674"><time>2026-05-17T06:23:47.002Z</time><ele>17.49</ele></trkpt><trkpt lat="37.215908" lon="126.762551"><time>2026-05-17T06:23:48.002Z</time><ele>17.66</ele></trkpt><trkpt lat="37.215898" lon="126.762427"><time>2026-05-17T06:23:49.002Z</time><ele>17.71</ele></trkpt><trkpt lat="37.215884" lon="126.762307"><time>2026-05-17T06:23:50.002Z</time><ele>17.81</ele></trkpt><trkpt lat="37.215856" lon="126.762205"><time>2026-05-17T06:23:51.002Z</time><ele>17.33</ele></trkpt><trkpt lat="37.215836" lon="126.762113"><time>2026-05-17T06:23:52.002Z</time><ele>17.1</ele></trkpt><trkpt lat="37.215748" lon="126.762027"><time>2026-05-17T06:23:53.002Z</time><ele>16.26</ele></trkpt><trkpt lat="37.215665" lon="126.761954"><time>2026-05-17T06:23:54.002Z</time><ele>16.22</ele></trkpt><trkpt lat="37.215566" lon="126.761877"><time>2026-05-17T06:23:55.002Z</time><ele>15.63</ele></trkpt><trkpt lat="37.215459" lon="126.761797"><time>2026-05-17T06:23:56.002Z</time><ele>15.08</ele></trkpt><trkpt lat="37.215341" lon="126.761727"><time>2026-05-17T06:23:57.000Z</time><ele>14.5</ele></trkpt><trkpt lat="37.215228" lon="126.761623"><time>2026-05-17T06:23:58.000Z</time><ele>13.62</ele></trkpt><trkpt lat="37.215118" lon="126.761521"><time>2026-05-17T06:23:59.000Z</time><ele>12.88</ele></trkpt><trkpt lat="37.215014" lon="126.761424"><time>2026-05-17T06:24:00.000Z</time><ele>11.82</ele></trkpt><trkpt lat="37.214896" lon="126.761343"><time>2026-05-17T06:24:01.000Z</time><ele>10.72</ele></trkpt><trkpt lat="37.214765" lon="126.761267"><time>2026-05-17T06:24:02.000Z</time><ele>9.78</ele></trkpt><trkpt lat="37.214644" lon="126.761179"><time>2026-05-17T06:24:03.000Z</time><ele>9.23</ele></trkpt><trkpt lat="37.214525" lon="126.761107"><time>2026-05-17T06:24:04.000Z</time><ele>8.65</ele></trkpt><trkpt lat="37.214411" lon="126.761046"><time>2026-05-17T06:24:05.000Z</time><ele>8.11</ele></trkpt><trkpt lat="37.214296" lon="126.760991"><time>2026-05-17T06:24:06.000Z</time><ele>7.81</ele></trkpt><trkpt lat="37.214192" lon="126.760943"><time>2026-05-17T06:24:07.000Z</time><ele>7.48</ele></trkpt><trkpt lat="37.214093" lon="126.760902"><time>2026-05-17T06:24:08.000Z</time><ele>7.44</ele></trkpt><trkpt lat="37.214002" lon="126.760868"><time>2026-05-17T06:24:09.000Z</time><ele>7.68</ele></trkpt><trkpt lat="37.213914" lon="126.760833"><time>2026-05-17T06:24:10.000Z</time><ele>7.14</ele></trkpt><trkpt lat="37.21382" lon="126.760795"><time>2026-05-17T06:24:11.000Z</time><ele>7.12</ele></trkpt><trkpt lat="37.213718" lon="126.760752"><time>2026-05-17T06:24:12.000Z</time><ele>7.16</ele></trkpt><trkpt lat="37.213617" lon="126.76071"><time>2026-05-17T06:24:13.000Z</time><ele>7.24</ele></trkpt><trkpt lat="37.21351" lon="126.76067"><time>2026-05-17T06:24:14.000Z</time><ele>7.3</ele></trkpt><trkpt lat="37.213406" lon="126.760635"><time>2026-05-17T06:24:15.000Z</time><ele>7.31</ele></trkpt><trkpt lat="37.213313" lon="126.760581"><time>2026-05-17T06:24:16.000Z</time><ele>7.2</ele></trkpt><trkpt lat="37.213197" lon="126.760534"><time>2026-05-17T06:24:17.000Z</time><ele>8.04</ele></trkpt><trkpt lat="37.21309" lon="126.76049"><time>2026-05-17T06:24:18.000Z</time><ele>8</ele></trkpt><trkpt lat="37.212972" lon="126.760442"><time>2026-05-17T06:24:19.000Z</time><ele>8.23</ele></trkpt><trkpt lat="37.212846" lon="126.760409"><time>2026-05-17T06:24:20.000Z</time><ele>8.17</ele></trkpt><trkpt lat="37.212722" lon="126.760329"><time>2026-05-17T06:24:21.000Z</time><ele>8.27</ele></trkpt><trkpt lat="37.212605" lon="126.760264"><time>2026-05-17T06:24:22.000Z</time><ele>8.12</ele></trkpt><trkpt lat="37.21249" lon="126.760235"><time>2026-05-17T06:24:23.000Z</time><ele>8.24</ele></trkpt><trkpt lat="37.212384" lon="126.760188"><time>2026-05-17T06:24:24.000Z</time><ele>8.28</ele></trkpt><trkpt lat="37.212275" lon="126.760155"><time>2026-05-17T06:24:25.000Z</time><ele>8.37</ele></trkpt><trkpt lat="37.212177" lon="126.760124"><time>2026-05-17T06:24:26.000Z</time><ele>8.54</ele></trkpt><trkpt lat="37.212092" lon="126.760091"><time>2026-05-17T06:24:27.000Z</time><ele>8.32</ele></trkpt><trkpt lat="37.212005" lon="126.760058"><time>2026-05-17T06:24:28.000Z</time><ele>8.31</ele></trkpt><trkpt lat="37.211901" lon="126.760025"><time>2026-05-17T06:24:29.000Z</time><ele>8.48</ele></trkpt><trkpt lat="37.211792" lon="126.759987"><time>2026-05-17T06:24:30.000Z</time><ele>8.3</ele></trkpt><trkpt lat="37.211693" lon="126.759941"><time>2026-05-17T06:24:31.000Z</time><ele>8.35</ele></trkpt><trkpt lat="37.211605" lon="126.75991"><time>2026-05-17T06:24:32.000Z</time><ele>8.45</ele></trkpt><trkpt lat="37.211528" lon="126.759891"><time>2026-05-17T06:24:33.000Z</time><ele>8.17</ele></trkpt><trkpt lat="37.211458" lon="126.759877"><time>2026-05-17T06:24:34.000Z</time><ele>8.33</ele></trkpt><trkpt lat="37.211397" lon="126.759871"><time>2026-05-17T06:24:35.000Z</time><ele>8.22</ele></trkpt><trkpt lat="37.21134" lon="126.759861"><time>2026-05-17T06:24:36.000Z</time><ele>8.27</ele></trkpt><trkpt lat="37.211265" lon="126.759815"><time>2026-05-17T06:24:38.000Z</time><ele>8.26</ele></trkpt><trkpt lat="37.211216" lon="126.759805"><time>2026-05-17T06:24:40.001Z</time><ele>8.37</ele></trkpt><trkpt lat="37.211247" lon="126.759577"><time>2026-05-17T06:24:43.001Z</time><ele>9.4</ele></trkpt><trkpt lat="37.211275" lon="126.75953"><time>2026-05-17T06:24:44.001Z</time><ele>9.83</ele></trkpt><trkpt lat="37.211293" lon="126.759464"><time>2026-05-17T06:24:45.001Z</time><ele>10.01</ele></trkpt><trkpt lat="37.211313" lon="126.759382"><time>2026-05-17T06:24:46.001Z</time><ele>10.72</ele></trkpt><trkpt lat="37.211336" lon="126.759287"><time>2026-05-17T06:24:47.001Z</time><ele>10.93</ele></trkpt><trkpt lat="37.211382" lon="126.759202"><time>2026-05-17T06:24:48.001Z</time><ele>10.94</ele></trkpt><trkpt lat="37.211413" lon="126.759115"><time>2026-05-17T06:24:49.001Z</time><ele>12.34</ele></trkpt><trkpt lat="37.211438" lon="126.759016"><time>2026-05-17T06:24:50.001Z</time><ele>12.34</ele></trkpt><trkpt lat="37.211458" lon="126.75891"><time>2026-05-17T06:24:51.001Z</time><ele>13.82</ele></trkpt><trkpt lat="37.211493" lon="126.758799"><time>2026-05-17T06:24:52.001Z</time><ele>13.73</ele></trkpt><trkpt lat="37.211521" lon="126.758685"><time>2026-05-17T06:24:53.001Z</time><ele>15.01</ele></trkpt><trkpt lat="37.211548" lon="126.758559"><time>2026-05-17T06:24:54.001Z</time><ele>15.07</ele></trkpt><trkpt lat="37.211574" lon="126.758438"><time>2026-05-17T06:24:55.001Z</time><ele>15.73</ele></trkpt><trkpt lat="37.211599" lon="126.758314"><time>2026-05-17T06:24:56.001Z</time><ele>17.25</ele></trkpt><trkpt lat="37.21162" lon="126.758182"><time>2026-05-17T06:24:57.001Z</time><ele>18.23</ele></trkpt><trkpt lat="37.211643" lon="126.758051"><time>2026-05-17T06:24:58.001Z</time><ele>18.63</ele></trkpt><trkpt lat="37.21167" lon="126.757924"><time>2026-05-17T06:24:59.001Z</time><ele>17.71</ele></trkpt><trkpt lat="37.211689" lon="126.757794"><time>2026-05-17T06:25:00.001Z</time><ele>16.87</ele></trkpt><trkpt lat="37.211694" lon="126.75766"><time>2026-05-17T06:25:01.001Z</time><ele>16.4</ele></trkpt><trkpt lat="37.211704" lon="126.757524"><time>2026-05-17T06:25:02.001Z</time><ele>15.9</ele></trkpt><trkpt lat="37.211725" lon="126.757374"><time>2026-05-17T06:25:03.001Z</time><ele>15.5</ele></trkpt><trkpt lat="37.21174" lon="126.757219"><time>2026-05-17T06:25:04.001Z</time><ele>15.61</ele></trkpt><trkpt lat="37.211754" lon="126.757057"><time>2026-05-17T06:25:05.001Z</time><ele>15.17</ele></trkpt><trkpt lat="37.211766" lon="126.756889"><time>2026-05-17T06:25:06.001Z</time><ele>15.16</ele></trkpt><trkpt lat="37.211764" lon="126.756721"><time>2026-05-17T06:25:07.001Z</time><ele>14.75</ele></trkpt><trkpt lat="37.211764" lon="126.75655"><time>2026-05-17T06:25:08.001Z</time><ele>14.38</ele></trkpt><trkpt lat="37.211763" lon="126.756377"><time>2026-05-17T06:25:09.001Z</time><ele>14.22</ele></trkpt><trkpt lat="37.211748" lon="126.756199"><time>2026-05-17T06:25:10.001Z</time><ele>14.34</ele></trkpt><trkpt lat="37.21173" lon="126.756021"><time>2026-05-17T06:25:11.001Z</time><ele>14.2</ele></trkpt><trkpt lat="37.211709" lon="126.755846"><time>2026-05-17T06:25:12.001Z</time><ele>13.49</ele></trkpt><trkpt lat="37.211696" lon="126.755669"><time>2026-05-17T06:25:13.001Z</time><ele>13.2</ele></trkpt><trkpt lat="37.211677" lon="126.755494"><time>2026-05-17T06:25:14.001Z</time><ele>13.12</ele></trkpt><trkpt lat="37.211662" lon="126.755315"><time>2026-05-17T06:25:15.001Z</time><ele>13.16</ele></trkpt><trkpt lat="37.211646" lon="126.755141"><time>2026-05-17T06:25:16.001Z</time><ele>13.5</ele></trkpt><trkpt lat="37.211631" lon="126.754956"><time>2026-05-17T06:25:17.001Z</time><ele>13.94</ele></trkpt><trkpt lat="37.211612" lon="126.754766"><time>2026-05-17T06:25:18.001Z</time><ele>13.79</ele></trkpt><trkpt lat="37.211596" lon="126.754586"><time>2026-05-17T06:25:19.001Z</time><ele>14.15</ele></trkpt><trkpt lat="37.211581" lon="126.754413"><time>2026-05-17T06:25:20.001Z</time><ele>14.54</ele></trkpt><trkpt lat="37.211563" lon="126.754242"><time>2026-05-17T06:25:21.001Z</time><ele>14.66</ele></trkpt><trkpt lat="37.211548" lon="126.754076"><time>2026-05-17T06:25:22.001Z</time><ele>15.09</ele></trkpt><trkpt lat="37.211539" lon="126.753908"><time>2026-05-17T06:25:23.001Z</time><ele>15.34</ele></trkpt><trkpt lat="37.211526" lon="126.753736"><time>2026-05-17T06:25:24.001Z</time><ele>15.85</ele></trkpt><trkpt lat="37.21151" lon="126.753567"><time>2026-05-17T06:25:25.001Z</time><ele>16.68</ele></trkpt><trkpt lat="37.211496" lon="126.753394"><time>2026-05-17T06:25:26.001Z</time><ele>16.94</ele></trkpt><trkpt lat="37.211478" lon="126.753221"><time>2026-05-17T06:25:27.001Z</time><ele>17.22</ele></trkpt><trkpt lat="37.211462" lon="126.753043"><time>2026-05-17T06:25:28.001Z</time><ele>17.55</ele></trkpt><trkpt lat="37.211447" lon="126.752864"><time>2026-05-17T06:25:29.001Z</time><ele>17.35</ele></trkpt><trkpt lat="37.211431" lon="126.752685"><time>2026-05-17T06:25:30.001Z</time><ele>17.89</ele></trkpt><trkpt lat="37.211416" lon="126.752497"><time>2026-05-17T06:25:31.001Z</time><ele>18.24</ele></trkpt><trkpt lat="37.211403" lon="126.752309"><time>2026-05-17T06:25:32.001Z</time><ele>18.46</ele></trkpt><trkpt lat="37.211389" lon="126.752114"><time>2026-05-17T06:25:33.001Z</time><ele>17.96</ele></trkpt><trkpt lat="37.211371" lon="126.751922"><time>2026-05-17T06:25:34.001Z</time><ele>18.01</ele></trkpt><trkpt lat="37.211352" lon="126.751734"><time>2026-05-17T06:25:35.001Z</time><ele>17.54</ele></trkpt><trkpt lat="37.211335" lon="126.751557"><time>2026-05-17T06:25:36.001Z</time><ele>17.11</ele></trkpt><trkpt lat="37.211318" lon="126.751375"><time>2026-05-17T06:25:37.001Z</time><ele>16.95</ele></trkpt><trkpt lat="37.211299" lon="126.751181"><time>2026-05-17T06:25:38.001Z</time><ele>16.7</ele></trkpt><trkpt lat="37.211284" lon="126.750988"><time>2026-05-17T06:25:39.001Z</time><ele>16.08</ele></trkpt><trkpt lat="37.211267" lon="126.750791"><time>2026-05-17T06:25:40.001Z</time><ele>15.91</ele></trkpt><trkpt lat="37.211253" lon="126.750593"><time>2026-05-17T06:25:41.001Z</time><ele>15.38</ele></trkpt><trkpt lat="37.21124" lon="126.750406"><time>2026-05-17T06:25:42.001Z</time><ele>15.01</ele></trkpt><trkpt lat="37.211231" lon="126.750226"><time>2026-05-17T06:25:43.001Z</time><ele>14.3</ele></trkpt><trkpt lat="37.21124" lon="126.750023"><time>2026-05-17T06:25:44.001Z</time><ele>14.16</ele></trkpt><trkpt lat="37.211237" lon="126.749813"><time>2026-05-17T06:25:45.002Z</time><ele>14.09</ele></trkpt><trkpt lat="37.211234" lon="126.749608"><time>2026-05-17T06:25:46.002Z</time><ele>14.29</ele></trkpt><trkpt lat="37.21123" lon="126.749411"><time>2026-05-17T06:25:47.002Z</time><ele>13.62</ele></trkpt><trkpt lat="37.211229" lon="126.749232"><time>2026-05-17T06:25:48.002Z</time><ele>13.75</ele></trkpt><trkpt lat="37.211227" lon="126.749049"><time>2026-05-17T06:25:49.002Z</time><ele>13.46</ele></trkpt><trkpt lat="37.21121" lon="126.74887"><time>2026-05-17T06:25:50.002Z</time><ele>13.07</ele></trkpt><trkpt lat="37.211216" lon="126.7487"><time>2026-05-17T06:25:51.002Z</time><ele>12.68</ele></trkpt><trkpt lat="37.21122" lon="126.748518"><time>2026-05-17T06:25:52.002Z</time><ele>12.44</ele></trkpt><trkpt lat="37.211226" lon="126.74833"><time>2026-05-17T06:25:53.002Z</time><ele>12.2</ele></trkpt><trkpt lat="37.211233" lon="126.74814"><time>2026-05-17T06:25:54.002Z</time><ele>11.94</ele></trkpt><trkpt lat="37.211239" lon="126.747941"><time>2026-05-17T06:25:55.002Z</time><ele>11.71</ele></trkpt><trkpt lat="37.211251" lon="126.74774"><time>2026-05-17T06:25:56.002Z</time><ele>11.38</ele></trkpt><trkpt lat="37.211266" lon="126.747556"><time>2026-05-17T06:25:57.002Z</time><ele>10.99</ele></trkpt><trkpt lat="37.211282" lon="126.747377"><time>2026-05-17T06:25:58.002Z</time><ele>10.93</ele></trkpt><trkpt lat="37.211297" lon="126.747196"><time>2026-05-17T06:25:59.002Z</time><ele>10.86</ele></trkpt><trkpt lat="37.211312" lon="126.746999"><time>2026-05-17T06:26:00.002Z</time><ele>10.26</ele></trkpt><trkpt lat="37.211334" lon="126.746805"><time>2026-05-17T06:26:01.002Z</time><ele>10.53</ele></trkpt><trkpt lat="37.211357" lon="126.746604"><time>2026-05-17T06:26:02.002Z</time><ele>10.68</ele></trkpt><trkpt lat="37.211375" lon="126.746402"><time>2026-05-17T06:26:03.000Z</time><ele>10.75</ele></trkpt><trkpt lat="37.2114" lon="126.746195"><time>2026-05-17T06:26:04.000Z</time><ele>10.91</ele></trkpt><trkpt lat="37.211415" lon="126.745989"><time>2026-05-17T06:26:05.000Z</time><ele>11.1</ele></trkpt><trkpt lat="37.211439" lon="126.745791"><time>2026-05-17T06:26:06.000Z</time><ele>10.92</ele></trkpt><trkpt lat="37.211458" lon="126.745591"><time>2026-05-17T06:26:07.000Z</time><ele>10.92</ele></trkpt><trkpt lat="37.211481" lon="126.745404"><time>2026-05-17T06:26:08.000Z</time><ele>10.93</ele></trkpt><trkpt lat="37.2115" lon="126.74522"><time>2026-05-17T06:26:09.000Z</time><ele>11.16</ele></trkpt><trkpt lat="37.211521" lon="126.745044"><time>2026-05-17T06:26:10.000Z</time><ele>11.2</ele></trkpt><trkpt lat="37.211534" lon="126.744853"><time>2026-05-17T06:26:11.000Z</time><ele>15.07</ele></trkpt><trkpt lat="37.211533" lon="126.744641"><time>2026-05-17T06:26:12.000Z</time><ele>13.57</ele></trkpt><trkpt lat="37.211549" lon="126.744465"><time>2026-05-17T06:26:13.000Z</time><ele>13.9</ele></trkpt><trkpt lat="37.211574" lon="126.744288"><time>2026-05-17T06:26:14.000Z</time><ele>13.51</ele></trkpt><trkpt lat="37.211599" lon="126.744107"><time>2026-05-17T06:26:15.000Z</time><ele>13.46</ele></trkpt><trkpt lat="37.211618" lon="126.743924"><time>2026-05-17T06:26:16.000Z</time><ele>13.04</ele></trkpt><trkpt lat="37.211637" lon="126.74375"><time>2026-05-17T06:26:17.000Z</time><ele>13.05</ele></trkpt><trkpt lat="37.211659" lon="126.743566"><time>2026-05-17T06:26:18.000Z</time><ele>12.86</ele></trkpt><trkpt lat="37.211681" lon="126.743373"><time>2026-05-17T06:26:19.000Z</time><ele>12.83</ele></trkpt><trkpt lat="37.211705" lon="126.743178"><time>2026-05-17T06:26:20.000Z</time><ele>12.79</ele></trkpt><trkpt lat="37.211726" lon="126.742983"><time>2026-05-17T06:26:21.000Z</time><ele>12.51</ele></trkpt><trkpt lat="37.21175" lon="126.742792"><time>2026-05-17T06:26:22.000Z</time><ele>12.54</ele></trkpt><trkpt lat="37.211773" lon="126.742602"><time>2026-05-17T06:26:23.000Z</time><ele>12.41</ele></trkpt><trkpt lat="37.2118" lon="126.742402"><time>2026-05-17T06:26:24.000Z</time><ele>12.53</ele></trkpt><trkpt lat="37.211823" lon="126.742198"><time>2026-05-17T06:26:25.000Z</time><ele>12.46</ele></trkpt><trkpt lat="37.211836" lon="126.74199"><time>2026-05-17T06:26:26.000Z</time><ele>12.48</ele></trkpt><trkpt lat="37.21186" lon="126.741786"><time>2026-05-17T06:26:27.000Z</time><ele>12.41</ele></trkpt><trkpt lat="37.211897" lon="126.741588"><time>2026-05-17T06:26:28.000Z</time><ele>12.37</ele></trkpt><trkpt lat="37.211911" lon="126.741388"><time>2026-05-17T06:26:29.000Z</time><ele>12.15</ele></trkpt><trkpt lat="37.211936" lon="126.741186"><time>2026-05-17T06:26:30.000Z</time><ele>12.03</ele></trkpt><trkpt lat="37.21196" lon="126.740981"><time>2026-05-17T06:26:31.000Z</time><ele>12.26</ele></trkpt><trkpt lat="37.211983" lon="126.740765"><time>2026-05-17T06:26:32.000Z</time><ele>11.94</ele></trkpt><trkpt lat="37.212006" lon="126.740555"><time>2026-05-17T06:26:33.000Z</time><ele>11.62</ele></trkpt><trkpt lat="37.212029" lon="126.740358"><time>2026-05-17T06:26:34.000Z</time><ele>11.41</ele></trkpt><trkpt lat="37.212053" lon="126.740162"><time>2026-05-17T06:26:35.000Z</time><ele>11.51</ele></trkpt><trkpt lat="37.21209" lon="126.739959"><time>2026-05-17T06:26:36.000Z</time><ele>11.43</ele></trkpt><trkpt lat="37.212133" lon="126.739754"><time>2026-05-17T06:26:37.000Z</time><ele>11.04</ele></trkpt><trkpt lat="37.212154" lon="126.739557"><time>2026-05-17T06:26:38.000Z</time><ele>10.9</ele></trkpt><trkpt lat="37.212174" lon="126.739373"><time>2026-05-17T06:26:39.000Z</time><ele>10.33</ele></trkpt><trkpt lat="37.212193" lon="126.739191"><time>2026-05-17T06:26:40.000Z</time><ele>9.97</ele></trkpt><trkpt lat="37.212215" lon="126.739009"><time>2026-05-17T06:26:41.000Z</time><ele>9.86</ele></trkpt><trkpt lat="37.212238" lon="126.738824"><time>2026-05-17T06:26:42.000Z</time><ele>9.58</ele></trkpt><trkpt lat="37.212261" lon="126.738643"><time>2026-05-17T06:26:43.000Z</time><ele>10.32</ele></trkpt><trkpt lat="37.21228" lon="126.738458"><time>2026-05-17T06:26:44.000Z</time><ele>10.58</ele></trkpt><trkpt lat="37.212303" lon="126.738274"><time>2026-05-17T06:26:45.000Z</time><ele>10.92</ele></trkpt><trkpt lat="37.212322" lon="126.738076"><time>2026-05-17T06:26:46.000Z</time><ele>10.88</ele></trkpt><trkpt lat="37.212336" lon="126.737895"><time>2026-05-17T06:26:47.000Z</time><ele>11.03</ele></trkpt><trkpt lat="37.212349" lon="126.737717"><time>2026-05-17T06:26:48.001Z</time><ele>11.04</ele></trkpt><trkpt lat="37.212361" lon="126.737555"><time>2026-05-17T06:26:49.001Z</time><ele>11.08</ele></trkpt><trkpt lat="37.212372" lon="126.737392"><time>2026-05-17T06:26:50.001Z</time><ele>11.21</ele></trkpt><trkpt lat="37.212383" lon="126.737219"><time>2026-05-17T06:26:51.001Z</time><ele>11.16</ele></trkpt><trkpt lat="37.212391" lon="126.737064"><time>2026-05-17T06:26:52.001Z</time><ele>10.85</ele></trkpt><trkpt lat="37.212394" lon="126.736916"><time>2026-05-17T06:26:53.001Z</time><ele>10.97</ele></trkpt><trkpt lat="37.21239" lon="126.736778"><time>2026-05-17T06:26:54.001Z</time><ele>10.93</ele></trkpt><trkpt lat="37.212389" lon="126.736638"><time>2026-05-17T06:26:55.001Z</time><ele>11.26</ele></trkpt><trkpt lat="37.212386" lon="126.736487"><time>2026-05-17T06:26:56.001Z</time><ele>10.56</ele></trkpt><trkpt lat="37.212365" lon="126.736314"><time>2026-05-17T06:26:57.001Z</time><ele>10.84</ele></trkpt><trkpt lat="37.212336" lon="126.736122"><time>2026-05-17T06:26:58.001Z</time><ele>10.78</ele></trkpt><trkpt lat="37.212315" lon="126.735911"><time>2026-05-17T06:26:59.001Z</time><ele>10.69</ele></trkpt><trkpt lat="37.21229" lon="126.735682"><time>2026-05-17T06:27:00.001Z</time><ele>11.13</ele></trkpt><trkpt lat="37.212253" lon="126.735425"><time>2026-05-17T06:27:01.001Z</time><ele>11.05</ele></trkpt><trkpt lat="37.212205" lon="126.735177"><time>2026-05-17T06:27:02.001Z</time><ele>11.1</ele></trkpt><trkpt lat="37.21215" lon="126.734934"><time>2026-05-17T06:27:03.001Z</time><ele>11.24</ele></trkpt><trkpt lat="37.212099" lon="126.734708"><time>2026-05-17T06:27:04.001Z</time><ele>11.16</ele></trkpt><trkpt lat="37.212039" lon="126.734509"><time>2026-05-17T06:27:05.001Z</time><ele>11.43</ele></trkpt><trkpt lat="37.211976" lon="126.734305"><time>2026-05-17T06:27:06.001Z</time><ele>11.77</ele></trkpt><trkpt lat="37.211912" lon="126.734117"><time>2026-05-17T06:27:07.001Z</time><ele>11.55</ele></trkpt><trkpt lat="37.211846" lon="126.733953"><time>2026-05-17T06:27:08.001Z</time><ele>11.87</ele></trkpt><trkpt lat="37.211781" lon="126.733802"><time>2026-05-17T06:27:09.001Z</time><ele>11.95</ele></trkpt><trkpt lat="37.211711" lon="126.733646"><time>2026-05-17T06:27:10.001Z</time><ele>12.55</ele></trkpt><trkpt lat="37.211629" lon="126.733464"><time>2026-05-17T06:27:11.001Z</time><ele>12.87</ele></trkpt><trkpt lat="37.21154" lon="126.733293"><time>2026-05-17T06:27:12.001Z</time><ele>13.76</ele></trkpt><trkpt lat="37.211455" lon="126.733147"><time>2026-05-17T06:27:13.001Z</time><ele>13.88</ele></trkpt><trkpt lat="37.211382" lon="126.733023"><time>2026-05-17T06:27:14.001Z</time><ele>14.15</ele></trkpt><trkpt lat="37.211312" lon="126.732913"><time>2026-05-17T06:27:15.001Z</time><ele>13.64</ele></trkpt><trkpt lat="37.211254" lon="126.732823"><time>2026-05-17T06:27:16.001Z</time><ele>13.67</ele></trkpt><trkpt lat="37.211207" lon="126.732756"><time>2026-05-17T06:27:17.001Z</time><ele>13.17</ele></trkpt><trkpt lat="37.211169" lon="126.732699"><time>2026-05-17T06:27:18.001Z</time><ele>12.63</ele></trkpt><trkpt lat="37.211133" lon="126.732652"><time>2026-05-17T06:27:19.001Z</time><ele>12.35</ele></trkpt><trkpt lat="37.211085" lon="126.732585"><time>2026-05-17T06:27:21.001Z</time><ele>12.05</ele></trkpt><trkpt lat="37.211052" lon="126.732535"><time>2026-05-17T06:27:24.001Z</time><ele>11.93</ele></trkpt><trkpt lat="37.21099" lon="126.732472"><time>2026-05-17T06:28:45.000Z</time><ele>12.3</ele></trkpt><trkpt lat="37.210945" lon="126.732416"><time>2026-05-17T06:28:46.000Z</time><ele>12.45</ele></trkpt><trkpt lat="37.210899" lon="126.732359"><time>2026-05-17T06:28:47.000Z</time><ele>12.7</ele></trkpt><trkpt lat="37.210834" lon="126.73228"><time>2026-05-17T06:28:48.000Z</time><ele>12.74</ele></trkpt><trkpt lat="37.210775" lon="126.732205"><time>2026-05-17T06:28:49.000Z</time><ele>12.97</ele></trkpt><trkpt lat="37.210704" lon="126.732114"><time>2026-05-17T06:28:50.000Z</time><ele>12.92</ele></trkpt><trkpt lat="37.210623" lon="126.732019"><time>2026-05-17T06:28:51.000Z</time><ele>12.85</ele></trkpt><trkpt lat="37.210545" lon="126.731933"><time>2026-05-17T06:28:52.000Z</time><ele>12.57</ele></trkpt><trkpt lat="37.210465" lon="126.731845"><time>2026-05-17T06:28:53.001Z</time><ele>12.63</ele></trkpt><trkpt lat="37.210384" lon="126.731754"><time>2026-05-17T06:28:54.001Z</time><ele>12.89</ele></trkpt><trkpt lat="37.210303" lon="126.731655"><time>2026-05-17T06:28:55.001Z</time><ele>13.09</ele></trkpt><trkpt lat="37.210211" lon="126.731557"><time>2026-05-17T06:28:56.001Z</time><ele>13.16</ele></trkpt><trkpt lat="37.21011" lon="126.731453"><time>2026-05-17T06:28:57.001Z</time><ele>12.98</ele></trkpt><trkpt lat="37.210014" lon="126.731349"><time>2026-05-17T06:28:58.001Z</time><ele>13.17</ele></trkpt><trkpt lat="37.209921" lon="126.731251"><time>2026-05-17T06:28:59.001Z</time><ele>13.28</ele></trkpt><trkpt lat="37.209825" lon="126.73115"><time>2026-05-17T06:29:00.001Z</time><ele>13.65</ele></trkpt><trkpt lat="37.209728" lon="126.73105"><time>2026-05-17T06:29:01.001Z</time><ele>13.65</ele></trkpt><trkpt lat="37.20963" lon="126.730947"><time>2026-05-17T06:29:02.001Z</time><ele>13.68</ele></trkpt><trkpt lat="37.20953" lon="126.730842"><time>2026-05-17T06:29:03.001Z</time><ele>13.77</ele></trkpt><trkpt lat="37.20943" lon="126.730734"><time>2026-05-17T06:29:04.001Z</time><ele>13.69</ele></trkpt><trkpt lat="37.209325" lon="126.730619"><time>2026-05-17T06:29:05.001Z</time><ele>14.21</ele></trkpt><trkpt lat="37.20922" lon="126.730502"><time>2026-05-17T06:29:06.001Z</time><ele>14.17</ele></trkpt><trkpt lat="37.209118" lon="126.730387"><time>2026-05-17T06:29:07.001Z</time><ele>14.18</ele></trkpt><trkpt lat="37.209019" lon="126.730283"><time>2026-05-17T06:29:08.001Z</time><ele>14.51</ele></trkpt><trkpt lat="37.208918" lon="126.730174"><time>2026-05-17T06:29:09.001Z</time><ele>14.71</ele></trkpt><trkpt lat="37.208813" lon="126.730061"><time>2026-05-17T06:29:10.001Z</time><ele>14.79</ele></trkpt><trkpt lat="37.208708" lon="126.729946"><time>2026-05-17T06:29:11.001Z</time><ele>15.07</ele></trkpt><trkpt lat="37.208597" lon="126.729829"><time>2026-05-17T06:29:12.001Z</time><ele>15.42</ele></trkpt><trkpt lat="37.208487" lon="126.729709"><time>2026-05-17T06:29:13.001Z</time><ele>15.34</ele></trkpt><trkpt lat="37.208372" lon="126.729584"><time>2026-05-17T06:29:14.001Z</time><ele>15.69</ele></trkpt><trkpt lat="37.208252" lon="126.729459"><time>2026-05-17T06:29:15.001Z</time><ele>15.66</ele></trkpt><trkpt lat="37.208136" lon="126.72933"><time>2026-05-17T06:29:16.001Z</time><ele>16.11</ele></trkpt><trkpt lat="37.208018" lon="126.729202"><time>2026-05-17T06:29:17.001Z</time><ele>16.11</ele></trkpt><trkpt lat="37.207904" lon="126.729081"><time>2026-05-17T06:29:18.001Z</time><ele>15.91</ele></trkpt><trkpt lat="37.207794" lon="126.728965"><time>2026-05-17T06:29:19.001Z</time><ele>16.22</ele></trkpt><trkpt lat="37.207683" lon="126.728845"><time>2026-05-17T06:29:20.001Z</time><ele>16.21</ele></trkpt><trkpt lat="37.20756" lon="126.728721"><time>2026-05-17T06:29:21.001Z</time><ele>16.61</ele></trkpt><trkpt lat="37.20744" lon="126.728585"><time>2026-05-17T06:29:22.001Z</time><ele>16.76</ele></trkpt><trkpt lat="37.207323" lon="126.728456"><time>2026-05-17T06:29:23.001Z</time><ele>16.71</ele></trkpt><trkpt lat="37.207209" lon="126.728334"><time>2026-05-17T06:29:24.001Z</time><ele>17.08</ele></trkpt><trkpt lat="37.207095" lon="126.728213"><time>2026-05-17T06:29:25.001Z</time><ele>17.47</ele></trkpt><trkpt lat="37.206976" lon="126.728097"><time>2026-05-17T06:29:26.001Z</time><ele>17.66</ele></trkpt><trkpt lat="37.206854" lon="126.727978"><time>2026-05-17T06:29:27.001Z</time><ele>17.82</ele></trkpt><trkpt lat="37.206728" lon="126.72786"><time>2026-05-17T06:29:28.001Z</time><ele>18.17</ele></trkpt><trkpt lat="37.206598" lon="126.727737"><time>2026-05-17T06:29:29.001Z</time><ele>18.64</ele></trkpt><trkpt lat="37.206464" lon="126.727608"><time>2026-05-17T06:29:30.001Z</time><ele>19.18</ele></trkpt><trkpt lat="37.206334" lon="126.727489"><time>2026-05-17T06:29:31.001Z</time><ele>19.65</ele></trkpt><trkpt lat="37.2062" lon="126.727371"><time>2026-05-17T06:29:32.001Z</time><ele>20</ele></trkpt><trkpt lat="37.206063" lon="126.727251"><time>2026-05-17T06:29:33.001Z</time><ele>20.2</ele></trkpt><trkpt lat="37.205917" lon="126.727124"><time>2026-05-17T06:29:34.001Z</time><ele>20.5</ele></trkpt><trkpt lat="37.20577" lon="126.727"><time>2026-05-17T06:29:35.001Z</time><ele>21.26</ele></trkpt><trkpt lat="37.205626" lon="126.72689"><time>2026-05-17T06:29:36.001Z</time><ele>21.6</ele></trkpt><trkpt lat="37.205484" lon="126.726786"><time>2026-05-17T06:29:37.001Z</time><ele>21.87</ele></trkpt><trkpt lat="37.205343" lon="126.72668"><time>2026-05-17T06:29:38.001Z</time><ele>22.52</ele></trkpt><trkpt lat="37.2052" lon="126.72658"><time>2026-05-17T06:29:39.001Z</time><ele>22.7</ele></trkpt><trkpt lat="37.205055" lon="126.726475"><time>2026-05-17T06:29:40.001Z</time><ele>23.31</ele></trkpt><trkpt lat="37.204911" lon="126.726374"><time>2026-05-17T06:29:41.001Z</time><ele>23.68</ele></trkpt><trkpt lat="37.204768" lon="126.726272"><time>2026-05-17T06:29:42.001Z</time><ele>24.2</ele></trkpt><trkpt lat="37.204631" lon="126.726167"><time>2026-05-17T06:29:43.001Z</time><ele>24.94</ele></trkpt><trkpt lat="37.204493" lon="126.726062"><time>2026-05-17T06:29:44.001Z</time><ele>25.37</ele></trkpt><trkpt lat="37.204354" lon="126.725962"><time>2026-05-17T06:29:45.001Z</time><ele>26.1</ele></trkpt><trkpt lat="37.204218" lon="126.725857"><time>2026-05-17T06:29:46.001Z</time><ele>26.54</ele></trkpt><trkpt lat="37.204078" lon="126.725752"><time>2026-05-17T06:29:47.001Z</time><ele>26.76</ele></trkpt><trkpt lat="37.203939" lon="126.725645"><time>2026-05-17T06:29:48.001Z</time><ele>27.57</ele></trkpt><trkpt lat="37.203797" lon="126.725541"><time>2026-05-17T06:29:49.001Z</time><ele>28.41</ele></trkpt><trkpt lat="37.203653" lon="126.725432"><time>2026-05-17T06:29:50.001Z</time><ele>28.81</ele></trkpt><trkpt lat="37.203504" lon="126.725319"><time>2026-05-17T06:29:51.001Z</time><ele>29.37</ele></trkpt><trkpt lat="37.20335" lon="126.725206"><time>2026-05-17T06:29:52.001Z</time><ele>30.17</ele></trkpt><trkpt lat="37.203205" lon="126.725091"><time>2026-05-17T06:29:53.001Z</time><ele>30.63</ele></trkpt><trkpt lat="37.203067" lon="126.724986"><time>2026-05-17T06:29:54.001Z</time><ele>31.29</ele></trkpt><trkpt lat="37.202924" lon="126.724873"><time>2026-05-17T06:29:55.001Z</time><ele>31.82</ele></trkpt><trkpt lat="37.202786" lon="126.724769"><time>2026-05-17T06:29:56.001Z</time><ele>32.24</ele></trkpt><trkpt lat="37.202648" lon="126.724665"><time>2026-05-17T06:29:57.001Z</time><ele>32.53</ele></trkpt><trkpt lat="37.20251" lon="126.724565"><time>2026-05-17T06:29:58.001Z</time><ele>32.73</ele></trkpt><trkpt lat="37.202376" lon="126.724463"><time>2026-05-17T06:29:59.001Z</time><ele>32.72</ele></trkpt><trkpt lat="37.202251" lon="126.724377"><time>2026-05-17T06:30:00.002Z</time><ele>32.91</ele></trkpt><trkpt lat="37.202122" lon="126.724285"><time>2026-05-17T06:30:01.002Z</time><ele>32.05</ele></trkpt><trkpt lat="37.202" lon="126.7242"><time>2026-05-17T06:30:02.002Z</time><ele>31.82</ele></trkpt><trkpt lat="37.20188" lon="126.724112"><time>2026-05-17T06:30:03.002Z</time><ele>31.95</ele></trkpt><trkpt lat="37.20176" lon="126.724023"><time>2026-05-17T06:30:04.002Z</time><ele>31.74</ele></trkpt><trkpt lat="37.201643" lon="126.723937"><time>2026-05-17T06:30:05.002Z</time><ele>31.45</ele></trkpt><trkpt lat="37.201535" lon="126.723862"><time>2026-05-17T06:30:06.002Z</time><ele>31.25</ele></trkpt><trkpt lat="37.201425" lon="126.723777"><time>2026-05-17T06:30:07.002Z</time><ele>31.37</ele></trkpt><trkpt lat="37.201307" lon="126.723692"><time>2026-05-17T06:30:08.002Z</time><ele>31.1</ele></trkpt><trkpt lat="37.201189" lon="126.723607"><time>2026-05-17T06:30:09.002Z</time><ele>30.96</ele></trkpt><trkpt lat="37.201065" lon="126.723525"><time>2026-05-17T06:30:10.002Z</time><ele>31.02</ele></trkpt><trkpt lat="37.200945" lon="126.72345"><time>2026-05-17T06:30:11.002Z</time><ele>31.14</ele></trkpt><trkpt lat="37.200831" lon="126.723377"><time>2026-05-17T06:30:12.002Z</time><ele>31.17</ele></trkpt><trkpt lat="37.20072" lon="126.723307"><time>2026-05-17T06:30:13.002Z</time><ele>31.08</ele></trkpt><trkpt lat="37.20061" lon="126.723243"><time>2026-05-17T06:30:14.002Z</time><ele>31.03</ele></trkpt><trkpt lat="37.200499" lon="126.723181"><time>2026-05-17T06:30:15.000Z</time><ele>31.33</ele></trkpt><trkpt lat="37.20039" lon="126.723114"><time>2026-05-17T06:30:16.000Z</time><ele>31.58</ele></trkpt><trkpt lat="37.200287" lon="126.723055"><time>2026-05-17T06:30:17.000Z</time><ele>31.57</ele></trkpt><trkpt lat="37.200192" lon="126.723004"><time>2026-05-17T06:30:18.000Z</time><ele>31.73</ele></trkpt><trkpt lat="37.200102" lon="126.722953"><time>2026-05-17T06:30:19.000Z</time><ele>31.45</ele></trkpt><trkpt lat="37.200012" lon="126.722903"><time>2026-05-17T06:30:20.000Z</time><ele>31.81</ele></trkpt><trkpt lat="37.199928" lon="126.722855"><time>2026-05-17T06:30:21.000Z</time><ele>32</ele></trkpt><trkpt lat="37.19985" lon="126.722814"><time>2026-05-17T06:30:22.000Z</time><ele>31.9</ele></trkpt><trkpt lat="37.199779" lon="126.722773"><time>2026-05-17T06:30:23.000Z</time><ele>32.04</ele></trkpt><trkpt lat="37.199713" lon="126.722735"><time>2026-05-17T06:30:24.000Z</time><ele>32.35</ele></trkpt><trkpt lat="37.199654" lon="126.722698"><time>2026-05-17T06:30:25.000Z</time><ele>32.41</ele></trkpt><trkpt lat="37.199601" lon="126.722673"><time>2026-05-17T06:30:26.000Z</time><ele>32.57</ele></trkpt><trkpt lat="37.199556" lon="126.722648"><time>2026-05-17T06:30:27.000Z</time><ele>32.66</ele></trkpt><trkpt lat="37.199513" lon="126.722623"><time>2026-05-17T06:30:28.000Z</time><ele>32.79</ele></trkpt><trkpt lat="37.199464" lon="126.722593"><time>2026-05-17T06:30:30.000Z</time><ele>33.34</ele></trkpt><trkpt lat="37.199398" lon="126.722544"><time>2026-05-17T06:31:19.001Z</time><ele>34.07</ele></trkpt><trkpt lat="37.19931" lon="126.722497"><time>2026-05-17T06:31:21.001Z</time><ele>34.44</ele></trkpt><trkpt lat="37.199249" lon="126.722455"><time>2026-05-17T06:31:22.001Z</time><ele>34.68</ele></trkpt><trkpt lat="37.199192" lon="126.722422"><time>2026-05-17T06:31:23.001Z</time><ele>34.62</ele></trkpt><trkpt lat="37.199124" lon="126.722381"><time>2026-05-17T06:31:24.001Z</time><ele>35.04</ele></trkpt><trkpt lat="37.199057" lon="126.722337"><time>2026-05-17T06:31:25.001Z</time><ele>35.09</ele></trkpt><trkpt lat="37.198993" lon="126.722297"><time>2026-05-17T06:31:26.001Z</time><ele>35.26</ele></trkpt><trkpt lat="37.198927" lon="126.722251"><time>2026-05-17T06:31:27.001Z</time><ele>35.32</ele></trkpt><trkpt lat="37.198855" lon="126.722199"><time>2026-05-17T06:31:28.001Z</time><ele>35.6</ele></trkpt><trkpt lat="37.198773" lon="126.722139"><time>2026-05-17T06:31:29.001Z</time><ele>36.16</ele></trkpt><trkpt lat="37.198682" lon="126.722076"><time>2026-05-17T06:31:30.001Z</time><ele>36.62</ele></trkpt><trkpt lat="37.198586" lon="126.72201"><time>2026-05-17T06:31:31.001Z</time><ele>36.77</ele></trkpt><trkpt lat="37.198489" lon="126.721945"><time>2026-05-17T06:31:32.001Z</time><ele>37.07</ele></trkpt><trkpt lat="37.198396" lon="126.721882"><time>2026-05-17T06:31:33.001Z</time><ele>37.36</ele></trkpt><trkpt lat="37.198303" lon="126.721808"><time>2026-05-17T06:31:34.001Z</time><ele>37.6</ele></trkpt><trkpt lat="37.198207" lon="126.721733"><time>2026-05-17T06:31:35.001Z</time><ele>38.26</ele></trkpt><trkpt lat="37.198111" lon="126.721653"><time>2026-05-17T06:31:36.001Z</time><ele>38.54</ele></trkpt><trkpt lat="37.197699" lon="126.721292"><time>2026-05-17T06:31:40.001Z</time><ele>40.97</ele></trkpt><trkpt lat="37.197587" lon="126.721191"><time>2026-05-17T06:31:41.001Z</time><ele>41.12</ele></trkpt><trkpt lat="37.197476" lon="126.721082"><time>2026-05-17T06:31:42.001Z</time><ele>41.87</ele></trkpt><trkpt lat="37.197364" lon="126.72097"><time>2026-05-17T06:31:43.001Z</time><ele>42.46</ele></trkpt><trkpt lat="37.197258" lon="126.720862"><time>2026-05-17T06:31:44.001Z</time><ele>43.02</ele></trkpt><trkpt lat="37.197154" lon="126.720762"><time>2026-05-17T06:31:45.001Z</time><ele>43.44</ele></trkpt><trkpt lat="37.197052" lon="126.720663"><time>2026-05-17T06:31:46.001Z</time><ele>43.61</ele></trkpt><trkpt lat="37.196955" lon="126.720571"><time>2026-05-17T06:31:47.001Z</time><ele>44.26</ele></trkpt><trkpt lat="37.196865" lon="126.720489"><time>2026-05-17T06:31:48.001Z</time><ele>44.07</ele></trkpt><trkpt lat="37.196778" lon="126.720397"><time>2026-05-17T06:31:49.001Z</time><ele>44.23</ele></trkpt><trkpt lat="37.196688" lon="126.720313"><time>2026-05-17T06:31:50.001Z</time><ele>45.14</ele></trkpt><trkpt lat="37.196586" lon="126.72022"><time>2026-05-17T06:31:51.001Z</time><ele>45.89</ele></trkpt><trkpt lat="37.196474" lon="126.720135"><time>2026-05-17T06:31:52.001Z</time><ele>46.27</ele></trkpt><trkpt lat="37.196356" lon="126.720031"><time>2026-05-17T06:31:53.001Z</time><ele>46.99</ele></trkpt><trkpt lat="37.196229" lon="126.719923"><time>2026-05-17T06:31:54.001Z</time><ele>47.48</ele></trkpt><trkpt lat="37.196094" lon="126.71981"><time>2026-05-17T06:31:55.001Z</time><ele>48.45</ele></trkpt><trkpt lat="37.195951" lon="126.719697"><time>2026-05-17T06:31:56.001Z</time><ele>48.99</ele></trkpt><trkpt lat="37.195799" lon="126.71958"><time>2026-05-17T06:31:57.001Z</time><ele>49.5</ele></trkpt><trkpt lat="37.195646" lon="126.719464"><time>2026-05-17T06:31:58.001Z</time><ele>50.42</ele></trkpt><trkpt lat="37.195498" lon="126.719356"><time>2026-05-17T06:31:59.001Z</time><ele>50.54</ele></trkpt><trkpt lat="37.195357" lon="126.71925"><time>2026-05-17T06:32:00.001Z</time><ele>51.37</ele></trkpt><trkpt lat="37.195225" lon="126.719156"><time>2026-05-17T06:32:01.001Z</time><ele>51.94</ele></trkpt><trkpt lat="37.19509" lon="126.719066"><time>2026-05-17T06:32:02.001Z</time><ele>52.54</ele></trkpt><trkpt lat="37.194958" lon="126.718979"><time>2026-05-17T06:32:03.001Z</time><ele>53.07</ele></trkpt><trkpt lat="37.194824" lon="126.718891"><time>2026-05-17T06:32:04.001Z</time><ele>53.86</ele></trkpt><trkpt lat="37.194682" lon="126.7188"><time>2026-05-17T06:32:05.001Z</time><ele>54.12</ele></trkpt><trkpt lat="37.194537" lon="126.718706"><time>2026-05-17T06:32:06.001Z</time><ele>55.13</ele></trkpt><trkpt lat="37.19439" lon="126.718611"><time>2026-05-17T06:32:07.002Z</time><ele>55.79</ele></trkpt><trkpt lat="37.194245" lon="126.718516"><time>2026-05-17T06:32:08.002Z</time><ele>55.98</ele></trkpt><trkpt lat="37.194101" lon="126.718424"><time>2026-05-17T06:32:09.002Z</time><ele>56.28</ele></trkpt><trkpt lat="37.193961" lon="126.718333"><time>2026-05-17T06:32:10.002Z</time><ele>56.48</ele></trkpt><trkpt lat="37.193828" lon="126.718257"><time>2026-05-17T06:32:11.002Z</time><ele>55.7</ele></trkpt><trkpt lat="37.193706" lon="126.718177"><time>2026-05-17T06:32:12.002Z</time><ele>54.21</ele></trkpt><trkpt lat="37.193571" lon="126.7181"><time>2026-05-17T06:32:13.002Z</time><ele>55.53</ele></trkpt><trkpt lat="37.193443" lon="126.718008"><time>2026-05-17T06:32:14.002Z</time><ele>55.01</ele></trkpt><trkpt lat="37.193314" lon="126.717924"><time>2026-05-17T06:32:15.002Z</time><ele>55.14</ele></trkpt><trkpt lat="37.193179" lon="126.717839"><time>2026-05-17T06:32:16.002Z</time><ele>53.88</ele></trkpt><trkpt lat="37.193047" lon="126.717752"><time>2026-05-17T06:32:17.002Z</time><ele>54.1</ele></trkpt><trkpt lat="37.192921" lon="126.717661"><time>2026-05-17T06:32:18.002Z</time><ele>53.88</ele></trkpt><trkpt lat="37.192787" lon="126.717566"><time>2026-05-17T06:32:19.002Z</time><ele>52.87</ele></trkpt><trkpt lat="37.192648" lon="126.717473"><time>2026-05-17T06:32:20.002Z</time><ele>52.3</ele></trkpt><trkpt lat="37.192511" lon="126.717371"><time>2026-05-17T06:32:21.000Z</time><ele>51.2</ele></trkpt><trkpt lat="37.192374" lon="126.717273"><time>2026-05-17T06:32:22.000Z</time><ele>50.37</ele></trkpt><trkpt lat="37.192249" lon="126.717177"><time>2026-05-17T06:32:23.000Z</time><ele>49.75</ele></trkpt><trkpt lat="37.192123" lon="126.717078"><time>2026-05-17T06:32:24.000Z</time><ele>49.32</ele></trkpt><trkpt lat="37.191995" lon="126.716982"><time>2026-05-17T06:32:25.000Z</time><ele>47.89</ele></trkpt><trkpt lat="37.191868" lon="126.716879"><time>2026-05-17T06:32:26.000Z</time><ele>46.44</ele></trkpt><trkpt lat="37.191745" lon="126.716787"><time>2026-05-17T06:32:27.000Z</time><ele>45.78</ele></trkpt><trkpt lat="37.191613" lon="126.716689"><time>2026-05-17T06:32:28.000Z</time><ele>44.76</ele></trkpt><trkpt lat="37.191486" lon="126.716594"><time>2026-05-17T06:32:29.000Z</time><ele>43.77</ele></trkpt><trkpt lat="37.191351" lon="126.716488"><time>2026-05-17T06:32:30.000Z</time><ele>43.28</ele></trkpt><trkpt lat="37.191213" lon="126.716389"><time>2026-05-17T06:32:31.000Z</time><ele>42.89</ele></trkpt><trkpt lat="37.191075" lon="126.716275"><time>2026-05-17T06:32:32.000Z</time><ele>42.21</ele></trkpt><trkpt lat="37.190925" lon="126.716179"><time>2026-05-17T06:32:33.000Z</time><ele>41.33</ele></trkpt><trkpt lat="37.190775" lon="126.716053"><time>2026-05-17T06:32:34.000Z</time><ele>40.09</ele></trkpt><trkpt lat="37.19062" lon="126.715949"><time>2026-05-17T06:32:35.000Z</time><ele>39.21</ele></trkpt><trkpt lat="37.190482" lon="126.715839"><time>2026-05-17T06:32:36.000Z</time><ele>38.39</ele></trkpt><trkpt lat="37.190345" lon="126.715747"><time>2026-05-17T06:32:37.000Z</time><ele>37.6</ele></trkpt><trkpt lat="37.190216" lon="126.715632"><time>2026-05-17T06:32:38.000Z</time><ele>37.35</ele></trkpt><trkpt lat="37.190088" lon="126.715544"><time>2026-05-17T06:32:39.000Z</time><ele>35.89</ele></trkpt><trkpt lat="37.189958" lon="126.71544"><time>2026-05-17T06:32:40.000Z</time><ele>35.53</ele></trkpt><trkpt lat="37.18981" lon="126.715337"><time>2026-05-17T06:32:41.000Z</time><ele>35.28</ele></trkpt><trkpt lat="37.189651" lon="126.715241"><time>2026-05-17T06:32:42.000Z</time><ele>33.32</ele></trkpt><trkpt lat="37.189488" lon="126.71514"><time>2026-05-17T06:32:43.000Z</time><ele>33.18</ele></trkpt><trkpt lat="37.18932" lon="126.715043"><time>2026-05-17T06:32:44.000Z</time><ele>32.81</ele></trkpt><trkpt lat="37.189152" lon="126.714951"><time>2026-05-17T06:32:45.000Z</time><ele>32.41</ele></trkpt><trkpt lat="37.188988" lon="126.714865"><time>2026-05-17T06:32:46.000Z</time><ele>32.3</ele></trkpt><trkpt lat="37.188826" lon="126.714786"><time>2026-05-17T06:32:47.000Z</time><ele>32.17</ele></trkpt><trkpt lat="37.188663" lon="126.714714"><time>2026-05-17T06:32:48.000Z</time><ele>32.33</ele></trkpt><trkpt lat="37.188499" lon="126.714659"><time>2026-05-17T06:32:49.000Z</time><ele>31.01</ele></trkpt><trkpt lat="37.188344" lon="126.714599"><time>2026-05-17T06:32:50.000Z</time><ele>29.94</ele></trkpt><trkpt lat="37.188179" lon="126.714519"><time>2026-05-17T06:32:51.000Z</time><ele>29.46</ele></trkpt><trkpt lat="37.188016" lon="126.714429"><time>2026-05-17T06:32:52.000Z</time><ele>29.33</ele></trkpt><trkpt lat="37.187856" lon="126.714333"><time>2026-05-17T06:32:53.000Z</time><ele>29.1</ele></trkpt><trkpt lat="37.187697" lon="126.714231"><time>2026-05-17T06:32:54.000Z</time><ele>28.77</ele></trkpt><trkpt lat="37.187538" lon="126.714127"><time>2026-05-17T06:32:55.000Z</time><ele>28.61</ele></trkpt><trkpt lat="37.187385" lon="126.714013"><time>2026-05-17T06:32:56.000Z</time><ele>27.92</ele></trkpt><trkpt lat="37.187236" lon="126.7139"><time>2026-05-17T06:32:57.000Z</time><ele>27.4</ele></trkpt><trkpt lat="37.187096" lon="126.713786"><time>2026-05-17T06:32:58.000Z</time><ele>26.75</ele></trkpt><trkpt lat="37.186963" lon="126.713669"><time>2026-05-17T06:32:59.000Z</time><ele>25.99</ele></trkpt><trkpt lat="37.186833" lon="126.713543"><time>2026-05-17T06:33:00.000Z</time><ele>25.68</ele></trkpt><trkpt lat="37.186694" lon="126.713417"><time>2026-05-17T06:33:01.000Z</time><ele>24.51</ele></trkpt><trkpt lat="37.186547" lon="126.713297"><time>2026-05-17T06:33:02.000Z</time><ele>23.85</ele></trkpt><trkpt lat="37.1864" lon="126.713174"><time>2026-05-17T06:33:03.000Z</time><ele>23.18</ele></trkpt><trkpt lat="37.186247" lon="126.713056"><time>2026-05-17T06:33:04.001Z</time><ele>22.44</ele></trkpt><trkpt lat="37.186089" lon="126.712944"><time>2026-05-17T06:33:05.001Z</time><ele>22.17</ele></trkpt><trkpt lat="37.185936" lon="126.712834"><time>2026-05-17T06:33:06.001Z</time><ele>22.08</ele></trkpt><trkpt lat="37.185787" lon="126.712738"><time>2026-05-17T06:33:07.001Z</time><ele>22.05</ele></trkpt><trkpt lat="37.185644" lon="126.712649"><time>2026-05-17T06:33:08.001Z</time><ele>22.27</ele></trkpt><trkpt lat="37.185507" lon="126.712562"><time>2026-05-17T06:33:09.001Z</time><ele>22.39</ele></trkpt><trkpt lat="37.185363" lon="126.71249"><time>2026-05-17T06:33:10.001Z</time><ele>22.23</ele></trkpt><trkpt lat="37.185213" lon="126.712421"><time>2026-05-17T06:33:11.001Z</time><ele>22.37</ele></trkpt><trkpt lat="37.185062" lon="126.712345"><time>2026-05-17T06:33:12.001Z</time><ele>22.51</ele></trkpt><trkpt lat="37.184906" lon="126.712272"><time>2026-05-17T06:33:13.001Z</time><ele>22.3</ele></trkpt><trkpt lat="37.184758" lon="126.7122"><time>2026-05-17T06:33:14.001Z</time><ele>22.33</ele></trkpt><trkpt lat="37.184617" lon="126.712136"><time>2026-05-17T06:33:15.001Z</time><ele>21.87</ele></trkpt><trkpt lat="37.184472" lon="126.712068"><time>2026-05-17T06:33:16.001Z</time><ele>21.16</ele></trkpt><trkpt lat="37.184337" lon="126.712002"><time>2026-05-17T06:33:17.001Z</time><ele>20.8</ele></trkpt><trkpt lat="37.184197" lon="126.711934"><time>2026-05-17T06:33:18.001Z</time><ele>20.64</ele></trkpt><trkpt lat="37.184059" lon="126.711868"><time>2026-05-17T06:33:19.001Z</time><ele>20.2</ele></trkpt><trkpt lat="37.18392" lon="126.711803"><time>2026-05-17T06:33:20.001Z</time><ele>19.9</ele></trkpt><trkpt lat="37.183774" lon="126.711737"><time>2026-05-17T06:33:21.001Z</time><ele>19.18</ele></trkpt><trkpt lat="37.18364" lon="126.711676"><time>2026-05-17T06:33:22.001Z</time><ele>19.13</ele></trkpt><trkpt lat="37.183514" lon="126.711613"><time>2026-05-17T06:33:23.001Z</time><ele>18.81</ele></trkpt><trkpt lat="37.183392" lon="126.71155"><time>2026-05-17T06:33:24.001Z</time><ele>18.49</ele></trkpt><trkpt lat="37.183268" lon="126.711486"><time>2026-05-17T06:33:25.001Z</time><ele>18.63</ele></trkpt><trkpt lat="37.183155" lon="126.711434"><time>2026-05-17T06:33:26.001Z</time><ele>17.86</ele></trkpt><trkpt lat="37.183068" lon="126.711389"><time>2026-05-17T06:33:27.001Z</time><ele>18.09</ele></trkpt><trkpt lat="37.182988" lon="126.711354"><time>2026-05-17T06:33:28.001Z</time><ele>18.09</ele></trkpt><trkpt lat="37.182908" lon="126.711315"><time>2026-05-17T06:33:29.001Z</time><ele>18.21</ele></trkpt><trkpt lat="37.182826" lon="126.711279"><time>2026-05-17T06:33:30.001Z</time><ele>17.59</ele></trkpt><trkpt lat="37.182731" lon="126.711236"><time>2026-05-17T06:33:31.001Z</time><ele>17.7</ele></trkpt><trkpt lat="37.182633" lon="126.711183"><time>2026-05-17T06:33:32.001Z</time><ele>17.73</ele></trkpt><trkpt lat="37.182525" lon="126.711129"><time>2026-05-17T06:33:33.001Z</time><ele>17.55</ele></trkpt><trkpt lat="37.182409" lon="126.711071"><time>2026-05-17T06:33:34.001Z</time><ele>17.49</ele></trkpt><trkpt lat="37.18229" lon="126.711016"><time>2026-05-17T06:33:35.001Z</time><ele>17.25</ele></trkpt><trkpt lat="37.182167" lon="126.710958"><time>2026-05-17T06:33:36.001Z</time><ele>17.74</ele></trkpt><trkpt lat="37.182044" lon="126.710904"><time>2026-05-17T06:33:37.001Z</time><ele>17.14</ele></trkpt><trkpt lat="37.181918" lon="126.710842"><time>2026-05-17T06:33:38.001Z</time><ele>17.44</ele></trkpt><trkpt lat="37.181792" lon="126.710781"><time>2026-05-17T06:33:39.001Z</time><ele>17.33</ele></trkpt><trkpt lat="37.181668" lon="126.710718"><time>2026-05-17T06:33:40.001Z</time><ele>17.2</ele></trkpt><trkpt lat="37.181547" lon="126.710654"><time>2026-05-17T06:33:41.001Z</time><ele>17.03</ele></trkpt><trkpt lat="37.18143" lon="126.710599"><time>2026-05-17T06:33:42.001Z</time><ele>16.2</ele></trkpt><trkpt lat="37.181303" lon="126.710533"><time>2026-05-17T06:33:43.001Z</time><ele>16.56</ele></trkpt><trkpt lat="37.181173" lon="126.71046"><time>2026-05-17T06:33:44.001Z</time><ele>16.39</ele></trkpt><trkpt lat="37.181047" lon="126.710379"><time>2026-05-17T06:33:45.001Z</time><ele>16.08</ele></trkpt><trkpt lat="37.18093" lon="126.710281"><time>2026-05-17T06:33:46.001Z</time><ele>16.03</ele></trkpt><trkpt lat="37.180825" lon="126.710164"><time>2026-05-17T06:33:47.001Z</time><ele>16.07</ele></trkpt><trkpt lat="37.180725" lon="126.710039"><time>2026-05-17T06:33:48.001Z</time><ele>15.95</ele></trkpt><trkpt lat="37.180629" lon="126.709909"><time>2026-05-17T06:33:49.001Z</time><ele>15.76</ele></trkpt><trkpt lat="37.180545" lon="126.709768"><time>2026-05-17T06:33:50.001Z</time><ele>15.14</ele></trkpt><trkpt lat="37.18048" lon="126.709605"><time>2026-05-17T06:33:51.001Z</time><ele>15.31</ele></trkpt><trkpt lat="37.180409" lon="126.709445"><time>2026-05-17T06:33:52.001Z</time><ele>14.95</ele></trkpt><trkpt lat="37.180327" lon="126.709272"><time>2026-05-17T06:33:53.001Z</time><ele>15.17</ele></trkpt><trkpt lat="37.180249" lon="126.709115"><time>2026-05-17T06:33:54.001Z</time><ele>15.22</ele></trkpt><trkpt lat="37.180171" lon="126.708952"><time>2026-05-17T06:33:55.001Z</time><ele>15.27</ele></trkpt><trkpt lat="37.180082" lon="126.7088"><time>2026-05-17T06:33:56.001Z</time><ele>14.67</ele></trkpt><trkpt lat="37.179982" lon="126.708651"><time>2026-05-17T06:33:57.001Z</time><ele>14.21</ele></trkpt><trkpt lat="37.179865" lon="126.708517"><time>2026-05-17T06:33:58.001Z</time><ele>14.75</ele></trkpt><trkpt lat="37.179742" lon="126.708389"><time>2026-05-17T06:33:59.001Z</time><ele>14.87</ele></trkpt><trkpt lat="37.179612" lon="126.708268"><time>2026-05-17T06:34:00.001Z</time><ele>14.17</ele></trkpt><trkpt lat="37.179482" lon="126.708173"><time>2026-05-17T06:34:01.001Z</time><ele>14.07</ele></trkpt><trkpt lat="37.17935" lon="126.708083"><time>2026-05-17T06:34:02.001Z</time><ele>13.9</ele></trkpt><trkpt lat="37.179213" lon="126.707993"><time>2026-05-17T06:34:03.001Z</time><ele>13.68</ele></trkpt><trkpt lat="37.179078" lon="126.707901"><time>2026-05-17T06:34:04.001Z</time><ele>13.53</ele></trkpt><trkpt lat="37.178946" lon="126.707815"><time>2026-05-17T06:34:05.001Z</time><ele>12.81</ele></trkpt><trkpt lat="37.178812" lon="126.707724"><time>2026-05-17T06:34:06.001Z</time><ele>12.88</ele></trkpt><trkpt lat="37.178677" lon="126.70763"><time>2026-05-17T06:34:07.001Z</time><ele>11.95</ele></trkpt><trkpt lat="37.178541" lon="126.707535"><time>2026-05-17T06:34:08.001Z</time><ele>12.02</ele></trkpt><trkpt lat="37.178403" lon="126.70744"><time>2026-05-17T06:34:09.001Z</time><ele>11.65</ele></trkpt><trkpt lat="37.17826" lon="126.707343"><time>2026-05-17T06:34:10.001Z</time><ele>11.74</ele></trkpt><trkpt lat="37.178113" lon="126.707245"><time>2026-05-17T06:34:11.001Z</time><ele>12.03</ele></trkpt><trkpt lat="37.177966" lon="126.707147"><time>2026-05-17T06:34:12.001Z</time><ele>12.12</ele></trkpt><trkpt lat="37.177828" lon="126.707052"><time>2026-05-17T06:34:13.001Z</time><ele>11.96</ele></trkpt><trkpt lat="37.177692" lon="126.706961"><time>2026-05-17T06:34:14.002Z</time><ele>11.67</ele></trkpt><trkpt lat="37.177551" lon="126.706865"><time>2026-05-17T06:34:15.002Z</time><ele>11.54</ele></trkpt><trkpt lat="37.177409" lon="126.706768"><time>2026-05-17T06:34:16.002Z</time><ele>11.44</ele></trkpt><trkpt lat="37.177264" lon="126.706667"><time>2026-05-17T06:34:17.002Z</time><ele>11.66</ele></trkpt><trkpt lat="37.177119" lon="126.706569"><time>2026-05-17T06:34:18.002Z</time><ele>11.61</ele></trkpt><trkpt lat="37.176975" lon="126.706476"><time>2026-05-17T06:34:19.002Z</time><ele>11.77</ele></trkpt><trkpt lat="37.176826" lon="126.706388"><time>2026-05-17T06:34:20.002Z</time><ele>11.93</ele></trkpt><trkpt lat="37.176673" lon="126.706307"><time>2026-05-17T06:34:21.002Z</time><ele>11.87</ele></trkpt><trkpt lat="37.176516" lon="126.706235"><time>2026-05-17T06:34:22.002Z</time><ele>12.4</ele></trkpt><trkpt lat="37.17636" lon="126.706182"><time>2026-05-17T06:34:23.002Z</time><ele>12.4</ele></trkpt><trkpt lat="37.176206" lon="126.706132"><time>2026-05-17T06:34:24.002Z</time><ele>13.06</ele></trkpt><trkpt lat="37.176052" lon="126.706094"><time>2026-05-17T06:34:25.002Z</time><ele>12.89</ele></trkpt><trkpt lat="37.175898" lon="126.706068"><time>2026-05-17T06:34:26.002Z</time><ele>13.36</ele></trkpt><trkpt lat="37.175744" lon="126.706058"><time>2026-05-17T06:34:27.000Z</time><ele>13.96</ele></trkpt><trkpt lat="37.175592" lon="126.706062"><time>2026-05-17T06:34:28.000Z</time><ele>14.07</ele></trkpt><trkpt lat="37.175441" lon="126.706072"><time>2026-05-17T06:34:29.000Z</time><ele>14.12</ele></trkpt><trkpt lat="37.175286" lon="126.706085"><time>2026-05-17T06:34:30.000Z</time><ele>14.63</ele></trkpt><trkpt lat="37.175131" lon="126.70611"><time>2026-05-17T06:34:31.000Z</time><ele>15.28</ele></trkpt><trkpt lat="37.174975" lon="126.706146"><time>2026-05-17T06:34:32.000Z</time><ele>15.61</ele></trkpt><trkpt lat="37.174823" lon="126.706191"><time>2026-05-17T06:34:33.000Z</time><ele>16.52</ele></trkpt><trkpt lat="37.174673" lon="126.706243"><time>2026-05-17T06:34:34.000Z</time><ele>16.77</ele></trkpt><trkpt lat="37.174532" lon="126.7063"><time>2026-05-17T06:34:35.000Z</time><ele>17.3</ele></trkpt><trkpt lat="37.174396" lon="126.706358"><time>2026-05-17T06:34:36.000Z</time><ele>18.01</ele></trkpt><trkpt lat="37.17426" lon="126.706422"><time>2026-05-17T06:34:37.000Z</time><ele>18.38</ele></trkpt><trkpt lat="37.174128" lon="126.706488"><time>2026-05-17T06:34:38.000Z</time><ele>19.01</ele></trkpt><trkpt lat="37.173992" lon="126.706556"><time>2026-05-17T06:34:39.000Z</time><ele>19.65</ele></trkpt><trkpt lat="37.173856" lon="126.706623"><time>2026-05-17T06:34:40.000Z</time><ele>20.53</ele></trkpt><trkpt lat="37.173723" lon="126.706695"><time>2026-05-17T06:34:41.000Z</time><ele>20.59</ele></trkpt><trkpt lat="37.173591" lon="126.706762"><time>2026-05-17T06:34:42.000Z</time><ele>21.1</ele></trkpt><trkpt lat="37.173454" lon="126.706824"><time>2026-05-17T06:34:43.000Z</time><ele>21.46</ele></trkpt><trkpt lat="37.173324" lon="126.706882"><time>2026-05-17T06:34:44.000Z</time><ele>21.47</ele></trkpt><trkpt lat="37.173204" lon="126.706934"><time>2026-05-17T06:34:45.000Z</time><ele>21.68</ele></trkpt><trkpt lat="37.17309" lon="126.706974"><time>2026-05-17T06:34:46.000Z</time><ele>22.25</ele></trkpt><trkpt lat="37.172977" lon="126.707011"><time>2026-05-17T06:34:47.000Z</time><ele>21.92</ele></trkpt><trkpt lat="37.172881" lon="126.707046"><time>2026-05-17T06:34:48.000Z</time><ele>19.78</ele></trkpt><trkpt lat="37.172788" lon="126.707079"><time>2026-05-17T06:34:49.000Z</time><ele>19.89</ele></trkpt><trkpt lat="37.172697" lon="126.707108"><time>2026-05-17T06:34:50.000Z</time><ele>20.58</ele></trkpt><trkpt lat="37.172611" lon="126.707147"><time>2026-05-17T06:34:51.000Z</time><ele>20.58</ele></trkpt><trkpt lat="37.172533" lon="126.707169"><time>2026-05-17T06:34:52.000Z</time><ele>20.31</ele></trkpt><trkpt lat="37.172467" lon="126.707202"><time>2026-05-17T06:34:53.000Z</time><ele>19.15</ele></trkpt><trkpt lat="37.172398" lon="126.707233"><time>2026-05-17T06:34:54.000Z</time><ele>18.61</ele></trkpt><trkpt lat="37.172332" lon="126.707246"><time>2026-05-17T06:34:55.000Z</time><ele>18.44</ele></trkpt><trkpt lat="37.17227" lon="126.707276"><time>2026-05-17T06:34:56.000Z</time><ele>18.02</ele></trkpt><trkpt lat="37.172207" lon="126.707289"><time>2026-05-17T06:34:57.000Z</time><ele>17.63</ele></trkpt><trkpt lat="37.172148" lon="126.707314"><time>2026-05-17T06:34:58.000Z</time><ele>17.21</ele></trkpt><trkpt lat="37.172083" lon="126.707345"><time>2026-05-17T06:34:59.000Z</time><ele>16.73</ele></trkpt><trkpt lat="37.172021" lon="126.707371"><time>2026-05-17T06:35:00.000Z</time><ele>16.31</ele></trkpt><trkpt lat="37.171965" lon="126.707389"><time>2026-05-17T06:35:01.000Z</time><ele>15.9</ele></trkpt><trkpt lat="37.171911" lon="126.7074"><time>2026-05-17T06:35:02.000Z</time><ele>16.17</ele></trkpt><trkpt lat="37.171868" lon="126.707417"><time>2026-05-17T06:35:03.000Z</time><ele>15.71</ele></trkpt><trkpt lat="37.171822" lon="126.707428"><time>2026-05-17T06:35:04.000Z</time><ele>16.44</ele></trkpt><trkpt lat="37.171747" lon="126.707467"><time>2026-05-17T06:35:06.000Z</time><ele>16.33</ele></trkpt><trkpt lat="37.171671" lon="126.70749"><time>2026-05-17T06:35:08.000Z</time><ele>16.83</ele></trkpt><trkpt lat="37.171615" lon="126.707511"><time>2026-05-17T06:35:10.000Z</time><ele>16.98</ele></trkpt><trkpt lat="37.171564" lon="126.707527"><time>2026-05-17T06:35:27.001Z</time><ele>18.44</ele></trkpt><trkpt lat="37.171515" lon="126.707545"><time>2026-05-17T06:35:28.001Z</time><ele>18.55</ele></trkpt><trkpt lat="37.171452" lon="126.707572"><time>2026-05-17T06:35:29.001Z</time><ele>18.63</ele></trkpt><trkpt lat="37.171392" lon="126.707593"><time>2026-05-17T06:35:30.001Z</time><ele>18.27</ele></trkpt><trkpt lat="37.171312" lon="126.707621"><time>2026-05-17T06:35:31.001Z</time><ele>18.93</ele></trkpt><trkpt lat="37.171224" lon="126.707653"><time>2026-05-17T06:35:32.001Z</time><ele>19.66</ele></trkpt><trkpt lat="37.171132" lon="126.707682"><time>2026-05-17T06:35:33.001Z</time><ele>19.84</ele></trkpt><trkpt lat="37.171032" lon="126.707719"><time>2026-05-17T06:35:34.001Z</time><ele>20.13</ele></trkpt><trkpt lat="37.170934" lon="126.707754"><time>2026-05-17T06:35:35.001Z</time><ele>20.21</ele></trkpt><trkpt lat="37.170844" lon="126.707788"><time>2026-05-17T06:35:36.001Z</time><ele>20.62</ele></trkpt><trkpt lat="37.170745" lon="126.707822"><time>2026-05-17T06:35:37.001Z</time><ele>20.75</ele></trkpt><trkpt lat="37.170638" lon="126.70785"><time>2026-05-17T06:35:38.001Z</time><ele>21.22</ele></trkpt><trkpt lat="37.170529" lon="126.707876"><time>2026-05-17T06:35:39.001Z</time><ele>21.51</ele></trkpt><trkpt lat="37.170434" lon="126.707903"><time>2026-05-17T06:35:40.001Z</time><ele>21.53</ele></trkpt><trkpt lat="37.170346" lon="126.707934"><time>2026-05-17T06:35:41.001Z</time><ele>21.16</ele></trkpt><trkpt lat="37.170273" lon="126.707968"><time>2026-05-17T06:35:42.001Z</time><ele>20.78</ele></trkpt><trkpt lat="37.170195" lon="126.707997"><time>2026-05-17T06:35:43.001Z</time><ele>20.24</ele></trkpt><trkpt lat="37.170102" lon="126.708024"><time>2026-05-17T06:35:44.001Z</time><ele>20.25</ele></trkpt><trkpt lat="37.170031" lon="126.708044"><time>2026-05-17T06:35:45.001Z</time><ele>20.19</ele></trkpt><trkpt lat="37.169964" lon="126.708066"><time>2026-05-17T06:35:46.001Z</time><ele>19.68</ele></trkpt><trkpt lat="37.169884" lon="126.708092"><time>2026-05-17T06:35:47.001Z</time><ele>19.43</ele></trkpt><trkpt lat="37.169799" lon="126.708125"><time>2026-05-17T06:35:48.001Z</time><ele>19.08</ele></trkpt><trkpt lat="37.169712" lon="126.708154"><time>2026-05-17T06:35:49.001Z</time><ele>18.69</ele></trkpt><trkpt lat="37.169619" lon="126.708179"><time>2026-05-17T06:35:50.001Z</time><ele>18.73</ele></trkpt><trkpt lat="37.16954" lon="126.708207"><time>2026-05-17T06:35:51.001Z</time><ele>18.68</ele></trkpt><trkpt lat="37.169451" lon="126.708235"><time>2026-05-17T06:35:52.001Z</time><ele>17.9</ele></trkpt><trkpt lat="37.169357" lon="126.708269"><time>2026-05-17T06:35:53.001Z</time><ele>17.6</ele></trkpt><trkpt lat="37.169274" lon="126.7083"><time>2026-05-17T06:35:54.001Z</time><ele>17.18</ele></trkpt><trkpt lat="37.16918" lon="126.708326"><time>2026-05-17T06:35:55.001Z</time><ele>17.02</ele></trkpt><trkpt lat="37.169072" lon="126.708346"><time>2026-05-17T06:35:56.001Z</time><ele>16.4</ele></trkpt><trkpt lat="37.168966" lon="126.708358"><time>2026-05-17T06:35:57.001Z</time><ele>16.25</ele></trkpt><trkpt lat="37.168846" lon="126.70837"><time>2026-05-17T06:35:58.001Z</time><ele>14.86</ele></trkpt><trkpt lat="37.168716" lon="126.708373"><time>2026-05-17T06:35:59.001Z</time><ele>14.69</ele></trkpt><trkpt lat="37.168594" lon="126.708363"><time>2026-05-17T06:36:00.001Z</time><ele>14.94</ele></trkpt><trkpt lat="37.168484" lon="126.708347"><time>2026-05-17T06:36:01.001Z</time><ele>13.53</ele></trkpt><trkpt lat="37.168381" lon="126.708331"><time>2026-05-17T06:36:02.001Z</time><ele>13.16</ele></trkpt><trkpt lat="37.168285" lon="126.708316"><time>2026-05-17T06:36:03.001Z</time><ele>12.77</ele></trkpt><trkpt lat="37.168195" lon="126.708308"><time>2026-05-17T06:36:04.001Z</time><ele>11.92</ele></trkpt><trkpt lat="37.168111" lon="126.708295"><time>2026-05-17T06:36:05.001Z</time><ele>11.92</ele></trkpt><trkpt lat="37.168027" lon="126.708283"><time>2026-05-17T06:36:06.001Z</time><ele>11.91</ele></trkpt><trkpt lat="37.167942" lon="126.708269"><time>2026-05-17T06:36:07.001Z</time><ele>11.48</ele></trkpt><trkpt lat="37.16786" lon="126.70824"><time>2026-05-17T06:36:08.001Z</time><ele>11.12</ele></trkpt><trkpt lat="37.167784" lon="126.708205"><time>2026-05-17T06:36:09.001Z</time><ele>10.77</ele></trkpt><trkpt lat="37.167708" lon="126.70815"><time>2026-05-17T06:36:10.001Z</time><ele>10.17</ele></trkpt><trkpt lat="37.167648" lon="126.708095"><time>2026-05-17T06:36:11.001Z</time><ele>10.32</ele></trkpt><trkpt lat="37.167589" lon="126.708048"><time>2026-05-17T06:36:12.001Z</time><ele>9.83</ele></trkpt><trkpt lat="37.16754" lon="126.708014"><time>2026-05-17T06:36:13.001Z</time><ele>9.74</ele></trkpt><trkpt lat="37.167467" lon="126.708053"><time>2026-05-17T06:36:14.001Z</time><ele>9.34</ele></trkpt><trkpt lat="37.167399" lon="126.708087"><time>2026-05-17T06:36:15.001Z</time><ele>9.85</ele></trkpt><trkpt lat="37.167326" lon="126.708117"><time>2026-05-17T06:36:16.001Z</time><ele>9.84</ele></trkpt><trkpt lat="37.16726" lon="126.708128"><time>2026-05-17T06:36:17.001Z</time><ele>10.35</ele></trkpt><trkpt lat="37.167192" lon="126.708126"><time>2026-05-17T06:36:18.001Z</time><ele>10.55</ele></trkpt><trkpt lat="37.167125" lon="126.70812"><time>2026-05-17T06:36:19.001Z</time><ele>10.63</ele></trkpt><trkpt lat="37.167063" lon="126.708114"><time>2026-05-17T06:36:20.001Z</time><ele>11.07</ele></trkpt><trkpt lat="37.167006" lon="126.708108"><time>2026-05-17T06:36:21.001Z</time><ele>10.97</ele></trkpt><trkpt lat="37.166954" lon="126.708106"><time>2026-05-17T06:36:22.001Z</time><ele>10.9</ele></trkpt><trkpt lat="37.166894" lon="126.708114"><time>2026-05-17T06:36:23.001Z</time><ele>11.16</ele></trkpt><trkpt lat="37.166826" lon="126.708145"><time>2026-05-17T06:36:24.002Z</time><ele>11.52</ele></trkpt><trkpt lat="37.16675" lon="126.708141"><time>2026-05-17T06:36:25.002Z</time><ele>11.37</ele></trkpt><trkpt lat="37.166665" lon="126.708145"><time>2026-05-17T06:36:26.002Z</time><ele>11.65</ele></trkpt><trkpt lat="37.166575" lon="126.708137"><time>2026-05-17T06:36:27.002Z</time><ele>11.51</ele></trkpt><trkpt lat="37.166479" lon="126.708126"><time>2026-05-17T06:36:28.002Z</time><ele>11.6</ele></trkpt><trkpt lat="37.16638" lon="126.708119"><time>2026-05-17T06:36:29.002Z</time><ele>11.24</ele></trkpt><trkpt lat="37.166276" lon="126.708118"><time>2026-05-17T06:36:30.002Z</time><ele>11.67</ele></trkpt><trkpt lat="37.16617" lon="126.708118"><time>2026-05-17T06:36:31.002Z</time><ele>11.37</ele></trkpt><trkpt lat="37.165824" lon="126.708111"><time>2026-05-17T06:36:34.000Z</time><ele>11.53</ele></trkpt><trkpt lat="37.1657" lon="126.708103"><time>2026-05-17T06:36:35.000Z</time><ele>11.51</ele></trkpt><trkpt lat="37.165572" lon="126.70809"><time>2026-05-17T06:36:36.000Z</time><ele>12.22</ele></trkpt><trkpt lat="37.165446" lon="126.708082"><time>2026-05-17T06:36:37.000Z</time><ele>12.09</ele></trkpt><trkpt lat="37.165325" lon="126.708073"><time>2026-05-17T06:36:38.000Z</time><ele>12.44</ele></trkpt><trkpt lat="37.165211" lon="126.708066"><time>2026-05-17T06:36:39.000Z</time><ele>12.75</ele></trkpt><trkpt lat="37.165092" lon="126.708059"><time>2026-05-17T06:36:40.000Z</time><ele>12.79</ele></trkpt><trkpt lat="37.164972" lon="126.708052"><time>2026-05-17T06:36:41.000Z</time><ele>12.78</ele></trkpt><trkpt lat="37.164849" lon="126.708043"><time>2026-05-17T06:36:42.000Z</time><ele>12.38</ele></trkpt><trkpt lat="37.164722" lon="126.708031"><time>2026-05-17T06:36:43.000Z</time><ele>12.34</ele></trkpt><trkpt lat="37.164591" lon="126.708016"><time>2026-05-17T06:36:44.000Z</time><ele>12.88</ele></trkpt><trkpt lat="37.164453" lon="126.708005"><time>2026-05-17T06:36:45.000Z</time><ele>12.55</ele></trkpt><trkpt lat="37.164309" lon="126.707991"><time>2026-05-17T06:36:46.000Z</time><ele>12.61</ele></trkpt><trkpt lat="37.164166" lon="126.707975"><time>2026-05-17T06:36:47.000Z</time><ele>12.64</ele></trkpt><trkpt lat="37.164017" lon="126.707948"><time>2026-05-17T06:36:48.000Z</time><ele>12.76</ele></trkpt><trkpt lat="37.163867" lon="126.707912"><time>2026-05-17T06:36:49.000Z</time><ele>12.86</ele></trkpt><trkpt lat="37.163725" lon="126.707875"><time>2026-05-17T06:36:50.000Z</time><ele>13.34</ele></trkpt><trkpt lat="37.163584" lon="126.707825"><time>2026-05-17T06:36:51.000Z</time><ele>13.79</ele></trkpt><trkpt lat="37.163447" lon="126.707773"><time>2026-05-17T06:36:52.000Z</time><ele>13.82</ele></trkpt><trkpt lat="37.163311" lon="126.707711"><time>2026-05-17T06:36:53.000Z</time><ele>14.27</ele></trkpt><trkpt lat="37.163175" lon="126.707641"><time>2026-05-17T06:36:54.000Z</time><ele>14.88</ele></trkpt><trkpt lat="37.163041" lon="126.707571"><time>2026-05-17T06:36:55.000Z</time><ele>15.49</ele></trkpt><trkpt lat="37.162913" lon="126.707501"><time>2026-05-17T06:36:56.000Z</time><ele>16.4</ele></trkpt><trkpt lat="37.162785" lon="126.707419"><time>2026-05-17T06:36:57.000Z</time><ele>17.15</ele></trkpt><trkpt lat="37.162664" lon="126.707332"><time>2026-05-17T06:36:58.000Z</time><ele>17.99</ele></trkpt><trkpt lat="37.162541" lon="126.707241"><time>2026-05-17T06:36:59.000Z</time><ele>19</ele></trkpt><trkpt lat="37.162418" lon="126.707151"><time>2026-05-17T06:37:00.000Z</time><ele>19.45</ele></trkpt><trkpt lat="37.162293" lon="126.707067"><time>2026-05-17T06:37:01.000Z</time><ele>20.41</ele></trkpt><trkpt lat="37.162162" lon="126.706989"><time>2026-05-17T06:37:02.000Z</time><ele>20.86</ele></trkpt><trkpt lat="37.16203" lon="126.706916"><time>2026-05-17T06:37:03.000Z</time><ele>21.47</ele></trkpt><trkpt lat="37.161899" lon="126.706851"><time>2026-05-17T06:37:04.000Z</time><ele>22.4</ele></trkpt><trkpt lat="37.161767" lon="126.706794"><time>2026-05-17T06:37:05.000Z</time><ele>23.16</ele></trkpt><trkpt lat="37.161633" lon="126.706741"><time>2026-05-17T06:37:06.000Z</time><ele>23.87</ele></trkpt><trkpt lat="37.161499" lon="126.706694"><time>2026-05-17T06:37:07.000Z</time><ele>24.19</ele></trkpt><trkpt lat="37.161366" lon="126.706652"><time>2026-05-17T06:37:08.000Z</time><ele>24.48</ele></trkpt><trkpt lat="37.161233" lon="126.706617"><time>2026-05-17T06:37:09.000Z</time><ele>25.12</ele></trkpt><trkpt lat="37.161098" lon="126.706587"><time>2026-05-17T06:37:10.000Z</time><ele>25.76</ele></trkpt><trkpt lat="37.160957" lon="126.706563"><time>2026-05-17T06:37:11.000Z</time><ele>25.77</ele></trkpt><trkpt lat="37.160808" lon="126.706537"><time>2026-05-17T06:37:12.000Z</time><ele>26.32</ele></trkpt><trkpt lat="37.160653" lon="126.706511"><time>2026-05-17T06:37:13.000Z</time><ele>26.81</ele></trkpt><trkpt lat="37.160493" lon="126.706478"><time>2026-05-17T06:37:14.000Z</time><ele>27.81</ele></trkpt><trkpt lat="37.160329" lon="126.706446"><time>2026-05-17T06:37:15.000Z</time><ele>27.71</ele></trkpt><trkpt lat="37.160171" lon="126.706413"><time>2026-05-17T06:37:16.000Z</time><ele>27.8</ele></trkpt><trkpt lat="37.160008" lon="126.70638"><time>2026-05-17T06:37:17.001Z</time><ele>28.54</ele></trkpt><trkpt lat="37.159849" lon="126.706351"><time>2026-05-17T06:37:18.001Z</time><ele>28.99</ele></trkpt><trkpt lat="37.159702" lon="126.706325"><time>2026-05-17T06:37:19.001Z</time><ele>29.01</ele></trkpt><trkpt lat="37.159555" lon="126.7063"><time>2026-05-17T06:37:20.001Z</time><ele>28.98</ele></trkpt><trkpt lat="37.159405" lon="126.706273"><time>2026-05-17T06:37:21.001Z</time><ele>29.01</ele></trkpt><trkpt lat="37.159263" lon="126.706245"><time>2026-05-17T06:37:22.001Z</time><ele>28.46</ele></trkpt><trkpt lat="37.159116" lon="126.706204"><time>2026-05-17T06:37:23.001Z</time><ele>27.91</ele></trkpt><trkpt lat="37.158963" lon="126.70616"><time>2026-05-17T06:37:24.001Z</time><ele>27.52</ele></trkpt><trkpt lat="37.158812" lon="126.706106"><time>2026-05-17T06:37:25.001Z</time><ele>27.33</ele></trkpt><trkpt lat="37.15866" lon="126.70605"><time>2026-05-17T06:37:26.001Z</time><ele>26.54</ele></trkpt><trkpt lat="37.158509" lon="126.705997"><time>2026-05-17T06:37:27.001Z</time><ele>26.3</ele></trkpt><trkpt lat="37.158358" lon="126.705938"><time>2026-05-17T06:37:28.001Z</time><ele>25.93</ele></trkpt><trkpt lat="37.158212" lon="126.705863"><time>2026-05-17T06:37:29.001Z</time><ele>24.95</ele></trkpt><trkpt lat="37.158072" lon="126.705787"><time>2026-05-17T06:37:30.001Z</time><ele>24.63</ele></trkpt><trkpt lat="37.157935" lon="126.705721"><time>2026-05-17T06:37:31.001Z</time><ele>24.89</ele></trkpt><trkpt lat="37.157803" lon="126.705637"><time>2026-05-17T06:37:32.001Z</time><ele>24.15</ele></trkpt><trkpt lat="37.157668" lon="126.705544"><time>2026-05-17T06:37:33.001Z</time><ele>24.51</ele></trkpt><trkpt lat="37.157524" lon="126.705448"><time>2026-05-17T06:37:34.001Z</time><ele>22.91</ele></trkpt><trkpt lat="37.157382" lon="126.705347"><time>2026-05-17T06:37:35.001Z</time><ele>22.25</ele></trkpt><trkpt lat="37.157242" lon="126.705241"><time>2026-05-17T06:37:36.001Z</time><ele>21.8</ele></trkpt><trkpt lat="37.157116" lon="126.705135"><time>2026-05-17T06:37:37.001Z</time><ele>21.05</ele></trkpt><trkpt lat="37.156998" lon="126.705027"><time>2026-05-17T06:37:38.001Z</time><ele>20.58</ele></trkpt><trkpt lat="37.156876" lon="126.704914"><time>2026-05-17T06:37:39.001Z</time><ele>20.22</ele></trkpt><trkpt lat="37.156756" lon="126.704795"><time>2026-05-17T06:37:40.001Z</time><ele>19.55</ele></trkpt><trkpt lat="37.15664" lon="126.704671"><time>2026-05-17T06:37:41.001Z</time><ele>19.37</ele></trkpt><trkpt lat="37.156526" lon="126.70454"><time>2026-05-17T06:37:42.001Z</time><ele>18.91</ele></trkpt><trkpt lat="37.156409" lon="126.704405"><time>2026-05-17T06:37:43.001Z</time><ele>18.19</ele></trkpt><trkpt lat="37.15629" lon="126.704263"><time>2026-05-17T06:37:44.001Z</time><ele>17.63</ele></trkpt><trkpt lat="37.156166" lon="126.704123"><time>2026-05-17T06:37:45.001Z</time><ele>17.51</ele></trkpt><trkpt lat="37.156051" lon="126.703995"><time>2026-05-17T06:37:46.001Z</time><ele>17.06</ele></trkpt><trkpt lat="37.155933" lon="126.703855"><time>2026-05-17T06:37:47.001Z</time><ele>16.58</ele></trkpt><trkpt lat="37.155818" lon="126.703723"><time>2026-05-17T06:37:48.001Z</time><ele>15.99</ele></trkpt><trkpt lat="37.155701" lon="126.703591"><time>2026-05-17T06:37:49.001Z</time><ele>15.61</ele></trkpt><trkpt lat="37.155582" lon="126.703452"><time>2026-05-17T06:37:50.001Z</time><ele>14.68</ele></trkpt><trkpt lat="37.155458" lon="126.703313"><time>2026-05-17T06:37:51.001Z</time><ele>13.96</ele></trkpt><trkpt lat="37.155333" lon="126.703174"><time>2026-05-17T06:37:52.001Z</time><ele>13.36</ele></trkpt><trkpt lat="37.155209" lon="126.70303"><time>2026-05-17T06:37:53.001Z</time><ele>12.95</ele></trkpt><trkpt lat="37.155082" lon="126.702882"><time>2026-05-17T06:37:54.001Z</time><ele>12.83</ele></trkpt><trkpt lat="37.154951" lon="126.702734"><time>2026-05-17T06:37:55.001Z</time><ele>12.57</ele></trkpt><trkpt lat="37.154825" lon="126.702589"><time>2026-05-17T06:37:56.001Z</time><ele>12.37</ele></trkpt><trkpt lat="37.154705" lon="126.702449"><time>2026-05-17T06:37:57.001Z</time><ele>12.2</ele></trkpt><trkpt lat="37.154582" lon="126.70231"><time>2026-05-17T06:37:58.001Z</time><ele>12.24</ele></trkpt><trkpt lat="37.154467" lon="126.702182"><time>2026-05-17T06:37:59.001Z</time><ele>11.6</ele></trkpt><trkpt lat="37.15435" lon="126.702053"><time>2026-05-17T06:38:00.001Z</time><ele>11.54</ele></trkpt><trkpt lat="37.154242" lon="126.701927"><time>2026-05-17T06:38:01.001Z</time><ele>11.21</ele></trkpt><trkpt lat="37.15414" lon="126.701808"><time>2026-05-17T06:38:02.001Z</time><ele>11.2</ele></trkpt><trkpt lat="37.15404" lon="126.701692"><time>2026-05-17T06:38:03.001Z</time><ele>11</ele></trkpt><trkpt lat="37.153934" lon="126.701581"><time>2026-05-17T06:38:04.001Z</time><ele>10.8</ele></trkpt><trkpt lat="37.153824" lon="126.70147"><time>2026-05-17T06:38:05.001Z</time><ele>10.77</ele></trkpt><trkpt lat="37.15371" lon="126.701362"><time>2026-05-17T06:38:06.001Z</time><ele>10.26</ele></trkpt><trkpt lat="37.153587" lon="126.701257"><time>2026-05-17T06:38:07.001Z</time><ele>10.02</ele></trkpt><trkpt lat="37.153453" lon="126.701156"><time>2026-05-17T06:38:08.001Z</time><ele>9.62</ele></trkpt><trkpt lat="37.153314" lon="126.70105"><time>2026-05-17T06:38:09.001Z</time><ele>9.6</ele></trkpt><trkpt lat="37.153169" lon="126.700954"><time>2026-05-17T06:38:10.001Z</time><ele>9.05</ele></trkpt><trkpt lat="37.15302" lon="126.700868"><time>2026-05-17T06:38:11.001Z</time><ele>8.36</ele></trkpt><trkpt lat="37.152867" lon="126.700792"><time>2026-05-17T06:38:12.001Z</time><ele>7.76</ele></trkpt><trkpt lat="37.152711" lon="126.70073"><time>2026-05-17T06:38:13.001Z</time><ele>7.79</ele></trkpt><trkpt lat="37.152557" lon="126.700682"><time>2026-05-17T06:38:14.001Z</time><ele>7.89</ele></trkpt><trkpt lat="37.152396" lon="126.700643"><time>2026-05-17T06:38:15.001Z</time><ele>7.41</ele></trkpt><trkpt lat="37.15223" lon="126.700614"><time>2026-05-17T06:38:16.001Z</time><ele>7.35</ele></trkpt><trkpt lat="37.152069" lon="126.700592"><time>2026-05-17T06:38:17.001Z</time><ele>7.47</ele></trkpt><trkpt lat="37.151909" lon="126.700575"><time>2026-05-17T06:38:18.001Z</time><ele>7.54</ele></trkpt><trkpt lat="37.151745" lon="126.700566"><time>2026-05-17T06:38:19.001Z</time><ele>7.84</ele></trkpt><trkpt lat="37.151574" lon="126.700564"><time>2026-05-17T06:38:20.001Z</time><ele>8.37</ele></trkpt><trkpt lat="37.151404" lon="126.700573"><time>2026-05-17T06:38:21.001Z</time><ele>9.09</ele></trkpt><trkpt lat="37.151231" lon="126.700593"><time>2026-05-17T06:38:22.001Z</time><ele>9.64</ele></trkpt><trkpt lat="37.15106" lon="126.700618"><time>2026-05-17T06:38:23.001Z</time><ele>10.23</ele></trkpt><trkpt lat="37.150891" lon="126.700642"><time>2026-05-17T06:38:24.001Z</time><ele>11.33</ele></trkpt><trkpt lat="37.150725" lon="126.700664"><time>2026-05-17T06:38:25.001Z</time><ele>11.9</ele></trkpt><trkpt lat="37.150566" lon="126.700681"><time>2026-05-17T06:38:26.001Z</time><ele>12.32</ele></trkpt><trkpt lat="37.150403" lon="126.700694"><time>2026-05-17T06:38:27.001Z</time><ele>13.02</ele></trkpt><trkpt lat="37.150239" lon="126.700695"><time>2026-05-17T06:38:28.002Z</time><ele>13.6</ele></trkpt><trkpt lat="37.150076" lon="126.700714"><time>2026-05-17T06:38:29.002Z</time><ele>13.19</ele></trkpt><trkpt lat="37.149912" lon="126.700721"><time>2026-05-17T06:38:30.002Z</time><ele>13.84</ele></trkpt><trkpt lat="37.149742" lon="126.700735"><time>2026-05-17T06:38:31.002Z</time><ele>14.31</ele></trkpt><trkpt lat="37.149578" lon="126.700751"><time>2026-05-17T06:38:32.002Z</time><ele>15.2</ele></trkpt><trkpt lat="37.149415" lon="126.700755"><time>2026-05-17T06:38:33.002Z</time><ele>15.33</ele></trkpt><trkpt lat="37.149262" lon="126.700756"><time>2026-05-17T06:38:34.002Z</time><ele>14.92</ele></trkpt><trkpt lat="37.14912" lon="126.700761"><time>2026-05-17T06:38:35.002Z</time><ele>14.42</ele></trkpt><trkpt lat="37.148984" lon="126.700765"><time>2026-05-17T06:38:36.002Z</time><ele>13.67</ele></trkpt><trkpt lat="37.148857" lon="126.70077"><time>2026-05-17T06:38:37.002Z</time><ele>13.39</ele></trkpt><trkpt lat="37.148733" lon="126.700771"><time>2026-05-17T06:38:38.002Z</time><ele>13.29</ele></trkpt><trkpt lat="37.148616" lon="126.70077"><time>2026-05-17T06:38:39.000Z</time><ele>12.07</ele></trkpt><trkpt lat="37.148507" lon="126.700765"><time>2026-05-17T06:38:40.000Z</time><ele>11.26</ele></trkpt><trkpt lat="37.148399" lon="126.700762"><time>2026-05-17T06:38:41.000Z</time><ele>12.36</ele></trkpt><trkpt lat="37.148283" lon="126.700762"><time>2026-05-17T06:38:42.000Z</time><ele>12.82</ele></trkpt><trkpt lat="37.148151" lon="126.700747"><time>2026-05-17T06:38:43.000Z</time><ele>12.36</ele></trkpt><trkpt lat="37.148008" lon="126.700738"><time>2026-05-17T06:38:44.000Z</time><ele>12.27</ele></trkpt><trkpt lat="37.147883" lon="126.700731"><time>2026-05-17T06:38:45.000Z</time><ele>11.56</ele></trkpt><trkpt lat="37.147765" lon="126.700723"><time>2026-05-17T06:38:46.000Z</time><ele>11.27</ele></trkpt><trkpt lat="37.147658" lon="126.700717"><time>2026-05-17T06:38:47.000Z</time><ele>10.1</ele></trkpt><trkpt lat="37.147574" lon="126.700708"><time>2026-05-17T06:38:48.000Z</time><ele>9.83</ele></trkpt><trkpt lat="37.147499" lon="126.700697"><time>2026-05-17T06:38:49.000Z</time><ele>9.82</ele></trkpt><trkpt lat="37.147439" lon="126.700688"><time>2026-05-17T06:38:50.000Z</time><ele>9.78</ele></trkpt><trkpt lat="37.147392" lon="126.70068"><time>2026-05-17T06:38:51.000Z</time><ele>9.46</ele></trkpt><trkpt lat="37.147337" lon="126.70067"><time>2026-05-17T06:38:53.000Z</time><ele>9.2</ele></trkpt><trkpt lat="37.147267" lon="126.70066"><time>2026-05-17T06:38:56.000Z</time><ele>8.46</ele></trkpt><trkpt lat="37.147215" lon="126.700657"><time>2026-05-17T06:38:57.000Z</time><ele>8.66</ele></trkpt><trkpt lat="37.147155" lon="126.700662"><time>2026-05-17T06:38:58.000Z</time><ele>8.71</ele></trkpt><trkpt lat="37.147086" lon="126.700655"><time>2026-05-17T06:38:59.000Z</time><ele>8.74</ele></trkpt><trkpt lat="37.147018" lon="126.700647"><time>2026-05-17T06:39:00.000Z</time><ele>8.77</ele></trkpt><trkpt lat="37.14693" lon="126.700631"><time>2026-05-17T06:39:01.000Z</time><ele>8.52</ele></trkpt><trkpt lat="37.146828" lon="126.700612"><time>2026-05-17T06:39:02.000Z</time><ele>8.24</ele></trkpt><trkpt lat="37.146737" lon="126.700598"><time>2026-05-17T06:39:03.000Z</time><ele>8.38</ele></trkpt><trkpt lat="37.146625" lon="126.700586"><time>2026-05-17T06:39:04.000Z</time><ele>8.02</ele></trkpt><trkpt lat="37.146501" lon="126.700571"><time>2026-05-17T06:39:05.000Z</time><ele>7.97</ele></trkpt><trkpt lat="37.146384" lon="126.700557"><time>2026-05-17T06:39:06.000Z</time><ele>8.21</ele></trkpt><trkpt lat="37.146255" lon="126.700539"><time>2026-05-17T06:39:07.000Z</time><ele>8.18</ele></trkpt><trkpt lat="37.146117" lon="126.700522"><time>2026-05-17T06:39:08.000Z</time><ele>8.56</ele></trkpt><trkpt lat="37.145977" lon="126.700511"><time>2026-05-17T06:39:09.000Z</time><ele>9.17</ele></trkpt><trkpt lat="37.145829" lon="126.70051"><time>2026-05-17T06:39:10.000Z</time><ele>8.79</ele></trkpt><trkpt lat="37.145682" lon="126.700513"><time>2026-05-17T06:39:11.000Z</time><ele>9.35</ele></trkpt><trkpt lat="37.145544" lon="126.70053"><time>2026-05-17T06:39:12.000Z</time><ele>9.15</ele></trkpt><trkpt lat="37.145417" lon="126.700551"><time>2026-05-17T06:39:13.000Z</time><ele>8.88</ele></trkpt><trkpt lat="37.145289" lon="126.70058"><time>2026-05-17T06:39:14.000Z</time><ele>9.21</ele></trkpt><trkpt lat="37.145159" lon="126.70062"><time>2026-05-17T06:39:15.000Z</time><ele>9.63</ele></trkpt><trkpt lat="37.14503" lon="126.700663"><time>2026-05-17T06:39:16.000Z</time><ele>9.27</ele></trkpt><trkpt lat="37.144912" lon="126.700717"><time>2026-05-17T06:39:17.000Z</time><ele>9.34</ele></trkpt><trkpt lat="37.14479" lon="126.700784"><time>2026-05-17T06:39:18.000Z</time><ele>10.29</ele></trkpt><trkpt lat="37.144661" lon="126.700858"><time>2026-05-17T06:39:19.000Z</time><ele>10.74</ele></trkpt><trkpt lat="37.144533" lon="126.700936"><time>2026-05-17T06:39:20.000Z</time><ele>11.23</ele></trkpt><trkpt lat="37.144406" lon="126.701024"><time>2026-05-17T06:39:21.000Z</time><ele>11.61</ele></trkpt><trkpt lat="37.144279" lon="126.701121"><time>2026-05-17T06:39:22.000Z</time><ele>11.56</ele></trkpt><trkpt lat="37.144157" lon="126.701223"><time>2026-05-17T06:39:23.000Z</time><ele>12.09</ele></trkpt><trkpt lat="37.144028" lon="126.70133"><time>2026-05-17T06:39:24.000Z</time><ele>12.66</ele></trkpt><trkpt lat="37.1439" lon="126.701437"><time>2026-05-17T06:39:25.001Z</time><ele>13.26</ele></trkpt><trkpt lat="37.143778" lon="126.701533"><time>2026-05-17T06:39:26.001Z</time><ele>13.44</ele></trkpt><trkpt lat="37.143654" lon="126.701623"><time>2026-05-17T06:39:27.001Z</time><ele>13.91</ele></trkpt><trkpt lat="37.143527" lon="126.70171"><time>2026-05-17T06:39:28.001Z</time><ele>14.15</ele></trkpt><trkpt lat="37.143399" lon="126.701794"><time>2026-05-17T06:39:29.001Z</time><ele>14.88</ele></trkpt><trkpt lat="37.143268" lon="126.701872"><time>2026-05-17T06:39:30.001Z</time><ele>15.15</ele></trkpt><trkpt lat="37.143131" lon="126.701942"><time>2026-05-17T06:39:31.001Z</time><ele>15.6</ele></trkpt><trkpt lat="37.142992" lon="126.702006"><time>2026-05-17T06:39:32.001Z</time><ele>15.84</ele></trkpt><trkpt lat="37.142846" lon="126.70206"><time>2026-05-17T06:39:33.001Z</time><ele>16.37</ele></trkpt><trkpt lat="37.142695" lon="126.702111"><time>2026-05-17T06:39:34.001Z</time><ele>16.33</ele></trkpt><trkpt lat="37.142537" lon="126.702154"><time>2026-05-17T06:39:35.001Z</time><ele>16.99</ele></trkpt><trkpt lat="37.142374" lon="126.702186"><time>2026-05-17T06:39:36.001Z</time><ele>16.74</ele></trkpt><trkpt lat="37.142214" lon="126.702211"><time>2026-05-17T06:39:37.001Z</time><ele>17.17</ele></trkpt><trkpt lat="37.142063" lon="126.702229"><time>2026-05-17T06:39:38.001Z</time><ele>17.42</ele></trkpt><trkpt lat="37.141909" lon="126.702239"><time>2026-05-17T06:39:39.001Z</time><ele>18.17</ele></trkpt><trkpt lat="37.141755" lon="126.702243"><time>2026-05-17T06:39:40.001Z</time><ele>18.39</ele></trkpt><trkpt lat="37.141602" lon="126.702244"><time>2026-05-17T06:39:41.001Z</time><ele>18.83</ele></trkpt><trkpt lat="37.141447" lon="126.702241"><time>2026-05-17T06:39:42.001Z</time><ele>19.56</ele></trkpt><trkpt lat="37.141297" lon="126.70224"><time>2026-05-17T06:39:43.001Z</time><ele>20.01</ele></trkpt><trkpt lat="37.141144" lon="126.702235"><time>2026-05-17T06:39:44.001Z</time><ele>20.57</ele></trkpt><trkpt lat="37.140988" lon="126.702234"><time>2026-05-17T06:39:45.001Z</time><ele>20.68</ele></trkpt><trkpt lat="37.140836" lon="126.702232"><time>2026-05-17T06:39:46.001Z</time><ele>20.94</ele></trkpt><trkpt lat="37.140694" lon="126.702222"><time>2026-05-17T06:39:47.001Z</time><ele>21.39</ele></trkpt><trkpt lat="37.140565" lon="126.702202"><time>2026-05-17T06:39:48.001Z</time><ele>21.63</ele></trkpt><trkpt lat="37.140439" lon="126.702197"><time>2026-05-17T06:39:49.001Z</time><ele>21.53</ele></trkpt><trkpt lat="37.140319" lon="126.702193"><time>2026-05-17T06:39:50.001Z</time><ele>21.82</ele></trkpt><trkpt lat="37.140208" lon="126.702204"><time>2026-05-17T06:39:51.001Z</time><ele>22.31</ele></trkpt><trkpt lat="37.140094" lon="126.702208"><time>2026-05-17T06:39:52.001Z</time><ele>22.33</ele></trkpt><trkpt lat="37.139983" lon="126.702209"><time>2026-05-17T06:39:53.001Z</time><ele>21.55</ele></trkpt><trkpt lat="37.139883" lon="126.702212"><time>2026-05-17T06:39:54.001Z</time><ele>21.13</ele></trkpt><trkpt lat="37.139788" lon="126.702212"><time>2026-05-17T06:39:55.001Z</time><ele>21.36</ele></trkpt><trkpt lat="37.139702" lon="126.702213"><time>2026-05-17T06:39:56.001Z</time><ele>21.28</ele></trkpt><trkpt lat="37.139624" lon="126.70221"><time>2026-05-17T06:39:57.001Z</time><ele>20.85</ele></trkpt><trkpt lat="37.139548" lon="126.702211"><time>2026-05-17T06:39:58.001Z</time><ele>21.25</ele></trkpt><trkpt lat="37.139471" lon="126.70221"><time>2026-05-17T06:39:59.001Z</time><ele>20.81</ele></trkpt><trkpt lat="37.139383" lon="126.702205"><time>2026-05-17T06:40:00.001Z</time><ele>20.71</ele></trkpt><trkpt lat="37.139296" lon="126.702191"><time>2026-05-17T06:40:01.001Z</time><ele>20.22</ele></trkpt><trkpt lat="37.139204" lon="126.702178"><time>2026-05-17T06:40:02.001Z</time><ele>19.84</ele></trkpt><trkpt lat="37.139121" lon="126.702164"><time>2026-05-17T06:40:03.001Z</time><ele>19.13</ele></trkpt><trkpt lat="37.139035" lon="126.702145"><time>2026-05-17T06:40:04.001Z</time><ele>18.64</ele></trkpt><trkpt lat="37.138938" lon="126.702116"><time>2026-05-17T06:40:05.001Z</time><ele>19.23</ele></trkpt><trkpt lat="37.138836" lon="126.70208"><time>2026-05-17T06:40:06.001Z</time><ele>18.9</ele></trkpt><trkpt lat="37.138726" lon="126.702041"><time>2026-05-17T06:40:07.001Z</time><ele>18.67</ele></trkpt><trkpt lat="37.138617" lon="126.701993"><time>2026-05-17T06:40:08.001Z</time><ele>18.42</ele></trkpt><trkpt lat="37.138509" lon="126.701939"><time>2026-05-17T06:40:09.001Z</time><ele>18.06</ele></trkpt><trkpt lat="37.138401" lon="126.701875"><time>2026-05-17T06:40:10.001Z</time><ele>17.78</ele></trkpt><trkpt lat="37.138301" lon="126.701804"><time>2026-05-17T06:40:11.001Z</time><ele>17.04</ele></trkpt><trkpt lat="37.138192" lon="126.701721"><time>2026-05-17T06:40:12.001Z</time><ele>16.51</ele></trkpt><trkpt lat="37.138079" lon="126.701632"><time>2026-05-17T06:40:13.001Z</time><ele>16.1</ele></trkpt><trkpt lat="37.137964" lon="126.70153"><time>2026-05-17T06:40:14.001Z</time><ele>15.99</ele></trkpt><trkpt lat="37.137847" lon="126.701423"><time>2026-05-17T06:40:15.001Z</time><ele>15.33</ele></trkpt><trkpt lat="37.137739" lon="126.701308"><time>2026-05-17T06:40:16.001Z</time><ele>14.76</ele></trkpt><trkpt lat="37.137642" lon="126.701181"><time>2026-05-17T06:40:17.001Z</time><ele>14.76</ele></trkpt><trkpt lat="37.137549" lon="126.701043"><time>2026-05-17T06:40:18.001Z</time><ele>14.34</ele></trkpt><trkpt lat="37.137446" lon="126.700918"><time>2026-05-17T06:40:19.001Z</time><ele>13.75</ele></trkpt><trkpt lat="37.137344" lon="126.700789"><time>2026-05-17T06:40:20.001Z</time><ele>13.87</ele></trkpt><trkpt lat="37.137244" lon="126.700655"><time>2026-05-17T06:40:21.001Z</time><ele>13.52</ele></trkpt><trkpt lat="37.137138" lon="126.700524"><time>2026-05-17T06:40:22.001Z</time><ele>13.67</ele></trkpt><trkpt lat="37.137035" lon="126.700392"><time>2026-05-17T06:40:23.001Z</time><ele>13.59</ele></trkpt><trkpt lat="37.136933" lon="126.700256"><time>2026-05-17T06:40:24.001Z</time><ele>13.21</ele></trkpt><trkpt lat="37.136825" lon="126.70012"><time>2026-05-17T06:40:25.001Z</time><ele>12.97</ele></trkpt><trkpt lat="37.136718" lon="126.699978"><time>2026-05-17T06:40:26.001Z</time><ele>13.38</ele></trkpt><trkpt lat="37.136612" lon="126.699838"><time>2026-05-17T06:40:27.001Z</time><ele>13.58</ele></trkpt><trkpt lat="37.1365" lon="126.699703"><time>2026-05-17T06:40:28.001Z</time><ele>14.2</ele></trkpt><trkpt lat="37.136398" lon="126.699568"><time>2026-05-17T06:40:29.001Z</time><ele>14.02</ele></trkpt><trkpt lat="37.136292" lon="126.699436"><time>2026-05-17T06:40:30.001Z</time><ele>14.48</ele></trkpt><trkpt lat="37.136179" lon="126.699302"><time>2026-05-17T06:40:31.001Z</time><ele>14.71</ele></trkpt><trkpt lat="37.136065" lon="126.699169"><time>2026-05-17T06:40:32.001Z</time><ele>15.54</ele></trkpt><trkpt lat="37.135954" lon="126.699049"><time>2026-05-17T06:40:33.001Z</time><ele>16.25</ele></trkpt><trkpt lat="37.135847" lon="126.69894"><time>2026-05-17T06:40:34.001Z</time><ele>16.53</ele></trkpt><trkpt lat="37.13574" lon="126.698831"><time>2026-05-17T06:40:35.001Z</time><ele>16.84</ele></trkpt><trkpt lat="37.135634" lon="126.69872"><time>2026-05-17T06:40:36.001Z</time><ele>18.23</ele></trkpt><trkpt lat="37.135517" lon="126.698613"><time>2026-05-17T06:40:37.002Z</time><ele>18.73</ele></trkpt><trkpt lat="37.135396" lon="126.698505"><time>2026-05-17T06:40:38.002Z</time><ele>19.07</ele></trkpt><trkpt lat="37.135273" lon="126.698391"><time>2026-05-17T06:40:39.002Z</time><ele>19.05</ele></trkpt><trkpt lat="37.135137" lon="126.698287"><time>2026-05-17T06:40:40.002Z</time><ele>19.32</ele></trkpt><trkpt lat="37.134999" lon="126.698179"><time>2026-05-17T06:40:41.002Z</time><ele>19.32</ele></trkpt><trkpt lat="37.134878" lon="126.698074"><time>2026-05-17T06:40:42.002Z</time><ele>18.91</ele></trkpt><trkpt lat="37.134758" lon="126.697975"><time>2026-05-17T06:40:43.002Z</time><ele>19.05</ele></trkpt><trkpt lat="37.134631" lon="126.697869"><time>2026-05-17T06:40:44.002Z</time><ele>18.82</ele></trkpt><trkpt lat="37.134505" lon="126.697762"><time>2026-05-17T06:40:45.000Z</time><ele>19.16</ele></trkpt><trkpt lat="37.134382" lon="126.69765"><time>2026-05-17T06:40:46.000Z</time><ele>18.97</ele></trkpt><trkpt lat="37.134255" lon="126.697539"><time>2026-05-17T06:40:47.000Z</time><ele>18.56</ele></trkpt><trkpt lat="37.134133" lon="126.697432"><time>2026-05-17T06:40:48.000Z</time><ele>17.95</ele></trkpt><trkpt lat="37.134007" lon="126.697314"><time>2026-05-17T06:40:49.000Z</time><ele>17.91</ele></trkpt><trkpt lat="37.133883" lon="126.697201"><time>2026-05-17T06:40:50.000Z</time><ele>16.8</ele></trkpt><trkpt lat="37.133767" lon="126.697099"><time>2026-05-17T06:40:51.000Z</time><ele>16.24</ele></trkpt><trkpt lat="37.133657" lon="126.696997"><time>2026-05-17T06:40:52.000Z</time><ele>15.71</ele></trkpt><trkpt lat="37.133555" lon="126.696896"><time>2026-05-17T06:40:53.000Z</time><ele>15.82</ele></trkpt><trkpt lat="37.133459" lon="126.696798"><time>2026-05-17T06:40:54.000Z</time><ele>15.42</ele></trkpt><trkpt lat="37.133363" lon="126.696702"><time>2026-05-17T06:40:55.000Z</time><ele>15.45</ele></trkpt><trkpt lat="37.133249" lon="126.696604"><time>2026-05-17T06:40:56.000Z</time><ele>15.12</ele></trkpt><trkpt lat="37.133125" lon="126.696496"><time>2026-05-17T06:40:57.000Z</time><ele>14.92</ele></trkpt><trkpt lat="37.132999" lon="126.696377"><time>2026-05-17T06:40:58.000Z</time><ele>14.89</ele></trkpt><trkpt lat="37.132872" lon="126.696257"><time>2026-05-17T06:40:59.000Z</time><ele>14.74</ele></trkpt><trkpt lat="37.132742" lon="126.696136"><time>2026-05-17T06:41:00.000Z</time><ele>14.36</ele></trkpt><trkpt lat="37.132608" lon="126.696009"><time>2026-05-17T06:41:01.000Z</time><ele>14.01</ele></trkpt><trkpt lat="37.132469" lon="126.69588"><time>2026-05-17T06:41:02.000Z</time><ele>13.93</ele></trkpt><trkpt lat="37.132338" lon="126.695755"><time>2026-05-17T06:41:03.000Z</time><ele>13.52</ele></trkpt><trkpt lat="37.132213" lon="126.695636"><time>2026-05-17T06:41:04.000Z</time><ele>13.36</ele></trkpt><trkpt lat="37.132084" lon="126.695522"><time>2026-05-17T06:41:05.000Z</time><ele>13.17</ele></trkpt><trkpt lat="37.131954" lon="126.695405"><time>2026-05-17T06:41:06.000Z</time><ele>12.95</ele></trkpt><trkpt lat="37.131824" lon="126.695289"><time>2026-05-17T06:41:07.000Z</time><ele>12.54</ele></trkpt><trkpt lat="37.131697" lon="126.69517"><time>2026-05-17T06:41:08.000Z</time><ele>12.33</ele></trkpt><trkpt lat="37.131567" lon="126.69505"><time>2026-05-17T06:41:09.000Z</time><ele>12.06</ele></trkpt><trkpt lat="37.131443" lon="126.694932"><time>2026-05-17T06:41:10.000Z</time><ele>12.13</ele></trkpt><trkpt lat="37.131315" lon="126.694817"><time>2026-05-17T06:41:11.000Z</time><ele>11.94</ele></trkpt><trkpt lat="37.131188" lon="126.694697"><time>2026-05-17T06:41:12.000Z</time><ele>11.99</ele></trkpt><trkpt lat="37.131064" lon="126.694582"><time>2026-05-17T06:41:13.000Z</time><ele>12.08</ele></trkpt><trkpt lat="37.13095" lon="126.694471"><time>2026-05-17T06:41:14.000Z</time><ele>12.17</ele></trkpt><trkpt lat="37.13084" lon="126.694375"><time>2026-05-17T06:41:15.000Z</time><ele>12.06</ele></trkpt><trkpt lat="37.130726" lon="126.694278"><time>2026-05-17T06:41:16.000Z</time><ele>11.75</ele></trkpt><trkpt lat="37.13061" lon="126.694167"><time>2026-05-17T06:41:17.000Z</time><ele>11.72</ele></trkpt><trkpt lat="37.130493" lon="126.694064"><time>2026-05-17T06:41:18.000Z</time><ele>11.77</ele></trkpt><trkpt lat="37.130377" lon="126.693957"><time>2026-05-17T06:41:19.000Z</time><ele>11.71</ele></trkpt><trkpt lat="37.130265" lon="126.693863"><time>2026-05-17T06:41:20.000Z</time><ele>11.34</ele></trkpt><trkpt lat="37.130151" lon="126.69377"><time>2026-05-17T06:41:21.000Z</time><ele>11.52</ele></trkpt><trkpt lat="37.130035" lon="126.693669"><time>2026-05-17T06:41:22.000Z</time><ele>11.32</ele></trkpt><trkpt lat="37.129917" lon="126.693567"><time>2026-05-17T06:41:23.000Z</time><ele>11.05</ele></trkpt><trkpt lat="37.129793" lon="126.693469"><time>2026-05-17T06:41:24.000Z</time><ele>10.95</ele></trkpt><trkpt lat="37.129665" lon="126.693372"><time>2026-05-17T06:41:25.000Z</time><ele>10.95</ele></trkpt><trkpt lat="37.129531" lon="126.693272"><time>2026-05-17T06:41:26.000Z</time><ele>11.33</ele></trkpt><trkpt lat="37.129392" lon="126.693176"><time>2026-05-17T06:41:27.000Z</time><ele>11.02</ele></trkpt><trkpt lat="37.129247" lon="126.693078"><time>2026-05-17T06:41:28.000Z</time><ele>10.94</ele></trkpt><trkpt lat="37.129102" lon="126.692977"><time>2026-05-17T06:41:29.001Z</time><ele>10.77</ele></trkpt><trkpt lat="37.12895" lon="126.692878"><time>2026-05-17T06:41:30.001Z</time><ele>10.51</ele></trkpt><trkpt lat="37.128804" lon="126.692789"><time>2026-05-17T06:41:31.001Z</time><ele>9.92</ele></trkpt><trkpt lat="37.128666" lon="126.692699"><time>2026-05-17T06:41:32.001Z</time><ele>9.87</ele></trkpt><trkpt lat="37.128524" lon="126.692613"><time>2026-05-17T06:41:33.001Z</time><ele>9.8</ele></trkpt><trkpt lat="37.12838" lon="126.692535"><time>2026-05-17T06:41:34.001Z</time><ele>9.81</ele></trkpt><trkpt lat="37.128233" lon="126.692457"><time>2026-05-17T06:41:35.001Z</time><ele>9.81</ele></trkpt><trkpt lat="37.128087" lon="126.692377"><time>2026-05-17T06:41:36.001Z</time><ele>9.93</ele></trkpt><trkpt lat="37.127938" lon="126.692302"><time>2026-05-17T06:41:37.001Z</time><ele>10.21</ele></trkpt><trkpt lat="37.127792" lon="126.692232"><time>2026-05-17T06:41:38.001Z</time><ele>10.21</ele></trkpt><trkpt lat="37.127643" lon="126.692161"><time>2026-05-17T06:41:39.001Z</time><ele>10.23</ele></trkpt><trkpt lat="37.127495" lon="126.692095"><time>2026-05-17T06:41:40.001Z</time><ele>10.51</ele></trkpt><trkpt lat="37.127346" lon="126.69203"><time>2026-05-17T06:41:41.001Z</time><ele>10.66</ele></trkpt><trkpt lat="37.127193" lon="126.691968"><time>2026-05-17T06:41:42.001Z</time><ele>10.94</ele></trkpt><trkpt lat="37.127036" lon="126.691908"><time>2026-05-17T06:41:43.001Z</time><ele>11.36</ele></trkpt><trkpt lat="37.126869" lon="126.691846"><time>2026-05-17T06:41:44.001Z</time><ele>11.86</ele></trkpt><trkpt lat="37.1267" lon="126.691791"><time>2026-05-17T06:41:45.001Z</time><ele>12.48</ele></trkpt><trkpt lat="37.126523" lon="126.69174"><time>2026-05-17T06:41:46.001Z</time><ele>12.99</ele></trkpt><trkpt lat="37.126352" lon="126.691687"><time>2026-05-17T06:41:47.001Z</time><ele>13.43</ele></trkpt><trkpt lat="37.126201" lon="126.691642"><time>2026-05-17T06:41:48.001Z</time><ele>14.13</ele></trkpt><trkpt lat="37.126061" lon="126.691607"><time>2026-05-17T06:41:49.001Z</time><ele>14.17</ele></trkpt><trkpt lat="37.125932" lon="126.69157"><time>2026-05-17T06:41:50.001Z</time><ele>14.3</ele></trkpt><trkpt lat="37.125812" lon="126.691544"><time>2026-05-17T06:41:51.001Z</time><ele>14.45</ele></trkpt><trkpt lat="37.125688" lon="126.691515"><time>2026-05-17T06:41:52.001Z</time><ele>14.78</ele></trkpt><trkpt lat="37.12556" lon="126.691483"><time>2026-05-17T06:41:53.001Z</time><ele>15</ele></trkpt><trkpt lat="37.125431" lon="126.691454"><time>2026-05-17T06:41:54.001Z</time><ele>15.06</ele></trkpt><trkpt lat="37.125309" lon="126.691427"><time>2026-05-17T06:41:55.001Z</time><ele>15.38</ele></trkpt><trkpt lat="37.125185" lon="126.691393"><time>2026-05-17T06:41:56.001Z</time><ele>15.76</ele></trkpt><trkpt lat="37.125067" lon="126.691365"><time>2026-05-17T06:41:57.001Z</time><ele>15.67</ele></trkpt><trkpt lat="37.124965" lon="126.691345"><time>2026-05-17T06:41:58.001Z</time><ele>15.75</ele></trkpt><trkpt lat="37.124872" lon="126.691322"><time>2026-05-17T06:41:59.001Z</time><ele>15.96</ele></trkpt><trkpt lat="37.124779" lon="126.6913"><time>2026-05-17T06:42:00.001Z</time><ele>16.13</ele></trkpt><trkpt lat="37.124694" lon="126.69128"><time>2026-05-17T06:42:01.001Z</time><ele>16.62</ele></trkpt><trkpt lat="37.124617" lon="126.691262"><time>2026-05-17T06:42:02.001Z</time><ele>16.58</ele></trkpt><trkpt lat="37.124549" lon="126.691246"><time>2026-05-17T06:42:03.001Z</time><ele>16.74</ele></trkpt><trkpt lat="37.124485" lon="126.691232"><time>2026-05-17T06:42:04.001Z</time><ele>16.32</ele></trkpt><trkpt lat="37.124423" lon="126.69122"><time>2026-05-17T06:42:05.001Z</time><ele>16.8</ele></trkpt><trkpt lat="37.124366" lon="126.691207"><time>2026-05-17T06:42:06.001Z</time><ele>16.57</ele></trkpt><trkpt lat="37.124311" lon="126.691195"><time>2026-05-17T06:42:07.001Z</time><ele>16.68</ele></trkpt><trkpt lat="37.124262" lon="126.691184"><time>2026-05-17T06:42:08.001Z</time><ele>16.47</ele></trkpt><trkpt lat="37.1242" lon="126.691175"><time>2026-05-17T06:42:10.001Z</time><ele>16.83</ele></trkpt><trkpt lat="37.124155" lon="126.691179"><time>2026-05-17T06:42:34.001Z</time><ele>17.83</ele></trkpt><trkpt lat="37.124097" lon="126.691163"><time>2026-05-17T06:42:35.001Z</time><ele>17.82</ele></trkpt><trkpt lat="37.124041" lon="126.691152"><time>2026-05-17T06:42:36.001Z</time><ele>17.43</ele></trkpt><trkpt lat="37.123967" lon="126.691135"><time>2026-05-17T06:42:37.001Z</time><ele>17.43</ele></trkpt><trkpt lat="37.123883" lon="126.691121"><time>2026-05-17T06:42:38.001Z</time><ele>17.47</ele></trkpt><trkpt lat="37.123804" lon="126.691104"><time>2026-05-17T06:42:39.001Z</time><ele>17.42</ele></trkpt><trkpt lat="37.123712" lon="126.691083"><time>2026-05-17T06:42:40.001Z</time><ele>17.21</ele></trkpt><trkpt lat="37.123617" lon="126.691062"><time>2026-05-17T06:42:41.001Z</time><ele>17.11</ele></trkpt><trkpt lat="37.123525" lon="126.691042"><time>2026-05-17T06:42:42.001Z</time><ele>17.16</ele></trkpt><trkpt lat="37.123426" lon="126.691018"><time>2026-05-17T06:42:43.001Z</time><ele>17.38</ele></trkpt><trkpt lat="37.123324" lon="126.690994"><time>2026-05-17T06:42:44.002Z</time><ele>17.35</ele></trkpt><trkpt lat="37.123213" lon="126.690973"><time>2026-05-17T06:42:45.002Z</time><ele>17.2</ele></trkpt><trkpt lat="37.123093" lon="126.690944"><time>2026-05-17T06:42:46.002Z</time><ele>17.23</ele></trkpt><trkpt lat="37.122976" lon="126.690916"><time>2026-05-17T06:42:47.002Z</time><ele>17.06</ele></trkpt><trkpt lat="37.122477" lon="126.690794"><time>2026-05-17T06:42:51.000Z</time><ele>16.79</ele></trkpt><trkpt lat="37.12236" lon="126.690765"><time>2026-05-17T06:42:52.000Z</time><ele>16.74</ele></trkpt><trkpt lat="37.122245" lon="126.690735"><time>2026-05-17T06:42:53.000Z</time><ele>16.45</ele></trkpt><trkpt lat="37.122128" lon="126.690704"><time>2026-05-17T06:42:54.000Z</time><ele>16.55</ele></trkpt><trkpt lat="37.122004" lon="126.690677"><time>2026-05-17T06:42:55.000Z</time><ele>16.41</ele></trkpt><trkpt lat="37.121874" lon="126.690648"><time>2026-05-17T06:42:56.000Z</time><ele>16.06</ele></trkpt><trkpt lat="37.121739" lon="126.690616"><time>2026-05-17T06:42:57.000Z</time><ele>16.02</ele></trkpt><trkpt lat="37.121601" lon="126.690586"><time>2026-05-17T06:42:58.000Z</time><ele>15.7</ele></trkpt><trkpt lat="37.121473" lon="126.690561"><time>2026-05-17T06:42:59.000Z</time><ele>15.63</ele></trkpt><trkpt lat="37.12134" lon="126.690528"><time>2026-05-17T06:43:00.000Z</time><ele>15.95</ele></trkpt><trkpt lat="37.121209" lon="126.690498"><time>2026-05-17T06:43:01.000Z</time><ele>15.34</ele></trkpt><trkpt lat="37.12109" lon="126.690473"><time>2026-05-17T06:43:02.000Z</time><ele>15.01</ele></trkpt><trkpt lat="37.120975" lon="126.690448"><time>2026-05-17T06:43:03.000Z</time><ele>14.76</ele></trkpt><trkpt lat="37.120854" lon="126.690424"><time>2026-05-17T06:43:04.000Z</time><ele>15.01</ele></trkpt><trkpt lat="37.120729" lon="126.690395"><time>2026-05-17T06:43:05.000Z</time><ele>15.38</ele></trkpt><trkpt lat="37.120603" lon="126.690369"><time>2026-05-17T06:43:06.000Z</time><ele>15.58</ele></trkpt><trkpt lat="37.120473" lon="126.690336"><time>2026-05-17T06:43:07.000Z</time><ele>15.79</ele></trkpt><trkpt lat="37.12034" lon="126.690304"><time>2026-05-17T06:43:08.000Z</time><ele>15.73</ele></trkpt><trkpt lat="37.120202" lon="126.690271"><time>2026-05-17T06:43:09.000Z</time><ele>15.84</ele></trkpt><trkpt lat="37.120062" lon="126.690226"><time>2026-05-17T06:43:10.000Z</time><ele>15.75</ele></trkpt><trkpt lat="37.119922" lon="126.690181"><time>2026-05-17T06:43:11.000Z</time><ele>14.96</ele></trkpt><trkpt lat="37.119783" lon="126.690128"><time>2026-05-17T06:43:12.000Z</time><ele>14.64</ele></trkpt><trkpt lat="37.11965" lon="126.690068"><time>2026-05-17T06:43:13.000Z</time><ele>14.67</ele></trkpt><trkpt lat="37.119523" lon="126.690001"><time>2026-05-17T06:43:14.000Z</time><ele>14.23</ele></trkpt><trkpt lat="37.119397" lon="126.689917"><time>2026-05-17T06:43:15.000Z</time><ele>13.83</ele></trkpt><trkpt lat="37.119271" lon="126.68983"><time>2026-05-17T06:43:16.000Z</time><ele>13.49</ele></trkpt><trkpt lat="37.119141" lon="126.689732"><time>2026-05-17T06:43:17.000Z</time><ele>13.02</ele></trkpt><trkpt lat="37.119016" lon="126.689626"><time>2026-05-17T06:43:18.000Z</time><ele>12.69</ele></trkpt><trkpt lat="37.118901" lon="126.689515"><time>2026-05-17T06:43:19.000Z</time><ele>12</ele></trkpt><trkpt lat="37.118793" lon="126.689401"><time>2026-05-17T06:43:20.000Z</time><ele>11.52</ele></trkpt><trkpt lat="37.118697" lon="126.689294"><time>2026-05-17T06:43:21.000Z</time><ele>11.04</ele></trkpt><trkpt lat="37.118605" lon="126.689187"><time>2026-05-17T06:43:22.000Z</time><ele>10.23</ele></trkpt><trkpt lat="37.11851" lon="126.689071"><time>2026-05-17T06:43:23.000Z</time><ele>10.09</ele></trkpt><trkpt lat="37.118416" lon="126.68895"><time>2026-05-17T06:43:24.000Z</time><ele>8.23</ele></trkpt><trkpt lat="37.118349" lon="126.688817"><time>2026-05-17T06:43:25.000Z</time><ele>9.77</ele></trkpt><trkpt lat="37.118287" lon="126.688683"><time>2026-05-17T06:43:26.000Z</time><ele>10.08</ele></trkpt><trkpt lat="37.118222" lon="126.688538"><time>2026-05-17T06:43:27.000Z</time><ele>10.13</ele></trkpt><trkpt lat="37.118155" lon="126.6884"><time>2026-05-17T06:43:28.000Z</time><ele>10.9</ele></trkpt><trkpt lat="37.118088" lon="126.688255"><time>2026-05-17T06:43:29.000Z</time><ele>11.8</ele></trkpt><trkpt lat="37.118031" lon="126.688107"><time>2026-05-17T06:43:30.000Z</time><ele>10.87</ele></trkpt><trkpt lat="37.11796" lon="126.687931"><time>2026-05-17T06:43:31.000Z</time><ele>10.76</ele></trkpt><trkpt lat="37.117892" lon="126.68773"><time>2026-05-17T06:43:32.000Z</time><ele>11.32</ele></trkpt><trkpt lat="37.117819" lon="126.687519"><time>2026-05-17T06:43:33.001Z</time><ele>11.14</ele></trkpt><trkpt lat="37.117755" lon="126.687318"><time>2026-05-17T06:43:34.001Z</time><ele>11.47</ele></trkpt><trkpt lat="37.117696" lon="126.687139"><time>2026-05-17T06:43:35.001Z</time><ele>11.23</ele></trkpt><trkpt lat="37.117643" lon="126.686967"><time>2026-05-17T06:43:36.001Z</time><ele>10.94</ele></trkpt><trkpt lat="37.117592" lon="126.686807"><time>2026-05-17T06:43:37.001Z</time><ele>10.15</ele></trkpt><trkpt lat="37.117536" lon="126.686645"><time>2026-05-17T06:43:38.001Z</time><ele>10.02</ele></trkpt><trkpt lat="37.117483" lon="126.686472"><time>2026-05-17T06:43:39.001Z</time><ele>10.52</ele></trkpt><trkpt lat="37.117428" lon="126.686288"><time>2026-05-17T06:43:40.001Z</time><ele>9.68</ele></trkpt><trkpt lat="37.117036" lon="126.685106"><time>2026-05-17T06:43:48.001Z</time><ele>8.09</ele></trkpt><trkpt lat="37.117011" lon="126.684995"><time>2026-05-17T06:43:49.001Z</time><ele>8.6</ele></trkpt><trkpt lat="37.116983" lon="126.6849"><time>2026-05-17T06:43:50.001Z</time><ele>8.96</ele></trkpt><trkpt lat="37.116957" lon="126.684816"><time>2026-05-17T06:43:51.001Z</time><ele>8.84</ele></trkpt><trkpt lat="37.116932" lon="126.68474"><time>2026-05-17T06:43:52.001Z</time><ele>8.91</ele></trkpt><trkpt lat="37.116908" lon="126.684662"><time>2026-05-17T06:43:53.001Z</time><ele>9.01</ele></trkpt><trkpt lat="37.116885" lon="126.684579"><time>2026-05-17T06:43:54.001Z</time><ele>9.45</ele></trkpt><trkpt lat="37.116846" lon="126.684502"><time>2026-05-17T06:43:55.001Z</time><ele>9.68</ele></trkpt><trkpt lat="37.116819" lon="126.684441"><time>2026-05-17T06:43:56.001Z</time><ele>9.49</ele></trkpt><trkpt lat="37.1168" lon="126.68438"><time>2026-05-17T06:43:57.001Z</time><ele>9.44</ele></trkpt><trkpt lat="37.116785" lon="126.684308"><time>2026-05-17T06:43:58.001Z</time><ele>9.84</ele></trkpt><trkpt lat="37.116742" lon="126.684219"><time>2026-05-17T06:44:00.001Z</time><ele>9.44</ele></trkpt><trkpt lat="37.116776" lon="126.684169"><time>2026-05-17T06:44:01.001Z</time><ele>9.34</ele></trkpt><trkpt lat="37.11677" lon="126.684105"><time>2026-05-17T06:44:03.001Z</time><ele>10.96</ele></trkpt><trkpt lat="37.116756" lon="126.684039"><time>2026-05-17T06:44:05.001Z</time><ele>11.78</ele></trkpt><trkpt lat="37.116747" lon="126.683979"><time>2026-05-17T06:44:07.001Z</time><ele>12.21</ele></trkpt><trkpt lat="37.116743" lon="126.683917"><time>2026-05-17T06:44:11.001Z</time><ele>12.45</ele></trkpt><trkpt lat="37.116721" lon="126.683859"><time>2026-05-17T06:44:15.001Z</time><ele>12.75</ele></trkpt><trkpt lat="37.1167" lon="126.683808"><time>2026-05-17T06:44:19.001Z</time><ele>12.95</ele></trkpt><trkpt lat="37.116673" lon="126.683748"><time>2026-05-17T06:44:23.001Z</time><ele>12.51</ele></trkpt><trkpt lat="37.116657" lon="126.683683"><time>2026-05-17T06:44:25.001Z</time><ele>13.37</ele></trkpt><trkpt lat="37.116627" lon="126.683635"><time>2026-05-17T06:44:28.001Z</time><ele>12.98</ele></trkpt><trkpt lat="37.116634" lon="126.683572"><time>2026-05-17T06:44:30.001Z</time><ele>12.39</ele></trkpt><trkpt lat="37.116712" lon="126.683454"><time>2026-05-17T06:44:34.001Z</time><ele>11.13</ele></trkpt><trkpt lat="37.116758" lon="126.683394"><time>2026-05-17T06:44:36.001Z</time><ele>10.5</ele></trkpt><trkpt lat="37.116803" lon="126.683386"><time>2026-05-17T06:44:37.001Z</time><ele>10.28</ele></trkpt><trkpt lat="37.116859" lon="126.683331"><time>2026-05-17T06:44:39.001Z</time><ele>10.29</ele></trkpt><trkpt lat="37.116907" lon="126.68325"><time>2026-05-17T06:44:41.001Z</time><ele>10.07</ele></trkpt><trkpt lat="37.116936" lon="126.683206"><time>2026-05-17T06:44:42.001Z</time><ele>9.75</ele></trkpt><trkpt lat="37.116959" lon="126.683153"><time>2026-05-17T06:44:43.001Z</time><ele>10.01</ele></trkpt><trkpt lat="37.116975" lon="126.683097"><time>2026-05-17T06:44:44.001Z</time><ele>9.93</ele></trkpt><trkpt lat="37.11701" lon="126.682994"><time>2026-05-17T06:44:46.001Z</time><ele>10.08</ele></trkpt><trkpt lat="37.117029" lon="126.682933"><time>2026-05-17T06:44:47.001Z</time><ele>10.1</ele></trkpt><trkpt lat="37.117049" lon="126.68287"><time>2026-05-17T06:44:48.001Z</time><ele>10.2</ele></trkpt><trkpt lat="37.117087" lon="126.682791"><time>2026-05-17T06:44:50.002Z</time><ele>10.16</ele></trkpt><trkpt lat="37.117132" lon="126.682711"><time>2026-05-17T06:44:52.002Z</time><ele>9.88</ele></trkpt><trkpt lat="37.117156" lon="126.682658"><time>2026-05-17T06:44:53.002Z</time><ele>9.84</ele></trkpt><trkpt lat="37.117174" lon="126.682604"><time>2026-05-17T06:44:54.002Z</time><ele>9.75</ele></trkpt><trkpt lat="37.117193" lon="126.682535"><time>2026-05-17T06:44:56.002Z</time><ele>9.34</ele></trkpt><trkpt lat="37.117202" lon="126.682452"><time>2026-05-17T06:44:58.000Z</time><ele>9.12</ele></trkpt><trkpt lat="37.117081" lon="126.68236"><time>2026-05-17T06:45:04.000Z</time><ele>8.5</ele></trkpt><trkpt lat="37.117036" lon="126.682374"><time>2026-05-17T06:45:06.000Z</time><ele>8.81</ele></trkpt><trkpt lat="37.116968" lon="126.682411"><time>2026-05-17T06:45:09.000Z</time><ele>8.65</ele></trkpt><trkpt lat="37.116945" lon="126.682426"><time>2026-05-17T06:45:15.000Z</time><ele>8.13</ele></trkpt><trkpt lat="37.116974" lon="126.682115"><time>2026-05-17T06:45:24.000Z</time><ele>8.49</ele></trkpt><trkpt lat="37.116976" lon="126.682039"><time>2026-05-17T06:45:26.000Z</time><ele>8.2</ele></trkpt><trkpt lat="37.116986" lon="126.681703"><time>2026-05-17T06:45:41.001Z</time><ele>7.95</ele></trkpt><trkpt lat="37.116987" lon="126.681644"><time>2026-05-17T06:45:44.001Z</time><ele>7.97</ele></trkpt><trkpt lat="37.116991" lon="126.681585"><time>2026-05-17T06:45:55.001Z</time><ele>10.63</ele></trkpt><trkpt lat="37.116988" lon="126.681648"><time>2026-05-17T06:47:04.000Z</time><ele>11.81</ele></trkpt><trkpt lat="37.116986" lon="126.681715"><time>2026-05-17T06:47:09.000Z</time><ele>12.89</ele></trkpt><trkpt lat="37.116984" lon="126.681779"><time>2026-05-17T06:47:19.000Z</time><ele>12.67</ele></trkpt><trkpt lat="37.117069" lon="126.681832"><time>2026-05-17T06:47:32.000Z</time><ele>13.04</ele></trkpt><trkpt lat="37.117111" lon="126.681863"><time>2026-05-17T06:48:31.001Z</time><ele>11.47</ele></trkpt><trkpt lat="37.117063" lon="126.681851"><time>2026-05-17T06:48:53.001Z</time><ele>13.38</ele></trkpt><trkpt lat="37.117103" lon="126.68182"><time>2026-05-17T06:49:20.000Z</time><ele>12</ele></trkpt><trkpt lat="37.117088" lon="126.681757"><time>2026-05-17T06:51:35.000Z</time><ele>6.55</ele></trkpt><trkpt lat="37.117089" lon="126.681821"><time>2026-05-17T06:51:53.000Z</time><ele>5.75</ele></trkpt><trkpt lat="37.117099" lon="126.681765"><time>2026-05-17T06:57:48.000Z</time><ele>7</ele></trkpt><trkpt lat="37.117056" lon="126.681796"><time>2026-05-17T06:57:58.000Z</time><ele>6.36</ele></trkpt><trkpt lat="37.11708" lon="126.681848"><time>2026-05-17T06:58:07.000Z</time><ele>6.57</ele></trkpt><trkpt lat="37.117139" lon="126.681839"><time>2026-05-17T07:00:12.000Z</time><ele>7.06</ele></trkpt><trkpt lat="37.117093" lon="126.681846"><time>2026-05-17T07:01:24.001Z</time><ele>6.23</ele></trkpt><trkpt lat="37.117065" lon="126.681903"><time>2026-05-17T07:01:41.001Z</time><ele>6.23</ele></trkpt><trkpt lat="37.117067" lon="126.681961"><time>2026-05-17T07:01:49.000Z</time><ele>6.4</ele></trkpt><trkpt lat="37.117062" lon="126.682028"><time>2026-05-17T07:01:55.000Z</time><ele>6.12</ele></trkpt><trkpt lat="37.117064" lon="126.682088"><time>2026-05-17T07:02:01.000Z</time><ele>5.58</ele></trkpt><trkpt lat="37.117067" lon="126.682156"><time>2026-05-17T07:02:06.000Z</time><ele>5.73</ele></trkpt><trkpt lat="37.117057" lon="126.682213"><time>2026-05-17T07:02:11.000Z</time><ele>6.84</ele></trkpt><trkpt lat="37.117064" lon="126.682273"><time>2026-05-17T07:02:17.000Z</time><ele>6.7</ele></trkpt><trkpt lat="37.117059" lon="126.68233"><time>2026-05-17T07:02:22.000Z</time><ele>6.84</ele></trkpt><trkpt lat="37.11711" lon="126.682347"><time>2026-05-17T07:02:29.000Z</time><ele>7.33</ele></trkpt><trkpt lat="37.117167" lon="126.682343"><time>2026-05-17T07:02:36.000Z</time><ele>6.62</ele></trkpt><trkpt lat="37.117163" lon="126.682401"><time>2026-05-17T07:02:43.000Z</time><ele>7.17</ele></trkpt><trkpt lat="37.117139" lon="126.682453"><time>2026-05-17T07:02:47.001Z</time><ele>6.78</ele></trkpt><trkpt lat="37.11712" lon="126.682508"><time>2026-05-17T07:02:52.001Z</time><ele>6.85</ele></trkpt><trkpt lat="37.11712" lon="126.682564"><time>2026-05-17T07:02:56.001Z</time><ele>6.73</ele></trkpt><trkpt lat="37.117097" lon="126.682624"><time>2026-05-17T07:03:02.001Z</time><ele>6.8</ele></trkpt><trkpt lat="37.117082" lon="126.682681"><time>2026-05-17T07:03:06.001Z</time><ele>7.13</ele></trkpt><trkpt lat="37.117049" lon="126.68273"><time>2026-05-17T07:03:12.001Z</time><ele>6.65</ele></trkpt><trkpt lat="37.117008" lon="126.682771"><time>2026-05-17T07:03:17.001Z</time><ele>7.51</ele></trkpt><trkpt lat="37.116994" lon="126.682826"><time>2026-05-17T07:03:22.001Z</time><ele>7.87</ele></trkpt><trkpt lat="37.116981" lon="126.682881"><time>2026-05-17T07:03:28.001Z</time><ele>7.79</ele></trkpt><trkpt lat="37.116968" lon="126.682943"><time>2026-05-17T07:03:34.001Z</time><ele>7.97</ele></trkpt><trkpt lat="37.116952" lon="126.683006"><time>2026-05-17T07:03:39.001Z</time><ele>7.54</ele></trkpt><trkpt lat="37.11694" lon="126.683063"><time>2026-05-17T07:03:47.001Z</time><ele>7.05</ele></trkpt><trkpt lat="37.116925" lon="126.683126"><time>2026-05-17T07:03:53.000Z</time><ele>6.75</ele></trkpt><trkpt lat="37.116958" lon="126.683165"><time>2026-05-17T07:03:57.000Z</time><ele>5.96</ele></trkpt><trkpt lat="37.116958" lon="126.683227"><time>2026-05-17T07:04:02.000Z</time><ele>6.24</ele></trkpt><trkpt lat="37.116992" lon="126.683273"><time>2026-05-17T07:04:08.000Z</time><ele>6.57</ele></trkpt><trkpt lat="37.117043" lon="126.683272"><time>2026-05-17T07:04:13.000Z</time><ele>5.29</ele></trkpt><trkpt lat="37.117095" lon="126.683265"><time>2026-05-17T07:04:19.000Z</time><ele>5.65</ele></trkpt><trkpt lat="37.117143" lon="126.68326"><time>2026-05-17T07:04:25.000Z</time><ele>4.38</ele></trkpt><trkpt lat="37.117191" lon="126.683241"><time>2026-05-17T07:04:33.000Z</time><ele>4.64</ele></trkpt><trkpt lat="37.11724" lon="126.683228"><time>2026-05-17T07:04:40.000Z</time><ele>4.48</ele></trkpt><trkpt lat="37.11729" lon="126.683222"><time>2026-05-17T07:04:46.000Z</time><ele>4.75</ele></trkpt><trkpt lat="37.117339" lon="126.683218"><time>2026-05-17T07:04:53.000Z</time><ele>5.07</ele></trkpt><trkpt lat="37.117383" lon="126.683201"><time>2026-05-17T07:04:58.001Z</time><ele>5</ele></trkpt><trkpt lat="37.117437" lon="126.683197"><time>2026-05-17T07:05:03.001Z</time><ele>5.29</ele></trkpt><trkpt lat="37.11749" lon="126.683186"><time>2026-05-17T07:05:09.001Z</time><ele>5.45</ele></trkpt><trkpt lat="37.117542" lon="126.683182"><time>2026-05-17T07:05:14.001Z</time><ele>5.44</ele></trkpt><trkpt lat="37.117598" lon="126.683167"><time>2026-05-17T07:05:19.001Z</time><ele>6.07</ele></trkpt><trkpt lat="37.117646" lon="126.683173"><time>2026-05-17T07:05:24.001Z</time><ele>5.34</ele></trkpt><trkpt lat="37.117695" lon="126.683168"><time>2026-05-17T07:05:29.001Z</time><ele>5.54</ele></trkpt><trkpt lat="37.117751" lon="126.683161"><time>2026-05-17T07:05:34.001Z</time><ele>5.22</ele></trkpt><trkpt lat="37.117792" lon="126.683208"><time>2026-05-17T07:05:40.001Z</time><ele>4.36</ele></trkpt><trkpt lat="37.117825" lon="126.68326"><time>2026-05-17T07:05:46.001Z</time><ele>3.54</ele></trkpt><trkpt lat="37.117852" lon="126.68331"><time>2026-05-17T07:05:51.001Z</time><ele>3.17</ele></trkpt><trkpt lat="37.117874" lon="126.683363"><time>2026-05-17T07:06:01.000Z</time><ele>3.17</ele></trkpt><trkpt lat="37.117904" lon="126.68342"><time>2026-05-17T07:06:08.000Z</time><ele>2.66</ele></trkpt><trkpt lat="37.117928" lon="126.683474"><time>2026-05-17T07:06:14.000Z</time><ele>2.72</ele></trkpt><trkpt lat="37.117949" lon="126.683524"><time>2026-05-17T07:06:21.000Z</time><ele>2.73</ele></trkpt><trkpt lat="37.117978" lon="126.683576"><time>2026-05-17T07:06:27.000Z</time><ele>3</ele></trkpt><trkpt lat="37.117996" lon="126.683628"><time>2026-05-17T07:06:32.000Z</time><ele>3.87</ele></trkpt><trkpt lat="37.118039" lon="126.683652"><time>2026-05-17T07:08:19.000Z</time><ele>2.66</ele></trkpt><trkpt lat="37.11809" lon="126.683664"><time>2026-05-17T07:08:43.000Z</time><ele>4.2</ele></trkpt><trkpt lat="37.118136" lon="126.683674"><time>2026-05-17T07:08:53.000Z</time><ele>4.41</ele></trkpt><trkpt lat="37.118181" lon="126.683682"><time>2026-05-17T07:09:15.001Z</time><ele>4.52</ele></trkpt><trkpt lat="37.118229" lon="126.683693"><time>2026-05-17T07:09:26.001Z</time><ele>4.11</ele></trkpt><trkpt lat="37.118276" lon="126.683695"><time>2026-05-17T07:09:36.001Z</time><ele>4.08</ele></trkpt><trkpt lat="37.118322" lon="126.683704"><time>2026-05-17T07:10:15.000Z</time><ele>3.64</ele></trkpt><trkpt lat="37.118279" lon="126.68368"><time>2026-05-17T07:16:04.001Z</time><ele>6.07</ele></trkpt><trkpt lat="37.118225" lon="126.683679"><time>2026-05-17T07:16:13.001Z</time><ele>6.05</ele></trkpt><trkpt lat="37.118173" lon="126.683664"><time>2026-05-17T07:16:22.001Z</time><ele>6.22</ele></trkpt><trkpt lat="37.118128" lon="126.683658"><time>2026-05-17T07:16:28.000Z</time><ele>6.18</ele></trkpt><trkpt lat="37.118081" lon="126.683648"><time>2026-05-17T07:16:34.000Z</time><ele>5.95</ele></trkpt><trkpt lat="37.118034" lon="126.683632"><time>2026-05-17T07:16:40.000Z</time><ele>6.24</ele></trkpt><trkpt lat="37.117997" lon="126.683593"><time>2026-05-17T07:16:49.000Z</time><ele>5.54</ele></trkpt><trkpt lat="37.117978" lon="126.683542"><time>2026-05-17T07:16:54.000Z</time><ele>5.92</ele></trkpt><trkpt lat="37.117954" lon="126.683489"><time>2026-05-17T07:17:01.000Z</time><ele>6.04</ele></trkpt><trkpt lat="37.117926" lon="126.683437"><time>2026-05-17T07:17:07.000Z</time><ele>5.53</ele></trkpt><trkpt lat="37.117895" lon="126.683377"><time>2026-05-17T07:17:14.000Z</time><ele>5.6</ele></trkpt><trkpt lat="37.117866" lon="126.683321"><time>2026-05-17T07:17:20.000Z</time><ele>5.7</ele></trkpt><trkpt lat="37.117843" lon="126.683265"><time>2026-05-17T07:17:26.000Z</time><ele>5.69</ele></trkpt><trkpt lat="37.117818" lon="126.683217"><time>2026-05-17T07:17:31.000Z</time><ele>5.84</ele></trkpt><trkpt lat="37.117786" lon="126.683166"><time>2026-05-17T07:17:38.001Z</time><ele>5.55</ele></trkpt><trkpt lat="37.117732" lon="126.683175"><time>2026-05-17T07:17:43.001Z</time><ele>5.47</ele></trkpt><trkpt lat="37.117675" lon="126.683176"><time>2026-05-17T07:17:49.001Z</time><ele>5.17</ele></trkpt><trkpt lat="37.117616" lon="126.683176"><time>2026-05-17T07:17:55.001Z</time><ele>4.65</ele></trkpt><trkpt lat="37.117566" lon="126.683182"><time>2026-05-17T07:18:01.001Z</time><ele>4.17</ele></trkpt><trkpt lat="37.117512" lon="126.683184"><time>2026-05-17T07:18:06.001Z</time><ele>4.8</ele></trkpt><trkpt lat="37.117462" lon="126.683192"><time>2026-05-17T07:18:11.001Z</time><ele>4.69</ele></trkpt><trkpt lat="37.117406" lon="126.683193"><time>2026-05-17T07:18:17.001Z</time><ele>5.01</ele></trkpt><trkpt lat="37.117357" lon="126.683198"><time>2026-05-17T07:18:22.001Z</time><ele>4.81</ele></trkpt><trkpt lat="37.11731" lon="126.683209"><time>2026-05-17T07:18:27.001Z</time><ele>5.2</ele></trkpt><trkpt lat="37.11726" lon="126.683213"><time>2026-05-17T07:18:32.001Z</time><ele>4.77</ele></trkpt><trkpt lat="37.117213" lon="126.683253"><time>2026-05-17T07:18:49.000Z</time><ele>3.96</ele></trkpt><trkpt lat="37.117168" lon="126.68322"><time>2026-05-17T07:20:07.001Z</time><ele>5.31</ele></trkpt><trkpt lat="37.11712" lon="126.68322"><time>2026-05-17T07:20:13.001Z</time><ele>5.26</ele></trkpt><trkpt lat="37.117067" lon="126.683224"><time>2026-05-17T07:20:18.001Z</time><ele>6.05</ele></trkpt><trkpt lat="37.117013" lon="126.683225"><time>2026-05-17T07:20:24.001Z</time><ele>6.68</ele></trkpt><trkpt lat="37.116988" lon="126.683171"><time>2026-05-17T07:20:37.001Z</time><ele>6.88</ele></trkpt><trkpt lat="37.117011" lon="126.683109"><time>2026-05-17T07:20:43.000Z</time><ele>6.76</ele></trkpt><trkpt lat="37.117025" lon="126.683051"><time>2026-05-17T07:20:50.000Z</time><ele>6.67</ele></trkpt><trkpt lat="37.117038" lon="126.682992"><time>2026-05-17T07:20:57.000Z</time><ele>6.63</ele></trkpt><trkpt lat="37.117064" lon="126.682946"><time>2026-05-17T07:21:03.000Z</time><ele>6.75</ele></trkpt><trkpt lat="37.117086" lon="126.682889"><time>2026-05-17T07:21:17.000Z</time><ele>6.18</ele></trkpt><trkpt lat="37.117072" lon="126.682819"><time>2026-05-17T07:21:33.000Z</time><ele>7.32</ele></trkpt><trkpt lat="37.117061" lon="126.682757"><time>2026-05-17T07:21:38.000Z</time><ele>7.78</ele></trkpt><trkpt lat="37.117049" lon="126.682699"><time>2026-05-17T07:21:43.000Z</time><ele>7.63</ele></trkpt><trkpt lat="37.117046" lon="126.682642"><time>2026-05-17T07:21:48.001Z</time><ele>7.23</ele></trkpt><trkpt lat="37.117078" lon="126.682601"><time>2026-05-17T07:21:54.001Z</time><ele>6.49</ele></trkpt><trkpt lat="37.117061" lon="126.68253"><time>2026-05-17T07:21:59.001Z</time><ele>6.65</ele></trkpt><trkpt lat="37.117053" lon="126.682462"><time>2026-05-17T07:22:05.001Z</time><ele>7.14</ele></trkpt><trkpt lat="37.117058" lon="126.682399"><time>2026-05-17T07:22:10.001Z</time><ele>7.27</ele></trkpt><trkpt lat="37.11708" lon="126.682343"><time>2026-05-17T07:22:15.001Z</time><ele>6.83</ele></trkpt><trkpt lat="37.117097" lon="126.682285"><time>2026-05-17T07:22:20.001Z</time><ele>6.34</ele></trkpt><trkpt lat="37.117082" lon="126.682226"><time>2026-05-17T07:22:28.001Z</time><ele>5.68</ele></trkpt><trkpt lat="37.117094" lon="126.682158"><time>2026-05-17T07:22:33.001Z</time><ele>5.69</ele></trkpt><trkpt lat="37.1171" lon="126.682102"><time>2026-05-17T07:22:37.001Z</time><ele>6.27</ele></trkpt><trkpt lat="37.117088" lon="126.682034"><time>2026-05-17T07:22:43.001Z</time><ele>6.39</ele></trkpt><trkpt lat="37.11709" lon="126.681973"><time>2026-05-17T07:22:48.000Z</time><ele>6.59</ele></trkpt><trkpt lat="37.117084" lon="126.681905"><time>2026-05-17T07:22:52.000Z</time><ele>6.43</ele></trkpt><trkpt lat="37.117115" lon="126.681854"><time>2026-05-17T07:23:01.000Z</time><ele>6.7</ele></trkpt><trkpt lat="37.117133" lon="126.681786"><time>2026-05-17T07:23:10.000Z</time><ele>6.76</ele></trkpt><trkpt lat="37.117134" lon="126.681729"><time>2026-05-17T07:23:20.000Z</time><ele>7.17</ele></trkpt><trkpt lat="37.117129" lon="126.681667"><time>2026-05-17T07:23:24.000Z</time><ele>7.57</ele></trkpt><trkpt lat="37.117129" lon="126.681605"><time>2026-05-17T07:23:28.000Z</time><ele>8.5</ele></trkpt><trkpt lat="37.117096" lon="126.681566"><time>2026-05-17T07:23:34.000Z</time><ele>8.18</ele></trkpt><trkpt lat="37.117053" lon="126.681545"><time>2026-05-17T07:23:46.000Z</time><ele>7.14</ele></trkpt><trkpt lat="37.117006" lon="126.68153"><time>2026-05-17T07:26:32.001Z</time><ele>7.54</ele></trkpt><trkpt lat="37.116992" lon="126.681474"><time>2026-05-17T07:26:37.001Z</time><ele>7.97</ele></trkpt><trkpt lat="37.116994" lon="126.681359"><time>2026-05-17T07:26:42.001Z</time><ele>7.43</ele></trkpt><trkpt lat="37.116997" lon="126.681266"><time>2026-05-17T07:26:44.001Z</time><ele>7.13</ele></trkpt><trkpt lat="37.116997" lon="126.681203"><time>2026-05-17T07:26:47.001Z</time><ele>6.91</ele></trkpt><trkpt lat="37.116991" lon="126.681141"><time>2026-05-17T07:26:51.001Z</time><ele>6.78</ele></trkpt><trkpt lat="37.116948" lon="126.681078"><time>2026-05-17T07:26:53.001Z</time><ele>6.48</ele></trkpt><trkpt lat="37.11686" lon="126.681069"><time>2026-05-17T07:26:55.001Z</time><ele>6.32</ele></trkpt><trkpt lat="37.116773" lon="126.681065"><time>2026-05-17T07:26:57.000Z</time><ele>5.91</ele></trkpt><trkpt lat="37.116726" lon="126.681064"><time>2026-05-17T07:26:58.000Z</time><ele>6</ele></trkpt><trkpt lat="37.116678" lon="126.681063"><time>2026-05-17T07:26:59.000Z</time><ele>5.93</ele></trkpt><trkpt lat="37.116631" lon="126.681065"><time>2026-05-17T07:27:00.000Z</time><ele>6.01</ele></trkpt><trkpt lat="37.116582" lon="126.681059"><time>2026-05-17T07:27:01.000Z</time><ele>6.26</ele></trkpt><trkpt lat="37.116533" lon="126.681052"><time>2026-05-17T07:27:02.000Z</time><ele>5.88</ele></trkpt><trkpt lat="37.116483" lon="126.681048"><time>2026-05-17T07:27:03.000Z</time><ele>6.02</ele></trkpt><trkpt lat="37.116434" lon="126.681047"><time>2026-05-17T07:27:04.000Z</time><ele>6.11</ele></trkpt><trkpt lat="37.116383" lon="126.68105"><time>2026-05-17T07:27:05.000Z</time><ele>6.22</ele></trkpt><trkpt lat="37.11633" lon="126.681048"><time>2026-05-17T07:27:06.000Z</time><ele>6.18</ele></trkpt><trkpt lat="37.116277" lon="126.681045"><time>2026-05-17T07:27:07.000Z</time><ele>6.05</ele></trkpt><trkpt lat="37.116219" lon="126.681036"><time>2026-05-17T07:27:08.000Z</time><ele>6.08</ele></trkpt><trkpt lat="37.116155" lon="126.681028"><time>2026-05-17T07:27:09.000Z</time><ele>6.37</ele></trkpt><trkpt lat="37.116098" lon="126.681025"><time>2026-05-17T07:27:10.000Z</time><ele>6.43</ele></trkpt><trkpt lat="37.116036" lon="126.681018"><time>2026-05-17T07:27:12.000Z</time><ele>6.8</ele></trkpt><trkpt lat="37.115942" lon="126.681008"><time>2026-05-17T07:27:14.000Z</time><ele>7.02</ele></trkpt><trkpt lat="37.11589" lon="126.681001"><time>2026-05-17T07:27:15.000Z</time><ele>7.2</ele></trkpt><trkpt lat="37.115841" lon="126.680984"><time>2026-05-17T07:27:16.000Z</time><ele>7.26</ele></trkpt><trkpt lat="37.115793" lon="126.680975"><time>2026-05-17T07:27:17.000Z</time><ele>7.29</ele></trkpt><trkpt lat="37.115727" lon="126.68095"><time>2026-05-17T07:27:19.000Z</time><ele>7.35</ele></trkpt><trkpt lat="37.115656" lon="126.680923"><time>2026-05-17T07:27:21.000Z</time><ele>7.39</ele></trkpt><trkpt lat="37.115589" lon="126.680899"><time>2026-05-17T07:27:23.000Z</time><ele>7.24</ele></trkpt><trkpt lat="37.115506" lon="126.680896"><time>2026-05-17T07:27:25.000Z</time><ele>7.46</ele></trkpt><trkpt lat="37.115458" lon="126.680896"><time>2026-05-17T07:27:26.000Z</time><ele>7.52</ele></trkpt><trkpt lat="37.11541" lon="126.680893"><time>2026-05-17T07:27:27.000Z</time><ele>7.76</ele></trkpt><trkpt lat="37.115366" lon="126.680911"><time>2026-05-17T07:27:28.000Z</time><ele>7.99</ele></trkpt><trkpt lat="37.115333" lon="126.680955"><time>2026-05-17T07:27:29.000Z</time><ele>8.06</ele></trkpt><trkpt lat="37.115294" lon="126.681019"><time>2026-05-17T07:27:30.000Z</time><ele>7.98</ele></trkpt><trkpt lat="37.115275" lon="126.681102"><time>2026-05-17T07:27:31.000Z</time><ele>8.3</ele></trkpt><trkpt lat="37.115259" lon="126.681203"><time>2026-05-17T07:27:32.000Z</time><ele>7.99</ele></trkpt><trkpt lat="37.115236" lon="126.681307"><time>2026-05-17T07:27:33.000Z</time><ele>7.73</ele></trkpt><trkpt lat="37.115227" lon="126.681422"><time>2026-05-17T07:27:34.000Z</time><ele>7.61</ele></trkpt><trkpt lat="37.115221" lon="126.681528"><time>2026-05-17T07:27:35.000Z</time><ele>7.66</ele></trkpt><trkpt lat="37.115213" lon="126.681629"><time>2026-05-17T07:27:36.000Z</time><ele>7.62</ele></trkpt><trkpt lat="37.115211" lon="126.68174"><time>2026-05-17T07:27:37.000Z</time><ele>7.74</ele></trkpt><trkpt lat="37.115214" lon="126.681857"><time>2026-05-17T07:27:38.000Z</time><ele>7.73</ele></trkpt><trkpt lat="37.115206" lon="126.681978"><time>2026-05-17T07:27:39.000Z</time><ele>7.86</ele></trkpt><trkpt lat="37.1152" lon="126.682103"><time>2026-05-17T07:27:40.000Z</time><ele>7.93</ele></trkpt><trkpt lat="37.115193" lon="126.68223"><time>2026-05-17T07:27:41.000Z</time><ele>8.08</ele></trkpt><trkpt lat="37.115185" lon="126.682363"><time>2026-05-17T07:27:42.000Z</time><ele>8.05</ele></trkpt><trkpt lat="37.115182" lon="126.682501"><time>2026-05-17T07:27:43.000Z</time><ele>8.39</ele></trkpt><trkpt lat="37.115178" lon="126.682633"><time>2026-05-17T07:27:44.000Z</time><ele>8.16</ele></trkpt><trkpt lat="37.115118" lon="126.683614"><time>2026-05-17T07:27:53.000Z</time><ele>8.95</ele></trkpt><trkpt lat="37.115114" lon="126.683686"><time>2026-05-17T07:27:54.000Z</time><ele>9.12</ele></trkpt><trkpt lat="37.115115" lon="126.683773"><time>2026-05-17T07:27:56.000Z</time><ele>8.97</ele></trkpt><trkpt lat="37.115155" lon="126.683942"><time>2026-05-17T07:27:59.000Z</time><ele>9.18</ele></trkpt><trkpt lat="37.1153" lon="126.684019"><time>2026-05-17T07:28:02.000Z</time><ele>9.31</ele></trkpt><trkpt lat="37.115353" lon="126.684026"><time>2026-05-17T07:28:03.000Z</time><ele>9.1</ele></trkpt><trkpt lat="37.115438" lon="126.684034"><time>2026-05-17T07:28:05.000Z</time><ele>9.12</ele></trkpt><trkpt lat="37.115506" lon="126.684036"><time>2026-05-17T07:28:07.000Z</time><ele>8.9</ele></trkpt><trkpt lat="37.115591" lon="126.68405"><time>2026-05-17T07:28:09.000Z</time><ele>8.86</ele></trkpt><trkpt lat="37.115652" lon="126.684056"><time>2026-05-17T07:28:11.000Z</time><ele>8.97</ele></trkpt><trkpt lat="37.115729" lon="126.684057"><time>2026-05-17T07:28:13.001Z</time><ele>8.84</ele></trkpt><trkpt lat="37.115811" lon="126.684068"><time>2026-05-17T07:28:15.001Z</time><ele>8.99</ele></trkpt><trkpt lat="37.115871" lon="126.684067"><time>2026-05-17T07:28:17.001Z</time><ele>9.01</ele></trkpt><trkpt lat="37.115931" lon="126.684075"><time>2026-05-17T07:28:19.001Z</time><ele>9.01</ele></trkpt><trkpt lat="37.115987" lon="126.684081"><time>2026-05-17T07:28:21.001Z</time><ele>9.2</ele></trkpt><trkpt lat="37.116044" lon="126.684098"><time>2026-05-17T07:28:24.001Z</time><ele>9.25</ele></trkpt><trkpt lat="37.116089" lon="126.684104"><time>2026-05-17T07:28:26.001Z</time><ele>9.22</ele></trkpt><trkpt lat="37.116144" lon="126.68412"><time>2026-05-17T07:28:28.001Z</time><ele>9.44</ele></trkpt><trkpt lat="37.116191" lon="126.684139"><time>2026-05-17T07:28:30.001Z</time><ele>9.49</ele></trkpt><trkpt lat="37.116265" lon="126.684167"><time>2026-05-17T07:28:32.001Z</time><ele>9.54</ele></trkpt><trkpt lat="37.11634" lon="126.684207"><time>2026-05-17T07:28:34.001Z</time><ele>9.26</ele></trkpt><trkpt lat="37.116388" lon="126.684239"><time>2026-05-17T07:28:36.001Z</time><ele>8.98</ele></trkpt><trkpt lat="37.116442" lon="126.68428"><time>2026-05-17T07:28:38.001Z</time><ele>8.82</ele></trkpt><trkpt lat="37.116495" lon="126.684331"><time>2026-05-17T07:28:40.001Z</time><ele>8.79</ele></trkpt><trkpt lat="37.116551" lon="126.684384"><time>2026-05-17T07:28:42.001Z</time><ele>9.03</ele></trkpt><trkpt lat="37.116602" lon="126.68443"><time>2026-05-17T07:28:44.001Z</time><ele>9.02</ele></trkpt><trkpt lat="37.116646" lon="126.684483"><time>2026-05-17T07:28:46.001Z</time><ele>8.75</ele></trkpt><trkpt lat="37.116689" lon="126.684557"><time>2026-05-17T07:28:48.001Z</time><ele>8.58</ele></trkpt><trkpt lat="37.116731" lon="126.684633"><time>2026-05-17T07:28:50.001Z</time><ele>8.54</ele></trkpt><trkpt lat="37.117097" lon="126.685662"><time>2026-05-17T07:29:03.999Z</time><ele>8.67</ele></trkpt><trkpt lat="37.11713" lon="126.685763"><time>2026-05-17T07:29:04.999Z</time><ele>8.52</ele></trkpt><trkpt lat="37.117163" lon="126.685868"><time>2026-05-17T07:29:05.999Z</time><ele>8.68</ele></trkpt><trkpt lat="37.117198" lon="126.685969"><time>2026-05-17T07:29:06.999Z</time><ele>8.56</ele></trkpt><trkpt lat="37.117229" lon="126.686063"><time>2026-05-17T07:29:07.999Z</time><ele>8.44</ele></trkpt><trkpt lat="37.11726" lon="126.686162"><time>2026-05-17T07:29:08.999Z</time><ele>8.58</ele></trkpt><trkpt lat="37.117291" lon="126.686265"><time>2026-05-17T07:29:09.999Z</time><ele>8.54</ele></trkpt><trkpt lat="37.117323" lon="126.686371"><time>2026-05-17T07:29:10.999Z</time><ele>8.34</ele></trkpt><trkpt lat="37.117359" lon="126.686473"><time>2026-05-17T07:29:11.999Z</time><ele>8.19</ele></trkpt><trkpt lat="37.117394" lon="126.686577"><time>2026-05-17T07:29:12.999Z</time><ele>8.13</ele></trkpt><trkpt lat="37.11743" lon="126.686676"><time>2026-05-17T07:29:13.999Z</time><ele>7.85</ele></trkpt><trkpt lat="37.117465" lon="126.686776"><time>2026-05-17T07:29:14.999Z</time><ele>7.67</ele></trkpt><trkpt lat="37.117498" lon="126.686878"><time>2026-05-17T07:29:15.999Z</time><ele>7.63</ele></trkpt><trkpt lat="37.117533" lon="126.68699"><time>2026-05-17T07:29:16.999Z</time><ele>7.72</ele></trkpt><trkpt lat="37.117569" lon="126.687116"><time>2026-05-17T07:29:17.999Z</time><ele>7.87</ele></trkpt><trkpt lat="37.117613" lon="126.687252"><time>2026-05-17T07:29:18.999Z</time><ele>8</ele></trkpt><trkpt lat="37.117656" lon="126.687391"><time>2026-05-17T07:29:19.999Z</time><ele>8.08</ele></trkpt><trkpt lat="37.117697" lon="126.687538"><time>2026-05-17T07:29:20.999Z</time><ele>8.1</ele></trkpt><trkpt lat="37.117727" lon="126.687671"><time>2026-05-17T07:29:21.999Z</time><ele>8.35</ele></trkpt><trkpt lat="37.11776" lon="126.687792"><time>2026-05-17T07:29:22.999Z</time><ele>8.43</ele></trkpt><trkpt lat="37.117795" lon="126.6879"><time>2026-05-17T07:29:23.999Z</time><ele>8.44</ele></trkpt><trkpt lat="37.117825" lon="126.688"><time>2026-05-17T07:29:24.999Z</time><ele>8.56</ele></trkpt><trkpt lat="37.117851" lon="126.688092"><time>2026-05-17T07:29:26.000Z</time><ele>8.66</ele></trkpt><trkpt lat="37.11788" lon="126.688188"><time>2026-05-17T07:29:27.000Z</time><ele>8.72</ele></trkpt><trkpt lat="37.117913" lon="126.68828"><time>2026-05-17T07:29:28.000Z</time><ele>8.7</ele></trkpt><trkpt lat="37.117961" lon="126.688373"><time>2026-05-17T07:29:29.000Z</time><ele>8.72</ele></trkpt><trkpt lat="37.118006" lon="126.688465"><time>2026-05-17T07:29:30.000Z</time><ele>9.06</ele></trkpt><trkpt lat="37.11805" lon="126.688558"><time>2026-05-17T07:29:31.000Z</time><ele>9.09</ele></trkpt><trkpt lat="37.118085" lon="126.688632"><time>2026-05-17T07:29:32.000Z</time><ele>8.95</ele></trkpt><trkpt lat="37.118116" lon="126.688705"><time>2026-05-17T07:29:33.000Z</time><ele>9.04</ele></trkpt><trkpt lat="37.118154" lon="126.688781"><time>2026-05-17T07:29:34.000Z</time><ele>9.4</ele></trkpt><trkpt lat="37.118186" lon="126.688846"><time>2026-05-17T07:29:35.000Z</time><ele>9.52</ele></trkpt><trkpt lat="37.118212" lon="126.688908"><time>2026-05-17T07:29:36.000Z</time><ele>9.65</ele></trkpt><trkpt lat="37.11825" lon="126.688948"><time>2026-05-17T07:29:37.000Z</time><ele>9.73</ele></trkpt><trkpt lat="37.118194" lon="126.689166"><time>2026-05-17T07:29:40.000Z</time><ele>10.17</ele></trkpt><trkpt lat="37.118182" lon="126.689231"><time>2026-05-17T07:29:41.000Z</time><ele>10.33</ele></trkpt><trkpt lat="37.118098" lon="126.689267"><time>2026-05-17T07:29:42.000Z</time><ele>10.22</ele></trkpt><trkpt lat="37.118043" lon="126.689325"><time>2026-05-17T07:29:43.000Z</time><ele>10.29</ele></trkpt><trkpt lat="37.117986" lon="126.689382"><time>2026-05-17T07:29:44.000Z</time><ele>10.23</ele></trkpt><trkpt lat="37.117927" lon="126.689448"><time>2026-05-17T07:29:45.000Z</time><ele>9.93</ele></trkpt><trkpt lat="37.117864" lon="126.68952"><time>2026-05-17T07:29:46.000Z</time><ele>9.68</ele></trkpt><trkpt lat="37.117797" lon="126.689599"><time>2026-05-17T07:29:47.000Z</time><ele>9.53</ele></trkpt><trkpt lat="37.117722" lon="126.689683"><time>2026-05-17T07:29:48.000Z</time><ele>9.15</ele></trkpt><trkpt lat="37.117644" lon="126.689769"><time>2026-05-17T07:29:49.000Z</time><ele>8.75</ele></trkpt><trkpt lat="37.117567" lon="126.689862"><time>2026-05-17T07:29:50.000Z</time><ele>8.29</ele></trkpt><trkpt lat="37.117488" lon="126.689954"><time>2026-05-17T07:29:51.000Z</time><ele>7.81</ele></trkpt><trkpt lat="37.117412" lon="126.690041"><time>2026-05-17T07:29:52.000Z</time><ele>7.62</ele></trkpt><trkpt lat="37.117335" lon="126.690129"><time>2026-05-17T07:29:53.000Z</time><ele>7.12</ele></trkpt><trkpt lat="37.117256" lon="126.690217"><time>2026-05-17T07:29:54.000Z</time><ele>6.78</ele></trkpt><trkpt lat="37.117176" lon="126.690313"><time>2026-05-17T07:29:55.000Z</time><ele>6.46</ele></trkpt><trkpt lat="37.117087" lon="126.690415"><time>2026-05-17T07:29:56.000Z</time><ele>6.11</ele></trkpt><trkpt lat="37.116989" lon="126.690532"><time>2026-05-17T07:29:57.000Z</time><ele>5.67</ele></trkpt><trkpt lat="37.116886" lon="126.690658"><time>2026-05-17T07:29:58.000Z</time><ele>5.83</ele></trkpt><trkpt lat="37.116784" lon="126.690796"><time>2026-05-17T07:29:59.000Z</time><ele>5.55</ele></trkpt><trkpt lat="37.116697" lon="126.690914"><time>2026-05-17T07:30:00.000Z</time><ele>4.87</ele></trkpt><trkpt lat="37.116612" lon="126.691007"><time>2026-05-17T07:30:01.000Z</time><ele>4.74</ele></trkpt><trkpt lat="37.116546" lon="126.69109"><time>2026-05-17T07:30:02.000Z</time><ele>4</ele></trkpt><trkpt lat="37.116472" lon="126.69119"><time>2026-05-17T07:30:03.000Z</time><ele>2.86</ele></trkpt><trkpt lat="37.116373" lon="126.691312"><time>2026-05-17T07:30:04.000Z</time><ele>2.86</ele></trkpt><trkpt lat="37.11628" lon="126.691438"><time>2026-05-17T07:30:05.000Z</time><ele>2.72</ele></trkpt><trkpt lat="37.116185" lon="126.691578"><time>2026-05-17T07:30:06.000Z</time><ele>2.81</ele></trkpt><trkpt lat="37.11609" lon="126.691729"><time>2026-05-17T07:30:07.000Z</time><ele>2.76</ele></trkpt><trkpt lat="37.115995" lon="126.69188"><time>2026-05-17T07:30:08.000Z</time><ele>2.44</ele></trkpt><trkpt lat="37.11592" lon="126.692035"><time>2026-05-17T07:30:09.000Z</time><ele>2.38</ele></trkpt><trkpt lat="37.115854" lon="126.692197"><time>2026-05-17T07:30:10.000Z</time><ele>2.65</ele></trkpt><trkpt lat="37.115799" lon="126.692368"><time>2026-05-17T07:30:11.000Z</time><ele>2.7</ele></trkpt><trkpt lat="37.115752" lon="126.692543"><time>2026-05-17T07:30:12.000Z</time><ele>2.69</ele></trkpt><trkpt lat="37.115704" lon="126.69272"><time>2026-05-17T07:30:13.000Z</time><ele>2.66</ele></trkpt><trkpt lat="37.115657" lon="126.692896"><time>2026-05-17T07:30:14.000Z</time><ele>2.24</ele></trkpt><trkpt lat="37.115601" lon="126.693074"><time>2026-05-17T07:30:15.000Z</time><ele>2.43</ele></trkpt><trkpt lat="37.11555" lon="126.693251"><time>2026-05-17T07:30:16.000Z</time><ele>2.27</ele></trkpt><trkpt lat="37.115499" lon="126.693431"><time>2026-05-17T07:30:17.000Z</time><ele>2.65</ele></trkpt><trkpt lat="37.115449" lon="126.693607"><time>2026-05-17T07:30:18.000Z</time><ele>2.67</ele></trkpt><trkpt lat="37.115398" lon="126.69379"><time>2026-05-17T07:30:19.000Z</time><ele>2.73</ele></trkpt><trkpt lat="37.115369" lon="126.693981"><time>2026-05-17T07:30:20.000Z</time><ele>2.4</ele></trkpt><trkpt lat="37.115346" lon="126.694171"><time>2026-05-17T07:30:21.000Z</time><ele>2.48</ele></trkpt><trkpt lat="37.115327" lon="126.694372"><time>2026-05-17T07:30:22.000Z</time><ele>2.78</ele></trkpt><trkpt lat="37.115318" lon="126.694595"><time>2026-05-17T07:30:23.000Z</time><ele>3.02</ele></trkpt><trkpt lat="37.115322" lon="126.694829"><time>2026-05-17T07:30:24.000Z</time><ele>3.14</ele></trkpt><trkpt lat="37.115335" lon="126.695061"><time>2026-05-17T07:30:25.000Z</time><ele>3.29</ele></trkpt><trkpt lat="37.115365" lon="126.695297"><time>2026-05-17T07:30:26.000Z</time><ele>3.42</ele></trkpt><trkpt lat="37.115415" lon="126.695548"><time>2026-05-17T07:30:27.000Z</time><ele>3.41</ele></trkpt><trkpt lat="37.115483" lon="126.695809"><time>2026-05-17T07:30:28.000Z</time><ele>3.38</ele></trkpt><trkpt lat="37.115569" lon="126.696053"><time>2026-05-17T07:30:29.000Z</time><ele>3.09</ele></trkpt><trkpt lat="37.115649" lon="126.696264"><time>2026-05-17T07:30:30.000Z</time><ele>3.05</ele></trkpt><trkpt lat="37.115723" lon="126.69647"><time>2026-05-17T07:30:31.001Z</time><ele>2.88</ele></trkpt><trkpt lat="37.115795" lon="126.696682"><time>2026-05-17T07:30:32.001Z</time><ele>2.78</ele></trkpt><trkpt lat="37.115869" lon="126.696891"><time>2026-05-17T07:30:33.001Z</time><ele>2.96</ele></trkpt><trkpt lat="37.115937" lon="126.697098"><time>2026-05-17T07:30:34.001Z</time><ele>2.85</ele></trkpt><trkpt lat="37.11601" lon="126.697301"><time>2026-05-17T07:30:35.001Z</time><ele>2.56</ele></trkpt><trkpt lat="37.116086" lon="126.69751"><time>2026-05-17T07:30:36.001Z</time><ele>2.62</ele></trkpt><trkpt lat="37.116157" lon="126.697722"><time>2026-05-17T07:30:37.001Z</time><ele>2.79</ele></trkpt><trkpt lat="37.116225" lon="126.697923"><time>2026-05-17T07:30:38.001Z</time><ele>2.76</ele></trkpt><trkpt lat="37.116294" lon="126.698122"><time>2026-05-17T07:30:39.001Z</time><ele>2.37</ele></trkpt><trkpt lat="37.116363" lon="126.698324"><time>2026-05-17T07:30:40.001Z</time><ele>2.42</ele></trkpt><trkpt lat="37.11643" lon="126.698525"><time>2026-05-17T07:30:41.001Z</time><ele>2.36</ele></trkpt><trkpt lat="37.116493" lon="126.698714"><time>2026-05-17T07:30:42.001Z</time><ele>2.65</ele></trkpt><trkpt lat="37.11656" lon="126.698906"><time>2026-05-17T07:30:43.001Z</time><ele>2.65</ele></trkpt><trkpt lat="37.116628" lon="126.699098"><time>2026-05-17T07:30:44.001Z</time><ele>2.65</ele></trkpt><trkpt lat="37.1167" lon="126.699287"><time>2026-05-17T07:30:45.001Z</time><ele>2.55</ele></trkpt><trkpt lat="37.11677" lon="126.699481"><time>2026-05-17T07:30:46.001Z</time><ele>2.51</ele></trkpt><trkpt lat="37.116838" lon="126.699682"><time>2026-05-17T07:30:47.001Z</time><ele>2.34</ele></trkpt><trkpt lat="37.116912" lon="126.699883"><time>2026-05-17T07:30:48.001Z</time><ele>2.02</ele></trkpt><trkpt lat="37.116979" lon="126.700083"><time>2026-05-17T07:30:49.001Z</time><ele>2.23</ele></trkpt><trkpt lat="37.117042" lon="126.700273"><time>2026-05-17T07:30:50.001Z</time><ele>2.17</ele></trkpt><trkpt lat="37.117106" lon="126.700462"><time>2026-05-17T07:30:51.001Z</time><ele>2.28</ele></trkpt><trkpt lat="37.117176" lon="126.700664"><time>2026-05-17T07:30:52.001Z</time><ele>2.29</ele></trkpt><trkpt lat="37.117253" lon="126.700859"><time>2026-05-17T07:30:53.001Z</time><ele>2.11</ele></trkpt><trkpt lat="37.117338" lon="126.70106"><time>2026-05-17T07:30:54.001Z</time><ele>1.94</ele></trkpt><trkpt lat="37.117419" lon="126.701263"><time>2026-05-17T07:30:55.001Z</time><ele>1.68</ele></trkpt><trkpt lat="37.117488" lon="126.701452"><time>2026-05-17T07:30:56.001Z</time><ele>1.72</ele></trkpt><trkpt lat="37.117549" lon="126.701625"><time>2026-05-17T07:30:57.001Z</time><ele>1.84</ele></trkpt><trkpt lat="37.11761" lon="126.701782"><time>2026-05-17T07:30:58.001Z</time><ele>1.95</ele></trkpt><trkpt lat="37.117668" lon="126.701927"><time>2026-05-17T07:30:59.001Z</time><ele>2.11</ele></trkpt><trkpt lat="37.117714" lon="126.702065"><time>2026-05-17T07:31:00.001Z</time><ele>1.89</ele></trkpt><trkpt lat="37.117759" lon="126.702215"><time>2026-05-17T07:31:01.001Z</time><ele>2.06</ele></trkpt><trkpt lat="37.11781" lon="126.702378"><time>2026-05-17T07:31:02.001Z</time><ele>2.61</ele></trkpt><trkpt lat="37.117873" lon="126.702544"><time>2026-05-17T07:31:03.001Z</time><ele>2.66</ele></trkpt><trkpt lat="37.117935" lon="126.702719"><time>2026-05-17T07:31:04.001Z</time><ele>3.03</ele></trkpt><trkpt lat="37.118006" lon="126.702903"><time>2026-05-17T07:31:05.001Z</time><ele>3.14</ele></trkpt><trkpt lat="37.118082" lon="126.70309"><time>2026-05-17T07:31:06.001Z</time><ele>3.03</ele></trkpt><trkpt lat="37.118162" lon="126.703281"><time>2026-05-17T07:31:07.001Z</time><ele>3.17</ele></trkpt><trkpt lat="37.118243" lon="126.703465"><time>2026-05-17T07:31:08.001Z</time><ele>3.33</ele></trkpt><trkpt lat="37.118324" lon="126.703632"><time>2026-05-17T07:31:08.999Z</time><ele>3.13</ele></trkpt><trkpt lat="37.118411" lon="126.703803"><time>2026-05-17T07:31:09.999Z</time><ele>3.42</ele></trkpt><trkpt lat="37.118507" lon="126.703979"><time>2026-05-17T07:31:10.999Z</time><ele>3.56</ele></trkpt><trkpt lat="37.118604" lon="126.704164"><time>2026-05-17T07:31:11.999Z</time><ele>3.81</ele></trkpt><trkpt lat="37.118705" lon="126.704353"><time>2026-05-17T07:31:12.999Z</time><ele>4.1</ele></trkpt><trkpt lat="37.118808" lon="126.704543"><time>2026-05-17T07:31:13.999Z</time><ele>4.03</ele></trkpt><trkpt lat="37.118916" lon="126.704728"><time>2026-05-17T07:31:14.999Z</time><ele>3.82</ele></trkpt><trkpt lat="37.119015" lon="126.704897"><time>2026-05-17T07:31:15.999Z</time><ele>3.6</ele></trkpt><trkpt lat="37.119111" lon="126.705054"><time>2026-05-17T07:31:16.999Z</time><ele>3.74</ele></trkpt><trkpt lat="37.119211" lon="126.705221"><time>2026-05-17T07:31:17.999Z</time><ele>4.64</ele></trkpt><trkpt lat="37.119301" lon="126.705393"><time>2026-05-17T07:31:18.999Z</time><ele>4.48</ele></trkpt><trkpt lat="37.119385" lon="126.705565"><time>2026-05-17T07:31:20.000Z</time><ele>4.75</ele></trkpt><trkpt lat="37.119477" lon="126.705722"><time>2026-05-17T07:31:21.000Z</time><ele>4.47</ele></trkpt><trkpt lat="37.119571" lon="126.705875"><time>2026-05-17T07:31:22.000Z</time><ele>4.77</ele></trkpt><trkpt lat="37.119666" lon="126.706027"><time>2026-05-17T07:31:23.000Z</time><ele>4.94</ele></trkpt><trkpt lat="37.119757" lon="126.706182"><time>2026-05-17T07:31:24.000Z</time><ele>4.82</ele></trkpt><trkpt lat="37.119855" lon="126.706344"><time>2026-05-17T07:31:25.000Z</time><ele>4.73</ele></trkpt><trkpt lat="37.119948" lon="126.706508"><time>2026-05-17T07:31:26.000Z</time><ele>4.58</ele></trkpt><trkpt lat="37.120044" lon="126.706678"><time>2026-05-17T07:31:27.000Z</time><ele>4.32</ele></trkpt><trkpt lat="37.120142" lon="126.706842"><time>2026-05-17T07:31:28.000Z</time><ele>4.19</ele></trkpt><trkpt lat="37.120244" lon="126.706981"><time>2026-05-17T07:31:29.000Z</time><ele>3.63</ele></trkpt><trkpt lat="37.120338" lon="126.707129"><time>2026-05-17T07:31:30.000Z</time><ele>3.82</ele></trkpt><trkpt lat="37.120424" lon="126.707283"><time>2026-05-17T07:31:31.000Z</time><ele>3.91</ele></trkpt><trkpt lat="37.120518" lon="126.707437"><time>2026-05-17T07:31:32.000Z</time><ele>3.74</ele></trkpt><trkpt lat="37.120613" lon="126.707591"><time>2026-05-17T07:31:33.000Z</time><ele>3.57</ele></trkpt><trkpt lat="37.120711" lon="126.707755"><time>2026-05-17T07:31:34.000Z</time><ele>3.5</ele></trkpt><trkpt lat="37.120807" lon="126.707921"><time>2026-05-17T07:31:35.000Z</time><ele>3.75</ele></trkpt><trkpt lat="37.120907" lon="126.708086"><time>2026-05-17T07:31:36.000Z</time><ele>3.92</ele></trkpt><trkpt lat="37.121011" lon="126.708253"><time>2026-05-17T07:31:37.000Z</time><ele>3.99</ele></trkpt><trkpt lat="37.121112" lon="126.708423"><time>2026-05-17T07:31:38.000Z</time><ele>3.73</ele></trkpt><trkpt lat="37.121216" lon="126.708595"><time>2026-05-17T07:31:39.000Z</time><ele>3.65</ele></trkpt><trkpt lat="37.121324" lon="126.708774"><time>2026-05-17T07:31:40.000Z</time><ele>3.86</ele></trkpt><trkpt lat="37.121429" lon="126.708953"><time>2026-05-17T07:31:41.000Z</time><ele>3.8</ele></trkpt><trkpt lat="37.121535" lon="126.709137"><time>2026-05-17T07:31:42.000Z</time><ele>4.14</ele></trkpt><trkpt lat="37.121639" lon="126.709316"><time>2026-05-17T07:31:43.000Z</time><ele>4.5</ele></trkpt><trkpt lat="37.121738" lon="126.709478"><time>2026-05-17T07:31:44.000Z</time><ele>4.11</ele></trkpt><trkpt lat="37.121832" lon="126.709631"><time>2026-05-17T07:31:45.000Z</time><ele>4.12</ele></trkpt><trkpt lat="37.121927" lon="126.709779"><time>2026-05-17T07:31:46.000Z</time><ele>4.33</ele></trkpt><trkpt lat="37.122022" lon="126.709932"><time>2026-05-17T07:31:47.000Z</time><ele>4.23</ele></trkpt><trkpt lat="37.122117" lon="126.71009"><time>2026-05-17T07:31:48.000Z</time><ele>4.73</ele></trkpt><trkpt lat="37.12221" lon="126.710254"><time>2026-05-17T07:31:49.000Z</time><ele>4.83</ele></trkpt><trkpt lat="37.122301" lon="126.710415"><time>2026-05-17T07:31:50.000Z</time><ele>4.56</ele></trkpt><trkpt lat="37.122399" lon="126.710572"><time>2026-05-17T07:31:51.000Z</time><ele>4.72</ele></trkpt><trkpt lat="37.122497" lon="126.71073"><time>2026-05-17T07:31:52.000Z</time><ele>4.42</ele></trkpt><trkpt lat="37.122591" lon="126.710892"><time>2026-05-17T07:31:53.000Z</time><ele>4.52</ele></trkpt><trkpt lat="37.122689" lon="126.711055"><time>2026-05-17T07:31:54.000Z</time><ele>4.17</ele></trkpt><trkpt lat="37.122787" lon="126.711217"><time>2026-05-17T07:31:55.000Z</time><ele>4.63</ele></trkpt><trkpt lat="37.122885" lon="126.711378"><time>2026-05-17T07:31:56.000Z</time><ele>4.64</ele></trkpt><trkpt lat="37.122982" lon="126.711539"><time>2026-05-17T07:31:57.000Z</time><ele>4.96</ele></trkpt><trkpt lat="37.123071" lon="126.711685"><time>2026-05-17T07:31:58.000Z</time><ele>4.69</ele></trkpt><trkpt lat="37.123154" lon="126.711824"><time>2026-05-17T07:31:59.000Z</time><ele>4.68</ele></trkpt><trkpt lat="37.123235" lon="126.711948"><time>2026-05-17T07:32:00.000Z</time><ele>4.41</ele></trkpt><trkpt lat="37.123306" lon="126.712073"><time>2026-05-17T07:32:01.000Z</time><ele>3.82</ele></trkpt><trkpt lat="37.123362" lon="126.712191"><time>2026-05-17T07:32:02.000Z</time><ele>3.81</ele></trkpt><trkpt lat="37.123424" lon="126.712293"><time>2026-05-17T07:32:03.000Z</time><ele>3.83</ele></trkpt><trkpt lat="37.123481" lon="126.712391"><time>2026-05-17T07:32:04.000Z</time><ele>3.72</ele></trkpt><trkpt lat="37.123536" lon="126.712484"><time>2026-05-17T07:32:05.000Z</time><ele>4.06</ele></trkpt><trkpt lat="37.123588" lon="126.712565"><time>2026-05-17T07:32:06.000Z</time><ele>3.62</ele></trkpt><trkpt lat="37.123645" lon="126.712645"><time>2026-05-17T07:32:07.000Z</time><ele>3.69</ele></trkpt><trkpt lat="37.123707" lon="126.712739"><time>2026-05-17T07:32:08.000Z</time><ele>3.76</ele></trkpt><trkpt lat="37.123767" lon="126.712834"><time>2026-05-17T07:32:09.000Z</time><ele>3.71</ele></trkpt><trkpt lat="37.123829" lon="126.712945"><time>2026-05-17T07:32:10.000Z</time><ele>4.2</ele></trkpt><trkpt lat="37.123904" lon="126.713066"><time>2026-05-17T07:32:11.000Z</time><ele>4.11</ele></trkpt><trkpt lat="37.123988" lon="126.713205"><time>2026-05-17T07:32:12.000Z</time><ele>4.44</ele></trkpt><trkpt lat="37.12408" lon="126.713362"><time>2026-05-17T07:32:13.000Z</time><ele>4.5</ele></trkpt><trkpt lat="37.124184" lon="126.713528"><time>2026-05-17T07:32:14.000Z</time><ele>4.42</ele></trkpt><trkpt lat="37.124282" lon="126.713693"><time>2026-05-17T07:32:15.000Z</time><ele>4.65</ele></trkpt><trkpt lat="37.124383" lon="126.713858"><time>2026-05-17T07:32:16.001Z</time><ele>4.61</ele></trkpt><trkpt lat="37.124486" lon="126.714026"><time>2026-05-17T07:32:17.001Z</time><ele>4.81</ele></trkpt><trkpt lat="37.124588" lon="126.714188"><time>2026-05-17T07:32:18.001Z</time><ele>5.04</ele></trkpt><trkpt lat="37.124697" lon="126.714344"><time>2026-05-17T07:32:19.001Z</time><ele>5.09</ele></trkpt><trkpt lat="37.124811" lon="126.714492"><time>2026-05-17T07:32:20.001Z</time><ele>4.68</ele></trkpt><trkpt lat="37.12492" lon="126.714651"><time>2026-05-17T07:32:21.001Z</time><ele>5.14</ele></trkpt><trkpt lat="37.125032" lon="126.714809"><time>2026-05-17T07:32:22.001Z</time><ele>4.94</ele></trkpt><trkpt lat="37.125148" lon="126.71497"><time>2026-05-17T07:32:23.001Z</time><ele>4.83</ele></trkpt><trkpt lat="37.125266" lon="126.715128"><time>2026-05-17T07:32:24.001Z</time><ele>4.95</ele></trkpt><trkpt lat="37.125389" lon="126.715297"><time>2026-05-17T07:32:25.001Z</time><ele>4.97</ele></trkpt><trkpt lat="37.125516" lon="126.715466"><time>2026-05-17T07:32:26.001Z</time><ele>5.13</ele></trkpt><trkpt lat="37.125644" lon="126.715634"><time>2026-05-17T07:32:27.001Z</time><ele>5.07</ele></trkpt><trkpt lat="37.125765" lon="126.71579"><time>2026-05-17T07:32:28.001Z</time><ele>5.08</ele></trkpt><trkpt lat="37.12588" lon="126.715937"><time>2026-05-17T07:32:29.001Z</time><ele>5.42</ele></trkpt><trkpt lat="37.125996" lon="126.71609"><time>2026-05-17T07:32:30.001Z</time><ele>5.26</ele></trkpt><trkpt lat="37.126115" lon="126.716247"><time>2026-05-17T07:32:31.001Z</time><ele>4.97</ele></trkpt><trkpt lat="37.126233" lon="126.716411"><time>2026-05-17T07:32:32.001Z</time><ele>4.85</ele></trkpt><trkpt lat="37.126356" lon="126.716578"><time>2026-05-17T07:32:33.001Z</time><ele>4.51</ele></trkpt><trkpt lat="37.126478" lon="126.716736"><time>2026-05-17T07:32:34.001Z</time><ele>4.9</ele></trkpt><trkpt lat="37.1266" lon="126.7169"><time>2026-05-17T07:32:35.001Z</time><ele>5.04</ele></trkpt><trkpt lat="37.126719" lon="126.717062"><time>2026-05-17T07:32:36.001Z</time><ele>5.53</ele></trkpt><trkpt lat="37.126838" lon="126.717226"><time>2026-05-17T07:32:37.001Z</time><ele>5.67</ele></trkpt><trkpt lat="37.126957" lon="126.717387"><time>2026-05-17T07:32:38.001Z</time><ele>5.63</ele></trkpt><trkpt lat="37.127076" lon="126.717546"><time>2026-05-17T07:32:39.001Z</time><ele>5.21</ele></trkpt><trkpt lat="37.127196" lon="126.717704"><time>2026-05-17T07:32:40.001Z</time><ele>5.36</ele></trkpt><trkpt lat="37.127316" lon="126.717867"><time>2026-05-17T07:32:41.001Z</time><ele>5.75</ele></trkpt><trkpt lat="37.127433" lon="126.718033"><time>2026-05-17T07:32:42.001Z</time><ele>6.02</ele></trkpt><trkpt lat="37.127552" lon="126.718201"><time>2026-05-17T07:32:43.001Z</time><ele>5.92</ele></trkpt><trkpt lat="37.127675" lon="126.718362"><time>2026-05-17T07:32:44.001Z</time><ele>5.76</ele></trkpt><trkpt lat="37.127795" lon="126.718521"><time>2026-05-17T07:32:45.001Z</time><ele>5.45</ele></trkpt><trkpt lat="37.127911" lon="126.718675"><time>2026-05-17T07:32:46.001Z</time><ele>5.23</ele></trkpt><trkpt lat="37.128029" lon="126.718835"><time>2026-05-17T07:32:47.001Z</time><ele>5.08</ele></trkpt><trkpt lat="37.128149" lon="126.718987"><time>2026-05-17T07:32:48.001Z</time><ele>4.49</ele></trkpt><trkpt lat="37.128264" lon="126.719146"><time>2026-05-17T07:32:49.001Z</time><ele>4.51</ele></trkpt><trkpt lat="37.128382" lon="126.719309"><time>2026-05-17T07:32:50.001Z</time><ele>4.78</ele></trkpt><trkpt lat="37.128502" lon="126.719467"><time>2026-05-17T07:32:51.001Z</time><ele>4.47</ele></trkpt><trkpt lat="37.128617" lon="126.719621"><time>2026-05-17T07:32:52.001Z</time><ele>4.46</ele></trkpt><trkpt lat="37.128735" lon="126.719775"><time>2026-05-17T07:32:53.001Z</time><ele>4.41</ele></trkpt><trkpt lat="37.128851" lon="126.719935"><time>2026-05-17T07:32:54.001Z</time><ele>4.74</ele></trkpt><trkpt lat="37.128969" lon="126.720096"><time>2026-05-17T07:32:55.001Z</time><ele>4.58</ele></trkpt><trkpt lat="37.129088" lon="126.720259"><time>2026-05-17T07:32:56.001Z</time><ele>4.65</ele></trkpt><trkpt lat="37.12921" lon="126.720426"><time>2026-05-17T07:32:57.001Z</time><ele>4.86</ele></trkpt><trkpt lat="37.129336" lon="126.720586"><time>2026-05-17T07:32:58.001Z</time><ele>4.89</ele></trkpt><trkpt lat="37.129452" lon="126.720741"><time>2026-05-17T07:32:59.001Z</time><ele>5.36</ele></trkpt><trkpt lat="37.129563" lon="126.720899"><time>2026-05-17T07:33:00.001Z</time><ele>6.17</ele></trkpt><trkpt lat="37.129678" lon="126.721067"><time>2026-05-17T07:33:01.001Z</time><ele>6.28</ele></trkpt><trkpt lat="37.129795" lon="126.721225"><time>2026-05-17T07:33:02.001Z</time><ele>6.22</ele></trkpt><trkpt lat="37.129916" lon="126.721385"><time>2026-05-17T07:33:03.001Z</time><ele>5.6</ele></trkpt><trkpt lat="37.130031" lon="126.721538"><time>2026-05-17T07:33:04.001Z</time><ele>5.66</ele></trkpt><trkpt lat="37.13015" lon="126.721695"><time>2026-05-17T07:33:05.001Z</time><ele>5.41</ele></trkpt><trkpt lat="37.130266" lon="126.72185"><time>2026-05-17T07:33:06.001Z</time><ele>5.18</ele></trkpt><trkpt lat="37.130383" lon="126.722006"><time>2026-05-17T07:33:07.001Z</time><ele>5.25</ele></trkpt><trkpt lat="37.1305" lon="126.722162"><time>2026-05-17T07:33:08.001Z</time><ele>5.2</ele></trkpt><trkpt lat="37.130616" lon="126.722319"><time>2026-05-17T07:33:09.001Z</time><ele>5.02</ele></trkpt><trkpt lat="37.130731" lon="126.722475"><time>2026-05-17T07:33:10.001Z</time><ele>5.38</ele></trkpt><trkpt lat="37.130848" lon="126.722629"><time>2026-05-17T07:33:11.001Z</time><ele>5.33</ele></trkpt><trkpt lat="37.130967" lon="126.722785"><time>2026-05-17T07:33:12.001Z</time><ele>5.14</ele></trkpt><trkpt lat="37.131087" lon="126.722945"><time>2026-05-17T07:33:13.001Z</time><ele>4.88</ele></trkpt><trkpt lat="37.131207" lon="126.723106"><time>2026-05-17T07:33:14.001Z</time><ele>5.05</ele></trkpt><trkpt lat="37.131328" lon="126.723266"><time>2026-05-17T07:33:15.000Z</time><ele>4.59</ele></trkpt><trkpt lat="37.131443" lon="126.723431"><time>2026-05-17T07:33:16.000Z</time><ele>4.6</ele></trkpt><trkpt lat="37.131556" lon="126.72359"><time>2026-05-17T07:33:17.000Z</time><ele>5.08</ele></trkpt><trkpt lat="37.131666" lon="126.723747"><time>2026-05-17T07:33:18.000Z</time><ele>5.18</ele></trkpt><trkpt lat="37.131757" lon="126.723906"><time>2026-05-17T07:33:19.000Z</time><ele>5.42</ele></trkpt><trkpt lat="37.131856" lon="126.72405"><time>2026-05-17T07:33:20.000Z</time><ele>4.98</ele></trkpt><trkpt lat="37.131966" lon="126.724191"><time>2026-05-17T07:33:21.000Z</time><ele>5.1</ele></trkpt><trkpt lat="37.132072" lon="126.724328"><time>2026-05-17T07:33:22.000Z</time><ele>5.41</ele></trkpt><trkpt lat="37.132159" lon="126.724459"><time>2026-05-17T07:33:23.000Z</time><ele>5.23</ele></trkpt><trkpt lat="37.132237" lon="126.724589"><time>2026-05-17T07:33:24.000Z</time><ele>5.2</ele></trkpt><trkpt lat="37.132321" lon="126.724699"><time>2026-05-17T07:33:25.000Z</time><ele>5.66</ele></trkpt><trkpt lat="37.132402" lon="126.724797"><time>2026-05-17T07:33:26.000Z</time><ele>4.59</ele></trkpt><trkpt lat="37.132472" lon="126.724896"><time>2026-05-17T07:33:27.000Z</time><ele>5.04</ele></trkpt><trkpt lat="37.132545" lon="126.724982"><time>2026-05-17T07:33:28.000Z</time><ele>5.31</ele></trkpt><trkpt lat="37.132629" lon="126.725073"><time>2026-05-17T07:33:29.000Z</time><ele>5.53</ele></trkpt><trkpt lat="37.132721" lon="126.725172"><time>2026-05-17T07:33:30.000Z</time><ele>5.71</ele></trkpt><trkpt lat="37.132817" lon="126.725281"><time>2026-05-17T07:33:31.000Z</time><ele>5.73</ele></trkpt><trkpt lat="37.132916" lon="126.725401"><time>2026-05-17T07:33:32.000Z</time><ele>6.09</ele></trkpt><trkpt lat="37.133023" lon="126.725518"><time>2026-05-17T07:33:33.000Z</time><ele>6.15</ele></trkpt><trkpt lat="37.133139" lon="126.725639"><time>2026-05-17T07:33:34.000Z</time><ele>5.83</ele></trkpt><trkpt lat="37.13326" lon="126.725759"><time>2026-05-17T07:33:35.000Z</time><ele>5.58</ele></trkpt><trkpt lat="37.133385" lon="126.725882"><time>2026-05-17T07:33:36.000Z</time><ele>5.71</ele></trkpt><trkpt lat="37.133514" lon="126.726009"><time>2026-05-17T07:33:37.000Z</time><ele>5.95</ele></trkpt><trkpt lat="37.133643" lon="126.726141"><time>2026-05-17T07:33:38.000Z</time><ele>5.06</ele></trkpt><trkpt lat="37.133765" lon="126.726271"><time>2026-05-17T07:33:39.000Z</time><ele>5.04</ele></trkpt><trkpt lat="37.133881" lon="126.726396"><time>2026-05-17T07:33:40.000Z</time><ele>5.27</ele></trkpt><trkpt lat="37.133989" lon="126.726509"><time>2026-05-17T07:33:41.000Z</time><ele>5</ele></trkpt><trkpt lat="37.134099" lon="126.726616"><time>2026-05-17T07:33:42.000Z</time><ele>4.92</ele></trkpt><trkpt lat="37.134216" lon="126.726727"><time>2026-05-17T07:33:43.000Z</time><ele>4.84</ele></trkpt><trkpt lat="37.134335" lon="126.726847"><time>2026-05-17T07:33:44.000Z</time><ele>4.77</ele></trkpt><trkpt lat="37.134456" lon="126.726971"><time>2026-05-17T07:33:45.000Z</time><ele>4.39</ele></trkpt><trkpt lat="37.13458" lon="126.727096"><time>2026-05-17T07:33:46.000Z</time><ele>4.5</ele></trkpt><trkpt lat="37.13471" lon="126.727228"><time>2026-05-17T07:33:47.000Z</time><ele>4.5</ele></trkpt><trkpt lat="37.134842" lon="126.727363"><time>2026-05-17T07:33:48.000Z</time><ele>4.92</ele></trkpt><trkpt lat="37.134979" lon="126.727504"><time>2026-05-17T07:33:49.000Z</time><ele>5.14</ele></trkpt><trkpt lat="37.135116" lon="126.727642"><time>2026-05-17T07:33:50.000Z</time><ele>5.08</ele></trkpt><trkpt lat="37.135254" lon="126.727785"><time>2026-05-17T07:33:51.000Z</time><ele>4.92</ele></trkpt><trkpt lat="37.135394" lon="126.727931"><time>2026-05-17T07:33:52.000Z</time><ele>5.09</ele></trkpt><trkpt lat="37.135534" lon="126.728079"><time>2026-05-17T07:33:53.000Z</time><ele>5.37</ele></trkpt><trkpt lat="37.135675" lon="126.728222"><time>2026-05-17T07:33:54.000Z</time><ele>5.41</ele></trkpt><trkpt lat="37.135822" lon="126.728362"><time>2026-05-17T07:33:55.000Z</time><ele>5.16</ele></trkpt><trkpt lat="37.135969" lon="126.728499"><time>2026-05-17T07:33:56.000Z</time><ele>5.29</ele></trkpt><trkpt lat="37.136114" lon="126.728632"><time>2026-05-17T07:33:57.000Z</time><ele>4.82</ele></trkpt><trkpt lat="37.136253" lon="126.728767"><time>2026-05-17T07:33:58.000Z</time><ele>5.04</ele></trkpt><trkpt lat="37.136383" lon="126.728895"><time>2026-05-17T07:33:59.000Z</time><ele>5.08</ele></trkpt><trkpt lat="37.136501" lon="126.72902"><time>2026-05-17T07:34:00.000Z</time><ele>5.36</ele></trkpt><trkpt lat="37.136626" lon="126.72914"><time>2026-05-17T07:34:01.000Z</time><ele>5.31</ele></trkpt><trkpt lat="37.136757" lon="126.729265"><time>2026-05-17T07:34:02.000Z</time><ele>4.83</ele></trkpt><trkpt lat="37.136888" lon="126.729395"><time>2026-05-17T07:34:03.000Z</time><ele>5.04</ele></trkpt><trkpt lat="37.137021" lon="126.729527"><time>2026-05-17T07:34:04.000Z</time><ele>5.25</ele></trkpt><trkpt lat="37.137155" lon="126.729666"><time>2026-05-17T07:34:05.000Z</time><ele>5.4</ele></trkpt><trkpt lat="37.137287" lon="126.729809"><time>2026-05-17T07:34:06.000Z</time><ele>5.98</ele></trkpt><trkpt lat="37.137427" lon="126.72995"><time>2026-05-17T07:34:07.001Z</time><ele>5.72</ele></trkpt><trkpt lat="37.137566" lon="126.730097"><time>2026-05-17T07:34:08.001Z</time><ele>5.82</ele></trkpt><trkpt lat="37.13771" lon="126.730243"><time>2026-05-17T07:34:09.001Z</time><ele>5.9</ele></trkpt><trkpt lat="37.137851" lon="126.73039"><time>2026-05-17T07:34:10.001Z</time><ele>6.11</ele></trkpt><trkpt lat="37.137992" lon="126.730531"><time>2026-05-17T07:34:11.001Z</time><ele>6</ele></trkpt><trkpt lat="37.138125" lon="126.730659"><time>2026-05-17T07:34:12.001Z</time><ele>5.62</ele></trkpt><trkpt lat="37.138252" lon="126.730782"><time>2026-05-17T07:34:13.001Z</time><ele>5.44</ele></trkpt><trkpt lat="37.138383" lon="126.730908"><time>2026-05-17T07:34:14.001Z</time><ele>5.35</ele></trkpt><trkpt lat="37.138512" lon="126.731043"><time>2026-05-17T07:34:15.001Z</time><ele>4.87</ele></trkpt><trkpt lat="37.138645" lon="126.731175"><time>2026-05-17T07:34:16.001Z</time><ele>4.95</ele></trkpt><trkpt lat="37.138779" lon="126.731309"><time>2026-05-17T07:34:17.001Z</time><ele>4.79</ele></trkpt><trkpt lat="37.138914" lon="126.731445"><time>2026-05-17T07:34:18.001Z</time><ele>5.46</ele></trkpt><trkpt lat="37.139045" lon="126.731569"><time>2026-05-17T07:34:19.001Z</time><ele>4.84</ele></trkpt><trkpt lat="37.139161" lon="126.731687"><time>2026-05-17T07:34:20.001Z</time><ele>4.55</ele></trkpt><trkpt lat="37.139258" lon="126.731808"><time>2026-05-17T07:34:21.001Z</time><ele>4.41</ele></trkpt><trkpt lat="37.139358" lon="126.73191"><time>2026-05-17T07:34:22.001Z</time><ele>4.51</ele></trkpt><trkpt lat="37.139462" lon="126.731989"><time>2026-05-17T07:34:23.001Z</time><ele>4.72</ele></trkpt><trkpt lat="37.139562" lon="126.732098"><time>2026-05-17T07:34:24.001Z</time><ele>3.98</ele></trkpt><trkpt lat="37.139668" lon="126.73222"><time>2026-05-17T07:34:25.001Z</time><ele>4.09</ele></trkpt><trkpt lat="37.139787" lon="126.732329"><time>2026-05-17T07:34:26.001Z</time><ele>3.6</ele></trkpt><trkpt lat="37.139913" lon="126.732446"><time>2026-05-17T07:34:27.001Z</time><ele>3.43</ele></trkpt><trkpt lat="37.140027" lon="126.732582"><time>2026-05-17T07:34:28.001Z</time><ele>2.7</ele></trkpt><trkpt lat="37.140154" lon="126.73271"><time>2026-05-17T07:34:29.001Z</time><ele>2.31</ele></trkpt><trkpt lat="37.140277" lon="126.732834"><time>2026-05-17T07:34:30.001Z</time><ele>2.13</ele></trkpt><trkpt lat="37.140398" lon="126.732956"><time>2026-05-17T07:34:31.001Z</time><ele>1.75</ele></trkpt><trkpt lat="37.140519" lon="126.733081"><time>2026-05-17T07:34:32.001Z</time><ele>1.9</ele></trkpt><trkpt lat="37.140645" lon="126.733211"><time>2026-05-17T07:34:33.001Z</time><ele>1.7</ele></trkpt><trkpt lat="37.140773" lon="126.733344"><time>2026-05-17T07:34:34.001Z</time><ele>1.64</ele></trkpt><trkpt lat="37.1409" lon="126.733474"><time>2026-05-17T07:34:35.001Z</time><ele>1.6</ele></trkpt><trkpt lat="37.14102" lon="126.733596"><time>2026-05-17T07:34:36.001Z</time><ele>1.82</ele></trkpt><trkpt lat="37.141143" lon="126.733722"><time>2026-05-17T07:34:37.001Z</time><ele>1.62</ele></trkpt><trkpt lat="37.14127" lon="126.733851"><time>2026-05-17T07:34:38.001Z</time><ele>1.1</ele></trkpt><trkpt lat="37.141399" lon="126.733982"><time>2026-05-17T07:34:39.001Z</time><ele>1.23</ele></trkpt><trkpt lat="37.141529" lon="126.734114"><time>2026-05-17T07:34:40.001Z</time><ele>0.77</ele></trkpt><trkpt lat="37.141658" lon="126.734245"><time>2026-05-17T07:34:41.001Z</time><ele>0.52</ele></trkpt><trkpt lat="37.141777" lon="126.734366"><time>2026-05-17T07:34:42.001Z</time><ele>0.34</ele></trkpt><trkpt lat="37.14189" lon="126.73448"><time>2026-05-17T07:34:43.001Z</time><ele>0.5</ele></trkpt><trkpt lat="37.142004" lon="126.734597"><time>2026-05-17T07:34:44.001Z</time><ele>0.35</ele></trkpt><trkpt lat="37.142124" lon="126.734718"><time>2026-05-17T07:34:45.001Z</time><ele>0.32</ele></trkpt><trkpt lat="37.142244" lon="126.73484"><time>2026-05-17T07:34:46.001Z</time><ele>0.58</ele></trkpt><trkpt lat="37.14237" lon="126.734968"><time>2026-05-17T07:34:47.001Z</time><ele>0.48</ele></trkpt><trkpt lat="37.142493" lon="126.735095"><time>2026-05-17T07:34:48.001Z</time><ele>0.38</ele></trkpt><trkpt lat="37.14262" lon="126.735224"><time>2026-05-17T07:34:49.001Z</time><ele>0.59</ele></trkpt><trkpt lat="37.142749" lon="126.735356"><time>2026-05-17T07:34:50.001Z</time><ele>0.51</ele></trkpt><trkpt lat="37.142881" lon="126.735492"><time>2026-05-17T07:34:51.001Z</time><ele>0.51</ele></trkpt><trkpt lat="37.143016" lon="126.735631"><time>2026-05-17T07:34:52.001Z</time><ele>0.4</ele></trkpt><trkpt lat="37.143148" lon="126.735767"><time>2026-05-17T07:34:53.001Z</time><ele>0.35</ele></trkpt><trkpt lat="37.143276" lon="126.735899"><time>2026-05-17T07:34:54.001Z</time><ele>0.57</ele></trkpt><trkpt lat="37.143402" lon="126.736031"><time>2026-05-17T07:34:55.001Z</time><ele>0.37</ele></trkpt><trkpt lat="37.14353" lon="126.736167"><time>2026-05-17T07:34:56.001Z</time><ele>0.7</ele></trkpt><trkpt lat="37.143661" lon="126.736308"><time>2026-05-17T07:34:57.001Z</time><ele>0.78</ele></trkpt><trkpt lat="37.143787" lon="126.736451"><time>2026-05-17T07:34:58.001Z</time><ele>0.93</ele></trkpt><trkpt lat="37.143911" lon="126.736594"><time>2026-05-17T07:34:59.001Z</time><ele>0.8</ele></trkpt><trkpt lat="37.144035" lon="126.736739"><time>2026-05-17T07:35:00.001Z</time><ele>1.24</ele></trkpt><trkpt lat="37.144161" lon="126.736887"><time>2026-05-17T07:35:01.001Z</time><ele>1.57</ele></trkpt><trkpt lat="37.144289" lon="126.737036"><time>2026-05-17T07:35:02.001Z</time><ele>1.28</ele></trkpt><trkpt lat="37.144416" lon="126.737184"><time>2026-05-17T07:35:03.001Z</time><ele>1.44</ele></trkpt><trkpt lat="37.144545" lon="126.737335"><time>2026-05-17T07:35:04.001Z</time><ele>1.63</ele></trkpt><trkpt lat="37.144673" lon="126.737485"><time>2026-05-17T07:35:05.001Z</time><ele>1.73</ele></trkpt><trkpt lat="37.144803" lon="126.737637"><time>2026-05-17T07:35:06.001Z</time><ele>2.09</ele></trkpt><trkpt lat="37.144932" lon="126.737788"><time>2026-05-17T07:35:07.001Z</time><ele>1.95</ele></trkpt><trkpt lat="37.14506" lon="126.73794"><time>2026-05-17T07:35:08.001Z</time><ele>1.79</ele></trkpt><trkpt lat="37.145187" lon="126.73809"><time>2026-05-17T07:35:09.001Z</time><ele>1.61</ele></trkpt><trkpt lat="37.145315" lon="126.738241"><time>2026-05-17T07:35:10.001Z</time><ele>1.81</ele></trkpt><trkpt lat="37.145444" lon="126.738393"><time>2026-05-17T07:35:11.001Z</time><ele>1.8</ele></trkpt><trkpt lat="37.145573" lon="126.738546"><time>2026-05-17T07:35:12.001Z</time><ele>2.03</ele></trkpt><trkpt lat="37.145704" lon="126.738701"><time>2026-05-17T07:35:13.001Z</time><ele>2.19</ele></trkpt><trkpt lat="37.145833" lon="126.738854"><time>2026-05-17T07:35:14.001Z</time><ele>1.97</ele></trkpt><trkpt lat="37.145967" lon="126.739012"><time>2026-05-17T07:35:15.001Z</time><ele>2.09</ele></trkpt><trkpt lat="37.146101" lon="126.739171"><time>2026-05-17T07:35:16.001Z</time><ele>2.1</ele></trkpt><trkpt lat="37.146237" lon="126.739331"><time>2026-05-17T07:35:17.002Z</time><ele>2.42</ele></trkpt><trkpt lat="37.146372" lon="126.73949"><time>2026-05-17T07:35:18.002Z</time><ele>2.61</ele></trkpt><trkpt lat="37.146507" lon="126.739649"><time>2026-05-17T07:35:19.002Z</time><ele>2.88</ele></trkpt><trkpt lat="37.146637" lon="126.739802"><time>2026-05-17T07:35:20.002Z</time><ele>3.29</ele></trkpt><trkpt lat="37.14677" lon="126.739938"><time>2026-05-17T07:35:21.000Z</time><ele>3.53</ele></trkpt><trkpt lat="37.146898" lon="126.740081"><time>2026-05-17T07:35:22.000Z</time><ele>3.27</ele></trkpt><trkpt lat="37.147014" lon="126.740244"><time>2026-05-17T07:35:23.000Z</time><ele>3.39</ele></trkpt><trkpt lat="37.147138" lon="126.740389"><time>2026-05-17T07:35:24.000Z</time><ele>3.12</ele></trkpt><trkpt lat="37.147258" lon="126.74053"><time>2026-05-17T07:35:25.000Z</time><ele>2.84</ele></trkpt><trkpt lat="37.147382" lon="126.740675"><time>2026-05-17T07:35:26.000Z</time><ele>3.06</ele></trkpt><trkpt lat="37.147517" lon="126.740812"><time>2026-05-17T07:35:27.000Z</time><ele>3.22</ele></trkpt><trkpt lat="37.147646" lon="126.740964"><time>2026-05-17T07:35:28.000Z</time><ele>3.32</ele></trkpt><trkpt lat="37.147777" lon="126.741116"><time>2026-05-17T07:35:29.000Z</time><ele>3.62</ele></trkpt><trkpt lat="37.147904" lon="126.741261"><time>2026-05-17T07:35:30.000Z</time><ele>3.9</ele></trkpt><trkpt lat="37.148022" lon="126.7414"><time>2026-05-17T07:35:31.000Z</time><ele>4.02</ele></trkpt><trkpt lat="37.148133" lon="126.741532"><time>2026-05-17T07:35:32.000Z</time><ele>4.26</ele></trkpt><trkpt lat="37.148238" lon="126.741654"><time>2026-05-17T07:35:33.000Z</time><ele>4.6</ele></trkpt><trkpt lat="37.148321" lon="126.741782"><time>2026-05-17T07:35:34.000Z</time><ele>4.83</ele></trkpt><trkpt lat="37.148411" lon="126.741881"><time>2026-05-17T07:35:35.000Z</time><ele>5.47</ele></trkpt><trkpt lat="37.148487" lon="126.741969"><time>2026-05-17T07:35:36.000Z</time><ele>5.41</ele></trkpt><trkpt lat="37.148557" lon="126.742047"><time>2026-05-17T07:35:37.000Z</time><ele>4.79</ele></trkpt><trkpt lat="37.148622" lon="126.74213"><time>2026-05-17T07:35:38.000Z</time><ele>4.78</ele></trkpt><trkpt lat="37.148698" lon="126.742224"><time>2026-05-17T07:35:39.000Z</time><ele>4.77</ele></trkpt><trkpt lat="37.148783" lon="126.74233"><time>2026-05-17T07:35:40.000Z</time><ele>4.63</ele></trkpt><trkpt lat="37.148873" lon="126.742442"><time>2026-05-17T07:35:41.000Z</time><ele>4.86</ele></trkpt><trkpt lat="37.14897" lon="126.742562"><time>2026-05-17T07:35:42.000Z</time><ele>5.37</ele></trkpt><trkpt lat="37.149076" lon="126.742688"><time>2026-05-17T07:35:43.000Z</time><ele>5.07</ele></trkpt><trkpt lat="37.149181" lon="126.742826"><time>2026-05-17T07:35:44.000Z</time><ele>5.35</ele></trkpt><trkpt lat="37.149291" lon="126.742976"><time>2026-05-17T07:35:45.000Z</time><ele>5.71</ele></trkpt><trkpt lat="37.1494" lon="126.74313"><time>2026-05-17T07:35:46.000Z</time><ele>6.1</ele></trkpt><trkpt lat="37.149517" lon="126.743285"><time>2026-05-17T07:35:47.000Z</time><ele>5.8</ele></trkpt><trkpt lat="37.149634" lon="126.743443"><time>2026-05-17T07:35:48.000Z</time><ele>5.99</ele></trkpt><trkpt lat="37.149756" lon="126.743605"><time>2026-05-17T07:35:49.000Z</time><ele>6.45</ele></trkpt><trkpt lat="37.149878" lon="126.743764"><time>2026-05-17T07:35:50.000Z</time><ele>6.31</ele></trkpt><trkpt lat="37.150002" lon="126.743929"><time>2026-05-17T07:35:51.000Z</time><ele>6.56</ele></trkpt><trkpt lat="37.150127" lon="126.744102"><time>2026-05-17T07:35:52.000Z</time><ele>6.91</ele></trkpt><trkpt lat="37.150252" lon="126.744271"><time>2026-05-17T07:35:53.000Z</time><ele>7.09</ele></trkpt><trkpt lat="37.150382" lon="126.744445"><time>2026-05-17T07:35:54.000Z</time><ele>7.44</ele></trkpt><trkpt lat="37.150508" lon="126.744615"><time>2026-05-17T07:35:55.000Z</time><ele>7.71</ele></trkpt><trkpt lat="37.150627" lon="126.744774"><time>2026-05-17T07:35:56.000Z</time><ele>8.03</ele></trkpt><trkpt lat="37.150742" lon="126.744935"><time>2026-05-17T07:35:57.000Z</time><ele>8.03</ele></trkpt><trkpt lat="37.150865" lon="126.745094"><time>2026-05-17T07:35:58.000Z</time><ele>7.5</ele></trkpt><trkpt lat="37.150986" lon="126.745255"><time>2026-05-17T07:35:59.000Z</time><ele>7.28</ele></trkpt><trkpt lat="37.151102" lon="126.745405"><time>2026-05-17T07:36:00.000Z</time><ele>6.58</ele></trkpt><trkpt lat="37.151216" lon="126.745549"><time>2026-05-17T07:36:01.000Z</time><ele>6.44</ele></trkpt><trkpt lat="37.151335" lon="126.745701"><time>2026-05-17T07:36:02.000Z</time><ele>6.09</ele></trkpt><trkpt lat="37.151451" lon="126.745861"><time>2026-05-17T07:36:03.000Z</time><ele>5.96</ele></trkpt><trkpt lat="37.151569" lon="126.746022"><time>2026-05-17T07:36:04.000Z</time><ele>5.89</ele></trkpt><trkpt lat="37.151681" lon="126.746195"><time>2026-05-17T07:36:05.000Z</time><ele>5.78</ele></trkpt><trkpt lat="37.151804" lon="126.74636"><time>2026-05-17T07:36:06.000Z</time><ele>5.81</ele></trkpt><trkpt lat="37.151938" lon="126.746514"><time>2026-05-17T07:36:07.001Z</time><ele>5.96</ele></trkpt><trkpt lat="37.152059" lon="126.746684"><time>2026-05-17T07:36:08.001Z</time><ele>5.82</ele></trkpt><trkpt lat="37.152182" lon="126.746855"><time>2026-05-17T07:36:09.001Z</time><ele>5.5</ele></trkpt><trkpt lat="37.152304" lon="126.747031"><time>2026-05-17T07:36:10.001Z</time><ele>5.78</ele></trkpt><trkpt lat="37.152424" lon="126.747206"><time>2026-05-17T07:36:11.001Z</time><ele>5.32</ele></trkpt><trkpt lat="37.152541" lon="126.747387"><time>2026-05-17T07:36:12.001Z</time><ele>4.88</ele></trkpt><trkpt lat="37.152659" lon="126.747571"><time>2026-05-17T07:36:13.001Z</time><ele>4.93</ele></trkpt><trkpt lat="37.152777" lon="126.747755"><time>2026-05-17T07:36:14.001Z</time><ele>4.85</ele></trkpt><trkpt lat="37.152891" lon="126.747945"><time>2026-05-17T07:36:15.001Z</time><ele>5.36</ele></trkpt><trkpt lat="37.153008" lon="126.748129"><time>2026-05-17T07:36:16.001Z</time><ele>5.32</ele></trkpt><trkpt lat="37.153126" lon="126.74831"><time>2026-05-17T07:36:17.001Z</time><ele>5.27</ele></trkpt><trkpt lat="37.153242" lon="126.748492"><time>2026-05-17T07:36:18.001Z</time><ele>5.51</ele></trkpt><trkpt lat="37.153355" lon="126.748668"><time>2026-05-17T07:36:19.001Z</time><ele>5.53</ele></trkpt><trkpt lat="37.153466" lon="126.748844"><time>2026-05-17T07:36:20.001Z</time><ele>5.38</ele></trkpt><trkpt lat="37.153575" lon="126.749019"><time>2026-05-17T07:36:21.001Z</time><ele>5.87</ele></trkpt><trkpt lat="37.15368" lon="126.749195"><time>2026-05-17T07:36:22.001Z</time><ele>6.14</ele></trkpt><trkpt lat="37.153783" lon="126.749368"><time>2026-05-17T07:36:23.001Z</time><ele>6.45</ele></trkpt><trkpt lat="37.153884" lon="126.749544"><time>2026-05-17T07:36:24.001Z</time><ele>6.35</ele></trkpt><trkpt lat="37.153981" lon="126.749713"><time>2026-05-17T07:36:25.001Z</time><ele>7.16</ele></trkpt><trkpt lat="37.154068" lon="126.749865"><time>2026-05-17T07:36:26.001Z</time><ele>7.48</ele></trkpt><trkpt lat="37.154148" lon="126.750011"><time>2026-05-17T07:36:27.001Z</time><ele>7.63</ele></trkpt><trkpt lat="37.154231" lon="126.750139"><time>2026-05-17T07:36:28.001Z</time><ele>7.67</ele></trkpt><trkpt lat="37.154307" lon="126.750261"><time>2026-05-17T07:36:29.001Z</time><ele>8.27</ele></trkpt><trkpt lat="37.15439" lon="126.750377"><time>2026-05-17T07:36:30.001Z</time><ele>8.29</ele></trkpt><trkpt lat="37.154481" lon="126.750505"><time>2026-05-17T07:36:31.001Z</time><ele>9.14</ele></trkpt><trkpt lat="37.154572" lon="126.750638"><time>2026-05-17T07:36:32.001Z</time><ele>9.17</ele></trkpt><trkpt lat="37.15466" lon="126.75077"><time>2026-05-17T07:36:33.001Z</time><ele>8.53</ele></trkpt><trkpt lat="37.154746" lon="126.750905"><time>2026-05-17T07:36:34.001Z</time><ele>8.33</ele></trkpt><trkpt lat="37.15483" lon="126.751033"><time>2026-05-17T07:36:35.001Z</time><ele>8.03</ele></trkpt><trkpt lat="37.154923" lon="126.751164"><time>2026-05-17T07:36:36.001Z</time><ele>8.19</ele></trkpt><trkpt lat="37.15501" lon="126.751303"><time>2026-05-17T07:36:37.001Z</time><ele>8.16</ele></trkpt><trkpt lat="37.155084" lon="126.751451"><time>2026-05-17T07:36:38.001Z</time><ele>7.84</ele></trkpt><trkpt lat="37.155146" lon="126.751608"><time>2026-05-17T07:36:39.001Z</time><ele>7.27</ele></trkpt><trkpt lat="37.155202" lon="126.751774"><time>2026-05-17T07:36:40.001Z</time><ele>7.67</ele></trkpt><trkpt lat="37.155255" lon="126.751946"><time>2026-05-17T07:36:41.001Z</time><ele>7.93</ele></trkpt><trkpt lat="37.155297" lon="126.752125"><time>2026-05-17T07:36:42.001Z</time><ele>8.49</ele></trkpt><trkpt lat="37.155339" lon="126.752306"><time>2026-05-17T07:36:43.001Z</time><ele>8.28</ele></trkpt><trkpt lat="37.155382" lon="126.752494"><time>2026-05-17T07:36:44.001Z</time><ele>8.21</ele></trkpt><trkpt lat="37.155413" lon="126.752692"><time>2026-05-17T07:36:45.001Z</time><ele>8.52</ele></trkpt><trkpt lat="37.155458" lon="126.752885"><time>2026-05-17T07:36:46.001Z</time><ele>8.63</ele></trkpt><trkpt lat="37.155498" lon="126.753079"><time>2026-05-17T07:36:47.001Z</time><ele>8.65</ele></trkpt><trkpt lat="37.155545" lon="126.753274"><time>2026-05-17T07:36:48.001Z</time><ele>8.56</ele></trkpt><trkpt lat="37.155582" lon="126.753472"><time>2026-05-17T07:36:49.001Z</time><ele>8.84</ele></trkpt><trkpt lat="37.155627" lon="126.753669"><time>2026-05-17T07:36:50.001Z</time><ele>9.29</ele></trkpt><trkpt lat="37.155668" lon="126.753867"><time>2026-05-17T07:36:51.001Z</time><ele>9.73</ele></trkpt><trkpt lat="37.155711" lon="126.754058"><time>2026-05-17T07:36:52.001Z</time><ele>10.17</ele></trkpt><trkpt lat="37.155749" lon="126.754249"><time>2026-05-17T07:36:53.001Z</time><ele>10.65</ele></trkpt><trkpt lat="37.155792" lon="126.75444"><time>2026-05-17T07:36:54.001Z</time><ele>10.41</ele></trkpt><trkpt lat="37.155829" lon="126.754631"><time>2026-05-17T07:36:55.001Z</time><ele>10.64</ele></trkpt><trkpt lat="37.15588" lon="126.75482"><time>2026-05-17T07:36:56.001Z</time><ele>10.59</ele></trkpt><trkpt lat="37.155918" lon="126.755003"><time>2026-05-17T07:36:57.001Z</time><ele>10.11</ele></trkpt><trkpt lat="37.155947" lon="126.755182"><time>2026-05-17T07:36:58.001Z</time><ele>10.85</ele></trkpt><trkpt lat="37.155999" lon="126.755363"><time>2026-05-17T07:36:59.001Z</time><ele>10.81</ele></trkpt><trkpt lat="37.156046" lon="126.755552"><time>2026-05-17T07:37:00.001Z</time><ele>10.37</ele></trkpt><trkpt lat="37.15609" lon="126.755748"><time>2026-05-17T07:37:01.001Z</time><ele>10.24</ele></trkpt><trkpt lat="37.156135" lon="126.75595"><time>2026-05-17T07:37:02.001Z</time><ele>10.2</ele></trkpt><trkpt lat="37.156173" lon="126.756142"><time>2026-05-17T07:37:03.001Z</time><ele>10.39</ele></trkpt><trkpt lat="37.156218" lon="126.756313"><time>2026-05-17T07:37:04.001Z</time><ele>10.12</ele></trkpt><trkpt lat="37.156253" lon="126.756483"><time>2026-05-17T07:37:05.001Z</time><ele>10.03</ele></trkpt><trkpt lat="37.156288" lon="126.756655"><time>2026-05-17T07:37:06.001Z</time><ele>9.68</ele></trkpt><trkpt lat="37.156332" lon="126.756834"><time>2026-05-17T07:37:07.001Z</time><ele>9.64</ele></trkpt><trkpt lat="37.156374" lon="126.757019"><time>2026-05-17T07:37:08.001Z</time><ele>9.7</ele></trkpt><trkpt lat="37.156416" lon="126.757212"><time>2026-05-17T07:37:09.001Z</time><ele>9.51</ele></trkpt><trkpt lat="37.15646" lon="126.757411"><time>2026-05-17T07:37:10.001Z</time><ele>9.34</ele></trkpt><trkpt lat="37.156504" lon="126.757619"><time>2026-05-17T07:37:11.001Z</time><ele>9.22</ele></trkpt><trkpt lat="37.156548" lon="126.757828"><time>2026-05-17T07:37:12.001Z</time><ele>9.4</ele></trkpt><trkpt lat="37.156595" lon="126.758044"><time>2026-05-17T07:37:13.001Z</time><ele>9.17</ele></trkpt><trkpt lat="37.156645" lon="126.758269"><time>2026-05-17T07:37:14.001Z</time><ele>9.43</ele></trkpt><trkpt lat="37.156689" lon="126.758487"><time>2026-05-17T07:37:15.001Z</time><ele>9.08</ele></trkpt><trkpt lat="37.156723" lon="126.758697"><time>2026-05-17T07:37:16.001Z</time><ele>9.37</ele></trkpt><trkpt lat="37.156757" lon="126.758922"><time>2026-05-17T07:37:17.001Z</time><ele>9.79</ele></trkpt><trkpt lat="37.156791" lon="126.759141"><time>2026-05-17T07:37:18.002Z</time><ele>9.96</ele></trkpt><trkpt lat="37.156825" lon="126.759356"><time>2026-05-17T07:37:19.002Z</time><ele>9.83</ele></trkpt><trkpt lat="37.156851" lon="126.759558"><time>2026-05-17T07:37:20.002Z</time><ele>9.3</ele></trkpt><trkpt lat="37.156869" lon="126.759763"><time>2026-05-17T07:37:21.002Z</time><ele>9.16</ele></trkpt><trkpt lat="37.156884" lon="126.75997"><time>2026-05-17T07:37:22.002Z</time><ele>9.11</ele></trkpt><trkpt lat="37.156902" lon="126.760178"><time>2026-05-17T07:37:23.002Z</time><ele>8.77</ele></trkpt><trkpt lat="37.156921" lon="126.760394"><time>2026-05-17T07:37:24.002Z</time><ele>8.72</ele></trkpt><trkpt lat="37.156938" lon="126.760609"><time>2026-05-17T07:37:25.002Z</time><ele>8.67</ele></trkpt><trkpt lat="37.156951" lon="126.76082"><time>2026-05-17T07:37:26.002Z</time><ele>8.92</ele></trkpt><trkpt lat="37.156968" lon="126.761038"><time>2026-05-17T07:37:27.000Z</time><ele>8.78</ele></trkpt><trkpt lat="37.156986" lon="126.761245"><time>2026-05-17T07:37:28.000Z</time><ele>8.59</ele></trkpt><trkpt lat="37.157004" lon="126.761461"><time>2026-05-17T07:37:29.000Z</time><ele>8.78</ele></trkpt><trkpt lat="37.157021" lon="126.761682"><time>2026-05-17T07:37:30.000Z</time><ele>8.88</ele></trkpt><trkpt lat="37.157038" lon="126.761902"><time>2026-05-17T07:37:31.000Z</time><ele>8.75</ele></trkpt><trkpt lat="37.15706" lon="126.762118"><time>2026-05-17T07:37:32.000Z</time><ele>8.44</ele></trkpt><trkpt lat="37.157078" lon="126.762341"><time>2026-05-17T07:37:33.000Z</time><ele>8.77</ele></trkpt><trkpt lat="37.157094" lon="126.762562"><time>2026-05-17T07:37:34.000Z</time><ele>9.02</ele></trkpt><trkpt lat="37.15711" lon="126.762763"><time>2026-05-17T07:37:35.000Z</time><ele>8.66</ele></trkpt><trkpt lat="37.157125" lon="126.762964"><time>2026-05-17T07:37:36.000Z</time><ele>8.65</ele></trkpt><trkpt lat="37.157142" lon="126.763179"><time>2026-05-17T07:37:37.000Z</time><ele>8.86</ele></trkpt><trkpt lat="37.157157" lon="126.76339"><time>2026-05-17T07:37:38.000Z</time><ele>9.47</ele></trkpt><trkpt lat="37.157173" lon="126.763604"><time>2026-05-17T07:37:39.000Z</time><ele>9.36</ele></trkpt><trkpt lat="37.157194" lon="126.763816"><time>2026-05-17T07:37:40.000Z</time><ele>9.52</ele></trkpt><trkpt lat="37.157214" lon="126.764034"><time>2026-05-17T07:37:41.000Z</time><ele>9.52</ele></trkpt><trkpt lat="37.157237" lon="126.764251"><time>2026-05-17T07:37:42.000Z</time><ele>9.37</ele></trkpt><trkpt lat="37.157252" lon="126.764472"><time>2026-05-17T07:37:43.000Z</time><ele>9.56</ele></trkpt><trkpt lat="37.157269" lon="126.764686"><time>2026-05-17T07:37:44.000Z</time><ele>9.59</ele></trkpt><trkpt lat="37.157282" lon="126.764899"><time>2026-05-17T07:37:45.000Z</time><ele>9.6</ele></trkpt><trkpt lat="37.157298" lon="126.765111"><time>2026-05-17T07:37:46.000Z</time><ele>9.77</ele></trkpt><trkpt lat="37.157313" lon="126.76532"><time>2026-05-17T07:37:47.000Z</time><ele>9.87</ele></trkpt><trkpt lat="37.157329" lon="126.765524"><time>2026-05-17T07:37:48.000Z</time><ele>9.47</ele></trkpt><trkpt lat="37.157345" lon="126.765727"><time>2026-05-17T07:37:49.000Z</time><ele>9.4</ele></trkpt><trkpt lat="37.157364" lon="126.765936"><time>2026-05-17T07:37:50.000Z</time><ele>8.8</ele></trkpt><trkpt lat="37.157381" lon="126.766148"><time>2026-05-17T07:37:51.000Z</time><ele>8.97</ele></trkpt><trkpt lat="37.157396" lon="126.766357"><time>2026-05-17T07:37:52.000Z</time><ele>9.36</ele></trkpt><trkpt lat="37.157414" lon="126.766565"><time>2026-05-17T07:37:53.000Z</time><ele>9.48</ele></trkpt><trkpt lat="37.15743" lon="126.76677"><time>2026-05-17T07:37:54.000Z</time><ele>9.74</ele></trkpt><trkpt lat="37.157445" lon="126.766963"><time>2026-05-17T07:37:55.000Z</time><ele>9.71</ele></trkpt><trkpt lat="37.157463" lon="126.767162"><time>2026-05-17T07:37:56.000Z</time><ele>9.29</ele></trkpt><trkpt lat="37.157482" lon="126.767368"><time>2026-05-17T07:37:57.000Z</time><ele>9.5</ele></trkpt><trkpt lat="37.157496" lon="126.767578"><time>2026-05-17T07:37:58.000Z</time><ele>9.48</ele></trkpt><trkpt lat="37.157511" lon="126.767797"><time>2026-05-17T07:37:59.000Z</time><ele>9.83</ele></trkpt><trkpt lat="37.157529" lon="126.768018"><time>2026-05-17T07:38:00.000Z</time><ele>9.84</ele></trkpt><trkpt lat="37.157548" lon="126.768246"><time>2026-05-17T07:38:01.000Z</time><ele>9.71</ele></trkpt><trkpt lat="37.157568" lon="126.768478"><time>2026-05-17T07:38:02.000Z</time><ele>9.78</ele></trkpt><trkpt lat="37.157584" lon="126.768716"><time>2026-05-17T07:38:03.000Z</time><ele>10.11</ele></trkpt><trkpt lat="37.157598" lon="126.768942"><time>2026-05-17T07:38:04.000Z</time><ele>10.39</ele></trkpt><trkpt lat="37.157616" lon="126.769153"><time>2026-05-17T07:38:05.000Z</time><ele>10.44</ele></trkpt><trkpt lat="37.157633" lon="126.769363"><time>2026-05-17T07:38:06.000Z</time><ele>10.61</ele></trkpt><trkpt lat="37.157647" lon="126.769576"><time>2026-05-17T07:38:07.000Z</time><ele>10.77</ele></trkpt><trkpt lat="37.157665" lon="126.769788"><time>2026-05-17T07:38:08.000Z</time><ele>10.54</ele></trkpt><trkpt lat="37.157683" lon="126.77"><time>2026-05-17T07:38:09.000Z</time><ele>10.81</ele></trkpt><trkpt lat="37.157701" lon="126.770213"><time>2026-05-17T07:38:10.000Z</time><ele>10.88</ele></trkpt><trkpt lat="37.157718" lon="126.770423"><time>2026-05-17T07:38:11.000Z</time><ele>10.9</ele></trkpt><trkpt lat="37.157728" lon="126.770632"><time>2026-05-17T07:38:12.000Z</time><ele>10.32</ele></trkpt><trkpt lat="37.157746" lon="126.770843"><time>2026-05-17T07:38:13.001Z</time><ele>10.24</ele></trkpt><trkpt lat="37.157765" lon="126.771056"><time>2026-05-17T07:38:14.001Z</time><ele>10.54</ele></trkpt><trkpt lat="37.157784" lon="126.77127"><time>2026-05-17T07:38:15.001Z</time><ele>10.49</ele></trkpt><trkpt lat="37.157801" lon="126.77149"><time>2026-05-17T07:38:16.001Z</time><ele>10.35</ele></trkpt><trkpt lat="37.157822" lon="126.771714"><time>2026-05-17T07:38:17.001Z</time><ele>10.2</ele></trkpt><trkpt lat="37.157838" lon="126.771948"><time>2026-05-17T07:38:18.001Z</time><ele>10.06</ele></trkpt><trkpt lat="37.157852" lon="126.772181"><time>2026-05-17T07:38:19.001Z</time><ele>10.24</ele></trkpt><trkpt lat="37.15787" lon="126.772397"><time>2026-05-17T07:38:20.001Z</time><ele>10.05</ele></trkpt><trkpt lat="37.157886" lon="126.772589"><time>2026-05-17T07:38:21.001Z</time><ele>9.79</ele></trkpt><trkpt lat="37.157899" lon="126.772742"><time>2026-05-17T07:38:22.001Z</time><ele>9.86</ele></trkpt><trkpt lat="37.157908" lon="126.772859"><time>2026-05-17T07:38:23.001Z</time><ele>9.34</ele></trkpt><trkpt lat="37.157918" lon="126.772969"><time>2026-05-17T07:38:24.001Z</time><ele>8.37</ele></trkpt><trkpt lat="37.157925" lon="126.773079"><time>2026-05-17T07:38:25.001Z</time><ele>8.6</ele></trkpt><trkpt lat="37.15793" lon="126.773207"><time>2026-05-17T07:38:26.001Z</time><ele>9.15</ele></trkpt><trkpt lat="37.157943" lon="126.773357"><time>2026-05-17T07:38:27.001Z</time><ele>9.49</ele></trkpt><trkpt lat="37.157967" lon="126.773526"><time>2026-05-17T07:38:28.001Z</time><ele>10.25</ele></trkpt><trkpt lat="37.15801" lon="126.773713"><time>2026-05-17T07:38:29.001Z</time><ele>10.7</ele></trkpt><trkpt lat="37.158057" lon="126.773914"><time>2026-05-17T07:38:30.001Z</time><ele>10.92</ele></trkpt><trkpt lat="37.158104" lon="126.774131"><time>2026-05-17T07:38:31.001Z</time><ele>11.18</ele></trkpt><trkpt lat="37.158157" lon="126.774362"><time>2026-05-17T07:38:32.001Z</time><ele>10.99</ele></trkpt><trkpt lat="37.158223" lon="126.774585"><time>2026-05-17T07:38:33.001Z</time><ele>11.22</ele></trkpt><trkpt lat="37.158289" lon="126.77478"><time>2026-05-17T07:38:34.001Z</time><ele>11.01</ele></trkpt><trkpt lat="37.158358" lon="126.774977"><time>2026-05-17T07:38:35.001Z</time><ele>11.25</ele></trkpt><trkpt lat="37.158437" lon="126.775169"><time>2026-05-17T07:38:36.001Z</time><ele>11.32</ele></trkpt><trkpt lat="37.158513" lon="126.775344"><time>2026-05-17T07:38:37.001Z</time><ele>11.04</ele></trkpt><trkpt lat="37.158592" lon="126.775519"><time>2026-05-17T07:38:38.001Z</time><ele>11.43</ele></trkpt><trkpt lat="37.158688" lon="126.775684"><time>2026-05-17T07:38:39.001Z</time><ele>10.74</ele></trkpt><trkpt lat="37.158785" lon="126.77586"><time>2026-05-17T07:38:40.001Z</time><ele>10.31</ele></trkpt><trkpt lat="37.158889" lon="126.776031"><time>2026-05-17T07:38:41.001Z</time><ele>9.37</ele></trkpt><trkpt lat="37.159008" lon="126.776207"><time>2026-05-17T07:38:42.001Z</time><ele>8.93</ele></trkpt><trkpt lat="37.159129" lon="126.776366"><time>2026-05-17T07:38:43.001Z</time><ele>8.05</ele></trkpt><trkpt lat="37.159247" lon="126.77653"><time>2026-05-17T07:38:44.001Z</time><ele>7.92</ele></trkpt><trkpt lat="37.159364" lon="126.776704"><time>2026-05-17T07:38:45.001Z</time><ele>7.8</ele></trkpt><trkpt lat="37.159482" lon="126.776865"><time>2026-05-17T07:38:46.001Z</time><ele>7.58</ele></trkpt><trkpt lat="37.1596" lon="126.777019"><time>2026-05-17T07:38:47.001Z</time><ele>6.73</ele></trkpt><trkpt lat="37.159724" lon="126.777176"><time>2026-05-17T07:38:48.001Z</time><ele>6.15</ele></trkpt><trkpt lat="37.159845" lon="126.777332"><time>2026-05-17T07:38:49.001Z</time><ele>5.54</ele></trkpt><trkpt lat="37.15996" lon="126.777479"><time>2026-05-17T07:38:50.001Z</time><ele>5.16</ele></trkpt><trkpt lat="37.160073" lon="126.777632"><time>2026-05-17T07:38:51.001Z</time><ele>4.81</ele></trkpt><trkpt lat="37.160187" lon="126.77778"><time>2026-05-17T07:38:52.001Z</time><ele>4.79</ele></trkpt><trkpt lat="37.160298" lon="126.777923"><time>2026-05-17T07:38:53.001Z</time><ele>4.61</ele></trkpt><trkpt lat="37.160402" lon="126.778058"><time>2026-05-17T07:38:54.001Z</time><ele>4.44</ele></trkpt><trkpt lat="37.16051" lon="126.778198"><time>2026-05-17T07:38:55.001Z</time><ele>4.71</ele></trkpt><trkpt lat="37.160619" lon="126.778353"><time>2026-05-17T07:38:56.001Z</time><ele>5.03</ele></trkpt><trkpt lat="37.16073" lon="126.7785"><time>2026-05-17T07:38:57.001Z</time><ele>5.42</ele></trkpt><trkpt lat="37.160842" lon="126.778655"><time>2026-05-17T07:38:58.001Z</time><ele>6.17</ele></trkpt><trkpt lat="37.160954" lon="126.778817"><time>2026-05-17T07:38:59.001Z</time><ele>6.91</ele></trkpt><trkpt lat="37.16107" lon="126.778973"><time>2026-05-17T07:39:00.001Z</time><ele>7.53</ele></trkpt><trkpt lat="37.161195" lon="126.779131"><time>2026-05-17T07:39:01.001Z</time><ele>7.84</ele></trkpt><trkpt lat="37.16132" lon="126.779299"><time>2026-05-17T07:39:02.001Z</time><ele>7.72</ele></trkpt><trkpt lat="37.161446" lon="126.779465"><time>2026-05-17T07:39:03.001Z</time><ele>7.79</ele></trkpt><trkpt lat="37.161569" lon="126.779631"><time>2026-05-17T07:39:04.001Z</time><ele>7.89</ele></trkpt><trkpt lat="37.161693" lon="126.779798"><time>2026-05-17T07:39:05.001Z</time><ele>8.34</ele></trkpt><trkpt lat="37.161822" lon="126.779966"><time>2026-05-17T07:39:06.001Z</time><ele>8.97</ele></trkpt><trkpt lat="37.16194" lon="126.780121"><time>2026-05-17T07:39:07.001Z</time><ele>9.84</ele></trkpt><trkpt lat="37.16205" lon="126.780271"><time>2026-05-17T07:39:08.001Z</time><ele>10.05</ele></trkpt><trkpt lat="37.162164" lon="126.780417"><time>2026-05-17T07:39:09.001Z</time><ele>10.17</ele></trkpt><trkpt lat="37.162284" lon="126.780562"><time>2026-05-17T07:39:10.001Z</time><ele>10.65</ele></trkpt><trkpt lat="37.1624" lon="126.780715"><time>2026-05-17T07:39:11.001Z</time><ele>10.8</ele></trkpt><trkpt lat="37.162506" lon="126.780874"><time>2026-05-17T07:39:12.001Z</time><ele>10.91</ele></trkpt><trkpt lat="37.162627" lon="126.78102"><time>2026-05-17T07:39:13.001Z</time><ele>10.63</ele></trkpt><trkpt lat="37.162743" lon="126.781156"><time>2026-05-17T07:39:14.001Z</time><ele>10.43</ele></trkpt><trkpt lat="37.162846" lon="126.781285"><time>2026-05-17T07:39:15.001Z</time><ele>10.17</ele></trkpt><trkpt lat="37.162939" lon="126.781416"><time>2026-05-17T07:39:16.001Z</time><ele>9.68</ele></trkpt><trkpt lat="37.163028" lon="126.78154"><time>2026-05-17T07:39:17.001Z</time><ele>9.92</ele></trkpt><trkpt lat="37.163116" lon="126.781648"><time>2026-05-17T07:39:18.001Z</time><ele>9.95</ele></trkpt><trkpt lat="37.163191" lon="126.781753"><time>2026-05-17T07:39:19.001Z</time><ele>9.47</ele></trkpt><trkpt lat="37.163265" lon="126.781853"><time>2026-05-17T07:39:20.001Z</time><ele>9.14</ele></trkpt><trkpt lat="37.16334" lon="126.781935"><time>2026-05-17T07:39:21.001Z</time><ele>8.89</ele></trkpt><trkpt lat="37.163417" lon="126.782016"><time>2026-05-17T07:39:22.001Z</time><ele>9.1</ele></trkpt><trkpt lat="37.163498" lon="126.782107"><time>2026-05-17T07:39:23.001Z</time><ele>8.87</ele></trkpt><trkpt lat="37.163573" lon="126.782213"><time>2026-05-17T07:39:24.001Z</time><ele>8.94</ele></trkpt><trkpt lat="37.163652" lon="126.782318"><time>2026-05-17T07:39:25.001Z</time><ele>8.51</ele></trkpt><trkpt lat="37.163735" lon="126.782429"><time>2026-05-17T07:39:26.002Z</time><ele>8.43</ele></trkpt><trkpt lat="37.163824" lon="126.782547"><time>2026-05-17T07:39:27.002Z</time><ele>8.52</ele></trkpt><trkpt lat="37.16392" lon="126.782663"><time>2026-05-17T07:39:28.002Z</time><ele>8.25</ele></trkpt><trkpt lat="37.164015" lon="126.782783"><time>2026-05-17T07:39:29.002Z</time><ele>8.29</ele></trkpt><trkpt lat="37.164115" lon="126.782906"><time>2026-05-17T07:39:30.002Z</time><ele>7.83</ele></trkpt><trkpt lat="37.164214" lon="126.783039"><time>2026-05-17T07:39:31.002Z</time><ele>7.52</ele></trkpt><trkpt lat="37.164316" lon="126.783171"><time>2026-05-17T07:39:32.002Z</time><ele>7.16</ele></trkpt><trkpt lat="37.164419" lon="126.78331"><time>2026-05-17T07:39:33.000Z</time><ele>7.37</ele></trkpt><trkpt lat="37.16453" lon="126.783446"><time>2026-05-17T07:39:34.000Z</time><ele>7.37</ele></trkpt><trkpt lat="37.164637" lon="126.783594"><time>2026-05-17T07:39:35.000Z</time><ele>7.24</ele></trkpt><trkpt lat="37.164749" lon="126.783741"><time>2026-05-17T07:39:36.000Z</time><ele>7.57</ele></trkpt><trkpt lat="37.164876" lon="126.783885"><time>2026-05-17T07:39:37.000Z</time><ele>7.32</ele></trkpt><trkpt lat="37.164994" lon="126.784031"><time>2026-05-17T07:39:38.000Z</time><ele>7.43</ele></trkpt><trkpt lat="37.165123" lon="126.784177"><time>2026-05-17T07:39:39.000Z</time><ele>7.01</ele></trkpt><trkpt lat="37.165243" lon="126.784337"><time>2026-05-17T07:39:40.000Z</time><ele>6.99</ele></trkpt><trkpt lat="37.165386" lon="126.784467"><time>2026-05-17T07:39:41.000Z</time><ele>6.87</ele></trkpt><trkpt lat="37.165518" lon="126.784617"><time>2026-05-17T07:39:42.000Z</time><ele>6.95</ele></trkpt><trkpt lat="37.165667" lon="126.784745"><time>2026-05-17T07:39:43.000Z</time><ele>6.65</ele></trkpt><trkpt lat="37.165799" lon="126.78489"><time>2026-05-17T07:39:44.000Z</time><ele>6.55</ele></trkpt><trkpt lat="37.165953" lon="126.785015"><time>2026-05-17T07:39:45.000Z</time><ele>6.63</ele></trkpt><trkpt lat="37.166094" lon="126.785145"><time>2026-05-17T07:39:46.000Z</time><ele>7.24</ele></trkpt><trkpt lat="37.166229" lon="126.785255"><time>2026-05-17T07:39:47.000Z</time><ele>7.28</ele></trkpt><trkpt lat="37.166351" lon="126.785368"><time>2026-05-17T07:39:48.000Z</time><ele>7.31</ele></trkpt><trkpt lat="37.166467" lon="126.785473"><time>2026-05-17T07:39:49.000Z</time><ele>7.15</ele></trkpt><trkpt lat="37.16658" lon="126.78557"><time>2026-05-17T07:39:50.000Z</time><ele>6.98</ele></trkpt><trkpt lat="37.166699" lon="126.785669"><time>2026-05-17T07:39:51.000Z</time><ele>6.86</ele></trkpt><trkpt lat="37.166819" lon="126.785788"><time>2026-05-17T07:39:52.000Z</time><ele>7.12</ele></trkpt><trkpt lat="37.166943" lon="126.785909"><time>2026-05-17T07:39:53.000Z</time><ele>7.81</ele></trkpt><trkpt lat="37.167064" lon="126.786018"><time>2026-05-17T07:39:54.000Z</time><ele>7.74</ele></trkpt><trkpt lat="37.167177" lon="126.786121"><time>2026-05-17T07:39:55.000Z</time><ele>7.96</ele></trkpt><trkpt lat="37.167274" lon="126.786208"><time>2026-05-17T07:39:56.000Z</time><ele>8.15</ele></trkpt><trkpt lat="37.167353" lon="126.786282"><time>2026-05-17T07:39:57.000Z</time><ele>7.37</ele></trkpt><trkpt lat="37.167423" lon="126.786348"><time>2026-05-17T07:39:58.000Z</time><ele>7.29</ele></trkpt><trkpt lat="37.167488" lon="126.786404"><time>2026-05-17T07:39:59.000Z</time><ele>7.31</ele></trkpt><trkpt lat="37.167565" lon="126.786463"><time>2026-05-17T07:40:00.000Z</time><ele>6.73</ele></trkpt><trkpt lat="37.167654" lon="126.786543"><time>2026-05-17T07:40:01.000Z</time><ele>6.82</ele></trkpt><trkpt lat="37.167751" lon="126.786631"><time>2026-05-17T07:40:02.000Z</time><ele>6.58</ele></trkpt><trkpt lat="37.167855" lon="126.786742"><time>2026-05-17T07:40:03.000Z</time><ele>7.09</ele></trkpt><trkpt lat="37.167978" lon="126.786852"><time>2026-05-17T07:40:04.000Z</time><ele>6.86</ele></trkpt><trkpt lat="37.168111" lon="126.786962"><time>2026-05-17T07:40:05.000Z</time><ele>6.98</ele></trkpt><trkpt lat="37.168245" lon="126.787086"><time>2026-05-17T07:40:06.000Z</time><ele>6.75</ele></trkpt><trkpt lat="37.168389" lon="126.787215"><time>2026-05-17T07:40:07.000Z</time><ele>6.88</ele></trkpt><trkpt lat="37.168535" lon="126.787337"><time>2026-05-17T07:40:08.000Z</time><ele>7.03</ele></trkpt><trkpt lat="37.168674" lon="126.787448"><time>2026-05-17T07:40:09.000Z</time><ele>6.77</ele></trkpt><trkpt lat="37.168817" lon="126.787554"><time>2026-05-17T07:40:10.000Z</time><ele>7.05</ele></trkpt><trkpt lat="37.168959" lon="126.787649"><time>2026-05-17T07:40:11.000Z</time><ele>7.01</ele></trkpt><trkpt lat="37.169117" lon="126.787703"><time>2026-05-17T07:40:12.000Z</time><ele>7.17</ele></trkpt><trkpt lat="37.169259" lon="126.787825"><time>2026-05-17T07:40:13.000Z</time><ele>6.92</ele></trkpt><trkpt lat="37.169415" lon="126.787898"><time>2026-05-17T07:40:14.000Z</time><ele>7.24</ele></trkpt><trkpt lat="37.169575" lon="126.787971"><time>2026-05-17T07:40:15.000Z</time><ele>7.4</ele></trkpt><trkpt lat="37.169738" lon="126.788034"><time>2026-05-17T07:40:16.000Z</time><ele>7.17</ele></trkpt><trkpt lat="37.169907" lon="126.788087"><time>2026-05-17T07:40:17.000Z</time><ele>7.31</ele></trkpt><trkpt lat="37.170072" lon="126.788129"><time>2026-05-17T07:40:18.000Z</time><ele>7.03</ele></trkpt><trkpt lat="37.170237" lon="126.788163"><time>2026-05-17T07:40:19.000Z</time><ele>7.05</ele></trkpt><trkpt lat="37.170393" lon="126.788198"><time>2026-05-17T07:40:20.001Z</time><ele>6.92</ele></trkpt><trkpt lat="37.170535" lon="126.788226"><time>2026-05-17T07:40:21.001Z</time><ele>6.98</ele></trkpt><trkpt lat="37.170665" lon="126.788261"><time>2026-05-17T07:40:22.001Z</time><ele>6.86</ele></trkpt><trkpt lat="37.170804" lon="126.788301"><time>2026-05-17T07:40:23.001Z</time><ele>6.98</ele></trkpt><trkpt lat="37.17094" lon="126.788336"><time>2026-05-17T07:40:24.001Z</time><ele>7.23</ele></trkpt><trkpt lat="37.171082" lon="126.78837"><time>2026-05-17T07:40:25.001Z</time><ele>7.13</ele></trkpt><trkpt lat="37.171221" lon="126.788404"><time>2026-05-17T07:40:26.001Z</time><ele>7.44</ele></trkpt><trkpt lat="37.171363" lon="126.788441"><time>2026-05-17T07:40:27.001Z</time><ele>7.55</ele></trkpt><trkpt lat="37.171511" lon="126.788481"><time>2026-05-17T07:40:28.001Z</time><ele>7.43</ele></trkpt><trkpt lat="37.171662" lon="126.788518"><time>2026-05-17T07:40:29.001Z</time><ele>7.87</ele></trkpt><trkpt lat="37.171815" lon="126.788555"><time>2026-05-17T07:40:30.001Z</time><ele>8.1</ele></trkpt><trkpt lat="37.171966" lon="126.788585"><time>2026-05-17T07:40:31.001Z</time><ele>8.47</ele></trkpt><trkpt lat="37.172122" lon="126.788623"><time>2026-05-17T07:40:32.001Z</time><ele>8.72</ele></trkpt><trkpt lat="37.172278" lon="126.788653"><time>2026-05-17T07:40:33.001Z</time><ele>8.89</ele></trkpt><trkpt lat="37.172437" lon="126.78869"><time>2026-05-17T07:40:34.001Z</time><ele>8.42</ele></trkpt><trkpt lat="37.172596" lon="126.788727"><time>2026-05-17T07:40:35.001Z</time><ele>8.45</ele></trkpt><trkpt lat="37.172755" lon="126.788764"><time>2026-05-17T07:40:36.001Z</time><ele>8.53</ele></trkpt><trkpt lat="37.172905" lon="126.788798"><time>2026-05-17T07:40:37.001Z</time><ele>8.3</ele></trkpt><trkpt lat="37.173043" lon="126.788833"><time>2026-05-17T07:40:38.001Z</time><ele>8.26</ele></trkpt><trkpt lat="37.173175" lon="126.788869"><time>2026-05-17T07:40:39.001Z</time><ele>8.36</ele></trkpt><trkpt lat="37.173303" lon="126.788905"><time>2026-05-17T07:40:40.001Z</time><ele>8.23</ele></trkpt><trkpt lat="37.173436" lon="126.788949"><time>2026-05-17T07:40:41.001Z</time><ele>8.52</ele></trkpt><trkpt lat="37.173571" lon="126.789008"><time>2026-05-17T07:40:42.001Z</time><ele>8.76</ele></trkpt><trkpt lat="37.173707" lon="126.789072"><time>2026-05-17T07:40:43.001Z</time><ele>8.74</ele></trkpt><trkpt lat="37.173851" lon="126.789138"><time>2026-05-17T07:40:44.001Z</time><ele>9.01</ele></trkpt><trkpt lat="37.174" lon="126.789214"><time>2026-05-17T07:40:45.001Z</time><ele>9.56</ele></trkpt><trkpt lat="37.174148" lon="126.789306"><time>2026-05-17T07:40:46.001Z</time><ele>10.29</ele></trkpt><trkpt lat="37.174299" lon="126.789405"><time>2026-05-17T07:40:47.001Z</time><ele>10.78</ele></trkpt><trkpt lat="37.174454" lon="126.789513"><time>2026-05-17T07:40:48.001Z</time><ele>11.75</ele></trkpt><trkpt lat="37.174601" lon="126.789629"><time>2026-05-17T07:40:49.001Z</time><ele>12.47</ele></trkpt><trkpt lat="37.174735" lon="126.789738"><time>2026-05-17T07:40:50.001Z</time><ele>13.08</ele></trkpt><trkpt lat="37.174879" lon="126.789843"><time>2026-05-17T07:40:51.001Z</time><ele>13.56</ele></trkpt><trkpt lat="37.17502" lon="126.789947"><time>2026-05-17T07:40:52.001Z</time><ele>13.45</ele></trkpt><trkpt lat="37.175158" lon="126.790064"><time>2026-05-17T07:40:53.001Z</time><ele>13.55</ele></trkpt><trkpt lat="37.175298" lon="126.790184"><time>2026-05-17T07:40:54.001Z</time><ele>13.22</ele></trkpt><trkpt lat="37.175447" lon="126.790312"><time>2026-05-17T07:40:55.001Z</time><ele>13.84</ele></trkpt><trkpt lat="37.1756" lon="126.79042"><time>2026-05-17T07:40:56.001Z</time><ele>13.73</ele></trkpt><trkpt lat="37.175752" lon="126.79054"><time>2026-05-17T07:40:57.001Z</time><ele>14</ele></trkpt><trkpt lat="37.175904" lon="126.790667"><time>2026-05-17T07:40:58.001Z</time><ele>13.91</ele></trkpt><trkpt lat="37.176054" lon="126.790781"><time>2026-05-17T07:40:59.001Z</time><ele>14.21</ele></trkpt><trkpt lat="37.176199" lon="126.790891"><time>2026-05-17T07:41:00.001Z</time><ele>14.2</ele></trkpt><trkpt lat="37.17635" lon="126.791006"><time>2026-05-17T07:41:01.001Z</time><ele>14.39</ele></trkpt><trkpt lat="37.1765" lon="126.791118"><time>2026-05-17T07:41:02.001Z</time><ele>14.53</ele></trkpt><trkpt lat="37.176649" lon="126.791227"><time>2026-05-17T07:41:03.001Z</time><ele>14.25</ele></trkpt><trkpt lat="37.176792" lon="126.791338"><time>2026-05-17T07:41:04.001Z</time><ele>14.34</ele></trkpt><trkpt lat="37.176931" lon="126.791444"><time>2026-05-17T07:41:05.001Z</time><ele>13.94</ele></trkpt><trkpt lat="37.177068" lon="126.791541"><time>2026-05-17T07:41:06.001Z</time><ele>13.3</ele></trkpt><trkpt lat="37.177203" lon="126.79165"><time>2026-05-17T07:41:07.001Z</time><ele>14.12</ele></trkpt><trkpt lat="37.177339" lon="126.791753"><time>2026-05-17T07:41:08.001Z</time><ele>13.98</ele></trkpt><trkpt lat="37.177482" lon="126.791867"><time>2026-05-17T07:41:09.001Z</time><ele>13.91</ele></trkpt><trkpt lat="37.177623" lon="126.791971"><time>2026-05-17T07:41:10.001Z</time><ele>13.67</ele></trkpt><trkpt lat="37.177769" lon="126.792084"><time>2026-05-17T07:41:11.001Z</time><ele>13.35</ele></trkpt><trkpt lat="37.177918" lon="126.792203"><time>2026-05-17T07:41:12.001Z</time><ele>12.88</ele></trkpt><trkpt lat="37.178069" lon="126.792325"><time>2026-05-17T07:41:13.001Z</time><ele>12.22</ele></trkpt><trkpt lat="37.178224" lon="126.792444"><time>2026-05-17T07:41:14.001Z</time><ele>12.98</ele></trkpt><trkpt lat="37.178382" lon="126.792566"><time>2026-05-17T07:41:15.001Z</time><ele>13.42</ele></trkpt><trkpt lat="37.178544" lon="126.792687"><time>2026-05-17T07:41:16.001Z</time><ele>13.02</ele></trkpt><trkpt lat="37.178694" lon="126.792803"><time>2026-05-17T07:41:17.001Z</time><ele>13.85</ele></trkpt><trkpt lat="37.178843" lon="126.792914"><time>2026-05-17T07:41:18.001Z</time><ele>13.29</ele></trkpt><trkpt lat="37.17899" lon="126.79303"><time>2026-05-17T07:41:19.001Z</time><ele>13.22</ele></trkpt><trkpt lat="37.179137" lon="126.793144"><time>2026-05-17T07:41:20.001Z</time><ele>13.09</ele></trkpt><trkpt lat="37.179286" lon="126.793256"><time>2026-05-17T07:41:21.001Z</time><ele>13.01</ele></trkpt><trkpt lat="37.179431" lon="126.793367"><time>2026-05-17T07:41:22.001Z</time><ele>12.77</ele></trkpt><trkpt lat="37.179577" lon="126.793481"><time>2026-05-17T07:41:23.001Z</time><ele>12.91</ele></trkpt><trkpt lat="37.179724" lon="126.79359"><time>2026-05-17T07:41:24.001Z</time><ele>12.5</ele></trkpt><trkpt lat="37.179869" lon="126.7937"><time>2026-05-17T07:41:25.001Z</time><ele>12.59</ele></trkpt><trkpt lat="37.180013" lon="126.793813"><time>2026-05-17T07:41:26.001Z</time><ele>12.38</ele></trkpt><trkpt lat="37.180156" lon="126.793928"><time>2026-05-17T07:41:27.001Z</time><ele>12.2</ele></trkpt><trkpt lat="37.180298" lon="126.794047"><time>2026-05-17T07:41:28.001Z</time><ele>12.32</ele></trkpt><trkpt lat="37.180434" lon="126.794173"><time>2026-05-17T07:41:29.001Z</time><ele>12.33</ele></trkpt><trkpt lat="37.180571" lon="126.794298"><time>2026-05-17T07:41:30.001Z</time><ele>12.82</ele></trkpt><trkpt lat="37.180709" lon="126.794419"><time>2026-05-17T07:41:31.001Z</time><ele>12.9</ele></trkpt><trkpt lat="37.180831" lon="126.794555"><time>2026-05-17T07:41:32.001Z</time><ele>13.37</ele></trkpt><trkpt lat="37.180968" lon="126.794675"><time>2026-05-17T07:41:33.001Z</time><ele>13.49</ele></trkpt><trkpt lat="37.181097" lon="126.79479"><time>2026-05-17T07:41:34.002Z</time><ele>13.75</ele></trkpt><trkpt lat="37.181234" lon="126.794892"><time>2026-05-17T07:41:35.002Z</time><ele>13.94</ele></trkpt><trkpt lat="37.181376" lon="126.794975"><time>2026-05-17T07:41:36.002Z</time><ele>14.1</ele></trkpt><trkpt lat="37.181528" lon="126.79503"><time>2026-05-17T07:41:37.002Z</time><ele>13.79</ele></trkpt><trkpt lat="37.18168" lon="126.795081"><time>2026-05-17T07:41:38.002Z</time><ele>13.63</ele></trkpt><trkpt lat="37.181834" lon="126.795115"><time>2026-05-17T07:41:39.000Z</time><ele>14.05</ele></trkpt><trkpt lat="37.182" lon="126.795139"><time>2026-05-17T07:41:40.000Z</time><ele>13.71</ele></trkpt><trkpt lat="37.182169" lon="126.795145"><time>2026-05-17T07:41:41.000Z</time><ele>13.77</ele></trkpt><trkpt lat="37.182343" lon="126.795121"><time>2026-05-17T07:41:42.000Z</time><ele>12.96</ele></trkpt><trkpt lat="37.18251" lon="126.795111"><time>2026-05-17T07:41:43.000Z</time><ele>12.83</ele></trkpt><trkpt lat="37.182666" lon="126.795093"><time>2026-05-17T07:41:44.000Z</time><ele>12.4</ele></trkpt><trkpt lat="37.182815" lon="126.795097"><time>2026-05-17T07:41:45.000Z</time><ele>12.28</ele></trkpt><trkpt lat="37.18296" lon="126.795087"><time>2026-05-17T07:41:46.000Z</time><ele>11.94</ele></trkpt><trkpt lat="37.183106" lon="126.795084"><time>2026-05-17T07:41:47.000Z</time><ele>11.95</ele></trkpt><trkpt lat="37.183238" lon="126.795065"><time>2026-05-17T07:41:48.000Z</time><ele>11.31</ele></trkpt><trkpt lat="37.183363" lon="126.795042"><time>2026-05-17T07:41:49.000Z</time><ele>10.63</ele></trkpt><trkpt lat="37.183477" lon="126.795055"><time>2026-05-17T07:41:50.000Z</time><ele>10.95</ele></trkpt><trkpt lat="37.183595" lon="126.795045"><time>2026-05-17T07:41:51.000Z</time><ele>10.86</ele></trkpt><trkpt lat="37.18372" lon="126.795037"><time>2026-05-17T07:41:52.000Z</time><ele>11.36</ele></trkpt><trkpt lat="37.183843" lon="126.795029"><time>2026-05-17T07:41:53.000Z</time><ele>11.12</ele></trkpt><trkpt lat="37.183968" lon="126.795024"><time>2026-05-17T07:41:54.000Z</time><ele>10.67</ele></trkpt><trkpt lat="37.184095" lon="126.795014"><time>2026-05-17T07:41:55.000Z</time><ele>10.42</ele></trkpt><trkpt lat="37.184221" lon="126.795"><time>2026-05-17T07:41:56.000Z</time><ele>10.74</ele></trkpt><trkpt lat="37.184341" lon="126.794993"><time>2026-05-17T07:41:57.000Z</time><ele>10.97</ele></trkpt><trkpt lat="37.184451" lon="126.794993"><time>2026-05-17T07:41:58.000Z</time><ele>10.88</ele></trkpt><trkpt lat="37.184552" lon="126.79499"><time>2026-05-17T07:41:59.000Z</time><ele>10.2</ele></trkpt><trkpt lat="37.184649" lon="126.794988"><time>2026-05-17T07:42:00.000Z</time><ele>10.72</ele></trkpt><trkpt lat="37.184736" lon="126.79498"><time>2026-05-17T07:42:01.000Z</time><ele>10.75</ele></trkpt><trkpt lat="37.184817" lon="126.79497"><time>2026-05-17T07:42:02.000Z</time><ele>10.56</ele></trkpt><trkpt lat="37.18489" lon="126.794965"><time>2026-05-17T07:42:03.000Z</time><ele>10.58</ele></trkpt><trkpt lat="37.184957" lon="126.794959"><time>2026-05-17T07:42:04.000Z</time><ele>10.39</ele></trkpt><trkpt lat="37.185019" lon="126.794954"><time>2026-05-17T07:42:05.000Z</time><ele>10.49</ele></trkpt><trkpt lat="37.185079" lon="126.794949"><time>2026-05-17T07:42:06.000Z</time><ele>10.86</ele></trkpt><trkpt lat="37.185128" lon="126.79494"><time>2026-05-17T07:42:07.000Z</time><ele>10.82</ele></trkpt><trkpt lat="37.185184" lon="126.794927"><time>2026-05-17T07:42:08.000Z</time><ele>10.93</ele></trkpt><trkpt lat="37.185245" lon="126.79491"><time>2026-05-17T07:42:09.000Z</time><ele>11.14</ele></trkpt><trkpt lat="37.185302" lon="126.794884"><time>2026-05-17T07:42:10.000Z</time><ele>10.89</ele></trkpt><trkpt lat="37.185353" lon="126.794855"><time>2026-05-17T07:42:11.000Z</time><ele>10.57</ele></trkpt><trkpt lat="37.1854" lon="126.794823"><time>2026-05-17T07:42:12.000Z</time><ele>10.24</ele></trkpt><trkpt lat="37.185461" lon="126.794771"><time>2026-05-17T07:42:14.000Z</time><ele>10.09</ele></trkpt><trkpt lat="37.18551" lon="126.794732"><time>2026-05-17T07:42:16.000Z</time><ele>10.04</ele></trkpt><trkpt lat="37.18558" lon="126.794676"><time>2026-05-17T07:42:24.000Z</time><ele>10.29</ele></trkpt><trkpt lat="37.185621" lon="126.794627"><time>2026-05-17T07:42:25.000Z</time><ele>10.43</ele></trkpt><trkpt lat="37.185655" lon="126.794572"><time>2026-05-17T07:42:26.000Z</time><ele>10.68</ele></trkpt><trkpt lat="37.18569" lon="126.794511"><time>2026-05-17T07:42:27.001Z</time><ele>10.71</ele></trkpt><trkpt lat="37.185734" lon="126.79443"><time>2026-05-17T07:42:28.001Z</time><ele>9.98</ele></trkpt><trkpt lat="37.185778" lon="126.794342"><time>2026-05-17T07:42:29.001Z</time><ele>10.8</ele></trkpt><trkpt lat="37.18601" lon="126.793791"><time>2026-05-17T07:42:34.001Z</time><ele>10.36</ele></trkpt><trkpt lat="37.186059" lon="126.793666"><time>2026-05-17T07:42:35.001Z</time><ele>9.65</ele></trkpt><trkpt lat="37.186115" lon="126.793534"><time>2026-05-17T07:42:36.001Z</time><ele>9.61</ele></trkpt><trkpt lat="37.186171" lon="126.793398"><time>2026-05-17T07:42:37.001Z</time><ele>9.98</ele></trkpt><trkpt lat="37.186229" lon="126.793257"><time>2026-05-17T07:42:38.001Z</time><ele>10.18</ele></trkpt><trkpt lat="37.186285" lon="126.793113"><time>2026-05-17T07:42:39.001Z</time><ele>9.94</ele></trkpt><trkpt lat="37.186345" lon="126.792978"><time>2026-05-17T07:42:40.001Z</time><ele>9.97</ele></trkpt><trkpt lat="37.186398" lon="126.792852"><time>2026-05-17T07:42:41.001Z</time><ele>9.73</ele></trkpt><trkpt lat="37.186454" lon="126.792721"><time>2026-05-17T07:42:42.001Z</time><ele>9.42</ele></trkpt><trkpt lat="37.18651" lon="126.792582"><time>2026-05-17T07:42:43.001Z</time><ele>9.05</ele></trkpt><trkpt lat="37.186571" lon="126.792443"><time>2026-05-17T07:42:44.001Z</time><ele>8.83</ele></trkpt><trkpt lat="37.186622" lon="126.792314"><time>2026-05-17T07:42:45.001Z</time><ele>8.57</ele></trkpt><trkpt lat="37.186667" lon="126.792195"><time>2026-05-17T07:42:46.001Z</time><ele>7.77</ele></trkpt><trkpt lat="37.186713" lon="126.792083"><time>2026-05-17T07:42:47.001Z</time><ele>7.59</ele></trkpt><trkpt lat="37.186756" lon="126.791981"><time>2026-05-17T07:42:48.001Z</time><ele>7.56</ele></trkpt><trkpt lat="37.186802" lon="126.791873"><time>2026-05-17T07:42:49.001Z</time><ele>7.81</ele></trkpt><trkpt lat="37.186849" lon="126.791761"><time>2026-05-17T07:42:50.001Z</time><ele>7.91</ele></trkpt><trkpt lat="37.186889" lon="126.791665"><time>2026-05-17T07:42:51.001Z</time><ele>8.5</ele></trkpt><trkpt lat="37.186924" lon="126.791577"><time>2026-05-17T07:42:52.001Z</time><ele>8.49</ele></trkpt><trkpt lat="37.186949" lon="126.791505"><time>2026-05-17T07:42:53.001Z</time><ele>9.01</ele></trkpt><trkpt lat="37.186983" lon="126.791426"><time>2026-05-17T07:42:54.001Z</time><ele>8.99</ele></trkpt><trkpt lat="37.187018" lon="126.791344"><time>2026-05-17T07:42:55.001Z</time><ele>9.05</ele></trkpt><trkpt lat="37.18705" lon="126.791259"><time>2026-05-17T07:42:56.001Z</time><ele>8.78</ele></trkpt><trkpt lat="37.187082" lon="126.791173"><time>2026-05-17T07:42:57.001Z</time><ele>8.08</ele></trkpt><trkpt lat="37.187117" lon="126.791094"><time>2026-05-17T07:42:58.001Z</time><ele>8.11</ele></trkpt><trkpt lat="37.18715" lon="126.791018"><time>2026-05-17T07:42:59.001Z</time><ele>8.17</ele></trkpt><trkpt lat="37.187177" lon="126.790951"><time>2026-05-17T07:43:00.001Z</time><ele>8.28</ele></trkpt><trkpt lat="37.187213" lon="126.790898"><time>2026-05-17T07:43:01.001Z</time><ele>8.25</ele></trkpt><trkpt lat="37.187225" lon="126.790837"><time>2026-05-17T07:43:02.001Z</time><ele>8.23</ele></trkpt><trkpt lat="37.187316" lon="126.790837"><time>2026-05-17T07:43:03.001Z</time><ele>8.39</ele></trkpt><trkpt lat="37.187372" lon="126.790839"><time>2026-05-17T07:43:04.001Z</time><ele>8.05</ele></trkpt><trkpt lat="37.187424" lon="126.790832"><time>2026-05-17T07:43:05.001Z</time><ele>8.59</ele></trkpt><trkpt lat="37.187486" lon="126.79083"><time>2026-05-17T07:43:06.001Z</time><ele>8.93</ele></trkpt><trkpt lat="37.187559" lon="126.790827"><time>2026-05-17T07:43:07.001Z</time><ele>9.37</ele></trkpt><trkpt lat="37.187648" lon="126.790997"><time>2026-05-17T07:43:08.001Z</time><ele>9.93</ele></trkpt><trkpt lat="37.187746" lon="126.79105"><time>2026-05-17T07:43:09.001Z</time><ele>10.36</ele></trkpt><trkpt lat="37.187852" lon="126.791106"><time>2026-05-17T07:43:10.001Z</time><ele>10.05</ele></trkpt><trkpt lat="37.187954" lon="126.791157"><time>2026-05-17T07:43:11.001Z</time><ele>9.77</ele></trkpt><trkpt lat="37.188065" lon="126.79122"><time>2026-05-17T07:43:12.001Z</time><ele>10</ele></trkpt><trkpt lat="37.188174" lon="126.791276"><time>2026-05-17T07:43:13.001Z</time><ele>11.83</ele></trkpt><trkpt lat="37.188288" lon="126.79133"><time>2026-05-17T07:43:14.001Z</time><ele>12.27</ele></trkpt><trkpt lat="37.188402" lon="126.791389"><time>2026-05-17T07:43:15.001Z</time><ele>12.78</ele></trkpt><trkpt lat="37.188517" lon="126.791448"><time>2026-05-17T07:43:16.001Z</time><ele>12.67</ele></trkpt><trkpt lat="37.188629" lon="126.79151"><time>2026-05-17T07:43:17.001Z</time><ele>12.76</ele></trkpt><trkpt lat="37.188758" lon="126.79155"><time>2026-05-17T07:43:18.001Z</time><ele>12.02</ele></trkpt><trkpt lat="37.188866" lon="126.791623"><time>2026-05-17T07:43:19.001Z</time><ele>11.84</ele></trkpt><trkpt lat="37.188968" lon="126.791702"><time>2026-05-17T07:43:20.001Z</time><ele>11.8</ele></trkpt><trkpt lat="37.18906" lon="126.791784"><time>2026-05-17T07:43:21.001Z</time><ele>12.1</ele></trkpt><trkpt lat="37.189152" lon="126.791868"><time>2026-05-17T07:43:22.001Z</time><ele>13.08</ele></trkpt><trkpt lat="37.189246" lon="126.791957"><time>2026-05-17T07:43:23.001Z</time><ele>14.09</ele></trkpt><trkpt lat="37.189336" lon="126.792025"><time>2026-05-17T07:43:24.001Z</time><ele>13.88</ele></trkpt><trkpt lat="37.189406" lon="126.792103"><time>2026-05-17T07:43:25.001Z</time><ele>15.21</ele></trkpt><trkpt lat="37.189474" lon="126.792168"><time>2026-05-17T07:43:26.001Z</time><ele>14.89</ele></trkpt><trkpt lat="37.189536" lon="126.792226"><time>2026-05-17T07:43:27.001Z</time><ele>15.78</ele></trkpt><trkpt lat="37.189611" lon="126.792272"><time>2026-05-17T07:43:28.001Z</time><ele>14.63</ele></trkpt><trkpt lat="37.189679" lon="126.792333"><time>2026-05-17T07:43:29.001Z</time><ele>14.94</ele></trkpt><trkpt lat="37.189751" lon="126.792396"><time>2026-05-17T07:43:30.001Z</time><ele>14.46</ele></trkpt><trkpt lat="37.189827" lon="126.792462"><time>2026-05-17T07:43:31.001Z</time><ele>14.5</ele></trkpt><trkpt lat="37.189902" lon="126.792531"><time>2026-05-17T07:43:32.001Z</time><ele>14.59</ele></trkpt><trkpt lat="37.189982" lon="126.7926"><time>2026-05-17T07:43:33.001Z</time><ele>14.99</ele></trkpt><trkpt lat="37.190063" lon="126.792652"><time>2026-05-17T07:43:34.001Z</time><ele>15.24</ele></trkpt><trkpt lat="37.190141" lon="126.792714"><time>2026-05-17T07:43:35.001Z</time><ele>14.85</ele></trkpt><trkpt lat="37.190215" lon="126.792791"><time>2026-05-17T07:43:36.001Z</time><ele>15.4</ele></trkpt><trkpt lat="37.190288" lon="126.792862"><time>2026-05-17T07:43:37.001Z</time><ele>15.74</ele></trkpt><trkpt lat="37.190362" lon="126.792915"><time>2026-05-17T07:43:38.001Z</time><ele>14.5</ele></trkpt><trkpt lat="37.190426" lon="126.792963"><time>2026-05-17T07:43:39.001Z</time><ele>13.56</ele></trkpt><trkpt lat="37.190479" lon="126.793001"><time>2026-05-17T07:43:40.002Z</time><ele>13.26</ele></trkpt><trkpt lat="37.190538" lon="126.793069"><time>2026-05-17T07:43:41.002Z</time><ele>14.09</ele></trkpt><trkpt lat="37.190613" lon="126.793132"><time>2026-05-17T07:43:42.002Z</time><ele>13.76</ele></trkpt><trkpt lat="37.190697" lon="126.793187"><time>2026-05-17T07:43:43.002Z</time><ele>14.11</ele></trkpt><trkpt lat="37.190771" lon="126.79326"><time>2026-05-17T07:43:44.002Z</time><ele>13.96</ele></trkpt><trkpt lat="37.190848" lon="126.793325"><time>2026-05-17T07:43:45.000Z</time><ele>13.84</ele></trkpt><trkpt lat="37.190925" lon="126.793385"><time>2026-05-17T07:43:46.000Z</time><ele>13.55</ele></trkpt><trkpt lat="37.190993" lon="126.793458"><time>2026-05-17T07:43:47.000Z</time><ele>14.44</ele></trkpt><trkpt lat="37.191077" lon="126.793524"><time>2026-05-17T07:43:48.000Z</time><ele>14.68</ele></trkpt><trkpt lat="37.191166" lon="126.793591"><time>2026-05-17T07:43:49.000Z</time><ele>14.9</ele></trkpt><trkpt lat="37.191252" lon="126.793675"><time>2026-05-17T07:43:50.000Z</time><ele>15.13</ele></trkpt><trkpt lat="37.191353" lon="126.793742"><time>2026-05-17T07:43:51.000Z</time><ele>15.13</ele></trkpt><trkpt lat="37.191448" lon="126.793834"><time>2026-05-17T07:43:52.000Z</time><ele>16.11</ele></trkpt><trkpt lat="37.191549" lon="126.793917"><time>2026-05-17T07:43:53.000Z</time><ele>15.47</ele></trkpt><trkpt lat="37.191654" lon="126.793997"><time>2026-05-17T07:43:54.000Z</time><ele>14.72</ele></trkpt><trkpt lat="37.191749" lon="126.794089"><time>2026-05-17T07:43:55.000Z</time><ele>15.5</ele></trkpt><trkpt lat="37.191844" lon="126.794168"><time>2026-05-17T07:43:56.000Z</time><ele>15.61</ele></trkpt><trkpt lat="37.191938" lon="126.794246"><time>2026-05-17T07:43:57.000Z</time><ele>14.63</ele></trkpt><trkpt lat="37.192038" lon="126.794317"><time>2026-05-17T07:43:58.000Z</time><ele>15.09</ele></trkpt><trkpt lat="37.19213" lon="126.79441"><time>2026-05-17T07:43:59.000Z</time><ele>15.58</ele></trkpt><trkpt lat="37.192232" lon="126.794499"><time>2026-05-17T07:44:00.000Z</time><ele>15.07</ele></trkpt><trkpt lat="37.19234" lon="126.794585"><time>2026-05-17T07:44:01.000Z</time><ele>15.94</ele></trkpt><trkpt lat="37.192443" lon="126.794689"><time>2026-05-17T07:44:02.000Z</time><ele>15.94</ele></trkpt><trkpt lat="37.19256" lon="126.794773"><time>2026-05-17T07:44:03.000Z</time><ele>16.01</ele></trkpt><trkpt lat="37.192662" lon="126.794877"><time>2026-05-17T07:44:04.000Z</time><ele>16.72</ele></trkpt><trkpt lat="37.192777" lon="126.79496"><time>2026-05-17T07:44:05.000Z</time><ele>16.58</ele></trkpt><trkpt lat="37.192881" lon="126.795048"><time>2026-05-17T07:44:06.000Z</time><ele>16.41</ele></trkpt><trkpt lat="37.192989" lon="126.795136"><time>2026-05-17T07:44:07.000Z</time><ele>16.13</ele></trkpt><trkpt lat="37.193117" lon="126.795225"><time>2026-05-17T07:44:08.000Z</time><ele>15.99</ele></trkpt><trkpt lat="37.193239" lon="126.795348"><time>2026-05-17T07:44:09.000Z</time><ele>16.53</ele></trkpt><trkpt lat="37.193376" lon="126.795453"><time>2026-05-17T07:44:10.000Z</time><ele>16.11</ele></trkpt><trkpt lat="37.193519" lon="126.795564"><time>2026-05-17T07:44:11.000Z</time><ele>15.85</ele></trkpt><trkpt lat="37.193673" lon="126.795687"><time>2026-05-17T07:44:12.000Z</time><ele>15.6</ele></trkpt><trkpt lat="37.19383" lon="126.795808"><time>2026-05-17T07:44:13.000Z</time><ele>15.94</ele></trkpt><trkpt lat="37.19399" lon="126.795922"><time>2026-05-17T07:44:14.000Z</time><ele>16.44</ele></trkpt><trkpt lat="37.194157" lon="126.796043"><time>2026-05-17T07:44:15.000Z</time><ele>16.44</ele></trkpt><trkpt lat="37.194331" lon="126.796155"><time>2026-05-17T07:44:16.000Z</time><ele>16.79</ele></trkpt><trkpt lat="37.194503" lon="126.796251"><time>2026-05-17T07:44:17.000Z</time><ele>16.97</ele></trkpt><trkpt lat="37.194681" lon="126.796341"><time>2026-05-17T07:44:18.000Z</time><ele>16.88</ele></trkpt><trkpt lat="37.194848" lon="126.796429"><time>2026-05-17T07:44:19.000Z</time><ele>17.38</ele></trkpt><trkpt lat="37.195008" lon="126.796523"><time>2026-05-17T07:44:20.000Z</time><ele>18.99</ele></trkpt><trkpt lat="37.195178" lon="126.796602"><time>2026-05-17T07:44:21.000Z</time><ele>19.12</ele></trkpt><trkpt lat="37.195342" lon="126.79668"><time>2026-05-17T07:44:22.000Z</time><ele>19.04</ele></trkpt><trkpt lat="37.195505" lon="126.796757"><time>2026-05-17T07:44:23.000Z</time><ele>18.77</ele></trkpt><trkpt lat="37.195672" lon="126.796836"><time>2026-05-17T07:44:24.000Z</time><ele>18.98</ele></trkpt><trkpt lat="37.195837" lon="126.796905"><time>2026-05-17T07:44:25.000Z</time><ele>19.11</ele></trkpt><trkpt lat="37.196002" lon="126.796954"><time>2026-05-17T07:44:26.000Z</time><ele>19.02</ele></trkpt><trkpt lat="37.196163" lon="126.796997"><time>2026-05-17T07:44:27.000Z</time><ele>19.44</ele></trkpt><trkpt lat="37.19633" lon="126.797044"><time>2026-05-17T07:44:28.000Z</time><ele>19.18</ele></trkpt><trkpt lat="37.196499" lon="126.797089"><time>2026-05-17T07:44:29.000Z</time><ele>19.23</ele></trkpt><trkpt lat="37.196671" lon="126.797134"><time>2026-05-17T07:44:30.000Z</time><ele>19.19</ele></trkpt><trkpt lat="37.196839" lon="126.797165"><time>2026-05-17T07:44:31.000Z</time><ele>18.57</ele></trkpt><trkpt lat="37.196996" lon="126.797188"><time>2026-05-17T07:44:32.000Z</time><ele>17.79</ele></trkpt><trkpt lat="37.197148" lon="126.797206"><time>2026-05-17T07:44:33.001Z</time><ele>16.86</ele></trkpt><trkpt lat="37.197308" lon="126.797227"><time>2026-05-17T07:44:34.001Z</time><ele>16.23</ele></trkpt><trkpt lat="37.197463" lon="126.797256"><time>2026-05-17T07:44:35.001Z</time><ele>15.35</ele></trkpt><trkpt lat="37.197621" lon="126.797286"><time>2026-05-17T07:44:36.001Z</time><ele>14.88</ele></trkpt><trkpt lat="37.19778" lon="126.797314"><time>2026-05-17T07:44:37.001Z</time><ele>15.34</ele></trkpt><trkpt lat="37.197935" lon="126.797338"><time>2026-05-17T07:44:38.001Z</time><ele>15.11</ele></trkpt><trkpt lat="37.19809" lon="126.797364"><time>2026-05-17T07:44:39.001Z</time><ele>15.09</ele></trkpt><trkpt lat="37.198236" lon="126.797391"><time>2026-05-17T07:44:40.001Z</time><ele>14.78</ele></trkpt><trkpt lat="37.198385" lon="126.797418"><time>2026-05-17T07:44:41.001Z</time><ele>14.51</ele></trkpt><trkpt lat="37.198539" lon="126.797451"><time>2026-05-17T07:44:42.001Z</time><ele>13.03</ele></trkpt><trkpt lat="37.198693" lon="126.797491"><time>2026-05-17T07:44:43.001Z</time><ele>12.24</ele></trkpt><trkpt lat="37.198851" lon="126.797538"><time>2026-05-17T07:44:44.001Z</time><ele>13.15</ele></trkpt><trkpt lat="37.199012" lon="126.7976"><time>2026-05-17T07:44:45.001Z</time><ele>14.26</ele></trkpt><trkpt lat="37.199164" lon="126.797668"><time>2026-05-17T07:44:46.001Z</time><ele>14.48</ele></trkpt><trkpt lat="37.199312" lon="126.797738"><time>2026-05-17T07:44:47.001Z</time><ele>14.89</ele></trkpt><trkpt lat="37.199457" lon="126.797806"><time>2026-05-17T07:44:48.001Z</time><ele>15.41</ele></trkpt><trkpt lat="37.199595" lon="126.79787"><time>2026-05-17T07:44:49.001Z</time><ele>15.74</ele></trkpt><trkpt lat="37.199724" lon="126.797933"><time>2026-05-17T07:44:50.001Z</time><ele>15.91</ele></trkpt><trkpt lat="37.199849" lon="126.797989"><time>2026-05-17T07:44:51.001Z</time><ele>15.93</ele></trkpt><trkpt lat="37.199976" lon="126.798055"><time>2026-05-17T07:44:52.001Z</time><ele>16.44</ele></trkpt><trkpt lat="37.200106" lon="126.798116"><time>2026-05-17T07:44:53.001Z</time><ele>16.97</ele></trkpt><trkpt lat="37.200244" lon="126.798177"><time>2026-05-17T07:44:54.001Z</time><ele>17.03</ele></trkpt><trkpt lat="37.200383" lon="126.798242"><time>2026-05-17T07:44:55.001Z</time><ele>16.46</ele></trkpt><trkpt lat="37.20051" lon="126.798306"><time>2026-05-17T07:44:56.001Z</time><ele>16.52</ele></trkpt><trkpt lat="37.200637" lon="126.798366"><time>2026-05-17T07:44:57.001Z</time><ele>16.44</ele></trkpt><trkpt lat="37.200756" lon="126.798441"><time>2026-05-17T07:44:58.001Z</time><ele>17.07</ele></trkpt><trkpt lat="37.200869" lon="126.798512"><time>2026-05-17T07:44:59.001Z</time><ele>17.37</ele></trkpt><trkpt lat="37.200974" lon="126.798582"><time>2026-05-17T07:45:00.001Z</time><ele>17.62</ele></trkpt><trkpt lat="37.201073" lon="126.798653"><time>2026-05-17T07:45:01.001Z</time><ele>17.46</ele></trkpt><trkpt lat="37.201178" lon="126.79873"><time>2026-05-17T07:45:02.001Z</time><ele>16.63</ele></trkpt><trkpt lat="37.201275" lon="126.798812"><time>2026-05-17T07:45:03.001Z</time><ele>17.45</ele></trkpt><trkpt lat="37.201704" lon="126.799132"><time>2026-05-17T07:45:07.001Z</time><ele>16.37</ele></trkpt><trkpt lat="37.201802" lon="126.799206"><time>2026-05-17T07:45:08.001Z</time><ele>16.68</ele></trkpt><trkpt lat="37.201895" lon="126.799278"><time>2026-05-17T07:45:09.001Z</time><ele>16.36</ele></trkpt><trkpt lat="37.201981" lon="126.799348"><time>2026-05-17T07:45:10.001Z</time><ele>16.76</ele></trkpt><trkpt lat="37.202066" lon="126.799418"><time>2026-05-17T07:45:11.001Z</time><ele>17.09</ele></trkpt><trkpt lat="37.202151" lon="126.799486"><time>2026-05-17T07:45:12.001Z</time><ele>17.66</ele></trkpt><trkpt lat="37.202231" lon="126.79955"><time>2026-05-17T07:45:13.001Z</time><ele>17.49</ele></trkpt><trkpt lat="37.202302" lon="126.799605"><time>2026-05-17T07:45:14.001Z</time><ele>17.57</ele></trkpt><trkpt lat="37.202373" lon="126.799641"><time>2026-05-17T07:45:15.001Z</time><ele>16.59</ele></trkpt><trkpt lat="37.202442" lon="126.79969"><time>2026-05-17T07:45:16.001Z</time><ele>15.85</ele></trkpt><trkpt lat="37.202493" lon="126.79974"><time>2026-05-17T07:45:17.001Z</time><ele>16.49</ele></trkpt><trkpt lat="37.202545" lon="126.799784"><time>2026-05-17T07:45:18.001Z</time><ele>16.24</ele></trkpt><trkpt lat="37.202596" lon="126.799832"><time>2026-05-17T07:45:19.001Z</time><ele>16.06</ele></trkpt><trkpt lat="37.202666" lon="126.799859"><time>2026-05-17T07:45:20.001Z</time><ele>15.26</ele></trkpt><trkpt lat="37.202714" lon="126.799908"><time>2026-05-17T07:45:21.001Z</time><ele>15.06</ele></trkpt><trkpt lat="37.202753" lon="126.799942"><time>2026-05-17T07:45:22.001Z</time><ele>15.15</ele></trkpt><trkpt lat="37.202791" lon="126.799982"><time>2026-05-17T07:45:24.001Z</time><ele>14.97</ele></trkpt><trkpt lat="37.202839" lon="126.800042"><time>2026-05-17T07:45:42.001Z</time><ele>17.37</ele></trkpt><trkpt lat="37.202881" lon="126.800075"><time>2026-05-17T07:45:43.001Z</time><ele>17.53</ele></trkpt><trkpt lat="37.202925" lon="126.800116"><time>2026-05-17T07:45:44.001Z</time><ele>17.95</ele></trkpt><trkpt lat="37.202974" lon="126.800157"><time>2026-05-17T07:45:45.001Z</time><ele>17.56</ele></trkpt><trkpt lat="37.20304" lon="126.800216"><time>2026-05-17T07:45:46.001Z</time><ele>17.64</ele></trkpt><trkpt lat="37.203093" lon="126.800277"><time>2026-05-17T07:45:47.002Z</time><ele>17.15</ele></trkpt><trkpt lat="37.20316" lon="126.800333"><time>2026-05-17T07:45:48.002Z</time><ele>16.41</ele></trkpt><trkpt lat="37.203233" lon="126.800412"><time>2026-05-17T07:45:49.002Z</time><ele>16.67</ele></trkpt><trkpt lat="37.203309" lon="126.800508"><time>2026-05-17T07:45:50.002Z</time><ele>17.37</ele></trkpt><trkpt lat="37.203387" lon="126.800598"><time>2026-05-17T07:45:51.000Z</time><ele>16.91</ele></trkpt><trkpt lat="37.203465" lon="126.800694"><time>2026-05-17T07:45:52.000Z</time><ele>17.41</ele></trkpt><trkpt lat="37.203541" lon="126.800791"><time>2026-05-17T07:45:53.000Z</time><ele>17.12</ele></trkpt><trkpt lat="37.203615" lon="126.800896"><time>2026-05-17T07:45:54.000Z</time><ele>16.81</ele></trkpt><trkpt lat="37.203699" lon="126.801"><time>2026-05-17T07:45:55.000Z</time><ele>16.35</ele></trkpt><trkpt lat="37.203777" lon="126.801122"><time>2026-05-17T07:45:56.000Z</time><ele>16.87</ele></trkpt><trkpt lat="37.203845" lon="126.801258"><time>2026-05-17T07:45:57.000Z</time><ele>17.31</ele></trkpt><trkpt lat="37.203921" lon="126.801375"><time>2026-05-17T07:45:58.000Z</time><ele>17.01</ele></trkpt><trkpt lat="37.204004" lon="126.801494"><time>2026-05-17T07:45:59.000Z</time><ele>16.88</ele></trkpt><trkpt lat="37.204082" lon="126.801597"><time>2026-05-17T07:46:00.000Z</time><ele>16.02</ele></trkpt><trkpt lat="37.204148" lon="126.801707"><time>2026-05-17T07:46:01.000Z</time><ele>17.2</ele></trkpt><trkpt lat="37.204222" lon="126.801809"><time>2026-05-17T07:46:02.000Z</time><ele>16.77</ele></trkpt><trkpt lat="37.204296" lon="126.801922"><time>2026-05-17T07:46:03.000Z</time><ele>17.4</ele></trkpt><trkpt lat="37.204369" lon="126.802031"><time>2026-05-17T07:46:04.000Z</time><ele>18.18</ele></trkpt><trkpt lat="37.204441" lon="126.802137"><time>2026-05-17T07:46:05.000Z</time><ele>18.13</ele></trkpt><trkpt lat="37.204506" lon="126.802244"><time>2026-05-17T07:46:06.000Z</time><ele>18.33</ele></trkpt><trkpt lat="37.204569" lon="126.802338"><time>2026-05-17T07:46:07.000Z</time><ele>18.01</ele></trkpt><trkpt lat="37.204635" lon="126.802445"><time>2026-05-17T07:46:08.000Z</time><ele>18.53</ele></trkpt><trkpt lat="37.204713" lon="126.802551"><time>2026-05-17T07:46:09.000Z</time><ele>17.84</ele></trkpt><trkpt lat="37.20478" lon="126.802652"><time>2026-05-17T07:46:10.000Z</time><ele>17.65</ele></trkpt><trkpt lat="37.204851" lon="126.802764"><time>2026-05-17T07:46:11.000Z</time><ele>18.06</ele></trkpt><trkpt lat="37.204924" lon="126.802889"><time>2026-05-17T07:46:12.000Z</time><ele>18.07</ele></trkpt><trkpt lat="37.205001" lon="126.803025"><time>2026-05-17T07:46:13.000Z</time><ele>17.18</ele></trkpt><trkpt lat="37.205088" lon="126.803144"><time>2026-05-17T07:46:14.000Z</time><ele>17.59</ele></trkpt><trkpt lat="37.205171" lon="126.803256"><time>2026-05-17T07:46:15.000Z</time><ele>17.52</ele></trkpt><trkpt lat="37.20526" lon="126.803376"><time>2026-05-17T07:46:16.000Z</time><ele>17.96</ele></trkpt><trkpt lat="37.205337" lon="126.803494"><time>2026-05-17T07:46:17.000Z</time><ele>17.41</ele></trkpt><trkpt lat="37.205408" lon="126.803603"><time>2026-05-17T07:46:18.000Z</time><ele>17.87</ele></trkpt><trkpt lat="37.205475" lon="126.80371"><time>2026-05-17T07:46:19.000Z</time><ele>17.75</ele></trkpt><trkpt lat="37.205541" lon="126.80381"><time>2026-05-17T07:46:20.000Z</time><ele>17.83</ele></trkpt><trkpt lat="37.205597" lon="126.803902"><time>2026-05-17T07:46:21.000Z</time><ele>16.74</ele></trkpt><trkpt lat="37.205665" lon="126.80397"><time>2026-05-17T07:46:22.000Z</time><ele>16.96</ele></trkpt><trkpt lat="37.205725" lon="126.804064"><time>2026-05-17T07:46:23.000Z</time><ele>15.73</ele></trkpt><trkpt lat="37.205786" lon="126.804172"><time>2026-05-17T07:46:24.000Z</time><ele>17.96</ele></trkpt><trkpt lat="37.205852" lon="126.804278"><time>2026-05-17T07:46:25.000Z</time><ele>17.34</ele></trkpt><trkpt lat="37.205921" lon="126.80439"><time>2026-05-17T07:46:26.001Z</time><ele>17.57</ele></trkpt><trkpt lat="37.20599" lon="126.804505"><time>2026-05-17T07:46:27.000Z</time><ele>19.26</ele></trkpt><trkpt lat="37.206056" lon="126.804616"><time>2026-05-17T07:46:28.000Z</time><ele>19.2</ele></trkpt><trkpt lat="37.206131" lon="126.80473"><time>2026-05-17T07:46:29.000Z</time><ele>19.1</ele></trkpt><trkpt lat="37.206206" lon="126.804856"><time>2026-05-17T07:46:30.000Z</time><ele>20.06</ele></trkpt><trkpt lat="37.206287" lon="126.804974"><time>2026-05-17T07:46:31.000Z</time><ele>19.42</ele></trkpt><trkpt lat="37.206369" lon="126.805101"><time>2026-05-17T07:46:32.000Z</time><ele>20.6</ele></trkpt><trkpt lat="37.206455" lon="126.805228"><time>2026-05-17T07:46:33.000Z</time><ele>20.06</ele></trkpt><trkpt lat="37.206543" lon="126.805357"><time>2026-05-17T07:46:34.000Z</time><ele>19.59</ele></trkpt><trkpt lat="37.206626" lon="126.805491"><time>2026-05-17T07:46:35.000Z</time><ele>19.94</ele></trkpt><trkpt lat="37.206709" lon="126.80561"><time>2026-05-17T07:46:36.000Z</time><ele>20.07</ele></trkpt><trkpt lat="37.206794" lon="126.805744"><time>2026-05-17T07:46:37.000Z</time><ele>20.21</ele></trkpt><trkpt lat="37.20688" lon="126.805878"><time>2026-05-17T07:46:38.000Z</time><ele>20.2</ele></trkpt><trkpt lat="37.206969" lon="126.806012"><time>2026-05-17T07:46:39.000Z</time><ele>20.3</ele></trkpt><trkpt lat="37.207063" lon="126.806152"><time>2026-05-17T07:46:40.001Z</time><ele>20.13</ele></trkpt><trkpt lat="37.20716" lon="126.806297"><time>2026-05-17T07:46:41.001Z</time><ele>20.52</ele></trkpt><trkpt lat="37.207258" lon="126.806452"><time>2026-05-17T07:46:42.001Z</time><ele>21.16</ele></trkpt><trkpt lat="37.20736" lon="126.806616"><time>2026-05-17T07:46:43.001Z</time><ele>21.14</ele></trkpt><trkpt lat="37.207465" lon="126.806781"><time>2026-05-17T07:46:44.001Z</time><ele>22.17</ele></trkpt><trkpt lat="37.207571" lon="126.80695"><time>2026-05-17T07:46:45.001Z</time><ele>22.06</ele></trkpt><trkpt lat="37.207676" lon="126.807126"><time>2026-05-17T07:46:46.001Z</time><ele>22.58</ele></trkpt><trkpt lat="37.207792" lon="126.807288"><time>2026-05-17T07:46:47.001Z</time><ele>23.49</ele></trkpt><trkpt lat="37.207899" lon="126.807456"><time>2026-05-17T07:46:48.001Z</time><ele>23.79</ele></trkpt><trkpt lat="37.208003" lon="126.807626"><time>2026-05-17T07:46:49.001Z</time><ele>23.89</ele></trkpt><trkpt lat="37.208109" lon="126.807774"><time>2026-05-17T07:46:50.001Z</time><ele>24.18</ele></trkpt><trkpt lat="37.208204" lon="126.807924"><time>2026-05-17T07:46:51.001Z</time><ele>23.85</ele></trkpt><trkpt lat="37.208293" lon="126.808083"><time>2026-05-17T07:46:52.001Z</time><ele>24.82</ele></trkpt><trkpt lat="37.20839" lon="126.808237"><time>2026-05-17T07:46:53.001Z</time><ele>24.97</ele></trkpt><trkpt lat="37.208488" lon="126.808395"><time>2026-05-17T07:46:54.001Z</time><ele>25.2</ele></trkpt><trkpt lat="37.208588" lon="126.808558"><time>2026-05-17T07:46:55.001Z</time><ele>25.72</ele></trkpt><trkpt lat="37.208692" lon="126.808725"><time>2026-05-17T07:46:56.001Z</time><ele>25.89</ele></trkpt><trkpt lat="37.208785" lon="126.808885"><time>2026-05-17T07:46:57.001Z</time><ele>26.16</ele></trkpt><trkpt lat="37.208881" lon="126.809042"><time>2026-05-17T07:46:58.001Z</time><ele>25.56</ele></trkpt><trkpt lat="37.208982" lon="126.809205"><time>2026-05-17T07:46:59.001Z</time><ele>25.48</ele></trkpt><trkpt lat="37.209089" lon="126.809372"><time>2026-05-17T07:47:00.001Z</time><ele>25.16</ele></trkpt><trkpt lat="37.209192" lon="126.809549"><time>2026-05-17T07:47:01.001Z</time><ele>25.24</ele></trkpt><trkpt lat="37.20929" lon="126.809716"><time>2026-05-17T07:47:02.001Z</time><ele>25.27</ele></trkpt><trkpt lat="37.20938" lon="126.809877"><time>2026-05-17T07:47:03.001Z</time><ele>25.47</ele></trkpt><trkpt lat="37.209466" lon="126.810026"><time>2026-05-17T07:47:04.001Z</time><ele>25.61</ele></trkpt><trkpt lat="37.209552" lon="126.810172"><time>2026-05-17T07:47:05.001Z</time><ele>25.96</ele></trkpt><trkpt lat="37.209638" lon="126.810322"><time>2026-05-17T07:47:06.001Z</time><ele>25.59</ele></trkpt><trkpt lat="37.209724" lon="126.810474"><time>2026-05-17T07:47:07.001Z</time><ele>25.4</ele></trkpt><trkpt lat="37.20981" lon="126.810631"><time>2026-05-17T07:47:08.001Z</time><ele>26.18</ele></trkpt><trkpt lat="37.2099" lon="126.810789"><time>2026-05-17T07:47:09.001Z</time><ele>26.27</ele></trkpt><trkpt lat="37.209998" lon="126.810954"><time>2026-05-17T07:47:10.001Z</time><ele>26.14</ele></trkpt><trkpt lat="37.210105" lon="126.811144"><time>2026-05-17T07:47:11.001Z</time><ele>26.69</ele></trkpt><trkpt lat="37.210221" lon="126.811346"><time>2026-05-17T07:47:12.001Z</time><ele>26.19</ele></trkpt><trkpt lat="37.210338" lon="126.81155"><time>2026-05-17T07:47:13.001Z</time><ele>26.18</ele></trkpt><trkpt lat="37.210449" lon="126.81175"><time>2026-05-17T07:47:14.001Z</time><ele>26.76</ele></trkpt><trkpt lat="37.210553" lon="126.811933"><time>2026-05-17T07:47:15.001Z</time><ele>26.64</ele></trkpt><trkpt lat="37.210654" lon="126.812105"><time>2026-05-17T07:47:16.001Z</time><ele>26.63</ele></trkpt><trkpt lat="37.210747" lon="126.812267"><time>2026-05-17T07:47:17.001Z</time><ele>26.89</ele></trkpt><trkpt lat="37.210831" lon="126.812428"><time>2026-05-17T07:47:18.001Z</time><ele>27.55</ele></trkpt><trkpt lat="37.21092" lon="126.812568"><time>2026-05-17T07:47:19.001Z</time><ele>27.09</ele></trkpt><trkpt lat="37.211003" lon="126.812702"><time>2026-05-17T07:47:20.001Z</time><ele>25.76</ele></trkpt><trkpt lat="37.211081" lon="126.812827"><time>2026-05-17T07:47:21.001Z</time><ele>25.55</ele></trkpt><trkpt lat="37.211167" lon="126.812967"><time>2026-05-17T07:47:22.001Z</time><ele>25.29</ele></trkpt><trkpt lat="37.211256" lon="126.813105"><time>2026-05-17T07:47:23.001Z</time><ele>24.96</ele></trkpt><trkpt lat="37.211343" lon="126.813245"><time>2026-05-17T07:47:24.001Z</time><ele>24.52</ele></trkpt><trkpt lat="37.21143" lon="126.813381"><time>2026-05-17T07:47:25.001Z</time><ele>24.4</ele></trkpt><trkpt lat="37.21151" lon="126.813509"><time>2026-05-17T07:47:26.001Z</time><ele>24.18</ele></trkpt><trkpt lat="37.211588" lon="126.813638"><time>2026-05-17T07:47:27.001Z</time><ele>24.62</ele></trkpt><trkpt lat="37.211676" lon="126.813768"><time>2026-05-17T07:47:28.001Z</time><ele>23.8</ele></trkpt><trkpt lat="37.211762" lon="126.813901"><time>2026-05-17T07:47:29.001Z</time><ele>24.25</ele></trkpt><trkpt lat="37.211849" lon="126.81403"><time>2026-05-17T07:47:30.001Z</time><ele>24.14</ele></trkpt><trkpt lat="37.211931" lon="126.814149"><time>2026-05-17T07:47:31.001Z</time><ele>23.01</ele></trkpt><trkpt lat="37.212009" lon="126.814266"><time>2026-05-17T07:47:32.001Z</time><ele>23.16</ele></trkpt><trkpt lat="37.212095" lon="126.814389"><time>2026-05-17T07:47:33.001Z</time><ele>22.84</ele></trkpt><trkpt lat="37.21218" lon="126.81452"><time>2026-05-17T07:47:34.001Z</time><ele>23.17</ele></trkpt><trkpt lat="37.212262" lon="126.814636"><time>2026-05-17T07:47:35.001Z</time><ele>22.45</ele></trkpt><trkpt lat="37.212341" lon="126.814754"><time>2026-05-17T07:47:36.001Z</time><ele>22.06</ele></trkpt><trkpt lat="37.212415" lon="126.814853"><time>2026-05-17T07:47:37.001Z</time><ele>21.17</ele></trkpt><trkpt lat="37.212485" lon="126.814949"><time>2026-05-17T07:47:38.001Z</time><ele>20.84</ele></trkpt><trkpt lat="37.212549" lon="126.815038"><time>2026-05-17T07:47:39.001Z</time><ele>20.73</ele></trkpt><trkpt lat="37.212613" lon="126.815138"><time>2026-05-17T07:47:40.001Z</time><ele>20.75</ele></trkpt><trkpt lat="37.212681" lon="126.815245"><time>2026-05-17T07:47:41.001Z</time><ele>21.98</ele></trkpt><trkpt lat="37.212752" lon="126.815355"><time>2026-05-17T07:47:42.001Z</time><ele>22.38</ele></trkpt><trkpt lat="37.212827" lon="126.815472"><time>2026-05-17T07:47:43.001Z</time><ele>22.62</ele></trkpt><trkpt lat="37.212909" lon="126.815586"><time>2026-05-17T07:47:44.001Z</time><ele>22.78</ele></trkpt><trkpt lat="37.212995" lon="126.815707"><time>2026-05-17T07:47:45.001Z</time><ele>22.73</ele></trkpt><trkpt lat="37.213087" lon="126.815833"><time>2026-05-17T07:47:46.001Z</time><ele>22.68</ele></trkpt><trkpt lat="37.213183" lon="126.81597"><time>2026-05-17T07:47:47.001Z</time><ele>23.16</ele></trkpt><trkpt lat="37.213286" lon="126.816108"><time>2026-05-17T07:47:48.001Z</time><ele>22.1</ele></trkpt><trkpt lat="37.213387" lon="126.816252"><time>2026-05-17T07:47:49.001Z</time><ele>22.74</ele></trkpt><trkpt lat="37.213481" lon="126.816403"><time>2026-05-17T07:47:50.001Z</time><ele>24.35</ele></trkpt><trkpt lat="37.213578" lon="126.816535"><time>2026-05-17T07:47:51.001Z</time><ele>24.69</ele></trkpt><trkpt lat="37.213672" lon="126.816663"><time>2026-05-17T07:47:52.001Z</time><ele>24.68</ele></trkpt><trkpt lat="37.213768" lon="126.816791"><time>2026-05-17T07:47:53.001Z</time><ele>24.92</ele></trkpt><trkpt lat="37.213861" lon="126.816923"><time>2026-05-17T07:47:54.002Z</time><ele>25.53</ele></trkpt><trkpt lat="37.21395" lon="126.817053"><time>2026-05-17T07:47:55.002Z</time><ele>27.32</ele></trkpt><trkpt lat="37.214038" lon="126.817175"><time>2026-05-17T07:47:56.002Z</time><ele>26.96</ele></trkpt><trkpt lat="37.214134" lon="126.817299"><time>2026-05-17T07:47:57.000Z</time><ele>27.42</ele></trkpt><trkpt lat="37.214233" lon="126.81743"><time>2026-05-17T07:47:58.000Z</time><ele>27.51</ele></trkpt><trkpt lat="37.214331" lon="126.817575"><time>2026-05-17T07:47:59.000Z</time><ele>27.86</ele></trkpt><trkpt lat="37.214424" lon="126.81772"><time>2026-05-17T07:48:00.000Z</time><ele>28.91</ele></trkpt><trkpt lat="37.214525" lon="126.817855"><time>2026-05-17T07:48:01.000Z</time><ele>28.43</ele></trkpt><trkpt lat="37.214624" lon="126.817991"><time>2026-05-17T07:48:02.000Z</time><ele>28.6</ele></trkpt><trkpt lat="37.214717" lon="126.818118"><time>2026-05-17T07:48:03.000Z</time><ele>28.63</ele></trkpt><trkpt lat="37.214812" lon="126.818244"><time>2026-05-17T07:48:04.000Z</time><ele>28.8</ele></trkpt><trkpt lat="37.214904" lon="126.818381"><time>2026-05-17T07:48:05.000Z</time><ele>29.65</ele></trkpt><trkpt lat="37.214996" lon="126.818511"><time>2026-05-17T07:48:06.000Z</time><ele>28.91</ele></trkpt><trkpt lat="37.215085" lon="126.818643"><time>2026-05-17T07:48:07.000Z</time><ele>29.32</ele></trkpt><trkpt lat="37.215175" lon="126.81877"><time>2026-05-17T07:48:08.000Z</time><ele>28.27</ele></trkpt><trkpt lat="37.215268" lon="126.818892"><time>2026-05-17T07:48:09.000Z</time><ele>28.02</ele></trkpt><trkpt lat="37.215357" lon="126.819017"><time>2026-05-17T07:48:10.000Z</time><ele>29.47</ele></trkpt><trkpt lat="37.215433" lon="126.819136"><time>2026-05-17T07:48:11.000Z</time><ele>29.11</ele></trkpt><trkpt lat="37.215503" lon="126.819245"><time>2026-05-17T07:48:12.000Z</time><ele>28.51</ele></trkpt><trkpt lat="37.215572" lon="126.819323"><time>2026-05-17T07:48:13.000Z</time><ele>27.75</ele></trkpt><trkpt lat="37.215619" lon="126.819394"><time>2026-05-17T07:48:14.000Z</time><ele>27.89</ele></trkpt><trkpt lat="37.21565" lon="126.819448"><time>2026-05-17T07:48:15.000Z</time><ele>27.73</ele></trkpt><trkpt lat="37.215689" lon="126.819526"><time>2026-05-17T07:48:17.000Z</time><ele>27.03</ele></trkpt><trkpt lat="37.215742" lon="126.81957"><time>2026-05-17T07:48:42.000Z</time><ele>27.39</ele></trkpt><trkpt lat="37.215753" lon="126.819636"><time>2026-05-17T07:49:55.001Z</time><ele>26.4</ele></trkpt><trkpt lat="37.2158" lon="126.81971"><time>2026-05-17T07:49:56.001Z</time><ele>26.86</ele></trkpt><trkpt lat="37.215846" lon="126.819788"><time>2026-05-17T07:49:57.001Z</time><ele>27.09</ele></trkpt><trkpt lat="37.215909" lon="126.819886"><time>2026-05-17T07:49:58.001Z</time><ele>27.63</ele></trkpt><trkpt lat="37.215974" lon="126.819984"><time>2026-05-17T07:49:59.001Z</time><ele>28.52</ele></trkpt><trkpt lat="37.216045" lon="126.820099"><time>2026-05-17T07:50:00.001Z</time><ele>29.81</ele></trkpt><trkpt lat="37.216115" lon="126.820214"><time>2026-05-17T07:50:01.002Z</time><ele>29.09</ele></trkpt><trkpt lat="37.216179" lon="126.820324"><time>2026-05-17T07:50:02.002Z</time><ele>29.64</ele></trkpt><trkpt lat="37.216242" lon="126.820428"><time>2026-05-17T07:50:03.000Z</time><ele>29.15</ele></trkpt><trkpt lat="37.216304" lon="126.820537"><time>2026-05-17T07:50:04.000Z</time><ele>30.11</ele></trkpt><trkpt lat="37.216367" lon="126.820645"><time>2026-05-17T07:50:05.000Z</time><ele>30.02</ele></trkpt><trkpt lat="37.216428" lon="126.820756"><time>2026-05-17T07:50:06.000Z</time><ele>30.23</ele></trkpt><trkpt lat="37.216494" lon="126.820871"><time>2026-05-17T07:50:07.000Z</time><ele>29.24</ele></trkpt><trkpt lat="37.216564" lon="126.820997"><time>2026-05-17T07:50:08.000Z</time><ele>29.76</ele></trkpt><trkpt lat="37.216637" lon="126.821131"><time>2026-05-17T07:50:09.000Z</time><ele>31.41</ele></trkpt><trkpt lat="37.216711" lon="126.82125"><time>2026-05-17T07:50:10.000Z</time><ele>32.12</ele></trkpt><trkpt lat="37.216779" lon="126.821366"><time>2026-05-17T07:50:11.000Z</time><ele>32.12</ele></trkpt><trkpt lat="37.216835" lon="126.821493"><time>2026-05-17T07:50:12.000Z</time><ele>33.35</ele></trkpt><trkpt lat="37.216899" lon="126.821613"><time>2026-05-17T07:50:13.000Z</time><ele>32.32</ele></trkpt><trkpt lat="37.216961" lon="126.821735"><time>2026-05-17T07:50:14.000Z</time><ele>33.66</ele></trkpt><trkpt lat="37.21702" lon="126.821854"><time>2026-05-17T07:50:15.000Z</time><ele>33.2</ele></trkpt><trkpt lat="37.217077" lon="126.821968"><time>2026-05-17T07:50:16.000Z</time><ele>33.49</ele></trkpt><trkpt lat="37.217137" lon="126.822085"><time>2026-05-17T07:50:17.000Z</time><ele>33.3</ele></trkpt><trkpt lat="37.217195" lon="126.8222"><time>2026-05-17T07:50:18.000Z</time><ele>34.01</ele></trkpt><trkpt lat="37.217253" lon="126.822312"><time>2026-05-17T07:50:19.000Z</time><ele>33.81</ele></trkpt><trkpt lat="37.217309" lon="126.822429"><time>2026-05-17T07:50:20.000Z</time><ele>34.69</ele></trkpt><trkpt lat="37.217369" lon="126.822549"><time>2026-05-17T07:50:21.000Z</time><ele>35.13</ele></trkpt><trkpt lat="37.217426" lon="126.822679"><time>2026-05-17T07:50:22.000Z</time><ele>35.03</ele></trkpt><trkpt lat="37.217496" lon="126.822805"><time>2026-05-17T07:50:23.000Z</time><ele>35.71</ele></trkpt><trkpt lat="37.217563" lon="126.822932"><time>2026-05-17T07:50:24.000Z</time><ele>36.31</ele></trkpt><trkpt lat="37.217631" lon="126.823073"><time>2026-05-17T07:50:25.000Z</time><ele>37.12</ele></trkpt><trkpt lat="37.2177" lon="126.823199"><time>2026-05-17T07:50:26.000Z</time><ele>36.71</ele></trkpt><trkpt lat="37.217769" lon="126.823332"><time>2026-05-17T07:50:27.000Z</time><ele>36.76</ele></trkpt><trkpt lat="37.217842" lon="126.823472"><time>2026-05-17T07:50:28.000Z</time><ele>36.6</ele></trkpt><trkpt lat="37.217907" lon="126.823615"><time>2026-05-17T07:50:29.000Z</time><ele>37.34</ele></trkpt><trkpt lat="37.217978" lon="126.82373"><time>2026-05-17T07:50:30.000Z</time><ele>37.26</ele></trkpt><trkpt lat="37.218043" lon="126.823856"><time>2026-05-17T07:50:31.000Z</time><ele>38.27</ele></trkpt><trkpt lat="37.218107" lon="126.82399"><time>2026-05-17T07:50:32.000Z</time><ele>38.49</ele></trkpt><trkpt lat="37.21817" lon="126.824124"><time>2026-05-17T07:50:33.000Z</time><ele>39.9</ele></trkpt><trkpt lat="37.218239" lon="126.824258"><time>2026-05-17T07:50:34.000Z</time><ele>39.28</ele></trkpt><trkpt lat="37.218299" lon="126.824408"><time>2026-05-17T07:50:35.000Z</time><ele>42.81</ele></trkpt><trkpt lat="37.218366" lon="126.824533"><time>2026-05-17T07:50:36.000Z</time><ele>42.33</ele></trkpt><trkpt lat="37.218429" lon="126.824655"><time>2026-05-17T07:50:37.000Z</time><ele>42.31</ele></trkpt><trkpt lat="37.218493" lon="126.824785"><time>2026-05-17T07:50:38.000Z</time><ele>44.16</ele></trkpt><trkpt lat="37.218559" lon="126.824916"><time>2026-05-17T07:50:39.000Z</time><ele>43.88</ele></trkpt><trkpt lat="37.218626" lon="126.825045"><time>2026-05-17T07:50:40.000Z</time><ele>43.79</ele></trkpt><trkpt lat="37.21869" lon="126.825184"><time>2026-05-17T07:50:41.000Z</time><ele>46.53</ele></trkpt><trkpt lat="37.218757" lon="126.825319"><time>2026-05-17T07:50:42.000Z</time><ele>47.09</ele></trkpt><trkpt lat="37.218821" lon="126.82545"><time>2026-05-17T07:50:43.000Z</time><ele>48.1</ele></trkpt><trkpt lat="37.218889" lon="126.825581"><time>2026-05-17T07:50:44.000Z</time><ele>47.18</ele></trkpt><trkpt lat="37.218956" lon="126.825707"><time>2026-05-17T07:50:45.000Z</time><ele>47.4</ele></trkpt><trkpt lat="37.219019" lon="126.82583"><time>2026-05-17T07:50:46.000Z</time><ele>48.5</ele></trkpt><trkpt lat="37.21909" lon="126.825962"><time>2026-05-17T07:50:47.000Z</time><ele>48.38</ele></trkpt><trkpt lat="37.219167" lon="126.826101"><time>2026-05-17T07:50:48.001Z</time><ele>48.05</ele></trkpt><trkpt lat="37.219249" lon="126.826255"><time>2026-05-17T07:50:49.001Z</time><ele>48.28</ele></trkpt><trkpt lat="37.219336" lon="126.826418"><time>2026-05-17T07:50:50.001Z</time><ele>48.64</ele></trkpt><trkpt lat="37.219425" lon="126.826589"><time>2026-05-17T07:50:51.001Z</time><ele>48.92</ele></trkpt><trkpt lat="37.21952" lon="126.826765"><time>2026-05-17T07:50:52.001Z</time><ele>48.62</ele></trkpt><trkpt lat="37.219612" lon="126.826949"><time>2026-05-17T07:50:53.001Z</time><ele>49.64</ele></trkpt><trkpt lat="37.219699" lon="126.82713"><time>2026-05-17T07:50:54.001Z</time><ele>49.56</ele></trkpt><trkpt lat="37.219797" lon="126.827298"><time>2026-05-17T07:50:55.001Z</time><ele>48.41</ele></trkpt><trkpt lat="37.219883" lon="126.827475"><time>2026-05-17T07:50:56.001Z</time><ele>47.79</ele></trkpt><trkpt lat="37.219971" lon="126.82765"><time>2026-05-17T07:50:57.001Z</time><ele>48.04</ele></trkpt><trkpt lat="37.220063" lon="126.827832"><time>2026-05-17T07:50:58.001Z</time><ele>45.66</ele></trkpt><trkpt lat="37.220155" lon="126.828017"><time>2026-05-17T07:50:59.001Z</time><ele>45.01</ele></trkpt><trkpt lat="37.22025" lon="126.828207"><time>2026-05-17T07:51:00.001Z</time><ele>44.39</ele></trkpt><trkpt lat="37.220345" lon="126.828386"><time>2026-05-17T07:51:01.001Z</time><ele>43.14</ele></trkpt><trkpt lat="37.220434" lon="126.828572"><time>2026-05-17T07:51:02.001Z</time><ele>42.74</ele></trkpt><trkpt lat="37.220516" lon="126.828773"><time>2026-05-17T07:51:03.001Z</time><ele>41.93</ele></trkpt><trkpt lat="37.220599" lon="126.828979"><time>2026-05-17T07:51:04.001Z</time><ele>41.16</ele></trkpt><trkpt lat="37.220679" lon="126.82919"><time>2026-05-17T07:51:05.001Z</time><ele>40.63</ele></trkpt><trkpt lat="37.220745" lon="126.829393"><time>2026-05-17T07:51:06.001Z</time><ele>39.72</ele></trkpt><trkpt lat="37.220803" lon="126.829595"><time>2026-05-17T07:51:07.001Z</time><ele>39.24</ele></trkpt><trkpt lat="37.220857" lon="126.829795"><time>2026-05-17T07:51:08.001Z</time><ele>39.24</ele></trkpt><trkpt lat="37.220904" lon="126.830005"><time>2026-05-17T07:51:09.001Z</time><ele>39.58</ele></trkpt><trkpt lat="37.22095" lon="126.830216"><time>2026-05-17T07:51:10.001Z</time><ele>40.68</ele></trkpt><trkpt lat="37.220987" lon="126.830431"><time>2026-05-17T07:51:11.001Z</time><ele>42.76</ele></trkpt><trkpt lat="37.221022" lon="126.830643"><time>2026-05-17T07:51:12.001Z</time><ele>43.43</ele></trkpt><trkpt lat="37.221049" lon="126.830858"><time>2026-05-17T07:51:13.001Z</time><ele>43.32</ele></trkpt><trkpt lat="37.221076" lon="126.831077"><time>2026-05-17T07:51:14.001Z</time><ele>43.65</ele></trkpt><trkpt lat="37.221095" lon="126.831299"><time>2026-05-17T07:51:15.001Z</time><ele>43.64</ele></trkpt><trkpt lat="37.221112" lon="126.831519"><time>2026-05-17T07:51:16.001Z</time><ele>43.23</ele></trkpt><trkpt lat="37.221125" lon="126.831724"><time>2026-05-17T07:51:17.001Z</time><ele>42.82</ele></trkpt><trkpt lat="37.221133" lon="126.831936"><time>2026-05-17T07:51:18.001Z</time><ele>42.51</ele></trkpt><trkpt lat="37.221145" lon="126.832151"><time>2026-05-17T07:51:19.001Z</time><ele>41.26</ele></trkpt><trkpt lat="37.22116" lon="126.832355"><time>2026-05-17T07:51:20.001Z</time><ele>40.94</ele></trkpt><trkpt lat="37.22117" lon="126.832567"><time>2026-05-17T07:51:21.001Z</time><ele>40.66</ele></trkpt><trkpt lat="37.22118" lon="126.832786"><time>2026-05-17T07:51:22.001Z</time><ele>40.16</ele></trkpt><trkpt lat="37.221192" lon="126.833002"><time>2026-05-17T07:51:23.001Z</time><ele>39.6</ele></trkpt><trkpt lat="37.221205" lon="126.833219"><time>2026-05-17T07:51:24.001Z</time><ele>38.78</ele></trkpt><trkpt lat="37.221216" lon="126.833441"><time>2026-05-17T07:51:25.001Z</time><ele>37.93</ele></trkpt><trkpt lat="37.221229" lon="126.83367"><time>2026-05-17T07:51:26.001Z</time><ele>37.87</ele></trkpt><trkpt lat="37.221241" lon="126.833893"><time>2026-05-17T07:51:27.001Z</time><ele>37.4</ele></trkpt><trkpt lat="37.221253" lon="126.834115"><time>2026-05-17T07:51:28.001Z</time><ele>37.11</ele></trkpt><trkpt lat="37.221264" lon="126.834341"><time>2026-05-17T07:51:29.001Z</time><ele>36.87</ele></trkpt><trkpt lat="37.221276" lon="126.834564"><time>2026-05-17T07:51:30.001Z</time><ele>36.83</ele></trkpt><trkpt lat="37.221302" lon="126.8348"><time>2026-05-17T07:51:31.001Z</time><ele>36.78</ele></trkpt><trkpt lat="37.221328" lon="126.835043"><time>2026-05-17T07:51:32.001Z</time><ele>37.32</ele></trkpt><trkpt lat="37.221361" lon="126.835292"><time>2026-05-17T07:51:33.001Z</time><ele>37.39</ele></trkpt><trkpt lat="37.221397" lon="126.835544"><time>2026-05-17T07:51:34.001Z</time><ele>37.69</ele></trkpt><trkpt lat="37.221427" lon="126.83579"><time>2026-05-17T07:51:35.001Z</time><ele>37.02</ele></trkpt><trkpt lat="37.221463" lon="126.83604"><time>2026-05-17T07:51:36.001Z</time><ele>37.07</ele></trkpt><trkpt lat="37.221502" lon="126.836285"><time>2026-05-17T07:51:37.001Z</time><ele>36.73</ele></trkpt><trkpt lat="37.221547" lon="126.836524"><time>2026-05-17T07:51:38.001Z</time><ele>36.53</ele></trkpt><trkpt lat="37.221588" lon="126.836757"><time>2026-05-17T07:51:39.001Z</time><ele>36.26</ele></trkpt><trkpt lat="37.221633" lon="126.836985"><time>2026-05-17T07:51:40.001Z</time><ele>36.63</ele></trkpt><trkpt lat="37.221664" lon="126.837224"><time>2026-05-17T07:51:41.001Z</time><ele>37.46</ele></trkpt><trkpt lat="37.221707" lon="126.83745"><time>2026-05-17T07:51:42.001Z</time><ele>37.51</ele></trkpt><trkpt lat="37.221747" lon="126.837676"><time>2026-05-17T07:51:43.001Z</time><ele>37.41</ele></trkpt><trkpt lat="37.221784" lon="126.837904"><time>2026-05-17T07:51:44.001Z</time><ele>37.09</ele></trkpt><trkpt lat="37.221822" lon="126.838135"><time>2026-05-17T07:51:45.001Z</time><ele>39.38</ele></trkpt><trkpt lat="37.221862" lon="126.838355"><time>2026-05-17T07:51:46.001Z</time><ele>38.46</ele></trkpt><trkpt lat="37.221905" lon="126.838581"><time>2026-05-17T07:51:47.001Z</time><ele>37.23</ele></trkpt><trkpt lat="37.22195" lon="126.83881"><time>2026-05-17T07:51:48.001Z</time><ele>37.63</ele></trkpt><trkpt lat="37.221992" lon="126.839049"><time>2026-05-17T07:51:49.001Z</time><ele>38.51</ele></trkpt><trkpt lat="37.222038" lon="126.839284"><time>2026-05-17T07:51:50.001Z</time><ele>38.72</ele></trkpt><trkpt lat="37.222084" lon="126.839517"><time>2026-05-17T07:51:51.001Z</time><ele>39.1</ele></trkpt><trkpt lat="37.222129" lon="126.839748"><time>2026-05-17T07:51:52.001Z</time><ele>39.68</ele></trkpt><trkpt lat="37.222174" lon="126.839979"><time>2026-05-17T07:51:53.001Z</time><ele>40.11</ele></trkpt><trkpt lat="37.222222" lon="126.840202"><time>2026-05-17T07:51:54.001Z</time><ele>41.05</ele></trkpt><trkpt lat="37.222275" lon="126.840426"><time>2026-05-17T07:51:55.001Z</time><ele>41.79</ele></trkpt><trkpt lat="37.222318" lon="126.840669"><time>2026-05-17T07:51:56.001Z</time><ele>45.01</ele></trkpt><trkpt lat="37.222375" lon="126.840895"><time>2026-05-17T07:51:57.001Z</time><ele>44.24</ele></trkpt><trkpt lat="37.222423" lon="126.841145"><time>2026-05-17T07:51:58.001Z</time><ele>45.02</ele></trkpt><trkpt lat="37.222466" lon="126.841411"><time>2026-05-17T07:51:59.001Z</time><ele>46.27</ele></trkpt><trkpt lat="37.22252" lon="126.841646"><time>2026-05-17T07:52:00.001Z</time><ele>47.26</ele></trkpt><trkpt lat="37.222565" lon="126.841874"><time>2026-05-17T07:52:01.001Z</time><ele>47.79</ele></trkpt><trkpt lat="37.222615" lon="126.842098"><time>2026-05-17T07:52:02.001Z</time><ele>48.33</ele></trkpt><trkpt lat="37.222679" lon="126.842313"><time>2026-05-17T07:52:03.002Z</time><ele>47.96</ele></trkpt><trkpt lat="37.222736" lon="126.842531"><time>2026-05-17T07:52:04.002Z</time><ele>48.19</ele></trkpt><trkpt lat="37.222797" lon="126.842754"><time>2026-05-17T07:52:05.002Z</time><ele>49.92</ele></trkpt><trkpt lat="37.222851" lon="126.842974"><time>2026-05-17T07:52:06.002Z</time><ele>51.76</ele></trkpt><trkpt lat="37.222898" lon="126.84321"><time>2026-05-17T07:52:07.002Z</time><ele>54.07</ele></trkpt><trkpt lat="37.222954" lon="126.843434"><time>2026-05-17T07:52:08.002Z</time><ele>55.25</ele></trkpt><trkpt lat="37.22301" lon="126.843659"><time>2026-05-17T07:52:09.000Z</time><ele>55.33</ele></trkpt><trkpt lat="37.223066" lon="126.843891"><time>2026-05-17T07:52:10.000Z</time><ele>54.98</ele></trkpt><trkpt lat="37.223124" lon="126.84412"><time>2026-05-17T07:52:11.000Z</time><ele>55</ele></trkpt><trkpt lat="37.223186" lon="126.844357"><time>2026-05-17T07:52:12.000Z</time><ele>55.25</ele></trkpt><trkpt lat="37.223248" lon="126.844589"><time>2026-05-17T07:52:13.000Z</time><ele>54.35</ele></trkpt><trkpt lat="37.223298" lon="126.844828"><time>2026-05-17T07:52:14.000Z</time><ele>54.76</ele></trkpt><trkpt lat="37.22333" lon="126.845074"><time>2026-05-17T07:52:15.000Z</time><ele>55.04</ele></trkpt><trkpt lat="37.223362" lon="126.845327"><time>2026-05-17T07:52:16.000Z</time><ele>55.31</ele></trkpt><trkpt lat="37.22339" lon="126.845577"><time>2026-05-17T07:52:17.000Z</time><ele>55.14</ele></trkpt><trkpt lat="37.223408" lon="126.845828"><time>2026-05-17T07:52:18.000Z</time><ele>56.44</ele></trkpt><trkpt lat="37.22342" lon="126.846077"><time>2026-05-17T07:52:19.000Z</time><ele>57.29</ele></trkpt><trkpt lat="37.22343" lon="126.846327"><time>2026-05-17T07:52:20.000Z</time><ele>58.8</ele></trkpt><trkpt lat="37.22343" lon="126.846562"><time>2026-05-17T07:52:21.000Z</time><ele>58.88</ele></trkpt><trkpt lat="37.223418" lon="126.846797"><time>2026-05-17T07:52:22.000Z</time><ele>58.93</ele></trkpt><trkpt lat="37.223398" lon="126.847034"><time>2026-05-17T07:52:23.000Z</time><ele>59.59</ele></trkpt><trkpt lat="37.223371" lon="126.847264"><time>2026-05-17T07:52:24.000Z</time><ele>60.27</ele></trkpt><trkpt lat="37.223347" lon="126.847491"><time>2026-05-17T07:52:25.000Z</time><ele>60.55</ele></trkpt><trkpt lat="37.223324" lon="126.847704"><time>2026-05-17T07:52:26.000Z</time><ele>60.34</ele></trkpt><trkpt lat="37.223294" lon="126.847905"><time>2026-05-17T07:52:27.000Z</time><ele>60.52</ele></trkpt><trkpt lat="37.223261" lon="126.848114"><time>2026-05-17T07:52:28.000Z</time><ele>60.19</ele></trkpt><trkpt lat="37.223225" lon="126.848324"><time>2026-05-17T07:52:29.000Z</time><ele>59.3</ele></trkpt><trkpt lat="37.223186" lon="126.848546"><time>2026-05-17T07:52:30.000Z</time><ele>59.8</ele></trkpt><trkpt lat="37.223154" lon="126.84877"><time>2026-05-17T07:52:31.000Z</time><ele>59.94</ele></trkpt><trkpt lat="37.223125" lon="126.848994"><time>2026-05-17T07:52:32.000Z</time><ele>58.78</ele></trkpt><trkpt lat="37.223099" lon="126.849228"><time>2026-05-17T07:52:33.000Z</time><ele>58.25</ele></trkpt><trkpt lat="37.223076" lon="126.849463"><time>2026-05-17T07:52:34.000Z</time><ele>56.42</ele></trkpt><trkpt lat="37.223059" lon="126.849698"><time>2026-05-17T07:52:35.000Z</time><ele>55.5</ele></trkpt><trkpt lat="37.223055" lon="126.849927"><time>2026-05-17T07:52:36.000Z</time><ele>54.68</ele></trkpt><trkpt lat="37.223061" lon="126.850143"><time>2026-05-17T07:52:37.000Z</time><ele>54.67</ele></trkpt><trkpt lat="37.223068" lon="126.850347"><time>2026-05-17T07:52:38.000Z</time><ele>52.83</ele></trkpt><trkpt lat="37.223089" lon="126.850553"><time>2026-05-17T07:52:39.000Z</time><ele>52.94</ele></trkpt><trkpt lat="37.223118" lon="126.850765"><time>2026-05-17T07:52:40.000Z</time><ele>52.42</ele></trkpt><trkpt lat="37.223146" lon="126.850987"><time>2026-05-17T07:52:41.000Z</time><ele>52.76</ele></trkpt><trkpt lat="37.223193" lon="126.851217"><time>2026-05-17T07:52:42.000Z</time><ele>53.35</ele></trkpt><trkpt lat="37.22325" lon="126.85145"><time>2026-05-17T07:52:43.000Z</time><ele>54.59</ele></trkpt><trkpt lat="37.223311" lon="126.851689"><time>2026-05-17T07:52:44.000Z</time><ele>53.78</ele></trkpt><trkpt lat="37.22338" lon="126.851905"><time>2026-05-17T07:52:45.000Z</time><ele>53.88</ele></trkpt><trkpt lat="37.223457" lon="126.852114"><time>2026-05-17T07:52:46.000Z</time><ele>55.22</ele></trkpt><trkpt lat="37.22354" lon="126.852317"><time>2026-05-17T07:52:47.000Z</time><ele>55.2</ele></trkpt><trkpt lat="37.223626" lon="126.852523"><time>2026-05-17T07:52:48.000Z</time><ele>54.95</ele></trkpt><trkpt lat="37.223713" lon="126.852721"><time>2026-05-17T07:52:49.000Z</time><ele>54.41</ele></trkpt><trkpt lat="37.223799" lon="126.852915"><time>2026-05-17T07:52:50.000Z</time><ele>54.03</ele></trkpt><trkpt lat="37.223895" lon="126.853094"><time>2026-05-17T07:52:51.000Z</time><ele>53.18</ele></trkpt><trkpt lat="37.224004" lon="126.853284"><time>2026-05-17T07:52:52.000Z</time><ele>53.1</ele></trkpt><trkpt lat="37.224104" lon="126.853492"><time>2026-05-17T07:52:53.000Z</time><ele>52.68</ele></trkpt><trkpt lat="37.2242" lon="126.853685"><time>2026-05-17T07:52:54.000Z</time><ele>52.35</ele></trkpt><trkpt lat="37.224293" lon="126.853865"><time>2026-05-17T07:52:55.000Z</time><ele>51.65</ele></trkpt><trkpt lat="37.224385" lon="126.854048"><time>2026-05-17T07:52:56.000Z</time><ele>50.72</ele></trkpt><trkpt lat="37.224472" lon="126.854223"><time>2026-05-17T07:52:57.000Z</time><ele>50.21</ele></trkpt><trkpt lat="37.224561" lon="126.854401"><time>2026-05-17T07:52:58.000Z</time><ele>50.08</ele></trkpt><trkpt lat="37.224654" lon="126.854584"><time>2026-05-17T07:52:59.000Z</time><ele>49.49</ele></trkpt><trkpt lat="37.224744" lon="126.854756"><time>2026-05-17T07:53:00.000Z</time><ele>48.5</ele></trkpt><trkpt lat="37.224838" lon="126.854923"><time>2026-05-17T07:53:01.000Z</time><ele>47.02</ele></trkpt><trkpt lat="37.224925" lon="126.855099"><time>2026-05-17T07:53:02.001Z</time><ele>46.8</ele></trkpt><trkpt lat="37.225014" lon="126.855268"><time>2026-05-17T07:53:03.001Z</time><ele>45.88</ele></trkpt><trkpt lat="37.225103" lon="126.855435"><time>2026-05-17T07:53:04.001Z</time><ele>45.04</ele></trkpt><trkpt lat="37.225195" lon="126.855597"><time>2026-05-17T07:53:05.001Z</time><ele>43.86</ele></trkpt><trkpt lat="37.225278" lon="126.855748"><time>2026-05-17T07:53:06.001Z</time><ele>43.65</ele></trkpt><trkpt lat="37.225364" lon="126.855887"><time>2026-05-17T07:53:07.001Z</time><ele>42.44</ele></trkpt><trkpt lat="37.225444" lon="126.856021"><time>2026-05-17T07:53:08.001Z</time><ele>41.7</ele></trkpt><trkpt lat="37.225522" lon="126.856147"><time>2026-05-17T07:53:09.001Z</time><ele>40.62</ele></trkpt><trkpt lat="37.225595" lon="126.856265"><time>2026-05-17T07:53:10.001Z</time><ele>40.43</ele></trkpt><trkpt lat="37.225666" lon="126.856372"><time>2026-05-17T07:53:11.001Z</time><ele>38.88</ele></trkpt><trkpt lat="37.225734" lon="126.856474"><time>2026-05-17T07:53:12.001Z</time><ele>37.81</ele></trkpt><trkpt lat="37.225796" lon="126.856567"><time>2026-05-17T07:53:13.001Z</time><ele>36.91</ele></trkpt><trkpt lat="37.225851" lon="126.856655"><time>2026-05-17T07:53:14.001Z</time><ele>37.15</ele></trkpt><trkpt lat="37.225904" lon="126.856733"><time>2026-05-17T07:53:15.001Z</time><ele>36.72</ele></trkpt><trkpt lat="37.225951" lon="126.856806"><time>2026-05-17T07:53:16.001Z</time><ele>36.51</ele></trkpt><trkpt lat="37.226001" lon="126.856869"><time>2026-05-17T07:53:17.001Z</time><ele>35.67</ele></trkpt><trkpt lat="37.226045" lon="126.856924"><time>2026-05-17T07:53:18.001Z</time><ele>35.62</ele></trkpt><trkpt lat="37.226076" lon="126.856976"><time>2026-05-17T07:53:19.001Z</time><ele>35.35</ele></trkpt><trkpt lat="37.226105" lon="126.85702"><time>2026-05-17T07:53:20.001Z</time><ele>34.8</ele></trkpt><trkpt lat="37.226146" lon="126.857088"><time>2026-05-17T07:53:22.001Z</time><ele>33.81</ele></trkpt><trkpt lat="37.226176" lon="126.85714"><time>2026-05-17T07:53:24.001Z</time><ele>33.5</ele></trkpt><trkpt lat="37.226202" lon="126.857205"><time>2026-05-17T07:54:17.000Z</time><ele>25.78</ele></trkpt><trkpt lat="37.226241" lon="126.857252"><time>2026-05-17T07:54:18.000Z</time><ele>25.6</ele></trkpt><trkpt lat="37.226294" lon="126.857313"><time>2026-05-17T07:54:19.000Z</time><ele>25.59</ele></trkpt><trkpt lat="37.226342" lon="126.857385"><time>2026-05-17T07:54:20.000Z</time><ele>25.85</ele></trkpt><trkpt lat="37.22641" lon="126.857476"><time>2026-05-17T07:54:21.000Z</time><ele>25.9</ele></trkpt><trkpt lat="37.226486" lon="126.857575"><time>2026-05-17T07:54:22.000Z</time><ele>26.97</ele></trkpt><trkpt lat="37.226563" lon="126.857674"><time>2026-05-17T07:54:23.000Z</time><ele>27.91</ele></trkpt><trkpt lat="37.227388" lon="126.858722"><time>2026-05-17T07:54:31.000Z</time><ele>27.47</ele></trkpt><trkpt lat="37.227486" lon="126.858849"><time>2026-05-17T07:54:32.000Z</time><ele>27.77</ele></trkpt><trkpt lat="37.227587" lon="126.858975"><time>2026-05-17T07:54:33.000Z</time><ele>27.68</ele></trkpt><trkpt lat="37.227698" lon="126.859093"><time>2026-05-17T07:54:34.000Z</time><ele>27.92</ele></trkpt><trkpt lat="37.227814" lon="126.859213"><time>2026-05-17T07:54:35.000Z</time><ele>28.62</ele></trkpt><trkpt lat="37.22794" lon="126.859323"><time>2026-05-17T07:54:36.000Z</time><ele>28.4</ele></trkpt><trkpt lat="37.228072" lon="126.859431"><time>2026-05-17T07:54:37.000Z</time><ele>28.48</ele></trkpt><trkpt lat="37.228202" lon="126.859528"><time>2026-05-17T07:54:38.000Z</time><ele>28.4</ele></trkpt><trkpt lat="37.228339" lon="126.859626"><time>2026-05-17T07:54:39.000Z</time><ele>28.16</ele></trkpt><trkpt lat="37.228469" lon="126.859704"><time>2026-05-17T07:54:40.000Z</time><ele>26.68</ele></trkpt><trkpt lat="37.228608" lon="126.859783"><time>2026-05-17T07:54:41.000Z</time><ele>25.56</ele></trkpt><trkpt lat="37.228749" lon="126.859867"><time>2026-05-17T07:54:42.000Z</time><ele>24.18</ele></trkpt><trkpt lat="37.228893" lon="126.859927"><time>2026-05-17T07:54:43.000Z</time><ele>22.99</ele></trkpt><trkpt lat="37.229052" lon="126.859965"><time>2026-05-17T07:54:44.000Z</time><ele>22.15</ele></trkpt><trkpt lat="37.22921" lon="126.860016"><time>2026-05-17T07:54:45.000Z</time><ele>21.73</ele></trkpt><trkpt lat="37.229369" lon="126.860059"><time>2026-05-17T07:54:46.000Z</time><ele>20.86</ele></trkpt><trkpt lat="37.229537" lon="126.860085"><time>2026-05-17T07:54:47.000Z</time><ele>19.27</ele></trkpt><trkpt lat="37.229702" lon="126.860112"><time>2026-05-17T07:54:48.000Z</time><ele>18.45</ele></trkpt><trkpt lat="37.229863" lon="126.86013"><time>2026-05-17T07:54:49.000Z</time><ele>17.29</ele></trkpt><trkpt lat="37.230026" lon="126.860149"><time>2026-05-17T07:54:50.000Z</time><ele>16.34</ele></trkpt><trkpt lat="37.230193" lon="126.860169"><time>2026-05-17T07:54:51.000Z</time><ele>15.98</ele></trkpt><trkpt lat="37.230363" lon="126.860181"><time>2026-05-17T07:54:52.000Z</time><ele>14.87</ele></trkpt><trkpt lat="37.230538" lon="126.860194"><time>2026-05-17T07:54:53.000Z</time><ele>14.75</ele></trkpt><trkpt lat="37.230715" lon="126.860211"><time>2026-05-17T07:54:54.000Z</time><ele>14.02</ele></trkpt><trkpt lat="37.230892" lon="126.86024"><time>2026-05-17T07:54:55.000Z</time><ele>13.89</ele></trkpt><trkpt lat="37.231069" lon="126.860274"><time>2026-05-17T07:54:56.000Z</time><ele>13.57</ele></trkpt><trkpt lat="37.231249" lon="126.86031"><time>2026-05-17T07:54:57.000Z</time><ele>13.1</ele></trkpt><trkpt lat="37.231429" lon="126.860354"><time>2026-05-17T07:54:58.000Z</time><ele>13.97</ele></trkpt><trkpt lat="37.231618" lon="126.860409"><time>2026-05-17T07:54:59.000Z</time><ele>14.02</ele></trkpt><trkpt lat="37.231806" lon="126.860466"><time>2026-05-17T07:55:00.000Z</time><ele>14.46</ele></trkpt><trkpt lat="37.231981" lon="126.860518"><time>2026-05-17T07:55:01.000Z</time><ele>14.88</ele></trkpt><trkpt lat="37.232163" lon="126.860568"><time>2026-05-17T07:55:02.001Z</time><ele>15.64</ele></trkpt><trkpt lat="37.232334" lon="126.860616"><time>2026-05-17T07:55:03.001Z</time><ele>15.55</ele></trkpt><trkpt lat="37.232516" lon="126.860669"><time>2026-05-17T07:55:04.001Z</time><ele>15.78</ele></trkpt><trkpt lat="37.232697" lon="126.860721"><time>2026-05-17T07:55:05.001Z</time><ele>14.94</ele></trkpt><trkpt lat="37.23288" lon="126.860778"><time>2026-05-17T07:55:06.001Z</time><ele>14.74</ele></trkpt><trkpt lat="37.233064" lon="126.860833"><time>2026-05-17T07:55:07.001Z</time><ele>14.53</ele></trkpt><trkpt lat="37.233244" lon="126.860885"><time>2026-05-17T07:55:08.001Z</time><ele>15.59</ele></trkpt><trkpt lat="37.233421" lon="126.860939"><time>2026-05-17T07:55:09.001Z</time><ele>14.78</ele></trkpt><trkpt lat="37.233606" lon="126.860999"><time>2026-05-17T07:55:10.001Z</time><ele>14.26</ele></trkpt><trkpt lat="37.233796" lon="126.861051"><time>2026-05-17T07:55:11.001Z</time><ele>14.59</ele></trkpt><trkpt lat="37.233988" lon="126.861112"><time>2026-05-17T07:55:12.001Z</time><ele>15.37</ele></trkpt><trkpt lat="37.234179" lon="126.861168"><time>2026-05-17T07:55:13.001Z</time><ele>16.07</ele></trkpt><trkpt lat="37.234383" lon="126.861232"><time>2026-05-17T07:55:14.001Z</time><ele>16.52</ele></trkpt><trkpt lat="37.234571" lon="126.86129"><time>2026-05-17T07:55:15.001Z</time><ele>17.2</ele></trkpt><trkpt lat="37.23477" lon="126.861347"><time>2026-05-17T07:55:16.001Z</time><ele>19.69</ele></trkpt><trkpt lat="37.234961" lon="126.8614"><time>2026-05-17T07:55:17.001Z</time><ele>20.79</ele></trkpt><trkpt lat="37.235148" lon="126.86146"><time>2026-05-17T07:55:18.001Z</time><ele>21.93</ele></trkpt><trkpt lat="37.235333" lon="126.861508"><time>2026-05-17T07:55:19.001Z</time><ele>22.81</ele></trkpt><trkpt lat="37.235516" lon="126.861557"><time>2026-05-17T07:55:20.001Z</time><ele>23.22</ele></trkpt><trkpt lat="37.235699" lon="126.861607"><time>2026-05-17T07:55:21.001Z</time><ele>23.93</ele></trkpt><trkpt lat="37.235879" lon="126.861662"><time>2026-05-17T07:55:22.001Z</time><ele>25.03</ele></trkpt><trkpt lat="37.236062" lon="126.861719"><time>2026-05-17T07:55:23.001Z</time><ele>25.31</ele></trkpt><trkpt lat="37.236242" lon="126.861779"><time>2026-05-17T07:55:24.001Z</time><ele>25.75</ele></trkpt><trkpt lat="37.23642" lon="126.861849"><time>2026-05-17T07:55:25.001Z</time><ele>26.1</ele></trkpt><trkpt lat="37.236599" lon="126.861924"><time>2026-05-17T07:55:26.001Z</time><ele>27.21</ele></trkpt><trkpt lat="37.236767" lon="126.86201"><time>2026-05-17T07:55:27.001Z</time><ele>27.62</ele></trkpt><trkpt lat="37.236937" lon="126.862107"><time>2026-05-17T07:55:28.001Z</time><ele>28.48</ele></trkpt><trkpt lat="37.237101" lon="126.86222"><time>2026-05-17T07:55:29.001Z</time><ele>29</ele></trkpt><trkpt lat="37.237256" lon="126.862347"><time>2026-05-17T07:55:30.001Z</time><ele>29.97</ele></trkpt><trkpt lat="37.237404" lon="126.862486"><time>2026-05-17T07:55:31.001Z</time><ele>30.7</ele></trkpt><trkpt lat="37.237544" lon="126.86264"><time>2026-05-17T07:55:32.001Z</time><ele>31.31</ele></trkpt><trkpt lat="37.237674" lon="126.862802"><time>2026-05-17T07:55:33.001Z</time><ele>31.61</ele></trkpt><trkpt lat="37.237793" lon="126.862973"><time>2026-05-17T07:55:34.001Z</time><ele>32.21</ele></trkpt><trkpt lat="37.237901" lon="126.863164"><time>2026-05-17T07:55:35.001Z</time><ele>32.72</ele></trkpt><trkpt lat="37.238003" lon="126.863357"><time>2026-05-17T07:55:36.001Z</time><ele>33.54</ele></trkpt><trkpt lat="37.238099" lon="126.863555"><time>2026-05-17T07:55:37.001Z</time><ele>33.81</ele></trkpt><trkpt lat="37.238185" lon="126.863758"><time>2026-05-17T07:55:38.001Z</time><ele>35.3</ele></trkpt><trkpt lat="37.23825" lon="126.863958"><time>2026-05-17T07:55:39.001Z</time><ele>35.17</ele></trkpt><trkpt lat="37.238317" lon="126.864165"><time>2026-05-17T07:55:40.001Z</time><ele>35.29</ele></trkpt><trkpt lat="37.238367" lon="126.864373"><time>2026-05-17T07:55:41.001Z</time><ele>36.24</ele></trkpt><trkpt lat="37.238417" lon="126.864583"><time>2026-05-17T07:55:42.001Z</time><ele>37.17</ele></trkpt><trkpt lat="37.238454" lon="126.864796"><time>2026-05-17T07:55:43.001Z</time><ele>37.79</ele></trkpt><trkpt lat="37.238503" lon="126.865015"><time>2026-05-17T07:55:44.001Z</time><ele>38.78</ele></trkpt><trkpt lat="37.238541" lon="126.865234"><time>2026-05-17T07:55:45.001Z</time><ele>39.54</ele></trkpt><trkpt lat="37.238581" lon="126.865451"><time>2026-05-17T07:55:46.001Z</time><ele>39.62</ele></trkpt><trkpt lat="37.238622" lon="126.86567"><time>2026-05-17T07:55:47.001Z</time><ele>40.9</ele></trkpt><trkpt lat="37.238665" lon="126.865888"><time>2026-05-17T07:55:48.001Z</time><ele>41.7</ele></trkpt><trkpt lat="37.238703" lon="126.866105"><time>2026-05-17T07:55:49.001Z</time><ele>41.55</ele></trkpt><trkpt lat="37.23875" lon="126.866326"><time>2026-05-17T07:55:50.001Z</time><ele>43.69</ele></trkpt><trkpt lat="37.238789" lon="126.866542"><time>2026-05-17T07:55:51.001Z</time><ele>43.67</ele></trkpt><trkpt lat="37.238833" lon="126.866754"><time>2026-05-17T07:55:52.001Z</time><ele>43.99</ele></trkpt><trkpt lat="37.238874" lon="126.86696"><time>2026-05-17T07:55:53.001Z</time><ele>44.09</ele></trkpt><trkpt lat="37.238921" lon="126.867178"><time>2026-05-17T07:55:54.001Z</time><ele>43.88</ele></trkpt><trkpt lat="37.238961" lon="126.867385"><time>2026-05-17T07:55:55.001Z</time><ele>44.36</ele></trkpt><trkpt lat="37.239008" lon="126.86759"><time>2026-05-17T07:55:56.001Z</time><ele>44.45</ele></trkpt><trkpt lat="37.239053" lon="126.867805"><time>2026-05-17T07:55:57.001Z</time><ele>43.62</ele></trkpt><trkpt lat="37.239096" lon="126.868033"><time>2026-05-17T07:55:58.001Z</time><ele>45.56</ele></trkpt><trkpt lat="37.239141" lon="126.86826"><time>2026-05-17T07:55:59.001Z</time><ele>45.91</ele></trkpt><trkpt lat="37.239186" lon="126.868484"><time>2026-05-17T07:56:00.001Z</time><ele>45.68</ele></trkpt><trkpt lat="37.239229" lon="126.86871"><time>2026-05-17T07:56:01.001Z</time><ele>45.6</ele></trkpt><trkpt lat="37.23927" lon="126.868942"><time>2026-05-17T07:56:02.001Z</time><ele>46.24</ele></trkpt><trkpt lat="37.239308" lon="126.869173"><time>2026-05-17T07:56:03.001Z</time><ele>47.24</ele></trkpt><trkpt lat="37.239354" lon="126.869402"><time>2026-05-17T07:56:04.001Z</time><ele>46.84</ele></trkpt><trkpt lat="37.239395" lon="126.869626"><time>2026-05-17T07:56:05.001Z</time><ele>44.38</ele></trkpt><trkpt lat="37.239441" lon="126.869858"><time>2026-05-17T07:56:06.001Z</time><ele>45.68</ele></trkpt><trkpt lat="37.239492" lon="126.870081"><time>2026-05-17T07:56:07.001Z</time><ele>45.88</ele></trkpt><trkpt lat="37.23954" lon="126.870307"><time>2026-05-17T07:56:08.001Z</time><ele>46</ele></trkpt><trkpt lat="37.239582" lon="126.870521"><time>2026-05-17T07:56:09.001Z</time><ele>45.21</ele></trkpt><trkpt lat="37.239625" lon="126.870744"><time>2026-05-17T07:56:10.001Z</time><ele>44.75</ele></trkpt><trkpt lat="37.239666" lon="126.870975"><time>2026-05-17T07:56:11.001Z</time><ele>43.35</ele></trkpt><trkpt lat="37.239699" lon="126.87121"><time>2026-05-17T07:56:12.001Z</time><ele>42.22</ele></trkpt><trkpt lat="37.239731" lon="126.871452"><time>2026-05-17T07:56:13.001Z</time><ele>41.07</ele></trkpt><trkpt lat="37.239753" lon="126.871696"><time>2026-05-17T07:56:14.001Z</time><ele>39.89</ele></trkpt><trkpt lat="37.239776" lon="126.871943"><time>2026-05-17T07:56:15.002Z</time><ele>39.3</ele></trkpt><trkpt lat="37.239788" lon="126.872192"><time>2026-05-17T07:56:16.002Z</time><ele>39.52</ele></trkpt><trkpt lat="37.239787" lon="126.872434"><time>2026-05-17T07:56:17.002Z</time><ele>38.33</ele></trkpt><trkpt lat="37.239792" lon="126.872672"><time>2026-05-17T07:56:18.002Z</time><ele>38.51</ele></trkpt><trkpt lat="37.239789" lon="126.872911"><time>2026-05-17T07:56:19.002Z</time><ele>38.4</ele></trkpt><trkpt lat="37.239775" lon="126.873146"><time>2026-05-17T07:56:20.002Z</time><ele>36.94</ele></trkpt><trkpt lat="37.239759" lon="126.873379"><time>2026-05-17T07:56:21.000Z</time><ele>36.4</ele></trkpt><trkpt lat="37.239738" lon="126.873615"><time>2026-05-17T07:56:22.000Z</time><ele>35.96</ele></trkpt><trkpt lat="37.239711" lon="126.873847"><time>2026-05-17T07:56:23.000Z</time><ele>35.74</ele></trkpt><trkpt lat="37.239681" lon="126.874083"><time>2026-05-17T07:56:24.000Z</time><ele>35.86</ele></trkpt><trkpt lat="37.239662" lon="126.874316"><time>2026-05-17T07:56:25.000Z</time><ele>37.99</ele></trkpt><trkpt lat="37.239631" lon="126.874553"><time>2026-05-17T07:56:26.000Z</time><ele>39.35</ele></trkpt><trkpt lat="37.239601" lon="126.874795"><time>2026-05-17T07:56:27.000Z</time><ele>40.06</ele></trkpt><trkpt lat="37.239569" lon="126.87504"><time>2026-05-17T07:56:28.000Z</time><ele>40.49</ele></trkpt><trkpt lat="37.239538" lon="126.875291"><time>2026-05-17T07:56:29.000Z</time><ele>41.08</ele></trkpt><trkpt lat="37.239508" lon="126.875538"><time>2026-05-17T07:56:30.000Z</time><ele>41.85</ele></trkpt><trkpt lat="37.239477" lon="126.875776"><time>2026-05-17T07:56:31.000Z</time><ele>42.55</ele></trkpt><trkpt lat="37.239446" lon="126.876003"><time>2026-05-17T07:56:32.000Z</time><ele>42.9</ele></trkpt><trkpt lat="37.239417" lon="126.876222"><time>2026-05-17T07:56:33.000Z</time><ele>42.91</ele></trkpt><trkpt lat="37.239389" lon="126.876437"><time>2026-05-17T07:56:34.000Z</time><ele>42.83</ele></trkpt><trkpt lat="37.239359" lon="126.876659"><time>2026-05-17T07:56:35.000Z</time><ele>42.46</ele></trkpt><trkpt lat="37.239332" lon="126.876886"><time>2026-05-17T07:56:36.000Z</time><ele>41.72</ele></trkpt><trkpt lat="37.239307" lon="126.877104"><time>2026-05-17T07:56:37.000Z</time><ele>41.6</ele></trkpt><trkpt lat="37.239251" lon="126.878375"><time>2026-05-17T07:56:44.000Z</time><ele>38.86</ele></trkpt><trkpt lat="37.239252" lon="126.878512"><time>2026-05-17T07:56:45.000Z</time><ele>38.36</ele></trkpt><trkpt lat="37.239254" lon="126.878639"><time>2026-05-17T07:56:46.000Z</time><ele>38.34</ele></trkpt><trkpt lat="37.239256" lon="126.87875"><time>2026-05-17T07:56:47.000Z</time><ele>38.01</ele></trkpt><trkpt lat="37.239263" lon="126.878846"><time>2026-05-17T07:56:48.000Z</time><ele>37.1</ele></trkpt><trkpt lat="37.23927" lon="126.878932"><time>2026-05-17T07:56:49.000Z</time><ele>36.23</ele></trkpt><trkpt lat="37.239274" lon="126.879014"><time>2026-05-17T07:56:50.000Z</time><ele>36.13</ele></trkpt><trkpt lat="37.239282" lon="126.879084"><time>2026-05-17T07:56:51.000Z</time><ele>36.02</ele></trkpt><trkpt lat="37.239287" lon="126.879147"><time>2026-05-17T07:56:52.000Z</time><ele>36.13</ele></trkpt><trkpt lat="37.239293" lon="126.879204"><time>2026-05-17T07:56:53.000Z</time><ele>36.07</ele></trkpt><trkpt lat="37.239299" lon="126.879273"><time>2026-05-17T07:56:54.000Z</time><ele>36.2</ele></trkpt><trkpt lat="37.239308" lon="126.879347"><time>2026-05-17T07:56:55.000Z</time><ele>36.26</ele></trkpt><trkpt lat="37.239315" lon="126.879418"><time>2026-05-17T07:56:56.000Z</time><ele>36.4</ele></trkpt><trkpt lat="37.239324" lon="126.879481"><time>2026-05-17T07:56:57.000Z</time><ele>36.35</ele></trkpt><trkpt lat="37.239331" lon="126.87955"><time>2026-05-17T07:56:58.000Z</time><ele>36.57</ele></trkpt><trkpt lat="37.239339" lon="126.879634"><time>2026-05-17T07:56:59.000Z</time><ele>36.76</ele></trkpt><trkpt lat="37.239351" lon="126.879731"><time>2026-05-17T07:57:00.000Z</time><ele>36.58</ele></trkpt><trkpt lat="37.239364" lon="126.879836"><time>2026-05-17T07:57:01.000Z</time><ele>36.44</ele></trkpt><trkpt lat="37.23938" lon="126.879951"><time>2026-05-17T07:57:02.000Z</time><ele>36.78</ele></trkpt><trkpt lat="37.239403" lon="126.880074"><time>2026-05-17T07:57:03.000Z</time><ele>37.13</ele></trkpt><trkpt lat="37.239431" lon="126.880201"><time>2026-05-17T07:57:04.000Z</time><ele>36.85</ele></trkpt><trkpt lat="37.239461" lon="126.880335"><time>2026-05-17T07:57:05.000Z</time><ele>36.17</ele></trkpt><trkpt lat="37.239489" lon="126.880464"><time>2026-05-17T07:57:06.000Z</time><ele>36.97</ele></trkpt><trkpt lat="37.239521" lon="126.88059"><time>2026-05-17T07:57:07.000Z</time><ele>36.28</ele></trkpt><trkpt lat="37.239551" lon="126.880714"><time>2026-05-17T07:57:08.000Z</time><ele>35.48</ele></trkpt><trkpt lat="37.239587" lon="126.880854"><time>2026-05-17T07:57:09.000Z</time><ele>34.46</ele></trkpt><trkpt lat="37.239614" lon="126.881005"><time>2026-05-17T07:57:10.000Z</time><ele>35.32</ele></trkpt><trkpt lat="37.239653" lon="126.881157"><time>2026-05-17T07:57:11.000Z</time><ele>35.25</ele></trkpt><trkpt lat="37.239702" lon="126.881304"><time>2026-05-17T07:57:12.000Z</time><ele>34.43</ele></trkpt><trkpt lat="37.239748" lon="126.881462"><time>2026-05-17T07:57:13.001Z</time><ele>34.1</ele></trkpt><trkpt lat="37.239794" lon="126.881622"><time>2026-05-17T07:57:14.001Z</time><ele>33.45</ele></trkpt><trkpt lat="37.239841" lon="126.881791"><time>2026-05-17T07:57:15.001Z</time><ele>33.47</ele></trkpt><trkpt lat="37.239885" lon="126.881962"><time>2026-05-17T07:57:16.001Z</time><ele>33.29</ele></trkpt><trkpt lat="37.239922" lon="126.882132"><time>2026-05-17T07:57:17.001Z</time><ele>33.43</ele></trkpt><trkpt lat="37.239963" lon="126.882322"><time>2026-05-17T07:57:18.001Z</time><ele>33.26</ele></trkpt><trkpt lat="37.240007" lon="126.882478"><time>2026-05-17T07:57:19.001Z</time><ele>33.56</ele></trkpt><trkpt lat="37.240042" lon="126.882618"><time>2026-05-17T07:57:20.001Z</time><ele>33.76</ele></trkpt><trkpt lat="37.240063" lon="126.882734"><time>2026-05-17T07:57:21.001Z</time><ele>33.58</ele></trkpt><trkpt lat="37.240087" lon="126.882826"><time>2026-05-17T07:57:22.001Z</time><ele>33.26</ele></trkpt><trkpt lat="37.24011" lon="126.88291"><time>2026-05-17T07:57:23.001Z</time><ele>34.12</ele></trkpt><trkpt lat="37.240129" lon="126.882977"><time>2026-05-17T07:57:24.001Z</time><ele>33.9</ele></trkpt><trkpt lat="37.240145" lon="126.883033"><time>2026-05-17T07:57:25.001Z</time><ele>33.52</ele></trkpt><trkpt lat="37.240168" lon="126.883116"><time>2026-05-17T07:57:27.001Z</time><ele>32.98</ele></trkpt><trkpt lat="37.240183" lon="126.883171"><time>2026-05-17T07:57:54.001Z</time><ele>27.05</ele></trkpt><trkpt lat="37.240198" lon="126.883225"><time>2026-05-17T08:01:00.000Z</time><ele>25.47</ele></trkpt><trkpt lat="37.240214" lon="126.883283"><time>2026-05-17T08:01:06.000Z</time><ele>26.25</ele></trkpt><trkpt lat="37.240199" lon="126.883228"><time>2026-05-17T08:01:18.001Z</time><ele>26.91</ele></trkpt><trkpt lat="37.240006" lon="126.883379"><time>2026-05-17T08:01:36.001Z</time><ele>26.99</ele></trkpt><trkpt lat="37.240022" lon="126.883438"><time>2026-05-17T08:02:02.001Z</time><ele>27.52</ele></trkpt><trkpt lat="37.240005" lon="126.883495"><time>2026-05-17T08:02:05.001Z</time><ele>27.49</ele></trkpt><trkpt lat="37.239987" lon="126.883552"><time>2026-05-17T08:02:11.001Z</time><ele>27.02</ele></trkpt><trkpt lat="37.240041" lon="126.883461"><time>2026-05-17T08:02:16.001Z</time><ele>31.57</ele></trkpt><trkpt lat="37.239983" lon="126.883453"><time>2026-05-17T08:02:19.001Z</time><ele>26.86</ele></trkpt><trkpt lat="37.239998" lon="126.883382"><time>2026-05-17T08:02:25.001Z</time><ele>27.93</ele></trkpt><trkpt lat="37.240019" lon="126.883304"><time>2026-05-17T08:02:28.001Z</time><ele>28.03</ele></trkpt><trkpt lat="37.24005" lon="126.883252"><time>2026-05-17T08:02:32.002Z</time><ele>29.29</ele></trkpt><trkpt lat="37.240099" lon="126.883286"><time>2026-05-17T08:02:38.002Z</time><ele>27.71</ele></trkpt><trkpt lat="37.240482" lon="126.884041"><time>2026-05-17T08:04:01.001Z</time><ele>28.7</ele></trkpt><trkpt lat="37.240525" lon="126.884206"><time>2026-05-17T08:04:02.001Z</time><ele>28.64</ele></trkpt><trkpt lat="37.240567" lon="126.884365"><time>2026-05-17T08:04:03.001Z</time><ele>30.28</ele></trkpt><trkpt lat="37.240621" lon="126.884529"><time>2026-05-17T08:04:04.001Z</time><ele>30.7</ele></trkpt><trkpt lat="37.240671" lon="126.884726"><time>2026-05-17T08:04:05.001Z</time><ele>31.46</ele></trkpt><trkpt lat="37.24073" lon="126.88494"><time>2026-05-17T08:04:06.001Z</time><ele>31.74</ele></trkpt><trkpt lat="37.240804" lon="126.88514"><time>2026-05-17T08:04:07.001Z</time><ele>32.57</ele></trkpt><trkpt lat="37.240862" lon="126.885338"><time>2026-05-17T08:04:08.001Z</time><ele>33.33</ele></trkpt><trkpt lat="37.240973" lon="126.885525"><time>2026-05-17T08:04:09.001Z</time><ele>32.18</ele></trkpt><trkpt lat="37.241073" lon="126.885717"><time>2026-05-17T08:04:10.001Z</time><ele>32.07</ele></trkpt><trkpt lat="37.241183" lon="126.885918"><time>2026-05-17T08:04:11.001Z</time><ele>30.68</ele></trkpt><trkpt lat="37.24131" lon="126.886122"><time>2026-05-17T08:04:12.001Z</time><ele>31.13</ele></trkpt><trkpt lat="37.241434" lon="126.886333"><time>2026-05-17T08:04:13.001Z</time><ele>31.24</ele></trkpt><trkpt lat="37.241564" lon="126.886534"><time>2026-05-17T08:04:14.001Z</time><ele>31.82</ele></trkpt><trkpt lat="37.241701" lon="126.886737"><time>2026-05-17T08:04:15.001Z</time><ele>31.26</ele></trkpt><trkpt lat="37.241845" lon="126.886949"><time>2026-05-17T08:04:16.001Z</time><ele>31.67</ele></trkpt><trkpt lat="37.241996" lon="126.887148"><time>2026-05-17T08:04:17.001Z</time><ele>32.85</ele></trkpt><trkpt lat="37.242157" lon="126.887345"><time>2026-05-17T08:04:18.001Z</time><ele>31.91</ele></trkpt><trkpt lat="37.242321" lon="126.887525"><time>2026-05-17T08:04:19.001Z</time><ele>30.4</ele></trkpt><trkpt lat="37.242491" lon="126.887701"><time>2026-05-17T08:04:20.001Z</time><ele>30.08</ele></trkpt><trkpt lat="37.242674" lon="126.887881"><time>2026-05-17T08:04:21.001Z</time><ele>29.11</ele></trkpt><trkpt lat="37.242862" lon="126.888058"><time>2026-05-17T08:04:22.001Z</time><ele>28.57</ele></trkpt><trkpt lat="37.243059" lon="126.888226"><time>2026-05-17T08:04:23.001Z</time><ele>28.2</ele></trkpt><trkpt lat="37.243263" lon="126.888388"><time>2026-05-17T08:04:24.001Z</time><ele>27.96</ele></trkpt><trkpt lat="37.243477" lon="126.888545"><time>2026-05-17T08:04:25.001Z</time><ele>27.15</ele></trkpt><trkpt lat="37.243696" lon="126.888694"><time>2026-05-17T08:04:26.001Z</time><ele>28.15</ele></trkpt><trkpt lat="37.243921" lon="126.888832"><time>2026-05-17T08:04:27.001Z</time><ele>28.29</ele></trkpt><trkpt lat="37.24415" lon="126.888961"><time>2026-05-17T08:04:28.001Z</time><ele>26.33</ele></trkpt><trkpt lat="37.244382" lon="126.889096"><time>2026-05-17T08:04:29.001Z</time><ele>24.88</ele></trkpt><trkpt lat="37.244613" lon="126.889238"><time>2026-05-17T08:04:30.001Z</time><ele>23.47</ele></trkpt><trkpt lat="37.244844" lon="126.889387"><time>2026-05-17T08:04:31.001Z</time><ele>23.39</ele></trkpt><trkpt lat="37.245078" lon="126.88953"><time>2026-05-17T08:04:32.001Z</time><ele>21.94</ele></trkpt><trkpt lat="37.245313" lon="126.889671"><time>2026-05-17T08:04:33.001Z</time><ele>19.6</ele></trkpt><trkpt lat="37.245551" lon="126.889815"><time>2026-05-17T08:04:34.001Z</time><ele>19.2</ele></trkpt><trkpt lat="37.245791" lon="126.889957"><time>2026-05-17T08:04:35.001Z</time><ele>17.76</ele></trkpt><trkpt lat="37.246017" lon="126.890093"><time>2026-05-17T08:04:36.001Z</time><ele>16.24</ele></trkpt><trkpt lat="37.246223" lon="126.890219"><time>2026-05-17T08:04:37.001Z</time><ele>15.09</ele></trkpt><trkpt lat="37.246408" lon="126.89033"><time>2026-05-17T08:04:38.001Z</time><ele>13.59</ele></trkpt><trkpt lat="37.246581" lon="126.890438"><time>2026-05-17T08:04:39.002Z</time><ele>13</ele></trkpt><trkpt lat="37.24674" lon="126.890532"><time>2026-05-17T08:04:40.002Z</time><ele>12.79</ele></trkpt><trkpt lat="37.24688" lon="126.890629"><time>2026-05-17T08:04:41.002Z</time><ele>12.23</ele></trkpt><trkpt lat="37.247004" lon="126.890727"><time>2026-05-17T08:04:42.002Z</time><ele>11.98</ele></trkpt><trkpt lat="37.247109" lon="126.890823"><time>2026-05-17T08:04:43.002Z</time><ele>10.89</ele></trkpt><trkpt lat="37.247203" lon="126.890915"><time>2026-05-17T08:04:44.002Z</time><ele>10.58</ele></trkpt><trkpt lat="37.247289" lon="126.89101"><time>2026-05-17T08:04:45.000Z</time><ele>11.58</ele></trkpt><trkpt lat="37.247363" lon="126.891099"><time>2026-05-17T08:04:46.000Z</time><ele>11.99</ele></trkpt><trkpt lat="37.247424" lon="126.891185"><time>2026-05-17T08:04:47.000Z</time><ele>12.03</ele></trkpt><trkpt lat="37.247492" lon="126.89125"><time>2026-05-17T08:04:48.000Z</time><ele>11.91</ele></trkpt><trkpt lat="37.247541" lon="126.891318"><time>2026-05-17T08:04:49.000Z</time><ele>11.95</ele></trkpt><trkpt lat="37.247582" lon="126.891374"><time>2026-05-17T08:04:50.000Z</time><ele>12.02</ele></trkpt><trkpt lat="37.247613" lon="126.891416"><time>2026-05-17T08:04:51.000Z</time><ele>11.88</ele></trkpt><trkpt lat="37.247643" lon="126.891458"><time>2026-05-17T08:05:54.001Z</time><ele>10.24</ele></trkpt><trkpt lat="37.24756" lon="126.891487"><time>2026-05-17T08:06:13.001Z</time><ele>14.24</ele></trkpt><trkpt lat="37.247569" lon="126.891547"><time>2026-05-17T08:06:16.001Z</time><ele>12.77</ele></trkpt><trkpt lat="37.247497" lon="126.891538"><time>2026-05-17T08:06:23.001Z</time><ele>12.87</ele></trkpt><trkpt lat="37.247535" lon="126.891589"><time>2026-05-17T08:06:26.001Z</time><ele>12.43</ele></trkpt><trkpt lat="37.247543" lon="126.891533"><time>2026-05-17T08:06:31.001Z</time><ele>12.73</ele></trkpt><trkpt lat="37.247497" lon="126.891525"><time>2026-05-17T08:06:43.001Z</time><ele>12.47</ele></trkpt><trkpt lat="37.247486" lon="126.891591"><time>2026-05-17T08:13:21.000Z</time><ele>12.83</ele></trkpt><trkpt lat="37.247526" lon="126.89156"><time>2026-05-17T08:13:43.000Z</time><ele>12.03</ele></trkpt><trkpt lat="37.247475" lon="126.891592"><time>2026-05-17T08:15:04.001Z</time><ele>13</ele></trkpt><trkpt lat="37.247509" lon="126.891638"><time>2026-05-17T08:15:41.000Z</time><ele>12.78</ele></trkpt><trkpt lat="37.248436" lon="126.892861"><time>2026-05-17T08:15:59.000Z</time><ele>14.5</ele></trkpt><trkpt lat="37.248489" lon="126.892996"><time>2026-05-17T08:16:00.001Z</time><ele>14.38</ele></trkpt><trkpt lat="37.248537" lon="126.893146"><time>2026-05-17T08:16:01.001Z</time><ele>14.41</ele></trkpt><trkpt lat="37.248587" lon="126.893289"><time>2026-05-17T08:16:02.001Z</time><ele>14.52</ele></trkpt><trkpt lat="37.24864" lon="126.893434"><time>2026-05-17T08:16:03.001Z</time><ele>15.13</ele></trkpt><trkpt lat="37.248685" lon="126.893586"><time>2026-05-17T08:16:04.001Z</time><ele>15.06</ele></trkpt><trkpt lat="37.248726" lon="126.89374"><time>2026-05-17T08:16:05.001Z</time><ele>15.22</ele></trkpt><trkpt lat="37.248759" lon="126.893902"><time>2026-05-17T08:16:06.001Z</time><ele>15.62</ele></trkpt><trkpt lat="37.248784" lon="126.894057"><time>2026-05-17T08:16:07.001Z</time><ele>15.83</ele></trkpt><trkpt lat="37.248813" lon="126.8942"><time>2026-05-17T08:16:08.001Z</time><ele>16.1</ele></trkpt><trkpt lat="37.248838" lon="126.894358"><time>2026-05-17T08:16:09.001Z</time><ele>15.43</ele></trkpt><trkpt lat="37.248857" lon="126.894516"><time>2026-05-17T08:16:10.001Z</time><ele>15.22</ele></trkpt><trkpt lat="37.248879" lon="126.894679"><time>2026-05-17T08:16:11.001Z</time><ele>15.19</ele></trkpt><trkpt lat="37.248897" lon="126.894842"><time>2026-05-17T08:16:12.001Z</time><ele>15.36</ele></trkpt><trkpt lat="37.248913" lon="126.894997"><time>2026-05-17T08:16:13.001Z</time><ele>15.47</ele></trkpt><trkpt lat="37.248924" lon="126.89517"><time>2026-05-17T08:16:14.001Z</time><ele>15.19</ele></trkpt><trkpt lat="37.24893" lon="126.895357"><time>2026-05-17T08:16:15.001Z</time><ele>15.07</ele></trkpt><trkpt lat="37.248929" lon="126.895542"><time>2026-05-17T08:16:16.001Z</time><ele>14.89</ele></trkpt><trkpt lat="37.248921" lon="126.895734"><time>2026-05-17T08:16:17.001Z</time><ele>15.08</ele></trkpt><trkpt lat="37.248898" lon="126.895923"><time>2026-05-17T08:16:18.001Z</time><ele>14.83</ele></trkpt><trkpt lat="37.248872" lon="126.896111"><time>2026-05-17T08:16:19.001Z</time><ele>14.81</ele></trkpt><trkpt lat="37.248833" lon="126.896299"><time>2026-05-17T08:16:20.001Z</time><ele>14.42</ele></trkpt><trkpt lat="37.248781" lon="126.896488"><time>2026-05-17T08:16:21.001Z</time><ele>14.38</ele></trkpt><trkpt lat="37.248727" lon="126.896678"><time>2026-05-17T08:16:22.001Z</time><ele>14.41</ele></trkpt><trkpt lat="37.248666" lon="126.896859"><time>2026-05-17T08:16:23.001Z</time><ele>14.33</ele></trkpt><trkpt lat="37.248597" lon="126.897038"><time>2026-05-17T08:16:24.001Z</time><ele>14.55</ele></trkpt><trkpt lat="37.248526" lon="126.897205"><time>2026-05-17T08:16:25.001Z</time><ele>14.45</ele></trkpt><trkpt lat="37.248455" lon="126.897374"><time>2026-05-17T08:16:26.001Z</time><ele>14.88</ele></trkpt><trkpt lat="37.248384" lon="126.897557"><time>2026-05-17T08:16:27.001Z</time><ele>16.04</ele></trkpt><trkpt lat="37.24831" lon="126.897741"><time>2026-05-17T08:16:28.001Z</time><ele>16.53</ele></trkpt><trkpt lat="37.248237" lon="126.897931"><time>2026-05-17T08:16:29.001Z</time><ele>16.91</ele></trkpt><trkpt lat="37.24816" lon="126.898117"><time>2026-05-17T08:16:30.001Z</time><ele>17.43</ele></trkpt><trkpt lat="37.24809" lon="126.898295"><time>2026-05-17T08:16:31.001Z</time><ele>17.11</ele></trkpt><trkpt lat="37.24803" lon="126.898474"><time>2026-05-17T08:16:32.001Z</time><ele>17.19</ele></trkpt><trkpt lat="37.247974" lon="126.898644"><time>2026-05-17T08:16:33.001Z</time><ele>16.51</ele></trkpt><trkpt lat="37.247936" lon="126.898824"><time>2026-05-17T08:16:34.001Z</time><ele>16.17</ele></trkpt><trkpt lat="37.247901" lon="126.899018"><time>2026-05-17T08:16:35.001Z</time><ele>15.73</ele></trkpt><trkpt lat="37.247878" lon="126.899198"><time>2026-05-17T08:16:36.001Z</time><ele>15.67</ele></trkpt><trkpt lat="37.247865" lon="126.899385"><time>2026-05-17T08:16:37.001Z</time><ele>15.26</ele></trkpt><trkpt lat="37.247855" lon="126.899572"><time>2026-05-17T08:16:38.001Z</time><ele>14.26</ele></trkpt><trkpt lat="37.247863" lon="126.899767"><time>2026-05-17T08:16:39.001Z</time><ele>13.57</ele></trkpt><trkpt lat="37.247887" lon="126.899971"><time>2026-05-17T08:16:40.001Z</time><ele>13.74</ele></trkpt><trkpt lat="37.247915" lon="126.900182"><time>2026-05-17T08:16:41.001Z</time><ele>13.8</ele></trkpt><trkpt lat="37.247947" lon="126.900375"><time>2026-05-17T08:16:42.001Z</time><ele>13.66</ele></trkpt><trkpt lat="37.247976" lon="126.900555"><time>2026-05-17T08:16:43.001Z</time><ele>13.4</ele></trkpt><trkpt lat="37.248003" lon="126.900734"><time>2026-05-17T08:16:44.001Z</time><ele>13.92</ele></trkpt><trkpt lat="37.248034" lon="126.900918"><time>2026-05-17T08:16:45.001Z</time><ele>13.74</ele></trkpt><trkpt lat="37.248057" lon="126.9011"><time>2026-05-17T08:16:46.001Z</time><ele>13.58</ele></trkpt><trkpt lat="37.248085" lon="126.901292"><time>2026-05-17T08:16:47.001Z</time><ele>13.15</ele></trkpt><trkpt lat="37.248114" lon="126.901489"><time>2026-05-17T08:16:48.001Z</time><ele>12.84</ele></trkpt><trkpt lat="37.248147" lon="126.901698"><time>2026-05-17T08:16:49.001Z</time><ele>12.8</ele></trkpt><trkpt lat="37.248174" lon="126.901907"><time>2026-05-17T08:16:50.001Z</time><ele>12.46</ele></trkpt><trkpt lat="37.248205" lon="126.90212"><time>2026-05-17T08:16:51.001Z</time><ele>11.93</ele></trkpt><trkpt lat="37.248236" lon="126.902328"><time>2026-05-17T08:16:52.001Z</time><ele>11.64</ele></trkpt><trkpt lat="37.248269" lon="126.90253"><time>2026-05-17T08:16:53.001Z</time><ele>10.72</ele></trkpt><trkpt lat="37.248302" lon="126.902736"><time>2026-05-17T08:16:54.001Z</time><ele>10.81</ele></trkpt><trkpt lat="37.248326" lon="126.902942"><time>2026-05-17T08:16:55.001Z</time><ele>11.17</ele></trkpt><trkpt lat="37.248349" lon="126.903141"><time>2026-05-17T08:16:56.001Z</time><ele>10.34</ele></trkpt><trkpt lat="37.248373" lon="126.903345"><time>2026-05-17T08:16:57.001Z</time><ele>10.73</ele></trkpt><trkpt lat="37.248395" lon="126.903546"><time>2026-05-17T08:16:58.001Z</time><ele>10.68</ele></trkpt><trkpt lat="37.248422" lon="126.903734"><time>2026-05-17T08:16:59.001Z</time><ele>10.56</ele></trkpt><trkpt lat="37.248453" lon="126.90391"><time>2026-05-17T08:17:00.001Z</time><ele>9.91</ele></trkpt><trkpt lat="37.248476" lon="126.904091"><time>2026-05-17T08:17:01.001Z</time><ele>10.38</ele></trkpt><trkpt lat="37.248503" lon="126.904273"><time>2026-05-17T08:17:02.001Z</time><ele>10.27</ele></trkpt><trkpt lat="37.248527" lon="126.904439"><time>2026-05-17T08:17:03.001Z</time><ele>9.41</ele></trkpt><trkpt lat="37.248552" lon="126.9046"><time>2026-05-17T08:17:04.002Z</time><ele>9.38</ele></trkpt><trkpt lat="37.248569" lon="126.904757"><time>2026-05-17T08:17:05.002Z</time><ele>9.48</ele></trkpt><trkpt lat="37.248579" lon="126.904923"><time>2026-05-17T08:17:06.002Z</time><ele>9.44</ele></trkpt><trkpt lat="37.248577" lon="126.905099"><time>2026-05-17T08:17:07.002Z</time><ele>9.67</ele></trkpt><trkpt lat="37.248553" lon="126.905261"><time>2026-05-17T08:17:08.002Z</time><ele>9.71</ele></trkpt><trkpt lat="37.248505" lon="126.905423"><time>2026-05-17T08:17:09.002Z</time><ele>10.29</ele></trkpt><trkpt lat="37.248429" lon="126.90558"><time>2026-05-17T08:17:10.002Z</time><ele>10.34</ele></trkpt><trkpt lat="37.24834" lon="126.905736"><time>2026-05-17T08:17:11.002Z</time><ele>11.44</ele></trkpt><trkpt lat="37.248242" lon="126.905885"><time>2026-05-17T08:17:12.002Z</time><ele>12.64</ele></trkpt><trkpt lat="37.248151" lon="126.906017"><time>2026-05-17T08:17:13.002Z</time><ele>12.98</ele></trkpt><trkpt lat="37.248061" lon="126.906149"><time>2026-05-17T08:17:14.002Z</time><ele>13.78</ele></trkpt><trkpt lat="37.247967" lon="126.906286"><time>2026-05-17T08:17:15.002Z</time><ele>13.8</ele></trkpt><trkpt lat="37.247873" lon="126.906419"><time>2026-05-17T08:17:16.002Z</time><ele>14.46</ele></trkpt><trkpt lat="37.24779" lon="126.906541"><time>2026-05-17T08:17:17.002Z</time><ele>15.09</ele></trkpt><trkpt lat="37.247707" lon="126.906658"><time>2026-05-17T08:17:18.002Z</time><ele>15.62</ele></trkpt><trkpt lat="37.247624" lon="126.906785"><time>2026-05-17T08:17:19.002Z</time><ele>16.09</ele></trkpt><trkpt lat="37.247544" lon="126.906916"><time>2026-05-17T08:17:20.002Z</time><ele>17.06</ele></trkpt><trkpt lat="37.247471" lon="126.907059"><time>2026-05-17T08:17:21.000Z</time><ele>17.95</ele></trkpt><trkpt lat="37.247408" lon="126.907193"><time>2026-05-17T08:17:22.000Z</time><ele>18.18</ele></trkpt><trkpt lat="37.24734" lon="126.907328"><time>2026-05-17T08:17:23.000Z</time><ele>17.98</ele></trkpt><trkpt lat="37.247264" lon="126.90747"><time>2026-05-17T08:17:24.000Z</time><ele>18.54</ele></trkpt><trkpt lat="37.24722" lon="126.907642"><time>2026-05-17T08:17:25.000Z</time><ele>18.8</ele></trkpt><trkpt lat="37.247118" lon="126.907778"><time>2026-05-17T08:17:26.000Z</time><ele>19.33</ele></trkpt><trkpt lat="37.24706" lon="126.907961"><time>2026-05-17T08:17:27.000Z</time><ele>18.88</ele></trkpt><trkpt lat="37.246988" lon="126.908187"><time>2026-05-17T08:17:28.000Z</time><ele>19.2</ele></trkpt><trkpt lat="37.246891" lon="126.908398"><time>2026-05-17T08:17:29.000Z</time><ele>19.85</ele></trkpt><trkpt lat="37.246792" lon="126.908623"><time>2026-05-17T08:17:30.000Z</time><ele>20.32</ele></trkpt><trkpt lat="37.246696" lon="126.908855"><time>2026-05-17T08:17:31.000Z</time><ele>20.47</ele></trkpt><trkpt lat="37.246415" lon="126.909666"><time>2026-05-17T08:17:34.000Z</time><ele>21.96</ele></trkpt><trkpt lat="37.246339" lon="126.909937"><time>2026-05-17T08:17:35.000Z</time><ele>21.7</ele></trkpt><trkpt lat="37.246272" lon="126.91021"><time>2026-05-17T08:17:36.000Z</time><ele>21.85</ele></trkpt><trkpt lat="37.246213" lon="126.910484"><time>2026-05-17T08:17:37.000Z</time><ele>21.52</ele></trkpt><trkpt lat="37.246159" lon="126.910749"><time>2026-05-17T08:17:38.000Z</time><ele>21.69</ele></trkpt><trkpt lat="37.246105" lon="126.911012"><time>2026-05-17T08:17:39.000Z</time><ele>20.81</ele></trkpt><trkpt lat="37.246055" lon="126.91129"><time>2026-05-17T08:17:40.000Z</time><ele>21.2</ele></trkpt><trkpt lat="37.246007" lon="126.911561"><time>2026-05-17T08:17:41.000Z</time><ele>19.88</ele></trkpt><trkpt lat="37.245959" lon="126.911823"><time>2026-05-17T08:17:42.000Z</time><ele>19.53</ele></trkpt><trkpt lat="37.245914" lon="126.912086"><time>2026-05-17T08:17:43.000Z</time><ele>18.93</ele></trkpt><trkpt lat="37.245864" lon="126.912356"><time>2026-05-17T08:17:44.000Z</time><ele>18.96</ele></trkpt><trkpt lat="37.245815" lon="126.912637"><time>2026-05-17T08:17:45.000Z</time><ele>19.1</ele></trkpt><trkpt lat="37.245761" lon="126.91293"><time>2026-05-17T08:17:46.000Z</time><ele>18.94</ele></trkpt><trkpt lat="37.245706" lon="126.913234"><time>2026-05-17T08:17:47.000Z</time><ele>19.24</ele></trkpt><trkpt lat="37.245648" lon="126.913541"><time>2026-05-17T08:17:48.000Z</time><ele>18.82</ele></trkpt><trkpt lat="37.245572" lon="126.913859"><time>2026-05-17T08:17:49.000Z</time><ele>18.56</ele></trkpt><trkpt lat="37.245497" lon="126.914187"><time>2026-05-17T08:17:50.000Z</time><ele>17.73</ele></trkpt><trkpt lat="37.245449" lon="126.914532"><time>2026-05-17T08:17:51.000Z</time><ele>17.32</ele></trkpt><trkpt lat="37.245383" lon="126.914879"><time>2026-05-17T08:17:52.000Z</time><ele>17.22</ele></trkpt><trkpt lat="37.24532" lon="126.915231"><time>2026-05-17T08:17:53.000Z</time><ele>17.8</ele></trkpt><trkpt lat="37.245259" lon="126.915582"><time>2026-05-17T08:17:54.000Z</time><ele>17.89</ele></trkpt><trkpt lat="37.245201" lon="126.915922"><time>2026-05-17T08:17:55.000Z</time><ele>17.77</ele></trkpt><trkpt lat="37.24514" lon="126.916263"><time>2026-05-17T08:17:56.000Z</time><ele>17.96</ele></trkpt><trkpt lat="37.245081" lon="126.916582"><time>2026-05-17T08:17:57.000Z</time><ele>17.46</ele></trkpt><trkpt lat="37.245026" lon="126.916886"><time>2026-05-17T08:17:58.000Z</time><ele>17.17</ele></trkpt><trkpt lat="37.244974" lon="126.917184"><time>2026-05-17T08:17:59.000Z</time><ele>17.24</ele></trkpt><trkpt lat="37.244918" lon="126.917478"><time>2026-05-17T08:18:00.000Z</time><ele>17.06</ele></trkpt><trkpt lat="37.244866" lon="126.91776"><time>2026-05-17T08:18:01.000Z</time><ele>17.29</ele></trkpt><trkpt lat="37.244816" lon="126.918043"><time>2026-05-17T08:18:02.000Z</time><ele>16.83</ele></trkpt><trkpt lat="37.244765" lon="126.918349"><time>2026-05-17T08:18:03.000Z</time><ele>17.1</ele></trkpt><trkpt lat="37.244729" lon="126.918664"><time>2026-05-17T08:18:04.000Z</time><ele>16.82</ele></trkpt><trkpt lat="37.244673" lon="126.918974"><time>2026-05-17T08:18:05.000Z</time><ele>16.82</ele></trkpt><trkpt lat="37.24462" lon="126.919286"><time>2026-05-17T08:18:06.000Z</time><ele>17.02</ele></trkpt><trkpt lat="37.244567" lon="126.919598"><time>2026-05-17T08:18:07.000Z</time><ele>16.57</ele></trkpt><trkpt lat="37.244503" lon="126.91992"><time>2026-05-17T08:18:08.000Z</time><ele>17.19</ele></trkpt><trkpt lat="37.244445" lon="126.920241"><time>2026-05-17T08:18:09.000Z</time><ele>17.74</ele></trkpt><trkpt lat="37.244386" lon="126.920563"><time>2026-05-17T08:18:10.001Z</time><ele>17.26</ele></trkpt><trkpt lat="37.244324" lon="126.920897"><time>2026-05-17T08:18:11.001Z</time><ele>17.84</ele></trkpt><trkpt lat="37.24426" lon="126.921242"><time>2026-05-17T08:18:12.001Z</time><ele>17.93</ele></trkpt><trkpt lat="37.244195" lon="126.921584"><time>2026-05-17T08:18:13.001Z</time><ele>17.71</ele></trkpt><trkpt lat="37.244122" lon="126.921924"><time>2026-05-17T08:18:14.001Z</time><ele>17.84</ele></trkpt><trkpt lat="37.244048" lon="126.922266"><time>2026-05-17T08:18:15.001Z</time><ele>18.53</ele></trkpt><trkpt lat="37.243988" lon="126.922614"><time>2026-05-17T08:18:16.001Z</time><ele>19.43</ele></trkpt><trkpt lat="37.243927" lon="126.922962"><time>2026-05-17T08:18:17.001Z</time><ele>19.85</ele></trkpt><trkpt lat="37.243869" lon="126.923312"><time>2026-05-17T08:18:18.001Z</time><ele>20.71</ele></trkpt><trkpt lat="37.243823" lon="126.923666"><time>2026-05-17T08:18:19.001Z</time><ele>21.57</ele></trkpt><trkpt lat="37.243552" lon="126.924029"><time>2026-05-17T08:18:20.001Z</time><ele>22.45</ele></trkpt><trkpt lat="37.243566" lon="126.92437"><time>2026-05-17T08:18:21.001Z</time><ele>22.83</ele></trkpt><trkpt lat="37.243585" lon="126.924715"><time>2026-05-17T08:18:22.001Z</time><ele>22.73</ele></trkpt><trkpt lat="37.243673" lon="126.92505"><time>2026-05-17T08:18:23.001Z</time><ele>22.61</ele></trkpt><trkpt lat="37.243644" lon="126.925402"><time>2026-05-17T08:18:24.001Z</time><ele>22.02</ele></trkpt><trkpt lat="37.243619" lon="126.925753"><time>2026-05-17T08:18:25.001Z</time><ele>21.6</ele></trkpt><trkpt lat="37.243588" lon="126.926107"><time>2026-05-17T08:18:26.001Z</time><ele>21.87</ele></trkpt><trkpt lat="37.243562" lon="126.926461"><time>2026-05-17T08:18:27.001Z</time><ele>21.64</ele></trkpt><trkpt lat="37.243543" lon="126.926819"><time>2026-05-17T08:18:28.001Z</time><ele>21.64</ele></trkpt><trkpt lat="37.24353" lon="126.927181"><time>2026-05-17T08:18:29.001Z</time><ele>21.34</ele></trkpt><trkpt lat="37.243519" lon="126.927542"><time>2026-05-17T08:18:30.001Z</time><ele>21.07</ele></trkpt><trkpt lat="37.243511" lon="126.927898"><time>2026-05-17T08:18:31.001Z</time><ele>20.48</ele></trkpt><trkpt lat="37.2435" lon="126.92825"><time>2026-05-17T08:18:32.001Z</time><ele>19.87</ele></trkpt><trkpt lat="37.243504" lon="126.928601"><time>2026-05-17T08:18:33.001Z</time><ele>19.56</ele></trkpt><trkpt lat="37.243507" lon="126.928956"><time>2026-05-17T08:18:34.001Z</time><ele>19.09</ele></trkpt><trkpt lat="37.243518" lon="126.929317"><time>2026-05-17T08:18:35.001Z</time><ele>18.36</ele></trkpt><trkpt lat="37.243536" lon="126.929691"><time>2026-05-17T08:18:36.001Z</time><ele>18.39</ele></trkpt><trkpt lat="37.243547" lon="126.930062"><time>2026-05-17T08:18:37.001Z</time><ele>18.49</ele></trkpt><trkpt lat="37.243551" lon="126.930436"><time>2026-05-17T08:18:38.001Z</time><ele>18.57</ele></trkpt><trkpt lat="37.243554" lon="126.930813"><time>2026-05-17T08:18:39.001Z</time><ele>19.44</ele></trkpt><trkpt lat="37.243557" lon="126.931184"><time>2026-05-17T08:18:40.001Z</time><ele>19.65</ele></trkpt><trkpt lat="37.243555" lon="126.931553"><time>2026-05-17T08:18:41.001Z</time><ele>20.56</ele></trkpt><trkpt lat="37.24356" lon="126.931926"><time>2026-05-17T08:18:42.001Z</time><ele>21.84</ele></trkpt><trkpt lat="37.243567" lon="126.932293"><time>2026-05-17T08:18:43.001Z</time><ele>22.61</ele></trkpt><trkpt lat="37.243569" lon="126.93266"><time>2026-05-17T08:18:44.001Z</time><ele>23.15</ele></trkpt><trkpt lat="37.243571" lon="126.933024"><time>2026-05-17T08:18:45.001Z</time><ele>23.8</ele></trkpt><trkpt lat="37.243574" lon="126.93339"><time>2026-05-17T08:18:46.001Z</time><ele>24.33</ele></trkpt><trkpt lat="37.243579" lon="126.933757"><time>2026-05-17T08:18:47.001Z</time><ele>24.81</ele></trkpt><trkpt lat="37.24358" lon="126.934123"><time>2026-05-17T08:18:48.001Z</time><ele>25.52</ele></trkpt><trkpt lat="37.243586" lon="126.934495"><time>2026-05-17T08:18:49.001Z</time><ele>25.23</ele></trkpt><trkpt lat="37.243588" lon="126.934865"><time>2026-05-17T08:18:50.001Z</time><ele>25.37</ele></trkpt><trkpt lat="37.243592" lon="126.935242"><time>2026-05-17T08:18:51.001Z</time><ele>25.18</ele></trkpt><trkpt lat="37.243592" lon="126.935618"><time>2026-05-17T08:18:52.001Z</time><ele>24.43</ele></trkpt><trkpt lat="37.243599" lon="126.935987"><time>2026-05-17T08:18:53.001Z</time><ele>24.53</ele></trkpt><trkpt lat="37.243603" lon="126.936359"><time>2026-05-17T08:18:54.001Z</time><ele>24.37</ele></trkpt><trkpt lat="37.243607" lon="126.936733"><time>2026-05-17T08:18:55.001Z</time><ele>24.05</ele></trkpt><trkpt lat="37.243617" lon="126.937101"><time>2026-05-17T08:18:56.001Z</time><ele>23.62</ele></trkpt><trkpt lat="37.243624" lon="126.937478"><time>2026-05-17T08:18:57.001Z</time><ele>23.25</ele></trkpt><trkpt lat="37.243619" lon="126.937854"><time>2026-05-17T08:18:58.001Z</time><ele>22.38</ele></trkpt><trkpt lat="37.243621" lon="126.938231"><time>2026-05-17T08:18:59.001Z</time><ele>21.5</ele></trkpt><trkpt lat="37.243621" lon="126.938604"><time>2026-05-17T08:19:00.001Z</time><ele>20.95</ele></trkpt><trkpt lat="37.243622" lon="126.938972"><time>2026-05-17T08:19:01.001Z</time><ele>20.07</ele></trkpt><trkpt lat="37.243625" lon="126.939342"><time>2026-05-17T08:19:02.001Z</time><ele>19.8</ele></trkpt><trkpt lat="37.243625" lon="126.939704"><time>2026-05-17T08:19:03.001Z</time><ele>19.44</ele></trkpt><trkpt lat="37.243629" lon="126.940038"><time>2026-05-17T08:19:04.001Z</time><ele>18.4</ele></trkpt><trkpt lat="37.243632" lon="126.94035"><time>2026-05-17T08:19:05.001Z</time><ele>17.81</ele></trkpt><trkpt lat="37.24363" lon="126.940651"><time>2026-05-17T08:19:06.001Z</time><ele>17.56</ele></trkpt><trkpt lat="37.243631" lon="126.940944"><time>2026-05-17T08:19:07.001Z</time><ele>16.92</ele></trkpt><trkpt lat="37.243631" lon="126.941229"><time>2026-05-17T08:19:08.001Z</time><ele>16.4</ele></trkpt><trkpt lat="37.243625" lon="126.9415"><time>2026-05-17T08:19:09.001Z</time><ele>16.56</ele></trkpt><trkpt lat="37.243625" lon="126.941766"><time>2026-05-17T08:19:10.002Z</time><ele>16.53</ele></trkpt><trkpt lat="37.243621" lon="126.942047"><time>2026-05-17T08:19:11.013Z</time><ele>17.41</ele></trkpt><trkpt lat="37.24362" lon="126.942328"><time>2026-05-17T08:19:12.013Z</time><ele>17.83</ele></trkpt><trkpt lat="37.24362" lon="126.942612"><time>2026-05-17T08:19:13.016Z</time><ele>18.08</ele></trkpt><trkpt lat="37.243622" lon="126.942891"><time>2026-05-17T08:19:14.012Z</time><ele>18.06</ele></trkpt><trkpt lat="37.243715" lon="126.943567"><time>2026-05-17T08:19:17.002Z</time><ele>15.39</ele></trkpt><trkpt lat="37.243633" lon="126.943861"><time>2026-05-17T08:19:18.002Z</time><ele>20.3</ele></trkpt><trkpt lat="37.243637" lon="126.944053"><time>2026-05-17T08:19:19.002Z</time><ele>19.32</ele></trkpt><trkpt lat="37.243647" lon="126.944253"><time>2026-05-17T08:19:20.002Z</time><ele>21.08</ele></trkpt><trkpt lat="37.243645" lon="126.944442"><time>2026-05-17T08:19:21.002Z</time><ele>20.54</ele></trkpt><trkpt lat="37.243653" lon="126.94463"><time>2026-05-17T08:19:22.002Z</time><ele>20.85</ele></trkpt><trkpt lat="37.243657" lon="126.944822"><time>2026-05-17T08:19:23.002Z</time><ele>20.33</ele></trkpt><trkpt lat="37.243656" lon="126.945005"><time>2026-05-17T08:19:24.002Z</time><ele>20.03</ele></trkpt><trkpt lat="37.243658" lon="126.945187"><time>2026-05-17T08:19:25.002Z</time><ele>20.14</ele></trkpt><trkpt lat="37.243655" lon="126.945377"><time>2026-05-17T08:19:26.002Z</time><ele>20.62</ele></trkpt><trkpt lat="37.243632" lon="126.945569"><time>2026-05-17T08:19:27.000Z</time><ele>20.49</ele></trkpt><trkpt lat="37.243629" lon="126.94573"><time>2026-05-17T08:19:28.000Z</time><ele>20.12</ele></trkpt><trkpt lat="37.243629" lon="126.945872"><time>2026-05-17T08:19:29.000Z</time><ele>20.12</ele></trkpt><trkpt lat="37.243631" lon="126.945986"><time>2026-05-17T08:19:30.000Z</time><ele>19.99</ele></trkpt><trkpt lat="37.243632" lon="126.946063"><time>2026-05-17T08:19:31.000Z</time><ele>20.17</ele></trkpt><trkpt lat="37.243638" lon="126.946146"><time>2026-05-17T08:19:33.000Z</time><ele>19.82</ele></trkpt><trkpt lat="37.243644" lon="126.946245"><time>2026-05-17T08:19:54.000Z</time><ele>23.38</ele></trkpt><trkpt lat="37.243641" lon="126.946334"><time>2026-05-17T08:19:55.000Z</time><ele>23.2</ele></trkpt><trkpt lat="37.243639" lon="126.946437"><time>2026-05-17T08:19:56.000Z</time><ele>23.07</ele></trkpt><trkpt lat="37.243641" lon="126.94655"><time>2026-05-17T08:19:57.000Z</time><ele>23.2</ele></trkpt><trkpt lat="37.243637" lon="126.946678"><time>2026-05-17T08:19:58.000Z</time><ele>23.52</ele></trkpt><trkpt lat="37.243635" lon="126.946823"><time>2026-05-17T08:19:59.000Z</time><ele>23.81</ele></trkpt><trkpt lat="37.243641" lon="126.94697"><time>2026-05-17T08:20:00.000Z</time><ele>24.25</ele></trkpt><trkpt lat="37.243641" lon="126.947124"><time>2026-05-17T08:20:01.000Z</time><ele>24.46</ele></trkpt><trkpt lat="37.24364" lon="126.947281"><time>2026-05-17T08:20:02.000Z</time><ele>24.38</ele></trkpt><trkpt lat="37.243642" lon="126.947438"><time>2026-05-17T08:20:03.000Z</time><ele>24.45</ele></trkpt><trkpt lat="37.243647" lon="126.947603"><time>2026-05-17T08:20:04.000Z</time><ele>24.07</ele></trkpt><trkpt lat="37.243644" lon="126.94777"><time>2026-05-17T08:20:05.000Z</time><ele>24.74</ele></trkpt><trkpt lat="37.243641" lon="126.947934"><time>2026-05-17T08:20:06.000Z</time><ele>24.37</ele></trkpt><trkpt lat="37.243638" lon="126.94811"><time>2026-05-17T08:20:07.000Z</time><ele>24.91</ele></trkpt><trkpt lat="37.243641" lon="126.948283"><time>2026-05-17T08:20:08.000Z</time><ele>24.95</ele></trkpt><trkpt lat="37.243644" lon="126.948451"><time>2026-05-17T08:20:09.000Z</time><ele>25.03</ele></trkpt><trkpt lat="37.243644" lon="126.948619"><time>2026-05-17T08:20:10.000Z</time><ele>24.65</ele></trkpt><trkpt lat="37.243641" lon="126.94879"><time>2026-05-17T08:20:11.000Z</time><ele>24.77</ele></trkpt><trkpt lat="37.243642" lon="126.948971"><time>2026-05-17T08:20:12.000Z</time><ele>25.29</ele></trkpt><trkpt lat="37.243636" lon="126.949149"><time>2026-05-17T08:20:13.000Z</time><ele>25.47</ele></trkpt><trkpt lat="37.243635" lon="126.94933"><time>2026-05-17T08:20:14.000Z</time><ele>25.54</ele></trkpt><trkpt lat="37.243634" lon="126.949507"><time>2026-05-17T08:20:15.000Z</time><ele>25.82</ele></trkpt><trkpt lat="37.243628" lon="126.949687"><time>2026-05-17T08:20:16.001Z</time><ele>25.97</ele></trkpt><trkpt lat="37.24362" lon="126.949871"><time>2026-05-17T08:20:17.001Z</time><ele>27.23</ele></trkpt><trkpt lat="37.243609" lon="126.950055"><time>2026-05-17T08:20:18.001Z</time><ele>28.23</ele></trkpt><trkpt lat="37.243599" lon="126.950251"><time>2026-05-17T08:20:19.001Z</time><ele>29.32</ele></trkpt><trkpt lat="37.243581" lon="126.950458"><time>2026-05-17T08:20:20.001Z</time><ele>30.4</ele></trkpt><trkpt lat="37.24357" lon="126.950673"><time>2026-05-17T08:20:21.001Z</time><ele>30.75</ele></trkpt><trkpt lat="37.243561" lon="126.950885"><time>2026-05-17T08:20:22.001Z</time><ele>32.27</ele></trkpt><trkpt lat="37.243544" lon="126.951098"><time>2026-05-17T08:20:23.001Z</time><ele>33.02</ele></trkpt><trkpt lat="37.24353" lon="126.951307"><time>2026-05-17T08:20:24.001Z</time><ele>33.66</ele></trkpt><trkpt lat="37.2435" lon="126.951518"><time>2026-05-17T08:20:25.001Z</time><ele>34.38</ele></trkpt><trkpt lat="37.243478" lon="126.951724"><time>2026-05-17T08:20:26.001Z</time><ele>34.81</ele></trkpt><trkpt lat="37.243457" lon="126.951926"><time>2026-05-17T08:20:27.001Z</time><ele>35.63</ele></trkpt><trkpt lat="37.243437" lon="126.952137"><time>2026-05-17T08:20:28.001Z</time><ele>36.55</ele></trkpt><trkpt lat="37.243415" lon="126.952348"><time>2026-05-17T08:20:29.001Z</time><ele>37.16</ele></trkpt><trkpt lat="37.243392" lon="126.952568"><time>2026-05-17T08:20:30.001Z</time><ele>37.91</ele></trkpt><trkpt lat="37.243375" lon="126.952777"><time>2026-05-17T08:20:31.001Z</time><ele>38.51</ele></trkpt><trkpt lat="37.243361" lon="126.953031"><time>2026-05-17T08:20:32.001Z</time><ele>39.16</ele></trkpt><trkpt lat="37.243351" lon="126.95329"><time>2026-05-17T08:20:33.001Z</time><ele>39.84</ele></trkpt><trkpt lat="37.24332" lon="126.953553"><time>2026-05-17T08:20:34.001Z</time><ele>41.22</ele></trkpt><trkpt lat="37.243293" lon="126.953818"><time>2026-05-17T08:20:35.001Z</time><ele>42.16</ele></trkpt><trkpt lat="37.243266" lon="126.954071"><time>2026-05-17T08:20:36.001Z</time><ele>42.39</ele></trkpt><trkpt lat="37.243237" lon="126.954343"><time>2026-05-17T08:20:37.001Z</time><ele>43</ele></trkpt><trkpt lat="37.24321" lon="126.954611"><time>2026-05-17T08:20:38.001Z</time><ele>44.03</ele></trkpt><trkpt lat="37.243189" lon="126.954881"><time>2026-05-17T08:20:39.001Z</time><ele>46.06</ele></trkpt><trkpt lat="37.243168" lon="126.955152"><time>2026-05-17T08:20:40.001Z</time><ele>46.8</ele></trkpt><trkpt lat="37.243144" lon="126.955424"><time>2026-05-17T08:20:41.001Z</time><ele>47.12</ele></trkpt><trkpt lat="37.243116" lon="126.955683"><time>2026-05-17T08:20:42.001Z</time><ele>47.56</ele></trkpt><trkpt lat="37.243096" lon="126.955924"><time>2026-05-17T08:20:43.001Z</time><ele>48.36</ele></trkpt><trkpt lat="37.243085" lon="126.956158"><time>2026-05-17T08:20:44.001Z</time><ele>48.35</ele></trkpt><trkpt lat="37.243082" lon="126.956396"><time>2026-05-17T08:20:45.001Z</time><ele>47.55</ele></trkpt><trkpt lat="37.243093" lon="126.956634"><time>2026-05-17T08:20:46.001Z</time><ele>48.49</ele></trkpt><trkpt lat="37.243114" lon="126.956864"><time>2026-05-17T08:20:47.001Z</time><ele>48.59</ele></trkpt><trkpt lat="37.243146" lon="126.957099"><time>2026-05-17T08:20:48.001Z</time><ele>48.27</ele></trkpt><trkpt lat="37.243182" lon="126.957332"><time>2026-05-17T08:20:49.001Z</time><ele>46.81</ele></trkpt><trkpt lat="37.243233" lon="126.957567"><time>2026-05-17T08:20:50.001Z</time><ele>46.59</ele></trkpt><trkpt lat="37.243292" lon="126.957806"><time>2026-05-17T08:20:51.001Z</time><ele>46.1</ele></trkpt><trkpt lat="37.24336" lon="126.958042"><time>2026-05-17T08:20:52.001Z</time><ele>45.7</ele></trkpt><trkpt lat="37.243439" lon="126.958278"><time>2026-05-17T08:20:53.001Z</time><ele>45.67</ele></trkpt><trkpt lat="37.243523" lon="126.958516"><time>2026-05-17T08:20:54.001Z</time><ele>47.09</ele></trkpt><trkpt lat="37.243624" lon="126.958745"><time>2026-05-17T08:20:55.001Z</time><ele>46.92</ele></trkpt><trkpt lat="37.243748" lon="126.958967"><time>2026-05-17T08:20:56.001Z</time><ele>47.55</ele></trkpt><trkpt lat="37.24385" lon="126.95918"><time>2026-05-17T08:20:57.001Z</time><ele>47.79</ele></trkpt><trkpt lat="37.243956" lon="126.959375"><time>2026-05-17T08:20:58.001Z</time><ele>47.95</ele></trkpt><trkpt lat="37.244048" lon="126.959553"><time>2026-05-17T08:20:59.001Z</time><ele>47.24</ele></trkpt><trkpt lat="37.244128" lon="126.959727"><time>2026-05-17T08:21:00.001Z</time><ele>45.71</ele></trkpt><trkpt lat="37.244212" lon="126.959898"><time>2026-05-17T08:21:01.001Z</time><ele>45.68</ele></trkpt><trkpt lat="37.244289" lon="126.960074"><time>2026-05-17T08:21:02.001Z</time><ele>46.5</ele></trkpt><trkpt lat="37.244367" lon="126.960239"><time>2026-05-17T08:21:03.001Z</time><ele>45.8</ele></trkpt><trkpt lat="37.244451" lon="126.960439"><time>2026-05-17T08:21:04.001Z</time><ele>45.69</ele></trkpt><trkpt lat="37.244544" lon="126.960664"><time>2026-05-17T08:21:05.001Z</time><ele>45.4</ele></trkpt><trkpt lat="37.244649" lon="126.96089"><time>2026-05-17T08:21:06.001Z</time><ele>44.77</ele></trkpt><trkpt lat="37.244765" lon="126.961136"><time>2026-05-17T08:21:07.001Z</time><ele>44.97</ele></trkpt><trkpt lat="37.244887" lon="126.961391"><time>2026-05-17T08:21:08.001Z</time><ele>43.69</ele></trkpt><trkpt lat="37.245011" lon="126.961649"><time>2026-05-17T08:21:09.001Z</time><ele>43.04</ele></trkpt><trkpt lat="37.245137" lon="126.96191"><time>2026-05-17T08:21:10.001Z</time><ele>42.1</ele></trkpt><trkpt lat="37.245264" lon="126.962171"><time>2026-05-17T08:21:11.001Z</time><ele>42.06</ele></trkpt><trkpt lat="37.245387" lon="126.962418"><time>2026-05-17T08:21:12.001Z</time><ele>41.96</ele></trkpt><trkpt lat="37.245495" lon="126.962652"><time>2026-05-17T08:21:13.001Z</time><ele>42.36</ele></trkpt><trkpt lat="37.245609" lon="126.962891"><time>2026-05-17T08:21:14.001Z</time><ele>43.11</ele></trkpt><trkpt lat="37.245714" lon="126.963122"><time>2026-05-17T08:21:15.002Z</time><ele>42.47</ele></trkpt><trkpt lat="37.245812" lon="126.963339"><time>2026-05-17T08:21:16.002Z</time><ele>42.17</ele></trkpt><trkpt lat="37.245907" lon="126.963551"><time>2026-05-17T08:21:17.002Z</time><ele>40.77</ele></trkpt><trkpt lat="37.245982" lon="126.963757"><time>2026-05-17T08:21:18.002Z</time><ele>41.83</ele></trkpt><trkpt lat="37.246047" lon="126.963951"><time>2026-05-17T08:21:19.002Z</time><ele>42.08</ele></trkpt><trkpt lat="37.246106" lon="126.964136"><time>2026-05-17T08:21:20.002Z</time><ele>41.75</ele></trkpt><trkpt lat="37.246147" lon="126.964308"><time>2026-05-17T08:21:21.002Z</time><ele>40.27</ele></trkpt><trkpt lat="37.246247" lon="126.964737"><time>2026-05-17T08:21:24.002Z</time><ele>41.66</ele></trkpt><trkpt lat="37.246274" lon="126.964839"><time>2026-05-17T08:21:25.002Z</time><ele>42.23</ele></trkpt><trkpt lat="37.24629" lon="126.964937"><time>2026-05-17T08:21:26.002Z</time><ele>42.33</ele></trkpt><trkpt lat="37.246304" lon="126.965031"><time>2026-05-17T08:21:27.002Z</time><ele>43.51</ele></trkpt><trkpt lat="37.246326" lon="126.965102"><time>2026-05-17T08:21:28.002Z</time><ele>43.11</ele></trkpt><trkpt lat="37.246343" lon="126.965155"><time>2026-05-17T08:21:29.002Z</time><ele>42.81</ele></trkpt><trkpt lat="37.246354" lon="126.965213"><time>2026-05-17T08:21:30.002Z</time><ele>43.22</ele></trkpt><trkpt lat="37.246404" lon="126.965274"><time>2026-05-17T08:21:32.002Z</time><ele>43.45</ele></trkpt><trkpt lat="37.246406" lon="126.965332"><time>2026-05-17T08:22:08.000Z</time><ele>47.99</ele></trkpt><trkpt lat="37.246427" lon="126.965407"><time>2026-05-17T08:22:57.001Z</time><ele>46.65</ele></trkpt><trkpt lat="37.246454" lon="126.965491"><time>2026-05-17T08:22:59.001Z</time><ele>46.27</ele></trkpt><trkpt lat="37.246489" lon="126.965579"><time>2026-05-17T08:23:01.001Z</time><ele>45.62</ele></trkpt><trkpt lat="37.246509" lon="126.96563"><time>2026-05-17T08:23:02.001Z</time><ele>45.25</ele></trkpt><trkpt lat="37.246525" lon="126.965697"><time>2026-05-17T08:23:03.001Z</time><ele>44.73</ele></trkpt><trkpt lat="37.246547" lon="126.965763"><time>2026-05-17T08:23:04.001Z</time><ele>44.29</ele></trkpt><trkpt lat="37.246568" lon="126.965827"><time>2026-05-17T08:23:05.001Z</time><ele>43.83</ele></trkpt><trkpt lat="37.246587" lon="126.965898"><time>2026-05-17T08:23:06.001Z</time><ele>43.18</ele></trkpt><trkpt lat="37.246609" lon="126.965975"><time>2026-05-17T08:23:07.001Z</time><ele>42.48</ele></trkpt><trkpt lat="37.246634" lon="126.966061"><time>2026-05-17T08:23:08.001Z</time><ele>41.78</ele></trkpt><trkpt lat="37.24666" lon="126.966156"><time>2026-05-17T08:23:09.001Z</time><ele>40.9</ele></trkpt><trkpt lat="37.246687" lon="126.966262"><time>2026-05-17T08:23:10.001Z</time><ele>40.14</ele></trkpt><trkpt lat="37.246713" lon="126.96636"><time>2026-05-17T08:23:11.001Z</time><ele>39.76</ele></trkpt><trkpt lat="37.246738" lon="126.966451"><time>2026-05-17T08:23:12.001Z</time><ele>39.28</ele></trkpt><trkpt lat="37.246765" lon="126.966537"><time>2026-05-17T08:23:13.002Z</time><ele>38.42</ele></trkpt><trkpt lat="37.246788" lon="126.966623"><time>2026-05-17T08:23:14.002Z</time><ele>38.01</ele></trkpt><trkpt lat="37.246818" lon="126.966725"><time>2026-05-17T08:23:15.002Z</time><ele>37.32</ele></trkpt><trkpt lat="37.246851" lon="126.966837"><time>2026-05-17T08:23:16.002Z</time><ele>36.67</ele></trkpt><trkpt lat="37.246881" lon="126.966952"><time>2026-05-17T08:23:17.002Z</time><ele>36.02</ele></trkpt><trkpt lat="37.246911" lon="126.967063"><time>2026-05-17T08:23:18.002Z</time><ele>35.56</ele></trkpt><trkpt lat="37.246943" lon="126.967179"><time>2026-05-17T08:23:19.002Z</time><ele>35.2</ele></trkpt><trkpt lat="37.246974" lon="126.96729"><time>2026-05-17T08:23:20.002Z</time><ele>35.14</ele></trkpt><trkpt lat="37.247003" lon="126.967404"><time>2026-05-17T08:23:21.002Z</time><ele>33.8</ele></trkpt><trkpt lat="37.247043" lon="126.967529"><time>2026-05-17T08:23:22.002Z</time><ele>33.43</ele></trkpt><trkpt lat="37.24709" lon="126.967678"><time>2026-05-17T08:23:23.002Z</time><ele>34.18</ele></trkpt><trkpt lat="37.247136" lon="126.96783"><time>2026-05-17T08:23:24.002Z</time><ele>34.14</ele></trkpt><trkpt lat="37.247177" lon="126.967975"><time>2026-05-17T08:23:25.002Z</time><ele>33.19</ele></trkpt><trkpt lat="37.247213" lon="126.968111"><time>2026-05-17T08:23:26.002Z</time><ele>32.9</ele></trkpt><trkpt lat="37.247251" lon="126.968244"><time>2026-05-17T08:23:27.002Z</time><ele>32.49</ele></trkpt><trkpt lat="37.24729" lon="126.968381"><time>2026-05-17T08:23:28.002Z</time><ele>32.07</ele></trkpt><trkpt lat="37.247327" lon="126.968526"><time>2026-05-17T08:23:29.002Z</time><ele>31.73</ele></trkpt><trkpt lat="37.247369" lon="126.968674"><time>2026-05-17T08:23:30.002Z</time><ele>32.15</ele></trkpt><trkpt lat="37.24741" lon="126.968818"><time>2026-05-17T08:23:31.002Z</time><ele>31.41</ele></trkpt><trkpt lat="37.247452" lon="126.968959"><time>2026-05-17T08:23:32.002Z</time><ele>32.1</ele></trkpt><trkpt lat="37.247488" lon="126.969091"><time>2026-05-17T08:23:33.002Z</time><ele>31.15</ele></trkpt><trkpt lat="37.247524" lon="126.969219"><time>2026-05-17T08:23:34.002Z</time><ele>30.9</ele></trkpt><trkpt lat="37.24756" lon="126.969349"><time>2026-05-17T08:23:35.002Z</time><ele>30.54</ele></trkpt><trkpt lat="37.247598" lon="126.969478"><time>2026-05-17T08:23:36.002Z</time><ele>31.26</ele></trkpt><trkpt lat="37.247636" lon="126.969605"><time>2026-05-17T08:23:37.002Z</time><ele>30.86</ele></trkpt><trkpt lat="37.247677" lon="126.969736"><time>2026-05-17T08:23:38.002Z</time><ele>31.63</ele></trkpt><trkpt lat="37.247718" lon="126.969872"><time>2026-05-17T08:23:39.000Z</time><ele>31.63</ele></trkpt><trkpt lat="37.247756" lon="126.970014"><time>2026-05-17T08:23:40.000Z</time><ele>31.81</ele></trkpt><trkpt lat="37.247799" lon="126.970164"><time>2026-05-17T08:23:41.000Z</time><ele>30.8</ele></trkpt><trkpt lat="37.247844" lon="126.970314"><time>2026-05-17T08:23:42.000Z</time><ele>30.2</ele></trkpt><trkpt lat="37.247883" lon="126.970462"><time>2026-05-17T08:23:43.000Z</time><ele>30.22</ele></trkpt><trkpt lat="37.247931" lon="126.970623"><time>2026-05-17T08:23:44.000Z</time><ele>30.51</ele></trkpt><trkpt lat="37.247993" lon="126.970797"><time>2026-05-17T08:23:45.000Z</time><ele>30.3</ele></trkpt><trkpt lat="37.24806" lon="126.970993"><time>2026-05-17T08:23:46.000Z</time><ele>30.64</ele></trkpt><trkpt lat="37.248117" lon="126.971222"><time>2026-05-17T08:23:47.000Z</time><ele>31.12</ele></trkpt><trkpt lat="37.248186" lon="126.971453"><time>2026-05-17T08:23:48.000Z</time><ele>31.18</ele></trkpt><trkpt lat="37.248248" lon="126.971686"><time>2026-05-17T08:23:49.000Z</time><ele>30.97</ele></trkpt><trkpt lat="37.248321" lon="126.971938"><time>2026-05-17T08:23:50.000Z</time><ele>30.95</ele></trkpt><trkpt lat="37.248396" lon="126.97221"><time>2026-05-17T08:23:51.000Z</time><ele>31.32</ele></trkpt><trkpt lat="37.248476" lon="126.97249"><time>2026-05-17T08:23:52.000Z</time><ele>30.94</ele></trkpt><trkpt lat="37.248555" lon="126.972772"><time>2026-05-17T08:23:53.000Z</time><ele>30.6</ele></trkpt><trkpt lat="37.248629" lon="126.973051"><time>2026-05-17T08:23:54.000Z</time><ele>30.27</ele></trkpt><trkpt lat="37.248702" lon="126.973328"><time>2026-05-17T08:23:55.000Z</time><ele>29.83</ele></trkpt><trkpt lat="37.248769" lon="126.973602"><time>2026-05-17T08:23:56.000Z</time><ele>30.13</ele></trkpt><trkpt lat="37.248832" lon="126.973857"><time>2026-05-17T08:23:57.000Z</time><ele>29.39</ele></trkpt><trkpt lat="37.248891" lon="126.974096"><time>2026-05-17T08:23:58.000Z</time><ele>28.98</ele></trkpt><trkpt lat="37.248952" lon="126.974329"><time>2026-05-17T08:23:59.000Z</time><ele>28.87</ele></trkpt><trkpt lat="37.249005" lon="126.974553"><time>2026-05-17T08:24:00.000Z</time><ele>28.94</ele></trkpt><trkpt lat="37.249051" lon="126.974773"><time>2026-05-17T08:24:01.000Z</time><ele>28.73</ele></trkpt><trkpt lat="37.249101" lon="126.974975"><time>2026-05-17T08:24:02.000Z</time><ele>27.02</ele></trkpt><trkpt lat="37.249152" lon="126.975185"><time>2026-05-17T08:24:03.000Z</time><ele>27.81</ele></trkpt><trkpt lat="37.249196" lon="126.97538"><time>2026-05-17T08:24:04.000Z</time><ele>27.15</ele></trkpt><trkpt lat="37.249256" lon="126.975544"><time>2026-05-17T08:24:05.000Z</time><ele>27.59</ele></trkpt><trkpt lat="37.249297" lon="126.975709"><time>2026-05-17T08:24:06.000Z</time><ele>28.54</ele></trkpt><trkpt lat="37.249337" lon="126.975853"><time>2026-05-17T08:24:07.000Z</time><ele>28.55</ele></trkpt><trkpt lat="37.249384" lon="126.97597"><time>2026-05-17T08:24:08.001Z</time><ele>28.6</ele></trkpt><trkpt lat="37.249405" lon="126.976066"><time>2026-05-17T08:24:09.001Z</time><ele>28.53</ele></trkpt><trkpt lat="37.249421" lon="126.976148"><time>2026-05-17T08:24:10.001Z</time><ele>27.94</ele></trkpt><trkpt lat="37.249451" lon="126.976199"><time>2026-05-17T08:24:11.001Z</time><ele>28.28</ele></trkpt><trkpt lat="37.249461" lon="126.976254"><time>2026-05-17T08:24:14.001Z</time><ele>28.18</ele></trkpt><trkpt lat="37.249475" lon="126.976344"><time>2026-05-17T08:24:22.001Z</time><ele>29.38</ele></trkpt><trkpt lat="37.249311" lon="126.976443"><time>2026-05-17T08:24:24.001Z</time><ele>29.08</ele></trkpt><trkpt lat="37.249252" lon="126.976478"><time>2026-05-17T08:24:25.001Z</time><ele>29.37</ele></trkpt><trkpt lat="37.249188" lon="126.976515"><time>2026-05-17T08:24:26.001Z</time><ele>30.45</ele></trkpt><trkpt lat="37.249128" lon="126.976554"><time>2026-05-17T08:24:27.001Z</time><ele>30.95</ele></trkpt><trkpt lat="37.249058" lon="126.976594"><time>2026-05-17T08:24:28.001Z</time><ele>31.32</ele></trkpt><trkpt lat="37.248965" lon="126.976625"><time>2026-05-17T08:24:29.001Z</time><ele>31.54</ele></trkpt><trkpt lat="37.248858" lon="126.976667"><time>2026-05-17T08:24:30.001Z</time><ele>31.76</ele></trkpt><trkpt lat="37.24874" lon="126.976717"><time>2026-05-17T08:24:31.001Z</time><ele>32.14</ele></trkpt><trkpt lat="37.248631" lon="126.976767"><time>2026-05-17T08:24:32.001Z</time><ele>32.48</ele></trkpt><trkpt lat="37.248516" lon="126.976821"><time>2026-05-17T08:24:33.001Z</time><ele>31.8</ele></trkpt><trkpt lat="37.248397" lon="126.976875"><time>2026-05-17T08:24:34.001Z</time><ele>32.19</ele></trkpt><trkpt lat="37.248281" lon="126.976928"><time>2026-05-17T08:24:35.001Z</time><ele>30.97</ele></trkpt><trkpt lat="37.248173" lon="126.976977"><time>2026-05-17T08:24:36.001Z</time><ele>30.67</ele></trkpt><trkpt lat="37.248061" lon="126.977028"><time>2026-05-17T08:24:37.001Z</time><ele>30.77</ele></trkpt><trkpt lat="37.247951" lon="126.977077"><time>2026-05-17T08:24:38.001Z</time><ele>30.96</ele></trkpt><trkpt lat="37.247846" lon="126.977129"><time>2026-05-17T08:24:39.001Z</time><ele>31.13</ele></trkpt><trkpt lat="37.247733" lon="126.977179"><time>2026-05-17T08:24:40.001Z</time><ele>30.92</ele></trkpt><trkpt lat="37.24762" lon="126.977235"><time>2026-05-17T08:24:41.001Z</time><ele>31.34</ele></trkpt><trkpt lat="37.247499" lon="126.977288"><time>2026-05-17T08:24:42.001Z</time><ele>30.74</ele></trkpt><trkpt lat="37.247381" lon="126.977348"><time>2026-05-17T08:24:43.001Z</time><ele>31.72</ele></trkpt><trkpt lat="37.247267" lon="126.977407"><time>2026-05-17T08:24:44.001Z</time><ele>31.97</ele></trkpt><trkpt lat="37.247144" lon="126.977473"><time>2026-05-17T08:24:45.001Z</time><ele>31.91</ele></trkpt><trkpt lat="37.24702" lon="126.977538"><time>2026-05-17T08:24:46.001Z</time><ele>32.46</ele></trkpt><trkpt lat="37.246897" lon="126.977605"><time>2026-05-17T08:24:47.001Z</time><ele>32.16</ele></trkpt><trkpt lat="37.246781" lon="126.977682"><time>2026-05-17T08:24:48.001Z</time><ele>32.17</ele></trkpt><trkpt lat="37.246683" lon="126.977772"><time>2026-05-17T08:24:49.001Z</time><ele>32.74</ele></trkpt><trkpt lat="37.246544" lon="126.977772"><time>2026-05-17T08:24:50.001Z</time><ele>31.9</ele></trkpt><trkpt lat="37.24644" lon="126.977816"><time>2026-05-17T08:24:51.001Z</time><ele>31.74</ele></trkpt><trkpt lat="37.246343" lon="126.977859"><time>2026-05-17T08:24:52.001Z</time><ele>31.54</ele></trkpt><trkpt lat="37.246256" lon="126.977903"><time>2026-05-17T08:24:53.001Z</time><ele>31.15</ele></trkpt><trkpt lat="37.246162" lon="126.977945"><time>2026-05-17T08:24:54.001Z</time><ele>31.12</ele></trkpt><trkpt lat="37.246067" lon="126.977989"><time>2026-05-17T08:24:55.001Z</time><ele>31.02</ele></trkpt><trkpt lat="37.245966" lon="126.978035"><time>2026-05-17T08:24:56.001Z</time><ele>31.04</ele></trkpt><trkpt lat="37.245859" lon="126.978088"><time>2026-05-17T08:24:57.001Z</time><ele>30.46</ele></trkpt><trkpt lat="37.245749" lon="126.978142"><time>2026-05-17T08:24:58.001Z</time><ele>30.31</ele></trkpt><trkpt lat="37.24564" lon="126.978196"><time>2026-05-17T08:24:59.001Z</time><ele>30.44</ele></trkpt><trkpt lat="37.24553" lon="126.978247"><time>2026-05-17T08:25:00.001Z</time><ele>29.95</ele></trkpt><trkpt lat="37.245427" lon="126.978296"><time>2026-05-17T08:25:01.001Z</time><ele>29.65</ele></trkpt><trkpt lat="37.245312" lon="126.978354"><time>2026-05-17T08:25:02.001Z</time><ele>30.05</ele></trkpt><trkpt lat="37.245184" lon="126.978411"><time>2026-05-17T08:25:03.001Z</time><ele>29.8</ele></trkpt><trkpt lat="37.245045" lon="126.978472"><time>2026-05-17T08:25:04.001Z</time><ele>30.24</ele></trkpt><trkpt lat="37.244897" lon="126.978536"><time>2026-05-17T08:25:05.001Z</time><ele>30.77</ele></trkpt><trkpt lat="37.244748" lon="126.978603"><time>2026-05-17T08:25:06.001Z</time><ele>31.21</ele></trkpt><trkpt lat="37.244601" lon="126.978666"><time>2026-05-17T08:25:07.001Z</time><ele>30.12</ele></trkpt><trkpt lat="37.244463" lon="126.978728"><time>2026-05-17T08:25:08.001Z</time><ele>30.08</ele></trkpt><trkpt lat="37.244334" lon="126.978789"><time>2026-05-17T08:25:09.001Z</time><ele>30.12</ele></trkpt><trkpt lat="37.244201" lon="126.978855"><time>2026-05-17T08:25:10.001Z</time><ele>30.11</ele></trkpt><trkpt lat="37.244071" lon="126.978913"><time>2026-05-17T08:25:11.001Z</time><ele>29.96</ele></trkpt><trkpt lat="37.243951" lon="126.978967"><time>2026-05-17T08:25:12.001Z</time><ele>29.51</ele></trkpt><trkpt lat="37.243838" lon="126.979019"><time>2026-05-17T08:25:13.001Z</time><ele>29.26</ele></trkpt><trkpt lat="37.243723" lon="126.979068"><time>2026-05-17T08:25:14.001Z</time><ele>28.97</ele></trkpt><trkpt lat="37.243598" lon="126.97912"><time>2026-05-17T08:25:15.002Z</time><ele>29.27</ele></trkpt><trkpt lat="37.243475" lon="126.97917"><time>2026-05-17T08:25:16.002Z</time><ele>29.13</ele></trkpt><trkpt lat="37.243358" lon="126.97922"><time>2026-05-17T08:25:17.002Z</time><ele>28.55</ele></trkpt><trkpt lat="37.24325" lon="126.979273"><time>2026-05-17T08:25:18.002Z</time><ele>28.43</ele></trkpt><trkpt lat="37.24314" lon="126.979325"><time>2026-05-17T08:25:19.002Z</time><ele>28.4</ele></trkpt><trkpt lat="37.243026" lon="126.97938"><time>2026-05-17T08:25:20.002Z</time><ele>28.28</ele></trkpt><trkpt lat="37.242909" lon="126.979455"><time>2026-05-17T08:25:21.002Z</time><ele>28.62</ele></trkpt><trkpt lat="37.242786" lon="126.979519"><time>2026-05-17T08:25:22.002Z</time><ele>28.03</ele></trkpt><trkpt lat="37.242664" lon="126.979587"><time>2026-05-17T08:25:23.002Z</time><ele>28.51</ele></trkpt><trkpt lat="37.242532" lon="126.979651"><time>2026-05-17T08:25:24.002Z</time><ele>28.57</ele></trkpt><trkpt lat="37.242387" lon="126.979737"><time>2026-05-17T08:25:25.002Z</time><ele>28.72</ele></trkpt><trkpt lat="37.242236" lon="126.979812"><time>2026-05-17T08:25:26.002Z</time><ele>28.82</ele></trkpt><trkpt lat="37.242091" lon="126.97988"><time>2026-05-17T08:25:27.002Z</time><ele>28.38</ele></trkpt><trkpt lat="37.241953" lon="126.979944"><time>2026-05-17T08:25:28.002Z</time><ele>28.09</ele></trkpt><trkpt lat="37.241806" lon="126.980013"><time>2026-05-17T08:25:29.002Z</time><ele>28.12</ele></trkpt><trkpt lat="37.241662" lon="126.980076"><time>2026-05-17T08:25:30.002Z</time><ele>28.33</ele></trkpt><trkpt lat="37.241512" lon="126.980141"><time>2026-05-17T08:25:31.002Z</time><ele>27.78</ele></trkpt><trkpt lat="37.241367" lon="126.980208"><time>2026-05-17T08:25:32.002Z</time><ele>28.11</ele></trkpt><trkpt lat="37.241218" lon="126.980275"><time>2026-05-17T08:25:33.002Z</time><ele>28.15</ele></trkpt><trkpt lat="37.241061" lon="126.980344"><time>2026-05-17T08:25:34.002Z</time><ele>28.58</ele></trkpt><trkpt lat="37.240898" lon="126.980414"><time>2026-05-17T08:25:35.002Z</time><ele>28.06</ele></trkpt><trkpt lat="37.240747" lon="126.980485"><time>2026-05-17T08:25:36.002Z</time><ele>28.29</ele></trkpt><trkpt lat="37.240607" lon="126.980549"><time>2026-05-17T08:25:37.002Z</time><ele>27.63</ele></trkpt><trkpt lat="37.240462" lon="126.980616"><time>2026-05-17T08:25:38.002Z</time><ele>27.54</ele></trkpt><trkpt lat="37.240315" lon="126.980685"><time>2026-05-17T08:25:39.002Z</time><ele>27.73</ele></trkpt><trkpt lat="37.240166" lon="126.980753"><time>2026-05-17T08:25:40.002Z</time><ele>27.39</ele></trkpt><trkpt lat="37.240015" lon="126.980821"><time>2026-05-17T08:25:41.002Z</time><ele>27.47</ele></trkpt><trkpt lat="37.239862" lon="126.98089"><time>2026-05-17T08:25:42.002Z</time><ele>27.22</ele></trkpt><trkpt lat="37.239712" lon="126.980962"><time>2026-05-17T08:25:43.002Z</time><ele>27.88</ele></trkpt><trkpt lat="37.239563" lon="126.981022"><time>2026-05-17T08:25:44.002Z</time><ele>27.17</ele></trkpt><trkpt lat="37.23942" lon="126.981084"><time>2026-05-17T08:25:45.000Z</time><ele>27.94</ele></trkpt><trkpt lat="37.239291" lon="126.98114"><time>2026-05-17T08:25:46.000Z</time><ele>27.1</ele></trkpt><trkpt lat="37.239183" lon="126.981187"><time>2026-05-17T08:25:47.000Z</time><ele>26.89</ele></trkpt><trkpt lat="37.239091" lon="126.981223"><time>2026-05-17T08:25:48.000Z</time><ele>26.04</ele></trkpt><trkpt lat="37.239011" lon="126.981258"><time>2026-05-17T08:25:49.000Z</time><ele>25.99</ele></trkpt><trkpt lat="37.238942" lon="126.981289"><time>2026-05-17T08:25:50.000Z</time><ele>25.63</ele></trkpt><trkpt lat="37.238878" lon="126.981315"><time>2026-05-17T08:25:51.000Z</time><ele>25.56</ele></trkpt><trkpt lat="37.238813" lon="126.981339"><time>2026-05-17T08:25:52.000Z</time><ele>25.37</ele></trkpt><trkpt lat="37.238767" lon="126.981356"><time>2026-05-17T08:25:53.000Z</time><ele>25.02</ele></trkpt><trkpt lat="37.238702" lon="126.981394"><time>2026-05-17T08:25:55.000Z</time><ele>24.99</ele></trkpt><trkpt lat="37.238651" lon="126.981413"><time>2026-05-17T08:25:59.000Z</time><ele>25.25</ele></trkpt><trkpt lat="37.238581" lon="126.981433"><time>2026-05-17T08:26:11.000Z</time><ele>25.34</ele></trkpt><trkpt lat="37.238535" lon="126.981455"><time>2026-05-17T08:26:12.000Z</time><ele>25.29</ele></trkpt><trkpt lat="37.238476" lon="126.981482"><time>2026-05-17T08:26:13.000Z</time><ele>25.46</ele></trkpt><trkpt lat="37.238425" lon="126.981509"><time>2026-05-17T08:26:14.000Z</time><ele>25.49</ele></trkpt><trkpt lat="37.238362" lon="126.981537"><time>2026-05-17T08:26:15.000Z</time><ele>25.48</ele></trkpt><trkpt lat="37.238282" lon="126.981566"><time>2026-05-17T08:26:16.000Z</time><ele>25.73</ele></trkpt><trkpt lat="37.238206" lon="126.981598"><time>2026-05-17T08:26:17.000Z</time><ele>25.63</ele></trkpt><trkpt lat="37.238119" lon="126.981641"><time>2026-05-17T08:26:18.000Z</time><ele>25.91</ele></trkpt><trkpt lat="37.238017" lon="126.981692"><time>2026-05-17T08:26:19.000Z</time><ele>26.44</ele></trkpt><trkpt lat="37.237922" lon="126.981735"><time>2026-05-17T08:26:20.000Z</time><ele>26.96</ele></trkpt><trkpt lat="37.237816" lon="126.981784"><time>2026-05-17T08:26:21.000Z</time><ele>27.33</ele></trkpt><trkpt lat="37.237706" lon="126.981842"><time>2026-05-17T08:26:22.000Z</time><ele>27.1</ele></trkpt><trkpt lat="37.237579" lon="126.9819"><time>2026-05-17T08:26:23.001Z</time><ele>28.07</ele></trkpt><trkpt lat="37.237449" lon="126.981958"><time>2026-05-17T08:26:24.001Z</time><ele>28.49</ele></trkpt><trkpt lat="37.237313" lon="126.98202"><time>2026-05-17T08:26:25.001Z</time><ele>28.49</ele></trkpt><trkpt lat="37.237173" lon="126.982087"><time>2026-05-17T08:26:26.001Z</time><ele>28.99</ele></trkpt><trkpt lat="37.237029" lon="126.982153"><time>2026-05-17T08:26:27.001Z</time><ele>29.24</ele></trkpt><trkpt lat="37.236888" lon="126.982221"><time>2026-05-17T08:26:28.001Z</time><ele>29.84</ele></trkpt><trkpt lat="37.236754" lon="126.982278"><time>2026-05-17T08:26:29.001Z</time><ele>30.06</ele></trkpt><trkpt lat="37.236628" lon="126.982336"><time>2026-05-17T08:26:30.001Z</time><ele>31.19</ele></trkpt><trkpt lat="37.236496" lon="126.982389"><time>2026-05-17T08:26:31.001Z</time><ele>30.1</ele></trkpt><trkpt lat="37.236367" lon="126.982448"><time>2026-05-17T08:26:32.001Z</time><ele>30.66</ele></trkpt><trkpt lat="37.236232" lon="126.982511"><time>2026-05-17T08:26:33.001Z</time><ele>31.65</ele></trkpt><trkpt lat="37.236094" lon="126.982574"><time>2026-05-17T08:26:34.001Z</time><ele>31.24</ele></trkpt><trkpt lat="37.235954" lon="126.982638"><time>2026-05-17T08:26:35.001Z</time><ele>31.54</ele></trkpt><trkpt lat="37.235817" lon="126.9827"><time>2026-05-17T08:26:36.001Z</time><ele>31.65</ele></trkpt><trkpt lat="37.235695" lon="126.982752"><time>2026-05-17T08:26:37.001Z</time><ele>31.62</ele></trkpt><trkpt lat="37.235584" lon="126.982811"><time>2026-05-17T08:26:38.001Z</time><ele>32.57</ele></trkpt><trkpt lat="37.235471" lon="126.982869"><time>2026-05-17T08:26:39.001Z</time><ele>32.98</ele></trkpt><trkpt lat="37.235363" lon="126.982923"><time>2026-05-17T08:26:40.001Z</time><ele>33.08</ele></trkpt><trkpt lat="37.235263" lon="126.982972"><time>2026-05-17T08:26:41.001Z</time><ele>32.84</ele></trkpt><trkpt lat="37.23517" lon="126.983016"><time>2026-05-17T08:26:42.001Z</time><ele>32.96</ele></trkpt><trkpt lat="37.235084" lon="126.983055"><time>2026-05-17T08:26:43.001Z</time><ele>33.11</ele></trkpt><trkpt lat="37.235004" lon="126.983088"><time>2026-05-17T08:26:44.001Z</time><ele>33.06</ele></trkpt><trkpt lat="37.234928" lon="126.983121"><time>2026-05-17T08:26:45.001Z</time><ele>33.05</ele></trkpt><trkpt lat="37.234847" lon="126.983159"><time>2026-05-17T08:26:46.001Z</time><ele>33.22</ele></trkpt><trkpt lat="37.234768" lon="126.983199"><time>2026-05-17T08:26:47.001Z</time><ele>33.58</ele></trkpt><trkpt lat="37.234685" lon="126.983242"><time>2026-05-17T08:26:48.001Z</time><ele>33.5</ele></trkpt><trkpt lat="37.234593" lon="126.983284"><time>2026-05-17T08:26:49.001Z</time><ele>33.37</ele></trkpt><trkpt lat="37.234498" lon="126.98333"><time>2026-05-17T08:26:50.001Z</time><ele>33.11</ele></trkpt><trkpt lat="37.234407" lon="126.983373"><time>2026-05-17T08:26:51.001Z</time><ele>33.26</ele></trkpt><trkpt lat="37.23431" lon="126.98342"><time>2026-05-17T08:26:52.001Z</time><ele>32.95</ele></trkpt><trkpt lat="37.234205" lon="126.983467"><time>2026-05-17T08:26:53.001Z</time><ele>32.6</ele></trkpt><trkpt lat="37.234091" lon="126.983518"><time>2026-05-17T08:26:54.001Z</time><ele>32.28</ele></trkpt><trkpt lat="37.233974" lon="126.983571"><time>2026-05-17T08:26:55.001Z</time><ele>32.04</ele></trkpt><trkpt lat="37.233859" lon="126.983622"><time>2026-05-17T08:26:56.001Z</time><ele>32.11</ele></trkpt><trkpt lat="37.233744" lon="126.983674"><time>2026-05-17T08:26:57.001Z</time><ele>31.86</ele></trkpt><trkpt lat="37.233622" lon="126.98373"><time>2026-05-17T08:26:58.001Z</time><ele>31.35</ele></trkpt><trkpt lat="37.233501" lon="126.98379"><time>2026-05-17T08:26:59.001Z</time><ele>31.62</ele></trkpt><trkpt lat="37.233373" lon="126.983849"><time>2026-05-17T08:27:00.001Z</time><ele>31.67</ele></trkpt><trkpt lat="37.233242" lon="126.98391"><time>2026-05-17T08:27:01.001Z</time><ele>31.59</ele></trkpt><trkpt lat="37.233105" lon="126.983973"><time>2026-05-17T08:27:02.001Z</time><ele>32.16</ele></trkpt><trkpt lat="37.232961" lon="126.984039"><time>2026-05-17T08:27:03.001Z</time><ele>32.49</ele></trkpt><trkpt lat="37.232804" lon="126.984114"><time>2026-05-17T08:27:04.001Z</time><ele>32.29</ele></trkpt><trkpt lat="37.232636" lon="126.984188"><time>2026-05-17T08:27:05.001Z</time><ele>31.6</ele></trkpt><trkpt lat="37.232464" lon="126.984266"><time>2026-05-17T08:27:06.001Z</time><ele>32.13</ele></trkpt><trkpt lat="37.232299" lon="126.984342"><time>2026-05-17T08:27:07.001Z</time><ele>31.72</ele></trkpt><trkpt lat="37.232138" lon="126.984423"><time>2026-05-17T08:27:08.001Z</time><ele>32.39</ele></trkpt><trkpt lat="37.231987" lon="126.984491"><time>2026-05-17T08:27:09.001Z</time><ele>32.41</ele></trkpt><trkpt lat="37.231844" lon="126.984556"><time>2026-05-17T08:27:10.001Z</time><ele>32.92</ele></trkpt><trkpt lat="37.231699" lon="126.984619"><time>2026-05-17T08:27:11.001Z</time><ele>32.95</ele></trkpt><trkpt lat="37.231556" lon="126.984687"><time>2026-05-17T08:27:12.001Z</time><ele>33.48</ele></trkpt><trkpt lat="37.231411" lon="126.984754"><time>2026-05-17T08:27:13.001Z</time><ele>34.58</ele></trkpt><trkpt lat="37.231266" lon="126.984822"><time>2026-05-17T08:27:14.001Z</time><ele>34.84</ele></trkpt><trkpt lat="37.23112" lon="126.98489"><time>2026-05-17T08:27:15.001Z</time><ele>35.29</ele></trkpt><trkpt lat="37.230972" lon="126.984957"><time>2026-05-17T08:27:16.001Z</time><ele>35.68</ele></trkpt><trkpt lat="37.230828" lon="126.985024"><time>2026-05-17T08:27:17.001Z</time><ele>36.01</ele></trkpt><trkpt lat="37.230679" lon="126.985088"><time>2026-05-17T08:27:18.001Z</time><ele>36.45</ele></trkpt><trkpt lat="37.230528" lon="126.985157"><time>2026-05-17T08:27:19.001Z</time><ele>36.42</ele></trkpt><trkpt lat="37.230374" lon="126.985224"><time>2026-05-17T08:27:20.001Z</time><ele>36.74</ele></trkpt><trkpt lat="37.230214" lon="126.985293"><time>2026-05-17T08:27:21.001Z</time><ele>37.51</ele></trkpt><trkpt lat="37.230052" lon="126.985365"><time>2026-05-17T08:27:22.001Z</time><ele>37.36</ele></trkpt><trkpt lat="37.229888" lon="126.985443"><time>2026-05-17T08:27:23.001Z</time><ele>37.76</ele></trkpt><trkpt lat="37.229734" lon="126.985512"><time>2026-05-17T08:27:24.001Z</time><ele>37.73</ele></trkpt><trkpt lat="37.22958" lon="126.985586"><time>2026-05-17T08:27:25.001Z</time><ele>36.79</ele></trkpt><trkpt lat="37.229424" lon="126.985657"><time>2026-05-17T08:27:26.001Z</time><ele>36.48</ele></trkpt><trkpt lat="37.229265" lon="126.985732"><time>2026-05-17T08:27:27.001Z</time><ele>37.09</ele></trkpt><trkpt lat="37.229103" lon="126.985807"><time>2026-05-17T08:27:28.001Z</time><ele>37.22</ele></trkpt><trkpt lat="37.228955" lon="126.985871"><time>2026-05-17T08:27:29.001Z</time><ele>36.94</ele></trkpt><trkpt lat="37.228811" lon="126.98594"><time>2026-05-17T08:27:30.001Z</time><ele>37.16</ele></trkpt><trkpt lat="37.228668" lon="126.986003"><time>2026-05-17T08:27:31.002Z</time><ele>36.62</ele></trkpt><trkpt lat="37.228533" lon="126.986064"><time>2026-05-17T08:27:32.002Z</time><ele>36.08</ele></trkpt><trkpt lat="37.228404" lon="126.986121"><time>2026-05-17T08:27:33.002Z</time><ele>35.11</ele></trkpt><trkpt lat="37.22827" lon="126.986182"><time>2026-05-17T08:27:34.002Z</time><ele>34.88</ele></trkpt><trkpt lat="37.228128" lon="126.986247"><time>2026-05-17T08:27:35.002Z</time><ele>34.74</ele></trkpt><trkpt lat="37.227993" lon="126.986306"><time>2026-05-17T08:27:36.002Z</time><ele>33.92</ele></trkpt><trkpt lat="37.22785" lon="126.986373"><time>2026-05-17T08:27:37.002Z</time><ele>34.03</ele></trkpt><trkpt lat="37.227709" lon="126.98644"><time>2026-05-17T08:27:38.002Z</time><ele>32.77</ele></trkpt><trkpt lat="37.227563" lon="126.986512"><time>2026-05-17T08:27:39.002Z</time><ele>32.91</ele></trkpt><trkpt lat="37.227422" lon="126.986575"><time>2026-05-17T08:27:40.002Z</time><ele>32.02</ele></trkpt><trkpt lat="37.227289" lon="126.986635"><time>2026-05-17T08:27:41.002Z</time><ele>31.26</ele></trkpt><trkpt lat="37.227159" lon="126.986692"><time>2026-05-17T08:27:42.002Z</time><ele>31.58</ele></trkpt><trkpt lat="37.227035" lon="126.986747"><time>2026-05-17T08:27:43.002Z</time><ele>30.78</ele></trkpt><trkpt lat="37.226916" lon="126.9868"><time>2026-05-17T08:27:44.002Z</time><ele>30.5</ele></trkpt><trkpt lat="37.226804" lon="126.986851"><time>2026-05-17T08:27:45.002Z</time><ele>30.24</ele></trkpt><trkpt lat="37.226698" lon="126.986897"><time>2026-05-17T08:27:46.002Z</time><ele>30.17</ele></trkpt><trkpt lat="37.226606" lon="126.986935"><time>2026-05-17T08:27:47.002Z</time><ele>30</ele></trkpt><trkpt lat="37.226527" lon="126.98697"><time>2026-05-17T08:27:48.002Z</time><ele>30.03</ele></trkpt><trkpt lat="37.226469" lon="126.986998"><time>2026-05-17T08:27:49.002Z</time><ele>29.37</ele></trkpt><trkpt lat="37.226424" lon="126.98702"><time>2026-05-17T08:27:50.002Z</time><ele>29.21</ele></trkpt><trkpt lat="37.226362" lon="126.987048"><time>2026-05-17T08:27:52.000Z</time><ele>29.11</ele></trkpt><trkpt lat="37.226313" lon="126.987071"><time>2026-05-17T08:28:48.001Z</time><ele>34.7</ele></trkpt><trkpt lat="37.22626" lon="126.987095"><time>2026-05-17T08:28:49.001Z</time><ele>34.9</ele></trkpt><trkpt lat="37.226204" lon="126.98712"><time>2026-05-17T08:28:50.001Z</time><ele>34.48</ele></trkpt><trkpt lat="37.226127" lon="126.987157"><time>2026-05-17T08:28:51.001Z</time><ele>34.56</ele></trkpt><trkpt lat="37.226056" lon="126.987189"><time>2026-05-17T08:28:52.001Z</time><ele>34.2</ele></trkpt><trkpt lat="37.225973" lon="126.987226"><time>2026-05-17T08:28:53.001Z</time><ele>33.74</ele></trkpt><trkpt lat="37.22588" lon="126.987269"><time>2026-05-17T08:28:54.001Z</time><ele>33.49</ele></trkpt><trkpt lat="37.225779" lon="126.987315"><time>2026-05-17T08:28:55.001Z</time><ele>33.95</ele></trkpt><trkpt lat="37.225679" lon="126.98736"><time>2026-05-17T08:28:56.001Z</time><ele>33.63</ele></trkpt><trkpt lat="37.225566" lon="126.987409"><time>2026-05-17T08:28:57.001Z</time><ele>33.86</ele></trkpt><trkpt lat="37.225444" lon="126.987463"><time>2026-05-17T08:28:58.001Z</time><ele>33.74</ele></trkpt><trkpt lat="37.225317" lon="126.987525"><time>2026-05-17T08:28:59.001Z</time><ele>33.12</ele></trkpt><trkpt lat="37.225184" lon="126.987589"><time>2026-05-17T08:29:00.001Z</time><ele>33.7</ele></trkpt><trkpt lat="37.225042" lon="126.987657"><time>2026-05-17T08:29:01.001Z</time><ele>33.58</ele></trkpt><trkpt lat="37.224895" lon="126.987733"><time>2026-05-17T08:29:02.001Z</time><ele>33.11</ele></trkpt><trkpt lat="37.224742" lon="126.987817"><time>2026-05-17T08:29:03.001Z</time><ele>33.6</ele></trkpt><trkpt lat="37.224594" lon="126.987899"><time>2026-05-17T08:29:04.001Z</time><ele>33.35</ele></trkpt><trkpt lat="37.224452" lon="126.987982"><time>2026-05-17T08:29:05.001Z</time><ele>33.52</ele></trkpt><trkpt lat="37.224302" lon="126.988071"><time>2026-05-17T08:29:06.001Z</time><ele>33.33</ele></trkpt><trkpt lat="37.223833" lon="126.988375"><time>2026-05-17T08:29:09.001Z</time><ele>34.99</ele></trkpt><trkpt lat="37.223674" lon="126.988488"><time>2026-05-17T08:29:10.001Z</time><ele>35.68</ele></trkpt><trkpt lat="37.22352" lon="126.988599"><time>2026-05-17T08:29:11.001Z</time><ele>36.43</ele></trkpt><trkpt lat="37.223368" lon="126.98871"><time>2026-05-17T08:29:12.001Z</time><ele>37.13</ele></trkpt><trkpt lat="37.223219" lon="126.988825"><time>2026-05-17T08:29:13.001Z</time><ele>37.69</ele></trkpt><trkpt lat="37.223071" lon="126.988943"><time>2026-05-17T08:29:14.001Z</time><ele>38.08</ele></trkpt><trkpt lat="37.222923" lon="126.989067"><time>2026-05-17T08:29:15.001Z</time><ele>38.22</ele></trkpt><trkpt lat="37.222774" lon="126.989194"><time>2026-05-17T08:29:16.001Z</time><ele>38.85</ele></trkpt><trkpt lat="37.222624" lon="126.989322"><time>2026-05-17T08:29:17.001Z</time><ele>39.47</ele></trkpt><trkpt lat="37.222477" lon="126.989456"><time>2026-05-17T08:29:18.001Z</time><ele>40.13</ele></trkpt><trkpt lat="37.222329" lon="126.989594"><time>2026-05-17T08:29:19.001Z</time><ele>40.67</ele></trkpt><trkpt lat="37.222181" lon="126.989736"><time>2026-05-17T08:29:20.001Z</time><ele>41.83</ele></trkpt><trkpt lat="37.222035" lon="126.989881"><time>2026-05-17T08:29:21.001Z</time><ele>42.68</ele></trkpt><trkpt lat="37.221892" lon="126.990028"><time>2026-05-17T08:29:22.001Z</time><ele>43.63</ele></trkpt><trkpt lat="37.221752" lon="126.990183"><time>2026-05-17T08:29:23.001Z</time><ele>44.07</ele></trkpt><trkpt lat="37.221616" lon="126.990335"><time>2026-05-17T08:29:24.001Z</time><ele>44.45</ele></trkpt><trkpt lat="37.22148" lon="126.99049"><time>2026-05-17T08:29:25.001Z</time><ele>45.38</ele></trkpt><trkpt lat="37.221348" lon="126.990646"><time>2026-05-17T08:29:26.001Z</time><ele>46.14</ele></trkpt><trkpt lat="37.221215" lon="126.990811"><time>2026-05-17T08:29:27.001Z</time><ele>47.05</ele></trkpt><trkpt lat="37.221084" lon="126.990978"><time>2026-05-17T08:29:28.001Z</time><ele>48.21</ele></trkpt><trkpt lat="37.220956" lon="126.991145"><time>2026-05-17T08:29:29.001Z</time><ele>48.79</ele></trkpt><trkpt lat="37.220827" lon="126.991316"><time>2026-05-17T08:29:30.001Z</time><ele>49.47</ele></trkpt><trkpt lat="37.220699" lon="126.99149"><time>2026-05-17T08:29:31.001Z</time><ele>49.95</ele></trkpt><trkpt lat="37.220571" lon="126.991671"><time>2026-05-17T08:29:32.001Z</time><ele>50.98</ele></trkpt><trkpt lat="37.220448" lon="126.99185"><time>2026-05-17T08:29:33.001Z</time><ele>51.42</ele></trkpt><trkpt lat="37.220327" lon="126.992032"><time>2026-05-17T08:29:34.001Z</time><ele>51.93</ele></trkpt><trkpt lat="37.220206" lon="126.992223"><time>2026-05-17T08:29:35.001Z</time><ele>52.73</ele></trkpt><trkpt lat="37.220087" lon="126.99241"><time>2026-05-17T08:29:36.001Z</time><ele>52.91</ele></trkpt><trkpt lat="37.21997" lon="126.992589"><time>2026-05-17T08:29:37.001Z</time><ele>52.99</ele></trkpt><trkpt lat="37.219849" lon="126.992768"><time>2026-05-17T08:29:38.001Z</time><ele>53.63</ele></trkpt><trkpt lat="37.219725" lon="126.992948"><time>2026-05-17T08:29:39.001Z</time><ele>54</ele></trkpt><trkpt lat="37.2196" lon="126.993121"><time>2026-05-17T08:29:40.001Z</time><ele>54.32</ele></trkpt><trkpt lat="37.219467" lon="126.993295"><time>2026-05-17T08:29:41.001Z</time><ele>54.27</ele></trkpt><trkpt lat="37.21933" lon="126.993467"><time>2026-05-17T08:29:42.002Z</time><ele>54.87</ele></trkpt><trkpt lat="37.219196" lon="126.993634"><time>2026-05-17T08:29:43.002Z</time><ele>54.72</ele></trkpt><trkpt lat="37.219053" lon="126.993813"><time>2026-05-17T08:29:44.002Z</time><ele>54.88</ele></trkpt><trkpt lat="37.218904" lon="126.994003"><time>2026-05-17T08:29:45.002Z</time><ele>54.78</ele></trkpt><trkpt lat="37.218753" lon="126.994202"><time>2026-05-17T08:29:46.002Z</time><ele>54.17</ele></trkpt><trkpt lat="37.218607" lon="126.994404"><time>2026-05-17T08:29:47.002Z</time><ele>53.65</ele></trkpt><trkpt lat="37.218472" lon="126.994611"><time>2026-05-17T08:29:48.002Z</time><ele>52.9</ele></trkpt><trkpt lat="37.218334" lon="126.994821"><time>2026-05-17T08:29:49.002Z</time><ele>52.47</ele></trkpt><trkpt lat="37.218195" lon="126.995032"><time>2026-05-17T08:29:50.002Z</time><ele>52.05</ele></trkpt><trkpt lat="37.218061" lon="126.995236"><time>2026-05-17T08:29:51.002Z</time><ele>51.78</ele></trkpt><trkpt lat="37.217932" lon="126.995425"><time>2026-05-17T08:29:52.002Z</time><ele>50.94</ele></trkpt><trkpt lat="37.217806" lon="126.995614"><time>2026-05-17T08:29:53.002Z</time><ele>50.2</ele></trkpt><trkpt lat="37.21768" lon="126.995814"><time>2026-05-17T08:29:54.002Z</time><ele>50.83</ele></trkpt><trkpt lat="37.21755" lon="126.996011"><time>2026-05-17T08:29:55.016Z</time><ele>49.29</ele></trkpt><trkpt lat="37.217421" lon="126.996206"><time>2026-05-17T08:29:56.011Z</time><ele>48.88</ele></trkpt><trkpt lat="37.217287" lon="126.996413"><time>2026-05-17T08:29:57.013Z</time><ele>49.81</ele></trkpt><trkpt lat="37.217155" lon="126.996609"><time>2026-05-17T08:29:58.013Z</time><ele>48.56</ele></trkpt><trkpt lat="37.215861" lon="126.998432"><time>2026-05-17T08:30:10.002Z</time><ele>47.58</ele></trkpt><trkpt lat="37.215755" lon="126.998558"><time>2026-05-17T08:30:11.002Z</time><ele>47.58</ele></trkpt><trkpt lat="37.215665" lon="126.998665"><time>2026-05-17T08:30:12.000Z</time><ele>43.44</ele></trkpt><trkpt lat="37.215565" lon="126.998783"><time>2026-05-17T08:30:13.000Z</time><ele>41.5</ele></trkpt><trkpt lat="37.215467" lon="126.998898"><time>2026-05-17T08:30:14.000Z</time><ele>39.68</ele></trkpt><trkpt lat="37.215355" lon="126.999019"><time>2026-05-17T08:30:15.000Z</time><ele>40.35</ele></trkpt><trkpt lat="37.215195" lon="126.999185"><time>2026-05-17T08:30:16.000Z</time><ele>42.39</ele></trkpt><trkpt lat="37.215077" lon="126.999301"><time>2026-05-17T08:30:17.000Z</time><ele>41.59</ele></trkpt><trkpt lat="37.21496" lon="126.999412"><time>2026-05-17T08:30:18.000Z</time><ele>40.36</ele></trkpt><trkpt lat="37.214845" lon="126.999534"><time>2026-05-17T08:30:19.000Z</time><ele>39.55</ele></trkpt><trkpt lat="37.214728" lon="126.999655"><time>2026-05-17T08:30:20.000Z</time><ele>38.48</ele></trkpt><trkpt lat="37.214606" lon="126.999778"><time>2026-05-17T08:30:21.000Z</time><ele>37.93</ele></trkpt><trkpt lat="37.214482" lon="126.999902"><time>2026-05-17T08:30:22.000Z</time><ele>37.2</ele></trkpt><trkpt lat="37.214352" lon="127.00003"><time>2026-05-17T08:30:23.000Z</time><ele>36.22</ele></trkpt><trkpt lat="37.214213" lon="127.000161"><time>2026-05-17T08:30:24.000Z</time><ele>35.49</ele></trkpt><trkpt lat="37.214066" lon="127.000295"><time>2026-05-17T08:30:25.000Z</time><ele>34.67</ele></trkpt><trkpt lat="37.213912" lon="127.000429"><time>2026-05-17T08:30:26.000Z</time><ele>34.21</ele></trkpt><trkpt lat="37.213752" lon="127.000564"><time>2026-05-17T08:30:27.000Z</time><ele>33.38</ele></trkpt><trkpt lat="37.213586" lon="127.000703"><time>2026-05-17T08:30:28.013Z</time><ele>32.59</ele></trkpt><trkpt lat="37.213419" lon="127.000841"><time>2026-05-17T08:30:29.013Z</time><ele>32.04</ele></trkpt><trkpt lat="37.213249" lon="127.000977"><time>2026-05-17T08:30:30.012Z</time><ele>31.18</ele></trkpt><trkpt lat="37.213076" lon="127.001111"><time>2026-05-17T08:30:31.012Z</time><ele>30.15</ele></trkpt><trkpt lat="37.209307" lon="127.004571"><time>2026-05-17T08:30:54.000Z</time><ele>33.27</ele></trkpt><trkpt lat="37.20919" lon="127.004756"><time>2026-05-17T08:30:55.000Z</time><ele>33.27</ele></trkpt><trkpt lat="37.209066" lon="127.004927"><time>2026-05-17T08:30:56.000Z</time><ele>24.29</ele></trkpt><trkpt lat="37.208962" lon="127.005118"><time>2026-05-17T08:30:57.001Z</time><ele>23.72</ele></trkpt><trkpt lat="37.208853" lon="127.005306"><time>2026-05-17T08:30:58.001Z</time><ele>22.37</ele></trkpt><trkpt lat="37.208741" lon="127.00551"><time>2026-05-17T08:30:59.001Z</time><ele>22.8</ele></trkpt><trkpt lat="37.208625" lon="127.005712"><time>2026-05-17T08:31:00.001Z</time><ele>23.41</ele></trkpt><trkpt lat="37.208514" lon="127.005904"><time>2026-05-17T08:31:01.001Z</time><ele>22</ele></trkpt><trkpt lat="37.208394" lon="127.006101"><time>2026-05-17T08:31:02.001Z</time><ele>21.72</ele></trkpt><trkpt lat="37.208267" lon="127.006328"><time>2026-05-17T08:31:03.001Z</time><ele>22.54</ele></trkpt><trkpt lat="37.208142" lon="127.006542"><time>2026-05-17T08:31:04.001Z</time><ele>21.54</ele></trkpt><trkpt lat="37.208011" lon="127.006759"><time>2026-05-17T08:31:05.001Z</time><ele>20.86</ele></trkpt><trkpt lat="37.20788" lon="127.006984"><time>2026-05-17T08:31:06.001Z</time><ele>20.29</ele></trkpt><trkpt lat="37.207757" lon="127.007192"><time>2026-05-17T08:31:07.001Z</time><ele>19.56</ele></trkpt><trkpt lat="37.207642" lon="127.0074"><time>2026-05-17T08:31:08.001Z</time><ele>18.77</ele></trkpt><trkpt lat="37.207523" lon="127.007615"><time>2026-05-17T08:31:09.001Z</time><ele>18.54</ele></trkpt><trkpt lat="37.207396" lon="127.007835"><time>2026-05-17T08:31:10.001Z</time><ele>18.45</ele></trkpt><trkpt lat="37.207266" lon="127.008033"><time>2026-05-17T08:31:11.001Z</time><ele>18.07</ele></trkpt><trkpt lat="37.207133" lon="127.008237"><time>2026-05-17T08:31:12.001Z</time><ele>18.18</ele></trkpt><trkpt lat="37.206988" lon="127.008426"><time>2026-05-17T08:31:13.001Z</time><ele>17.35</ele></trkpt><trkpt lat="37.206836" lon="127.008608"><time>2026-05-17T08:31:14.001Z</time><ele>17.08</ele></trkpt><trkpt lat="37.206684" lon="127.008781"><time>2026-05-17T08:31:15.012Z</time><ele>17.41</ele></trkpt><trkpt lat="37.206537" lon="127.008931"><time>2026-05-17T08:31:16.013Z</time><ele>17.29</ele></trkpt><trkpt lat="37.206386" lon="127.009079"><time>2026-05-17T08:31:17.013Z</time><ele>18.06</ele></trkpt><trkpt lat="37.206227" lon="127.009243"><time>2026-05-17T08:31:18.011Z</time><ele>21.51</ele></trkpt><trkpt lat="37.206075" lon="127.009378"><time>2026-05-17T08:31:19.014Z</time><ele>21.96</ele></trkpt><trkpt lat="37.204815" lon="127.010255"><time>2026-05-17T08:31:28.001Z</time><ele>22.52</ele></trkpt><trkpt lat="37.204688" lon="127.010348"><time>2026-05-17T08:31:29.001Z</time><ele>22.52</ele></trkpt><trkpt lat="37.204602" lon="127.010411"><time>2026-05-17T08:31:30.001Z</time><ele>22.67</ele></trkpt><trkpt lat="37.204474" lon="127.010504"><time>2026-05-17T08:31:31.001Z</time><ele>24.03</ele></trkpt><trkpt lat="37.204359" lon="127.01059"><time>2026-05-17T08:31:32.001Z</time><ele>23.53</ele></trkpt><trkpt lat="37.204265" lon="127.010719"><time>2026-05-17T08:31:33.001Z</time><ele>23.26</ele></trkpt><trkpt lat="37.204144" lon="127.010803"><time>2026-05-17T08:31:34.001Z</time><ele>21.45</ele></trkpt><trkpt lat="37.204032" lon="127.010886"><time>2026-05-17T08:31:35.001Z</time><ele>20.37</ele></trkpt><trkpt lat="37.203915" lon="127.010976"><time>2026-05-17T08:31:36.001Z</time><ele>19.23</ele></trkpt><trkpt lat="37.203789" lon="127.011057"><time>2026-05-17T08:31:37.001Z</time><ele>18.95</ele></trkpt><trkpt lat="37.203663" lon="127.011144"><time>2026-05-17T08:31:38.001Z</time><ele>18.67</ele></trkpt><trkpt lat="37.203477" lon="127.01123"><time>2026-05-17T08:31:39.001Z</time><ele>18.66</ele></trkpt><trkpt lat="37.203341" lon="127.011331"><time>2026-05-17T08:31:40.001Z</time><ele>18.46</ele></trkpt><trkpt lat="37.203199" lon="127.011441"><time>2026-05-17T08:31:41.001Z</time><ele>18.29</ele></trkpt><trkpt lat="37.203052" lon="127.011553"><time>2026-05-17T08:31:42.001Z</time><ele>17.9</ele></trkpt><trkpt lat="37.2029" lon="127.011661"><time>2026-05-17T08:31:43.001Z</time><ele>16.93</ele></trkpt><trkpt lat="37.202747" lon="127.01178"><time>2026-05-17T08:31:44.001Z</time><ele>16.08</ele></trkpt><trkpt lat="37.20259" lon="127.011905"><time>2026-05-17T08:31:45.001Z</time><ele>16.48</ele></trkpt><trkpt lat="37.202425" lon="127.012035"><time>2026-05-17T08:31:46.001Z</time><ele>15</ele></trkpt><trkpt lat="37.202252" lon="127.012177"><time>2026-05-17T08:31:47.001Z</time><ele>14.59</ele></trkpt><trkpt lat="37.202069" lon="127.012336"><time>2026-05-17T08:31:48.001Z</time><ele>14.45</ele></trkpt><trkpt lat="37.20189" lon="127.012504"><time>2026-05-17T08:31:49.001Z</time><ele>14.42</ele></trkpt><trkpt lat="37.201706" lon="127.012679"><time>2026-05-17T08:31:50.010Z</time><ele>14.49</ele></trkpt><trkpt lat="37.201523" lon="127.01286"><time>2026-05-17T08:31:51.012Z</time><ele>14.59</ele></trkpt><trkpt lat="37.201346" lon="127.013059"><time>2026-05-17T08:31:52.011Z</time><ele>14.85</ele></trkpt><trkpt lat="37.201172" lon="127.013267"><time>2026-05-17T08:31:53.013Z</time><ele>15.62</ele></trkpt><trkpt lat="37.200813" lon="127.013723"><time>2026-05-17T08:31:55.001Z</time><ele>17.23</ele></trkpt><trkpt lat="37.200643" lon="127.013947"><time>2026-05-17T08:31:56.001Z</time><ele>17.44</ele></trkpt><trkpt lat="37.200487" lon="127.014187"><time>2026-05-17T08:31:57.001Z</time><ele>18.32</ele></trkpt><trkpt lat="37.200337" lon="127.014424"><time>2026-05-17T08:31:58.001Z</time><ele>18.25</ele></trkpt><trkpt lat="37.200195" lon="127.014669"><time>2026-05-17T08:31:59.001Z</time><ele>18.18</ele></trkpt><trkpt lat="37.200059" lon="127.014925"><time>2026-05-17T08:32:00.001Z</time><ele>18.36</ele></trkpt><trkpt lat="37.199918" lon="127.015201"><time>2026-05-17T08:32:01.001Z</time><ele>18.16</ele></trkpt><trkpt lat="37.19979" lon="127.015483"><time>2026-05-17T08:32:02.001Z</time><ele>19.21</ele></trkpt><trkpt lat="37.199667" lon="127.015775"><time>2026-05-17T08:32:03.001Z</time><ele>18.79</ele></trkpt><trkpt lat="37.199558" lon="127.016077"><time>2026-05-17T08:32:04.001Z</time><ele>18.78</ele></trkpt><trkpt lat="37.19945" lon="127.016382"><time>2026-05-17T08:32:05.001Z</time><ele>19.57</ele></trkpt><trkpt lat="37.199345" lon="127.016694"><time>2026-05-17T08:32:06.002Z</time><ele>20.89</ele></trkpt><trkpt lat="37.199241" lon="127.017007"><time>2026-05-17T08:32:07.002Z</time><ele>21.73</ele></trkpt><trkpt lat="37.199132" lon="127.017332"><time>2026-05-17T08:32:08.002Z</time><ele>23.07</ele></trkpt><trkpt lat="37.199034" lon="127.01766"><time>2026-05-17T08:32:09.002Z</time><ele>24.32</ele></trkpt><trkpt lat="37.198936" lon="127.018"><time>2026-05-17T08:32:10.002Z</time><ele>25.67</ele></trkpt><trkpt lat="37.198844" lon="127.018319"><time>2026-05-17T08:32:11.002Z</time><ele>26.4</ele></trkpt><trkpt lat="37.198751" lon="127.018648"><time>2026-05-17T08:32:12.002Z</time><ele>27.78</ele></trkpt><trkpt lat="37.198653" lon="127.018986"><time>2026-05-17T08:32:13.002Z</time><ele>29.85</ele></trkpt><trkpt lat="37.198555" lon="127.019324"><time>2026-05-17T08:32:14.002Z</time><ele>31.18</ele></trkpt><trkpt lat="37.198457" lon="127.01967"><time>2026-05-17T08:32:15.002Z</time><ele>32.57</ele></trkpt><trkpt lat="37.198362" lon="127.020015"><time>2026-05-17T08:32:16.002Z</time><ele>33.62</ele></trkpt><trkpt lat="37.198265" lon="127.020362"><time>2026-05-17T08:32:17.002Z</time><ele>33.78</ele></trkpt><trkpt lat="37.198169" lon="127.020707"><time>2026-05-17T08:32:18.000Z</time><ele>34.23</ele></trkpt><trkpt lat="37.19807" lon="127.02106"><time>2026-05-17T08:32:19.000Z</time><ele>34.46</ele></trkpt><trkpt lat="37.19797" lon="127.021415"><time>2026-05-17T08:32:20.000Z</time><ele>34.07</ele></trkpt><trkpt lat="37.197867" lon="127.021784"><time>2026-05-17T08:32:21.000Z</time><ele>34.21</ele></trkpt><trkpt lat="37.197754" lon="127.02216"><time>2026-05-17T08:32:22.000Z</time><ele>33.64</ele></trkpt><trkpt lat="37.197641" lon="127.022548"><time>2026-05-17T08:32:23.000Z</time><ele>33.1</ele></trkpt><trkpt lat="37.19753" lon="127.022949"><time>2026-05-17T08:32:24.000Z</time><ele>31.91</ele></trkpt><trkpt lat="37.197413" lon="127.023356"><time>2026-05-17T08:32:25.000Z</time><ele>30.83</ele></trkpt><trkpt lat="37.197296" lon="127.023775"><time>2026-05-17T08:32:26.000Z</time><ele>29.15</ele></trkpt><trkpt lat="37.197175" lon="127.024204"><time>2026-05-17T08:32:27.000Z</time><ele>28.12</ele></trkpt><trkpt lat="37.197056" lon="127.024638"><time>2026-05-17T08:32:28.000Z</time><ele>26.68</ele></trkpt><trkpt lat="37.196931" lon="127.025081"><time>2026-05-17T08:32:29.000Z</time><ele>25.88</ele></trkpt><trkpt lat="37.196803" lon="127.025521"><time>2026-05-17T08:32:30.000Z</time><ele>24.8</ele></trkpt><trkpt lat="37.19667" lon="127.025956"><time>2026-05-17T08:32:31.000Z</time><ele>24.21</ele></trkpt><trkpt lat="37.196523" lon="127.026382"><time>2026-05-17T08:32:32.000Z</time><ele>23.98</ele></trkpt><trkpt lat="37.196364" lon="127.026801"><time>2026-05-17T08:32:33.000Z</time><ele>24.76</ele></trkpt><trkpt lat="37.196201" lon="127.027221"><time>2026-05-17T08:32:34.000Z</time><ele>24.71</ele></trkpt><trkpt lat="37.196021" lon="127.027631"><time>2026-05-17T08:32:35.000Z</time><ele>25.97</ele></trkpt><trkpt lat="37.19583" lon="127.028031"><time>2026-05-17T08:32:36.000Z</time><ele>26.39</ele></trkpt><trkpt lat="37.195634" lon="127.028428"><time>2026-05-17T08:32:37.000Z</time><ele>27.12</ele></trkpt><trkpt lat="37.195429" lon="127.02882"><time>2026-05-17T08:32:38.000Z</time><ele>27.64</ele></trkpt><trkpt lat="37.195247" lon="127.029177"><time>2026-05-17T08:32:39.000Z</time><ele>28</ele></trkpt><trkpt lat="37.195082" lon="127.029514"><time>2026-05-17T08:32:40.000Z</time><ele>28.78</ele></trkpt><trkpt lat="37.194921" lon="127.029831"><time>2026-05-17T08:32:41.000Z</time><ele>29.81</ele></trkpt><trkpt lat="37.194769" lon="127.030118"><time>2026-05-17T08:32:42.000Z</time><ele>30.63</ele></trkpt><trkpt lat="37.194629" lon="127.030393"><time>2026-05-17T08:32:43.000Z</time><ele>31.15</ele></trkpt><trkpt lat="37.194498" lon="127.030649"><time>2026-05-17T08:32:44.000Z</time><ele>31.35</ele></trkpt><trkpt lat="37.19437" lon="127.0309"><time>2026-05-17T08:32:45.000Z</time><ele>31.89</ele></trkpt><trkpt lat="37.194242" lon="127.031151"><time>2026-05-17T08:32:46.000Z</time><ele>32.28</ele></trkpt><trkpt lat="37.194111" lon="127.031401"><time>2026-05-17T08:32:47.000Z</time><ele>32.8</ele></trkpt><trkpt lat="37.193978" lon="127.031645"><time>2026-05-17T08:32:48.000Z</time><ele>33.02</ele></trkpt><trkpt lat="37.193848" lon="127.031888"><time>2026-05-17T08:32:49.000Z</time><ele>33.27</ele></trkpt><trkpt lat="37.193713" lon="127.032125"><time>2026-05-17T08:32:50.000Z</time><ele>33.96</ele></trkpt><trkpt lat="37.193578" lon="127.032357"><time>2026-05-17T08:32:51.000Z</time><ele>34.6</ele></trkpt><trkpt lat="37.193451" lon="127.03257"><time>2026-05-17T08:32:52.000Z</time><ele>34.62</ele></trkpt><trkpt lat="37.193318" lon="127.032778"><time>2026-05-17T08:32:53.000Z</time><ele>35.26</ele></trkpt><trkpt lat="37.193186" lon="127.032972"><time>2026-05-17T08:32:54.000Z</time><ele>35.25</ele></trkpt><trkpt lat="37.193047" lon="127.033165"><time>2026-05-17T08:32:55.000Z</time><ele>35.25</ele></trkpt><trkpt lat="37.192902" lon="127.033346"><time>2026-05-17T08:32:56.000Z</time><ele>35.44</ele></trkpt><trkpt lat="37.192758" lon="127.033518"><time>2026-05-17T08:32:57.000Z</time><ele>35.18</ele></trkpt><trkpt lat="37.192617" lon="127.033704"><time>2026-05-17T08:32:58.000Z</time><ele>35.58</ele></trkpt><trkpt lat="37.192474" lon="127.033885"><time>2026-05-17T08:32:59.000Z</time><ele>35.8</ele></trkpt><trkpt lat="37.192328" lon="127.034058"><time>2026-05-17T08:33:00.000Z</time><ele>36.02</ele></trkpt><trkpt lat="37.192178" lon="127.034223"><time>2026-05-17T08:33:01.000Z</time><ele>36.13</ele></trkpt><trkpt lat="37.192024" lon="127.034383"><time>2026-05-17T08:33:02.000Z</time><ele>36.38</ele></trkpt><trkpt lat="37.191866" lon="127.034546"><time>2026-05-17T08:33:03.000Z</time><ele>36.83</ele></trkpt><trkpt lat="37.191708" lon="127.034703"><time>2026-05-17T08:33:04.000Z</time><ele>37.28</ele></trkpt><trkpt lat="37.191553" lon="127.034851"><time>2026-05-17T08:33:05.000Z</time><ele>37.32</ele></trkpt><trkpt lat="37.191402" lon="127.03499"><time>2026-05-17T08:33:06.000Z</time><ele>37.38</ele></trkpt><trkpt lat="37.191248" lon="127.03513"><time>2026-05-17T08:33:07.000Z</time><ele>37.87</ele></trkpt><trkpt lat="37.191099" lon="127.03525"><time>2026-05-17T08:33:08.000Z</time><ele>37.62</ele></trkpt><trkpt lat="37.190939" lon="127.035371"><time>2026-05-17T08:33:09.001Z</time><ele>37.7</ele></trkpt><trkpt lat="37.190776" lon="127.035501"><time>2026-05-17T08:33:10.001Z</time><ele>38.65</ele></trkpt><trkpt lat="37.189549" lon="127.036242"><time>2026-05-17T08:33:18.001Z</time><ele>37.43</ele></trkpt><trkpt lat="37.189466" lon="127.036275"><time>2026-05-17T08:33:19.001Z</time><ele>37.24</ele></trkpt><trkpt lat="37.189414" lon="127.036294"><time>2026-05-17T08:33:20.001Z</time><ele>35.91</ele></trkpt><trkpt lat="37.189348" lon="127.036332"><time>2026-05-17T08:33:22.001Z</time><ele>36.27</ele></trkpt><trkpt lat="37.189312" lon="127.036366"><time>2026-05-17T08:33:36.001Z</time><ele>39.7</ele></trkpt><trkpt lat="37.189222" lon="127.036408"><time>2026-05-17T08:33:38.001Z</time><ele>39.75</ele></trkpt><trkpt lat="37.189171" lon="127.036435"><time>2026-05-17T08:33:39.001Z</time><ele>39.64</ele></trkpt><trkpt lat="37.189091" lon="127.036476"><time>2026-05-17T08:33:41.001Z</time><ele>39.79</ele></trkpt><trkpt lat="37.189036" lon="127.036503"><time>2026-05-17T08:33:42.001Z</time><ele>39.71</ele></trkpt><trkpt lat="37.18898" lon="127.03653"><time>2026-05-17T08:33:43.001Z</time><ele>39.83</ele></trkpt><trkpt lat="37.188928" lon="127.036555"><time>2026-05-17T08:33:44.001Z</time><ele>39.91</ele></trkpt><trkpt lat="37.188877" lon="127.036579"><time>2026-05-17T08:33:45.001Z</time><ele>39.77</ele></trkpt><trkpt lat="37.188832" lon="127.0366"><time>2026-05-17T08:33:46.001Z</time><ele>39.72</ele></trkpt><trkpt lat="37.188778" lon="127.036626"><time>2026-05-17T08:33:47.001Z</time><ele>39.54</ele></trkpt><trkpt lat="37.188717" lon="127.036654"><time>2026-05-17T08:33:48.001Z</time><ele>39.49</ele></trkpt><trkpt lat="37.188654" lon="127.036681"><time>2026-05-17T08:33:49.001Z</time><ele>39.46</ele></trkpt><trkpt lat="37.188592" lon="127.036704"><time>2026-05-17T08:33:50.001Z</time><ele>39.28</ele></trkpt><trkpt lat="37.188532" lon="127.036731"><time>2026-05-17T08:33:51.001Z</time><ele>39.31</ele></trkpt><trkpt lat="37.188473" lon="127.036757"><time>2026-05-17T08:33:52.001Z</time><ele>39.37</ele></trkpt><trkpt lat="37.188416" lon="127.036778"><time>2026-05-17T08:33:53.001Z</time><ele>39.29</ele></trkpt><trkpt lat="37.188358" lon="127.036799"><time>2026-05-17T08:33:54.001Z</time><ele>39.13</ele></trkpt><trkpt lat="37.18829" lon="127.036829"><time>2026-05-17T08:33:55.001Z</time><ele>39.23</ele></trkpt><trkpt lat="37.188219" lon="127.036861"><time>2026-05-17T08:33:56.001Z</time><ele>39.22</ele></trkpt><trkpt lat="37.188153" lon="127.036892"><time>2026-05-17T08:33:57.001Z</time><ele>39.4</ele></trkpt><trkpt lat="37.18809" lon="127.036924"><time>2026-05-17T08:33:58.001Z</time><ele>39.13</ele></trkpt><trkpt lat="37.188029" lon="127.036955"><time>2026-05-17T08:33:59.001Z</time><ele>39.29</ele></trkpt><trkpt lat="37.187967" lon="127.036982"><time>2026-05-17T08:34:00.001Z</time><ele>39.39</ele></trkpt><trkpt lat="37.187904" lon="127.037008"><time>2026-05-17T08:34:01.001Z</time><ele>39.32</ele></trkpt><trkpt lat="37.18784" lon="127.03704"><time>2026-05-17T08:34:02.001Z</time><ele>39.06</ele></trkpt><trkpt lat="37.187768" lon="127.037076"><time>2026-05-17T08:34:03.001Z</time><ele>39.05</ele></trkpt><trkpt lat="37.18769" lon="127.03711"><time>2026-05-17T08:34:04.001Z</time><ele>38.81</ele></trkpt><trkpt lat="37.187305" lon="127.037276"><time>2026-05-17T08:34:08.001Z</time><ele>37.41</ele></trkpt><trkpt lat="37.18722" lon="127.037319"><time>2026-05-17T08:34:09.001Z</time><ele>37.06</ele></trkpt><trkpt lat="37.187139" lon="127.037356"><time>2026-05-17T08:34:10.001Z</time><ele>37.07</ele></trkpt><trkpt lat="37.187068" lon="127.037394"><time>2026-05-17T08:34:11.001Z</time><ele>36.72</ele></trkpt><trkpt lat="37.187003" lon="127.037421"><time>2026-05-17T08:34:12.001Z</time><ele>36.34</ele></trkpt><trkpt lat="37.186949" lon="127.037447"><time>2026-05-17T08:34:13.001Z</time><ele>35.79</ele></trkpt><trkpt lat="37.186898" lon="127.037468"><time>2026-05-17T08:34:14.001Z</time><ele>35.61</ele></trkpt><trkpt lat="37.186851" lon="127.037488"><time>2026-05-17T08:34:15.002Z</time><ele>35.64</ele></trkpt><trkpt lat="37.186805" lon="127.037504"><time>2026-05-17T08:34:16.002Z</time><ele>36.08</ele></trkpt><trkpt lat="37.186752" lon="127.037525"><time>2026-05-17T08:34:18.002Z</time><ele>35.96</ele></trkpt><trkpt lat="37.186718" lon="127.037487"><time>2026-05-17T08:35:12.000Z</time><ele>36.28</ele></trkpt><trkpt lat="37.186674" lon="127.037524"><time>2026-05-17T08:35:21.001Z</time><ele>36.91</ele></trkpt><trkpt lat="37.18659" lon="127.037564"><time>2026-05-17T08:35:23.001Z</time><ele>36.89</ele></trkpt><trkpt lat="37.186543" lon="127.037588"><time>2026-05-17T08:35:24.001Z</time><ele>36.96</ele></trkpt><trkpt lat="37.186487" lon="127.037623"><time>2026-05-17T08:35:25.001Z</time><ele>36.86</ele></trkpt><trkpt lat="37.186429" lon="127.037658"><time>2026-05-17T08:35:26.001Z</time><ele>36.96</ele></trkpt><trkpt lat="37.186364" lon="127.037691"><time>2026-05-17T08:35:27.001Z</time><ele>36.84</ele></trkpt><trkpt lat="37.186301" lon="127.037726"><time>2026-05-17T08:35:28.001Z</time><ele>37.03</ele></trkpt><trkpt lat="37.186242" lon="127.037757"><time>2026-05-17T08:35:29.001Z</time><ele>37.02</ele></trkpt><trkpt lat="37.186189" lon="127.037782"><time>2026-05-17T08:35:30.001Z</time><ele>37.12</ele></trkpt><trkpt lat="37.18614" lon="127.037822"><time>2026-05-17T08:35:31.001Z</time><ele>37</ele></trkpt><trkpt lat="37.186105" lon="127.037886"><time>2026-05-17T08:35:32.001Z</time><ele>36.85</ele></trkpt><trkpt lat="37.186152" lon="127.037951"><time>2026-05-17T08:35:33.001Z</time><ele>37.14</ele></trkpt><trkpt lat="37.186161" lon="127.038032"><time>2026-05-17T08:35:34.001Z</time><ele>36.99</ele></trkpt><trkpt lat="37.18617" lon="127.03811"><time>2026-05-17T08:35:35.001Z</time><ele>37.07</ele></trkpt><trkpt lat="37.186179" lon="127.038187"><time>2026-05-17T08:35:36.001Z</time><ele>37.18</ele></trkpt><trkpt lat="37.18619" lon="127.03827"><time>2026-05-17T08:35:37.001Z</time><ele>37.1</ele></trkpt><trkpt lat="37.18619" lon="127.038348"><time>2026-05-17T08:35:38.001Z</time><ele>36.68</ele></trkpt><trkpt lat="37.186236" lon="127.038439"><time>2026-05-17T08:35:39.001Z</time><ele>36.43</ele></trkpt><trkpt lat="37.186294" lon="127.038507"><time>2026-05-17T08:35:40.001Z</time><ele>36.05</ele></trkpt><trkpt lat="37.186351" lon="127.038589"><time>2026-05-17T08:35:41.001Z</time><ele>35.97</ele></trkpt><trkpt lat="37.186401" lon="127.038674"><time>2026-05-17T08:35:42.001Z</time><ele>36.29</ele></trkpt><trkpt lat="37.186447" lon="127.038749"><time>2026-05-17T08:35:43.001Z</time><ele>36.01</ele></trkpt><trkpt lat="37.186494" lon="127.038823"><time>2026-05-17T08:35:44.001Z</time><ele>35.48</ele></trkpt><trkpt lat="37.186543" lon="127.0389"><time>2026-05-17T08:35:45.001Z</time><ele>35.12</ele></trkpt><trkpt lat="37.186589" lon="127.038975"><time>2026-05-17T08:35:46.001Z</time><ele>35.11</ele></trkpt><trkpt lat="37.186621" lon="127.039032"><time>2026-05-17T08:35:47.001Z</time><ele>34.85</ele></trkpt><trkpt lat="37.186665" lon="127.039105"><time>2026-05-17T08:35:49.001Z</time><ele>34.17</ele></trkpt><trkpt lat="37.186694" lon="127.039163"><time>2026-05-17T08:35:52.001Z</time><ele>33.58</ele></trkpt><trkpt lat="37.186726" lon="127.039206"><time>2026-05-17T08:35:54.001Z</time><ele>33.58</ele></trkpt><trkpt lat="37.186767" lon="127.039266"><time>2026-05-17T08:35:56.001Z</time><ele>33.83</ele></trkpt><trkpt lat="37.186797" lon="127.039312"><time>2026-05-17T08:35:57.001Z</time><ele>33.63</ele></trkpt><trkpt lat="37.186831" lon="127.039365"><time>2026-05-17T08:35:58.001Z</time><ele>33.7</ele></trkpt><trkpt lat="37.186867" lon="127.03942"><time>2026-05-17T08:35:59.001Z</time><ele>33.75</ele></trkpt><trkpt lat="37.18691" lon="127.03948"><time>2026-05-17T08:36:00.001Z</time><ele>33.76</ele></trkpt><trkpt lat="37.186954" lon="127.03955"><time>2026-05-17T08:36:01.001Z</time><ele>33.82</ele></trkpt><trkpt lat="37.187001" lon="127.039629"><time>2026-05-17T08:36:02.001Z</time><ele>34.09</ele></trkpt><trkpt lat="37.18705" lon="127.039747"><time>2026-05-17T08:36:03.001Z</time><ele>33.73</ele></trkpt><trkpt lat="37.188343" lon="127.04185"><time>2026-05-17T08:36:15.001Z</time><ele>35.81</ele></trkpt><trkpt lat="37.188424" lon="127.042012"><time>2026-05-17T08:36:16.001Z</time><ele>34.23</ele></trkpt><trkpt lat="37.188495" lon="127.04218"><time>2026-05-17T08:36:17.001Z</time><ele>34.61</ele></trkpt><trkpt lat="37.188555" lon="127.042355"><time>2026-05-17T08:36:18.002Z</time><ele>34.34</ele></trkpt><trkpt lat="37.188622" lon="127.042527"><time>2026-05-17T08:36:19.002Z</time><ele>34.41</ele></trkpt><trkpt lat="37.188675" lon="127.042684"><time>2026-05-17T08:36:20.002Z</time><ele>33.48</ele></trkpt><trkpt lat="37.18871" lon="127.042836"><time>2026-05-17T08:36:21.002Z</time><ele>32.62</ele></trkpt><trkpt lat="37.188779" lon="127.042987"><time>2026-05-17T08:36:22.002Z</time><ele>32.97</ele></trkpt><trkpt lat="37.188832" lon="127.043156"><time>2026-05-17T08:36:23.002Z</time><ele>33.32</ele></trkpt><trkpt lat="37.188884" lon="127.043298"><time>2026-05-17T08:36:24.002Z</time><ele>33.71</ele></trkpt><trkpt lat="37.188923" lon="127.043428"><time>2026-05-17T08:36:25.002Z</time><ele>32.21</ele></trkpt><trkpt lat="37.188964" lon="127.043563"><time>2026-05-17T08:36:26.002Z</time><ele>32.91</ele></trkpt><trkpt lat="37.189002" lon="127.043697"><time>2026-05-17T08:36:27.002Z</time><ele>33.61</ele></trkpt><trkpt lat="37.189038" lon="127.043827"><time>2026-05-17T08:36:28.002Z</time><ele>33.89</ele></trkpt><trkpt lat="37.189073" lon="127.043954"><time>2026-05-17T08:36:29.002Z</time><ele>34.37</ele></trkpt><trkpt lat="37.189111" lon="127.044087"><time>2026-05-17T08:36:30.000Z</time><ele>35.13</ele></trkpt><trkpt lat="37.189144" lon="127.044208"><time>2026-05-17T08:36:31.000Z</time><ele>35.41</ele></trkpt><trkpt lat="37.189181" lon="127.044332"><time>2026-05-17T08:36:32.000Z</time><ele>35.59</ele></trkpt><trkpt lat="37.189213" lon="127.044439"><time>2026-05-17T08:36:33.000Z</time><ele>35.53</ele></trkpt><trkpt lat="37.189245" lon="127.044561"><time>2026-05-17T08:36:34.000Z</time><ele>35.46</ele></trkpt><trkpt lat="37.189271" lon="127.044679"><time>2026-05-17T08:36:35.000Z</time><ele>36.34</ele></trkpt><trkpt lat="37.189301" lon="127.044803"><time>2026-05-17T08:36:36.000Z</time><ele>37.4</ele></trkpt><trkpt lat="37.189329" lon="127.044926"><time>2026-05-17T08:36:37.000Z</time><ele>37.67</ele></trkpt><trkpt lat="37.189359" lon="127.045053"><time>2026-05-17T08:36:38.000Z</time><ele>37.92</ele></trkpt><trkpt lat="37.18939" lon="127.04518"><time>2026-05-17T08:36:39.000Z</time><ele>37.95</ele></trkpt><trkpt lat="37.18942" lon="127.045311"><time>2026-05-17T08:36:40.000Z</time><ele>38.58</ele></trkpt><trkpt lat="37.189454" lon="127.045443"><time>2026-05-17T08:36:41.000Z</time><ele>38.88</ele></trkpt><trkpt lat="37.189479" lon="127.045557"><time>2026-05-17T08:36:42.000Z</time><ele>38.48</ele></trkpt><trkpt lat="37.189515" lon="127.045676"><time>2026-05-17T08:36:43.000Z</time><ele>38.85</ele></trkpt><trkpt lat="37.189499" lon="127.045805"><time>2026-05-17T08:36:44.000Z</time><ele>39.15</ele></trkpt><trkpt lat="37.189489" lon="127.045923"><time>2026-05-17T08:36:45.000Z</time><ele>39.16</ele></trkpt><trkpt lat="37.189474" lon="127.046026"><time>2026-05-17T08:36:46.000Z</time><ele>40.01</ele></trkpt><trkpt lat="37.18945" lon="127.046123"><time>2026-05-17T08:36:47.000Z</time><ele>40.39</ele></trkpt><trkpt lat="37.189418" lon="127.046205"><time>2026-05-17T08:36:48.000Z</time><ele>41.31</ele></trkpt><trkpt lat="37.189386" lon="127.046262"><time>2026-05-17T08:36:49.000Z</time><ele>41.04</ele></trkpt><trkpt lat="37.189339" lon="127.046344"><time>2026-05-17T08:36:51.000Z</time><ele>42.08</ele></trkpt><trkpt lat="37.189288" lon="127.046409"><time>2026-05-17T08:36:53.000Z</time><ele>42.26</ele></trkpt><trkpt lat="37.18922" lon="127.046501"><time>2026-05-17T08:36:55.000Z</time><ele>43.12</ele></trkpt><trkpt lat="37.18918" lon="127.046542"><time>2026-05-17T08:36:56.000Z</time><ele>43.31</ele></trkpt><trkpt lat="37.189142" lon="127.046583"><time>2026-05-17T08:36:57.000Z</time><ele>43.55</ele></trkpt><trkpt lat="37.189093" lon="127.046622"><time>2026-05-17T08:36:58.000Z</time><ele>43.88</ele></trkpt><trkpt lat="37.189039" lon="127.046661"><time>2026-05-17T08:36:59.000Z</time><ele>44.27</ele></trkpt><trkpt lat="37.188968" lon="127.046707"><time>2026-05-17T08:37:00.000Z</time><ele>44.91</ele></trkpt><trkpt lat="37.188869" lon="127.046746"><time>2026-05-17T08:37:01.000Z</time><ele>45.14</ele></trkpt><trkpt lat="37.188788" lon="127.046775"><time>2026-05-17T08:37:02.000Z</time><ele>46.37</ele></trkpt><trkpt lat="37.18869" lon="127.046805"><time>2026-05-17T08:37:03.000Z</time><ele>46.94</ele></trkpt><trkpt lat="37.188592" lon="127.04682"><time>2026-05-17T08:37:04.000Z</time><ele>48</ele></trkpt><trkpt lat="37.188497" lon="127.046833"><time>2026-05-17T08:37:05.000Z</time><ele>46.95</ele></trkpt><trkpt lat="37.188405" lon="127.046848"><time>2026-05-17T08:37:06.000Z</time><ele>47.15</ele></trkpt><trkpt lat="37.188303" lon="127.046872"><time>2026-05-17T08:37:07.000Z</time><ele>47.77</ele></trkpt><trkpt lat="37.188197" lon="127.046879"><time>2026-05-17T08:37:08.000Z</time><ele>47.61</ele></trkpt><trkpt lat="37.188079" lon="127.04691"><time>2026-05-17T08:37:09.000Z</time><ele>48.43</ele></trkpt><trkpt lat="37.187959" lon="127.046936"><time>2026-05-17T08:37:10.000Z</time><ele>49</ele></trkpt><trkpt lat="37.187833" lon="127.046956"><time>2026-05-17T08:37:11.001Z</time><ele>48.97</ele></trkpt><trkpt lat="37.18771" lon="127.046971"><time>2026-05-17T08:37:12.001Z</time><ele>49.18</ele></trkpt><trkpt lat="37.187594" lon="127.04699"><time>2026-05-17T08:37:13.001Z</time><ele>49.2</ele></trkpt><trkpt lat="37.187483" lon="127.04701"><time>2026-05-17T08:37:14.001Z</time><ele>49.55</ele></trkpt><trkpt lat="37.18737" lon="127.047028"><time>2026-05-17T08:37:15.001Z</time><ele>49.82</ele></trkpt><trkpt lat="37.18726" lon="127.047038"><time>2026-05-17T08:37:16.001Z</time><ele>49.8</ele></trkpt><trkpt lat="37.187149" lon="127.047052"><time>2026-05-17T08:37:17.001Z</time><ele>50.42</ele></trkpt><trkpt lat="37.187027" lon="127.047101"><time>2026-05-17T08:37:18.001Z</time><ele>52.03</ele></trkpt><trkpt lat="37.186892" lon="127.047123"><time>2026-05-17T08:37:19.001Z</time><ele>52.37</ele></trkpt><trkpt lat="37.18676" lon="127.047153"><time>2026-05-17T08:37:20.001Z</time><ele>52.81</ele></trkpt><trkpt lat="37.186631" lon="127.047186"><time>2026-05-17T08:37:21.001Z</time><ele>53.91</ele></trkpt><trkpt lat="37.186502" lon="127.047251"><time>2026-05-17T08:37:22.001Z</time><ele>54.69</ele></trkpt><trkpt lat="37.18636" lon="127.047307"><time>2026-05-17T08:37:23.001Z</time><ele>56.79</ele></trkpt><trkpt lat="37.186221" lon="127.047362"><time>2026-05-17T08:37:24.001Z</time><ele>58.87</ele></trkpt><trkpt lat="37.186074" lon="127.047399"><time>2026-05-17T08:37:25.001Z</time><ele>61.03</ele></trkpt><trkpt lat="37.185934" lon="127.047462"><time>2026-05-17T08:37:26.001Z</time><ele>62.62</ele></trkpt><trkpt lat="37.185808" lon="127.047495"><time>2026-05-17T08:37:27.001Z</time><ele>63.36</ele></trkpt><trkpt lat="37.185686" lon="127.047543"><time>2026-05-17T08:37:28.001Z</time><ele>63.12</ele></trkpt><trkpt lat="37.185552" lon="127.047591"><time>2026-05-17T08:37:29.001Z</time><ele>62.85</ele></trkpt><trkpt lat="37.185419" lon="127.047639"><time>2026-05-17T08:37:30.001Z</time><ele>63.4</ele></trkpt><trkpt lat="37.185289" lon="127.047696"><time>2026-05-17T08:37:31.001Z</time><ele>63.26</ele></trkpt><trkpt lat="37.185161" lon="127.047759"><time>2026-05-17T08:37:32.001Z</time><ele>62.89</ele></trkpt><trkpt lat="37.185039" lon="127.047836"><time>2026-05-17T08:37:33.001Z</time><ele>63.6</ele></trkpt><trkpt lat="37.184921" lon="127.047923"><time>2026-05-17T08:37:34.001Z</time><ele>64.13</ele></trkpt><trkpt lat="37.184796" lon="127.048001"><time>2026-05-17T08:37:35.001Z</time><ele>64.54</ele></trkpt><trkpt lat="37.184676" lon="127.04808"><time>2026-05-17T08:37:36.001Z</time><ele>64.44</ele></trkpt><trkpt lat="37.184551" lon="127.048164"><time>2026-05-17T08:37:37.001Z</time><ele>64.76</ele></trkpt><trkpt lat="37.184436" lon="127.048249"><time>2026-05-17T08:37:38.001Z</time><ele>64.87</ele></trkpt><trkpt lat="37.184324" lon="127.048349"><time>2026-05-17T08:37:39.001Z</time><ele>64.93</ele></trkpt><trkpt lat="37.184224" lon="127.048445"><time>2026-05-17T08:37:40.001Z</time><ele>65.43</ele></trkpt><trkpt lat="37.184123" lon="127.048548"><time>2026-05-17T08:37:41.001Z</time><ele>65.12</ele></trkpt><trkpt lat="37.18402" lon="127.04865"><time>2026-05-17T08:37:42.001Z</time><ele>65.4</ele></trkpt><trkpt lat="37.183911" lon="127.048761"><time>2026-05-17T08:37:43.001Z</time><ele>65.36</ele></trkpt><trkpt lat="37.183796" lon="127.048869"><time>2026-05-17T08:37:44.001Z</time><ele>64.62</ele></trkpt><trkpt lat="37.183691" lon="127.048975"><time>2026-05-17T08:37:45.001Z</time><ele>63.84</ele></trkpt><trkpt lat="37.183584" lon="127.049087"><time>2026-05-17T08:37:46.001Z</time><ele>64.07</ele></trkpt><trkpt lat="37.183467" lon="127.049196"><time>2026-05-17T08:37:47.001Z</time><ele>63.92</ele></trkpt><trkpt lat="37.183353" lon="127.049305"><time>2026-05-17T08:37:48.001Z</time><ele>63.42</ele></trkpt><trkpt lat="37.183237" lon="127.049416"><time>2026-05-17T08:37:49.001Z</time><ele>62.93</ele></trkpt><trkpt lat="37.183126" lon="127.049531"><time>2026-05-17T08:37:50.001Z</time><ele>61.93</ele></trkpt><trkpt lat="37.183011" lon="127.049651"><time>2026-05-17T08:37:51.001Z</time><ele>61.98</ele></trkpt><trkpt lat="37.1829" lon="127.049763"><time>2026-05-17T08:37:52.001Z</time><ele>61.1</ele></trkpt><trkpt lat="37.182779" lon="127.049885"><time>2026-05-17T08:37:53.001Z</time><ele>60.65</ele></trkpt><trkpt lat="37.182659" lon="127.050011"><time>2026-05-17T08:37:54.001Z</time><ele>60.21</ele></trkpt><trkpt lat="37.182544" lon="127.050139"><time>2026-05-17T08:37:55.001Z</time><ele>59.79</ele></trkpt><trkpt lat="37.182435" lon="127.050262"><time>2026-05-17T08:37:56.001Z</time><ele>58.55</ele></trkpt><trkpt lat="37.182318" lon="127.050398"><time>2026-05-17T08:37:57.001Z</time><ele>58.89</ele></trkpt><trkpt lat="37.182192" lon="127.050539"><time>2026-05-17T08:37:58.001Z</time><ele>58.45</ele></trkpt><trkpt lat="37.18206" lon="127.050697"><time>2026-05-17T08:37:59.001Z</time><ele>58.17</ele></trkpt><trkpt lat="37.181925" lon="127.050856"><time>2026-05-17T08:38:00.001Z</time><ele>57.9</ele></trkpt><trkpt lat="37.181799" lon="127.051017"><time>2026-05-17T08:38:01.001Z</time><ele>56.99</ele></trkpt><trkpt lat="37.181667" lon="127.05119"><time>2026-05-17T08:38:02.001Z</time><ele>55.27</ele></trkpt><trkpt lat="37.181529" lon="127.051368"><time>2026-05-17T08:38:03.001Z</time><ele>54.39</ele></trkpt><trkpt lat="37.181401" lon="127.051543"><time>2026-05-17T08:38:04.001Z</time><ele>53.79</ele></trkpt><trkpt lat="37.181268" lon="127.051726"><time>2026-05-17T08:38:05.001Z</time><ele>53.44</ele></trkpt><trkpt lat="37.181143" lon="127.051908"><time>2026-05-17T08:38:06.001Z</time><ele>52.34</ele></trkpt><trkpt lat="37.18102" lon="127.052098"><time>2026-05-17T08:38:07.001Z</time><ele>51.94</ele></trkpt><trkpt lat="37.180898" lon="127.052289"><time>2026-05-17T08:38:08.001Z</time><ele>51.27</ele></trkpt><trkpt lat="37.18078" lon="127.052472"><time>2026-05-17T08:38:09.001Z</time><ele>51.07</ele></trkpt><trkpt lat="37.180671" lon="127.052658"><time>2026-05-17T08:38:10.001Z</time><ele>50</ele></trkpt><trkpt lat="37.180557" lon="127.052851"><time>2026-05-17T08:38:11.001Z</time><ele>49.56</ele></trkpt><trkpt lat="37.180445" lon="127.053045"><time>2026-05-17T08:38:12.001Z</time><ele>49.04</ele></trkpt><trkpt lat="37.180337" lon="127.053233"><time>2026-05-17T08:38:13.001Z</time><ele>48.48</ele></trkpt><trkpt lat="37.180227" lon="127.05343"><time>2026-05-17T08:38:14.001Z</time><ele>48.03</ele></trkpt><trkpt lat="37.180124" lon="127.05363"><time>2026-05-17T08:38:15.001Z</time><ele>47.61</ele></trkpt><trkpt lat="37.180029" lon="127.05382"><time>2026-05-17T08:38:16.001Z</time><ele>46.69</ele></trkpt><trkpt lat="37.179937" lon="127.054005"><time>2026-05-17T08:38:17.001Z</time><ele>46.51</ele></trkpt><trkpt lat="37.179847" lon="127.054184"><time>2026-05-17T08:38:18.001Z</time><ele>46.05</ele></trkpt><trkpt lat="37.179753" lon="127.054368"><time>2026-05-17T08:38:19.001Z</time><ele>46</ele></trkpt><trkpt lat="37.179662" lon="127.054541"><time>2026-05-17T08:38:20.002Z</time><ele>45.41</ele></trkpt><trkpt lat="37.179577" lon="127.054709"><time>2026-05-17T08:38:21.002Z</time><ele>44.4</ele></trkpt><trkpt lat="37.179492" lon="127.054882"><time>2026-05-17T08:38:22.002Z</time><ele>43.41</ele></trkpt><trkpt lat="37.179399" lon="127.055057"><time>2026-05-17T08:38:23.002Z</time><ele>42.98</ele></trkpt><trkpt lat="37.17931" lon="127.055237"><time>2026-05-17T08:38:24.002Z</time><ele>42.1</ele></trkpt><trkpt lat="37.17922" lon="127.055421"><time>2026-05-17T08:38:25.002Z</time><ele>41.32</ele></trkpt><trkpt lat="37.179123" lon="127.055612"><time>2026-05-17T08:38:26.002Z</time><ele>40.92</ele></trkpt><trkpt lat="37.179028" lon="127.055798"><time>2026-05-17T08:38:27.002Z</time><ele>40.08</ele></trkpt><trkpt lat="37.178939" lon="127.055975"><time>2026-05-17T08:38:28.002Z</time><ele>39.62</ele></trkpt><trkpt lat="37.178855" lon="127.056143"><time>2026-05-17T08:38:29.002Z</time><ele>39.05</ele></trkpt><trkpt lat="37.178769" lon="127.056307"><time>2026-05-17T08:38:30.002Z</time><ele>38.62</ele></trkpt><trkpt lat="37.178686" lon="127.056458"><time>2026-05-17T08:38:31.002Z</time><ele>37.36</ele></trkpt><trkpt lat="37.178593" lon="127.056632"><time>2026-05-17T08:38:32.002Z</time><ele>36.72</ele></trkpt><trkpt lat="37.178473" lon="127.056815"><time>2026-05-17T08:38:33.002Z</time><ele>37.04</ele></trkpt><trkpt lat="37.17834" lon="127.057012"><time>2026-05-17T08:38:34.002Z</time><ele>36.16</ele></trkpt><trkpt lat="37.178208" lon="127.057237"><time>2026-05-17T08:38:35.002Z</time><ele>36.11</ele></trkpt><trkpt lat="37.178067" lon="127.057474"><time>2026-05-17T08:38:36.000Z</time><ele>35.82</ele></trkpt><trkpt lat="37.177909" lon="127.057707"><time>2026-05-17T08:38:37.000Z</time><ele>35.07</ele></trkpt><trkpt lat="37.177744" lon="127.057928"><time>2026-05-17T08:38:38.000Z</time><ele>34.19</ele></trkpt><trkpt lat="37.177573" lon="127.058169"><time>2026-05-17T08:38:39.000Z</time><ele>33.87</ele></trkpt><trkpt lat="37.177401" lon="127.058414"><time>2026-05-17T08:38:40.000Z</time><ele>33.28</ele></trkpt><trkpt lat="37.177217" lon="127.058647"><time>2026-05-17T08:38:41.000Z</time><ele>33.11</ele></trkpt><trkpt lat="37.177019" lon="127.058862"><time>2026-05-17T08:38:42.000Z</time><ele>32.89</ele></trkpt><trkpt lat="37.176818" lon="127.059071"><time>2026-05-17T08:38:43.000Z</time><ele>32.72</ele></trkpt><trkpt lat="37.176619" lon="127.05927"><time>2026-05-17T08:38:44.000Z</time><ele>32.74</ele></trkpt><trkpt lat="37.176433" lon="127.059469"><time>2026-05-17T08:38:45.000Z</time><ele>32.66</ele></trkpt><trkpt lat="37.176244" lon="127.059665"><time>2026-05-17T08:38:46.000Z</time><ele>32.17</ele></trkpt><trkpt lat="37.176056" lon="127.059853"><time>2026-05-17T08:38:47.000Z</time><ele>32.16</ele></trkpt><trkpt lat="37.175864" lon="127.060051"><time>2026-05-17T08:38:48.000Z</time><ele>31.73</ele></trkpt><trkpt lat="37.175662" lon="127.060256"><time>2026-05-17T08:38:49.000Z</time><ele>31.69</ele></trkpt><trkpt lat="37.175456" lon="127.060465"><time>2026-05-17T08:38:50.000Z</time><ele>31.55</ele></trkpt><trkpt lat="37.175259" lon="127.060665"><time>2026-05-17T08:38:51.000Z</time><ele>31.61</ele></trkpt><trkpt lat="37.175079" lon="127.060854"><time>2026-05-17T08:38:52.000Z</time><ele>31.83</ele></trkpt><trkpt lat="37.174904" lon="127.06103"><time>2026-05-17T08:38:53.000Z</time><ele>31.51</ele></trkpt><trkpt lat="37.174735" lon="127.061205"><time>2026-05-17T08:38:54.000Z</time><ele>31.43</ele></trkpt><trkpt lat="37.17456" lon="127.06138"><time>2026-05-17T08:38:55.000Z</time><ele>31.13</ele></trkpt><trkpt lat="37.174387" lon="127.061543"><time>2026-05-17T08:38:56.000Z</time><ele>30.79</ele></trkpt><trkpt lat="37.174223" lon="127.061694"><time>2026-05-17T08:38:57.000Z</time><ele>31.05</ele></trkpt><trkpt lat="37.17406" lon="127.061829"><time>2026-05-17T08:38:58.000Z</time><ele>30.95</ele></trkpt><trkpt lat="37.173904" lon="127.06196"><time>2026-05-17T08:38:59.000Z</time><ele>30.62</ele></trkpt><trkpt lat="37.17375" lon="127.062083"><time>2026-05-17T08:39:00.000Z</time><ele>30.29</ele></trkpt><trkpt lat="37.173594" lon="127.062203"><time>2026-05-17T08:39:01.000Z</time><ele>30.28</ele></trkpt><trkpt lat="37.173439" lon="127.062317"><time>2026-05-17T08:39:02.000Z</time><ele>30.88</ele></trkpt><trkpt lat="37.173284" lon="127.062425"><time>2026-05-17T08:39:03.000Z</time><ele>30.95</ele></trkpt><trkpt lat="37.173126" lon="127.062528"><time>2026-05-17T08:39:04.000Z</time><ele>31.05</ele></trkpt><trkpt lat="37.172969" lon="127.062621"><time>2026-05-17T08:39:05.000Z</time><ele>30.83</ele></trkpt><trkpt lat="37.172822" lon="127.062712"><time>2026-05-17T08:39:06.000Z</time><ele>31.06</ele></trkpt><trkpt lat="37.17268" lon="127.06279"><time>2026-05-17T08:39:07.000Z</time><ele>31.01</ele></trkpt><trkpt lat="37.172547" lon="127.062861"><time>2026-05-17T08:39:08.000Z</time><ele>31.19</ele></trkpt><trkpt lat="37.172414" lon="127.062932"><time>2026-05-17T08:39:09.000Z</time><ele>30.56</ele></trkpt><trkpt lat="37.172269" lon="127.063001"><time>2026-05-17T08:39:10.000Z</time><ele>31.16</ele></trkpt><trkpt lat="37.172135" lon="127.063067"><time>2026-05-17T08:39:11.000Z</time><ele>31.41</ele></trkpt><trkpt lat="37.172012" lon="127.063128"><time>2026-05-17T08:39:12.000Z</time><ele>31.41</ele></trkpt><trkpt lat="37.171904" lon="127.063174"><time>2026-05-17T08:39:13.000Z</time><ele>30.58</ele></trkpt><trkpt lat="37.17181" lon="127.063212"><time>2026-05-17T08:39:14.000Z</time><ele>30.39</ele></trkpt><trkpt lat="37.171735" lon="127.063246"><time>2026-05-17T08:39:15.000Z</time><ele>30.46</ele></trkpt><trkpt lat="37.171668" lon="127.063271"><time>2026-05-17T08:39:16.000Z</time><ele>30.55</ele></trkpt><trkpt lat="37.171614" lon="127.063289"><time>2026-05-17T08:39:17.000Z</time><ele>30.23</ele></trkpt><trkpt lat="37.171569" lon="127.063306"><time>2026-05-17T08:39:18.000Z</time><ele>29.91</ele></trkpt><trkpt lat="37.171522" lon="127.063325"><time>2026-05-17T08:39:19.000Z</time><ele>29.9</ele></trkpt><trkpt lat="37.171448" lon="127.063353"><time>2026-05-17T08:39:21.000Z</time><ele>29.81</ele></trkpt><trkpt lat="37.171401" lon="127.063339"><time>2026-05-17T08:40:20.001Z</time><ele>27.33</ele></trkpt><trkpt lat="37.171322" lon="127.063376"><time>2026-05-17T08:40:29.001Z</time><ele>28.51</ele></trkpt><trkpt lat="37.171264" lon="127.063395"><time>2026-05-17T08:40:30.001Z</time><ele>28.52</ele></trkpt><trkpt lat="37.171207" lon="127.063418"><time>2026-05-17T08:40:31.002Z</time><ele>28.7</ele></trkpt><trkpt lat="37.171143" lon="127.063443"><time>2026-05-17T08:40:32.002Z</time><ele>28.72</ele></trkpt><trkpt lat="37.171068" lon="127.06347"><time>2026-05-17T08:40:33.002Z</time><ele>28.81</ele></trkpt><trkpt lat="37.170989" lon="127.063498"><time>2026-05-17T08:40:34.002Z</time><ele>28.72</ele></trkpt><trkpt lat="37.1709" lon="127.063521"><time>2026-05-17T08:40:35.002Z</time><ele>28.84</ele></trkpt><trkpt lat="37.169582" lon="127.063822"><time>2026-05-17T08:40:45.000Z</time><ele>29.82</ele></trkpt><trkpt lat="37.169423" lon="127.063858"><time>2026-05-17T08:40:46.000Z</time><ele>29.5</ele></trkpt><trkpt lat="37.169265" lon="127.063895"><time>2026-05-17T08:40:47.000Z</time><ele>29.62</ele></trkpt><trkpt lat="37.169096" lon="127.063937"><time>2026-05-17T08:40:48.000Z</time><ele>30.37</ele></trkpt><trkpt lat="37.168928" lon="127.063972"><time>2026-05-17T08:40:49.000Z</time><ele>29.38</ele></trkpt><trkpt lat="37.16875" lon="127.064013"><time>2026-05-17T08:40:50.000Z</time><ele>29.2</ele></trkpt><trkpt lat="37.168564" lon="127.064055"><time>2026-05-17T08:40:51.000Z</time><ele>29.37</ele></trkpt><trkpt lat="37.168376" lon="127.064103"><time>2026-05-17T08:40:52.000Z</time><ele>29.01</ele></trkpt><trkpt lat="37.168188" lon="127.064148"><time>2026-05-17T08:40:53.000Z</time><ele>28.91</ele></trkpt><trkpt lat="37.168001" lon="127.064195"><time>2026-05-17T08:40:54.000Z</time><ele>28.53</ele></trkpt><trkpt lat="37.167812" lon="127.064238"><time>2026-05-17T08:40:55.000Z</time><ele>28.03</ele></trkpt><trkpt lat="37.167623" lon="127.064281"><time>2026-05-17T08:40:56.000Z</time><ele>28.27</ele></trkpt><trkpt lat="37.167434" lon="127.064325"><time>2026-05-17T08:40:57.000Z</time><ele>27.88</ele></trkpt><trkpt lat="37.167239" lon="127.064365"><time>2026-05-17T08:40:58.000Z</time><ele>27.36</ele></trkpt><trkpt lat="37.167053" lon="127.064411"><time>2026-05-17T08:40:59.000Z</time><ele>26.91</ele></trkpt><trkpt lat="37.166872" lon="127.064453"><time>2026-05-17T08:41:00.000Z</time><ele>26.86</ele></trkpt><trkpt lat="37.166708" lon="127.064491"><time>2026-05-17T08:41:01.000Z</time><ele>26.17</ele></trkpt><trkpt lat="37.166549" lon="127.06453"><time>2026-05-17T08:41:02.000Z</time><ele>26.22</ele></trkpt><trkpt lat="37.166405" lon="127.064571"><time>2026-05-17T08:41:03.000Z</time><ele>25.58</ele></trkpt><trkpt lat="37.166276" lon="127.064629"><time>2026-05-17T08:41:04.000Z</time><ele>25.2</ele></trkpt><trkpt lat="37.166168" lon="127.064683"><time>2026-05-17T08:41:05.000Z</time><ele>24.46</ele></trkpt><trkpt lat="37.166077" lon="127.064739"><time>2026-05-17T08:41:06.000Z</time><ele>24.94</ele></trkpt><trkpt lat="37.166014" lon="127.064779"><time>2026-05-17T08:41:07.000Z</time><ele>24.06</ele></trkpt><trkpt lat="37.165962" lon="127.064806"><time>2026-05-17T08:41:08.000Z</time><ele>23.83</ele></trkpt><trkpt lat="37.165912" lon="127.064836"><time>2026-05-17T08:41:09.000Z</time><ele>24.19</ele></trkpt><trkpt lat="37.16587" lon="127.064864"><time>2026-05-17T08:41:10.000Z</time><ele>24.06</ele></trkpt><trkpt lat="37.165803" lon="127.064917"><time>2026-05-17T08:41:12.000Z</time><ele>24.09</ele></trkpt><trkpt lat="37.165762" lon="127.06495"><time>2026-05-17T08:41:15.000Z</time><ele>24.81</ele></trkpt><trkpt lat="37.165697" lon="127.06501"><time>2026-05-17T08:42:06.001Z</time><ele>26.59</ele></trkpt><trkpt lat="37.165654" lon="127.065044"><time>2026-05-17T08:42:07.001Z</time><ele>26.73</ele></trkpt><trkpt lat="37.165598" lon="127.065092"><time>2026-05-17T08:42:08.001Z</time><ele>26.87</ele></trkpt><trkpt lat="37.165543" lon="127.065135"><time>2026-05-17T08:42:09.001Z</time><ele>26.95</ele></trkpt><trkpt lat="37.165475" lon="127.06519"><time>2026-05-17T08:42:10.001Z</time><ele>26.84</ele></trkpt><trkpt lat="37.165399" lon="127.065251"><time>2026-05-17T08:42:11.001Z</time><ele>26.93</ele></trkpt><trkpt lat="37.165309" lon="127.065324"><time>2026-05-17T08:42:12.001Z</time><ele>27.33</ele></trkpt><trkpt lat="37.165215" lon="127.065403"><time>2026-05-17T08:42:13.001Z</time><ele>27.33</ele></trkpt><trkpt lat="37.165121" lon="127.065479"><time>2026-05-17T08:42:14.001Z</time><ele>27.14</ele></trkpt><trkpt lat="37.165018" lon="127.065564"><time>2026-05-17T08:42:15.001Z</time><ele>27.24</ele></trkpt><trkpt lat="37.164908" lon="127.065654"><time>2026-05-17T08:42:16.001Z</time><ele>27.52</ele></trkpt><trkpt lat="37.164798" lon="127.065743"><time>2026-05-17T08:42:17.001Z</time><ele>27.45</ele></trkpt><trkpt lat="37.164684" lon="127.065836"><time>2026-05-17T08:42:18.001Z</time><ele>27.52</ele></trkpt><trkpt lat="37.164567" lon="127.065936"><time>2026-05-17T08:42:19.001Z</time><ele>27.08</ele></trkpt><trkpt lat="37.164449" lon="127.066038"><time>2026-05-17T08:42:20.001Z</time><ele>26.5</ele></trkpt><trkpt lat="37.164325" lon="127.066143"><time>2026-05-17T08:42:21.001Z</time><ele>26.27</ele></trkpt><trkpt lat="37.164193" lon="127.066251"><time>2026-05-17T08:42:22.001Z</time><ele>25.82</ele></trkpt><trkpt lat="37.164058" lon="127.066362"><time>2026-05-17T08:42:23.001Z</time><ele>25.4</ele></trkpt><trkpt lat="37.163925" lon="127.066479"><time>2026-05-17T08:42:24.001Z</time><ele>25.41</ele></trkpt><trkpt lat="37.163793" lon="127.066614"><time>2026-05-17T08:42:25.001Z</time><ele>24.88</ele></trkpt><trkpt lat="37.163649" lon="127.066711"><time>2026-05-17T08:42:26.001Z</time><ele>24.77</ele></trkpt><trkpt lat="37.163524" lon="127.066811"><time>2026-05-17T08:42:27.001Z</time><ele>24.04</ele></trkpt><trkpt lat="37.163416" lon="127.06692"><time>2026-05-17T08:42:28.001Z</time><ele>22.9</ele></trkpt><trkpt lat="37.16331" lon="127.067002"><time>2026-05-17T08:42:29.001Z</time><ele>22.82</ele></trkpt><trkpt lat="37.163218" lon="127.06707"><time>2026-05-17T08:42:30.001Z</time><ele>22.62</ele></trkpt><trkpt lat="37.163142" lon="127.067132"><time>2026-05-17T08:42:31.001Z</time><ele>22.62</ele></trkpt><trkpt lat="37.16308" lon="127.06718"><time>2026-05-17T08:42:32.001Z</time><ele>22.67</ele></trkpt><trkpt lat="37.163026" lon="127.067224"><time>2026-05-17T08:42:33.001Z</time><ele>23.45</ele></trkpt><trkpt lat="37.16298" lon="127.067256"><time>2026-05-17T08:42:34.001Z</time><ele>22.71</ele></trkpt><trkpt lat="37.162938" lon="127.067287"><time>2026-05-17T08:42:35.001Z</time><ele>22.86</ele></trkpt><trkpt lat="37.162879" lon="127.067331"><time>2026-05-17T08:42:37.002Z</time><ele>22.77</ele></trkpt><trkpt lat="37.16281" lon="127.067387"><time>2026-05-17T08:44:02.001Z</time><ele>22.95</ele></trkpt><trkpt lat="37.162773" lon="127.067424"><time>2026-05-17T08:44:03.001Z</time><ele>22.69</ele></trkpt><trkpt lat="37.162714" lon="127.067454"><time>2026-05-17T08:44:04.001Z</time><ele>22.58</ele></trkpt><trkpt lat="37.16267" lon="127.06749"><time>2026-05-17T08:44:05.001Z</time><ele>22.41</ele></trkpt><trkpt lat="37.162775" lon="127.067788"><time>2026-05-17T08:44:07.001Z</time><ele>22.69</ele></trkpt><trkpt lat="37.162855" lon="127.067881"><time>2026-05-17T08:44:08.001Z</time><ele>22.91</ele></trkpt><trkpt lat="37.162946" lon="127.067957"><time>2026-05-17T08:44:09.001Z</time><ele>23.78</ele></trkpt><trkpt lat="37.163047" lon="127.068022"><time>2026-05-17T08:44:10.001Z</time><ele>24.37</ele></trkpt><trkpt lat="37.163155" lon="127.068075"><time>2026-05-17T08:44:11.001Z</time><ele>24.05</ele></trkpt><trkpt lat="37.163261" lon="127.068116"><time>2026-05-17T08:44:12.001Z</time><ele>24.02</ele></trkpt><trkpt lat="37.163354" lon="127.068167"><time>2026-05-17T08:44:13.001Z</time><ele>23.91</ele></trkpt><trkpt lat="37.163409" lon="127.06826"><time>2026-05-17T08:44:14.001Z</time><ele>24.82</ele></trkpt><trkpt lat="37.163456" lon="127.068389"><time>2026-05-17T08:44:15.001Z</time><ele>26.52</ele></trkpt><trkpt lat="37.163494" lon="127.068542"><time>2026-05-17T08:44:16.001Z</time><ele>27.89</ele></trkpt><trkpt lat="37.163502" lon="127.068698"><time>2026-05-17T08:44:17.001Z</time><ele>28.07</ele></trkpt><trkpt lat="37.163441" lon="127.06884"><time>2026-05-17T08:44:18.001Z</time><ele>29.05</ele></trkpt><trkpt lat="37.163373" lon="127.068984"><time>2026-05-17T08:44:19.001Z</time><ele>29.02</ele></trkpt><trkpt lat="37.163295" lon="127.069136"><time>2026-05-17T08:44:20.001Z</time><ele>29.8</ele></trkpt><trkpt lat="37.16324" lon="127.06932"><time>2026-05-17T08:44:21.001Z</time><ele>32.99</ele></trkpt><trkpt lat="37.163165" lon="127.069477"><time>2026-05-17T08:44:22.001Z</time><ele>32.9</ele></trkpt><trkpt lat="37.163126" lon="127.069651"><time>2026-05-17T08:44:23.001Z</time><ele>33.24</ele></trkpt><trkpt lat="37.163098" lon="127.069833"><time>2026-05-17T08:44:24.001Z</time><ele>34.54</ele></trkpt><trkpt lat="37.16305" lon="127.070004"><time>2026-05-17T08:44:25.001Z</time><ele>34.27</ele></trkpt><trkpt lat="37.16301" lon="127.070159"><time>2026-05-17T08:44:26.001Z</time><ele>33.46</ele></trkpt><trkpt lat="37.162972" lon="127.070297"><time>2026-05-17T08:44:27.001Z</time><ele>33.64</ele></trkpt><trkpt lat="37.162959" lon="127.070436"><time>2026-05-17T08:44:28.001Z</time><ele>34.19</ele></trkpt><trkpt lat="37.162949" lon="127.070601"><time>2026-05-17T08:44:29.001Z</time><ele>34.59</ele></trkpt><trkpt lat="37.162966" lon="127.070772"><time>2026-05-17T08:44:30.001Z</time><ele>33.6</ele></trkpt><trkpt lat="37.163" lon="127.070951"><time>2026-05-17T08:44:31.001Z</time><ele>32.62</ele></trkpt><trkpt lat="37.163023" lon="127.071113"><time>2026-05-17T08:44:32.001Z</time><ele>33.03</ele></trkpt><trkpt lat="37.163045" lon="127.071251"><time>2026-05-17T08:44:33.001Z</time><ele>32.62</ele></trkpt><trkpt lat="37.163081" lon="127.071366"><time>2026-05-17T08:44:34.001Z</time><ele>32.38</ele></trkpt><trkpt lat="37.163119" lon="127.071444"><time>2026-05-17T08:44:35.001Z</time><ele>30.71</ele></trkpt><trkpt lat="37.163151" lon="127.071507"><time>2026-05-17T08:44:36.001Z</time><ele>30.02</ele></trkpt><trkpt lat="37.163178" lon="127.071556"><time>2026-05-17T08:44:37.001Z</time><ele>29.21</ele></trkpt><trkpt lat="37.163206" lon="127.071614"><time>2026-05-17T08:44:39.002Z</time><ele>28.81</ele></trkpt><trkpt lat="37.163241" lon="127.071679"><time>2026-05-17T08:44:43.002Z</time><ele>28.32</ele></trkpt><trkpt lat="37.163266" lon="127.071733"><time>2026-05-17T08:44:45.002Z</time><ele>27.87</ele></trkpt><trkpt lat="37.163282" lon="127.071787"><time>2026-05-17T08:44:47.002Z</time><ele>27.3</ele></trkpt><trkpt lat="37.163315" lon="127.071848"><time>2026-05-17T08:44:50.002Z</time><ele>25.81</ele></trkpt><trkpt lat="37.1632" lon="127.071957"><time>2026-05-17T08:44:52.002Z</time><ele>24.25</ele></trkpt><trkpt lat="37.163151" lon="127.071975"><time>2026-05-17T08:44:53.002Z</time><ele>23.56</ele></trkpt><trkpt lat="37.163048" lon="127.071954"><time>2026-05-17T08:44:55.000Z</time><ele>22.14</ele></trkpt><trkpt lat="37.162914" lon="127.071941"><time>2026-05-17T08:44:57.000Z</time><ele>21.32</ele></trkpt><trkpt lat="37.162844" lon="127.071925"><time>2026-05-17T08:44:58.000Z</time><ele>21.46</ele></trkpt><trkpt lat="37.162789" lon="127.071905"><time>2026-05-17T08:44:59.000Z</time><ele>21.75</ele></trkpt><trkpt lat="37.162744" lon="127.071882"><time>2026-05-17T08:45:00.000Z</time><ele>21.13</ele></trkpt><trkpt lat="37.162691" lon="127.071852"><time>2026-05-17T08:45:01.000Z</time><ele>20.98</ele></trkpt><trkpt lat="37.162627" lon="127.071834"><time>2026-05-17T08:45:02.000Z</time><ele>20.93</ele></trkpt><trkpt lat="37.162564" lon="127.071794"><time>2026-05-17T08:45:03.000Z</time><ele>21.06</ele></trkpt><trkpt lat="37.162504" lon="127.071754"><time>2026-05-17T08:45:04.000Z</time><ele>21.24</ele></trkpt><trkpt lat="37.162453" lon="127.071721"><time>2026-05-17T08:45:05.000Z</time><ele>21.09</ele></trkpt><trkpt lat="37.162413" lon="127.071686"><time>2026-05-17T08:45:06.000Z</time><ele>20.32</ele></trkpt><trkpt lat="37.162477" lon="127.071521"><time>2026-05-17T08:45:09.000Z</time><ele>20.36</ele></trkpt><trkpt lat="37.1625" lon="127.07145"><time>2026-05-17T08:45:10.000Z</time><ele>20.2</ele></trkpt><trkpt lat="37.16252" lon="127.071375"><time>2026-05-17T08:45:12.000Z</time><ele>19.55</ele></trkpt><trkpt lat="37.162529" lon="127.071307"><time>2026-05-17T08:45:14.000Z</time><ele>20.12</ele></trkpt><trkpt lat="37.162364" lon="127.071402"><time>2026-05-17T08:45:19.012Z</time><ele>20.67</ele></trkpt><trkpt lat="37.162261" lon="127.071419"><time>2026-05-17T08:45:24.000Z</time><ele>25.68</ele></trkpt><trkpt lat="37.162223" lon="127.071462"><time>2026-05-17T08:45:27.000Z</time><ele>25.63</ele></trkpt><trkpt lat="37.162215" lon="127.071578"><time>2026-05-17T08:45:49.001Z</time><ele>26</ele></trkpt><trkpt lat="37.162305" lon="127.071561"><time>2026-05-17T08:45:57.001Z</time><ele>21.01</ele></trkpt><trkpt lat="37.16226" lon="127.071588"><time>2026-05-17T08:46:09.001Z</time><ele>21.81</ele></trkpt><trkpt lat="37.162296" lon="127.07155"><time>2026-05-17T08:46:11.001Z</time><ele>21.9</ele></trkpt><trkpt lat="37.162223" lon="127.071671"><time>2026-05-17T08:46:18.001Z</time><ele>31.36</ele></trkpt><trkpt lat="37.162278" lon="127.071531"><time>2026-05-17T08:46:30.001Z</time><ele>31.26</ele></trkpt><trkpt lat="37.162278" lon="127.071473"><time>2026-05-17T08:46:32.001Z</time><ele>31.48</ele></trkpt><trkpt lat="37.162293" lon="127.071387"><time>2026-05-17T08:46:35.001Z</time><ele>31.58</ele></trkpt><trkpt lat="37.162265" lon="127.071333"><time>2026-05-17T08:46:40.001Z</time><ele>30.29</ele></trkpt><trkpt lat="37.162274" lon="127.07155"><time>2026-05-17T08:46:52.002Z</time><ele>22.14</ele></trkpt><trkpt lat="37.162305" lon="127.071726"><time>2026-05-17T08:47:14.000Z</time><ele>27.13</ele></trkpt><trkpt lat="37.16232" lon="127.071471"><time>2026-05-17T08:47:31.000Z</time><ele>22.29</ele></trkpt><trkpt lat="37.16221" lon="127.071598"><time>2026-05-17T08:47:39.000Z</time><ele>22.94</ele></trkpt><trkpt lat="37.162258" lon="127.071536"><time>2026-05-17T08:47:47.001Z</time><ele>26.2</ele></trkpt><trkpt lat="37.162243" lon="127.071579"><time>2026-05-17T08:47:55.001Z</time><ele>38.15</ele></trkpt><trkpt lat="37.162271" lon="127.071513"><time>2026-05-17T08:47:57.001Z</time><ele>37.96</ele></trkpt><trkpt lat="37.162331" lon="127.071478"><time>2026-05-17T08:48:00.001Z</time><ele>37.54</ele></trkpt><trkpt lat="37.162376" lon="127.071462"><time>2026-05-17T08:48:02.001Z</time><ele>37.43</ele></trkpt><trkpt lat="37.162369" lon="127.071545"><time>2026-05-17T08:48:17.001Z</time><ele>26.28</ele></trkpt><trkpt lat="37.162277" lon="127.071617"><time>2026-05-17T08:48:26.001Z</time><ele>32.46</ele></trkpt><trkpt lat="37.162323" lon="127.07147"><time>2026-05-17T08:48:35.001Z</time><ele>26.58</ele></trkpt><trkpt lat="37.162278" lon="127.071479"><time>2026-05-17T08:48:39.001Z</time><ele>26.47</ele></trkpt></trkseg></trk></gpx>