<?xml version="1.0" encoding="UTF-8"?><gpx version="1.1" creator="Relive" xmlns="http://www.topografix.com/GPX/1/1" xmlns:xsi="http://www.w3.org/2001/XMLSchema-instance" xsi:schemaLocation="http://www.topografix.com/GPX/1/1 http://www.topografix.com/GPX/1/1/gpx.xsd http://www.garmin.com/xmlschemas/TrackPointExtension/v1 http://www.garmin.com/xmlschemas/TrackPointExtensionv1.xsd http://www.garmin.com/xmlschemas/GpxExtensions/v3 http://www.garmin.com/xmlschemas/GpxExtensionsv3.xsd" xmlns:gpxtpx="http://www.garmin.com/xmlschemas/TrackPointExtension/v1" xmlns:gpxx="http://www.garmin.com/xmlschemas/GpxExtensions/v3"><metadata><time>2026-10-03T01:37:43.063Z</time><name>10월 3일 오전</name></metadata><trk><trkseg><trkpt lat="37.162321" lon="127.071653"><time>2026-10-03T01:37:43.063Z</time><ele>26.81</ele></trkpt><trkpt lat="37.162256" lon="127.071707"><time>2026-10-03T01:37:45.065Z</time><ele>23.73</ele></trkpt><trkpt lat="37.162299" lon="127.071662"><time>2026-10-03T01:37:53.036Z</time><ele>25.38</ele></trkpt><trkpt lat="37.16204" lon="127.071546"><time>2026-10-03T01:37:59.024Z</time><ele>25.92</ele></trkpt><trkpt lat="37.162068" lon="127.071594"><time>2026-10-03T01:38:02.019Z</time><ele>26.64</ele></trkpt><trkpt lat="37.162141" lon="127.071617"><time>2026-10-03T01:38:09.012Z</time><ele>29.51</ele></trkpt><trkpt lat="37.162187" lon="127.071614"><time>2026-10-03T01:38:16.007Z</time><ele>24.31</ele></trkpt><trkpt lat="37.162222" lon="127.071722"><time>2026-10-03T01:38:18.006Z</time><ele>24.75</ele></trkpt><trkpt lat="37.16227" lon="127.071615"><time>2026-10-03T01:38:54.000Z</time><ele>23.59</ele></trkpt><trkpt lat="37.162267" lon="127.071682"><time>2026-10-03T01:38:58.000Z</time><ele>23.51</ele></trkpt><trkpt lat="37.162319" lon="127.07173"><time>2026-10-03T01:39:00.000Z</time><ele>23.04</ele></trkpt><trkpt lat="37.162369" lon="127.071799"><time>2026-10-03T01:39:03.000Z</time><ele>23.25</ele></trkpt><trkpt lat="37.162414" lon="127.071805"><time>2026-10-03T01:39:05.999Z</time><ele>23.21</ele></trkpt><trkpt lat="37.162493" lon="127.071843"><time>2026-10-03T01:39:08.999Z</time><ele>23.75</ele></trkpt><trkpt lat="37.162545" lon="127.071862"><time>2026-10-03T01:39:09.999Z</time><ele>24</ele></trkpt><trkpt lat="37.16259" lon="127.071883"><time>2026-10-03T01:39:10.999Z</time><ele>24.49</ele></trkpt><trkpt lat="37.16265" lon="127.071905"><time>2026-10-03T01:39:11.999Z</time><ele>25.11</ele></trkpt><trkpt lat="37.162716" lon="127.071922"><time>2026-10-03T01:39:12.999Z</time><ele>25.29</ele></trkpt><trkpt lat="37.162767" lon="127.07195"><time>2026-10-03T01:39:13.999Z</time><ele>25.96</ele></trkpt><trkpt lat="37.162828" lon="127.071974"><time>2026-10-03T01:39:14.999Z</time><ele>26.07</ele></trkpt><trkpt lat="37.162873" lon="127.071983"><time>2026-10-03T01:39:15.999Z</time><ele>26.56</ele></trkpt><trkpt lat="37.162948" lon="127.071993"><time>2026-10-03T01:39:17.999Z</time><ele>26.37</ele></trkpt><trkpt lat="37.162998" lon="127.071993"><time>2026-10-03T01:39:18.999Z</time><ele>26.76</ele></trkpt><trkpt lat="37.163057" lon="127.072004"><time>2026-10-03T01:39:19.999Z</time><ele>27.67</ele></trkpt><trkpt lat="37.16311" lon="127.072012"><time>2026-10-03T01:39:20.999Z</time><ele>28.39</ele></trkpt><trkpt lat="37.163157" lon="127.072016"><time>2026-10-03T01:39:21.999Z</time><ele>28.99</ele></trkpt><trkpt lat="37.163206" lon="127.072027"><time>2026-10-03T01:39:22.999Z</time><ele>29.13</ele></trkpt><trkpt lat="37.163251" lon="127.072035"><time>2026-10-03T01:39:23.999Z</time><ele>29.52</ele></trkpt><trkpt lat="37.16331" lon="127.072045"><time>2026-10-03T01:39:25.999Z</time><ele>29.57</ele></trkpt><trkpt lat="37.163356" lon="127.07205"><time>2026-10-03T01:39:29.999Z</time><ele>29.09</ele></trkpt><trkpt lat="37.163438" lon="127.072166"><time>2026-10-03T01:39:33.999Z</time><ele>28.99</ele></trkpt><trkpt lat="37.163427" lon="127.072255"><time>2026-10-03T01:39:34.999Z</time><ele>29.13</ele></trkpt><trkpt lat="37.163415" lon="127.072332"><time>2026-10-03T01:39:35.999Z</time><ele>29.5</ele></trkpt><trkpt lat="37.163407" lon="127.0724"><time>2026-10-03T01:39:36.999Z</time><ele>29.54</ele></trkpt><trkpt lat="37.163397" lon="127.072466"><time>2026-10-03T01:39:37.999Z</time><ele>29.56</ele></trkpt><trkpt lat="37.163387" lon="127.072534"><time>2026-10-03T01:39:38.999Z</time><ele>29.53</ele></trkpt><trkpt lat="37.163378" lon="127.072611"><time>2026-10-03T01:39:39.999Z</time><ele>29.6</ele></trkpt><trkpt lat="37.163364" lon="127.072672"><time>2026-10-03T01:39:40.999Z</time><ele>29.68</ele></trkpt><trkpt lat="37.163345" lon="127.072731"><time>2026-10-03T01:39:41.999Z</time><ele>29.11</ele></trkpt><trkpt lat="37.16332" lon="127.072793"><time>2026-10-03T01:39:42.999Z</time><ele>28.97</ele></trkpt><trkpt lat="37.163297" lon="127.072846"><time>2026-10-03T01:39:43.999Z</time><ele>28.92</ele></trkpt><trkpt lat="37.163244" lon="127.072952"><time>2026-10-03T01:39:45.999Z</time><ele>29.72</ele></trkpt><trkpt lat="37.163204" lon="127.073008"><time>2026-10-03T01:39:46.999Z</time><ele>29.06</ele></trkpt><trkpt lat="37.163168" lon="127.073053"><time>2026-10-03T01:39:47.999Z</time><ele>29.77</ele></trkpt><trkpt lat="37.163153" lon="127.073122"><time>2026-10-03T01:39:49.000Z</time><ele>29.68</ele></trkpt><trkpt lat="37.163119" lon="127.073185"><time>2026-10-03T01:39:50.000Z</time><ele>29.8</ele></trkpt><trkpt lat="37.163052" lon="127.073203"><time>2026-10-03T01:39:51.000Z</time><ele>29.28</ele></trkpt><trkpt lat="37.163025" lon="127.073254"><time>2026-10-03T01:39:52.000Z</time><ele>29.07</ele></trkpt><trkpt lat="37.162975" lon="127.073337"><time>2026-10-03T01:39:54.000Z</time><ele>29.09</ele></trkpt><trkpt lat="37.162945" lon="127.073383"><time>2026-10-03T01:39:54.998Z</time><ele>28.8</ele></trkpt><trkpt lat="37.162917" lon="127.07343"><time>2026-10-03T01:39:55.998Z</time><ele>28.71</ele></trkpt><trkpt lat="37.162868" lon="127.073512"><time>2026-10-03T01:39:57.998Z</time><ele>28.99</ele></trkpt><trkpt lat="37.162828" lon="127.073582"><time>2026-10-03T01:39:59.998Z</time><ele>28.56</ele></trkpt><trkpt lat="37.162777" lon="127.073676"><time>2026-10-03T01:40:01.999Z</time><ele>28.58</ele></trkpt><trkpt lat="37.162728" lon="127.073759"><time>2026-10-03T01:40:03.999Z</time><ele>27.91</ele></trkpt><trkpt lat="37.162687" lon="127.073842"><time>2026-10-03T01:40:05.999Z</time><ele>27.51</ele></trkpt><trkpt lat="37.162635" lon="127.073935"><time>2026-10-03T01:40:07.999Z</time><ele>27.65</ele></trkpt><trkpt lat="37.162605" lon="127.073993"><time>2026-10-03T01:40:08.999Z</time><ele>27.4</ele></trkpt><trkpt lat="37.162577" lon="127.074041"><time>2026-10-03T01:40:09.999Z</time><ele>26.1</ele></trkpt><trkpt lat="37.162546" lon="127.074087"><time>2026-10-03T01:40:10.999Z</time><ele>25.89</ele></trkpt><trkpt lat="37.162514" lon="127.074146"><time>2026-10-03T01:40:11.999Z</time><ele>25.5</ele></trkpt><trkpt lat="37.162479" lon="127.074215"><time>2026-10-03T01:40:12.999Z</time><ele>25.84</ele></trkpt><trkpt lat="37.161989" lon="127.075098"><time>2026-10-03T01:40:23.000Z</time><ele>24.5</ele></trkpt><trkpt lat="37.16194" lon="127.075186"><time>2026-10-03T01:40:24.000Z</time><ele>24.04</ele></trkpt><trkpt lat="37.161892" lon="127.075266"><time>2026-10-03T01:40:25.000Z</time><ele>23.28</ele></trkpt><trkpt lat="37.161842" lon="127.075353"><time>2026-10-03T01:40:26.000Z</time><ele>23.53</ele></trkpt><trkpt lat="37.161796" lon="127.07544"><time>2026-10-03T01:40:27.000Z</time><ele>23.36</ele></trkpt><trkpt lat="37.161752" lon="127.075509"><time>2026-10-03T01:40:28.000Z</time><ele>23.75</ele></trkpt><trkpt lat="37.161707" lon="127.075583"><time>2026-10-03T01:40:29.000Z</time><ele>24.69</ele></trkpt><trkpt lat="37.16166" lon="127.075659"><time>2026-10-03T01:40:30.000Z</time><ele>25.7</ele></trkpt><trkpt lat="37.161512" lon="127.075543"><time>2026-10-03T01:40:33.000Z</time><ele>24.42</ele></trkpt><trkpt lat="37.161411" lon="127.075469"><time>2026-10-03T01:40:34.000Z</time><ele>24.53</ele></trkpt><trkpt lat="37.161306" lon="127.075386"><time>2026-10-03T01:40:35.000Z</time><ele>24.43</ele></trkpt><trkpt lat="37.161201" lon="127.075279"><time>2026-10-03T01:40:36.000Z</time><ele>23.77</ele></trkpt><trkpt lat="37.161107" lon="127.07518"><time>2026-10-03T01:40:37.000Z</time><ele>23.43</ele></trkpt><trkpt lat="37.161028" lon="127.075093"><time>2026-10-03T01:40:38.000Z</time><ele>22.21</ele></trkpt><trkpt lat="37.160958" lon="127.075013"><time>2026-10-03T01:40:39.000Z</time><ele>22.06</ele></trkpt><trkpt lat="37.160893" lon="127.074932"><time>2026-10-03T01:40:40.000Z</time><ele>21.36</ele></trkpt><trkpt lat="37.16083" lon="127.074838"><time>2026-10-03T01:40:41.000Z</time><ele>21.65</ele></trkpt><trkpt lat="37.160751" lon="127.074736"><time>2026-10-03T01:40:42.000Z</time><ele>22.06</ele></trkpt><trkpt lat="37.160669" lon="127.074639"><time>2026-10-03T01:40:43.000Z</time><ele>22.11</ele></trkpt><trkpt lat="37.160586" lon="127.074538"><time>2026-10-03T01:40:44.000Z</time><ele>22.43</ele></trkpt><trkpt lat="37.160517" lon="127.07444"><time>2026-10-03T01:40:45.000Z</time><ele>21.96</ele></trkpt><trkpt lat="37.160462" lon="127.074347"><time>2026-10-03T01:40:46.000Z</time><ele>21.89</ele></trkpt><trkpt lat="37.16041" lon="127.074265"><time>2026-10-03T01:40:47.000Z</time><ele>21.37</ele></trkpt><trkpt lat="37.160364" lon="127.074191"><time>2026-10-03T01:40:48.000Z</time><ele>21.06</ele></trkpt><trkpt lat="37.160314" lon="127.074108"><time>2026-10-03T01:40:49.000Z</time><ele>21.9</ele></trkpt><trkpt lat="37.160256" lon="127.074016"><time>2026-10-03T01:40:50.000Z</time><ele>21.5</ele></trkpt><trkpt lat="37.1602" lon="127.073916"><time>2026-10-03T01:40:51.000Z</time><ele>21.02</ele></trkpt><trkpt lat="37.160138" lon="127.073807"><time>2026-10-03T01:40:52.000Z</time><ele>21.25</ele></trkpt><trkpt lat="37.160078" lon="127.0737"><time>2026-10-03T01:40:53.000Z</time><ele>21.11</ele></trkpt><trkpt lat="37.160018" lon="127.0736"><time>2026-10-03T01:40:54.000Z</time><ele>21.22</ele></trkpt><trkpt lat="37.159962" lon="127.073516"><time>2026-10-03T01:40:55.000Z</time><ele>21.29</ele></trkpt><trkpt lat="37.159901" lon="127.073432"><time>2026-10-03T01:40:56.000Z</time><ele>21.33</ele></trkpt><trkpt lat="37.159842" lon="127.07334"><time>2026-10-03T01:40:57.000Z</time><ele>22.06</ele></trkpt><trkpt lat="37.159776" lon="127.073245"><time>2026-10-03T01:40:58.000Z</time><ele>22.09</ele></trkpt><trkpt lat="37.15972" lon="127.073147"><time>2026-10-03T01:40:59.000Z</time><ele>22.06</ele></trkpt><trkpt lat="37.159661" lon="127.073059"><time>2026-10-03T01:41:00.000Z</time><ele>22.2</ele></trkpt><trkpt lat="37.15961" lon="127.072974"><time>2026-10-03T01:41:01.000Z</time><ele>21.56</ele></trkpt><trkpt lat="37.159554" lon="127.072879"><time>2026-10-03T01:41:02.000Z</time><ele>22.1</ele></trkpt><trkpt lat="37.15951" lon="127.072787"><time>2026-10-03T01:41:03.000Z</time><ele>22.68</ele></trkpt><trkpt lat="37.159457" lon="127.072692"><time>2026-10-03T01:41:04.000Z</time><ele>22.65</ele></trkpt><trkpt lat="37.159398" lon="127.072588"><time>2026-10-03T01:41:05.000Z</time><ele>22.58</ele></trkpt><trkpt lat="37.159333" lon="127.072483"><time>2026-10-03T01:41:06.000Z</time><ele>22.39</ele></trkpt><trkpt lat="37.159273" lon="127.072387"><time>2026-10-03T01:41:07.000Z</time><ele>22.41</ele></trkpt><trkpt lat="37.159212" lon="127.072289"><time>2026-10-03T01:41:08.000Z</time><ele>22.64</ele></trkpt><trkpt lat="37.159144" lon="127.07218"><time>2026-10-03T01:41:09.001Z</time><ele>22.52</ele></trkpt><trkpt lat="37.159074" lon="127.072093"><time>2026-10-03T01:41:10.001Z</time><ele>21.23</ele></trkpt><trkpt lat="37.15903" lon="127.071987"><time>2026-10-03T01:41:11.001Z</time><ele>20.89</ele></trkpt><trkpt lat="37.158979" lon="127.071897"><time>2026-10-03T01:41:12.001Z</time><ele>20.79</ele></trkpt><trkpt lat="37.158928" lon="127.071814"><time>2026-10-03T01:41:13.001Z</time><ele>21.16</ele></trkpt><trkpt lat="37.158881" lon="127.071734"><time>2026-10-03T01:41:14.001Z</time><ele>20.95</ele></trkpt><trkpt lat="37.158828" lon="127.07166"><time>2026-10-03T01:41:15.001Z</time><ele>21.51</ele></trkpt><trkpt lat="37.158781" lon="127.071586"><time>2026-10-03T01:41:16.001Z</time><ele>21.49</ele></trkpt><trkpt lat="37.158734" lon="127.071507"><time>2026-10-03T01:41:17.001Z</time><ele>21.9</ele></trkpt><trkpt lat="37.15869" lon="127.071407"><time>2026-10-03T01:41:18.001Z</time><ele>21.29</ele></trkpt><trkpt lat="37.158621" lon="127.071331"><time>2026-10-03T01:41:19.001Z</time><ele>20.96</ele></trkpt><trkpt lat="37.158603" lon="127.071206"><time>2026-10-03T01:41:20.001Z</time><ele>19.14</ele></trkpt><trkpt lat="37.158546" lon="127.071096"><time>2026-10-03T01:41:21.001Z</time><ele>17.61</ele></trkpt><trkpt lat="37.158495" lon="127.070998"><time>2026-10-03T01:41:22.001Z</time><ele>17.58</ele></trkpt><trkpt lat="37.158443" lon="127.070909"><time>2026-10-03T01:41:23.001Z</time><ele>17.65</ele></trkpt><trkpt lat="37.158392" lon="127.070819"><time>2026-10-03T01:41:24.001Z</time><ele>17.48</ele></trkpt><trkpt lat="37.158341" lon="127.070725"><time>2026-10-03T01:41:25.001Z</time><ele>17.79</ele></trkpt><trkpt lat="37.158294" lon="127.070625"><time>2026-10-03T01:41:26.001Z</time><ele>17.23</ele></trkpt><trkpt lat="37.158206" lon="127.070608"><time>2026-10-03T01:41:27.001Z</time><ele>16.7</ele></trkpt><trkpt lat="37.158154" lon="127.07055"><time>2026-10-03T01:41:28.001Z</time><ele>19.12</ele></trkpt><trkpt lat="37.158128" lon="127.070472"><time>2026-10-03T01:41:29.001Z</time><ele>20.22</ele></trkpt><trkpt lat="37.158083" lon="127.07044"><time>2026-10-03T01:41:30.001Z</time><ele>20.7</ele></trkpt><trkpt lat="37.158058" lon="127.070373"><time>2026-10-03T01:41:31.001Z</time><ele>21.15</ele></trkpt><trkpt lat="37.158008" lon="127.070314"><time>2026-10-03T01:41:32.001Z</time><ele>21.16</ele></trkpt><trkpt lat="37.157944" lon="127.07025"><time>2026-10-03T01:41:33.001Z</time><ele>21.86</ele></trkpt><trkpt lat="37.157914" lon="127.070165"><time>2026-10-03T01:41:34.001Z</time><ele>21.12</ele></trkpt><trkpt lat="37.157856" lon="127.070077"><time>2026-10-03T01:41:35.001Z</time><ele>21.59</ele></trkpt><trkpt lat="37.157802" lon="127.06999"><time>2026-10-03T01:41:36.001Z</time><ele>21.96</ele></trkpt><trkpt lat="37.15775" lon="127.069908"><time>2026-10-03T01:41:37.001Z</time><ele>21.53</ele></trkpt><trkpt lat="37.157697" lon="127.069821"><time>2026-10-03T01:41:38.001Z</time><ele>22.11</ele></trkpt><trkpt lat="37.157642" lon="127.069732"><time>2026-10-03T01:41:39.001Z</time><ele>21.79</ele></trkpt><trkpt lat="37.157585" lon="127.06964"><time>2026-10-03T01:41:40.001Z</time><ele>21.87</ele></trkpt><trkpt lat="37.157536" lon="127.069559"><time>2026-10-03T01:41:41.001Z</time><ele>21.62</ele></trkpt><trkpt lat="37.157489" lon="127.069483"><time>2026-10-03T01:41:42.001Z</time><ele>21.55</ele></trkpt><trkpt lat="37.15744" lon="127.069404"><time>2026-10-03T01:41:43.001Z</time><ele>21.23</ele></trkpt><trkpt lat="37.15739" lon="127.069323"><time>2026-10-03T01:41:44.001Z</time><ele>21.41</ele></trkpt><trkpt lat="37.157338" lon="127.069238"><time>2026-10-03T01:41:45.001Z</time><ele>21.06</ele></trkpt><trkpt lat="37.157288" lon="127.069153"><time>2026-10-03T01:41:46.001Z</time><ele>21.29</ele></trkpt><trkpt lat="37.157236" lon="127.06907"><time>2026-10-03T01:41:47.001Z</time><ele>21.22</ele></trkpt><trkpt lat="37.157187" lon="127.068991"><time>2026-10-03T01:41:48.001Z</time><ele>21.34</ele></trkpt><trkpt lat="37.157129" lon="127.068898"><time>2026-10-03T01:41:49.001Z</time><ele>21.3</ele></trkpt><trkpt lat="37.157067" lon="127.0688"><time>2026-10-03T01:41:50.001Z</time><ele>21.08</ele></trkpt><trkpt lat="37.157007" lon="127.068704"><time>2026-10-03T01:41:51.001Z</time><ele>20.95</ele></trkpt><trkpt lat="37.156951" lon="127.068615"><time>2026-10-03T01:41:52.001Z</time><ele>20.88</ele></trkpt><trkpt lat="37.156895" lon="127.068525"><time>2026-10-03T01:41:53.001Z</time><ele>21.14</ele></trkpt><trkpt lat="37.156843" lon="127.068442"><time>2026-10-03T01:41:54.001Z</time><ele>21.07</ele></trkpt><trkpt lat="37.15679" lon="127.068355"><time>2026-10-03T01:41:55.001Z</time><ele>21.01</ele></trkpt><trkpt lat="37.156761" lon="127.068265"><time>2026-10-03T01:41:56.001Z</time><ele>20.82</ele></trkpt><trkpt lat="37.156697" lon="127.068174"><time>2026-10-03T01:41:57.001Z</time><ele>20.95</ele></trkpt><trkpt lat="37.156638" lon="127.068107"><time>2026-10-03T01:41:58.001Z</time><ele>20.73</ele></trkpt><trkpt lat="37.156589" lon="127.068051"><time>2026-10-03T01:41:59.001Z</time><ele>20.71</ele></trkpt><trkpt lat="37.156554" lon="127.06801"><time>2026-10-03T01:42:00.001Z</time><ele>20.82</ele></trkpt><trkpt lat="37.156491" lon="127.067936"><time>2026-10-03T01:42:02.000Z</time><ele>21</ele></trkpt><trkpt lat="37.156439" lon="127.067888"><time>2026-10-03T01:42:04.000Z</time><ele>21.05</ele></trkpt><trkpt lat="37.156405" lon="127.067833"><time>2026-10-03T01:42:13.000Z</time><ele>21.96</ele></trkpt><trkpt lat="37.156382" lon="127.06777"><time>2026-10-03T01:42:46.000Z</time><ele>24.6</ele></trkpt><trkpt lat="37.156178" lon="127.067717"><time>2026-10-03T01:42:51.000Z</time><ele>25.65</ele></trkpt><trkpt lat="37.156102" lon="127.067746"><time>2026-10-03T01:42:52.000Z</time><ele>25.99</ele></trkpt><trkpt lat="37.156017" lon="127.067784"><time>2026-10-03T01:42:53.000Z</time><ele>26.15</ele></trkpt><trkpt lat="37.15592" lon="127.067831"><time>2026-10-03T01:42:54.000Z</time><ele>26.3</ele></trkpt><trkpt lat="37.155818" lon="127.067879"><time>2026-10-03T01:42:55.000Z</time><ele>26.9</ele></trkpt><trkpt lat="37.15571" lon="127.067929"><time>2026-10-03T01:42:56.000Z</time><ele>27.05</ele></trkpt><trkpt lat="37.15561" lon="127.067969"><time>2026-10-03T01:42:57.000Z</time><ele>27.33</ele></trkpt><trkpt lat="37.15552" lon="127.068006"><time>2026-10-03T01:42:58.000Z</time><ele>27.29</ele></trkpt><trkpt lat="37.155435" lon="127.068043"><time>2026-10-03T01:42:59.000Z</time><ele>27.24</ele></trkpt><trkpt lat="37.155344" lon="127.068083"><time>2026-10-03T01:43:00.000Z</time><ele>27.41</ele></trkpt><trkpt lat="37.155255" lon="127.068121"><time>2026-10-03T01:43:01.000Z</time><ele>27.16</ele></trkpt><trkpt lat="37.155165" lon="127.068161"><time>2026-10-03T01:43:02.000Z</time><ele>26.99</ele></trkpt><trkpt lat="37.155083" lon="127.068198"><time>2026-10-03T01:43:03.001Z</time><ele>27.1</ele></trkpt><trkpt lat="37.155018" lon="127.068228"><time>2026-10-03T01:43:04.001Z</time><ele>27.18</ele></trkpt><trkpt lat="37.154967" lon="127.068246"><time>2026-10-03T01:43:05.001Z</time><ele>27.05</ele></trkpt><trkpt lat="37.154895" lon="127.068265"><time>2026-10-03T01:43:07.001Z</time><ele>26.68</ele></trkpt><trkpt lat="37.154829" lon="127.068274"><time>2026-10-03T01:43:25.001Z</time><ele>25.8</ele></trkpt><trkpt lat="37.154793" lon="127.068307"><time>2026-10-03T01:43:28.001Z</time><ele>25.64</ele></trkpt><trkpt lat="37.154729" lon="127.068178"><time>2026-10-03T01:43:31.001Z</time><ele>25.26</ele></trkpt><trkpt lat="37.154689" lon="127.068123"><time>2026-10-03T01:43:32.001Z</time><ele>24.91</ele></trkpt><trkpt lat="37.154641" lon="127.06806"><time>2026-10-03T01:43:33.001Z</time><ele>24.79</ele></trkpt><trkpt lat="37.154581" lon="127.067981"><time>2026-10-03T01:43:34.001Z</time><ele>24.22</ele></trkpt><trkpt lat="37.154514" lon="127.067893"><time>2026-10-03T01:43:35.001Z</time><ele>24.05</ele></trkpt><trkpt lat="37.154441" lon="127.067802"><time>2026-10-03T01:43:36.001Z</time><ele>23.76</ele></trkpt><trkpt lat="37.154369" lon="127.067728"><time>2026-10-03T01:43:37.001Z</time><ele>23.28</ele></trkpt><trkpt lat="37.154307" lon="127.067654"><time>2026-10-03T01:43:38.001Z</time><ele>22.97</ele></trkpt><trkpt lat="37.154247" lon="127.06758"><time>2026-10-03T01:43:39.001Z</time><ele>22.95</ele></trkpt><trkpt lat="37.154193" lon="127.067499"><time>2026-10-03T01:43:40.001Z</time><ele>22.17</ele></trkpt><trkpt lat="37.154145" lon="127.06742"><time>2026-10-03T01:43:41.001Z</time><ele>21.44</ele></trkpt><trkpt lat="37.154102" lon="127.067336"><time>2026-10-03T01:43:42.001Z</time><ele>20.94</ele></trkpt><trkpt lat="37.154062" lon="127.067249"><time>2026-10-03T01:43:43.001Z</time><ele>20.67</ele></trkpt><trkpt lat="37.154017" lon="127.067155"><time>2026-10-03T01:43:44.001Z</time><ele>20.13</ele></trkpt><trkpt lat="37.153978" lon="127.067059"><time>2026-10-03T01:43:45.001Z</time><ele>19.12</ele></trkpt><trkpt lat="37.15393" lon="127.066962"><time>2026-10-03T01:43:46.001Z</time><ele>18.72</ele></trkpt><trkpt lat="37.153874" lon="127.066884"><time>2026-10-03T01:43:47.001Z</time><ele>19.17</ele></trkpt><trkpt lat="37.153812" lon="127.06681"><time>2026-10-03T01:43:48.001Z</time><ele>19.46</ele></trkpt><trkpt lat="37.153763" lon="127.066727"><time>2026-10-03T01:43:49.001Z</time><ele>19.91</ele></trkpt><trkpt lat="37.153701" lon="127.066686"><time>2026-10-03T01:43:50.001Z</time><ele>20.22</ele></trkpt><trkpt lat="37.153654" lon="127.066647"><time>2026-10-03T01:43:51.001Z</time><ele>20.41</ele></trkpt><trkpt lat="37.153613" lon="127.066618"><time>2026-10-03T01:43:52.001Z</time><ele>20.44</ele></trkpt><trkpt lat="37.15358" lon="127.066576"><time>2026-10-03T01:43:53.001Z</time><ele>20.49</ele></trkpt><trkpt lat="37.15351" lon="127.066538"><time>2026-10-03T01:43:55.001Z</time><ele>21.02</ele></trkpt><trkpt lat="37.153429" lon="127.066495"><time>2026-10-03T01:43:57.001Z</time><ele>21.46</ele></trkpt><trkpt lat="37.153385" lon="127.066468"><time>2026-10-03T01:43:58.001Z</time><ele>21.69</ele></trkpt><trkpt lat="37.153332" lon="127.066458"><time>2026-10-03T01:43:59.001Z</time><ele>22</ele></trkpt><trkpt lat="37.153292" lon="127.066404"><time>2026-10-03T01:44:00.001Z</time><ele>22.28</ele></trkpt><trkpt lat="37.153233" lon="127.06638"><time>2026-10-03T01:44:01.001Z</time><ele>22.21</ele></trkpt><trkpt lat="37.153187" lon="127.066337"><time>2026-10-03T01:44:02.001Z</time><ele>22.09</ele></trkpt><trkpt lat="37.153152" lon="127.066297"><time>2026-10-03T01:44:03.001Z</time><ele>22.03</ele></trkpt><trkpt lat="37.153127" lon="127.066241"><time>2026-10-03T01:44:04.001Z</time><ele>21.89</ele></trkpt><trkpt lat="37.153087" lon="127.066194"><time>2026-10-03T01:44:05.001Z</time><ele>21.49</ele></trkpt><trkpt lat="37.153044" lon="127.066143"><time>2026-10-03T01:44:06.001Z</time><ele>21.12</ele></trkpt><trkpt lat="37.152998" lon="127.066088"><time>2026-10-03T01:44:07.000Z</time><ele>21.03</ele></trkpt><trkpt lat="37.152938" lon="127.066042"><time>2026-10-03T01:44:08.000Z</time><ele>21</ele></trkpt><trkpt lat="37.152893" lon="127.065989"><time>2026-10-03T01:44:09.000Z</time><ele>20.63</ele></trkpt><trkpt lat="37.152853" lon="127.065914"><time>2026-10-03T01:44:10.000Z</time><ele>20.77</ele></trkpt><trkpt lat="37.152788" lon="127.065865"><time>2026-10-03T01:44:11.000Z</time><ele>20.81</ele></trkpt><trkpt lat="37.152739" lon="127.0658"><time>2026-10-03T01:44:12.000Z</time><ele>20.97</ele></trkpt><trkpt lat="37.152694" lon="127.065749"><time>2026-10-03T01:44:13.000Z</time><ele>21.05</ele></trkpt><trkpt lat="37.152663" lon="127.065683"><time>2026-10-03T01:44:14.000Z</time><ele>21.06</ele></trkpt><trkpt lat="37.15262" lon="127.065631"><time>2026-10-03T01:44:15.000Z</time><ele>20.78</ele></trkpt><trkpt lat="37.152572" lon="127.065572"><time>2026-10-03T01:44:16.000Z</time><ele>20.76</ele></trkpt><trkpt lat="37.152519" lon="127.065509"><time>2026-10-03T01:44:17.000Z</time><ele>20.71</ele></trkpt><trkpt lat="37.152465" lon="127.065456"><time>2026-10-03T01:44:18.000Z</time><ele>20.53</ele></trkpt><trkpt lat="37.152422" lon="127.065392"><time>2026-10-03T01:44:19.000Z</time><ele>20.8</ele></trkpt><trkpt lat="37.152374" lon="127.065321"><time>2026-10-03T01:44:20.000Z</time><ele>20.72</ele></trkpt><trkpt lat="37.15233" lon="127.065265"><time>2026-10-03T01:44:21.000Z</time><ele>20.5</ele></trkpt><trkpt lat="37.152287" lon="127.065215"><time>2026-10-03T01:44:22.000Z</time><ele>20.62</ele></trkpt><trkpt lat="37.152238" lon="127.065162"><time>2026-10-03T01:44:24.000Z</time><ele>20.5</ele></trkpt><trkpt lat="37.152202" lon="127.065123"><time>2026-10-03T01:44:27.000Z</time><ele>20.65</ele></trkpt><trkpt lat="37.152122" lon="127.065054"><time>2026-10-03T01:44:57.000Z</time><ele>21.92</ele></trkpt><trkpt lat="37.15208" lon="127.064997"><time>2026-10-03T01:44:58.000Z</time><ele>22.18</ele></trkpt><trkpt lat="37.152034" lon="127.064933"><time>2026-10-03T01:44:59.000Z</time><ele>22.2</ele></trkpt><trkpt lat="37.151991" lon="127.064883"><time>2026-10-03T01:45:00.000Z</time><ele>22.12</ele></trkpt><trkpt lat="37.151941" lon="127.064821"><time>2026-10-03T01:45:01.001Z</time><ele>22.01</ele></trkpt><trkpt lat="37.151892" lon="127.064757"><time>2026-10-03T01:45:02.001Z</time><ele>21.87</ele></trkpt><trkpt lat="37.151826" lon="127.064681"><time>2026-10-03T01:45:03.001Z</time><ele>21.82</ele></trkpt><trkpt lat="37.151748" lon="127.0646"><time>2026-10-03T01:45:04.001Z</time><ele>21.61</ele></trkpt><trkpt lat="37.151664" lon="127.064523"><time>2026-10-03T01:45:05.001Z</time><ele>21.39</ele></trkpt><trkpt lat="37.151574" lon="127.064442"><time>2026-10-03T01:45:06.001Z</time><ele>21.19</ele></trkpt><trkpt lat="37.151505" lon="127.064351"><time>2026-10-03T01:45:07.001Z</time><ele>20.94</ele></trkpt><trkpt lat="37.151428" lon="127.064278"><time>2026-10-03T01:45:08.001Z</time><ele>21.01</ele></trkpt><trkpt lat="37.15134" lon="127.064208"><time>2026-10-03T01:45:09.001Z</time><ele>21.31</ele></trkpt><trkpt lat="37.151254" lon="127.064146"><time>2026-10-03T01:45:10.001Z</time><ele>20.91</ele></trkpt><trkpt lat="37.15117" lon="127.064096"><time>2026-10-03T01:45:11.001Z</time><ele>20.99</ele></trkpt><trkpt lat="37.151094" lon="127.064054"><time>2026-10-03T01:45:12.001Z</time><ele>20.97</ele></trkpt><trkpt lat="37.151019" lon="127.064006"><time>2026-10-03T01:45:13.001Z</time><ele>21.11</ele></trkpt><trkpt lat="37.150932" lon="127.063961"><time>2026-10-03T01:45:14.001Z</time><ele>21.07</ele></trkpt><trkpt lat="37.150844" lon="127.063906"><time>2026-10-03T01:45:15.001Z</time><ele>20.69</ele></trkpt><trkpt lat="37.150756" lon="127.063859"><time>2026-10-03T01:45:16.001Z</time><ele>21.46</ele></trkpt><trkpt lat="37.15068" lon="127.063821"><time>2026-10-03T01:45:17.001Z</time><ele>21.3</ele></trkpt><trkpt lat="37.150593" lon="127.063785"><time>2026-10-03T01:45:18.001Z</time><ele>21.25</ele></trkpt><trkpt lat="37.150501" lon="127.063745"><time>2026-10-03T01:45:19.001Z</time><ele>21.21</ele></trkpt><trkpt lat="37.150418" lon="127.063711"><time>2026-10-03T01:45:20.001Z</time><ele>20.91</ele></trkpt><trkpt lat="37.150329" lon="127.063677"><time>2026-10-03T01:45:21.001Z</time><ele>20.82</ele></trkpt><trkpt lat="37.150239" lon="127.063647"><time>2026-10-03T01:45:22.001Z</time><ele>20.75</ele></trkpt><trkpt lat="37.150154" lon="127.063621"><time>2026-10-03T01:45:23.001Z</time><ele>20.6</ele></trkpt><trkpt lat="37.150076" lon="127.063599"><time>2026-10-03T01:45:24.001Z</time><ele>20.5</ele></trkpt><trkpt lat="37.149992" lon="127.063587"><time>2026-10-03T01:45:25.001Z</time><ele>20.32</ele></trkpt><trkpt lat="37.149917" lon="127.063581"><time>2026-10-03T01:45:26.001Z</time><ele>19.93</ele></trkpt><trkpt lat="37.149841" lon="127.063574"><time>2026-10-03T01:45:27.001Z</time><ele>19.92</ele></trkpt><trkpt lat="37.149775" lon="127.063568"><time>2026-10-03T01:45:28.001Z</time><ele>19.85</ele></trkpt><trkpt lat="37.149718" lon="127.063567"><time>2026-10-03T01:45:29.001Z</time><ele>19.69</ele></trkpt><trkpt lat="37.149647" lon="127.063548"><time>2026-10-03T01:45:31.001Z</time><ele>20.16</ele></trkpt><trkpt lat="37.149578" lon="127.063524"><time>2026-10-03T01:45:33.001Z</time><ele>20.06</ele></trkpt><trkpt lat="37.149525" lon="127.063457"><time>2026-10-03T01:45:35.001Z</time><ele>19.96</ele></trkpt><trkpt lat="37.149523" lon="127.063199"><time>2026-10-03T01:45:38.001Z</time><ele>22.42</ele></trkpt><trkpt lat="37.149537" lon="127.06309"><time>2026-10-03T01:45:39.001Z</time><ele>22.47</ele></trkpt><trkpt lat="37.149548" lon="127.062996"><time>2026-10-03T01:45:40.001Z</time><ele>22.2</ele></trkpt><trkpt lat="37.149559" lon="127.062906"><time>2026-10-03T01:45:41.001Z</time><ele>21.86</ele></trkpt><trkpt lat="37.149575" lon="127.06281"><time>2026-10-03T01:45:42.001Z</time><ele>21.67</ele></trkpt><trkpt lat="37.149589" lon="127.062721"><time>2026-10-03T01:45:43.001Z</time><ele>21.57</ele></trkpt><trkpt lat="37.149598" lon="127.062642"><time>2026-10-03T01:45:44.001Z</time><ele>21.3</ele></trkpt><trkpt lat="37.149604" lon="127.062574"><time>2026-10-03T01:45:45.001Z</time><ele>21.59</ele></trkpt><trkpt lat="37.149607" lon="127.062515"><time>2026-10-03T01:45:46.001Z</time><ele>21.63</ele></trkpt><trkpt lat="37.149617" lon="127.062417"><time>2026-10-03T01:45:48.001Z</time><ele>21.72</ele></trkpt><trkpt lat="37.149641" lon="127.062348"><time>2026-10-03T01:45:49.001Z</time><ele>21.64</ele></trkpt><trkpt lat="37.149654" lon="127.062259"><time>2026-10-03T01:45:50.001Z</time><ele>21.67</ele></trkpt><trkpt lat="37.149655" lon="127.062155"><time>2026-10-03T01:45:51.001Z</time><ele>21.79</ele></trkpt><trkpt lat="37.149662" lon="127.062075"><time>2026-10-03T01:45:52.001Z</time><ele>21.92</ele></trkpt><trkpt lat="37.149668" lon="127.062005"><time>2026-10-03T01:45:53.001Z</time><ele>22.1</ele></trkpt><trkpt lat="37.149684" lon="127.061899"><time>2026-10-03T01:45:55.001Z</time><ele>22.39</ele></trkpt><trkpt lat="37.149685" lon="127.061829"><time>2026-10-03T01:45:57.001Z</time><ele>22.64</ele></trkpt><trkpt lat="37.149711" lon="127.061779"><time>2026-10-03T01:46:13.000Z</time><ele>24.71</ele></trkpt><trkpt lat="37.149753" lon="127.061717"><time>2026-10-03T01:46:55.000Z</time><ele>29.39</ele></trkpt><trkpt lat="37.14976" lon="127.061649"><time>2026-10-03T01:46:56.000Z</time><ele>29.3</ele></trkpt><trkpt lat="37.149769" lon="127.061564"><time>2026-10-03T01:46:57.000Z</time><ele>29.41</ele></trkpt><trkpt lat="37.149779" lon="127.061462"><time>2026-10-03T01:46:58.000Z</time><ele>29.25</ele></trkpt><trkpt lat="37.148907" lon="127.060053"><time>2026-10-03T01:47:10.001Z</time><ele>21.98</ele></trkpt><trkpt lat="37.148839" lon="127.059929"><time>2026-10-03T01:47:11.001Z</time><ele>21.41</ele></trkpt><trkpt lat="37.148777" lon="127.059816"><time>2026-10-03T01:47:12.001Z</time><ele>21.1</ele></trkpt><trkpt lat="37.148727" lon="127.059723"><time>2026-10-03T01:47:13.001Z</time><ele>20.68</ele></trkpt><trkpt lat="37.148687" lon="127.059644"><time>2026-10-03T01:47:14.001Z</time><ele>20.58</ele></trkpt><trkpt lat="37.148652" lon="127.059571"><time>2026-10-03T01:47:15.001Z</time><ele>20.26</ele></trkpt><trkpt lat="37.148617" lon="127.059511"><time>2026-10-03T01:47:16.001Z</time><ele>20.29</ele></trkpt><trkpt lat="37.14859" lon="127.059465"><time>2026-10-03T01:47:17.001Z</time><ele>20.28</ele></trkpt><trkpt lat="37.148565" lon="127.059414"><time>2026-10-03T01:47:19.001Z</time><ele>20.01</ele></trkpt><trkpt lat="37.148551" lon="127.059349"><time>2026-10-03T01:47:39.001Z</time><ele>21.35</ele></trkpt><trkpt lat="37.148513" lon="127.059287"><time>2026-10-03T01:47:40.001Z</time><ele>21.39</ele></trkpt><trkpt lat="37.148467" lon="127.05921"><time>2026-10-03T01:47:41.001Z</time><ele>21.02</ele></trkpt><trkpt lat="37.148407" lon="127.05911"><time>2026-10-03T01:47:42.001Z</time><ele>21.08</ele></trkpt><trkpt lat="37.147616" lon="127.057649"><time>2026-10-03T01:47:51.001Z</time><ele>20.61</ele></trkpt><trkpt lat="37.147534" lon="127.057488"><time>2026-10-03T01:47:52.001Z</time><ele>20.8</ele></trkpt><trkpt lat="37.147473" lon="127.057361"><time>2026-10-03T01:47:53.001Z</time><ele>20.37</ele></trkpt><trkpt lat="37.147435" lon="127.057271"><time>2026-10-03T01:47:54.001Z</time><ele>20.21</ele></trkpt><trkpt lat="37.147411" lon="127.057198"><time>2026-10-03T01:47:55.001Z</time><ele>20</ele></trkpt><trkpt lat="37.147396" lon="127.05714"><time>2026-10-03T01:47:56.001Z</time><ele>20.03</ele></trkpt><trkpt lat="37.147375" lon="127.057052"><time>2026-10-03T01:47:58.001Z</time><ele>20.42</ele></trkpt><trkpt lat="37.147346" lon="127.056966"><time>2026-10-03T01:48:18.001Z</time><ele>21.18</ele></trkpt><trkpt lat="37.147331" lon="127.056909"><time>2026-10-03T01:48:19.000Z</time><ele>21.15</ele></trkpt><trkpt lat="37.147316" lon="127.056839"><time>2026-10-03T01:48:20.000Z</time><ele>21.11</ele></trkpt><trkpt lat="37.147301" lon="127.056746"><time>2026-10-03T01:48:21.000Z</time><ele>21.25</ele></trkpt><trkpt lat="37.147283" lon="127.056638"><time>2026-10-03T01:48:22.000Z</time><ele>21.4</ele></trkpt><trkpt lat="37.147269" lon="127.056522"><time>2026-10-03T01:48:23.000Z</time><ele>21.55</ele></trkpt><trkpt lat="37.14725" lon="127.056393"><time>2026-10-03T01:48:24.000Z</time><ele>21.65</ele></trkpt><trkpt lat="37.147232" lon="127.056261"><time>2026-10-03T01:48:25.000Z</time><ele>21.83</ele></trkpt><trkpt lat="37.147216" lon="127.05613"><time>2026-10-03T01:48:26.000Z</time><ele>21.83</ele></trkpt><trkpt lat="37.147202" lon="127.056013"><time>2026-10-03T01:48:27.000Z</time><ele>21.61</ele></trkpt><trkpt lat="37.147188" lon="127.055907"><time>2026-10-03T01:48:28.000Z</time><ele>21.46</ele></trkpt><trkpt lat="37.147176" lon="127.055808"><time>2026-10-03T01:48:29.000Z</time><ele>21.41</ele></trkpt><trkpt lat="37.147165" lon="127.055717"><time>2026-10-03T01:48:30.000Z</time><ele>21.29</ele></trkpt><trkpt lat="37.147156" lon="127.055628"><time>2026-10-03T01:48:31.000Z</time><ele>21.37</ele></trkpt><trkpt lat="37.147148" lon="127.055544"><time>2026-10-03T01:48:32.000Z</time><ele>21.27</ele></trkpt><trkpt lat="37.147139" lon="127.055473"><time>2026-10-03T01:48:33.000Z</time><ele>21.24</ele></trkpt><trkpt lat="37.147129" lon="127.055409"><time>2026-10-03T01:48:34.000Z</time><ele>21.1</ele></trkpt><trkpt lat="37.147116" lon="127.055303"><time>2026-10-03T01:48:36.000Z</time><ele>21.11</ele></trkpt><trkpt lat="37.14711" lon="127.055228"><time>2026-10-03T01:48:38.000Z</time><ele>21.12</ele></trkpt><trkpt lat="37.147104" lon="127.055157"><time>2026-10-03T01:49:40.001Z</time><ele>22.11</ele></trkpt><trkpt lat="37.147091" lon="127.055101"><time>2026-10-03T01:49:41.001Z</time><ele>21.97</ele></trkpt><trkpt lat="37.1471" lon="127.055024"><time>2026-10-03T01:49:42.001Z</time><ele>22.1</ele></trkpt><trkpt lat="37.14709" lon="127.054939"><time>2026-10-03T01:49:43.001Z</time><ele>22.21</ele></trkpt><trkpt lat="37.14682" lon="127.054853"><time>2026-10-03T01:49:46.001Z</time><ele>21.32</ele></trkpt><trkpt lat="37.145806" lon="127.055063"><time>2026-10-03T01:49:54.001Z</time><ele>20.29</ele></trkpt><trkpt lat="37.145681" lon="127.055064"><time>2026-10-03T01:49:55.001Z</time><ele>20.14</ele></trkpt><trkpt lat="37.145564" lon="127.055068"><time>2026-10-03T01:49:56.001Z</time><ele>19.94</ele></trkpt><trkpt lat="37.145449" lon="127.055065"><time>2026-10-03T01:49:57.001Z</time><ele>19.82</ele></trkpt><trkpt lat="37.14534" lon="127.055056"><time>2026-10-03T01:49:58.001Z</time><ele>19.96</ele></trkpt><trkpt lat="37.145238" lon="127.055049"><time>2026-10-03T01:49:59.001Z</time><ele>19.91</ele></trkpt><trkpt lat="37.145135" lon="127.055039"><time>2026-10-03T01:50:00.001Z</time><ele>19.8</ele></trkpt><trkpt lat="37.145029" lon="127.05503"><time>2026-10-03T01:50:01.001Z</time><ele>19.9</ele></trkpt><trkpt lat="37.144913" lon="127.055017"><time>2026-10-03T01:50:02.001Z</time><ele>20.06</ele></trkpt><trkpt lat="37.144793" lon="127.055013"><time>2026-10-03T01:50:03.001Z</time><ele>20.04</ele></trkpt><trkpt lat="37.144672" lon="127.055004"><time>2026-10-03T01:50:04.001Z</time><ele>20.19</ele></trkpt><trkpt lat="37.144559" lon="127.054998"><time>2026-10-03T01:50:05.001Z</time><ele>20.4</ele></trkpt><trkpt lat="37.14444" lon="127.054992"><time>2026-10-03T01:50:06.001Z</time><ele>20.29</ele></trkpt><trkpt lat="37.144325" lon="127.054984"><time>2026-10-03T01:50:07.001Z</time><ele>20.16</ele></trkpt><trkpt lat="37.144213" lon="127.054974"><time>2026-10-03T01:50:08.001Z</time><ele>19.83</ele></trkpt><trkpt lat="37.144093" lon="127.054955"><time>2026-10-03T01:50:09.001Z</time><ele>19.93</ele></trkpt><trkpt lat="37.143963" lon="127.054936"><time>2026-10-03T01:50:10.001Z</time><ele>19.84</ele></trkpt><trkpt lat="37.143818" lon="127.054903"><time>2026-10-03T01:50:11.001Z</time><ele>19.86</ele></trkpt><trkpt lat="37.143286" lon="127.054844"><time>2026-10-03T01:50:14.001Z</time><ele>19.5</ele></trkpt><trkpt lat="37.143106" lon="127.054831"><time>2026-10-03T01:50:15.001Z</time><ele>19.38</ele></trkpt><trkpt lat="37.142942" lon="127.054819"><time>2026-10-03T01:50:16.001Z</time><ele>19.25</ele></trkpt><trkpt lat="37.142416" lon="127.054762"><time>2026-10-03T01:50:19.001Z</time><ele>19.21</ele></trkpt><trkpt lat="37.142225" lon="127.054747"><time>2026-10-03T01:50:20.001Z</time><ele>19.47</ele></trkpt><trkpt lat="37.142033" lon="127.054724"><time>2026-10-03T01:50:21.001Z</time><ele>19.35</ele></trkpt><trkpt lat="37.141832" lon="127.054715"><time>2026-10-03T01:50:22.001Z</time><ele>19.11</ele></trkpt><trkpt lat="37.14162" lon="127.054698"><time>2026-10-03T01:50:23.001Z</time><ele>18.54</ele></trkpt><trkpt lat="37.141411" lon="127.054675"><time>2026-10-03T01:50:24.001Z</time><ele>18.76</ele></trkpt><trkpt lat="37.141199" lon="127.054662"><time>2026-10-03T01:50:25.000Z</time><ele>18.27</ele></trkpt><trkpt lat="37.140986" lon="127.054644"><time>2026-10-03T01:50:26.000Z</time><ele>18.55</ele></trkpt><trkpt lat="37.140774" lon="127.054621"><time>2026-10-03T01:50:27.000Z</time><ele>18.48</ele></trkpt><trkpt lat="37.14057" lon="127.0546"><time>2026-10-03T01:50:28.000Z</time><ele>18.47</ele></trkpt><trkpt lat="37.140382" lon="127.054581"><time>2026-10-03T01:50:29.000Z</time><ele>18.49</ele></trkpt><trkpt lat="37.140201" lon="127.054564"><time>2026-10-03T01:50:30.000Z</time><ele>18.53</ele></trkpt><trkpt lat="37.14002" lon="127.054548"><time>2026-10-03T01:50:31.000Z</time><ele>18.31</ele></trkpt><trkpt lat="37.139838" lon="127.054534"><time>2026-10-03T01:50:32.000Z</time><ele>18.93</ele></trkpt><trkpt lat="37.139666" lon="127.054523"><time>2026-10-03T01:50:33.000Z</time><ele>19.05</ele></trkpt><trkpt lat="37.139493" lon="127.054508"><time>2026-10-03T01:50:34.000Z</time><ele>18.73</ele></trkpt><trkpt lat="37.139321" lon="127.054495"><time>2026-10-03T01:50:35.000Z</time><ele>19.42</ele></trkpt><trkpt lat="37.139159" lon="127.054482"><time>2026-10-03T01:50:36.000Z</time><ele>18.78</ele></trkpt><trkpt lat="37.138995" lon="127.054466"><time>2026-10-03T01:50:37.000Z</time><ele>19.08</ele></trkpt><trkpt lat="37.138833" lon="127.054449"><time>2026-10-03T01:50:38.000Z</time><ele>19.06</ele></trkpt><trkpt lat="37.13867" lon="127.054437"><time>2026-10-03T01:50:39.000Z</time><ele>19.13</ele></trkpt><trkpt lat="37.138515" lon="127.054422"><time>2026-10-03T01:50:40.000Z</time><ele>18.72</ele></trkpt><trkpt lat="37.138356" lon="127.054406"><time>2026-10-03T01:50:41.000Z</time><ele>19.07</ele></trkpt><trkpt lat="37.138198" lon="127.054392"><time>2026-10-03T01:50:42.000Z</time><ele>19.11</ele></trkpt><trkpt lat="37.138046" lon="127.054379"><time>2026-10-03T01:50:43.000Z</time><ele>18.93</ele></trkpt><trkpt lat="37.137894" lon="127.054369"><time>2026-10-03T01:50:44.000Z</time><ele>18.89</ele></trkpt><trkpt lat="37.137753" lon="127.054355"><time>2026-10-03T01:50:45.000Z</time><ele>18.48</ele></trkpt><trkpt lat="37.13762" lon="127.05434"><time>2026-10-03T01:50:46.000Z</time><ele>18.48</ele></trkpt><trkpt lat="37.137494" lon="127.054326"><time>2026-10-03T01:50:47.000Z</time><ele>18.54</ele></trkpt><trkpt lat="37.137374" lon="127.054316"><time>2026-10-03T01:50:48.000Z</time><ele>18.33</ele></trkpt><trkpt lat="37.137248" lon="127.054307"><time>2026-10-03T01:50:49.000Z</time><ele>18.41</ele></trkpt><trkpt lat="37.137125" lon="127.054297"><time>2026-10-03T01:50:50.000Z</time><ele>18.42</ele></trkpt><trkpt lat="37.136993" lon="127.054285"><time>2026-10-03T01:50:51.000Z</time><ele>18.47</ele></trkpt><trkpt lat="37.136857" lon="127.054277"><time>2026-10-03T01:50:52.000Z</time><ele>18.34</ele></trkpt><trkpt lat="37.136718" lon="127.054265"><time>2026-10-03T01:50:53.000Z</time><ele>18.45</ele></trkpt><trkpt lat="37.136578" lon="127.054248"><time>2026-10-03T01:50:54.000Z</time><ele>18.45</ele></trkpt><trkpt lat="37.136434" lon="127.054232"><time>2026-10-03T01:50:55.000Z</time><ele>18.44</ele></trkpt><trkpt lat="37.136288" lon="127.054224"><time>2026-10-03T01:50:56.000Z</time><ele>18.45</ele></trkpt><trkpt lat="37.136148" lon="127.054211"><time>2026-10-03T01:50:57.000Z</time><ele>18.44</ele></trkpt><trkpt lat="37.136012" lon="127.054198"><time>2026-10-03T01:50:58.000Z</time><ele>18.44</ele></trkpt><trkpt lat="37.135875" lon="127.054187"><time>2026-10-03T01:50:59.000Z</time><ele>18.63</ele></trkpt><trkpt lat="37.135737" lon="127.054174"><time>2026-10-03T01:51:00.000Z</time><ele>18.6</ele></trkpt><trkpt lat="37.135605" lon="127.054162"><time>2026-10-03T01:51:01.000Z</time><ele>18.65</ele></trkpt><trkpt lat="37.13548" lon="127.054152"><time>2026-10-03T01:51:02.000Z</time><ele>18.84</ele></trkpt><trkpt lat="37.13535" lon="127.05414"><time>2026-10-03T01:51:03.000Z</time><ele>18.8</ele></trkpt><trkpt lat="37.135217" lon="127.054128"><time>2026-10-03T01:51:04.000Z</time><ele>18.77</ele></trkpt><trkpt lat="37.13509" lon="127.054115"><time>2026-10-03T01:51:05.000Z</time><ele>18.87</ele></trkpt><trkpt lat="37.134964" lon="127.054105"><time>2026-10-03T01:51:06.000Z</time><ele>18.83</ele></trkpt><trkpt lat="37.134839" lon="127.054095"><time>2026-10-03T01:51:07.000Z</time><ele>18.98</ele></trkpt><trkpt lat="37.134726" lon="127.054088"><time>2026-10-03T01:51:08.000Z</time><ele>18.74</ele></trkpt><trkpt lat="37.134624" lon="127.054081"><time>2026-10-03T01:51:09.000Z</time><ele>18.66</ele></trkpt><trkpt lat="37.134529" lon="127.054068"><time>2026-10-03T01:51:10.000Z</time><ele>18.64</ele></trkpt><trkpt lat="37.134448" lon="127.054034"><time>2026-10-03T01:51:11.000Z</time><ele>18.82</ele></trkpt><trkpt lat="37.134371" lon="127.054026"><time>2026-10-03T01:51:12.000Z</time><ele>19.17</ele></trkpt><trkpt lat="37.134313" lon="127.054022"><time>2026-10-03T01:51:13.000Z</time><ele>19.36</ele></trkpt><trkpt lat="37.134277" lon="127.053791"><time>2026-10-03T01:51:14.000Z</time><ele>19.29</ele></trkpt><trkpt lat="37.134252" lon="127.053673"><time>2026-10-03T01:51:15.000Z</time><ele>19.54</ele></trkpt><trkpt lat="37.13423" lon="127.053531"><time>2026-10-03T01:51:16.000Z</time><ele>19.78</ele></trkpt><trkpt lat="37.134213" lon="127.053364"><time>2026-10-03T01:51:17.000Z</time><ele>19.82</ele></trkpt><trkpt lat="37.134204" lon="127.053176"><time>2026-10-03T01:51:18.000Z</time><ele>19.83</ele></trkpt><trkpt lat="37.134198" lon="127.052972"><time>2026-10-03T01:51:19.000Z</time><ele>20.22</ele></trkpt><trkpt lat="37.134194" lon="127.052753"><time>2026-10-03T01:51:20.000Z</time><ele>20.66</ele></trkpt><trkpt lat="37.134196" lon="127.05252"><time>2026-10-03T01:51:21.000Z</time><ele>20.66</ele></trkpt><trkpt lat="37.134196" lon="127.052271"><time>2026-10-03T01:51:22.000Z</time><ele>20.8</ele></trkpt><trkpt lat="37.134195" lon="127.052009"><time>2026-10-03T01:51:23.000Z</time><ele>21.1</ele></trkpt><trkpt lat="37.134211" lon="127.051745"><time>2026-10-03T01:51:24.000Z</time><ele>21.13</ele></trkpt><trkpt lat="37.134193" lon="127.051473"><time>2026-10-03T01:51:25.000Z</time><ele>21.38</ele></trkpt><trkpt lat="37.134196" lon="127.051198"><time>2026-10-03T01:51:26.001Z</time><ele>21.22</ele></trkpt><trkpt lat="37.1342" lon="127.050922"><time>2026-10-03T01:51:27.001Z</time><ele>21.23</ele></trkpt><trkpt lat="37.134206" lon="127.050657"><time>2026-10-03T01:51:28.001Z</time><ele>20.59</ele></trkpt><trkpt lat="37.13421" lon="127.050395"><time>2026-10-03T01:51:29.001Z</time><ele>20.91</ele></trkpt><trkpt lat="37.134211" lon="127.05013"><time>2026-10-03T01:51:30.001Z</time><ele>21.55</ele></trkpt><trkpt lat="37.13421" lon="127.049867"><time>2026-10-03T01:51:31.001Z</time><ele>22.29</ele></trkpt><trkpt lat="37.134212" lon="127.049605"><time>2026-10-03T01:51:32.001Z</time><ele>22.7</ele></trkpt><trkpt lat="37.134213" lon="127.049336"><time>2026-10-03T01:51:33.001Z</time><ele>23.24</ele></trkpt><trkpt lat="37.134212" lon="127.049068"><time>2026-10-03T01:51:34.001Z</time><ele>24.64</ele></trkpt><trkpt lat="37.134214" lon="127.048803"><time>2026-10-03T01:51:35.001Z</time><ele>24.87</ele></trkpt><trkpt lat="37.134218" lon="127.048541"><time>2026-10-03T01:51:36.001Z</time><ele>25.53</ele></trkpt><trkpt lat="37.134221" lon="127.048271"><time>2026-10-03T01:51:37.001Z</time><ele>25.49</ele></trkpt><trkpt lat="37.134219" lon="127.047977"><time>2026-10-03T01:51:38.001Z</time><ele>26.58</ele></trkpt><trkpt lat="37.13422" lon="127.047672"><time>2026-10-03T01:51:39.001Z</time><ele>27.53</ele></trkpt><trkpt lat="37.134221" lon="127.047358"><time>2026-10-03T01:51:40.001Z</time><ele>28.14</ele></trkpt><trkpt lat="37.134221" lon="127.047056"><time>2026-10-03T01:51:41.001Z</time><ele>28.68</ele></trkpt><trkpt lat="37.134219" lon="127.046762"><time>2026-10-03T01:51:42.001Z</time><ele>29.64</ele></trkpt><trkpt lat="37.134219" lon="127.046482"><time>2026-10-03T01:51:43.001Z</time><ele>30.41</ele></trkpt><trkpt lat="37.134217" lon="127.046196"><time>2026-10-03T01:51:44.001Z</time><ele>31.56</ele></trkpt><trkpt lat="37.13422" lon="127.045901"><time>2026-10-03T01:51:45.001Z</time><ele>32.11</ele></trkpt><trkpt lat="37.13422" lon="127.045632"><time>2026-10-03T01:51:46.001Z</time><ele>33.05</ele></trkpt><trkpt lat="37.134221" lon="127.045381"><time>2026-10-03T01:51:47.001Z</time><ele>33.86</ele></trkpt><trkpt lat="37.134226" lon="127.045144"><time>2026-10-03T01:51:48.001Z</time><ele>33.62</ele></trkpt><trkpt lat="37.134228" lon="127.044923"><time>2026-10-03T01:51:49.001Z</time><ele>34.19</ele></trkpt><trkpt lat="37.134229" lon="127.044716"><time>2026-10-03T01:51:50.001Z</time><ele>34.55</ele></trkpt><trkpt lat="37.134229" lon="127.044523"><time>2026-10-03T01:51:51.001Z</time><ele>35.41</ele></trkpt><trkpt lat="37.134233" lon="127.044341"><time>2026-10-03T01:51:52.001Z</time><ele>36.19</ele></trkpt><trkpt lat="37.134235" lon="127.044168"><time>2026-10-03T01:51:53.001Z</time><ele>36.78</ele></trkpt><trkpt lat="37.134236" lon="127.043996"><time>2026-10-03T01:51:54.001Z</time><ele>37.46</ele></trkpt><trkpt lat="37.134234" lon="127.043819"><time>2026-10-03T01:51:55.001Z</time><ele>38.25</ele></trkpt><trkpt lat="37.134229" lon="127.043651"><time>2026-10-03T01:51:56.001Z</time><ele>38.82</ele></trkpt><trkpt lat="37.134225" lon="127.043496"><time>2026-10-03T01:51:57.001Z</time><ele>39.45</ele></trkpt><trkpt lat="37.134232" lon="127.043358"><time>2026-10-03T01:51:58.001Z</time><ele>39.63</ele></trkpt><trkpt lat="37.13424" lon="127.04324"><time>2026-10-03T01:51:59.001Z</time><ele>40.23</ele></trkpt><trkpt lat="37.134251" lon="127.043139"><time>2026-10-03T01:52:00.001Z</time><ele>40.47</ele></trkpt><trkpt lat="37.134261" lon="127.043049"><time>2026-10-03T01:52:01.001Z</time><ele>41.16</ele></trkpt><trkpt lat="37.134271" lon="127.042972"><time>2026-10-03T01:52:02.001Z</time><ele>41.99</ele></trkpt><trkpt lat="37.13428" lon="127.042899"><time>2026-10-03T01:52:03.001Z</time><ele>42.53</ele></trkpt><trkpt lat="37.134288" lon="127.042843"><time>2026-10-03T01:52:04.001Z</time><ele>42.77</ele></trkpt><trkpt lat="37.134307" lon="127.042757"><time>2026-10-03T01:52:06.001Z</time><ele>43.35</ele></trkpt><trkpt lat="37.13432" lon="127.042694"><time>2026-10-03T01:52:08.001Z</time><ele>43.99</ele></trkpt><trkpt lat="37.134344" lon="127.042592"><time>2026-10-03T01:53:33.000Z</time><ele>43.96</ele></trkpt><trkpt lat="37.134361" lon="127.04253"><time>2026-10-03T01:53:34.000Z</time><ele>44.1</ele></trkpt><trkpt lat="37.134376" lon="127.042462"><time>2026-10-03T01:53:35.001Z</time><ele>44.23</ele></trkpt><trkpt lat="37.134393" lon="127.042382"><time>2026-10-03T01:53:36.001Z</time><ele>44.36</ele></trkpt><trkpt lat="37.134422" lon="127.042309"><time>2026-10-03T01:53:37.001Z</time><ele>44.55</ele></trkpt><trkpt lat="37.13444" lon="127.042239"><time>2026-10-03T01:53:38.001Z</time><ele>44.78</ele></trkpt><trkpt lat="37.134261" lon="127.042025"><time>2026-10-03T01:53:41.001Z</time><ele>45.25</ele></trkpt><trkpt lat="37.132753" lon="127.041851"><time>2026-10-03T01:53:51.001Z</time><ele>37.63</ele></trkpt><trkpt lat="37.132546" lon="127.041831"><time>2026-10-03T01:53:52.001Z</time><ele>36.52</ele></trkpt><trkpt lat="37.132337" lon="127.041811"><time>2026-10-03T01:53:53.001Z</time><ele>35.2</ele></trkpt><trkpt lat="37.132133" lon="127.041792"><time>2026-10-03T01:53:54.001Z</time><ele>33.97</ele></trkpt><trkpt lat="37.131932" lon="127.041773"><time>2026-10-03T01:53:55.001Z</time><ele>32.6</ele></trkpt><trkpt lat="37.131733" lon="127.041754"><time>2026-10-03T01:53:56.001Z</time><ele>32.15</ele></trkpt><trkpt lat="37.131534" lon="127.041727"><time>2026-10-03T01:53:57.001Z</time><ele>31.7</ele></trkpt><trkpt lat="37.131327" lon="127.041709"><time>2026-10-03T01:53:58.001Z</time><ele>32.04</ele></trkpt><trkpt lat="37.13111" lon="127.041692"><time>2026-10-03T01:53:59.001Z</time><ele>32.59</ele></trkpt><trkpt lat="37.130893" lon="127.041665"><time>2026-10-03T01:54:00.001Z</time><ele>33.27</ele></trkpt><trkpt lat="37.13067" lon="127.041651"><time>2026-10-03T01:54:01.001Z</time><ele>33.97</ele></trkpt><trkpt lat="37.130447" lon="127.041629"><time>2026-10-03T01:54:02.001Z</time><ele>34.24</ele></trkpt><trkpt lat="37.130239" lon="127.04161"><time>2026-10-03T01:54:03.001Z</time><ele>34.86</ele></trkpt><trkpt lat="37.130046" lon="127.041593"><time>2026-10-03T01:54:04.001Z</time><ele>34.93</ele></trkpt><trkpt lat="37.129865" lon="127.041579"><time>2026-10-03T01:54:05.001Z</time><ele>36.02</ele></trkpt><trkpt lat="37.129684" lon="127.041563"><time>2026-10-03T01:54:06.001Z</time><ele>36.72</ele></trkpt><trkpt lat="37.129503" lon="127.041546"><time>2026-10-03T01:54:07.001Z</time><ele>37.88</ele></trkpt><trkpt lat="37.129323" lon="127.041534"><time>2026-10-03T01:54:08.001Z</time><ele>38.77</ele></trkpt><trkpt lat="37.129152" lon="127.04152"><time>2026-10-03T01:54:09.001Z</time><ele>38.55</ele></trkpt><trkpt lat="37.128979" lon="127.041508"><time>2026-10-03T01:54:10.001Z</time><ele>38.84</ele></trkpt><trkpt lat="37.128813" lon="127.041495"><time>2026-10-03T01:54:11.001Z</time><ele>39.76</ele></trkpt><trkpt lat="37.12866" lon="127.041482"><time>2026-10-03T01:54:12.001Z</time><ele>39.56</ele></trkpt><trkpt lat="37.128509" lon="127.041468"><time>2026-10-03T01:54:13.001Z</time><ele>39.27</ele></trkpt><trkpt lat="37.128357" lon="127.041449"><time>2026-10-03T01:54:14.001Z</time><ele>38.98</ele></trkpt><trkpt lat="37.128197" lon="127.041432"><time>2026-10-03T01:54:15.001Z</time><ele>38.93</ele></trkpt><trkpt lat="37.128029" lon="127.041416"><time>2026-10-03T01:54:16.001Z</time><ele>39.13</ele></trkpt><trkpt lat="37.127868" lon="127.041402"><time>2026-10-03T01:54:17.001Z</time><ele>39.39</ele></trkpt><trkpt lat="37.127748" lon="127.041392"><time>2026-10-03T01:54:18.001Z</time><ele>39.3</ele></trkpt><trkpt lat="37.12765" lon="127.04138"><time>2026-10-03T01:54:19.001Z</time><ele>39.68</ele></trkpt><trkpt lat="37.127544" lon="127.041365"><time>2026-10-03T01:54:20.001Z</time><ele>40</ele></trkpt><trkpt lat="37.127433" lon="127.041353"><time>2026-10-03T01:54:21.001Z</time><ele>40.23</ele></trkpt><trkpt lat="37.127318" lon="127.041343"><time>2026-10-03T01:54:22.001Z</time><ele>40.62</ele></trkpt><trkpt lat="37.1272" lon="127.041335"><time>2026-10-03T01:54:23.001Z</time><ele>40.84</ele></trkpt><trkpt lat="37.127076" lon="127.041325"><time>2026-10-03T01:54:24.001Z</time><ele>40.8</ele></trkpt><trkpt lat="37.126945" lon="127.041315"><time>2026-10-03T01:54:25.001Z</time><ele>40.69</ele></trkpt><trkpt lat="37.12681" lon="127.041306"><time>2026-10-03T01:54:26.001Z</time><ele>40.59</ele></trkpt><trkpt lat="37.12667" lon="127.0413"><time>2026-10-03T01:54:27.001Z</time><ele>40.46</ele></trkpt><trkpt lat="37.126528" lon="127.041294"><time>2026-10-03T01:54:28.001Z</time><ele>40.34</ele></trkpt><trkpt lat="37.126382" lon="127.041288"><time>2026-10-03T01:54:29.001Z</time><ele>40.35</ele></trkpt><trkpt lat="37.12624" lon="127.041286"><time>2026-10-03T01:54:30.001Z</time><ele>40.14</ele></trkpt><trkpt lat="37.126096" lon="127.041286"><time>2026-10-03T01:54:31.001Z</time><ele>40.47</ele></trkpt><trkpt lat="37.125944" lon="127.041288"><time>2026-10-03T01:54:32.001Z</time><ele>40.27</ele></trkpt><trkpt lat="37.125788" lon="127.04129"><time>2026-10-03T01:54:33.001Z</time><ele>40.46</ele></trkpt><trkpt lat="37.125627" lon="127.041284"><time>2026-10-03T01:54:34.001Z</time><ele>40.83</ele></trkpt><trkpt lat="37.125456" lon="127.04128"><time>2026-10-03T01:54:35.001Z</time><ele>41.32</ele></trkpt><trkpt lat="37.125281" lon="127.041304"><time>2026-10-03T01:54:36.001Z</time><ele>41.7</ele></trkpt><trkpt lat="37.125107" lon="127.041328"><time>2026-10-03T01:54:37.000Z</time><ele>42.22</ele></trkpt><trkpt lat="37.124931" lon="127.041358"><time>2026-10-03T01:54:38.000Z</time><ele>42.51</ele></trkpt><trkpt lat="37.124748" lon="127.041396"><time>2026-10-03T01:54:39.000Z</time><ele>42.8</ele></trkpt><trkpt lat="37.124561" lon="127.041439"><time>2026-10-03T01:54:40.000Z</time><ele>43.16</ele></trkpt><trkpt lat="37.124377" lon="127.041478"><time>2026-10-03T01:54:41.000Z</time><ele>43.74</ele></trkpt><trkpt lat="37.124197" lon="127.041515"><time>2026-10-03T01:54:42.000Z</time><ele>43.96</ele></trkpt><trkpt lat="37.124032" lon="127.041549"><time>2026-10-03T01:54:43.000Z</time><ele>44.58</ele></trkpt><trkpt lat="37.123872" lon="127.041573"><time>2026-10-03T01:54:44.000Z</time><ele>44.58</ele></trkpt><trkpt lat="37.123705" lon="127.041586"><time>2026-10-03T01:54:45.000Z</time><ele>44.82</ele></trkpt><trkpt lat="37.123547" lon="127.041596"><time>2026-10-03T01:54:46.000Z</time><ele>44.96</ele></trkpt><trkpt lat="37.123395" lon="127.041605"><time>2026-10-03T01:54:47.000Z</time><ele>45.05</ele></trkpt><trkpt lat="37.123248" lon="127.041612"><time>2026-10-03T01:54:48.000Z</time><ele>44.87</ele></trkpt><trkpt lat="37.123096" lon="127.041618"><time>2026-10-03T01:54:49.000Z</time><ele>44.62</ele></trkpt><trkpt lat="37.122944" lon="127.041621"><time>2026-10-03T01:54:50.000Z</time><ele>43.98</ele></trkpt><trkpt lat="37.122781" lon="127.041651"><time>2026-10-03T01:54:51.000Z</time><ele>43.62</ele></trkpt><trkpt lat="37.122621" lon="127.041617"><time>2026-10-03T01:54:52.000Z</time><ele>43.33</ele></trkpt><trkpt lat="37.122461" lon="127.041607"><time>2026-10-03T01:54:53.000Z</time><ele>42.67</ele></trkpt><trkpt lat="37.122308" lon="127.041592"><time>2026-10-03T01:54:54.000Z</time><ele>42.04</ele></trkpt><trkpt lat="37.12215" lon="127.041577"><time>2026-10-03T01:54:55.000Z</time><ele>40.98</ele></trkpt><trkpt lat="37.121988" lon="127.041562"><time>2026-10-03T01:54:56.000Z</time><ele>40.06</ele></trkpt><trkpt lat="37.121833" lon="127.041547"><time>2026-10-03T01:54:57.000Z</time><ele>39.57</ele></trkpt><trkpt lat="37.121686" lon="127.04153"><time>2026-10-03T01:54:58.000Z</time><ele>38.97</ele></trkpt><trkpt lat="37.121543" lon="127.041515"><time>2026-10-03T01:54:59.000Z</time><ele>38.67</ele></trkpt><trkpt lat="37.121408" lon="127.041492"><time>2026-10-03T01:55:00.000Z</time><ele>38.38</ele></trkpt><trkpt lat="37.121269" lon="127.041474"><time>2026-10-03T01:55:01.000Z</time><ele>37.7</ele></trkpt><trkpt lat="37.121132" lon="127.041463"><time>2026-10-03T01:55:02.000Z</time><ele>37.5</ele></trkpt><trkpt lat="37.121007" lon="127.041446"><time>2026-10-03T01:55:03.000Z</time><ele>37.27</ele></trkpt><trkpt lat="37.120881" lon="127.04145"><time>2026-10-03T01:55:04.000Z</time><ele>37.6</ele></trkpt><trkpt lat="37.120778" lon="127.041367"><time>2026-10-03T01:55:05.000Z</time><ele>37.65</ele></trkpt><trkpt lat="37.120693" lon="127.041292"><time>2026-10-03T01:55:06.000Z</time><ele>38.16</ele></trkpt><trkpt lat="37.120612" lon="127.041218"><time>2026-10-03T01:55:07.000Z</time><ele>38.65</ele></trkpt><trkpt lat="37.120527" lon="127.041162"><time>2026-10-03T01:55:08.000Z</time><ele>39.13</ele></trkpt><trkpt lat="37.120498" lon="127.04103"><time>2026-10-03T01:55:09.000Z</time><ele>39.61</ele></trkpt><trkpt lat="37.120419" lon="127.040935"><time>2026-10-03T01:55:10.000Z</time><ele>40.19</ele></trkpt><trkpt lat="37.120343" lon="127.040865"><time>2026-10-03T01:55:11.000Z</time><ele>41</ele></trkpt><trkpt lat="37.120281" lon="127.040808"><time>2026-10-03T01:55:12.000Z</time><ele>41.85</ele></trkpt><trkpt lat="37.120224" lon="127.040755"><time>2026-10-03T01:55:13.000Z</time><ele>42.65</ele></trkpt><trkpt lat="37.12017" lon="127.040692"><time>2026-10-03T01:55:14.000Z</time><ele>43.25</ele></trkpt><trkpt lat="37.120112" lon="127.040625"><time>2026-10-03T01:55:15.000Z</time><ele>44.73</ele></trkpt><trkpt lat="37.120061" lon="127.040559"><time>2026-10-03T01:55:16.000Z</time><ele>45.45</ele></trkpt><trkpt lat="37.120018" lon="127.040498"><time>2026-10-03T01:55:17.000Z</time><ele>46.2</ele></trkpt><trkpt lat="37.119976" lon="127.040424"><time>2026-10-03T01:55:18.000Z</time><ele>47.05</ele></trkpt><trkpt lat="37.119939" lon="127.040344"><time>2026-10-03T01:55:19.000Z</time><ele>47.98</ele></trkpt><trkpt lat="37.119902" lon="127.040261"><time>2026-10-03T01:55:20.000Z</time><ele>48.58</ele></trkpt><trkpt lat="37.119866" lon="127.040176"><time>2026-10-03T01:55:21.000Z</time><ele>48.96</ele></trkpt><trkpt lat="37.119816" lon="127.040098"><time>2026-10-03T01:55:22.000Z</time><ele>49.48</ele></trkpt><trkpt lat="37.119778" lon="127.040005"><time>2026-10-03T01:55:23.000Z</time><ele>50.01</ele></trkpt><trkpt lat="37.119744" lon="127.039909"><time>2026-10-03T01:55:24.000Z</time><ele>50.22</ele></trkpt><trkpt lat="37.119704" lon="127.039807"><time>2026-10-03T01:55:25.000Z</time><ele>50.65</ele></trkpt><trkpt lat="37.119662" lon="127.039703"><time>2026-10-03T01:55:26.000Z</time><ele>51.1</ele></trkpt><trkpt lat="37.119618" lon="127.0396"><time>2026-10-03T01:55:27.000Z</time><ele>51.29</ele></trkpt><trkpt lat="37.119582" lon="127.039495"><time>2026-10-03T01:55:28.000Z</time><ele>51.25</ele></trkpt><trkpt lat="37.119576" lon="127.03938"><time>2026-10-03T01:55:29.000Z</time><ele>50.96</ele></trkpt><trkpt lat="37.119544" lon="127.039262"><time>2026-10-03T01:55:30.000Z</time><ele>50.35</ele></trkpt><trkpt lat="37.119551" lon="127.039139"><time>2026-10-03T01:55:31.000Z</time><ele>49.36</ele></trkpt><trkpt lat="37.119534" lon="127.03901"><time>2026-10-03T01:55:32.000Z</time><ele>48.58</ele></trkpt><trkpt lat="37.11956" lon="127.038878"><time>2026-10-03T01:55:33.000Z</time><ele>47.83</ele></trkpt><trkpt lat="37.119573" lon="127.038756"><time>2026-10-03T01:55:34.000Z</time><ele>47.37</ele></trkpt><trkpt lat="37.119574" lon="127.038661"><time>2026-10-03T01:55:35.000Z</time><ele>46.47</ele></trkpt><trkpt lat="37.119582" lon="127.038579"><time>2026-10-03T01:55:36.000Z</time><ele>45.77</ele></trkpt><trkpt lat="37.11959" lon="127.038495"><time>2026-10-03T01:55:37.000Z</time><ele>45.39</ele></trkpt><trkpt lat="37.119601" lon="127.038392"><time>2026-10-03T01:55:38.000Z</time><ele>45.3</ele></trkpt><trkpt lat="37.119612" lon="127.038299"><time>2026-10-03T01:55:39.000Z</time><ele>44.52</ele></trkpt><trkpt lat="37.119621" lon="127.038213"><time>2026-10-03T01:55:40.000Z</time><ele>44.04</ele></trkpt><trkpt lat="37.11963" lon="127.038137"><time>2026-10-03T01:55:41.001Z</time><ele>43.59</ele></trkpt><trkpt lat="37.11964" lon="127.038068"><time>2026-10-03T01:55:42.001Z</time><ele>43.16</ele></trkpt><trkpt lat="37.119648" lon="127.038009"><time>2026-10-03T01:55:43.001Z</time><ele>42.84</ele></trkpt><trkpt lat="37.119661" lon="127.037929"><time>2026-10-03T01:55:45.001Z</time><ele>42.34</ele></trkpt><trkpt lat="37.119669" lon="127.037872"><time>2026-10-03T01:55:47.001Z</time><ele>42.08</ele></trkpt><trkpt lat="37.119511" lon="127.037826"><time>2026-10-03T01:55:49.001Z</time><ele>41.74</ele></trkpt><trkpt lat="37.119459" lon="127.037843"><time>2026-10-03T01:55:50.001Z</time><ele>41.48</ele></trkpt><trkpt lat="37.119388" lon="127.037869"><time>2026-10-03T01:55:51.001Z</time><ele>41.26</ele></trkpt><trkpt lat="37.119298" lon="127.037889"><time>2026-10-03T01:55:52.001Z</time><ele>41.12</ele></trkpt><trkpt lat="37.118439" lon="127.038069"><time>2026-10-03T01:55:59.001Z</time><ele>44.38</ele></trkpt><trkpt lat="37.118315" lon="127.038069"><time>2026-10-03T01:56:00.001Z</time><ele>45.08</ele></trkpt><trkpt lat="37.118199" lon="127.03809"><time>2026-10-03T01:56:01.001Z</time><ele>45.75</ele></trkpt><trkpt lat="37.118082" lon="127.038127"><time>2026-10-03T01:56:02.001Z</time><ele>46.47</ele></trkpt><trkpt lat="37.117964" lon="127.038134"><time>2026-10-03T01:56:03.001Z</time><ele>47.04</ele></trkpt><trkpt lat="37.117844" lon="127.038152"><time>2026-10-03T01:56:04.001Z</time><ele>47.44</ele></trkpt><trkpt lat="37.117721" lon="127.038173"><time>2026-10-03T01:56:05.001Z</time><ele>47.23</ele></trkpt><trkpt lat="37.117593" lon="127.03819"><time>2026-10-03T01:56:06.001Z</time><ele>47.26</ele></trkpt><trkpt lat="37.117472" lon="127.038203"><time>2026-10-03T01:56:07.001Z</time><ele>46.82</ele></trkpt><trkpt lat="37.117355" lon="127.038209"><time>2026-10-03T01:56:08.001Z</time><ele>46.79</ele></trkpt><trkpt lat="37.117242" lon="127.038191"><time>2026-10-03T01:56:09.001Z</time><ele>46.27</ele></trkpt><trkpt lat="37.117138" lon="127.038169"><time>2026-10-03T01:56:10.001Z</time><ele>45.45</ele></trkpt><trkpt lat="37.117041" lon="127.038129"><time>2026-10-03T01:56:11.001Z</time><ele>44.54</ele></trkpt><trkpt lat="37.116956" lon="127.038067"><time>2026-10-03T01:56:12.001Z</time><ele>44.46</ele></trkpt><trkpt lat="37.11688" lon="127.038005"><time>2026-10-03T01:56:13.001Z</time><ele>43.91</ele></trkpt><trkpt lat="37.116805" lon="127.037943"><time>2026-10-03T01:56:14.001Z</time><ele>43.57</ele></trkpt><trkpt lat="37.11674" lon="127.037877"><time>2026-10-03T01:56:15.001Z</time><ele>43.16</ele></trkpt><trkpt lat="37.116683" lon="127.037801"><time>2026-10-03T01:56:16.001Z</time><ele>43.12</ele></trkpt><trkpt lat="37.116631" lon="127.037733"><time>2026-10-03T01:56:17.001Z</time><ele>42.49</ele></trkpt><trkpt lat="37.116593" lon="127.037664"><time>2026-10-03T01:56:18.001Z</time><ele>42.28</ele></trkpt><trkpt lat="37.116559" lon="127.037595"><time>2026-10-03T01:56:19.001Z</time><ele>41.98</ele></trkpt><trkpt lat="37.116528" lon="127.037524"><time>2026-10-03T01:56:20.001Z</time><ele>42.04</ele></trkpt><trkpt lat="37.116492" lon="127.037445"><time>2026-10-03T01:56:21.001Z</time><ele>42.08</ele></trkpt><trkpt lat="37.116455" lon="127.037363"><time>2026-10-03T01:56:22.001Z</time><ele>41.75</ele></trkpt><trkpt lat="37.116412" lon="127.037277"><time>2026-10-03T01:56:23.001Z</time><ele>41.3</ele></trkpt><trkpt lat="37.116371" lon="127.037189"><time>2026-10-03T01:56:24.001Z</time><ele>40.93</ele></trkpt><trkpt lat="37.11633" lon="127.037102"><time>2026-10-03T01:56:25.001Z</time><ele>40.76</ele></trkpt><trkpt lat="37.116286" lon="127.037011"><time>2026-10-03T01:56:26.001Z</time><ele>40.78</ele></trkpt><trkpt lat="37.116239" lon="127.036919"><time>2026-10-03T01:56:27.001Z</time><ele>41.07</ele></trkpt><trkpt lat="37.116195" lon="127.036823"><time>2026-10-03T01:56:28.001Z</time><ele>40.9</ele></trkpt><trkpt lat="37.116144" lon="127.03672"><time>2026-10-03T01:56:29.001Z</time><ele>40.76</ele></trkpt><trkpt lat="37.116099" lon="127.036616"><time>2026-10-03T01:56:30.001Z</time><ele>40.35</ele></trkpt><trkpt lat="37.116067" lon="127.036518"><time>2026-10-03T01:56:31.001Z</time><ele>40.22</ele></trkpt><trkpt lat="37.116018" lon="127.036436"><time>2026-10-03T01:56:32.001Z</time><ele>40.18</ele></trkpt><trkpt lat="37.115979" lon="127.036331"><time>2026-10-03T01:56:33.001Z</time><ele>40.26</ele></trkpt><trkpt lat="37.115928" lon="127.036222"><time>2026-10-03T01:56:34.001Z</time><ele>39.67</ele></trkpt><trkpt lat="37.115876" lon="127.036115"><time>2026-10-03T01:56:35.001Z</time><ele>38.84</ele></trkpt><trkpt lat="37.11583" lon="127.036015"><time>2026-10-03T01:56:36.001Z</time><ele>38.31</ele></trkpt><trkpt lat="37.115787" lon="127.035922"><time>2026-10-03T01:56:37.001Z</time><ele>37.68</ele></trkpt><trkpt lat="37.11574" lon="127.035824"><time>2026-10-03T01:56:38.001Z</time><ele>37.55</ele></trkpt><trkpt lat="37.115696" lon="127.035713"><time>2026-10-03T01:56:39.001Z</time><ele>37.78</ele></trkpt><trkpt lat="37.11565" lon="127.03561"><time>2026-10-03T01:56:40.001Z</time><ele>38.12</ele></trkpt><trkpt lat="37.11561" lon="127.035511"><time>2026-10-03T01:56:41.001Z</time><ele>38.21</ele></trkpt><trkpt lat="37.115571" lon="127.035417"><time>2026-10-03T01:56:42.001Z</time><ele>39.11</ele></trkpt><trkpt lat="37.115519" lon="127.035321"><time>2026-10-03T01:56:43.000Z</time><ele>38.69</ele></trkpt><trkpt lat="37.115462" lon="127.035225"><time>2026-10-03T01:56:44.000Z</time><ele>38.35</ele></trkpt><trkpt lat="37.11539" lon="127.035145"><time>2026-10-03T01:56:45.000Z</time><ele>38.26</ele></trkpt><trkpt lat="37.115308" lon="127.035083"><time>2026-10-03T01:56:46.000Z</time><ele>37.81</ele></trkpt><trkpt lat="37.115209" lon="127.035018"><time>2026-10-03T01:56:47.000Z</time><ele>37.61</ele></trkpt><trkpt lat="37.115108" lon="127.034964"><time>2026-10-03T01:56:48.000Z</time><ele>36.45</ele></trkpt><trkpt lat="37.115016" lon="127.034913"><time>2026-10-03T01:56:49.000Z</time><ele>35.55</ele></trkpt><trkpt lat="37.114927" lon="127.034859"><time>2026-10-03T01:56:50.000Z</time><ele>34.54</ele></trkpt><trkpt lat="37.114842" lon="127.034806"><time>2026-10-03T01:56:51.000Z</time><ele>33.61</ele></trkpt><trkpt lat="37.114759" lon="127.034759"><time>2026-10-03T01:56:52.000Z</time><ele>32.71</ele></trkpt><trkpt lat="37.114682" lon="127.034711"><time>2026-10-03T01:56:53.000Z</time><ele>32.2</ele></trkpt><trkpt lat="37.114603" lon="127.034662"><time>2026-10-03T01:56:54.000Z</time><ele>32.19</ele></trkpt><trkpt lat="37.114515" lon="127.034613"><time>2026-10-03T01:56:55.000Z</time><ele>31.97</ele></trkpt><trkpt lat="37.114422" lon="127.034557"><time>2026-10-03T01:56:56.000Z</time><ele>31.57</ele></trkpt><trkpt lat="37.114329" lon="127.034501"><time>2026-10-03T01:56:57.000Z</time><ele>31.25</ele></trkpt><trkpt lat="37.114233" lon="127.034443"><time>2026-10-03T01:56:58.000Z</time><ele>31.05</ele></trkpt><trkpt lat="37.114137" lon="127.034388"><time>2026-10-03T01:56:59.000Z</time><ele>30.95</ele></trkpt><trkpt lat="37.114047" lon="127.034333"><time>2026-10-03T01:57:00.000Z</time><ele>30.87</ele></trkpt><trkpt lat="37.113967" lon="127.034272"><time>2026-10-03T01:57:01.000Z</time><ele>30.77</ele></trkpt><trkpt lat="37.113894" lon="127.034207"><time>2026-10-03T01:57:02.000Z</time><ele>30.62</ele></trkpt><trkpt lat="37.113834" lon="127.034139"><time>2026-10-03T01:57:03.000Z</time><ele>30.81</ele></trkpt><trkpt lat="37.113772" lon="127.034065"><time>2026-10-03T01:57:04.000Z</time><ele>30.8</ele></trkpt><trkpt lat="37.113713" lon="127.033988"><time>2026-10-03T01:57:05.000Z</time><ele>30.55</ele></trkpt><trkpt lat="37.113668" lon="127.033887"><time>2026-10-03T01:57:06.000Z</time><ele>30.63</ele></trkpt><trkpt lat="37.113598" lon="127.033805"><time>2026-10-03T01:57:07.000Z</time><ele>30.19</ele></trkpt><trkpt lat="37.113549" lon="127.03371"><time>2026-10-03T01:57:08.000Z</time><ele>30.04</ele></trkpt><trkpt lat="37.113504" lon="127.033623"><time>2026-10-03T01:57:09.000Z</time><ele>30.17</ele></trkpt><trkpt lat="37.113456" lon="127.033528"><time>2026-10-03T01:57:10.000Z</time><ele>30.25</ele></trkpt><trkpt lat="37.113411" lon="127.033441"><time>2026-10-03T01:57:11.000Z</time><ele>30.11</ele></trkpt><trkpt lat="37.113365" lon="127.033348"><time>2026-10-03T01:57:12.000Z</time><ele>30.15</ele></trkpt><trkpt lat="37.113316" lon="127.033254"><time>2026-10-03T01:57:13.000Z</time><ele>30.13</ele></trkpt><trkpt lat="37.113273" lon="127.033169"><time>2026-10-03T01:57:14.000Z</time><ele>29.81</ele></trkpt><trkpt lat="37.113231" lon="127.03309"><time>2026-10-03T01:57:15.000Z</time><ele>29.54</ele></trkpt><trkpt lat="37.113191" lon="127.033017"><time>2026-10-03T01:57:16.000Z</time><ele>29.25</ele></trkpt><trkpt lat="37.11316" lon="127.032952"><time>2026-10-03T01:57:17.000Z</time><ele>29.26</ele></trkpt><trkpt lat="37.113116" lon="127.03288"><time>2026-10-03T01:57:19.000Z</time><ele>28.7</ele></trkpt><trkpt lat="37.113066" lon="127.032765"><time>2026-10-03T01:57:21.000Z</time><ele>28.53</ele></trkpt><trkpt lat="37.113037" lon="127.032714"><time>2026-10-03T01:57:22.000Z</time><ele>27.56</ele></trkpt><trkpt lat="37.113008" lon="127.032653"><time>2026-10-03T01:57:23.000Z</time><ele>27.19</ele></trkpt><trkpt lat="37.112979" lon="127.032595"><time>2026-10-03T01:57:24.000Z</time><ele>26.82</ele></trkpt><trkpt lat="37.112946" lon="127.032498"><time>2026-10-03T01:57:26.000Z</time><ele>25.45</ele></trkpt><trkpt lat="37.112912" lon="127.032452"><time>2026-10-03T01:57:28.000Z</time><ele>24.7</ele></trkpt><trkpt lat="37.112708" lon="127.032662"><time>2026-10-03T01:57:31.000Z</time><ele>24.02</ele></trkpt><trkpt lat="37.112654" lon="127.032746"><time>2026-10-03T01:57:32.000Z</time><ele>23.67</ele></trkpt><trkpt lat="37.112589" lon="127.032835"><time>2026-10-03T01:57:33.000Z</time><ele>23.81</ele></trkpt><trkpt lat="37.112519" lon="127.032925"><time>2026-10-03T01:57:34.000Z</time><ele>24.04</ele></trkpt><trkpt lat="37.112456" lon="127.033001"><time>2026-10-03T01:57:35.000Z</time><ele>23.9</ele></trkpt><trkpt lat="37.112391" lon="127.033077"><time>2026-10-03T01:57:36.000Z</time><ele>23.97</ele></trkpt><trkpt lat="37.112322" lon="127.033154"><time>2026-10-03T01:57:37.000Z</time><ele>24.32</ele></trkpt><trkpt lat="37.112239" lon="127.03323"><time>2026-10-03T01:57:38.000Z</time><ele>24.33</ele></trkpt><trkpt lat="37.112163" lon="127.033301"><time>2026-10-03T01:57:39.000Z</time><ele>23.91</ele></trkpt><trkpt lat="37.11209" lon="127.033358"><time>2026-10-03T01:57:40.000Z</time><ele>23.7</ele></trkpt><trkpt lat="37.112011" lon="127.033395"><time>2026-10-03T01:57:41.000Z</time><ele>23.63</ele></trkpt><trkpt lat="37.111928" lon="127.033416"><time>2026-10-03T01:57:42.000Z</time><ele>23.57</ele></trkpt><trkpt lat="37.111841" lon="127.033425"><time>2026-10-03T01:57:43.000Z</time><ele>23.46</ele></trkpt><trkpt lat="37.111747" lon="127.03342"><time>2026-10-03T01:57:44.000Z</time><ele>23.44</ele></trkpt><trkpt lat="37.111648" lon="127.033405"><time>2026-10-03T01:57:45.000Z</time><ele>23.15</ele></trkpt><trkpt lat="37.111554" lon="127.033387"><time>2026-10-03T01:57:46.000Z</time><ele>23.05</ele></trkpt><trkpt lat="37.111465" lon="127.033369"><time>2026-10-03T01:57:47.001Z</time><ele>23.19</ele></trkpt><trkpt lat="37.111367" lon="127.033349"><time>2026-10-03T01:57:48.001Z</time><ele>22.85</ele></trkpt><trkpt lat="37.111265" lon="127.033308"><time>2026-10-03T01:57:49.001Z</time><ele>22.91</ele></trkpt><trkpt lat="37.111165" lon="127.033286"><time>2026-10-03T01:57:50.001Z</time><ele>23.29</ele></trkpt><trkpt lat="37.111076" lon="127.033265"><time>2026-10-03T01:57:51.001Z</time><ele>22.85</ele></trkpt><trkpt lat="37.110988" lon="127.033265"><time>2026-10-03T01:57:52.001Z</time><ele>22.75</ele></trkpt><trkpt lat="37.110908" lon="127.033244"><time>2026-10-03T01:57:53.001Z</time><ele>22.45</ele></trkpt><trkpt lat="37.110835" lon="127.03321"><time>2026-10-03T01:57:54.001Z</time><ele>22.57</ele></trkpt><trkpt lat="37.110766" lon="127.033195"><time>2026-10-03T01:57:55.001Z</time><ele>22.32</ele></trkpt><trkpt lat="37.110702" lon="127.03318"><time>2026-10-03T01:57:56.001Z</time><ele>22.4</ele></trkpt><trkpt lat="37.110639" lon="127.033166"><time>2026-10-03T01:57:57.001Z</time><ele>22.43</ele></trkpt><trkpt lat="37.110573" lon="127.033161"><time>2026-10-03T01:57:58.001Z</time><ele>22.57</ele></trkpt><trkpt lat="37.110511" lon="127.033142"><time>2026-10-03T01:57:59.001Z</time><ele>22.93</ele></trkpt><trkpt lat="37.110446" lon="127.033127"><time>2026-10-03T01:58:00.001Z</time><ele>22.79</ele></trkpt><trkpt lat="37.11036" lon="127.033107"><time>2026-10-03T01:58:01.001Z</time><ele>23.05</ele></trkpt><trkpt lat="37.110258" lon="127.033081"><time>2026-10-03T01:58:02.001Z</time><ele>22.79</ele></trkpt><trkpt lat="37.110144" lon="127.033061"><time>2026-10-03T01:58:03.001Z</time><ele>22.39</ele></trkpt><trkpt lat="37.110015" lon="127.033012"><time>2026-10-03T01:58:04.001Z</time><ele>22.47</ele></trkpt><trkpt lat="37.109882" lon="127.032987"><time>2026-10-03T01:58:05.001Z</time><ele>21.73</ele></trkpt><trkpt lat="37.109764" lon="127.032962"><time>2026-10-03T01:58:06.001Z</time><ele>21.28</ele></trkpt><trkpt lat="37.10966" lon="127.032939"><time>2026-10-03T01:58:07.001Z</time><ele>20.53</ele></trkpt><trkpt lat="37.109558" lon="127.032919"><time>2026-10-03T01:58:08.001Z</time><ele>19.42</ele></trkpt><trkpt lat="37.10946" lon="127.032901"><time>2026-10-03T01:58:09.001Z</time><ele>18.55</ele></trkpt><trkpt lat="37.109365" lon="127.03289"><time>2026-10-03T01:58:10.001Z</time><ele>17.73</ele></trkpt><trkpt lat="37.109272" lon="127.032883"><time>2026-10-03T01:58:11.001Z</time><ele>17.35</ele></trkpt><trkpt lat="37.109176" lon="127.032884"><time>2026-10-03T01:58:12.001Z</time><ele>16.54</ele></trkpt><trkpt lat="37.109064" lon="127.032892"><time>2026-10-03T01:58:13.001Z</time><ele>16.36</ele></trkpt><trkpt lat="37.108964" lon="127.032908"><time>2026-10-03T01:58:14.001Z</time><ele>16.03</ele></trkpt><trkpt lat="37.10887" lon="127.032939"><time>2026-10-03T01:58:15.001Z</time><ele>15.95</ele></trkpt><trkpt lat="37.108783" lon="127.032974"><time>2026-10-03T01:58:16.001Z</time><ele>15.79</ele></trkpt><trkpt lat="37.108709" lon="127.03301"><time>2026-10-03T01:58:17.001Z</time><ele>15.77</ele></trkpt><trkpt lat="37.108629" lon="127.033051"><time>2026-10-03T01:58:18.001Z</time><ele>15.55</ele></trkpt><trkpt lat="37.108539" lon="127.033099"><time>2026-10-03T01:58:19.001Z</time><ele>15.24</ele></trkpt><trkpt lat="37.108462" lon="127.033153"><time>2026-10-03T01:58:20.001Z</time><ele>14.92</ele></trkpt><trkpt lat="37.108393" lon="127.033201"><time>2026-10-03T01:58:21.001Z</time><ele>14.67</ele></trkpt><trkpt lat="37.108332" lon="127.033251"><time>2026-10-03T01:58:22.001Z</time><ele>14.72</ele></trkpt><trkpt lat="37.108275" lon="127.0333"><time>2026-10-03T01:58:23.001Z</time><ele>14.65</ele></trkpt><trkpt lat="37.108225" lon="127.033353"><time>2026-10-03T01:58:24.001Z</time><ele>14.82</ele></trkpt><trkpt lat="37.108181" lon="127.033376"><time>2026-10-03T01:58:25.001Z</time><ele>14.78</ele></trkpt><trkpt lat="37.108081" lon="127.033387"><time>2026-10-03T01:58:27.001Z</time><ele>13.92</ele></trkpt><trkpt lat="37.108029" lon="127.033372"><time>2026-10-03T01:58:28.001Z</time><ele>13.71</ele></trkpt><trkpt lat="37.107992" lon="127.03331"><time>2026-10-03T01:58:29.001Z</time><ele>13.26</ele></trkpt><trkpt lat="37.107927" lon="127.033252"><time>2026-10-03T01:58:30.001Z</time><ele>13.23</ele></trkpt><trkpt lat="37.107855" lon="127.033187"><time>2026-10-03T01:58:31.001Z</time><ele>13.21</ele></trkpt><trkpt lat="37.107775" lon="127.033119"><time>2026-10-03T01:58:32.001Z</time><ele>13.5</ele></trkpt><trkpt lat="37.107688" lon="127.033037"><time>2026-10-03T01:58:33.001Z</time><ele>13.53</ele></trkpt><trkpt lat="37.107272" lon="127.032662"><time>2026-10-03T01:58:37.001Z</time><ele>13.08</ele></trkpt><trkpt lat="37.107175" lon="127.032581"><time>2026-10-03T01:58:38.001Z</time><ele>12.66</ele></trkpt><trkpt lat="37.107083" lon="127.032503"><time>2026-10-03T01:58:39.001Z</time><ele>12.49</ele></trkpt><trkpt lat="37.106994" lon="127.032427"><time>2026-10-03T01:58:40.001Z</time><ele>12.23</ele></trkpt><trkpt lat="37.106901" lon="127.032351"><time>2026-10-03T01:58:41.001Z</time><ele>12.23</ele></trkpt><trkpt lat="37.106814" lon="127.032279"><time>2026-10-03T01:58:42.001Z</time><ele>12.13</ele></trkpt><trkpt lat="37.106723" lon="127.032204"><time>2026-10-03T01:58:43.001Z</time><ele>11.98</ele></trkpt><trkpt lat="37.106637" lon="127.032133"><time>2026-10-03T01:58:44.001Z</time><ele>11.75</ele></trkpt><trkpt lat="37.106555" lon="127.032066"><time>2026-10-03T01:58:45.001Z</time><ele>11.63</ele></trkpt><trkpt lat="37.106467" lon="127.031993"><time>2026-10-03T01:58:46.001Z</time><ele>11.7</ele></trkpt><trkpt lat="37.106372" lon="127.03193"><time>2026-10-03T01:58:47.001Z</time><ele>11.6</ele></trkpt><trkpt lat="37.106294" lon="127.03186"><time>2026-10-03T01:58:48.001Z</time><ele>11.19</ele></trkpt><trkpt lat="37.106218" lon="127.031812"><time>2026-10-03T01:58:49.000Z</time><ele>10.95</ele></trkpt><trkpt lat="37.106159" lon="127.031764"><time>2026-10-03T01:58:50.000Z</time><ele>10.77</ele></trkpt><trkpt lat="37.106117" lon="127.031704"><time>2026-10-03T01:58:51.000Z</time><ele>10.69</ele></trkpt><trkpt lat="37.10607" lon="127.031685"><time>2026-10-03T01:58:52.000Z</time><ele>10.51</ele></trkpt><trkpt lat="37.106007" lon="127.03163"><time>2026-10-03T01:58:54.000Z</time><ele>10.43</ele></trkpt><trkpt lat="37.105958" lon="127.031584"><time>2026-10-03T01:58:56.000Z</time><ele>10.49</ele></trkpt><trkpt lat="37.105895" lon="127.031533"><time>2026-10-03T01:58:58.000Z</time><ele>10.29</ele></trkpt><trkpt lat="37.105847" lon="127.031483"><time>2026-10-03T01:59:00.000Z</time><ele>10.22</ele></trkpt><trkpt lat="37.105799" lon="127.03144"><time>2026-10-03T01:59:02.000Z</time><ele>10.29</ele></trkpt><trkpt lat="37.105741" lon="127.031388"><time>2026-10-03T01:59:04.000Z</time><ele>10.31</ele></trkpt><trkpt lat="37.105675" lon="127.031328"><time>2026-10-03T01:59:06.000Z</time><ele>10.35</ele></trkpt><trkpt lat="37.105638" lon="127.03129"><time>2026-10-03T01:59:07.000Z</time><ele>10.49</ele></trkpt><trkpt lat="37.105598" lon="127.031243"><time>2026-10-03T01:59:08.000Z</time><ele>10.27</ele></trkpt><trkpt lat="37.105568" lon="127.031192"><time>2026-10-03T01:59:09.000Z</time><ele>10.41</ele></trkpt><trkpt lat="37.10555" lon="127.03114"><time>2026-10-03T01:59:10.000Z</time><ele>10.62</ele></trkpt><trkpt lat="37.105492" lon="127.031051"><time>2026-10-03T01:59:12.000Z</time><ele>10.58</ele></trkpt><trkpt lat="37.105434" lon="127.031032"><time>2026-10-03T01:59:13.000Z</time><ele>10.62</ele></trkpt><trkpt lat="37.105377" lon="127.031066"><time>2026-10-03T01:59:14.000Z</time><ele>10.6</ele></trkpt><trkpt lat="37.105239" lon="127.03098"><time>2026-10-03T01:59:16.000Z</time><ele>10.8</ele></trkpt><trkpt lat="37.105179" lon="127.030932"><time>2026-10-03T01:59:17.000Z</time><ele>10.86</ele></trkpt><trkpt lat="37.105115" lon="127.030887"><time>2026-10-03T01:59:18.000Z</time><ele>10.9</ele></trkpt><trkpt lat="37.105059" lon="127.030818"><time>2026-10-03T01:59:19.000Z</time><ele>11.11</ele></trkpt><trkpt lat="37.105002" lon="127.030772"><time>2026-10-03T01:59:20.000Z</time><ele>11.11</ele></trkpt><trkpt lat="37.104939" lon="127.030745"><time>2026-10-03T01:59:21.000Z</time><ele>11.15</ele></trkpt><trkpt lat="37.104899" lon="127.030687"><time>2026-10-03T01:59:22.000Z</time><ele>11.19</ele></trkpt><trkpt lat="37.104848" lon="127.030664"><time>2026-10-03T01:59:23.000Z</time><ele>11.25</ele></trkpt><trkpt lat="37.104808" lon="127.03063"><time>2026-10-03T01:59:24.000Z</time><ele>11.37</ele></trkpt><trkpt lat="37.104764" lon="127.030591"><time>2026-10-03T01:59:25.000Z</time><ele>11.46</ele></trkpt><trkpt lat="37.104724" lon="127.03056"><time>2026-10-03T01:59:26.000Z</time><ele>11.53</ele></trkpt><trkpt lat="37.104687" lon="127.03052"><time>2026-10-03T01:59:27.000Z</time><ele>11.36</ele></trkpt><trkpt lat="37.104639" lon="127.030476"><time>2026-10-03T01:59:28.000Z</time><ele>11.53</ele></trkpt><trkpt lat="37.104579" lon="127.030429"><time>2026-10-03T01:59:29.000Z</time><ele>11.56</ele></trkpt><trkpt lat="37.10451" lon="127.030381"><time>2026-10-03T01:59:30.000Z</time><ele>11.7</ele></trkpt><trkpt lat="37.104441" lon="127.030326"><time>2026-10-03T01:59:31.000Z</time><ele>11.62</ele></trkpt><trkpt lat="37.104371" lon="127.03027"><time>2026-10-03T01:59:32.000Z</time><ele>11.63</ele></trkpt><trkpt lat="37.104299" lon="127.030213"><time>2026-10-03T01:59:33.000Z</time><ele>11.55</ele></trkpt><trkpt lat="37.104227" lon="127.030149"><time>2026-10-03T01:59:34.000Z</time><ele>11.57</ele></trkpt><trkpt lat="37.104149" lon="127.03009"><time>2026-10-03T01:59:35.000Z</time><ele>11.47</ele></trkpt><trkpt lat="37.104068" lon="127.030021"><time>2026-10-03T01:59:36.000Z</time><ele>11.46</ele></trkpt><trkpt lat="37.103979" lon="127.029951"><time>2026-10-03T01:59:37.000Z</time><ele>11.29</ele></trkpt><trkpt lat="37.103891" lon="127.029864"><time>2026-10-03T01:59:38.000Z</time><ele>11.37</ele></trkpt><trkpt lat="37.103797" lon="127.02978"><time>2026-10-03T01:59:39.000Z</time><ele>11.38</ele></trkpt><trkpt lat="37.103704" lon="127.029709"><time>2026-10-03T01:59:40.000Z</time><ele>11.3</ele></trkpt><trkpt lat="37.103614" lon="127.029644"><time>2026-10-03T01:59:41.000Z</time><ele>11.13</ele></trkpt><trkpt lat="37.103531" lon="127.029579"><time>2026-10-03T01:59:42.000Z</time><ele>11.06</ele></trkpt><trkpt lat="37.103452" lon="127.029508"><time>2026-10-03T01:59:43.000Z</time><ele>11.13</ele></trkpt><trkpt lat="37.103375" lon="127.029442"><time>2026-10-03T01:59:44.000Z</time><ele>11.2</ele></trkpt><trkpt lat="37.103298" lon="127.029374"><time>2026-10-03T01:59:45.000Z</time><ele>11.17</ele></trkpt><trkpt lat="37.103213" lon="127.029304"><time>2026-10-03T01:59:46.000Z</time><ele>11.25</ele></trkpt><trkpt lat="37.103126" lon="127.029226"><time>2026-10-03T01:59:47.000Z</time><ele>11.55</ele></trkpt><trkpt lat="37.103036" lon="127.029158"><time>2026-10-03T01:59:48.000Z</time><ele>11.72</ele></trkpt><trkpt lat="37.102954" lon="127.029096"><time>2026-10-03T01:59:49.000Z</time><ele>11.7</ele></trkpt><trkpt lat="37.102881" lon="127.029035"><time>2026-10-03T01:59:50.000Z</time><ele>11.89</ele></trkpt><trkpt lat="37.102809" lon="127.028976"><time>2026-10-03T01:59:51.000Z</time><ele>11.59</ele></trkpt><trkpt lat="37.102731" lon="127.028911"><time>2026-10-03T01:59:52.000Z</time><ele>11.51</ele></trkpt><trkpt lat="37.102649" lon="127.028843"><time>2026-10-03T01:59:53.000Z</time><ele>11.41</ele></trkpt><trkpt lat="37.102565" lon="127.028772"><time>2026-10-03T01:59:54.001Z</time><ele>11.68</ele></trkpt><trkpt lat="37.102481" lon="127.0287"><time>2026-10-03T01:59:55.001Z</time><ele>11.73</ele></trkpt><trkpt lat="37.102393" lon="127.028627"><time>2026-10-03T01:59:56.001Z</time><ele>11.67</ele></trkpt><trkpt lat="37.102301" lon="127.028552"><time>2026-10-03T01:59:57.001Z</time><ele>11.39</ele></trkpt><trkpt lat="37.102211" lon="127.028475"><time>2026-10-03T01:59:58.001Z</time><ele>11.66</ele></trkpt><trkpt lat="37.101715" lon="127.028061"><time>2026-10-03T02:00:04.001Z</time><ele>11.44</ele></trkpt><trkpt lat="37.10166" lon="127.028017"><time>2026-10-03T02:00:05.001Z</time><ele>11.5</ele></trkpt><trkpt lat="37.101604" lon="127.027971"><time>2026-10-03T02:00:07.001Z</time><ele>11.38</ele></trkpt><trkpt lat="37.101552" lon="127.027926"><time>2026-10-03T02:00:09.001Z</time><ele>11.59</ele></trkpt><trkpt lat="37.101496" lon="127.027877"><time>2026-10-03T02:00:11.001Z</time><ele>11.68</ele></trkpt><trkpt lat="37.101432" lon="127.027825"><time>2026-10-03T02:00:13.001Z</time><ele>11.83</ele></trkpt><trkpt lat="37.101393" lon="127.027792"><time>2026-10-03T02:00:14.001Z</time><ele>11.69</ele></trkpt><trkpt lat="37.101349" lon="127.027762"><time>2026-10-03T02:00:15.001Z</time><ele>11.74</ele></trkpt><trkpt lat="37.101312" lon="127.027709"><time>2026-10-03T02:00:16.001Z</time><ele>11.82</ele></trkpt><trkpt lat="37.101269" lon="127.027674"><time>2026-10-03T02:00:17.001Z</time><ele>11.73</ele></trkpt><trkpt lat="37.101209" lon="127.027649"><time>2026-10-03T02:00:18.001Z</time><ele>11.69</ele></trkpt><trkpt lat="37.101165" lon="127.027611"><time>2026-10-03T02:00:19.001Z</time><ele>11.66</ele></trkpt><trkpt lat="37.101121" lon="127.027571"><time>2026-10-03T02:00:20.001Z</time><ele>11.76</ele></trkpt><trkpt lat="37.101077" lon="127.027534"><time>2026-10-03T02:00:21.001Z</time><ele>11.79</ele></trkpt><trkpt lat="37.101031" lon="127.027494"><time>2026-10-03T02:00:22.001Z</time><ele>11.97</ele></trkpt><trkpt lat="37.100997" lon="127.027441"><time>2026-10-03T02:00:23.001Z</time><ele>12.05</ele></trkpt><trkpt lat="37.100952" lon="127.027405"><time>2026-10-03T02:00:24.001Z</time><ele>11.99</ele></trkpt><trkpt lat="37.100908" lon="127.027372"><time>2026-10-03T02:00:25.001Z</time><ele>11.98</ele></trkpt><trkpt lat="37.100667" lon="127.02727"><time>2026-10-03T02:00:28.001Z</time><ele>12.09</ele></trkpt><trkpt lat="37.100538" lon="127.027249"><time>2026-10-03T02:00:29.001Z</time><ele>11.72</ele></trkpt><trkpt lat="37.100386" lon="127.027224"><time>2026-10-03T02:00:30.001Z</time><ele>11.82</ele></trkpt><trkpt lat="37.100231" lon="127.027199"><time>2026-10-03T02:00:31.001Z</time><ele>11.82</ele></trkpt><trkpt lat="37.100089" lon="127.027176"><time>2026-10-03T02:00:32.001Z</time><ele>11.75</ele></trkpt><trkpt lat="37.099954" lon="127.027154"><time>2026-10-03T02:00:33.001Z</time><ele>11.75</ele></trkpt><trkpt lat="37.099833" lon="127.027134"><time>2026-10-03T02:00:34.001Z</time><ele>11.64</ele></trkpt><trkpt lat="37.099716" lon="127.027115"><time>2026-10-03T02:00:35.001Z</time><ele>11.52</ele></trkpt><trkpt lat="37.099597" lon="127.027094"><time>2026-10-03T02:00:36.001Z</time><ele>11.45</ele></trkpt><trkpt lat="37.099469" lon="127.027092"><time>2026-10-03T02:00:37.001Z</time><ele>11.35</ele></trkpt><trkpt lat="37.099354" lon="127.027062"><time>2026-10-03T02:00:38.001Z</time><ele>11.37</ele></trkpt><trkpt lat="37.099241" lon="127.027047"><time>2026-10-03T02:00:39.001Z</time><ele>11.06</ele></trkpt><trkpt lat="37.09912" lon="127.027034"><time>2026-10-03T02:00:40.001Z</time><ele>10.93</ele></trkpt><trkpt lat="37.099013" lon="127.026994"><time>2026-10-03T02:00:41.001Z</time><ele>11.19</ele></trkpt><trkpt lat="37.098906" lon="127.026977"><time>2026-10-03T02:00:42.001Z</time><ele>10.99</ele></trkpt><trkpt lat="37.098799" lon="127.026963"><time>2026-10-03T02:00:43.001Z</time><ele>10.82</ele></trkpt><trkpt lat="37.098698" lon="127.026951"><time>2026-10-03T02:00:44.001Z</time><ele>10.91</ele></trkpt><trkpt lat="37.098588" lon="127.026979"><time>2026-10-03T02:00:45.001Z</time><ele>11.05</ele></trkpt><trkpt lat="37.098484" lon="127.026995"><time>2026-10-03T02:00:46.001Z</time><ele>11.05</ele></trkpt><trkpt lat="37.09839" lon="127.027024"><time>2026-10-03T02:00:47.001Z</time><ele>10.72</ele></trkpt><trkpt lat="37.098297" lon="127.027024"><time>2026-10-03T02:00:48.001Z</time><ele>10.84</ele></trkpt><trkpt lat="37.098201" lon="127.027067"><time>2026-10-03T02:00:49.001Z</time><ele>10.87</ele></trkpt><trkpt lat="37.09809" lon="127.027088"><time>2026-10-03T02:00:50.001Z</time><ele>10.79</ele></trkpt><trkpt lat="37.09798" lon="127.027113"><time>2026-10-03T02:00:51.001Z</time><ele>10.69</ele></trkpt><trkpt lat="37.097875" lon="127.027136"><time>2026-10-03T02:00:52.001Z</time><ele>10.74</ele></trkpt><trkpt lat="37.097779" lon="127.027157"><time>2026-10-03T02:00:53.001Z</time><ele>10.38</ele></trkpt><trkpt lat="37.097685" lon="127.027178"><time>2026-10-03T02:00:54.001Z</time><ele>10.37</ele></trkpt><trkpt lat="37.097591" lon="127.027197"><time>2026-10-03T02:00:55.000Z</time><ele>10.77</ele></trkpt><trkpt lat="37.097497" lon="127.027219"><time>2026-10-03T02:00:56.000Z</time><ele>10.41</ele></trkpt><trkpt lat="37.097412" lon="127.027242"><time>2026-10-03T02:00:57.000Z</time><ele>10.15</ele></trkpt><trkpt lat="37.09732" lon="127.027264"><time>2026-10-03T02:00:58.000Z</time><ele>10.25</ele></trkpt><trkpt lat="37.097212" lon="127.027287"><time>2026-10-03T02:00:59.000Z</time><ele>10.33</ele></trkpt><trkpt lat="37.097111" lon="127.027315"><time>2026-10-03T02:01:00.000Z</time><ele>10.2</ele></trkpt><trkpt lat="37.096996" lon="127.027342"><time>2026-10-03T02:01:01.000Z</time><ele>10.51</ele></trkpt><trkpt lat="37.096878" lon="127.02737"><time>2026-10-03T02:01:02.000Z</time><ele>11.11</ele></trkpt><trkpt lat="37.096768" lon="127.027396"><time>2026-10-03T02:01:03.000Z</time><ele>11.69</ele></trkpt><trkpt lat="37.096665" lon="127.02742"><time>2026-10-03T02:01:04.000Z</time><ele>12.28</ele></trkpt><trkpt lat="37.096557" lon="127.027448"><time>2026-10-03T02:01:05.000Z</time><ele>12.88</ele></trkpt><trkpt lat="37.096445" lon="127.027473"><time>2026-10-03T02:01:06.000Z</time><ele>13.44</ele></trkpt><trkpt lat="37.096346" lon="127.027496"><time>2026-10-03T02:01:07.000Z</time><ele>13.76</ele></trkpt><trkpt lat="37.096257" lon="127.027522"><time>2026-10-03T02:01:08.000Z</time><ele>14.18</ele></trkpt><trkpt lat="37.096175" lon="127.027546"><time>2026-10-03T02:01:09.000Z</time><ele>14.33</ele></trkpt><trkpt lat="37.096104" lon="127.027563"><time>2026-10-03T02:01:10.000Z</time><ele>14.33</ele></trkpt><trkpt lat="37.096038" lon="127.027574"><time>2026-10-03T02:01:11.000Z</time><ele>14.43</ele></trkpt><trkpt lat="37.095977" lon="127.027565"><time>2026-10-03T02:01:12.000Z</time><ele>14.23</ele></trkpt><trkpt lat="37.095914" lon="127.027535"><time>2026-10-03T02:01:13.000Z</time><ele>14.46</ele></trkpt><trkpt lat="37.095857" lon="127.02748"><time>2026-10-03T02:01:14.000Z</time><ele>14.79</ele></trkpt><trkpt lat="37.095816" lon="127.027431"><time>2026-10-03T02:01:15.000Z</time><ele>14.74</ele></trkpt><trkpt lat="37.095787" lon="127.027352"><time>2026-10-03T02:01:17.000Z</time><ele>14.87</ele></trkpt><trkpt lat="37.095758" lon="127.027304"><time>2026-10-03T02:01:43.000Z</time><ele>15.09</ele></trkpt><trkpt lat="37.095729" lon="127.027253"><time>2026-10-03T02:01:44.000Z</time><ele>15.17</ele></trkpt><trkpt lat="37.095698" lon="127.027177"><time>2026-10-03T02:01:45.000Z</time><ele>15.11</ele></trkpt><trkpt lat="37.09566" lon="127.027085"><time>2026-10-03T02:01:46.000Z</time><ele>15.22</ele></trkpt><trkpt lat="37.095619" lon="127.026978"><time>2026-10-03T02:01:47.000Z</time><ele>15.21</ele></trkpt><trkpt lat="37.095572" lon="127.026857"><time>2026-10-03T02:01:48.000Z</time><ele>15.26</ele></trkpt><trkpt lat="37.095518" lon="127.026724"><time>2026-10-03T02:01:49.000Z</time><ele>15.04</ele></trkpt><trkpt lat="37.095462" lon="127.026579"><time>2026-10-03T02:01:50.000Z</time><ele>15.26</ele></trkpt><trkpt lat="37.095405" lon="127.026425"><time>2026-10-03T02:01:51.000Z</time><ele>15.08</ele></trkpt><trkpt lat="37.095348" lon="127.026263"><time>2026-10-03T02:01:52.000Z</time><ele>14.59</ele></trkpt><trkpt lat="37.095286" lon="127.026091"><time>2026-10-03T02:01:53.000Z</time><ele>14.82</ele></trkpt><trkpt lat="37.095228" lon="127.025906"><time>2026-10-03T02:01:54.000Z</time><ele>14.58</ele></trkpt><trkpt lat="37.095171" lon="127.025712"><time>2026-10-03T02:01:55.000Z</time><ele>14.55</ele></trkpt><trkpt lat="37.095118" lon="127.025521"><time>2026-10-03T02:01:56.000Z</time><ele>14.26</ele></trkpt><trkpt lat="37.095072" lon="127.025341"><time>2026-10-03T02:01:57.000Z</time><ele>14.04</ele></trkpt><trkpt lat="37.095032" lon="127.025157"><time>2026-10-03T02:01:58.001Z</time><ele>13.91</ele></trkpt><trkpt lat="37.094996" lon="127.02498"><time>2026-10-03T02:01:59.001Z</time><ele>13.9</ele></trkpt><trkpt lat="37.094962" lon="127.024816"><time>2026-10-03T02:02:00.001Z</time><ele>13.84</ele></trkpt><trkpt lat="37.094935" lon="127.024657"><time>2026-10-03T02:02:01.001Z</time><ele>13.46</ele></trkpt><trkpt lat="37.094912" lon="127.024495"><time>2026-10-03T02:02:02.001Z</time><ele>13.1</ele></trkpt><trkpt lat="37.09489" lon="127.024339"><time>2026-10-03T02:02:03.001Z</time><ele>13.43</ele></trkpt><trkpt lat="37.094875" lon="127.024179"><time>2026-10-03T02:02:04.001Z</time><ele>12.86</ele></trkpt><trkpt lat="37.094858" lon="127.024004"><time>2026-10-03T02:02:05.001Z</time><ele>13.04</ele></trkpt><trkpt lat="37.094841" lon="127.023829"><time>2026-10-03T02:02:06.001Z</time><ele>12.8</ele></trkpt><trkpt lat="37.094828" lon="127.023642"><time>2026-10-03T02:02:07.001Z</time><ele>13.37</ele></trkpt><trkpt lat="37.094816" lon="127.023452"><time>2026-10-03T02:02:08.001Z</time><ele>13.42</ele></trkpt><trkpt lat="37.094806" lon="127.023247"><time>2026-10-03T02:02:09.001Z</time><ele>13.64</ele></trkpt><trkpt lat="37.094801" lon="127.023047"><time>2026-10-03T02:02:10.001Z</time><ele>13.72</ele></trkpt><trkpt lat="37.094796" lon="127.022858"><time>2026-10-03T02:02:11.001Z</time><ele>13.62</ele></trkpt><trkpt lat="37.094796" lon="127.022671"><time>2026-10-03T02:02:12.001Z</time><ele>13.12</ele></trkpt><trkpt lat="37.094797" lon="127.02248"><time>2026-10-03T02:02:13.001Z</time><ele>13.06</ele></trkpt><trkpt lat="37.094798" lon="127.022279"><time>2026-10-03T02:02:14.001Z</time><ele>13.56</ele></trkpt><trkpt lat="37.094796" lon="127.022069"><time>2026-10-03T02:02:15.001Z</time><ele>13.54</ele></trkpt><trkpt lat="37.09479" lon="127.02185"><time>2026-10-03T02:02:16.001Z</time><ele>13.64</ele></trkpt><trkpt lat="37.094787" lon="127.021633"><time>2026-10-03T02:02:17.001Z</time><ele>13.2</ele></trkpt><trkpt lat="37.094783" lon="127.02142"><time>2026-10-03T02:02:18.001Z</time><ele>13.26</ele></trkpt><trkpt lat="37.094779" lon="127.021214"><time>2026-10-03T02:02:19.001Z</time><ele>13</ele></trkpt><trkpt lat="37.094775" lon="127.021004"><time>2026-10-03T02:02:20.001Z</time><ele>13.25</ele></trkpt><trkpt lat="37.094769" lon="127.020791"><time>2026-10-03T02:02:21.001Z</time><ele>13.49</ele></trkpt><trkpt lat="37.094762" lon="127.020577"><time>2026-10-03T02:02:22.001Z</time><ele>12.97</ele></trkpt><trkpt lat="37.094755" lon="127.020359"><time>2026-10-03T02:02:23.001Z</time><ele>13.03</ele></trkpt><trkpt lat="37.094748" lon="127.02014"><time>2026-10-03T02:02:24.001Z</time><ele>13.09</ele></trkpt><trkpt lat="37.094744" lon="127.019921"><time>2026-10-03T02:02:25.001Z</time><ele>13.03</ele></trkpt><trkpt lat="37.094737" lon="127.0197"><time>2026-10-03T02:02:26.001Z</time><ele>13.46</ele></trkpt><trkpt lat="37.094733" lon="127.01948"><time>2026-10-03T02:02:27.001Z</time><ele>13.42</ele></trkpt><trkpt lat="37.09473" lon="127.01926"><time>2026-10-03T02:02:28.001Z</time><ele>13.05</ele></trkpt><trkpt lat="37.094723" lon="127.01904"><time>2026-10-03T02:02:29.001Z</time><ele>13.42</ele></trkpt><trkpt lat="37.094717" lon="127.018822"><time>2026-10-03T02:02:30.001Z</time><ele>13.38</ele></trkpt><trkpt lat="37.094713" lon="127.0186"><time>2026-10-03T02:02:31.001Z</time><ele>13.71</ele></trkpt><trkpt lat="37.094709" lon="127.018379"><time>2026-10-03T02:02:32.001Z</time><ele>13.96</ele></trkpt><trkpt lat="37.094705" lon="127.018158"><time>2026-10-03T02:02:33.001Z</time><ele>13.91</ele></trkpt><trkpt lat="37.094696" lon="127.017934"><time>2026-10-03T02:02:34.001Z</time><ele>14.41</ele></trkpt><trkpt lat="37.094692" lon="127.017707"><time>2026-10-03T02:02:35.001Z</time><ele>14.16</ele></trkpt><trkpt lat="37.094685" lon="127.017481"><time>2026-10-03T02:02:36.001Z</time><ele>14.55</ele></trkpt><trkpt lat="37.09468" lon="127.017267"><time>2026-10-03T02:02:37.001Z</time><ele>13.75</ele></trkpt><trkpt lat="37.094673" lon="127.017046"><time>2026-10-03T02:02:38.001Z</time><ele>14.17</ele></trkpt><trkpt lat="37.09467" lon="127.016821"><time>2026-10-03T02:02:39.001Z</time><ele>13.92</ele></trkpt><trkpt lat="37.094667" lon="127.016602"><time>2026-10-03T02:02:40.001Z</time><ele>13.29</ele></trkpt><trkpt lat="37.094662" lon="127.016395"><time>2026-10-03T02:02:41.001Z</time><ele>12.62</ele></trkpt><trkpt lat="37.094658" lon="127.016207"><time>2026-10-03T02:02:42.001Z</time><ele>12.64</ele></trkpt><trkpt lat="37.094654" lon="127.016041"><time>2026-10-03T02:02:43.001Z</time><ele>12.51</ele></trkpt><trkpt lat="37.094653" lon="127.0159"><time>2026-10-03T02:02:44.001Z</time><ele>11.96</ele></trkpt><trkpt lat="37.094649" lon="127.015772"><time>2026-10-03T02:02:45.001Z</time><ele>12.26</ele></trkpt><trkpt lat="37.094643" lon="127.015647"><time>2026-10-03T02:02:46.001Z</time><ele>12.46</ele></trkpt><trkpt lat="37.094636" lon="127.015533"><time>2026-10-03T02:02:47.001Z</time><ele>12.57</ele></trkpt><trkpt lat="37.094634" lon="127.015395"><time>2026-10-03T02:02:48.001Z</time><ele>12.31</ele></trkpt><trkpt lat="37.094631" lon="127.015241"><time>2026-10-03T02:02:49.001Z</time><ele>12.85</ele></trkpt><trkpt lat="37.094651" lon="127.015087"><time>2026-10-03T02:02:50.001Z</time><ele>12.92</ele></trkpt><trkpt lat="37.094626" lon="127.014934"><time>2026-10-03T02:02:51.001Z</time><ele>12.43</ele></trkpt><trkpt lat="37.094623" lon="127.014774"><time>2026-10-03T02:02:52.001Z</time><ele>12.28</ele></trkpt><trkpt lat="37.09462" lon="127.014625"><time>2026-10-03T02:02:53.001Z</time><ele>12.63</ele></trkpt><trkpt lat="37.094619" lon="127.014488"><time>2026-10-03T02:02:54.001Z</time><ele>12.19</ele></trkpt><trkpt lat="37.094614" lon="127.014355"><time>2026-10-03T02:02:55.001Z</time><ele>12.33</ele></trkpt><trkpt lat="37.094609" lon="127.014227"><time>2026-10-03T02:02:56.001Z</time><ele>12.39</ele></trkpt><trkpt lat="37.094606" lon="127.014084"><time>2026-10-03T02:02:57.001Z</time><ele>12.21</ele></trkpt><trkpt lat="37.094608" lon="127.013933"><time>2026-10-03T02:02:58.001Z</time><ele>12.59</ele></trkpt><trkpt lat="37.094602" lon="127.013772"><time>2026-10-03T02:02:59.001Z</time><ele>12.69</ele></trkpt><trkpt lat="37.094601" lon="127.013599"><time>2026-10-03T02:03:00.001Z</time><ele>12.57</ele></trkpt><trkpt lat="37.094594" lon="127.013413"><time>2026-10-03T02:03:01.000Z</time><ele>12.56</ele></trkpt><trkpt lat="37.094585" lon="127.013224"><time>2026-10-03T02:03:02.000Z</time><ele>12.34</ele></trkpt><trkpt lat="37.09458" lon="127.01303"><time>2026-10-03T02:03:03.000Z</time><ele>12.8</ele></trkpt><trkpt lat="37.094576" lon="127.012834"><time>2026-10-03T02:03:04.000Z</time><ele>12.67</ele></trkpt><trkpt lat="37.094571" lon="127.012632"><time>2026-10-03T02:03:05.000Z</time><ele>12.93</ele></trkpt><trkpt lat="37.094559" lon="127.012429"><time>2026-10-03T02:03:06.000Z</time><ele>12.77</ele></trkpt><trkpt lat="37.094543" lon="127.012223"><time>2026-10-03T02:03:07.000Z</time><ele>12.93</ele></trkpt><trkpt lat="37.094527" lon="127.012019"><time>2026-10-03T02:03:08.000Z</time><ele>12.39</ele></trkpt><trkpt lat="37.09451" lon="127.011814"><time>2026-10-03T02:03:09.000Z</time><ele>12.51</ele></trkpt><trkpt lat="37.094496" lon="127.01161"><time>2026-10-03T02:03:10.000Z</time><ele>12.41</ele></trkpt><trkpt lat="37.094498" lon="127.011402"><time>2026-10-03T02:03:11.000Z</time><ele>12.25</ele></trkpt><trkpt lat="37.094481" lon="127.011197"><time>2026-10-03T02:03:12.000Z</time><ele>12.25</ele></trkpt><trkpt lat="37.094465" lon="127.010995"><time>2026-10-03T02:03:13.000Z</time><ele>12.24</ele></trkpt><trkpt lat="37.094449" lon="127.010789"><time>2026-10-03T02:03:14.000Z</time><ele>12.38</ele></trkpt><trkpt lat="37.094432" lon="127.010584"><time>2026-10-03T02:03:15.000Z</time><ele>11.86</ele></trkpt><trkpt lat="37.094416" lon="127.010368"><time>2026-10-03T02:03:16.000Z</time><ele>11.95</ele></trkpt><trkpt lat="37.094399" lon="127.010159"><time>2026-10-03T02:03:17.000Z</time><ele>11.74</ele></trkpt><trkpt lat="37.094383" lon="127.009951"><time>2026-10-03T02:03:18.000Z</time><ele>11.84</ele></trkpt><trkpt lat="37.094368" lon="127.009757"><time>2026-10-03T02:03:19.000Z</time><ele>11.58</ele></trkpt><trkpt lat="37.094353" lon="127.009575"><time>2026-10-03T02:03:20.000Z</time><ele>11.76</ele></trkpt><trkpt lat="37.09434" lon="127.009404"><time>2026-10-03T02:03:21.000Z</time><ele>11.89</ele></trkpt><trkpt lat="37.094306" lon="127.00923"><time>2026-10-03T02:03:22.000Z</time><ele>12.28</ele></trkpt><trkpt lat="37.094288" lon="127.009047"><time>2026-10-03T02:03:23.000Z</time><ele>12.39</ele></trkpt><trkpt lat="37.094271" lon="127.008855"><time>2026-10-03T02:03:24.000Z</time><ele>12.87</ele></trkpt><trkpt lat="37.094256" lon="127.008661"><time>2026-10-03T02:03:25.000Z</time><ele>12.5</ele></trkpt><trkpt lat="37.094242" lon="127.008461"><time>2026-10-03T02:03:26.000Z</time><ele>12.62</ele></trkpt><trkpt lat="37.094226" lon="127.008261"><time>2026-10-03T02:03:27.000Z</time><ele>12.79</ele></trkpt><trkpt lat="37.094207" lon="127.008062"><time>2026-10-03T02:03:28.000Z</time><ele>13.11</ele></trkpt><trkpt lat="37.094191" lon="127.007866"><time>2026-10-03T02:03:29.000Z</time><ele>13.43</ele></trkpt><trkpt lat="37.094178" lon="127.007679"><time>2026-10-03T02:03:30.000Z</time><ele>13.67</ele></trkpt><trkpt lat="37.094163" lon="127.007495"><time>2026-10-03T02:03:31.000Z</time><ele>14.21</ele></trkpt><trkpt lat="37.094174" lon="127.007299"><time>2026-10-03T02:03:32.000Z</time><ele>14.35</ele></trkpt><trkpt lat="37.094158" lon="127.007104"><time>2026-10-03T02:03:33.000Z</time><ele>14.29</ele></trkpt><trkpt lat="37.094143" lon="127.006905"><time>2026-10-03T02:03:34.000Z</time><ele>14.2</ele></trkpt><trkpt lat="37.094128" lon="127.006706"><time>2026-10-03T02:03:35.000Z</time><ele>14.56</ele></trkpt><trkpt lat="37.094112" lon="127.006505"><time>2026-10-03T02:03:36.000Z</time><ele>14.25</ele></trkpt><trkpt lat="37.094095" lon="127.006302"><time>2026-10-03T02:03:37.000Z</time><ele>13.98</ele></trkpt><trkpt lat="37.094079" lon="127.006095"><time>2026-10-03T02:03:38.000Z</time><ele>14.52</ele></trkpt><trkpt lat="37.094062" lon="127.005889"><time>2026-10-03T02:03:39.000Z</time><ele>14.01</ele></trkpt><trkpt lat="37.094044" lon="127.005683"><time>2026-10-03T02:03:40.000Z</time><ele>14.23</ele></trkpt><trkpt lat="37.094029" lon="127.005498"><time>2026-10-03T02:03:41.000Z</time><ele>13.69</ele></trkpt><trkpt lat="37.094014" lon="127.005317"><time>2026-10-03T02:03:42.000Z</time><ele>13.59</ele></trkpt><trkpt lat="37.093999" lon="127.005144"><time>2026-10-03T02:03:43.000Z</time><ele>13.84</ele></trkpt><trkpt lat="37.093986" lon="127.004983"><time>2026-10-03T02:03:44.000Z</time><ele>13.48</ele></trkpt><trkpt lat="37.093972" lon="127.004826"><time>2026-10-03T02:03:45.000Z</time><ele>13.29</ele></trkpt><trkpt lat="37.093961" lon="127.004679"><time>2026-10-03T02:03:46.000Z</time><ele>12.29</ele></trkpt><trkpt lat="37.093949" lon="127.004547"><time>2026-10-03T02:03:47.000Z</time><ele>11.88</ele></trkpt><trkpt lat="37.09394" lon="127.004436"><time>2026-10-03T02:03:48.000Z</time><ele>11.65</ele></trkpt><trkpt lat="37.093931" lon="127.004327"><time>2026-10-03T02:03:49.000Z</time><ele>11.26</ele></trkpt><trkpt lat="37.093922" lon="127.004225"><time>2026-10-03T02:03:50.000Z</time><ele>11.32</ele></trkpt><trkpt lat="37.093915" lon="127.00413"><time>2026-10-03T02:03:51.000Z</time><ele>10.63</ele></trkpt><trkpt lat="37.093907" lon="127.004041"><time>2026-10-03T02:03:52.000Z</time><ele>10.59</ele></trkpt><trkpt lat="37.093901" lon="127.003958"><time>2026-10-03T02:03:53.000Z</time><ele>10.11</ele></trkpt><trkpt lat="37.093894" lon="127.003882"><time>2026-10-03T02:03:54.000Z</time><ele>10.02</ele></trkpt><trkpt lat="37.093872" lon="127.003814"><time>2026-10-03T02:03:55.000Z</time><ele>9.83</ele></trkpt><trkpt lat="37.093871" lon="127.00375"><time>2026-10-03T02:03:56.000Z</time><ele>9.4</ele></trkpt><trkpt lat="37.093866" lon="127.003649"><time>2026-10-03T02:03:58.000Z</time><ele>9.29</ele></trkpt><trkpt lat="37.093861" lon="127.003579"><time>2026-10-03T02:04:00.000Z</time><ele>9.26</ele></trkpt><trkpt lat="37.093851" lon="127.003516"><time>2026-10-03T02:04:03.001Z</time><ele>10.02</ele></trkpt><trkpt lat="37.093858" lon="127.00345"><time>2026-10-03T02:05:27.000Z</time><ele>15.57</ele></trkpt><trkpt lat="37.093852" lon="127.003387"><time>2026-10-03T02:05:28.000Z</time><ele>15.44</ele></trkpt><trkpt lat="37.093846" lon="127.003314"><time>2026-10-03T02:05:29.000Z</time><ele>15.3</ele></trkpt><trkpt lat="37.093841" lon="127.003253"><time>2026-10-03T02:05:30.000Z</time><ele>15.05</ele></trkpt><trkpt lat="37.093836" lon="127.003191"><time>2026-10-03T02:05:31.000Z</time><ele>14.73</ele></trkpt><trkpt lat="37.093557" lon="127.003121"><time>2026-10-03T02:05:34.000Z</time><ele>15.16</ele></trkpt><trkpt lat="37.092552" lon="127.002979"><time>2026-10-03T02:05:42.000Z</time><ele>19.16</ele></trkpt><trkpt lat="37.092369" lon="127.002949"><time>2026-10-03T02:05:43.000Z</time><ele>20.21</ele></trkpt><trkpt lat="37.092173" lon="127.002918"><time>2026-10-03T02:05:44.000Z</time><ele>20.83</ele></trkpt><trkpt lat="37.091974" lon="127.002886"><time>2026-10-03T02:05:45.000Z</time><ele>21.29</ele></trkpt><trkpt lat="37.091773" lon="127.002855"><time>2026-10-03T02:05:46.000Z</time><ele>21.94</ele></trkpt><trkpt lat="37.091577" lon="127.002821"><time>2026-10-03T02:05:47.000Z</time><ele>22</ele></trkpt><trkpt lat="37.091381" lon="127.002787"><time>2026-10-03T02:05:48.000Z</time><ele>22.14</ele></trkpt><trkpt lat="37.091188" lon="127.002755"><time>2026-10-03T02:05:49.000Z</time><ele>22.58</ele></trkpt><trkpt lat="37.091006" lon="127.002724"><time>2026-10-03T02:05:50.000Z</time><ele>22.46</ele></trkpt><trkpt lat="37.090832" lon="127.002694"><time>2026-10-03T02:05:51.000Z</time><ele>21.83</ele></trkpt><trkpt lat="37.090666" lon="127.002669"><time>2026-10-03T02:05:52.000Z</time><ele>21.55</ele></trkpt><trkpt lat="37.090508" lon="127.002643"><time>2026-10-03T02:05:53.000Z</time><ele>21.31</ele></trkpt><trkpt lat="37.090357" lon="127.002617"><time>2026-10-03T02:05:54.000Z</time><ele>21</ele></trkpt><trkpt lat="37.090211" lon="127.002598"><time>2026-10-03T02:05:55.000Z</time><ele>20.59</ele></trkpt><trkpt lat="37.09007" lon="127.002578"><time>2026-10-03T02:05:56.000Z</time><ele>20.19</ele></trkpt><trkpt lat="37.089935" lon="127.002554"><time>2026-10-03T02:05:57.000Z</time><ele>19.34</ele></trkpt><trkpt lat="37.089816" lon="127.002536"><time>2026-10-03T02:05:58.000Z</time><ele>18.79</ele></trkpt><trkpt lat="37.089712" lon="127.002522"><time>2026-10-03T02:05:59.000Z</time><ele>18.27</ele></trkpt><trkpt lat="37.08963" lon="127.00251"><time>2026-10-03T02:06:00.000Z</time><ele>18.25</ele></trkpt><trkpt lat="37.089547" lon="127.002497"><time>2026-10-03T02:06:01.000Z</time><ele>17.47</ele></trkpt><trkpt lat="37.089474" lon="127.002482"><time>2026-10-03T02:06:02.000Z</time><ele>16.87</ele></trkpt><trkpt lat="37.089412" lon="127.002456"><time>2026-10-03T02:06:03.000Z</time><ele>16.57</ele></trkpt><trkpt lat="37.089358" lon="127.002411"><time>2026-10-03T02:06:04.000Z</time><ele>16.13</ele></trkpt><trkpt lat="37.089316" lon="127.002349"><time>2026-10-03T02:06:05.000Z</time><ele>15.92</ele></trkpt><trkpt lat="37.089383" lon="127.002179"><time>2026-10-03T02:06:06.000Z</time><ele>15.91</ele></trkpt><trkpt lat="37.089338" lon="127.002088"><time>2026-10-03T02:06:07.000Z</time><ele>15.56</ele></trkpt><trkpt lat="37.089294" lon="127.002004"><time>2026-10-03T02:06:08.001Z</time><ele>15.6</ele></trkpt><trkpt lat="37.089244" lon="127.001904"><time>2026-10-03T02:06:09.001Z</time><ele>15.37</ele></trkpt><trkpt lat="37.089191" lon="127.001793"><time>2026-10-03T02:06:10.001Z</time><ele>14.99</ele></trkpt><trkpt lat="37.089133" lon="127.001661"><time>2026-10-03T02:06:11.001Z</time><ele>14.85</ele></trkpt><trkpt lat="37.089072" lon="127.001518"><time>2026-10-03T02:06:12.001Z</time><ele>14.53</ele></trkpt><trkpt lat="37.089011" lon="127.001375"><time>2026-10-03T02:06:13.001Z</time><ele>14.55</ele></trkpt><trkpt lat="37.088953" lon="127.001239"><time>2026-10-03T02:06:14.001Z</time><ele>14.28</ele></trkpt><trkpt lat="37.08889" lon="127.001094"><time>2026-10-03T02:06:15.001Z</time><ele>13.98</ele></trkpt><trkpt lat="37.088811" lon="127.000952"><time>2026-10-03T02:06:16.001Z</time><ele>13.8</ele></trkpt><trkpt lat="37.088742" lon="127.000789"><time>2026-10-03T02:06:17.001Z</time><ele>13.62</ele></trkpt><trkpt lat="37.088668" lon="127.000618"><time>2026-10-03T02:06:18.001Z</time><ele>13.4</ele></trkpt><trkpt lat="37.088584" lon="127.000441"><time>2026-10-03T02:06:19.001Z</time><ele>13.41</ele></trkpt><trkpt lat="37.088497" lon="127.000258"><time>2026-10-03T02:06:20.001Z</time><ele>13.1</ele></trkpt><trkpt lat="37.088405" lon="127.000077"><time>2026-10-03T02:06:21.001Z</time><ele>12.97</ele></trkpt><trkpt lat="37.088314" lon="126.999906"><time>2026-10-03T02:06:22.001Z</time><ele>12.88</ele></trkpt><trkpt lat="37.088227" lon="126.999737"><time>2026-10-03T02:06:23.001Z</time><ele>12.65</ele></trkpt><trkpt lat="37.088129" lon="126.999561"><time>2026-10-03T02:06:24.001Z</time><ele>12.78</ele></trkpt><trkpt lat="37.088026" lon="126.999378"><time>2026-10-03T02:06:25.001Z</time><ele>12.99</ele></trkpt><trkpt lat="37.087916" lon="126.999195"><time>2026-10-03T02:06:26.001Z</time><ele>13.09</ele></trkpt><trkpt lat="37.087798" lon="126.999009"><time>2026-10-03T02:06:27.001Z</time><ele>13.37</ele></trkpt><trkpt lat="37.087678" lon="126.998821"><time>2026-10-03T02:06:28.001Z</time><ele>13.12</ele></trkpt><trkpt lat="37.08756" lon="126.998636"><time>2026-10-03T02:06:29.001Z</time><ele>13.11</ele></trkpt><trkpt lat="37.087453" lon="126.998444"><time>2026-10-03T02:06:30.001Z</time><ele>13.27</ele></trkpt><trkpt lat="37.087324" lon="126.998275"><time>2026-10-03T02:06:31.001Z</time><ele>13.12</ele></trkpt><trkpt lat="37.087194" lon="126.998104"><time>2026-10-03T02:06:32.001Z</time><ele>13.23</ele></trkpt><trkpt lat="37.087064" lon="126.997931"><time>2026-10-03T02:06:33.001Z</time><ele>13.2</ele></trkpt><trkpt lat="37.086933" lon="126.997757"><time>2026-10-03T02:06:34.001Z</time><ele>13.28</ele></trkpt><trkpt lat="37.086794" lon="126.997587"><time>2026-10-03T02:06:35.001Z</time><ele>13.37</ele></trkpt><trkpt lat="37.086639" lon="126.997441"><time>2026-10-03T02:06:36.001Z</time><ele>13.45</ele></trkpt><trkpt lat="37.086491" lon="126.997278"><time>2026-10-03T02:06:37.001Z</time><ele>13.42</ele></trkpt><trkpt lat="37.086342" lon="126.997119"><time>2026-10-03T02:06:38.001Z</time><ele>13.61</ele></trkpt><trkpt lat="37.086193" lon="126.99696"><time>2026-10-03T02:06:39.001Z</time><ele>13.81</ele></trkpt><trkpt lat="37.086046" lon="126.996811"><time>2026-10-03T02:06:40.001Z</time><ele>13.76</ele></trkpt><trkpt lat="37.085893" lon="126.996673"><time>2026-10-03T02:06:41.001Z</time><ele>13.67</ele></trkpt><trkpt lat="37.085753" lon="126.996514"><time>2026-10-03T02:06:42.001Z</time><ele>14.05</ele></trkpt><trkpt lat="37.085598" lon="126.996368"><time>2026-10-03T02:06:43.001Z</time><ele>14.2</ele></trkpt><trkpt lat="37.085439" lon="126.996236"><time>2026-10-03T02:06:44.001Z</time><ele>14.39</ele></trkpt><trkpt lat="37.085278" lon="126.99611"><time>2026-10-03T02:06:45.001Z</time><ele>14.66</ele></trkpt><trkpt lat="37.08511" lon="126.996005"><time>2026-10-03T02:06:46.001Z</time><ele>14.6</ele></trkpt><trkpt lat="37.084952" lon="126.995902"><time>2026-10-03T02:06:47.001Z</time><ele>14.78</ele></trkpt><trkpt lat="37.084796" lon="126.995787"><time>2026-10-03T02:06:48.001Z</time><ele>15.05</ele></trkpt><trkpt lat="37.084628" lon="126.995685"><time>2026-10-03T02:06:49.001Z</time><ele>14.55</ele></trkpt><trkpt lat="37.084454" lon="126.995584"><time>2026-10-03T02:06:50.001Z</time><ele>14.49</ele></trkpt><trkpt lat="37.084271" lon="126.995501"><time>2026-10-03T02:06:51.001Z</time><ele>14.37</ele></trkpt><trkpt lat="37.084093" lon="126.995394"><time>2026-10-03T02:06:52.001Z</time><ele>14.35</ele></trkpt><trkpt lat="37.083913" lon="126.995293"><time>2026-10-03T02:06:53.001Z</time><ele>14.21</ele></trkpt><trkpt lat="37.083734" lon="126.995192"><time>2026-10-03T02:06:54.001Z</time><ele>14.28</ele></trkpt><trkpt lat="37.083557" lon="126.995102"><time>2026-10-03T02:06:55.001Z</time><ele>13.97</ele></trkpt><trkpt lat="37.083384" lon="126.995004"><time>2026-10-03T02:06:56.001Z</time><ele>13.99</ele></trkpt><trkpt lat="37.083207" lon="126.994953"><time>2026-10-03T02:06:57.001Z</time><ele>13.91</ele></trkpt><trkpt lat="37.083039" lon="126.994895"><time>2026-10-03T02:06:58.001Z</time><ele>13.9</ele></trkpt><trkpt lat="37.082875" lon="126.994822"><time>2026-10-03T02:06:59.001Z</time><ele>13.74</ele></trkpt><trkpt lat="37.082706" lon="126.994774"><time>2026-10-03T02:07:00.001Z</time><ele>13.71</ele></trkpt><trkpt lat="37.08254" lon="126.994728"><time>2026-10-03T02:07:01.001Z</time><ele>13.77</ele></trkpt><trkpt lat="37.082375" lon="126.994681"><time>2026-10-03T02:07:02.001Z</time><ele>14.3</ele></trkpt><trkpt lat="37.082219" lon="126.994638"><time>2026-10-03T02:07:03.001Z</time><ele>14.13</ele></trkpt><trkpt lat="37.082068" lon="126.994596"><time>2026-10-03T02:07:04.001Z</time><ele>14.21</ele></trkpt><trkpt lat="37.081917" lon="126.994573"><time>2026-10-03T02:07:05.001Z</time><ele>14.33</ele></trkpt><trkpt lat="37.081779" lon="126.994536"><time>2026-10-03T02:07:06.001Z</time><ele>14.3</ele></trkpt><trkpt lat="37.081659" lon="126.994518"><time>2026-10-03T02:07:07.001Z</time><ele>14.19</ele></trkpt><trkpt lat="37.081557" lon="126.994521"><time>2026-10-03T02:07:08.001Z</time><ele>14.07</ele></trkpt><trkpt lat="37.081461" lon="126.994532"><time>2026-10-03T02:07:09.001Z</time><ele>14.25</ele></trkpt><trkpt lat="37.081381" lon="126.994549"><time>2026-10-03T02:07:10.001Z</time><ele>14.2</ele></trkpt><trkpt lat="37.08132" lon="126.994564"><time>2026-10-03T02:07:11.001Z</time><ele>14.14</ele></trkpt><trkpt lat="37.08126" lon="126.994569"><time>2026-10-03T02:07:12.001Z</time><ele>13.95</ele></trkpt><trkpt lat="37.081178" lon="126.994508"><time>2026-10-03T02:07:14.000Z</time><ele>14.26</ele></trkpt><trkpt lat="37.081188" lon="126.99436"><time>2026-10-03T02:07:16.000Z</time><ele>14.76</ele></trkpt><trkpt lat="37.08118" lon="126.994261"><time>2026-10-03T02:07:17.000Z</time><ele>14.57</ele></trkpt><trkpt lat="37.081171" lon="126.994145"><time>2026-10-03T02:07:18.000Z</time><ele>14.51</ele></trkpt><trkpt lat="37.081162" lon="126.994014"><time>2026-10-03T02:07:19.000Z</time><ele>14.59</ele></trkpt><trkpt lat="37.081151" lon="126.993861"><time>2026-10-03T02:07:20.000Z</time><ele>14.64</ele></trkpt><trkpt lat="37.081139" lon="126.993697"><time>2026-10-03T02:07:21.000Z</time><ele>14.54</ele></trkpt><trkpt lat="37.081127" lon="126.993523"><time>2026-10-03T02:07:22.000Z</time><ele>14.5</ele></trkpt><trkpt lat="37.081113" lon="126.993341"><time>2026-10-03T02:07:23.000Z</time><ele>14.22</ele></trkpt><trkpt lat="37.0811" lon="126.993155"><time>2026-10-03T02:07:24.000Z</time><ele>14.19</ele></trkpt><trkpt lat="37.081086" lon="126.992972"><time>2026-10-03T02:07:25.000Z</time><ele>13.94</ele></trkpt><trkpt lat="37.081074" lon="126.992804"><time>2026-10-03T02:07:26.000Z</time><ele>13.77</ele></trkpt><trkpt lat="37.081062" lon="126.992641"><time>2026-10-03T02:07:27.000Z</time><ele>13.47</ele></trkpt><trkpt lat="37.081034" lon="126.992474"><time>2026-10-03T02:07:28.000Z</time><ele>13.5</ele></trkpt><trkpt lat="37.081037" lon="126.992289"><time>2026-10-03T02:07:29.000Z</time><ele>13.5</ele></trkpt><trkpt lat="37.081023" lon="126.992103"><time>2026-10-03T02:07:30.000Z</time><ele>13.46</ele></trkpt><trkpt lat="37.081011" lon="126.991913"><time>2026-10-03T02:07:31.000Z</time><ele>13.23</ele></trkpt><trkpt lat="37.08098" lon="126.991721"><time>2026-10-03T02:07:32.000Z</time><ele>12.96</ele></trkpt><trkpt lat="37.080969" lon="126.991543"><time>2026-10-03T02:07:33.000Z</time><ele>12.71</ele></trkpt><trkpt lat="37.080958" lon="126.991381"><time>2026-10-03T02:07:34.000Z</time><ele>12.39</ele></trkpt><trkpt lat="37.080948" lon="126.99125"><time>2026-10-03T02:07:35.000Z</time><ele>12.1</ele></trkpt><trkpt lat="37.080946" lon="126.991134"><time>2026-10-03T02:07:36.000Z</time><ele>11.95</ele></trkpt><trkpt lat="37.080933" lon="126.991029"><time>2026-10-03T02:07:37.000Z</time><ele>11.99</ele></trkpt><trkpt lat="37.080934" lon="126.99091"><time>2026-10-03T02:07:38.000Z</time><ele>12.06</ele></trkpt><trkpt lat="37.080912" lon="126.990803"><time>2026-10-03T02:07:39.000Z</time><ele>12.38</ele></trkpt><trkpt lat="37.080907" lon="126.990701"><time>2026-10-03T02:07:40.000Z</time><ele>11.99</ele></trkpt><trkpt lat="37.080902" lon="126.990604"><time>2026-10-03T02:07:41.000Z</time><ele>12.19</ele></trkpt><trkpt lat="37.080895" lon="126.990495"><time>2026-10-03T02:07:42.000Z</time><ele>12.5</ele></trkpt><trkpt lat="37.080887" lon="126.990381"><time>2026-10-03T02:07:43.000Z</time><ele>12.31</ele></trkpt><trkpt lat="37.080878" lon="126.990244"><time>2026-10-03T02:07:44.000Z</time><ele>12.63</ele></trkpt><trkpt lat="37.080869" lon="126.990094"><time>2026-10-03T02:07:45.000Z</time><ele>12.56</ele></trkpt><trkpt lat="37.080862" lon="126.989941"><time>2026-10-03T02:07:46.000Z</time><ele>12.49</ele></trkpt><trkpt lat="37.080849" lon="126.989766"><time>2026-10-03T02:07:47.000Z</time><ele>12.35</ele></trkpt><trkpt lat="37.080834" lon="126.989582"><time>2026-10-03T02:07:48.000Z</time><ele>12.44</ele></trkpt><trkpt lat="37.080821" lon="126.989393"><time>2026-10-03T02:07:49.000Z</time><ele>11.79</ele></trkpt><trkpt lat="37.080804" lon="126.989204"><time>2026-10-03T02:07:50.000Z</time><ele>11.61</ele></trkpt><trkpt lat="37.080793" lon="126.989031"><time>2026-10-03T02:07:51.000Z</time><ele>11.48</ele></trkpt><trkpt lat="37.080783" lon="126.988864"><time>2026-10-03T02:07:52.000Z</time><ele>11.02</ele></trkpt><trkpt lat="37.080789" lon="126.988688"><time>2026-10-03T02:07:53.000Z</time><ele>10.88</ele></trkpt><trkpt lat="37.080779" lon="126.988498"><time>2026-10-03T02:07:54.000Z</time><ele>11.02</ele></trkpt><trkpt lat="37.080763" lon="126.988298"><time>2026-10-03T02:07:55.000Z</time><ele>11.16</ele></trkpt><trkpt lat="37.080746" lon="126.988092"><time>2026-10-03T02:07:56.000Z</time><ele>11.43</ele></trkpt><trkpt lat="37.080731" lon="126.987865"><time>2026-10-03T02:07:57.000Z</time><ele>12.27</ele></trkpt><trkpt lat="37.080717" lon="126.987644"><time>2026-10-03T02:07:58.000Z</time><ele>12.91</ele></trkpt><trkpt lat="37.080704" lon="126.987426"><time>2026-10-03T02:07:59.000Z</time><ele>13.73</ele></trkpt><trkpt lat="37.08069" lon="126.987197"><time>2026-10-03T02:08:00.000Z</time><ele>14.41</ele></trkpt><trkpt lat="37.080656" lon="126.986967"><time>2026-10-03T02:08:01.000Z</time><ele>15.39</ele></trkpt><trkpt lat="37.080635" lon="126.986718"><time>2026-10-03T02:08:02.000Z</time><ele>15.95</ele></trkpt><trkpt lat="37.0806" lon="126.986475"><time>2026-10-03T02:08:03.000Z</time><ele>16.95</ele></trkpt><trkpt lat="37.080563" lon="126.986243"><time>2026-10-03T02:08:04.000Z</time><ele>17.71</ele></trkpt><trkpt lat="37.080541" lon="126.986024"><time>2026-10-03T02:08:05.000Z</time><ele>18.51</ele></trkpt><trkpt lat="37.080495" lon="126.985811"><time>2026-10-03T02:08:06.000Z</time><ele>18.8</ele></trkpt><trkpt lat="37.080443" lon="126.985583"><time>2026-10-03T02:08:07.000Z</time><ele>19.87</ele></trkpt><trkpt lat="37.080386" lon="126.985374"><time>2026-10-03T02:08:08.000Z</time><ele>20.97</ele></trkpt><trkpt lat="37.080334" lon="126.985188"><time>2026-10-03T02:08:09.000Z</time><ele>21.66</ele></trkpt><trkpt lat="37.080287" lon="126.985015"><time>2026-10-03T02:08:10.000Z</time><ele>22.53</ele></trkpt><trkpt lat="37.08024" lon="126.984848"><time>2026-10-03T02:08:11.000Z</time><ele>22.89</ele></trkpt><trkpt lat="37.080189" lon="126.984662"><time>2026-10-03T02:08:12.000Z</time><ele>24.01</ele></trkpt><trkpt lat="37.080136" lon="126.98447"><time>2026-10-03T02:08:13.000Z</time><ele>24.65</ele></trkpt><trkpt lat="37.080085" lon="126.984288"><time>2026-10-03T02:08:14.000Z</time><ele>25.07</ele></trkpt><trkpt lat="37.080039" lon="126.984122"><time>2026-10-03T02:08:15.001Z</time><ele>25.77</ele></trkpt><trkpt lat="37.079996" lon="126.983969"><time>2026-10-03T02:08:16.001Z</time><ele>26.59</ele></trkpt><trkpt lat="37.079962" lon="126.983825"><time>2026-10-03T02:08:17.001Z</time><ele>27.62</ele></trkpt><trkpt lat="37.079929" lon="126.983673"><time>2026-10-03T02:08:18.001Z</time><ele>28.36</ele></trkpt><trkpt lat="37.079892" lon="126.983506"><time>2026-10-03T02:08:19.001Z</time><ele>29.04</ele></trkpt><trkpt lat="37.079856" lon="126.983334"><time>2026-10-03T02:08:20.001Z</time><ele>29.58</ele></trkpt><trkpt lat="37.079822" lon="126.983149"><time>2026-10-03T02:08:21.001Z</time><ele>30.74</ele></trkpt><trkpt lat="37.079785" lon="126.982955"><time>2026-10-03T02:08:22.001Z</time><ele>31.6</ele></trkpt><trkpt lat="37.079748" lon="126.982749"><time>2026-10-03T02:08:23.001Z</time><ele>33.07</ele></trkpt><trkpt lat="37.079709" lon="126.982543"><time>2026-10-03T02:08:24.001Z</time><ele>34.25</ele></trkpt><trkpt lat="37.079679" lon="126.982324"><time>2026-10-03T02:08:25.001Z</time><ele>35.54</ele></trkpt><trkpt lat="37.079654" lon="126.982108"><time>2026-10-03T02:08:26.001Z</time><ele>36.51</ele></trkpt><trkpt lat="37.07963" lon="126.981899"><time>2026-10-03T02:08:27.001Z</time><ele>37.54</ele></trkpt><trkpt lat="37.079607" lon="126.981688"><time>2026-10-03T02:08:28.001Z</time><ele>38.33</ele></trkpt><trkpt lat="37.079583" lon="126.981481"><time>2026-10-03T02:08:29.001Z</time><ele>38.94</ele></trkpt><trkpt lat="37.079559" lon="126.981277"><time>2026-10-03T02:08:30.001Z</time><ele>39.77</ele></trkpt><trkpt lat="37.079532" lon="126.981054"><time>2026-10-03T02:08:31.001Z</time><ele>41.03</ele></trkpt><trkpt lat="37.07949" lon="126.980829"><time>2026-10-03T02:08:32.001Z</time><ele>41.86</ele></trkpt><trkpt lat="37.079464" lon="126.980605"><time>2026-10-03T02:08:33.001Z</time><ele>41.98</ele></trkpt><trkpt lat="37.079437" lon="126.980379"><time>2026-10-03T02:08:34.001Z</time><ele>41.96</ele></trkpt><trkpt lat="37.07941" lon="126.980151"><time>2026-10-03T02:08:35.001Z</time><ele>42.24</ele></trkpt><trkpt lat="37.079383" lon="126.979915"><time>2026-10-03T02:08:36.001Z</time><ele>42.35</ele></trkpt><trkpt lat="37.079356" lon="126.979677"><time>2026-10-03T02:08:37.001Z</time><ele>41.92</ele></trkpt><trkpt lat="37.079329" lon="126.979453"><time>2026-10-03T02:08:38.001Z</time><ele>42.06</ele></trkpt><trkpt lat="37.079305" lon="126.979247"><time>2026-10-03T02:08:39.001Z</time><ele>41.73</ele></trkpt><trkpt lat="37.079282" lon="126.97905"><time>2026-10-03T02:08:40.001Z</time><ele>41.11</ele></trkpt><trkpt lat="37.07926" lon="126.97887"><time>2026-10-03T02:08:41.001Z</time><ele>40.58</ele></trkpt><trkpt lat="37.079236" lon="126.97871"><time>2026-10-03T02:08:42.001Z</time><ele>40.36</ele></trkpt><trkpt lat="37.079209" lon="126.978578"><time>2026-10-03T02:08:43.001Z</time><ele>39.87</ele></trkpt><trkpt lat="37.079194" lon="126.978449"><time>2026-10-03T02:08:44.001Z</time><ele>39.75</ele></trkpt><trkpt lat="37.079139" lon="126.978316"><time>2026-10-03T02:08:45.001Z</time><ele>39.91</ele></trkpt><trkpt lat="37.079077" lon="126.978175"><time>2026-10-03T02:08:46.001Z</time><ele>39.7</ele></trkpt><trkpt lat="37.078998" lon="126.978027"><time>2026-10-03T02:08:47.001Z</time><ele>39.68</ele></trkpt><trkpt lat="37.078902" lon="126.9779"><time>2026-10-03T02:08:48.001Z</time><ele>39.51</ele></trkpt><trkpt lat="37.078812" lon="126.977782"><time>2026-10-03T02:08:49.001Z</time><ele>39.02</ele></trkpt><trkpt lat="37.07871" lon="126.97768"><time>2026-10-03T02:08:50.001Z</time><ele>38.74</ele></trkpt><trkpt lat="37.078598" lon="126.97759"><time>2026-10-03T02:08:51.001Z</time><ele>38.75</ele></trkpt><trkpt lat="37.078492" lon="126.977509"><time>2026-10-03T02:08:52.001Z</time><ele>38.53</ele></trkpt><trkpt lat="37.078401" lon="126.977439"><time>2026-10-03T02:08:53.001Z</time><ele>37.85</ele></trkpt><trkpt lat="37.078317" lon="126.977376"><time>2026-10-03T02:08:54.001Z</time><ele>38.11</ele></trkpt><trkpt lat="37.078236" lon="126.977313"><time>2026-10-03T02:08:55.001Z</time><ele>38.31</ele></trkpt><trkpt lat="37.078131" lon="126.977256"><time>2026-10-03T02:08:56.001Z</time><ele>38.11</ele></trkpt><trkpt lat="37.07804" lon="126.977174"><time>2026-10-03T02:08:57.001Z</time><ele>37.27</ele></trkpt><trkpt lat="37.077947" lon="126.977098"><time>2026-10-03T02:08:58.001Z</time><ele>37.13</ele></trkpt><trkpt lat="37.077852" lon="126.977015"><time>2026-10-03T02:08:59.001Z</time><ele>36.72</ele></trkpt><trkpt lat="37.077774" lon="126.976908"><time>2026-10-03T02:09:00.001Z</time><ele>36.32</ele></trkpt><trkpt lat="37.077683" lon="126.976829"><time>2026-10-03T02:09:01.001Z</time><ele>35.55</ele></trkpt><trkpt lat="37.077627" lon="126.976713"><time>2026-10-03T02:09:02.001Z</time><ele>35.31</ele></trkpt><trkpt lat="37.077565" lon="126.976606"><time>2026-10-03T02:09:03.001Z</time><ele>34.79</ele></trkpt><trkpt lat="37.077508" lon="126.976496"><time>2026-10-03T02:09:04.001Z</time><ele>34.32</ele></trkpt><trkpt lat="37.077446" lon="126.976392"><time>2026-10-03T02:09:05.001Z</time><ele>33.37</ele></trkpt><trkpt lat="37.077429" lon="126.976285"><time>2026-10-03T02:09:06.001Z</time><ele>32.96</ele></trkpt><trkpt lat="37.077407" lon="126.976214"><time>2026-10-03T02:09:07.001Z</time><ele>33.58</ele></trkpt><trkpt lat="37.077364" lon="126.97612"><time>2026-10-03T02:09:08.001Z</time><ele>32.43</ele></trkpt><trkpt lat="37.077341" lon="126.975978"><time>2026-10-03T02:09:09.001Z</time><ele>31.97</ele></trkpt><trkpt lat="37.077325" lon="126.975833"><time>2026-10-03T02:09:10.001Z</time><ele>30.87</ele></trkpt><trkpt lat="37.077337" lon="126.975671"><time>2026-10-03T02:09:11.001Z</time><ele>30.2</ele></trkpt><trkpt lat="37.077329" lon="126.975505"><time>2026-10-03T02:09:12.001Z</time><ele>28.94</ele></trkpt><trkpt lat="37.077354" lon="126.97534"><time>2026-10-03T02:09:13.001Z</time><ele>28.24</ele></trkpt><trkpt lat="37.077377" lon="126.975179"><time>2026-10-03T02:09:14.001Z</time><ele>27.61</ele></trkpt><trkpt lat="37.077399" lon="126.975009"><time>2026-10-03T02:09:15.001Z</time><ele>26.23</ele></trkpt><trkpt lat="37.077422" lon="126.974842"><time>2026-10-03T02:09:16.001Z</time><ele>25.38</ele></trkpt><trkpt lat="37.077445" lon="126.974676"><time>2026-10-03T02:09:17.001Z</time><ele>24.51</ele></trkpt><trkpt lat="37.077467" lon="126.974503"><time>2026-10-03T02:09:18.001Z</time><ele>23.69</ele></trkpt><trkpt lat="37.077491" lon="126.974345"><time>2026-10-03T02:09:19.000Z</time><ele>22.39</ele></trkpt><trkpt lat="37.077505" lon="126.974202"><time>2026-10-03T02:09:20.000Z</time><ele>22.37</ele></trkpt><trkpt lat="37.077518" lon="126.974068"><time>2026-10-03T02:09:21.000Z</time><ele>22.58</ele></trkpt><trkpt lat="37.077553" lon="126.97393"><time>2026-10-03T02:09:22.000Z</time><ele>22.5</ele></trkpt><trkpt lat="37.07755" lon="126.973773"><time>2026-10-03T02:09:23.000Z</time><ele>22.35</ele></trkpt><trkpt lat="37.077549" lon="126.973611"><time>2026-10-03T02:09:24.000Z</time><ele>22.12</ele></trkpt><trkpt lat="37.077549" lon="126.97344"><time>2026-10-03T02:09:25.000Z</time><ele>21.94</ele></trkpt><trkpt lat="37.077555" lon="126.97326"><time>2026-10-03T02:09:26.000Z</time><ele>21.63</ele></trkpt><trkpt lat="37.077532" lon="126.973068"><time>2026-10-03T02:09:27.000Z</time><ele>21.15</ele></trkpt><trkpt lat="37.077499" lon="126.972877"><time>2026-10-03T02:09:28.000Z</time><ele>20.93</ele></trkpt><trkpt lat="37.077457" lon="126.972682"><time>2026-10-03T02:09:29.000Z</time><ele>20.92</ele></trkpt><trkpt lat="37.0774" lon="126.972499"><time>2026-10-03T02:09:30.000Z</time><ele>20.9</ele></trkpt><trkpt lat="37.077362" lon="126.972323"><time>2026-10-03T02:09:31.000Z</time><ele>21.42</ele></trkpt><trkpt lat="37.077341" lon="126.972153"><time>2026-10-03T02:09:32.000Z</time><ele>21.63</ele></trkpt><trkpt lat="37.077297" lon="126.972003"><time>2026-10-03T02:09:33.000Z</time><ele>21.5</ele></trkpt><trkpt lat="37.077255" lon="126.971852"><time>2026-10-03T02:09:34.000Z</time><ele>22.14</ele></trkpt><trkpt lat="37.077231" lon="126.971685"><time>2026-10-03T02:09:35.000Z</time><ele>22.45</ele></trkpt><trkpt lat="37.077193" lon="126.971515"><time>2026-10-03T02:09:36.000Z</time><ele>22.91</ele></trkpt><trkpt lat="37.077153" lon="126.971341"><time>2026-10-03T02:09:37.000Z</time><ele>23.36</ele></trkpt><trkpt lat="37.077121" lon="126.971164"><time>2026-10-03T02:09:38.000Z</time><ele>23.66</ele></trkpt><trkpt lat="37.077093" lon="126.970983"><time>2026-10-03T02:09:39.000Z</time><ele>24.35</ele></trkpt><trkpt lat="37.077067" lon="126.970815"><time>2026-10-03T02:09:40.000Z</time><ele>24.35</ele></trkpt><trkpt lat="37.077033" lon="126.970647"><time>2026-10-03T02:09:41.000Z</time><ele>24.27</ele></trkpt><trkpt lat="37.077027" lon="126.970474"><time>2026-10-03T02:09:42.000Z</time><ele>24.65</ele></trkpt><trkpt lat="37.077018" lon="126.970317"><time>2026-10-03T02:09:43.000Z</time><ele>25.17</ele></trkpt><trkpt lat="37.077033" lon="126.970158"><time>2026-10-03T02:09:44.000Z</time><ele>25.35</ele></trkpt><trkpt lat="37.077038" lon="126.970011"><time>2026-10-03T02:09:45.000Z</time><ele>25.45</ele></trkpt><trkpt lat="37.077042" lon="126.969887"><time>2026-10-03T02:09:46.000Z</time><ele>26.47</ele></trkpt><trkpt lat="37.077045" lon="126.969789"><time>2026-10-03T02:09:47.000Z</time><ele>26.82</ele></trkpt><trkpt lat="37.07705" lon="126.969709"><time>2026-10-03T02:09:48.000Z</time><ele>27.12</ele></trkpt><trkpt lat="37.077056" lon="126.969623"><time>2026-10-03T02:09:49.000Z</time><ele>28.06</ele></trkpt><trkpt lat="37.076841" lon="126.969438"><time>2026-10-03T02:09:51.000Z</time><ele>28.69</ele></trkpt><trkpt lat="37.076761" lon="126.969326"><time>2026-10-03T02:09:52.000Z</time><ele>28.93</ele></trkpt><trkpt lat="37.076667" lon="126.969213"><time>2026-10-03T02:09:53.000Z</time><ele>29.78</ele></trkpt><trkpt lat="37.076605" lon="126.969068"><time>2026-10-03T02:09:54.000Z</time><ele>30.59</ele></trkpt><trkpt lat="37.076545" lon="126.968943"><time>2026-10-03T02:09:55.000Z</time><ele>30.69</ele></trkpt><trkpt lat="37.076495" lon="126.968837"><time>2026-10-03T02:09:56.000Z</time><ele>30.84</ele></trkpt><trkpt lat="37.076452" lon="126.968748"><time>2026-10-03T02:09:57.000Z</time><ele>31.19</ele></trkpt><trkpt lat="37.076407" lon="126.968653"><time>2026-10-03T02:09:58.000Z</time><ele>31.04</ele></trkpt><trkpt lat="37.076355" lon="126.968542"><time>2026-10-03T02:09:59.000Z</time><ele>31.59</ele></trkpt><trkpt lat="37.076297" lon="126.968419"><time>2026-10-03T02:10:00.000Z</time><ele>32.11</ele></trkpt><trkpt lat="37.076233" lon="126.968284"><time>2026-10-03T02:10:01.000Z</time><ele>32.24</ele></trkpt><trkpt lat="37.076148" lon="126.968143"><time>2026-10-03T02:10:02.000Z</time><ele>33.29</ele></trkpt><trkpt lat="37.07609" lon="126.967982"><time>2026-10-03T02:10:03.000Z</time><ele>33.92</ele></trkpt><trkpt lat="37.076016" lon="126.967827"><time>2026-10-03T02:10:04.000Z</time><ele>34.42</ele></trkpt><trkpt lat="37.075943" lon="126.967672"><time>2026-10-03T02:10:05.000Z</time><ele>34.84</ele></trkpt><trkpt lat="37.075873" lon="126.967525"><time>2026-10-03T02:10:06.000Z</time><ele>35.93</ele></trkpt><trkpt lat="37.075807" lon="126.967385"><time>2026-10-03T02:10:07.000Z</time><ele>36.25</ele></trkpt><trkpt lat="37.075743" lon="126.96725"><time>2026-10-03T02:10:08.000Z</time><ele>36.59</ele></trkpt><trkpt lat="37.075673" lon="126.967102"><time>2026-10-03T02:10:09.000Z</time><ele>38.11</ele></trkpt><trkpt lat="37.075604" lon="126.966957"><time>2026-10-03T02:10:10.000Z</time><ele>38.81</ele></trkpt><trkpt lat="37.075534" lon="126.966808"><time>2026-10-03T02:10:11.000Z</time><ele>40.08</ele></trkpt><trkpt lat="37.075469" lon="126.966672"><time>2026-10-03T02:10:12.000Z</time><ele>41.64</ele></trkpt><trkpt lat="37.075417" lon="126.966546"><time>2026-10-03T02:10:13.000Z</time><ele>42.9</ele></trkpt><trkpt lat="37.075372" lon="126.96643"><time>2026-10-03T02:10:14.000Z</time><ele>43.81</ele></trkpt><trkpt lat="37.07533" lon="126.966337"><time>2026-10-03T02:10:15.000Z</time><ele>44.81</ele></trkpt><trkpt lat="37.075307" lon="126.966247"><time>2026-10-03T02:10:16.000Z</time><ele>45.24</ele></trkpt><trkpt lat="37.075282" lon="126.966161"><time>2026-10-03T02:10:17.000Z</time><ele>45.98</ele></trkpt><trkpt lat="37.075255" lon="126.966068"><time>2026-10-03T02:10:18.000Z</time><ele>47.17</ele></trkpt><trkpt lat="37.075231" lon="126.96598"><time>2026-10-03T02:10:19.000Z</time><ele>47.87</ele></trkpt><trkpt lat="37.075212" lon="126.965898"><time>2026-10-03T02:10:20.000Z</time><ele>48.86</ele></trkpt><trkpt lat="37.075191" lon="126.965803"><time>2026-10-03T02:10:21.000Z</time><ele>49.88</ele></trkpt><trkpt lat="37.075171" lon="126.96571"><time>2026-10-03T02:10:22.001Z</time><ele>50.67</ele></trkpt><trkpt lat="37.075154" lon="126.965598"><time>2026-10-03T02:10:23.001Z</time><ele>51.91</ele></trkpt><trkpt lat="37.075148" lon="126.965485"><time>2026-10-03T02:10:24.001Z</time><ele>52.73</ele></trkpt><trkpt lat="37.075162" lon="126.965369"><time>2026-10-03T02:10:25.001Z</time><ele>54.39</ele></trkpt><trkpt lat="37.075175" lon="126.965266"><time>2026-10-03T02:10:26.001Z</time><ele>55.4</ele></trkpt><trkpt lat="37.075193" lon="126.965186"><time>2026-10-03T02:10:27.001Z</time><ele>55.71</ele></trkpt><trkpt lat="37.075214" lon="126.965106"><time>2026-10-03T02:10:28.001Z</time><ele>56.56</ele></trkpt><trkpt lat="37.075241" lon="126.965021"><time>2026-10-03T02:10:29.001Z</time><ele>57.87</ele></trkpt><trkpt lat="37.075269" lon="126.964942"><time>2026-10-03T02:10:30.001Z</time><ele>58.73</ele></trkpt><trkpt lat="37.075299" lon="126.964845"><time>2026-10-03T02:10:31.001Z</time><ele>59.8</ele></trkpt><trkpt lat="37.075336" lon="126.964726"><time>2026-10-03T02:10:32.001Z</time><ele>60.76</ele></trkpt><trkpt lat="37.075372" lon="126.964593"><time>2026-10-03T02:10:33.001Z</time><ele>62.45</ele></trkpt><trkpt lat="37.0754" lon="126.964451"><time>2026-10-03T02:10:34.001Z</time><ele>63.41</ele></trkpt><trkpt lat="37.075416" lon="126.96431"><time>2026-10-03T02:10:35.001Z</time><ele>64.21</ele></trkpt><trkpt lat="37.075418" lon="126.964153"><time>2026-10-03T02:10:36.001Z</time><ele>65.28</ele></trkpt><trkpt lat="37.075424" lon="126.96398"><time>2026-10-03T02:10:37.001Z</time><ele>65.72</ele></trkpt><trkpt lat="37.075421" lon="126.96382"><time>2026-10-03T02:10:38.001Z</time><ele>65.98</ele></trkpt><trkpt lat="37.07543" lon="126.963655"><time>2026-10-03T02:10:39.001Z</time><ele>66.17</ele></trkpt><trkpt lat="37.075457" lon="126.963508"><time>2026-10-03T02:10:40.001Z</time><ele>66.24</ele></trkpt><trkpt lat="37.075508" lon="126.963376"><time>2026-10-03T02:10:41.001Z</time><ele>65.69</ele></trkpt><trkpt lat="37.076494" lon="126.961615"><time>2026-10-03T02:10:53.001Z</time><ele>49.15</ele></trkpt><trkpt lat="37.07655" lon="126.961515"><time>2026-10-03T02:10:54.001Z</time><ele>47.93</ele></trkpt><trkpt lat="37.076597" lon="126.961431"><time>2026-10-03T02:10:55.001Z</time><ele>47.07</ele></trkpt><trkpt lat="37.076637" lon="126.961362"><time>2026-10-03T02:10:56.001Z</time><ele>46.32</ele></trkpt><trkpt lat="37.076669" lon="126.961297"><time>2026-10-03T02:10:57.001Z</time><ele>45.67</ele></trkpt><trkpt lat="37.076678" lon="126.961227"><time>2026-10-03T02:10:58.001Z</time><ele>45.35</ele></trkpt><trkpt lat="37.0767" lon="126.961169"><time>2026-10-03T02:11:00.001Z</time><ele>44.48</ele></trkpt><trkpt lat="37.076559" lon="126.961024"><time>2026-10-03T02:11:02.001Z</time><ele>43.69</ele></trkpt><trkpt lat="37.076502" lon="126.960998"><time>2026-10-03T02:11:03.001Z</time><ele>42.25</ele></trkpt><trkpt lat="37.076436" lon="126.960975"><time>2026-10-03T02:11:04.001Z</time><ele>40.93</ele></trkpt><trkpt lat="37.07638" lon="126.960951"><time>2026-10-03T02:11:05.001Z</time><ele>39.94</ele></trkpt><trkpt lat="37.076334" lon="126.960931"><time>2026-10-03T02:11:06.001Z</time><ele>39.47</ele></trkpt><trkpt lat="37.076287" lon="126.960912"><time>2026-10-03T02:11:07.001Z</time><ele>39.4</ele></trkpt><trkpt lat="37.076209" lon="126.960875"><time>2026-10-03T02:11:09.001Z</time><ele>39.03</ele></trkpt><trkpt lat="37.076155" lon="126.960851"><time>2026-10-03T02:11:10.001Z</time><ele>39.01</ele></trkpt><trkpt lat="37.076095" lon="126.960817"><time>2026-10-03T02:11:12.001Z</time><ele>38.85</ele></trkpt><trkpt lat="37.076148" lon="126.960843"><time>2026-10-03T02:11:18.001Z</time><ele>38.62</ele></trkpt><trkpt lat="37.076179" lon="126.960932"><time>2026-10-03T02:11:19.001Z</time><ele>39.14</ele></trkpt><trkpt lat="37.076071" lon="126.96117"><time>2026-10-03T02:11:21.001Z</time><ele>40.07</ele></trkpt><trkpt lat="37.076085" lon="126.961253"><time>2026-10-03T02:11:22.001Z</time><ele>40.65</ele></trkpt><trkpt lat="37.076112" lon="126.96131"><time>2026-10-03T02:11:23.001Z</time><ele>41.83</ele></trkpt><trkpt lat="37.07659" lon="126.961186"><time>2026-10-03T02:11:27.000Z</time><ele>46.52</ele></trkpt><trkpt lat="37.076589" lon="126.961292"><time>2026-10-03T02:11:29.000Z</time><ele>48.17</ele></trkpt><trkpt lat="37.076545" lon="126.961374"><time>2026-10-03T02:11:30.000Z</time><ele>49.82</ele></trkpt><trkpt lat="37.076486" lon="126.961465"><time>2026-10-03T02:11:31.000Z</time><ele>51</ele></trkpt><trkpt lat="37.076428" lon="126.961571"><time>2026-10-03T02:11:32.000Z</time><ele>52.47</ele></trkpt><trkpt lat="37.076363" lon="126.961688"><time>2026-10-03T02:11:33.000Z</time><ele>53.21</ele></trkpt><trkpt lat="37.076291" lon="126.961815"><time>2026-10-03T02:11:34.000Z</time><ele>54</ele></trkpt><trkpt lat="37.076211" lon="126.961955"><time>2026-10-03T02:11:35.000Z</time><ele>54.5</ele></trkpt><trkpt lat="37.076124" lon="126.9621"><time>2026-10-03T02:11:36.000Z</time><ele>55.9</ele></trkpt><trkpt lat="37.076031" lon="126.962253"><time>2026-10-03T02:11:37.000Z</time><ele>56.97</ele></trkpt><trkpt lat="37.075942" lon="126.962417"><time>2026-10-03T02:11:38.000Z</time><ele>58.1</ele></trkpt><trkpt lat="37.075857" lon="126.962588"><time>2026-10-03T02:11:39.000Z</time><ele>59.53</ele></trkpt><trkpt lat="37.075762" lon="126.962753"><time>2026-10-03T02:11:40.000Z</time><ele>61.75</ele></trkpt><trkpt lat="37.075669" lon="126.962915"><time>2026-10-03T02:11:41.000Z</time><ele>62.87</ele></trkpt><trkpt lat="37.075583" lon="126.963068"><time>2026-10-03T02:11:42.000Z</time><ele>63.9</ele></trkpt><trkpt lat="37.07551" lon="126.963206"><time>2026-10-03T02:11:43.000Z</time><ele>64.13</ele></trkpt><trkpt lat="37.075452" lon="126.963331"><time>2026-10-03T02:11:44.000Z</time><ele>65.34</ele></trkpt><trkpt lat="37.075407" lon="126.963458"><time>2026-10-03T02:11:45.000Z</time><ele>65.75</ele></trkpt><trkpt lat="37.075374" lon="126.963595"><time>2026-10-03T02:11:46.000Z</time><ele>65.61</ele></trkpt><trkpt lat="37.075355" lon="126.963743"><time>2026-10-03T02:11:47.000Z</time><ele>66.06</ele></trkpt><trkpt lat="37.075347" lon="126.963903"><time>2026-10-03T02:11:48.000Z</time><ele>65.95</ele></trkpt><trkpt lat="37.075351" lon="126.964071"><time>2026-10-03T02:11:49.000Z</time><ele>65.45</ele></trkpt><trkpt lat="37.075348" lon="126.964239"><time>2026-10-03T02:11:50.000Z</time><ele>63.59</ele></trkpt><trkpt lat="37.075327" lon="126.964406"><time>2026-10-03T02:11:51.000Z</time><ele>62</ele></trkpt><trkpt lat="37.075302" lon="126.964588"><time>2026-10-03T02:11:52.000Z</time><ele>60.25</ele></trkpt><trkpt lat="37.075266" lon="126.964766"><time>2026-10-03T02:11:53.000Z</time><ele>58.43</ele></trkpt><trkpt lat="37.075223" lon="126.964936"><time>2026-10-03T02:11:54.000Z</time><ele>56.61</ele></trkpt><trkpt lat="37.075168" lon="126.965099"><time>2026-10-03T02:11:55.000Z</time><ele>55</ele></trkpt><trkpt lat="37.075115" lon="126.965263"><time>2026-10-03T02:11:56.000Z</time><ele>53.49</ele></trkpt><trkpt lat="37.07509" lon="126.965428"><time>2026-10-03T02:11:57.000Z</time><ele>51.74</ele></trkpt><trkpt lat="37.07509" lon="126.965597"><time>2026-10-03T02:11:58.000Z</time><ele>50.36</ele></trkpt><trkpt lat="37.075125" lon="126.965762"><time>2026-10-03T02:11:59.000Z</time><ele>49</ele></trkpt><trkpt lat="37.075174" lon="126.965929"><time>2026-10-03T02:12:00.000Z</time><ele>47.44</ele></trkpt><trkpt lat="37.075232" lon="126.966119"><time>2026-10-03T02:12:01.000Z</time><ele>45.38</ele></trkpt><trkpt lat="37.075282" lon="126.966317"><time>2026-10-03T02:12:02.000Z</time><ele>43.48</ele></trkpt><trkpt lat="37.075336" lon="126.966507"><time>2026-10-03T02:12:03.000Z</time><ele>41.87</ele></trkpt><trkpt lat="37.075405" lon="126.966683"><time>2026-10-03T02:12:04.000Z</time><ele>39.73</ele></trkpt><trkpt lat="37.075474" lon="126.966851"><time>2026-10-03T02:12:05.000Z</time><ele>38.06</ele></trkpt><trkpt lat="37.075557" lon="126.967019"><time>2026-10-03T02:12:06.000Z</time><ele>37.34</ele></trkpt><trkpt lat="37.075643" lon="126.967179"><time>2026-10-03T02:12:07.000Z</time><ele>36.4</ele></trkpt><trkpt lat="37.075715" lon="126.967336"><time>2026-10-03T02:12:08.000Z</time><ele>35.34</ele></trkpt><trkpt lat="37.075795" lon="126.967486"><time>2026-10-03T02:12:09.000Z</time><ele>34.7</ele></trkpt><trkpt lat="37.07587" lon="126.96763"><time>2026-10-03T02:12:10.000Z</time><ele>34.19</ele></trkpt><trkpt lat="37.075935" lon="126.967766"><time>2026-10-03T02:12:11.000Z</time><ele>33.44</ele></trkpt><trkpt lat="37.076203" lon="126.968318"><time>2026-10-03T02:12:15.000Z</time><ele>31.01</ele></trkpt><trkpt lat="37.076249" lon="126.968427"><time>2026-10-03T02:12:16.000Z</time><ele>30.52</ele></trkpt><trkpt lat="37.076298" lon="126.968529"><time>2026-10-03T02:12:17.000Z</time><ele>30.28</ele></trkpt><trkpt lat="37.076336" lon="126.968624"><time>2026-10-03T02:12:18.000Z</time><ele>29.89</ele></trkpt><trkpt lat="37.076362" lon="126.968708"><time>2026-10-03T02:12:19.000Z</time><ele>29.54</ele></trkpt><trkpt lat="37.076394" lon="126.968777"><time>2026-10-03T02:12:20.000Z</time><ele>29.57</ele></trkpt><trkpt lat="37.07642" lon="126.96884"><time>2026-10-03T02:12:21.000Z</time><ele>29.87</ele></trkpt><trkpt lat="37.076442" lon="126.968889"><time>2026-10-03T02:12:22.000Z</time><ele>29.69</ele></trkpt><trkpt lat="37.076473" lon="126.968967"><time>2026-10-03T02:12:24.000Z</time><ele>29.48</ele></trkpt><trkpt lat="37.076503" lon="126.969032"><time>2026-10-03T02:12:26.001Z</time><ele>29.15</ele></trkpt><trkpt lat="37.07651" lon="126.969098"><time>2026-10-03T02:12:28.001Z</time><ele>28.89</ele></trkpt><trkpt lat="37.076435" lon="126.969227"><time>2026-10-03T02:12:32.001Z</time><ele>28.41</ele></trkpt><trkpt lat="37.076384" lon="126.969115"><time>2026-10-03T02:12:34.001Z</time><ele>28.75</ele></trkpt><trkpt lat="37.076341" lon="126.969079"><time>2026-10-03T02:12:35.001Z</time><ele>28.76</ele></trkpt><trkpt lat="37.076298" lon="126.969026"><time>2026-10-03T02:12:36.001Z</time><ele>28.88</ele></trkpt><trkpt lat="37.076249" lon="126.968966"><time>2026-10-03T02:12:37.001Z</time><ele>29.08</ele></trkpt><trkpt lat="37.076202" lon="126.968907"><time>2026-10-03T02:12:38.001Z</time><ele>29.4</ele></trkpt><trkpt lat="37.076145" lon="126.968844"><time>2026-10-03T02:12:39.001Z</time><ele>29.67</ele></trkpt><trkpt lat="37.076083" lon="126.968779"><time>2026-10-03T02:12:40.001Z</time><ele>29.9</ele></trkpt><trkpt lat="37.076002" lon="126.968718"><time>2026-10-03T02:12:41.001Z</time><ele>30.36</ele></trkpt><trkpt lat="37.075922" lon="126.96866"><time>2026-10-03T02:12:42.001Z</time><ele>30.88</ele></trkpt><trkpt lat="37.075831" lon="126.968604"><time>2026-10-03T02:12:43.001Z</time><ele>31.05</ele></trkpt><trkpt lat="37.075737" lon="126.968545"><time>2026-10-03T02:12:44.001Z</time><ele>31.42</ele></trkpt><trkpt lat="37.075643" lon="126.968486"><time>2026-10-03T02:12:45.001Z</time><ele>31.74</ele></trkpt><trkpt lat="37.075559" lon="126.968426"><time>2026-10-03T02:12:46.001Z</time><ele>32.03</ele></trkpt><trkpt lat="37.075484" lon="126.968372"><time>2026-10-03T02:12:47.001Z</time><ele>32.26</ele></trkpt><trkpt lat="37.075421" lon="126.968313"><time>2026-10-03T02:12:48.001Z</time><ele>32.6</ele></trkpt><trkpt lat="37.075353" lon="126.968263"><time>2026-10-03T02:12:49.001Z</time><ele>33.13</ele></trkpt><trkpt lat="37.075305" lon="126.96819"><time>2026-10-03T02:12:50.001Z</time><ele>33.5</ele></trkpt><trkpt lat="37.075242" lon="126.968123"><time>2026-10-03T02:12:51.001Z</time><ele>34.36</ele></trkpt><trkpt lat="37.075163" lon="126.968067"><time>2026-10-03T02:12:52.001Z</time><ele>35.06</ele></trkpt><trkpt lat="37.075095" lon="126.967982"><time>2026-10-03T02:12:53.001Z</time><ele>35.91</ele></trkpt><trkpt lat="37.075015" lon="126.967907"><time>2026-10-03T02:12:54.001Z</time><ele>36.54</ele></trkpt><trkpt lat="37.074921" lon="126.967857"><time>2026-10-03T02:12:55.001Z</time><ele>37.03</ele></trkpt><trkpt lat="37.074832" lon="126.967797"><time>2026-10-03T02:12:56.001Z</time><ele>37.88</ele></trkpt><trkpt lat="37.07474" lon="126.967744"><time>2026-10-03T02:12:57.001Z</time><ele>38.58</ele></trkpt><trkpt lat="37.074644" lon="126.967687"><time>2026-10-03T02:12:58.001Z</time><ele>39.25</ele></trkpt><trkpt lat="37.074543" lon="126.967623"><time>2026-10-03T02:12:59.001Z</time><ele>40.39</ele></trkpt><trkpt lat="37.074448" lon="126.967553"><time>2026-10-03T02:13:00.001Z</time><ele>41.06</ele></trkpt><trkpt lat="37.074344" lon="126.967518"><time>2026-10-03T02:13:01.001Z</time><ele>42.71</ele></trkpt><trkpt lat="37.074249" lon="126.967486"><time>2026-10-03T02:13:02.001Z</time><ele>43.72</ele></trkpt><trkpt lat="37.07416" lon="126.967468"><time>2026-10-03T02:13:03.001Z</time><ele>44.51</ele></trkpt><trkpt lat="37.074073" lon="126.967456"><time>2026-10-03T02:13:04.001Z</time><ele>44.68</ele></trkpt><trkpt lat="37.074" lon="126.967431"><time>2026-10-03T02:13:05.001Z</time><ele>44.85</ele></trkpt><trkpt lat="37.073924" lon="126.967433"><time>2026-10-03T02:13:06.001Z</time><ele>44.45</ele></trkpt><trkpt lat="37.07385" lon="126.967421"><time>2026-10-03T02:13:07.001Z</time><ele>43.84</ele></trkpt><trkpt lat="37.073774" lon="126.967398"><time>2026-10-03T02:13:08.001Z</time><ele>42.41</ele></trkpt><trkpt lat="37.07368" lon="126.967376"><time>2026-10-03T02:13:09.001Z</time><ele>41.21</ele></trkpt><trkpt lat="37.07358" lon="126.967351"><time>2026-10-03T02:13:10.001Z</time><ele>40.42</ele></trkpt><trkpt lat="37.073479" lon="126.967319"><time>2026-10-03T02:13:11.001Z</time><ele>39.89</ele></trkpt><trkpt lat="37.073382" lon="126.967292"><time>2026-10-03T02:13:12.001Z</time><ele>39.12</ele></trkpt><trkpt lat="37.073286" lon="126.967261"><time>2026-10-03T02:13:13.001Z</time><ele>38.3</ele></trkpt><trkpt lat="37.073177" lon="126.967226"><time>2026-10-03T02:13:14.001Z</time><ele>37.72</ele></trkpt><trkpt lat="37.073063" lon="126.967185"><time>2026-10-03T02:13:15.001Z</time><ele>37.19</ele></trkpt><trkpt lat="37.072946" lon="126.967148"><time>2026-10-03T02:13:16.001Z</time><ele>37.6</ele></trkpt><trkpt lat="37.072817" lon="126.96711"><time>2026-10-03T02:13:17.001Z</time><ele>37.78</ele></trkpt><trkpt lat="37.072691" lon="126.967073"><time>2026-10-03T02:13:18.001Z</time><ele>38.03</ele></trkpt><trkpt lat="37.072574" lon="126.967051"><time>2026-10-03T02:13:19.001Z</time><ele>38.59</ele></trkpt><trkpt lat="37.072464" lon="126.967043"><time>2026-10-03T02:13:20.001Z</time><ele>39.12</ele></trkpt><trkpt lat="37.072346" lon="126.967039"><time>2026-10-03T02:13:21.001Z</time><ele>39.23</ele></trkpt><trkpt lat="37.072223" lon="126.967049"><time>2026-10-03T02:13:22.001Z</time><ele>39.8</ele></trkpt><trkpt lat="37.072109" lon="126.967068"><time>2026-10-03T02:13:23.001Z</time><ele>39.76</ele></trkpt><trkpt lat="37.072006" lon="126.967094"><time>2026-10-03T02:13:24.001Z</time><ele>39.54</ele></trkpt><trkpt lat="37.071906" lon="126.967124"><time>2026-10-03T02:13:25.001Z</time><ele>39.78</ele></trkpt><trkpt lat="37.071809" lon="126.967159"><time>2026-10-03T02:13:26.001Z</time><ele>39.91</ele></trkpt><trkpt lat="37.071719" lon="126.967199"><time>2026-10-03T02:13:27.001Z</time><ele>40.16</ele></trkpt><trkpt lat="37.071623" lon="126.967237"><time>2026-10-03T02:13:28.001Z</time><ele>40.5</ele></trkpt><trkpt lat="37.07154" lon="126.967273"><time>2026-10-03T02:13:29.001Z</time><ele>40.73</ele></trkpt><trkpt lat="37.071468" lon="126.967309"><time>2026-10-03T02:13:30.001Z</time><ele>40.95</ele></trkpt><trkpt lat="37.07142" lon="126.967336"><time>2026-10-03T02:13:31.000Z</time><ele>40.58</ele></trkpt><trkpt lat="37.071378" lon="126.967358"><time>2026-10-03T02:13:32.000Z</time><ele>40.68</ele></trkpt><trkpt lat="37.071331" lon="126.967379"><time>2026-10-03T02:13:33.000Z</time><ele>40.5</ele></trkpt><trkpt lat="37.071272" lon="126.967409"><time>2026-10-03T02:13:34.000Z</time><ele>40.47</ele></trkpt><trkpt lat="37.071219" lon="126.967442"><time>2026-10-03T02:13:35.000Z</time><ele>40.21</ele></trkpt><trkpt lat="37.071172" lon="126.96748"><time>2026-10-03T02:13:36.000Z</time><ele>39.41</ele></trkpt><trkpt lat="37.071118" lon="126.967531"><time>2026-10-03T02:13:37.000Z</time><ele>38.62</ele></trkpt><trkpt lat="37.071066" lon="126.967584"><time>2026-10-03T02:13:38.000Z</time><ele>38.37</ele></trkpt><trkpt lat="37.071025" lon="126.967634"><time>2026-10-03T02:13:39.000Z</time><ele>38.26</ele></trkpt><trkpt lat="37.070975" lon="126.967698"><time>2026-10-03T02:13:41.000Z</time><ele>37.37</ele></trkpt><trkpt lat="37.070917" lon="126.967757"><time>2026-10-03T02:13:43.000Z</time><ele>39.01</ele></trkpt><trkpt lat="37.070844" lon="126.967809"><time>2026-10-03T02:13:45.000Z</time><ele>39.37</ele></trkpt><trkpt lat="37.0708" lon="126.967855"><time>2026-10-03T02:13:47.000Z</time><ele>39.06</ele></trkpt><trkpt lat="37.070732" lon="126.967711"><time>2026-10-03T02:13:49.000Z</time><ele>38.93</ele></trkpt><trkpt lat="37.070701" lon="126.967629"><time>2026-10-03T02:13:50.000Z</time><ele>39.33</ele></trkpt><trkpt lat="37.070666" lon="126.967566"><time>2026-10-03T02:13:51.000Z</time><ele>39.93</ele></trkpt><trkpt lat="37.070639" lon="126.967507"><time>2026-10-03T02:13:52.000Z</time><ele>40.28</ele></trkpt><trkpt lat="37.070611" lon="126.967444"><time>2026-10-03T02:13:53.000Z</time><ele>40.71</ele></trkpt><trkpt lat="37.070553" lon="126.96738"><time>2026-10-03T02:13:54.000Z</time><ele>41.11</ele></trkpt><trkpt lat="37.070499" lon="126.967328"><time>2026-10-03T02:13:55.000Z</time><ele>41.94</ele></trkpt><trkpt lat="37.070437" lon="126.96729"><time>2026-10-03T02:13:56.000Z</time><ele>42.77</ele></trkpt><trkpt lat="37.070392" lon="126.967237"><time>2026-10-03T02:13:57.000Z</time><ele>42.83</ele></trkpt><trkpt lat="37.070339" lon="126.967182"><time>2026-10-03T02:13:58.000Z</time><ele>42.6</ele></trkpt><trkpt lat="37.070274" lon="126.967122"><time>2026-10-03T02:13:59.000Z</time><ele>42.64</ele></trkpt><trkpt lat="37.070203" lon="126.967062"><time>2026-10-03T02:14:00.000Z</time><ele>42.56</ele></trkpt><trkpt lat="37.069952" lon="126.966856"><time>2026-10-03T02:14:03.000Z</time><ele>42.51</ele></trkpt><trkpt lat="37.069846" lon="126.966827"><time>2026-10-03T02:14:04.000Z</time><ele>42.17</ele></trkpt><trkpt lat="37.06975" lon="126.966787"><time>2026-10-03T02:14:05.000Z</time><ele>41.72</ele></trkpt><trkpt lat="37.069645" lon="126.96675"><time>2026-10-03T02:14:06.000Z</time><ele>41.34</ele></trkpt><trkpt lat="37.069539" lon="126.966709"><time>2026-10-03T02:14:07.000Z</time><ele>41.19</ele></trkpt><trkpt lat="37.069435" lon="126.966661"><time>2026-10-03T02:14:08.000Z</time><ele>40.91</ele></trkpt><trkpt lat="37.069333" lon="126.966606"><time>2026-10-03T02:14:09.000Z</time><ele>40.75</ele></trkpt><trkpt lat="37.069244" lon="126.966528"><time>2026-10-03T02:14:10.000Z</time><ele>40.23</ele></trkpt><trkpt lat="37.069151" lon="126.966459"><time>2026-10-03T02:14:11.000Z</time><ele>40.08</ele></trkpt><trkpt lat="37.069066" lon="126.966392"><time>2026-10-03T02:14:12.000Z</time><ele>39.86</ele></trkpt><trkpt lat="37.068988" lon="126.966325"><time>2026-10-03T02:14:13.000Z</time><ele>39.2</ele></trkpt><trkpt lat="37.068908" lon="126.966255"><time>2026-10-03T02:14:14.000Z</time><ele>39.22</ele></trkpt><trkpt lat="37.068821" lon="126.966181"><time>2026-10-03T02:14:15.000Z</time><ele>38.91</ele></trkpt><trkpt lat="37.068735" lon="126.966108"><time>2026-10-03T02:14:16.000Z</time><ele>38.67</ele></trkpt><trkpt lat="37.068642" lon="126.966028"><time>2026-10-03T02:14:17.000Z</time><ele>38.91</ele></trkpt><trkpt lat="37.068546" lon="126.965944"><time>2026-10-03T02:14:18.000Z</time><ele>38.69</ele></trkpt><trkpt lat="37.068451" lon="126.965865"><time>2026-10-03T02:14:19.000Z</time><ele>38.54</ele></trkpt><trkpt lat="37.068361" lon="126.965787"><time>2026-10-03T02:14:20.000Z</time><ele>38.29</ele></trkpt><trkpt lat="37.068266" lon="126.965706"><time>2026-10-03T02:14:21.000Z</time><ele>38.01</ele></trkpt><trkpt lat="37.068176" lon="126.965629"><time>2026-10-03T02:14:22.000Z</time><ele>38.1</ele></trkpt><trkpt lat="37.068089" lon="126.965553"><time>2026-10-03T02:14:23.000Z</time><ele>37.64</ele></trkpt><trkpt lat="37.067996" lon="126.965475"><time>2026-10-03T02:14:24.000Z</time><ele>37.71</ele></trkpt><trkpt lat="37.067904" lon="126.965394"><time>2026-10-03T02:14:25.000Z</time><ele>37.6</ele></trkpt><trkpt lat="37.067804" lon="126.965303"><time>2026-10-03T02:14:26.000Z</time><ele>37.63</ele></trkpt><trkpt lat="37.067705" lon="126.965211"><time>2026-10-03T02:14:27.000Z</time><ele>37.21</ele></trkpt><trkpt lat="37.067611" lon="126.965113"><time>2026-10-03T02:14:28.000Z</time><ele>36.61</ele></trkpt><trkpt lat="37.067529" lon="126.965008"><time>2026-10-03T02:14:29.000Z</time><ele>36.88</ele></trkpt><trkpt lat="37.067453" lon="126.964893"><time>2026-10-03T02:14:30.000Z</time><ele>36.56</ele></trkpt><trkpt lat="37.06738" lon="126.964783"><time>2026-10-03T02:14:31.001Z</time><ele>36.14</ele></trkpt><trkpt lat="37.067309" lon="126.964676"><time>2026-10-03T02:14:32.001Z</time><ele>35.7</ele></trkpt><trkpt lat="37.067246" lon="126.964566"><time>2026-10-03T02:14:33.001Z</time><ele>35.15</ele></trkpt><trkpt lat="37.067176" lon="126.964444"><time>2026-10-03T02:14:34.001Z</time><ele>34.71</ele></trkpt><trkpt lat="37.067109" lon="126.964327"><time>2026-10-03T02:14:35.001Z</time><ele>34.06</ele></trkpt><trkpt lat="37.067044" lon="126.964214"><time>2026-10-03T02:14:36.001Z</time><ele>33.33</ele></trkpt><trkpt lat="37.066981" lon="126.964104"><time>2026-10-03T02:14:37.001Z</time><ele>32.74</ele></trkpt><trkpt lat="37.066905" lon="126.964002"><time>2026-10-03T02:14:38.001Z</time><ele>31.96</ele></trkpt><trkpt lat="37.066846" lon="126.963889"><time>2026-10-03T02:14:39.001Z</time><ele>31.11</ele></trkpt><trkpt lat="37.066783" lon="126.963782"><time>2026-10-03T02:14:40.001Z</time><ele>30.45</ele></trkpt><trkpt lat="37.06672" lon="126.963677"><time>2026-10-03T02:14:41.001Z</time><ele>29.95</ele></trkpt><trkpt lat="37.066661" lon="126.963572"><time>2026-10-03T02:14:42.001Z</time><ele>28.95</ele></trkpt><trkpt lat="37.0666" lon="126.963476"><time>2026-10-03T02:14:43.001Z</time><ele>27.92</ele></trkpt><trkpt lat="37.066541" lon="126.963386"><time>2026-10-03T02:14:44.001Z</time><ele>27.01</ele></trkpt><trkpt lat="37.066491" lon="126.963306"><time>2026-10-03T02:14:45.001Z</time><ele>26.36</ele></trkpt><trkpt lat="37.066445" lon="126.963238"><time>2026-10-03T02:14:46.001Z</time><ele>25.55</ele></trkpt><trkpt lat="37.066404" lon="126.963169"><time>2026-10-03T02:14:47.001Z</time><ele>24.74</ele></trkpt><trkpt lat="37.066365" lon="126.963106"><time>2026-10-03T02:14:48.001Z</time><ele>24.27</ele></trkpt><trkpt lat="37.066331" lon="126.963051"><time>2026-10-03T02:14:49.001Z</time><ele>23.71</ele></trkpt><trkpt lat="37.066298" lon="126.963006"><time>2026-10-03T02:14:50.001Z</time><ele>23.94</ele></trkpt><trkpt lat="37.066283" lon="126.962952"><time>2026-10-03T02:14:51.001Z</time><ele>24.07</ele></trkpt><trkpt lat="37.066226" lon="126.962905"><time>2026-10-03T02:14:53.001Z</time><ele>23.56</ele></trkpt><trkpt lat="37.066199" lon="126.962857"><time>2026-10-03T02:14:55.001Z</time><ele>23.39</ele></trkpt><trkpt lat="37.066172" lon="126.962806"><time>2026-10-03T02:15:31.001Z</time><ele>27.32</ele></trkpt><trkpt lat="37.066111" lon="126.962716"><time>2026-10-03T02:15:35.001Z</time><ele>25.94</ele></trkpt><trkpt lat="37.066073" lon="126.962663"><time>2026-10-03T02:15:36.001Z</time><ele>25.78</ele></trkpt><trkpt lat="37.066038" lon="126.962611"><time>2026-10-03T02:15:37.000Z</time><ele>25.45</ele></trkpt><trkpt lat="37.066001" lon="126.962556"><time>2026-10-03T02:15:38.000Z</time><ele>24.71</ele></trkpt><trkpt lat="37.065959" lon="126.962486"><time>2026-10-03T02:15:39.000Z</time><ele>24.26</ele></trkpt><trkpt lat="37.065913" lon="126.962417"><time>2026-10-03T02:15:40.000Z</time><ele>23.94</ele></trkpt><trkpt lat="37.065872" lon="126.96236"><time>2026-10-03T02:15:41.000Z</time><ele>23.29</ele></trkpt><trkpt lat="37.065833" lon="126.962308"><time>2026-10-03T02:15:42.000Z</time><ele>22.94</ele></trkpt><trkpt lat="37.065798" lon="126.962255"><time>2026-10-03T02:15:43.000Z</time><ele>22.4</ele></trkpt><trkpt lat="37.065769" lon="126.962178"><time>2026-10-03T02:15:44.000Z</time><ele>22.21</ele></trkpt><trkpt lat="37.06571" lon="126.962116"><time>2026-10-03T02:15:45.000Z</time><ele>21.8</ele></trkpt><trkpt lat="37.065657" lon="126.962035"><time>2026-10-03T02:15:46.000Z</time><ele>21.47</ele></trkpt><trkpt lat="37.065604" lon="126.961942"><time>2026-10-03T02:15:47.000Z</time><ele>21.36</ele></trkpt><trkpt lat="37.064683" lon="126.960533"><time>2026-10-03T02:15:58.000Z</time><ele>18.56</ele></trkpt><trkpt lat="37.064605" lon="126.960415"><time>2026-10-03T02:15:59.000Z</time><ele>18.27</ele></trkpt><trkpt lat="37.064525" lon="126.960295"><time>2026-10-03T02:16:00.000Z</time><ele>17.68</ele></trkpt><trkpt lat="37.064445" lon="126.960168"><time>2026-10-03T02:16:01.000Z</time><ele>17.49</ele></trkpt><trkpt lat="37.064362" lon="126.960044"><time>2026-10-03T02:16:02.000Z</time><ele>17.29</ele></trkpt><trkpt lat="37.064285" lon="126.959928"><time>2026-10-03T02:16:03.000Z</time><ele>17.12</ele></trkpt><trkpt lat="37.064219" lon="126.95982"><time>2026-10-03T02:16:04.000Z</time><ele>16.73</ele></trkpt><trkpt lat="37.064159" lon="126.959731"><time>2026-10-03T02:16:05.000Z</time><ele>16.84</ele></trkpt><trkpt lat="37.064113" lon="126.959663"><time>2026-10-03T02:16:06.000Z</time><ele>16.5</ele></trkpt><trkpt lat="37.064075" lon="126.959603"><time>2026-10-03T02:16:07.000Z</time><ele>16.43</ele></trkpt><trkpt lat="37.064042" lon="126.959548"><time>2026-10-03T02:16:08.000Z</time><ele>16.1</ele></trkpt><trkpt lat="37.063998" lon="126.959488"><time>2026-10-03T02:16:09.000Z</time><ele>16.36</ele></trkpt><trkpt lat="37.063946" lon="126.959407"><time>2026-10-03T02:16:10.000Z</time><ele>16.28</ele></trkpt><trkpt lat="37.063883" lon="126.95931"><time>2026-10-03T02:16:11.000Z</time><ele>16.11</ele></trkpt><trkpt lat="37.063815" lon="126.959194"><time>2026-10-03T02:16:12.000Z</time><ele>16.5</ele></trkpt><trkpt lat="37.063741" lon="126.959068"><time>2026-10-03T02:16:13.000Z</time><ele>16.84</ele></trkpt><trkpt lat="37.063648" lon="126.958934"><time>2026-10-03T02:16:14.000Z</time><ele>17.38</ele></trkpt><trkpt lat="37.063552" lon="126.95879"><time>2026-10-03T02:16:15.000Z</time><ele>17.66</ele></trkpt><trkpt lat="37.063458" lon="126.95864"><time>2026-10-03T02:16:16.000Z</time><ele>17.73</ele></trkpt><trkpt lat="37.063359" lon="126.95849"><time>2026-10-03T02:16:17.000Z</time><ele>18.04</ele></trkpt><trkpt lat="37.063264" lon="126.958345"><time>2026-10-03T02:16:18.000Z</time><ele>18.25</ele></trkpt><trkpt lat="37.063181" lon="126.958221"><time>2026-10-03T02:16:19.000Z</time><ele>18.09</ele></trkpt><trkpt lat="37.063103" lon="126.958101"><time>2026-10-03T02:16:20.000Z</time><ele>18.07</ele></trkpt><trkpt lat="37.063024" lon="126.957977"><time>2026-10-03T02:16:21.000Z</time><ele>18.39</ele></trkpt><trkpt lat="37.062936" lon="126.957841"><time>2026-10-03T02:16:22.000Z</time><ele>18.98</ele></trkpt><trkpt lat="37.062844" lon="126.957699"><time>2026-10-03T02:16:23.000Z</time><ele>20.04</ele></trkpt><trkpt lat="37.062752" lon="126.957554"><time>2026-10-03T02:16:24.000Z</time><ele>20.69</ele></trkpt><trkpt lat="37.062664" lon="126.957399"><time>2026-10-03T02:16:25.000Z</time><ele>20.98</ele></trkpt><trkpt lat="37.062587" lon="126.95725"><time>2026-10-03T02:16:26.000Z</time><ele>20.75</ele></trkpt><trkpt lat="37.06252" lon="126.957107"><time>2026-10-03T02:16:27.000Z</time><ele>20.92</ele></trkpt><trkpt lat="37.062447" lon="126.956963"><time>2026-10-03T02:16:28.000Z</time><ele>21.2</ele></trkpt><trkpt lat="37.062377" lon="126.956816"><time>2026-10-03T02:16:29.000Z</time><ele>20.99</ele></trkpt><trkpt lat="37.062311" lon="126.956678"><time>2026-10-03T02:16:30.000Z</time><ele>21.18</ele></trkpt><trkpt lat="37.062253" lon="126.956549"><time>2026-10-03T02:16:31.000Z</time><ele>21.1</ele></trkpt><trkpt lat="37.062201" lon="126.956439"><time>2026-10-03T02:16:32.000Z</time><ele>21.02</ele></trkpt><trkpt lat="37.062153" lon="126.956338"><time>2026-10-03T02:16:33.000Z</time><ele>20.89</ele></trkpt><trkpt lat="37.06211" lon="126.956245"><time>2026-10-03T02:16:34.001Z</time><ele>20.59</ele></trkpt><trkpt lat="37.062066" lon="126.95615"><time>2026-10-03T02:16:35.001Z</time><ele>20.74</ele></trkpt><trkpt lat="37.062016" lon="126.956035"><time>2026-10-03T02:16:36.001Z</time><ele>20.76</ele></trkpt><trkpt lat="37.061955" lon="126.955917"><time>2026-10-03T02:16:37.001Z</time><ele>20.78</ele></trkpt><trkpt lat="37.0619" lon="126.955802"><time>2026-10-03T02:16:38.001Z</time><ele>20.56</ele></trkpt><trkpt lat="37.061847" lon="126.95569"><time>2026-10-03T02:16:39.001Z</time><ele>20.08</ele></trkpt><trkpt lat="37.061801" lon="126.955565"><time>2026-10-03T02:16:40.001Z</time><ele>19.73</ele></trkpt><trkpt lat="37.061745" lon="126.955456"><time>2026-10-03T02:16:41.001Z</time><ele>18.38</ele></trkpt><trkpt lat="37.061686" lon="126.955353"><time>2026-10-03T02:16:42.001Z</time><ele>19.94</ele></trkpt><trkpt lat="37.061634" lon="126.955247"><time>2026-10-03T02:16:43.001Z</time><ele>19.77</ele></trkpt><trkpt lat="37.061593" lon="126.955124"><time>2026-10-03T02:16:44.001Z</time><ele>19.83</ele></trkpt><trkpt lat="37.061524" lon="126.955015"><time>2026-10-03T02:16:45.001Z</time><ele>19.96</ele></trkpt><trkpt lat="37.061456" lon="126.954897"><time>2026-10-03T02:16:46.001Z</time><ele>20.25</ele></trkpt><trkpt lat="37.06139" lon="126.954769"><time>2026-10-03T02:16:47.001Z</time><ele>20.3</ele></trkpt><trkpt lat="37.061295" lon="126.954677"><time>2026-10-03T02:16:48.001Z</time><ele>21.24</ele></trkpt><trkpt lat="37.06121" lon="126.954576"><time>2026-10-03T02:16:49.001Z</time><ele>21.16</ele></trkpt><trkpt lat="37.061144" lon="126.954472"><time>2026-10-03T02:16:50.001Z</time><ele>21.6</ele></trkpt><trkpt lat="37.061039" lon="126.954382"><time>2026-10-03T02:16:51.001Z</time><ele>21.59</ele></trkpt><trkpt lat="37.060918" lon="126.954294"><time>2026-10-03T02:16:52.001Z</time><ele>22.57</ele></trkpt><trkpt lat="37.060799" lon="126.954173"><time>2026-10-03T02:16:53.001Z</time><ele>23.38</ele></trkpt><trkpt lat="37.060663" lon="126.954057"><time>2026-10-03T02:16:54.001Z</time><ele>23.8</ele></trkpt><trkpt lat="37.060506" lon="126.953957"><time>2026-10-03T02:16:55.001Z</time><ele>24.49</ele></trkpt><trkpt lat="37.060345" lon="126.953881"><time>2026-10-03T02:16:56.001Z</time><ele>25.59</ele></trkpt><trkpt lat="37.060195" lon="126.953858"><time>2026-10-03T02:16:57.001Z</time><ele>26.41</ele></trkpt><trkpt lat="37.06003" lon="126.953864"><time>2026-10-03T02:16:58.001Z</time><ele>27.24</ele></trkpt><trkpt lat="37.059855" lon="126.953897"><time>2026-10-03T02:16:59.001Z</time><ele>28.67</ele></trkpt><trkpt lat="37.059682" lon="126.953936"><time>2026-10-03T02:17:00.001Z</time><ele>29.87</ele></trkpt><trkpt lat="37.059518" lon="126.953967"><time>2026-10-03T02:17:01.001Z</time><ele>31.13</ele></trkpt><trkpt lat="37.059373" lon="126.953995"><time>2026-10-03T02:17:02.001Z</time><ele>31.75</ele></trkpt><trkpt lat="37.059229" lon="126.953998"><time>2026-10-03T02:17:03.001Z</time><ele>32.32</ele></trkpt><trkpt lat="37.05908" lon="126.953908"><time>2026-10-03T02:17:04.001Z</time><ele>33.86</ele></trkpt><trkpt lat="37.05896" lon="126.953834"><time>2026-10-03T02:17:05.001Z</time><ele>34.64</ele></trkpt><trkpt lat="37.05886" lon="126.953744"><time>2026-10-03T02:17:06.001Z</time><ele>34.7</ele></trkpt><trkpt lat="37.05875" lon="126.953649"><time>2026-10-03T02:17:07.001Z</time><ele>34.45</ele></trkpt><trkpt lat="37.058621" lon="126.953551"><time>2026-10-03T02:17:08.001Z</time><ele>34.84</ele></trkpt><trkpt lat="37.058504" lon="126.95343"><time>2026-10-03T02:17:09.001Z</time><ele>34.15</ele></trkpt><trkpt lat="37.058401" lon="126.953304"><time>2026-10-03T02:17:10.001Z</time><ele>33.44</ele></trkpt><trkpt lat="37.058312" lon="126.953172"><time>2026-10-03T02:17:11.001Z</time><ele>31.99</ele></trkpt><trkpt lat="37.058228" lon="126.953037"><time>2026-10-03T02:17:12.001Z</time><ele>31.22</ele></trkpt><trkpt lat="37.058146" lon="126.952906"><time>2026-10-03T02:17:13.001Z</time><ele>29.56</ele></trkpt><trkpt lat="37.058076" lon="126.952745"><time>2026-10-03T02:17:14.001Z</time><ele>28.55</ele></trkpt><trkpt lat="37.057979" lon="126.952595"><time>2026-10-03T02:17:15.001Z</time><ele>27.4</ele></trkpt><trkpt lat="37.057888" lon="126.952454"><time>2026-10-03T02:17:16.001Z</time><ele>26.53</ele></trkpt><trkpt lat="37.057798" lon="126.952313"><time>2026-10-03T02:17:17.001Z</time><ele>25.66</ele></trkpt><trkpt lat="37.057687" lon="126.952173"><time>2026-10-03T02:17:18.001Z</time><ele>24.98</ele></trkpt><trkpt lat="37.057583" lon="126.952005"><time>2026-10-03T02:17:19.001Z</time><ele>24.34</ele></trkpt><trkpt lat="37.057485" lon="126.951843"><time>2026-10-03T02:17:20.001Z</time><ele>24</ele></trkpt><trkpt lat="37.057384" lon="126.951699"><time>2026-10-03T02:17:21.001Z</time><ele>23.17</ele></trkpt><trkpt lat="37.057268" lon="126.951584"><time>2026-10-03T02:17:22.001Z</time><ele>23.28</ele></trkpt><trkpt lat="37.057147" lon="126.951497"><time>2026-10-03T02:17:23.001Z</time><ele>23.37</ele></trkpt><trkpt lat="37.057037" lon="126.951409"><time>2026-10-03T02:17:24.001Z</time><ele>23.65</ele></trkpt><trkpt lat="37.056911" lon="126.951373"><time>2026-10-03T02:17:25.001Z</time><ele>23.55</ele></trkpt><trkpt lat="37.056784" lon="126.951336"><time>2026-10-03T02:17:26.001Z</time><ele>24.15</ele></trkpt><trkpt lat="37.056657" lon="126.9513"><time>2026-10-03T02:17:27.001Z</time><ele>24.49</ele></trkpt><trkpt lat="37.056528" lon="126.951249"><time>2026-10-03T02:17:28.001Z</time><ele>24.72</ele></trkpt><trkpt lat="37.056417" lon="126.95116"><time>2026-10-03T02:17:29.001Z</time><ele>25.18</ele></trkpt><trkpt lat="37.056304" lon="126.951076"><time>2026-10-03T02:17:30.001Z</time><ele>25.29</ele></trkpt><trkpt lat="37.056206" lon="126.951003"><time>2026-10-03T02:17:31.001Z</time><ele>25.76</ele></trkpt><trkpt lat="37.056125" lon="126.950942"><time>2026-10-03T02:17:32.001Z</time><ele>25.85</ele></trkpt><trkpt lat="37.056048" lon="126.950884"><time>2026-10-03T02:17:33.001Z</time><ele>26.1</ele></trkpt><trkpt lat="37.055961" lon="126.950819"><time>2026-10-03T02:17:34.001Z</time><ele>26.45</ele></trkpt><trkpt lat="37.055865" lon="126.950747"><time>2026-10-03T02:17:35.001Z</time><ele>26.52</ele></trkpt><trkpt lat="37.05577" lon="126.950675"><time>2026-10-03T02:17:36.001Z</time><ele>26.64</ele></trkpt><trkpt lat="37.055674" lon="126.950603"><time>2026-10-03T02:17:37.001Z</time><ele>26.83</ele></trkpt><trkpt lat="37.05559" lon="126.95054"><time>2026-10-03T02:17:38.001Z</time><ele>27.02</ele></trkpt><trkpt lat="37.055521" lon="126.950488"><time>2026-10-03T02:17:39.001Z</time><ele>27.22</ele></trkpt><trkpt lat="37.055464" lon="126.950445"><time>2026-10-03T02:17:40.001Z</time><ele>27.51</ele></trkpt><trkpt lat="37.055402" lon="126.950399"><time>2026-10-03T02:17:41.001Z</time><ele>27.57</ele></trkpt><trkpt lat="37.055324" lon="126.95034"><time>2026-10-03T02:17:42.001Z</time><ele>28.36</ele></trkpt><trkpt lat="37.055235" lon="126.950273"><time>2026-10-03T02:17:43.000Z</time><ele>28.82</ele></trkpt><trkpt lat="37.05514" lon="126.950202"><time>2026-10-03T02:17:44.000Z</time><ele>29.7</ele></trkpt><trkpt lat="37.055036" lon="126.950124"><time>2026-10-03T02:17:45.000Z</time><ele>30.51</ele></trkpt><trkpt lat="37.054927" lon="126.950043"><time>2026-10-03T02:17:46.000Z</time><ele>30.67</ele></trkpt><trkpt lat="37.054817" lon="126.949959"><time>2026-10-03T02:17:47.000Z</time><ele>31.24</ele></trkpt><trkpt lat="37.054705" lon="126.949875"><time>2026-10-03T02:17:48.000Z</time><ele>31.61</ele></trkpt><trkpt lat="37.054589" lon="126.949789"><time>2026-10-03T02:17:49.000Z</time><ele>32.05</ele></trkpt><trkpt lat="37.054485" lon="126.9497"><time>2026-10-03T02:17:50.000Z</time><ele>32.71</ele></trkpt><trkpt lat="37.054394" lon="126.949619"><time>2026-10-03T02:17:51.000Z</time><ele>33.06</ele></trkpt><trkpt lat="37.05431" lon="126.949545"><time>2026-10-03T02:17:52.000Z</time><ele>33.33</ele></trkpt><trkpt lat="37.054234" lon="126.949478"><time>2026-10-03T02:17:53.000Z</time><ele>33.59</ele></trkpt><trkpt lat="37.054155" lon="126.949427"><time>2026-10-03T02:17:54.000Z</time><ele>33.93</ele></trkpt><trkpt lat="37.054098" lon="126.949356"><time>2026-10-03T02:17:55.000Z</time><ele>34.24</ele></trkpt><trkpt lat="37.054038" lon="126.949282"><time>2026-10-03T02:17:56.000Z</time><ele>34.43</ele></trkpt><trkpt lat="37.053978" lon="126.949191"><time>2026-10-03T02:17:57.000Z</time><ele>35.39</ele></trkpt><trkpt lat="37.053921" lon="126.949084"><time>2026-10-03T02:17:58.000Z</time><ele>36.19</ele></trkpt><trkpt lat="37.053871" lon="126.948976"><time>2026-10-03T02:17:59.000Z</time><ele>35.97</ele></trkpt><trkpt lat="37.053824" lon="126.948863"><time>2026-10-03T02:18:00.000Z</time><ele>36.36</ele></trkpt><trkpt lat="37.053775" lon="126.94875"><time>2026-10-03T02:18:01.000Z</time><ele>36.88</ele></trkpt><trkpt lat="37.053708" lon="126.948643"><time>2026-10-03T02:18:02.000Z</time><ele>37.31</ele></trkpt><trkpt lat="37.053632" lon="126.948541"><time>2026-10-03T02:18:03.000Z</time><ele>37.24</ele></trkpt><trkpt lat="37.053536" lon="126.948455"><time>2026-10-03T02:18:04.000Z</time><ele>37.59</ele></trkpt><trkpt lat="37.053431" lon="126.948382"><time>2026-10-03T02:18:05.000Z</time><ele>37.32</ele></trkpt><trkpt lat="37.053312" lon="126.948325"><time>2026-10-03T02:18:06.000Z</time><ele>37.36</ele></trkpt><trkpt lat="37.053178" lon="126.94829"><time>2026-10-03T02:18:07.000Z</time><ele>36.78</ele></trkpt><trkpt lat="37.053043" lon="126.948256"><time>2026-10-03T02:18:08.000Z</time><ele>35.63</ele></trkpt><trkpt lat="37.052915" lon="126.948228"><time>2026-10-03T02:18:09.000Z</time><ele>35.25</ele></trkpt><trkpt lat="37.052789" lon="126.948197"><time>2026-10-03T02:18:10.000Z</time><ele>34.07</ele></trkpt><trkpt lat="37.05267" lon="126.948165"><time>2026-10-03T02:18:11.000Z</time><ele>32.68</ele></trkpt><trkpt lat="37.052556" lon="126.948132"><time>2026-10-03T02:18:12.000Z</time><ele>32.24</ele></trkpt><trkpt lat="37.052439" lon="126.948098"><time>2026-10-03T02:18:13.000Z</time><ele>31.77</ele></trkpt><trkpt lat="37.052328" lon="126.948055"><time>2026-10-03T02:18:14.000Z</time><ele>31.5</ele></trkpt><trkpt lat="37.052228" lon="126.948"><time>2026-10-03T02:18:15.000Z</time><ele>30.36</ele></trkpt><trkpt lat="37.052128" lon="126.947943"><time>2026-10-03T02:18:16.000Z</time><ele>30.12</ele></trkpt><trkpt lat="37.05203" lon="126.947884"><time>2026-10-03T02:18:17.000Z</time><ele>29.84</ele></trkpt><trkpt lat="37.051927" lon="126.947803"><time>2026-10-03T02:18:18.000Z</time><ele>29.54</ele></trkpt><trkpt lat="37.05184" lon="126.947686"><time>2026-10-03T02:18:19.000Z</time><ele>28.75</ele></trkpt><trkpt lat="37.051739" lon="126.947578"><time>2026-10-03T02:18:20.000Z</time><ele>29.31</ele></trkpt><trkpt lat="37.051636" lon="126.947469"><time>2026-10-03T02:18:21.000Z</time><ele>29.73</ele></trkpt><trkpt lat="37.051527" lon="126.947374"><time>2026-10-03T02:18:22.000Z</time><ele>29.8</ele></trkpt><trkpt lat="37.051429" lon="126.947266"><time>2026-10-03T02:18:23.000Z</time><ele>29.33</ele></trkpt><trkpt lat="37.051321" lon="126.947151"><time>2026-10-03T02:18:24.000Z</time><ele>29.27</ele></trkpt><trkpt lat="37.05121" lon="126.947025"><time>2026-10-03T02:18:25.000Z</time><ele>29.14</ele></trkpt><trkpt lat="37.051095" lon="126.946901"><time>2026-10-03T02:18:26.000Z</time><ele>28.76</ele></trkpt><trkpt lat="37.050988" lon="126.946755"><time>2026-10-03T02:18:27.000Z</time><ele>28.76</ele></trkpt><trkpt lat="37.05087" lon="126.946619"><time>2026-10-03T02:18:28.000Z</time><ele>28.87</ele></trkpt><trkpt lat="37.050741" lon="126.946497"><time>2026-10-03T02:18:29.000Z</time><ele>28.58</ele></trkpt><trkpt lat="37.050627" lon="126.946355"><time>2026-10-03T02:18:30.000Z</time><ele>28.18</ele></trkpt><trkpt lat="37.050508" lon="126.946222"><time>2026-10-03T02:18:31.000Z</time><ele>27.7</ele></trkpt><trkpt lat="37.050395" lon="126.946079"><time>2026-10-03T02:18:32.000Z</time><ele>27.88</ele></trkpt><trkpt lat="37.05029" lon="126.945927"><time>2026-10-03T02:18:33.000Z</time><ele>27.78</ele></trkpt><trkpt lat="37.050197" lon="126.945778"><time>2026-10-03T02:18:34.000Z</time><ele>27.82</ele></trkpt><trkpt lat="37.050113" lon="126.945634"><time>2026-10-03T02:18:35.000Z</time><ele>27.46</ele></trkpt><trkpt lat="37.050065" lon="126.945475"><time>2026-10-03T02:18:36.000Z</time><ele>27.45</ele></trkpt><trkpt lat="37.050008" lon="126.945337"><time>2026-10-03T02:18:37.000Z</time><ele>27.69</ele></trkpt><trkpt lat="37.049952" lon="126.945202"><time>2026-10-03T02:18:38.000Z</time><ele>27.88</ele></trkpt><trkpt lat="37.049878" lon="126.945063"><time>2026-10-03T02:18:39.000Z</time><ele>28.46</ele></trkpt><trkpt lat="37.049836" lon="126.944899"><time>2026-10-03T02:18:40.000Z</time><ele>28</ele></trkpt><trkpt lat="37.049794" lon="126.94473"><time>2026-10-03T02:18:41.001Z</time><ele>29.44</ele></trkpt><trkpt lat="37.049748" lon="126.944559"><time>2026-10-03T02:18:42.001Z</time><ele>30.51</ele></trkpt><trkpt lat="37.049705" lon="126.944389"><time>2026-10-03T02:18:43.001Z</time><ele>31.39</ele></trkpt><trkpt lat="37.049661" lon="126.94421"><time>2026-10-03T02:18:44.001Z</time><ele>32.11</ele></trkpt><trkpt lat="37.049633" lon="126.94402"><time>2026-10-03T02:18:45.001Z</time><ele>32.36</ele></trkpt><trkpt lat="37.049588" lon="126.943828"><time>2026-10-03T02:18:46.001Z</time><ele>33.3</ele></trkpt><trkpt lat="37.049542" lon="126.94363"><time>2026-10-03T02:18:47.001Z</time><ele>33.89</ele></trkpt><trkpt lat="37.0495" lon="126.943423"><time>2026-10-03T02:18:48.001Z</time><ele>33.97</ele></trkpt><trkpt lat="37.049459" lon="126.943219"><time>2026-10-03T02:18:49.001Z</time><ele>33.35</ele></trkpt><trkpt lat="37.049383" lon="126.943036"><time>2026-10-03T02:18:50.001Z</time><ele>32.52</ele></trkpt><trkpt lat="37.049321" lon="126.942854"><time>2026-10-03T02:18:51.001Z</time><ele>32.25</ele></trkpt><trkpt lat="37.049233" lon="126.942679"><time>2026-10-03T02:18:52.001Z</time><ele>31.52</ele></trkpt><trkpt lat="37.049047" lon="126.942351"><time>2026-10-03T02:18:54.001Z</time><ele>29.65</ele></trkpt><trkpt lat="37.048941" lon="126.942221"><time>2026-10-03T02:18:55.001Z</time><ele>28.81</ele></trkpt><trkpt lat="37.048832" lon="126.942121"><time>2026-10-03T02:18:56.001Z</time><ele>27.71</ele></trkpt><trkpt lat="37.048734" lon="126.94203"><time>2026-10-03T02:18:57.001Z</time><ele>27.29</ele></trkpt><trkpt lat="37.048641" lon="126.941943"><time>2026-10-03T02:18:58.001Z</time><ele>26.44</ele></trkpt><trkpt lat="37.048561" lon="126.941869"><time>2026-10-03T02:18:59.001Z</time><ele>25.76</ele></trkpt><trkpt lat="37.048479" lon="126.941818"><time>2026-10-03T02:19:00.001Z</time><ele>25.58</ele></trkpt><trkpt lat="37.048419" lon="126.941766"><time>2026-10-03T02:19:01.001Z</time><ele>25.1</ele></trkpt><trkpt lat="37.048359" lon="126.941716"><time>2026-10-03T02:19:02.001Z</time><ele>24.96</ele></trkpt><trkpt lat="37.048279" lon="126.941659"><time>2026-10-03T02:19:03.001Z</time><ele>24.76</ele></trkpt><trkpt lat="37.048185" lon="126.941602"><time>2026-10-03T02:19:04.001Z</time><ele>24.59</ele></trkpt><trkpt lat="37.048085" lon="126.941548"><time>2026-10-03T02:19:05.001Z</time><ele>24.53</ele></trkpt><trkpt lat="37.047985" lon="126.941506"><time>2026-10-03T02:19:06.001Z</time><ele>24.04</ele></trkpt><trkpt lat="37.047888" lon="126.941469"><time>2026-10-03T02:19:07.001Z</time><ele>23.69</ele></trkpt><trkpt lat="37.047781" lon="126.941432"><time>2026-10-03T02:19:08.001Z</time><ele>23.25</ele></trkpt><trkpt lat="37.047676" lon="126.941395"><time>2026-10-03T02:19:09.001Z</time><ele>23.12</ele></trkpt><trkpt lat="37.047578" lon="126.941357"><time>2026-10-03T02:19:10.001Z</time><ele>22.97</ele></trkpt><trkpt lat="37.047488" lon="126.941325"><time>2026-10-03T02:19:11.001Z</time><ele>22.31</ele></trkpt><trkpt lat="37.047384" lon="126.941284"><time>2026-10-03T02:19:12.001Z</time><ele>22.23</ele></trkpt><trkpt lat="37.047276" lon="126.941241"><time>2026-10-03T02:19:13.001Z</time><ele>22</ele></trkpt><trkpt lat="37.047176" lon="126.941206"><time>2026-10-03T02:19:14.001Z</time><ele>21.84</ele></trkpt><trkpt lat="37.047074" lon="126.941166"><time>2026-10-03T02:19:15.001Z</time><ele>21.62</ele></trkpt><trkpt lat="37.046979" lon="126.941131"><time>2026-10-03T02:19:16.001Z</time><ele>21.5</ele></trkpt><trkpt lat="37.046881" lon="126.941093"><time>2026-10-03T02:19:17.001Z</time><ele>20.93</ele></trkpt><trkpt lat="37.046771" lon="126.94105"><time>2026-10-03T02:19:18.001Z</time><ele>20.35</ele></trkpt><trkpt lat="37.046657" lon="126.941005"><time>2026-10-03T02:19:19.001Z</time><ele>19.62</ele></trkpt><trkpt lat="37.046535" lon="126.940957"><time>2026-10-03T02:19:20.001Z</time><ele>19.58</ele></trkpt><trkpt lat="37.046405" lon="126.940909"><time>2026-10-03T02:19:21.001Z</time><ele>19.15</ele></trkpt><trkpt lat="37.046277" lon="126.940859"><time>2026-10-03T02:19:22.001Z</time><ele>18.61</ele></trkpt><trkpt lat="37.046141" lon="126.940808"><time>2026-10-03T02:19:23.001Z</time><ele>18.07</ele></trkpt><trkpt lat="37.045998" lon="126.940755"><time>2026-10-03T02:19:24.001Z</time><ele>17.56</ele></trkpt><trkpt lat="37.045855" lon="126.940702"><time>2026-10-03T02:19:25.001Z</time><ele>17.41</ele></trkpt><trkpt lat="37.045715" lon="126.940646"><time>2026-10-03T02:19:26.001Z</time><ele>17.35</ele></trkpt><trkpt lat="37.045578" lon="126.940596"><time>2026-10-03T02:19:27.001Z</time><ele>16.72</ele></trkpt><trkpt lat="37.045441" lon="126.940546"><time>2026-10-03T02:19:28.001Z</time><ele>16.26</ele></trkpt><trkpt lat="37.045306" lon="126.940492"><time>2026-10-03T02:19:29.001Z</time><ele>15.84</ele></trkpt><trkpt lat="37.045166" lon="126.940439"><time>2026-10-03T02:19:30.001Z</time><ele>15.63</ele></trkpt><trkpt lat="37.045021" lon="126.940387"><time>2026-10-03T02:19:31.001Z</time><ele>15</ele></trkpt><trkpt lat="37.044871" lon="126.940328"><time>2026-10-03T02:19:32.001Z</time><ele>14.89</ele></trkpt><trkpt lat="37.044719" lon="126.940276"><time>2026-10-03T02:19:33.001Z</time><ele>14.94</ele></trkpt><trkpt lat="37.044571" lon="126.940221"><time>2026-10-03T02:19:34.001Z</time><ele>14.84</ele></trkpt><trkpt lat="37.044423" lon="126.940162"><time>2026-10-03T02:19:35.001Z</time><ele>15.55</ele></trkpt><trkpt lat="37.04428" lon="126.940117"><time>2026-10-03T02:19:36.001Z</time><ele>15.21</ele></trkpt><trkpt lat="37.04413" lon="126.940079"><time>2026-10-03T02:19:37.001Z</time><ele>15.87</ele></trkpt><trkpt lat="37.04398" lon="126.940042"><time>2026-10-03T02:19:38.001Z</time><ele>16.69</ele></trkpt><trkpt lat="37.043834" lon="126.940015"><time>2026-10-03T02:19:39.001Z</time><ele>17.41</ele></trkpt><trkpt lat="37.043692" lon="126.939994"><time>2026-10-03T02:19:40.001Z</time><ele>17.96</ele></trkpt><trkpt lat="37.043549" lon="126.93998"><time>2026-10-03T02:19:41.001Z</time><ele>18.81</ele></trkpt><trkpt lat="37.04341" lon="126.939975"><time>2026-10-03T02:19:42.001Z</time><ele>19.19</ele></trkpt><trkpt lat="37.043275" lon="126.939971"><time>2026-10-03T02:19:43.001Z</time><ele>19.38</ele></trkpt><trkpt lat="37.043139" lon="126.939965"><time>2026-10-03T02:19:44.001Z</time><ele>20.47</ele></trkpt><trkpt lat="37.043005" lon="126.939972"><time>2026-10-03T02:19:45.001Z</time><ele>21.14</ele></trkpt><trkpt lat="37.042886" lon="126.939978"><time>2026-10-03T02:19:46.001Z</time><ele>21.68</ele></trkpt><trkpt lat="37.042776" lon="126.939985"><time>2026-10-03T02:19:47.001Z</time><ele>22.12</ele></trkpt><trkpt lat="37.042673" lon="126.939988"><time>2026-10-03T02:19:48.001Z</time><ele>22.63</ele></trkpt><trkpt lat="37.042576" lon="126.939995"><time>2026-10-03T02:19:49.000Z</time><ele>22.8</ele></trkpt><trkpt lat="37.042484" lon="126.940002"><time>2026-10-03T02:19:50.000Z</time><ele>22.85</ele></trkpt><trkpt lat="37.042385" lon="126.940005"><time>2026-10-03T02:19:51.000Z</time><ele>22.75</ele></trkpt><trkpt lat="37.042281" lon="126.940009"><time>2026-10-03T02:19:52.000Z</time><ele>22.77</ele></trkpt><trkpt lat="37.042175" lon="126.940016"><time>2026-10-03T02:19:53.000Z</time><ele>22.64</ele></trkpt><trkpt lat="37.042065" lon="126.940024"><time>2026-10-03T02:19:54.000Z</time><ele>22.71</ele></trkpt><trkpt lat="37.04195" lon="126.940031"><time>2026-10-03T02:19:55.000Z</time><ele>22.76</ele></trkpt><trkpt lat="37.041834" lon="126.940037"><time>2026-10-03T02:19:56.000Z</time><ele>22.6</ele></trkpt><trkpt lat="37.041723" lon="126.940044"><time>2026-10-03T02:19:57.000Z</time><ele>21.78</ele></trkpt><trkpt lat="37.041617" lon="126.940048"><time>2026-10-03T02:19:58.000Z</time><ele>21.18</ele></trkpt><trkpt lat="37.041512" lon="126.940053"><time>2026-10-03T02:19:59.000Z</time><ele>21.07</ele></trkpt><trkpt lat="37.041411" lon="126.940057"><time>2026-10-03T02:20:00.000Z</time><ele>20.56</ele></trkpt><trkpt lat="37.041312" lon="126.940057"><time>2026-10-03T02:20:01.000Z</time><ele>19.66</ele></trkpt><trkpt lat="37.041215" lon="126.940059"><time>2026-10-03T02:20:02.000Z</time><ele>19.25</ele></trkpt><trkpt lat="37.041121" lon="126.940065"><time>2026-10-03T02:20:03.000Z</time><ele>18.8</ele></trkpt><trkpt lat="37.041028" lon="126.940066"><time>2026-10-03T02:20:04.000Z</time><ele>18.33</ele></trkpt><trkpt lat="37.040941" lon="126.940066"><time>2026-10-03T02:20:05.000Z</time><ele>17.21</ele></trkpt><trkpt lat="37.04085" lon="126.94006"><time>2026-10-03T02:20:06.000Z</time><ele>16.81</ele></trkpt><trkpt lat="37.040752" lon="126.940035"><time>2026-10-03T02:20:07.000Z</time><ele>16.9</ele></trkpt><trkpt lat="37.040663" lon="126.940008"><time>2026-10-03T02:20:08.000Z</time><ele>16.59</ele></trkpt><trkpt lat="37.040593" lon="126.94001"><time>2026-10-03T02:20:09.000Z</time><ele>16.42</ele></trkpt><trkpt lat="37.040529" lon="126.940011"><time>2026-10-03T02:20:10.000Z</time><ele>16.52</ele></trkpt><trkpt lat="37.040469" lon="126.940013"><time>2026-10-03T02:20:11.000Z</time><ele>16.2</ele></trkpt><trkpt lat="37.040421" lon="126.940014"><time>2026-10-03T02:20:12.000Z</time><ele>15.69</ele></trkpt><trkpt lat="37.04033" lon="126.940017"><time>2026-10-03T02:20:14.000Z</time><ele>15.57</ele></trkpt><trkpt lat="37.040273" lon="126.939761"><time>2026-10-03T02:20:16.000Z</time><ele>15.73</ele></trkpt><trkpt lat="37.040274" lon="126.939654"><time>2026-10-03T02:20:17.000Z</time><ele>15.71</ele></trkpt><trkpt lat="37.040281" lon="126.939527"><time>2026-10-03T02:20:18.000Z</time><ele>16.15</ele></trkpt><trkpt lat="37.040285" lon="126.939382"><time>2026-10-03T02:20:19.000Z</time><ele>16.25</ele></trkpt><trkpt lat="37.040289" lon="126.939217"><time>2026-10-03T02:20:20.000Z</time><ele>16.01</ele></trkpt><trkpt lat="37.040307" lon="126.939036"><time>2026-10-03T02:20:21.000Z</time><ele>15.5</ele></trkpt><trkpt lat="37.040328" lon="126.938842"><time>2026-10-03T02:20:22.000Z</time><ele>15.63</ele></trkpt><trkpt lat="37.040343" lon="126.938636"><time>2026-10-03T02:20:23.000Z</time><ele>15.69</ele></trkpt><trkpt lat="37.040357" lon="126.938415"><time>2026-10-03T02:20:24.000Z</time><ele>15.3</ele></trkpt><trkpt lat="37.040379" lon="126.938182"><time>2026-10-03T02:20:25.000Z</time><ele>15.05</ele></trkpt><trkpt lat="37.040405" lon="126.937945"><time>2026-10-03T02:20:26.000Z</time><ele>15.19</ele></trkpt><trkpt lat="37.040431" lon="126.937708"><time>2026-10-03T02:20:27.000Z</time><ele>14.61</ele></trkpt><trkpt lat="37.040458" lon="126.937478"><time>2026-10-03T02:20:28.000Z</time><ele>14.49</ele></trkpt><trkpt lat="37.040485" lon="126.937264"><time>2026-10-03T02:20:29.000Z</time><ele>14</ele></trkpt><trkpt lat="37.040511" lon="126.937042"><time>2026-10-03T02:20:30.000Z</time><ele>14.42</ele></trkpt><trkpt lat="37.040535" lon="126.936835"><time>2026-10-03T02:20:31.000Z</time><ele>14.37</ele></trkpt><trkpt lat="37.040557" lon="126.936638"><time>2026-10-03T02:20:32.000Z</time><ele>14.31</ele></trkpt><trkpt lat="37.040576" lon="126.93645"><time>2026-10-03T02:20:33.000Z</time><ele>14.23</ele></trkpt><trkpt lat="37.040586" lon="126.936286"><time>2026-10-03T02:20:34.000Z</time><ele>14.46</ele></trkpt><trkpt lat="37.040587" lon="126.936138"><time>2026-10-03T02:20:35.000Z</time><ele>14.73</ele></trkpt><trkpt lat="37.040578" lon="126.936012"><time>2026-10-03T02:20:36.000Z</time><ele>14.67</ele></trkpt><trkpt lat="37.040564" lon="126.935907"><time>2026-10-03T02:20:37.000Z</time><ele>14.41</ele></trkpt><trkpt lat="37.040552" lon="126.935821"><time>2026-10-03T02:20:38.000Z</time><ele>14.51</ele></trkpt><trkpt lat="37.040539" lon="126.935747"><time>2026-10-03T02:20:39.000Z</time><ele>14.48</ele></trkpt><trkpt lat="37.040531" lon="126.935684"><time>2026-10-03T02:20:40.000Z</time><ele>14.61</ele></trkpt><trkpt lat="37.040523" lon="126.935619"><time>2026-10-03T02:20:41.000Z</time><ele>14.73</ele></trkpt><trkpt lat="37.040511" lon="126.935561"><time>2026-10-03T02:20:42.000Z</time><ele>14.65</ele></trkpt><trkpt lat="37.040503" lon="126.935504"><time>2026-10-03T02:20:43.000Z</time><ele>14.61</ele></trkpt><trkpt lat="37.040488" lon="126.935406"><time>2026-10-03T02:20:45.000Z</time><ele>14.52</ele></trkpt><trkpt lat="37.04048" lon="126.935339"><time>2026-10-03T02:20:47.000Z</time><ele>14.33</ele></trkpt><trkpt lat="37.040455" lon="126.93524"><time>2026-10-03T02:21:50.001Z</time><ele>14.78</ele></trkpt><trkpt lat="37.040444" lon="126.935173"><time>2026-10-03T02:21:51.001Z</time><ele>14.51</ele></trkpt><trkpt lat="37.040428" lon="126.93509"><time>2026-10-03T02:21:52.001Z</time><ele>14.6</ele></trkpt><trkpt lat="37.040412" lon="126.934995"><time>2026-10-03T02:21:53.001Z</time><ele>14.62</ele></trkpt><trkpt lat="37.040396" lon="126.934902"><time>2026-10-03T02:21:54.001Z</time><ele>14.81</ele></trkpt><trkpt lat="37.040377" lon="126.93482"><time>2026-10-03T02:21:55.000Z</time><ele>14.62</ele></trkpt><trkpt lat="37.04036" lon="126.93474"><time>2026-10-03T02:21:56.000Z</time><ele>14.5</ele></trkpt><trkpt lat="37.040352" lon="126.934654"><time>2026-10-03T02:21:57.000Z</time><ele>14.15</ele></trkpt><trkpt lat="37.040333" lon="126.934551"><time>2026-10-03T02:21:58.000Z</time><ele>13.73</ele></trkpt><trkpt lat="37.040319" lon="126.934446"><time>2026-10-03T02:21:59.000Z</time><ele>12.81</ele></trkpt><trkpt lat="37.040273" lon="126.934198"><time>2026-10-03T02:22:01.000Z</time><ele>12.3</ele></trkpt><trkpt lat="37.040259" lon="126.934082"><time>2026-10-03T02:22:02.000Z</time><ele>12.48</ele></trkpt><trkpt lat="37.040246" lon="126.933977"><time>2026-10-03T02:22:03.000Z</time><ele>12.66</ele></trkpt><trkpt lat="37.040227" lon="126.933882"><time>2026-10-03T02:22:04.000Z</time><ele>13.03</ele></trkpt><trkpt lat="37.040192" lon="126.933802"><time>2026-10-03T02:22:05.000Z</time><ele>12.86</ele></trkpt><trkpt lat="37.040011" lon="126.933699"><time>2026-10-03T02:22:08.000Z</time><ele>12.76</ele></trkpt><trkpt lat="37.039934" lon="126.933713"><time>2026-10-03T02:22:09.000Z</time><ele>12.92</ele></trkpt><trkpt lat="37.039862" lon="126.933742"><time>2026-10-03T02:22:10.000Z</time><ele>12.77</ele></trkpt><trkpt lat="37.039782" lon="126.933785"><time>2026-10-03T02:22:11.000Z</time><ele>12.85</ele></trkpt><trkpt lat="37.039702" lon="126.933828"><time>2026-10-03T02:22:12.000Z</time><ele>12.5</ele></trkpt><trkpt lat="37.039631" lon="126.93387"><time>2026-10-03T02:22:13.000Z</time><ele>12.36</ele></trkpt><trkpt lat="37.039565" lon="126.933907"><time>2026-10-03T02:22:14.000Z</time><ele>12.73</ele></trkpt><trkpt lat="37.039503" lon="126.933927"><time>2026-10-03T02:22:15.000Z</time><ele>12.88</ele></trkpt><trkpt lat="37.039445" lon="126.933967"><time>2026-10-03T02:22:16.000Z</time><ele>13.36</ele></trkpt><trkpt lat="37.039377" lon="126.934004"><time>2026-10-03T02:22:17.000Z</time><ele>14</ele></trkpt><trkpt lat="37.039303" lon="126.934048"><time>2026-10-03T02:22:18.000Z</time><ele>14.13</ele></trkpt><trkpt lat="37.039238" lon="126.934087"><time>2026-10-03T02:22:19.000Z</time><ele>13.96</ele></trkpt><trkpt lat="37.039167" lon="126.934134"><time>2026-10-03T02:22:20.000Z</time><ele>14.24</ele></trkpt><trkpt lat="37.039101" lon="126.934171"><time>2026-10-03T02:22:21.000Z</time><ele>13.8</ele></trkpt><trkpt lat="37.039044" lon="126.934206"><time>2026-10-03T02:22:22.000Z</time><ele>13.65</ele></trkpt><trkpt lat="37.038978" lon="126.934232"><time>2026-10-03T02:22:23.000Z</time><ele>14.23</ele></trkpt><trkpt lat="37.03891" lon="126.934277"><time>2026-10-03T02:22:24.000Z</time><ele>15.48</ele></trkpt><trkpt lat="37.038834" lon="126.934321"><time>2026-10-03T02:22:25.000Z</time><ele>15.31</ele></trkpt><trkpt lat="37.038752" lon="126.934366"><time>2026-10-03T02:22:26.000Z</time><ele>15.32</ele></trkpt><trkpt lat="37.038664" lon="126.934426"><time>2026-10-03T02:22:27.000Z</time><ele>15.28</ele></trkpt><trkpt lat="37.038574" lon="126.934486"><time>2026-10-03T02:22:28.000Z</time><ele>15.27</ele></trkpt><trkpt lat="37.038482" lon="126.93455"><time>2026-10-03T02:22:29.000Z</time><ele>15.34</ele></trkpt><trkpt lat="37.038388" lon="126.934627"><time>2026-10-03T02:22:30.000Z</time><ele>15.62</ele></trkpt><trkpt lat="37.038295" lon="126.934702"><time>2026-10-03T02:22:31.000Z</time><ele>15.58</ele></trkpt><trkpt lat="37.038206" lon="126.934783"><time>2026-10-03T02:22:32.000Z</time><ele>15.64</ele></trkpt><trkpt lat="37.038124" lon="126.934862"><time>2026-10-03T02:22:33.000Z</time><ele>15.62</ele></trkpt><trkpt lat="37.037994" lon="126.935108"><time>2026-10-03T02:22:35.000Z</time><ele>12.81</ele></trkpt><trkpt lat="37.037918" lon="126.935228"><time>2026-10-03T02:22:36.000Z</time><ele>13.39</ele></trkpt><trkpt lat="37.037854" lon="126.935333"><time>2026-10-03T02:22:37.000Z</time><ele>13.93</ele></trkpt><trkpt lat="37.037789" lon="126.935446"><time>2026-10-03T02:22:38.000Z</time><ele>14.34</ele></trkpt><trkpt lat="37.037728" lon="126.935553"><time>2026-10-03T02:22:39.000Z</time><ele>15.42</ele></trkpt><trkpt lat="37.037673" lon="126.935649"><time>2026-10-03T02:22:40.000Z</time><ele>15.67</ele></trkpt><trkpt lat="37.037624" lon="126.935735"><time>2026-10-03T02:22:41.000Z</time><ele>15.24</ele></trkpt><trkpt lat="37.037566" lon="126.935825"><time>2026-10-03T02:22:42.000Z</time><ele>16.73</ele></trkpt><trkpt lat="37.037514" lon="126.935907"><time>2026-10-03T02:22:43.000Z</time><ele>17.23</ele></trkpt><trkpt lat="37.037467" lon="126.935981"><time>2026-10-03T02:22:44.000Z</time><ele>17.71</ele></trkpt><trkpt lat="37.037421" lon="126.936039"><time>2026-10-03T02:22:45.000Z</time><ele>17.84</ele></trkpt><trkpt lat="37.037379" lon="126.936085"><time>2026-10-03T02:22:46.000Z</time><ele>18.01</ele></trkpt><trkpt lat="37.037337" lon="126.936124"><time>2026-10-03T02:22:47.000Z</time><ele>18.43</ele></trkpt><trkpt lat="37.037287" lon="126.936165"><time>2026-10-03T02:22:48.000Z</time><ele>18.45</ele></trkpt><trkpt lat="37.037241" lon="126.936197"><time>2026-10-03T02:22:49.001Z</time><ele>18.36</ele></trkpt><trkpt lat="37.037202" lon="126.936224"><time>2026-10-03T02:22:50.001Z</time><ele>18.22</ele></trkpt><trkpt lat="37.03714" lon="126.936255"><time>2026-10-03T02:22:52.001Z</time><ele>17.47</ele></trkpt><trkpt lat="37.037086" lon="126.93629"><time>2026-10-03T02:22:55.001Z</time><ele>17.14</ele></trkpt><trkpt lat="37.03704" lon="126.936306"><time>2026-10-03T02:23:53.001Z</time><ele>20.13</ele></trkpt><trkpt lat="37.036984" lon="126.936333"><time>2026-10-03T02:23:55.001Z</time><ele>19.92</ele></trkpt><trkpt lat="37.036916" lon="126.936366"><time>2026-10-03T02:23:57.001Z</time><ele>19.12</ele></trkpt><trkpt lat="37.036871" lon="126.936384"><time>2026-10-03T02:23:59.001Z</time><ele>18.71</ele></trkpt><trkpt lat="37.036817" lon="126.936409"><time>2026-10-03T02:24:02.000Z</time><ele>18.36</ele></trkpt><trkpt lat="37.036748" lon="126.936435"><time>2026-10-03T02:24:04.000Z</time><ele>18.53</ele></trkpt><trkpt lat="37.0367" lon="126.93645"><time>2026-10-03T02:24:05.000Z</time><ele>18.29</ele></trkpt><trkpt lat="37.036645" lon="126.93647"><time>2026-10-03T02:24:06.000Z</time><ele>18.34</ele></trkpt><trkpt lat="37.03658" lon="126.936493"><time>2026-10-03T02:24:07.000Z</time><ele>18.11</ele></trkpt><trkpt lat="37.036508" lon="126.93652"><time>2026-10-03T02:24:08.000Z</time><ele>17.97</ele></trkpt><trkpt lat="37.036432" lon="126.936546"><time>2026-10-03T02:24:09.000Z</time><ele>17.83</ele></trkpt><trkpt lat="37.036354" lon="126.936575"><time>2026-10-03T02:24:10.000Z</time><ele>17.7</ele></trkpt><trkpt lat="37.036277" lon="126.936602"><time>2026-10-03T02:24:11.000Z</time><ele>17.81</ele></trkpt><trkpt lat="37.036198" lon="126.936629"><time>2026-10-03T02:24:12.000Z</time><ele>17.86</ele></trkpt><trkpt lat="37.036116" lon="126.936656"><time>2026-10-03T02:24:13.000Z</time><ele>17.53</ele></trkpt><trkpt lat="37.036042" lon="126.936681"><time>2026-10-03T02:24:14.000Z</time><ele>17.57</ele></trkpt><trkpt lat="37.035964" lon="126.936708"><time>2026-10-03T02:24:15.000Z</time><ele>17.5</ele></trkpt><trkpt lat="37.035887" lon="126.936733"><time>2026-10-03T02:24:16.000Z</time><ele>17.81</ele></trkpt><trkpt lat="37.035822" lon="126.936754"><time>2026-10-03T02:24:17.000Z</time><ele>17.71</ele></trkpt><trkpt lat="37.035758" lon="126.936776"><time>2026-10-03T02:24:18.000Z</time><ele>17.59</ele></trkpt><trkpt lat="37.035694" lon="126.936799"><time>2026-10-03T02:24:19.000Z</time><ele>17.51</ele></trkpt><trkpt lat="37.035635" lon="126.936817"><time>2026-10-03T02:24:20.000Z</time><ele>17.59</ele></trkpt><trkpt lat="37.035581" lon="126.936834"><time>2026-10-03T02:24:21.000Z</time><ele>17.58</ele></trkpt><trkpt lat="37.035531" lon="126.936852"><time>2026-10-03T02:24:22.000Z</time><ele>17.48</ele></trkpt><trkpt lat="37.035456" lon="126.936875"><time>2026-10-03T02:24:24.000Z</time><ele>17.57</ele></trkpt><trkpt lat="37.035392" lon="126.936895"><time>2026-10-03T02:24:26.000Z</time><ele>17.62</ele></trkpt><trkpt lat="37.035335" lon="126.93691"><time>2026-10-03T02:24:29.000Z</time><ele>17.5</ele></trkpt><trkpt lat="37.035276" lon="126.936929"><time>2026-10-03T02:24:34.000Z</time><ele>17.31</ele></trkpt><trkpt lat="37.035212" lon="126.936949"><time>2026-10-03T02:24:36.000Z</time><ele>17.3</ele></trkpt><trkpt lat="37.035144" lon="126.936972"><time>2026-10-03T02:24:39.000Z</time><ele>17.44</ele></trkpt><trkpt lat="37.035087" lon="126.936982"><time>2026-10-03T02:24:42.000Z</time><ele>17.41</ele></trkpt><trkpt lat="37.035035" lon="126.936998"><time>2026-10-03T02:24:45.000Z</time><ele>17.72</ele></trkpt><trkpt lat="37.03497" lon="126.937013"><time>2026-10-03T02:24:51.000Z</time><ele>17.59</ele></trkpt><trkpt lat="37.034899" lon="126.937026"><time>2026-10-03T02:25:12.001Z</time><ele>18.04</ele></trkpt><trkpt lat="37.034831" lon="126.937045"><time>2026-10-03T02:25:14.001Z</time><ele>18.13</ele></trkpt><trkpt lat="37.034782" lon="126.937058"><time>2026-10-03T02:25:16.001Z</time><ele>17.88</ele></trkpt><trkpt lat="37.034712" lon="126.937078"><time>2026-10-03T02:25:19.001Z</time><ele>17.55</ele></trkpt><trkpt lat="37.03465" lon="126.937099"><time>2026-10-03T02:25:22.001Z</time><ele>17.66</ele></trkpt><trkpt lat="37.034591" lon="126.937115"><time>2026-10-03T02:25:25.001Z</time><ele>17.56</ele></trkpt><trkpt lat="37.034531" lon="126.937133"><time>2026-10-03T02:25:28.001Z</time><ele>17.41</ele></trkpt><trkpt lat="37.034476" lon="126.937152"><time>2026-10-03T02:25:31.001Z</time><ele>17.75</ele></trkpt><trkpt lat="37.034421" lon="126.937162"><time>2026-10-03T02:25:34.001Z</time><ele>18.3</ele></trkpt><trkpt lat="37.034374" lon="126.937176"><time>2026-10-03T02:25:36.001Z</time><ele>18.24</ele></trkpt><trkpt lat="37.034318" lon="126.937187"><time>2026-10-03T02:25:39.001Z</time><ele>18.55</ele></trkpt><trkpt lat="37.033814" lon="126.937326"><time>2026-10-03T02:25:51.001Z</time><ele>19.21</ele></trkpt><trkpt lat="37.033758" lon="126.937339"><time>2026-10-03T02:25:52.001Z</time><ele>19.29</ele></trkpt><trkpt lat="37.033709" lon="126.937352"><time>2026-10-03T02:25:53.001Z</time><ele>19.39</ele></trkpt><trkpt lat="37.033632" lon="126.937371"><time>2026-10-03T02:25:55.001Z</time><ele>19.55</ele></trkpt><trkpt lat="37.033565" lon="126.937387"><time>2026-10-03T02:25:57.001Z</time><ele>19.84</ele></trkpt><trkpt lat="37.033488" lon="126.937409"><time>2026-10-03T02:25:59.001Z</time><ele>19.98</ele></trkpt><trkpt lat="37.033425" lon="126.937427"><time>2026-10-03T02:26:01.001Z</time><ele>20.2</ele></trkpt><trkpt lat="37.033378" lon="126.93744"><time>2026-10-03T02:26:02.001Z</time><ele>20.24</ele></trkpt><trkpt lat="37.033322" lon="126.937454"><time>2026-10-03T02:26:03.001Z</time><ele>20.28</ele></trkpt><trkpt lat="37.03326" lon="126.937471"><time>2026-10-03T02:26:04.001Z</time><ele>20.41</ele></trkpt><trkpt lat="37.033204" lon="126.937487"><time>2026-10-03T02:26:05.001Z</time><ele>20.68</ele></trkpt><trkpt lat="37.033148" lon="126.937502"><time>2026-10-03T02:26:06.001Z</time><ele>20.61</ele></trkpt><trkpt lat="37.033084" lon="126.937521"><time>2026-10-03T02:26:07.000Z</time><ele>20.77</ele></trkpt><trkpt lat="37.033019" lon="126.937539"><time>2026-10-03T02:26:08.000Z</time><ele>20.9</ele></trkpt><trkpt lat="37.032958" lon="126.937557"><time>2026-10-03T02:26:09.000Z</time><ele>21</ele></trkpt><trkpt lat="37.0329" lon="126.937573"><time>2026-10-03T02:26:10.000Z</time><ele>21.22</ele></trkpt><trkpt lat="37.03285" lon="126.937587"><time>2026-10-03T02:26:11.000Z</time><ele>21.28</ele></trkpt><trkpt lat="37.032758" lon="126.937614"><time>2026-10-03T02:26:13.000Z</time><ele>21.28</ele></trkpt><trkpt lat="37.032708" lon="126.93763"><time>2026-10-03T02:26:14.000Z</time><ele>21.33</ele></trkpt><trkpt lat="37.032659" lon="126.937645"><time>2026-10-03T02:26:15.000Z</time><ele>21.13</ele></trkpt><trkpt lat="37.032581" lon="126.937674"><time>2026-10-03T02:26:17.000Z</time><ele>21.03</ele></trkpt><trkpt lat="37.032498" lon="126.937704"><time>2026-10-03T02:26:19.000Z</time><ele>21.27</ele></trkpt><trkpt lat="37.032447" lon="126.937724"><time>2026-10-03T02:26:20.000Z</time><ele>21.45</ele></trkpt><trkpt lat="37.032398" lon="126.937743"><time>2026-10-03T02:26:21.000Z</time><ele>21.53</ele></trkpt><trkpt lat="37.032351" lon="126.937757"><time>2026-10-03T02:26:22.000Z</time><ele>21.83</ele></trkpt><trkpt lat="37.032161" lon="126.937829"><time>2026-10-03T02:26:26.000Z</time><ele>21.59</ele></trkpt><trkpt lat="37.032085" lon="126.937861"><time>2026-10-03T02:26:28.000Z</time><ele>21.53</ele></trkpt><trkpt lat="37.032018" lon="126.937895"><time>2026-10-03T02:26:30.000Z</time><ele>21.42</ele></trkpt><trkpt lat="37.03196" lon="126.937926"><time>2026-10-03T02:26:33.000Z</time><ele>21.56</ele></trkpt><trkpt lat="37.031891" lon="126.937947"><time>2026-10-03T02:26:44.000Z</time><ele>23.25</ele></trkpt><trkpt lat="37.031833" lon="126.937976"><time>2026-10-03T02:26:46.000Z</time><ele>23.14</ele></trkpt><trkpt lat="37.031766" lon="126.938013"><time>2026-10-03T02:27:02.000Z</time><ele>25.1</ele></trkpt><trkpt lat="37.031721" lon="126.938039"><time>2026-10-03T02:27:04.000Z</time><ele>25.25</ele></trkpt><trkpt lat="37.031675" lon="126.938067"><time>2026-10-03T02:27:06.001Z</time><ele>24.86</ele></trkpt><trkpt lat="37.031621" lon="126.938093"><time>2026-10-03T02:27:09.001Z</time><ele>25.06</ele></trkpt><trkpt lat="37.031575" lon="126.938119"><time>2026-10-03T02:27:12.001Z</time><ele>25.26</ele></trkpt><trkpt lat="37.031513" lon="126.938163"><time>2026-10-03T02:27:32.001Z</time><ele>24.51</ele></trkpt><trkpt lat="37.031457" lon="126.938198"><time>2026-10-03T02:27:35.001Z</time><ele>24.7</ele></trkpt><trkpt lat="37.031406" lon="126.938229"><time>2026-10-03T02:27:38.001Z</time><ele>24.77</ele></trkpt><trkpt lat="37.031354" lon="126.938259"><time>2026-10-03T02:27:41.001Z</time><ele>24.89</ele></trkpt><trkpt lat="37.031305" lon="126.93829"><time>2026-10-03T02:27:43.001Z</time><ele>25.03</ele></trkpt><trkpt lat="37.031245" lon="126.938328"><time>2026-10-03T02:27:45.001Z</time><ele>24.89</ele></trkpt><trkpt lat="37.031179" lon="126.938378"><time>2026-10-03T02:27:47.001Z</time><ele>25.04</ele></trkpt><trkpt lat="37.031117" lon="126.938425"><time>2026-10-03T02:27:49.001Z</time><ele>25.17</ele></trkpt><trkpt lat="37.031062" lon="126.938467"><time>2026-10-03T02:27:51.001Z</time><ele>25.22</ele></trkpt><trkpt lat="37.031002" lon="126.938512"><time>2026-10-03T02:27:53.001Z</time><ele>25.48</ele></trkpt><trkpt lat="37.030942" lon="126.938561"><time>2026-10-03T02:27:55.001Z</time><ele>25.45</ele></trkpt><trkpt lat="37.030886" lon="126.938608"><time>2026-10-03T02:27:57.001Z</time><ele>25.35</ele></trkpt><trkpt lat="37.030835" lon="126.938654"><time>2026-10-03T02:27:59.001Z</time><ele>25.65</ele></trkpt><trkpt lat="37.03077" lon="126.938712"><time>2026-10-03T02:28:01.001Z</time><ele>25.59</ele></trkpt><trkpt lat="37.030713" lon="126.938762"><time>2026-10-03T02:28:03.001Z</time><ele>25.75</ele></trkpt><trkpt lat="37.030643" lon="126.938827"><time>2026-10-03T02:28:05.001Z</time><ele>25.83</ele></trkpt><trkpt lat="37.030588" lon="126.938882"><time>2026-10-03T02:28:07.001Z</time><ele>25.94</ele></trkpt><trkpt lat="37.03053" lon="126.93894"><time>2026-10-03T02:28:09.001Z</time><ele>26.18</ele></trkpt><trkpt lat="37.030482" lon="126.938987"><time>2026-10-03T02:28:11.001Z</time><ele>26.16</ele></trkpt><trkpt lat="37.030422" lon="126.939049"><time>2026-10-03T02:28:13.000Z</time><ele>26.39</ele></trkpt><trkpt lat="37.030368" lon="126.939107"><time>2026-10-03T02:28:15.000Z</time><ele>26.31</ele></trkpt><trkpt lat="37.030325" lon="126.939155"><time>2026-10-03T02:28:18.000Z</time><ele>26.13</ele></trkpt><trkpt lat="37.03028" lon="126.93921"><time>2026-10-03T02:28:24.000Z</time><ele>26.12</ele></trkpt><trkpt lat="37.030218" lon="126.939281"><time>2026-10-03T02:28:26.000Z</time><ele>26.45</ele></trkpt><trkpt lat="37.030165" lon="126.939333"><time>2026-10-03T02:28:28.000Z</time><ele>26.8</ele></trkpt><trkpt lat="37.030128" lon="126.939379"><time>2026-10-03T02:28:30.000Z</time><ele>26.64</ele></trkpt><trkpt lat="37.03009" lon="126.93943"><time>2026-10-03T02:28:33.000Z</time><ele>26.96</ele></trkpt><trkpt lat="37.030033" lon="126.939474"><time>2026-10-03T02:28:53.000Z</time><ele>30.16</ele></trkpt><trkpt lat="37.029989" lon="126.939528"><time>2026-10-03T02:28:55.000Z</time><ele>30.32</ele></trkpt><trkpt lat="37.029958" lon="126.939575"><time>2026-10-03T02:29:11.000Z</time><ele>28.6</ele></trkpt><trkpt lat="37.029911" lon="126.939635"><time>2026-10-03T02:29:13.001Z</time><ele>29.35</ele></trkpt><trkpt lat="37.029872" lon="126.939687"><time>2026-10-03T02:29:16.001Z</time><ele>29</ele></trkpt><trkpt lat="37.029833" lon="126.939766"><time>2026-10-03T02:29:47.001Z</time><ele>28.14</ele></trkpt><trkpt lat="37.029784" lon="126.939826"><time>2026-10-03T02:29:49.001Z</time><ele>28.01</ele></trkpt><trkpt lat="37.029746" lon="126.939871"><time>2026-10-03T02:29:51.001Z</time><ele>28.11</ele></trkpt><trkpt lat="37.029694" lon="126.939948"><time>2026-10-03T02:29:53.001Z</time><ele>28.05</ele></trkpt><trkpt lat="37.029664" lon="126.939992"><time>2026-10-03T02:29:54.001Z</time><ele>28.04</ele></trkpt><trkpt lat="37.029629" lon="126.94004"><time>2026-10-03T02:29:55.001Z</time><ele>28.17</ele></trkpt><trkpt lat="37.029586" lon="126.940098"><time>2026-10-03T02:29:56.001Z</time><ele>27.92</ele></trkpt><trkpt lat="37.029533" lon="126.940167"><time>2026-10-03T02:29:57.001Z</time><ele>27.97</ele></trkpt><trkpt lat="37.02947" lon="126.940246"><time>2026-10-03T02:29:58.001Z</time><ele>28.4</ele></trkpt><trkpt lat="37.029406" lon="126.940334"><time>2026-10-03T02:29:59.001Z</time><ele>28.28</ele></trkpt><trkpt lat="37.02934" lon="126.940422"><time>2026-10-03T02:30:00.001Z</time><ele>28.35</ele></trkpt><trkpt lat="37.029289" lon="126.940526"><time>2026-10-03T02:30:01.001Z</time><ele>28.19</ele></trkpt><trkpt lat="37.029224" lon="126.940604"><time>2026-10-03T02:30:02.001Z</time><ele>27.96</ele></trkpt><trkpt lat="37.02917" lon="126.940677"><time>2026-10-03T02:30:03.001Z</time><ele>28.03</ele></trkpt><trkpt lat="37.029121" lon="126.940761"><time>2026-10-03T02:30:04.001Z</time><ele>28.04</ele></trkpt><trkpt lat="37.029062" lon="126.94084"><time>2026-10-03T02:30:05.001Z</time><ele>28.25</ele></trkpt><trkpt lat="37.029022" lon="126.940933"><time>2026-10-03T02:30:06.001Z</time><ele>28.5</ele></trkpt><trkpt lat="37.028974" lon="126.941004"><time>2026-10-03T02:30:07.001Z</time><ele>28.32</ele></trkpt><trkpt lat="37.028928" lon="126.941074"><time>2026-10-03T02:30:08.001Z</time><ele>28.2</ele></trkpt><trkpt lat="37.028885" lon="126.941139"><time>2026-10-03T02:30:09.001Z</time><ele>28.35</ele></trkpt><trkpt lat="37.028839" lon="126.94121"><time>2026-10-03T02:30:10.001Z</time><ele>28.38</ele></trkpt><trkpt lat="37.028793" lon="126.941278"><time>2026-10-03T02:30:11.001Z</time><ele>28.55</ele></trkpt><trkpt lat="37.028748" lon="126.941339"><time>2026-10-03T02:30:12.001Z</time><ele>28.24</ele></trkpt><trkpt lat="37.028707" lon="126.941392"><time>2026-10-03T02:30:13.001Z</time><ele>28.71</ele></trkpt><trkpt lat="37.028659" lon="126.941429"><time>2026-10-03T02:30:14.001Z</time><ele>28.53</ele></trkpt><trkpt lat="37.028621" lon="126.941482"><time>2026-10-03T02:30:15.001Z</time><ele>28.76</ele></trkpt><trkpt lat="37.02858" lon="126.941533"><time>2026-10-03T02:30:16.001Z</time><ele>28.76</ele></trkpt><trkpt lat="37.028563" lon="126.941585"><time>2026-10-03T02:30:17.001Z</time><ele>28.64</ele></trkpt><trkpt lat="37.028527" lon="126.941633"><time>2026-10-03T02:30:19.000Z</time><ele>28.59</ele></trkpt><trkpt lat="37.02849" lon="126.941684"><time>2026-10-03T02:30:26.000Z</time><ele>28.01</ele></trkpt><trkpt lat="37.028441" lon="126.941743"><time>2026-10-03T02:30:39.000Z</time><ele>28.83</ele></trkpt><trkpt lat="37.028402" lon="126.941785"><time>2026-10-03T02:30:42.000Z</time><ele>28.46</ele></trkpt><trkpt lat="37.028365" lon="126.941824"><time>2026-10-03T02:30:45.000Z</time><ele>28.31</ele></trkpt><trkpt lat="37.028307" lon="126.941887"><time>2026-10-03T02:30:47.000Z</time><ele>28.37</ele></trkpt><trkpt lat="37.02827" lon="126.941926"><time>2026-10-03T02:30:48.000Z</time><ele>28.43</ele></trkpt><trkpt lat="37.028222" lon="126.941978"><time>2026-10-03T02:30:49.000Z</time><ele>28.41</ele></trkpt><trkpt lat="37.028149" lon="126.942031"><time>2026-10-03T02:30:50.000Z</time><ele>28.56</ele></trkpt><trkpt lat="37.028071" lon="126.942093"><time>2026-10-03T02:30:51.000Z</time><ele>28.6</ele></trkpt><trkpt lat="37.027979" lon="126.942149"><time>2026-10-03T02:30:52.000Z</time><ele>28.52</ele></trkpt><trkpt lat="37.027888" lon="126.94223"><time>2026-10-03T02:30:53.000Z</time><ele>28.89</ele></trkpt><trkpt lat="37.027792" lon="126.942316"><time>2026-10-03T02:30:54.000Z</time><ele>29.35</ele></trkpt><trkpt lat="37.027693" lon="126.942404"><time>2026-10-03T02:30:55.000Z</time><ele>29.09</ele></trkpt><trkpt lat="37.027595" lon="126.942485"><time>2026-10-03T02:30:56.000Z</time><ele>28.7</ele></trkpt><trkpt lat="37.027504" lon="126.942558"><time>2026-10-03T02:30:57.000Z</time><ele>28.77</ele></trkpt><trkpt lat="37.027405" lon="126.942617"><time>2026-10-03T02:30:58.000Z</time><ele>28.54</ele></trkpt><trkpt lat="37.027303" lon="126.942659"><time>2026-10-03T02:30:59.000Z</time><ele>28.33</ele></trkpt><trkpt lat="37.027208" lon="126.942691"><time>2026-10-03T02:31:00.000Z</time><ele>27.63</ele></trkpt><trkpt lat="37.027103" lon="126.942728"><time>2026-10-03T02:31:01.000Z</time><ele>26.5</ele></trkpt><trkpt lat="37.027005" lon="126.942763"><time>2026-10-03T02:31:02.000Z</time><ele>25.3</ele></trkpt><trkpt lat="37.026891" lon="126.942807"><time>2026-10-03T02:31:03.000Z</time><ele>24.37</ele></trkpt><trkpt lat="37.02678" lon="126.942841"><time>2026-10-03T02:31:04.000Z</time><ele>23.11</ele></trkpt><trkpt lat="37.026669" lon="126.942873"><time>2026-10-03T02:31:05.000Z</time><ele>23.42</ele></trkpt><trkpt lat="37.026555" lon="126.942929"><time>2026-10-03T02:31:06.000Z</time><ele>24.2</ele></trkpt><trkpt lat="37.026446" lon="126.942989"><time>2026-10-03T02:31:07.000Z</time><ele>25.34</ele></trkpt><trkpt lat="37.025431" lon="126.943192"><time>2026-10-03T02:31:15.000Z</time><ele>28.75</ele></trkpt><trkpt lat="37.025352" lon="126.943202"><time>2026-10-03T02:31:16.000Z</time><ele>28.81</ele></trkpt><trkpt lat="37.025289" lon="126.943211"><time>2026-10-03T02:31:17.000Z</time><ele>29.1</ele></trkpt><trkpt lat="37.025241" lon="126.94322"><time>2026-10-03T02:31:18.000Z</time><ele>29.2</ele></trkpt><trkpt lat="37.025163" lon="126.943235"><time>2026-10-03T02:31:20.001Z</time><ele>29.35</ele></trkpt><trkpt lat="37.025117" lon="126.943237"><time>2026-10-03T02:31:22.001Z</time><ele>29.53</ele></trkpt><trkpt lat="37.025063" lon="126.943234"><time>2026-10-03T02:31:35.001Z</time><ele>29.97</ele></trkpt><trkpt lat="37.025012" lon="126.943226"><time>2026-10-03T02:32:45.000Z</time><ele>32.2</ele></trkpt><trkpt lat="37.024956" lon="126.94323"><time>2026-10-03T02:32:49.000Z</time><ele>31.97</ele></trkpt><trkpt lat="37.024897" lon="126.94323"><time>2026-10-03T02:32:51.000Z</time><ele>31.85</ele></trkpt><trkpt lat="37.024843" lon="126.943222"><time>2026-10-03T02:32:53.000Z</time><ele>31.69</ele></trkpt><trkpt lat="37.024765" lon="126.943208"><time>2026-10-03T02:32:55.000Z</time><ele>31.52</ele></trkpt><trkpt lat="37.024671" lon="126.943197"><time>2026-10-03T02:32:57.000Z</time><ele>31.39</ele></trkpt><trkpt lat="37.024621" lon="126.943192"><time>2026-10-03T02:32:58.000Z</time><ele>31.28</ele></trkpt><trkpt lat="37.02457" lon="126.943186"><time>2026-10-03T02:32:59.000Z</time><ele>31.24</ele></trkpt><trkpt lat="37.024506" lon="126.943178"><time>2026-10-03T02:33:00.000Z</time><ele>31.16</ele></trkpt><trkpt lat="37.024434" lon="126.943168"><time>2026-10-03T02:33:01.000Z</time><ele>30.94</ele></trkpt><trkpt lat="37.024363" lon="126.94316"><time>2026-10-03T02:33:02.000Z</time><ele>31.04</ele></trkpt><trkpt lat="37.024292" lon="126.943152"><time>2026-10-03T02:33:03.000Z</time><ele>30.86</ele></trkpt><trkpt lat="37.024211" lon="126.943142"><time>2026-10-03T02:33:04.000Z</time><ele>30.9</ele></trkpt><trkpt lat="37.024129" lon="126.943132"><time>2026-10-03T02:33:05.000Z</time><ele>30.96</ele></trkpt><trkpt lat="37.024043" lon="126.943121"><time>2026-10-03T02:33:06.000Z</time><ele>31.08</ele></trkpt><trkpt lat="37.023955" lon="126.943112"><time>2026-10-03T02:33:07.000Z</time><ele>30.81</ele></trkpt><trkpt lat="37.023866" lon="126.943102"><time>2026-10-03T02:33:08.000Z</time><ele>31.05</ele></trkpt><trkpt lat="37.023785" lon="126.943094"><time>2026-10-03T02:33:09.000Z</time><ele>31.09</ele></trkpt><trkpt lat="37.023714" lon="126.943086"><time>2026-10-03T02:33:10.000Z</time><ele>30.94</ele></trkpt><trkpt lat="37.023636" lon="126.943078"><time>2026-10-03T02:33:11.000Z</time><ele>30.87</ele></trkpt><trkpt lat="37.023557" lon="126.94307"><time>2026-10-03T02:33:12.000Z</time><ele>31</ele></trkpt><trkpt lat="37.023486" lon="126.943061"><time>2026-10-03T02:33:13.000Z</time><ele>31.32</ele></trkpt><trkpt lat="37.023422" lon="126.943055"><time>2026-10-03T02:33:14.000Z</time><ele>31.21</ele></trkpt><trkpt lat="37.023354" lon="126.943049"><time>2026-10-03T02:33:15.000Z</time><ele>31.45</ele></trkpt><trkpt lat="37.023286" lon="126.943045"><time>2026-10-03T02:33:16.000Z</time><ele>31.64</ele></trkpt><trkpt lat="37.023228" lon="126.943043"><time>2026-10-03T02:33:17.000Z</time><ele>31.66</ele></trkpt><trkpt lat="37.02316" lon="126.94304"><time>2026-10-03T02:33:18.000Z</time><ele>32.03</ele></trkpt><trkpt lat="37.023091" lon="126.943038"><time>2026-10-03T02:33:19.000Z</time><ele>32.1</ele></trkpt><trkpt lat="37.023024" lon="126.943038"><time>2026-10-03T02:33:20.000Z</time><ele>32.34</ele></trkpt><trkpt lat="37.022955" lon="126.943039"><time>2026-10-03T02:33:21.000Z</time><ele>32.6</ele></trkpt><trkpt lat="37.022879" lon="126.943042"><time>2026-10-03T02:33:22.000Z</time><ele>32.96</ele></trkpt><trkpt lat="37.022795" lon="126.943045"><time>2026-10-03T02:33:23.000Z</time><ele>33.31</ele></trkpt><trkpt lat="37.022716" lon="126.943051"><time>2026-10-03T02:33:24.000Z</time><ele>33.69</ele></trkpt><trkpt lat="37.022646" lon="126.943059"><time>2026-10-03T02:33:25.000Z</time><ele>33.95</ele></trkpt><trkpt lat="37.02257" lon="126.943067"><time>2026-10-03T02:33:26.001Z</time><ele>34.18</ele></trkpt><trkpt lat="37.022493" lon="126.943075"><time>2026-10-03T02:33:27.001Z</time><ele>34.45</ele></trkpt><trkpt lat="37.022425" lon="126.943083"><time>2026-10-03T02:33:28.001Z</time><ele>34.96</ele></trkpt><trkpt lat="37.022362" lon="126.943091"><time>2026-10-03T02:33:29.001Z</time><ele>35.13</ele></trkpt><trkpt lat="37.022291" lon="126.943099"><time>2026-10-03T02:33:30.001Z</time><ele>35.36</ele></trkpt><trkpt lat="37.022224" lon="126.943109"><time>2026-10-03T02:33:31.001Z</time><ele>35.69</ele></trkpt><trkpt lat="37.02216" lon="126.943118"><time>2026-10-03T02:33:32.001Z</time><ele>36.06</ele></trkpt><trkpt lat="37.0221" lon="126.94313"><time>2026-10-03T02:33:33.001Z</time><ele>36.28</ele></trkpt><trkpt lat="37.022036" lon="126.943141"><time>2026-10-03T02:33:34.001Z</time><ele>36.8</ele></trkpt><trkpt lat="37.021959" lon="126.943153"><time>2026-10-03T02:33:35.001Z</time><ele>37.11</ele></trkpt><trkpt lat="37.021875" lon="126.943169"><time>2026-10-03T02:33:36.001Z</time><ele>37.53</ele></trkpt><trkpt lat="37.021783" lon="126.943189"><time>2026-10-03T02:33:37.001Z</time><ele>37.83</ele></trkpt><trkpt lat="37.021686" lon="126.943209"><time>2026-10-03T02:33:38.001Z</time><ele>38.44</ele></trkpt><trkpt lat="37.021594" lon="126.943231"><time>2026-10-03T02:33:39.001Z</time><ele>38.54</ele></trkpt><trkpt lat="37.021509" lon="126.943252"><time>2026-10-03T02:33:40.001Z</time><ele>38.81</ele></trkpt><trkpt lat="37.021417" lon="126.943277"><time>2026-10-03T02:33:41.001Z</time><ele>39.22</ele></trkpt><trkpt lat="37.021325" lon="126.943299"><time>2026-10-03T02:33:42.001Z</time><ele>39.27</ele></trkpt><trkpt lat="37.021245" lon="126.943319"><time>2026-10-03T02:33:43.001Z</time><ele>39.39</ele></trkpt><trkpt lat="37.021171" lon="126.94334"><time>2026-10-03T02:33:44.001Z</time><ele>39.61</ele></trkpt><trkpt lat="37.021102" lon="126.943364"><time>2026-10-03T02:33:45.001Z</time><ele>39.66</ele></trkpt><trkpt lat="37.021035" lon="126.94339"><time>2026-10-03T02:33:46.001Z</time><ele>40.1</ele></trkpt><trkpt lat="37.020968" lon="126.943414"><time>2026-10-03T02:33:47.001Z</time><ele>40.23</ele></trkpt><trkpt lat="37.0209" lon="126.943443"><time>2026-10-03T02:33:48.001Z</time><ele>40.08</ele></trkpt><trkpt lat="37.020833" lon="126.943474"><time>2026-10-03T02:33:49.001Z</time><ele>40.01</ele></trkpt><trkpt lat="37.020768" lon="126.943504"><time>2026-10-03T02:33:50.001Z</time><ele>39.84</ele></trkpt><trkpt lat="37.020705" lon="126.943534"><time>2026-10-03T02:33:51.001Z</time><ele>39.96</ele></trkpt><trkpt lat="37.020636" lon="126.943562"><time>2026-10-03T02:33:52.001Z</time><ele>40</ele></trkpt><trkpt lat="37.020569" lon="126.94359"><time>2026-10-03T02:33:53.001Z</time><ele>39.9</ele></trkpt><trkpt lat="37.020506" lon="126.94362"><time>2026-10-03T02:33:54.001Z</time><ele>39.95</ele></trkpt><trkpt lat="37.020447" lon="126.94365"><time>2026-10-03T02:33:55.001Z</time><ele>39.94</ele></trkpt><trkpt lat="37.020387" lon="126.943677"><time>2026-10-03T02:33:56.001Z</time><ele>39.71</ele></trkpt><trkpt lat="37.020332" lon="126.943702"><time>2026-10-03T02:33:57.001Z</time><ele>39.66</ele></trkpt><trkpt lat="37.020285" lon="126.943725"><time>2026-10-03T02:33:58.001Z</time><ele>39.47</ele></trkpt><trkpt lat="37.020227" lon="126.94375"><time>2026-10-03T02:33:59.001Z</time><ele>39.33</ele></trkpt><trkpt lat="37.020166" lon="126.943779"><time>2026-10-03T02:34:00.001Z</time><ele>39.5</ele></trkpt><trkpt lat="37.020114" lon="126.943807"><time>2026-10-03T02:34:01.001Z</time><ele>39.7</ele></trkpt><trkpt lat="37.020066" lon="126.943832"><time>2026-10-03T02:34:02.001Z</time><ele>39.7</ele></trkpt><trkpt lat="37.020017" lon="126.943855"><time>2026-10-03T02:34:03.001Z</time><ele>39.89</ele></trkpt><trkpt lat="37.019968" lon="126.943876"><time>2026-10-03T02:34:04.001Z</time><ele>39.84</ele></trkpt><trkpt lat="37.019925" lon="126.943899"><time>2026-10-03T02:34:05.001Z</time><ele>40.12</ele></trkpt><trkpt lat="37.01988" lon="126.943925"><time>2026-10-03T02:34:06.001Z</time><ele>40.24</ele></trkpt><trkpt lat="37.019834" lon="126.943948"><time>2026-10-03T02:34:07.001Z</time><ele>40.26</ele></trkpt><trkpt lat="37.019792" lon="126.943969"><time>2026-10-03T02:34:08.001Z</time><ele>39.93</ele></trkpt><trkpt lat="37.019733" lon="126.944"><time>2026-10-03T02:34:10.001Z</time><ele>40.43</ele></trkpt><trkpt lat="37.019672" lon="126.944035"><time>2026-10-03T02:34:12.001Z</time><ele>40.58</ele></trkpt><trkpt lat="37.019629" lon="126.944059"><time>2026-10-03T02:34:15.001Z</time><ele>40.9</ele></trkpt><trkpt lat="37.019583" lon="126.944086"><time>2026-10-03T02:34:20.001Z</time><ele>42.49</ele></trkpt><trkpt lat="37.019537" lon="126.944113"><time>2026-10-03T02:34:23.001Z</time><ele>42.54</ele></trkpt><trkpt lat="37.019495" lon="126.94414"><time>2026-10-03T02:34:25.001Z</time><ele>42.78</ele></trkpt><trkpt lat="37.019453" lon="126.944165"><time>2026-10-03T02:34:27.001Z</time><ele>43.19</ele></trkpt><trkpt lat="37.019398" lon="126.944191"><time>2026-10-03T02:34:29.001Z</time><ele>43.4</ele></trkpt><trkpt lat="37.019338" lon="126.944251"><time>2026-10-03T02:34:31.000Z</time><ele>43.23</ele></trkpt><trkpt lat="37.019216" lon="126.944313"><time>2026-10-03T02:34:33.000Z</time><ele>43.49</ele></trkpt><trkpt lat="37.019159" lon="126.944344"><time>2026-10-03T02:34:34.000Z</time><ele>42.98</ele></trkpt><trkpt lat="37.019109" lon="126.944392"><time>2026-10-03T02:34:35.000Z</time><ele>42.69</ele></trkpt><trkpt lat="37.019046" lon="126.944406"><time>2026-10-03T02:34:36.000Z</time><ele>42.5</ele></trkpt><trkpt lat="37.019002" lon="126.944451"><time>2026-10-03T02:34:37.000Z</time><ele>42.09</ele></trkpt><trkpt lat="37.018958" lon="126.944476"><time>2026-10-03T02:34:38.000Z</time><ele>41.7</ele></trkpt><trkpt lat="37.018878" lon="126.944513"><time>2026-10-03T02:34:40.000Z</time><ele>40.43</ele></trkpt><trkpt lat="37.018796" lon="126.944551"><time>2026-10-03T02:34:42.000Z</time><ele>39.27</ele></trkpt><trkpt lat="37.018752" lon="126.944574"><time>2026-10-03T02:34:43.000Z</time><ele>38.75</ele></trkpt><trkpt lat="37.018707" lon="126.944595"><time>2026-10-03T02:34:44.000Z</time><ele>38.54</ele></trkpt><trkpt lat="37.018664" lon="126.944619"><time>2026-10-03T02:34:45.000Z</time><ele>38.19</ele></trkpt><trkpt lat="37.018617" lon="126.944634"><time>2026-10-03T02:34:46.000Z</time><ele>37.98</ele></trkpt><trkpt lat="37.018575" lon="126.944652"><time>2026-10-03T02:34:47.000Z</time><ele>37.98</ele></trkpt><trkpt lat="37.018488" lon="126.944694"><time>2026-10-03T02:34:49.000Z</time><ele>37.56</ele></trkpt><trkpt lat="37.018435" lon="126.944716"><time>2026-10-03T02:34:50.000Z</time><ele>37.52</ele></trkpt><trkpt lat="37.01838" lon="126.944741"><time>2026-10-03T02:34:51.000Z</time><ele>37.26</ele></trkpt><trkpt lat="37.018322" lon="126.944767"><time>2026-10-03T02:34:52.000Z</time><ele>37.09</ele></trkpt><trkpt lat="37.018265" lon="126.944791"><time>2026-10-03T02:34:53.000Z</time><ele>36.68</ele></trkpt><trkpt lat="37.018217" lon="126.944815"><time>2026-10-03T02:34:54.000Z</time><ele>36.41</ele></trkpt><trkpt lat="37.018171" lon="126.944836"><time>2026-10-03T02:34:55.000Z</time><ele>36.29</ele></trkpt><trkpt lat="37.01809" lon="126.944869"><time>2026-10-03T02:34:57.000Z</time><ele>35.83</ele></trkpt><trkpt lat="37.018019" lon="126.9449"><time>2026-10-03T02:34:59.000Z</time><ele>35.69</ele></trkpt><trkpt lat="37.017966" lon="126.944924"><time>2026-10-03T02:35:01.000Z</time><ele>35.49</ele></trkpt><trkpt lat="37.017907" lon="126.94495"><time>2026-10-03T02:35:10.000Z</time><ele>36.21</ele></trkpt><trkpt lat="37.017839" lon="126.944976"><time>2026-10-03T02:35:12.000Z</time><ele>36.39</ele></trkpt><trkpt lat="37.017788" lon="126.944994"><time>2026-10-03T02:35:14.000Z</time><ele>36.01</ele></trkpt><trkpt lat="37.017738" lon="126.94501"><time>2026-10-03T02:35:16.000Z</time><ele>36.06</ele></trkpt><trkpt lat="37.017675" lon="126.945041"><time>2026-10-03T02:35:30.001Z</time><ele>36.01</ele></trkpt><trkpt lat="37.017583" lon="126.945074"><time>2026-10-03T02:35:32.001Z</time><ele>36.15</ele></trkpt><trkpt lat="37.017538" lon="126.945089"><time>2026-10-03T02:35:33.001Z</time><ele>35.96</ele></trkpt><trkpt lat="37.01745" lon="126.945119"><time>2026-10-03T02:35:35.001Z</time><ele>35.78</ele></trkpt><trkpt lat="37.017399" lon="126.945136"><time>2026-10-03T02:35:36.001Z</time><ele>35.67</ele></trkpt><trkpt lat="37.017334" lon="126.945157"><time>2026-10-03T02:35:37.001Z</time><ele>35.48</ele></trkpt><trkpt lat="37.017259" lon="126.945179"><time>2026-10-03T02:35:38.001Z</time><ele>35.62</ele></trkpt><trkpt lat="37.017178" lon="126.945206"><time>2026-10-03T02:35:39.001Z</time><ele>35.18</ele></trkpt><trkpt lat="37.017022" lon="126.945266"><time>2026-10-03T02:35:41.001Z</time><ele>35.17</ele></trkpt><trkpt lat="37.016958" lon="126.945284"><time>2026-10-03T02:35:42.001Z</time><ele>35.04</ele></trkpt><trkpt lat="37.016891" lon="126.945302"><time>2026-10-03T02:35:43.001Z</time><ele>34.84</ele></trkpt><trkpt lat="37.016819" lon="126.945326"><time>2026-10-03T02:35:44.001Z</time><ele>34.8</ele></trkpt><trkpt lat="37.016746" lon="126.945348"><time>2026-10-03T02:35:45.001Z</time><ele>34.55</ele></trkpt><trkpt lat="37.016672" lon="126.94537"><time>2026-10-03T02:35:46.001Z</time><ele>34.49</ele></trkpt><trkpt lat="37.016607" lon="126.94539"><time>2026-10-03T02:35:47.001Z</time><ele>34.28</ele></trkpt><trkpt lat="37.016548" lon="126.94541"><time>2026-10-03T02:35:48.001Z</time><ele>34.4</ele></trkpt><trkpt lat="37.016493" lon="126.945428"><time>2026-10-03T02:35:49.001Z</time><ele>34.37</ele></trkpt><trkpt lat="37.016445" lon="126.945444"><time>2026-10-03T02:35:50.001Z</time><ele>34.34</ele></trkpt><trkpt lat="37.016395" lon="126.94546"><time>2026-10-03T02:35:52.001Z</time><ele>34.23</ele></trkpt><trkpt lat="37.016351" lon="126.945477"><time>2026-10-03T02:36:12.001Z</time><ele>34.74</ele></trkpt><trkpt lat="37.01627" lon="126.945501"><time>2026-10-03T02:36:14.001Z</time><ele>34.71</ele></trkpt><trkpt lat="37.016171" lon="126.945532"><time>2026-10-03T02:36:16.001Z</time><ele>34.37</ele></trkpt><trkpt lat="37.016105" lon="126.945554"><time>2026-10-03T02:36:17.001Z</time><ele>34.54</ele></trkpt><trkpt lat="37.016031" lon="126.945577"><time>2026-10-03T02:36:18.001Z</time><ele>34.24</ele></trkpt><trkpt lat="37.015958" lon="126.945598"><time>2026-10-03T02:36:19.001Z</time><ele>34.32</ele></trkpt><trkpt lat="37.015894" lon="126.945617"><time>2026-10-03T02:36:20.001Z</time><ele>34.3</ele></trkpt><trkpt lat="37.01584" lon="126.945633"><time>2026-10-03T02:36:21.001Z</time><ele>33.82</ele></trkpt><trkpt lat="37.015774" lon="126.945655"><time>2026-10-03T02:36:23.001Z</time><ele>33.95</ele></trkpt><trkpt lat="37.015704" lon="126.945672"><time>2026-10-03T02:36:26.001Z</time><ele>33.89</ele></trkpt><trkpt lat="37.01566" lon="126.945685"><time>2026-10-03T02:36:27.001Z</time><ele>33.98</ele></trkpt><trkpt lat="37.015611" lon="126.9457"><time>2026-10-03T02:36:28.001Z</time><ele>33.92</ele></trkpt><trkpt lat="37.01556" lon="126.945715"><time>2026-10-03T02:36:29.001Z</time><ele>33.74</ele></trkpt><trkpt lat="37.015503" lon="126.945733"><time>2026-10-03T02:36:30.001Z</time><ele>33.71</ele></trkpt><trkpt lat="37.015436" lon="126.945755"><time>2026-10-03T02:36:31.001Z</time><ele>33.68</ele></trkpt><trkpt lat="37.015363" lon="126.945776"><time>2026-10-03T02:36:32.001Z</time><ele>33.71</ele></trkpt><trkpt lat="37.015285" lon="126.945799"><time>2026-10-03T02:36:33.001Z</time><ele>33.8</ele></trkpt><trkpt lat="37.015204" lon="126.945824"><time>2026-10-03T02:36:34.001Z</time><ele>34</ele></trkpt><trkpt lat="37.01512" lon="126.945851"><time>2026-10-03T02:36:35.001Z</time><ele>33.87</ele></trkpt><trkpt lat="37.015035" lon="126.945877"><time>2026-10-03T02:36:36.001Z</time><ele>33.88</ele></trkpt><trkpt lat="37.014942" lon="126.945907"><time>2026-10-03T02:36:37.000Z</time><ele>33.99</ele></trkpt><trkpt lat="37.014849" lon="126.945936"><time>2026-10-03T02:36:38.000Z</time><ele>33.95</ele></trkpt><trkpt lat="37.014758" lon="126.945967"><time>2026-10-03T02:36:39.000Z</time><ele>34</ele></trkpt><trkpt lat="37.014665" lon="126.945996"><time>2026-10-03T02:36:40.000Z</time><ele>33.86</ele></trkpt><trkpt lat="37.014571" lon="126.946025"><time>2026-10-03T02:36:41.000Z</time><ele>33.72</ele></trkpt><trkpt lat="37.014475" lon="126.946052"><time>2026-10-03T02:36:42.000Z</time><ele>33.72</ele></trkpt><trkpt lat="37.014381" lon="126.94608"><time>2026-10-03T02:36:43.000Z</time><ele>33.77</ele></trkpt><trkpt lat="37.014286" lon="126.946111"><time>2026-10-03T02:36:44.000Z</time><ele>33.7</ele></trkpt><trkpt lat="37.014198" lon="126.94614"><time>2026-10-03T02:36:45.000Z</time><ele>33.19</ele></trkpt><trkpt lat="37.014127" lon="126.946163"><time>2026-10-03T02:36:46.000Z</time><ele>32.83</ele></trkpt><trkpt lat="37.014065" lon="126.946182"><time>2026-10-03T02:36:47.000Z</time><ele>32.69</ele></trkpt><trkpt lat="37.014013" lon="126.946196"><time>2026-10-03T02:36:48.000Z</time><ele>32.56</ele></trkpt><trkpt lat="37.013934" lon="126.946222"><time>2026-10-03T02:36:50.000Z</time><ele>32.54</ele></trkpt><trkpt lat="37.013827" lon="126.946255"><time>2026-10-03T02:36:52.000Z</time><ele>32.47</ele></trkpt><trkpt lat="37.013743" lon="126.946278"><time>2026-10-03T02:36:53.000Z</time><ele>32.35</ele></trkpt><trkpt lat="37.013651" lon="126.946306"><time>2026-10-03T02:36:54.000Z</time><ele>32.21</ele></trkpt><trkpt lat="37.013547" lon="126.946333"><time>2026-10-03T02:36:55.000Z</time><ele>32.15</ele></trkpt><trkpt lat="37.013434" lon="126.946367"><time>2026-10-03T02:36:56.000Z</time><ele>31.79</ele></trkpt><trkpt lat="37.013316" lon="126.946399"><time>2026-10-03T02:36:57.000Z</time><ele>31.45</ele></trkpt><trkpt lat="37.013194" lon="126.946435"><time>2026-10-03T02:36:58.000Z</time><ele>31.48</ele></trkpt><trkpt lat="37.013072" lon="126.946471"><time>2026-10-03T02:36:59.000Z</time><ele>31.19</ele></trkpt><trkpt lat="37.012946" lon="126.946509"><time>2026-10-03T02:37:00.000Z</time><ele>30.66</ele></trkpt><trkpt lat="37.01283" lon="126.946546"><time>2026-10-03T02:37:01.000Z</time><ele>30.6</ele></trkpt><trkpt lat="37.012721" lon="126.94658"><time>2026-10-03T02:37:02.000Z</time><ele>30.18</ele></trkpt><trkpt lat="37.012613" lon="126.946615"><time>2026-10-03T02:37:03.000Z</time><ele>29.79</ele></trkpt><trkpt lat="37.012509" lon="126.94665"><time>2026-10-03T02:37:04.000Z</time><ele>29.46</ele></trkpt><trkpt lat="37.012408" lon="126.946683"><time>2026-10-03T02:37:05.000Z</time><ele>29.25</ele></trkpt><trkpt lat="37.012306" lon="126.946716"><time>2026-10-03T02:37:06.000Z</time><ele>29.05</ele></trkpt><trkpt lat="37.012209" lon="126.946735"><time>2026-10-03T02:37:07.000Z</time><ele>29.16</ele></trkpt><trkpt lat="37.01212" lon="126.946764"><time>2026-10-03T02:37:08.000Z</time><ele>28.54</ele></trkpt><trkpt lat="37.012034" lon="126.946792"><time>2026-10-03T02:37:09.000Z</time><ele>28.4</ele></trkpt><trkpt lat="37.011954" lon="126.946817"><time>2026-10-03T02:37:10.000Z</time><ele>28.42</ele></trkpt><trkpt lat="37.011878" lon="126.946842"><time>2026-10-03T02:37:11.000Z</time><ele>28.29</ele></trkpt><trkpt lat="37.011807" lon="126.946861"><time>2026-10-03T02:37:12.000Z</time><ele>27.48</ele></trkpt><trkpt lat="37.011739" lon="126.946891"><time>2026-10-03T02:37:13.000Z</time><ele>27.71</ele></trkpt><trkpt lat="37.011679" lon="126.946908"><time>2026-10-03T02:37:14.000Z</time><ele>27.43</ele></trkpt><trkpt lat="37.011611" lon="126.946928"><time>2026-10-03T02:37:16.000Z</time><ele>27.37</ele></trkpt><trkpt lat="37.01156" lon="126.946941"><time>2026-10-03T02:37:27.000Z</time><ele>28.84</ele></trkpt><trkpt lat="37.011463" lon="126.946967"><time>2026-10-03T02:37:29.000Z</time><ele>28.76</ele></trkpt><trkpt lat="37.011406" lon="126.946986"><time>2026-10-03T02:37:30.000Z</time><ele>28.51</ele></trkpt><trkpt lat="37.011344" lon="126.947006"><time>2026-10-03T02:37:31.000Z</time><ele>28.25</ele></trkpt><trkpt lat="37.011286" lon="126.947024"><time>2026-10-03T02:37:32.000Z</time><ele>28.29</ele></trkpt><trkpt lat="37.011227" lon="126.947042"><time>2026-10-03T02:37:33.001Z</time><ele>27.93</ele></trkpt><trkpt lat="37.01116" lon="126.947066"><time>2026-10-03T02:37:34.001Z</time><ele>27.89</ele></trkpt><trkpt lat="37.011089" lon="126.947089"><time>2026-10-03T02:37:35.001Z</time><ele>27.74</ele></trkpt><trkpt lat="37.011007" lon="126.947112"><time>2026-10-03T02:37:36.001Z</time><ele>27.53</ele></trkpt><trkpt lat="37.010915" lon="126.947141"><time>2026-10-03T02:37:37.001Z</time><ele>27.81</ele></trkpt><trkpt lat="37.010815" lon="126.947173"><time>2026-10-03T02:37:38.001Z</time><ele>27.81</ele></trkpt><trkpt lat="37.010712" lon="126.947202"><time>2026-10-03T02:37:39.001Z</time><ele>27.61</ele></trkpt><trkpt lat="37.010611" lon="126.947228"><time>2026-10-03T02:37:40.001Z</time><ele>27.43</ele></trkpt><trkpt lat="37.010511" lon="126.947252"><time>2026-10-03T02:37:41.001Z</time><ele>27.41</ele></trkpt><trkpt lat="37.010406" lon="126.947276"><time>2026-10-03T02:37:42.001Z</time><ele>27.51</ele></trkpt><trkpt lat="37.010295" lon="126.9473"><time>2026-10-03T02:37:43.001Z</time><ele>27.3</ele></trkpt><trkpt lat="37.009647" lon="126.947397"><time>2026-10-03T02:37:48.001Z</time><ele>27.51</ele></trkpt><trkpt lat="37.009512" lon="126.947411"><time>2026-10-03T02:37:49.001Z</time><ele>27.83</ele></trkpt><trkpt lat="37.009382" lon="126.947415"><time>2026-10-03T02:37:50.001Z</time><ele>27.51</ele></trkpt><trkpt lat="37.009247" lon="126.947418"><time>2026-10-03T02:37:51.001Z</time><ele>26.85</ele></trkpt><trkpt lat="37.009104" lon="126.947413"><time>2026-10-03T02:37:52.001Z</time><ele>27.14</ele></trkpt><trkpt lat="37.008961" lon="126.947404"><time>2026-10-03T02:37:53.001Z</time><ele>27.18</ele></trkpt><trkpt lat="37.008826" lon="126.947386"><time>2026-10-03T02:37:54.001Z</time><ele>26.16</ele></trkpt><trkpt lat="37.008692" lon="126.947364"><time>2026-10-03T02:37:55.001Z</time><ele>26.34</ele></trkpt><trkpt lat="37.008555" lon="126.947341"><time>2026-10-03T02:37:56.001Z</time><ele>26.39</ele></trkpt><trkpt lat="37.008422" lon="126.947291"><time>2026-10-03T02:37:57.001Z</time><ele>26.31</ele></trkpt><trkpt lat="37.008283" lon="126.947252"><time>2026-10-03T02:37:58.001Z</time><ele>26.52</ele></trkpt><trkpt lat="37.008139" lon="126.947211"><time>2026-10-03T02:37:59.001Z</time><ele>26.29</ele></trkpt><trkpt lat="37.007995" lon="126.947171"><time>2026-10-03T02:38:00.001Z</time><ele>25.97</ele></trkpt><trkpt lat="37.007852" lon="126.947132"><time>2026-10-03T02:38:01.001Z</time><ele>26.43</ele></trkpt><trkpt lat="37.00772" lon="126.947077"><time>2026-10-03T02:38:02.001Z</time><ele>25.55</ele></trkpt><trkpt lat="37.00759" lon="126.947019"><time>2026-10-03T02:38:03.001Z</time><ele>24.97</ele></trkpt><trkpt lat="37.007454" lon="126.94696"><time>2026-10-03T02:38:04.001Z</time><ele>24.56</ele></trkpt><trkpt lat="37.007309" lon="126.946908"><time>2026-10-03T02:38:05.001Z</time><ele>24.73</ele></trkpt><trkpt lat="37.007173" lon="126.946825"><time>2026-10-03T02:38:06.001Z</time><ele>24.85</ele></trkpt><trkpt lat="37.007031" lon="126.946749"><time>2026-10-03T02:38:07.001Z</time><ele>24.38</ele></trkpt><trkpt lat="37.006888" lon="126.946675"><time>2026-10-03T02:38:08.001Z</time><ele>24.67</ele></trkpt><trkpt lat="37.00675" lon="126.946607"><time>2026-10-03T02:38:09.001Z</time><ele>24.33</ele></trkpt><trkpt lat="37.006609" lon="126.946537"><time>2026-10-03T02:38:10.001Z</time><ele>24.7</ele></trkpt><trkpt lat="37.006461" lon="126.946464"><time>2026-10-03T02:38:11.001Z</time><ele>24.44</ele></trkpt><trkpt lat="37.00631" lon="126.946389"><time>2026-10-03T02:38:12.001Z</time><ele>24.51</ele></trkpt><trkpt lat="37.006153" lon="126.946311"><time>2026-10-03T02:38:13.001Z</time><ele>24.16</ele></trkpt><trkpt lat="37.00599" lon="126.946231"><time>2026-10-03T02:38:14.001Z</time><ele>24.7</ele></trkpt><trkpt lat="37.005818" lon="126.946146"><time>2026-10-03T02:38:15.001Z</time><ele>25.04</ele></trkpt><trkpt lat="37.005642" lon="126.946059"><time>2026-10-03T02:38:16.001Z</time><ele>25.14</ele></trkpt><trkpt lat="37.005468" lon="126.945994"><time>2026-10-03T02:38:17.001Z</time><ele>25.68</ele></trkpt><trkpt lat="37.005306" lon="126.945908"><time>2026-10-03T02:38:18.001Z</time><ele>25.04</ele></trkpt><trkpt lat="37.005138" lon="126.945824"><time>2026-10-03T02:38:19.001Z</time><ele>25.42</ele></trkpt><trkpt lat="37.004978" lon="126.945741"><time>2026-10-03T02:38:20.001Z</time><ele>25.27</ele></trkpt><trkpt lat="37.004813" lon="126.945656"><time>2026-10-03T02:38:21.001Z</time><ele>25.12</ele></trkpt><trkpt lat="37.004642" lon="126.945569"><time>2026-10-03T02:38:22.001Z</time><ele>24.98</ele></trkpt><trkpt lat="37.004479" lon="126.945484"><time>2026-10-03T02:38:23.001Z</time><ele>25.04</ele></trkpt><trkpt lat="37.004318" lon="126.945399"><time>2026-10-03T02:38:24.001Z</time><ele>25.03</ele></trkpt><trkpt lat="37.004148" lon="126.945316"><time>2026-10-03T02:38:25.001Z</time><ele>24.91</ele></trkpt><trkpt lat="37.003986" lon="126.945236"><time>2026-10-03T02:38:26.001Z</time><ele>25.09</ele></trkpt><trkpt lat="37.003829" lon="126.945154"><time>2026-10-03T02:38:27.001Z</time><ele>25.54</ele></trkpt><trkpt lat="37.003675" lon="126.945074"><time>2026-10-03T02:38:28.001Z</time><ele>26.35</ele></trkpt><trkpt lat="37.003522" lon="126.944994"><time>2026-10-03T02:38:29.001Z</time><ele>26.41</ele></trkpt><trkpt lat="37.003373" lon="126.944917"><time>2026-10-03T02:38:30.001Z</time><ele>26.9</ele></trkpt><trkpt lat="37.003227" lon="126.94484"><time>2026-10-03T02:38:31.001Z</time><ele>27.5</ele></trkpt><trkpt lat="37.003085" lon="126.944763"><time>2026-10-03T02:38:32.001Z</time><ele>28.25</ele></trkpt><trkpt lat="37.00293" lon="126.944693"><time>2026-10-03T02:38:33.001Z</time><ele>28.66</ele></trkpt><trkpt lat="37.002785" lon="126.944624"><time>2026-10-03T02:38:34.001Z</time><ele>29.23</ele></trkpt><trkpt lat="37.002654" lon="126.944555"><time>2026-10-03T02:38:35.001Z</time><ele>29.65</ele></trkpt><trkpt lat="37.002535" lon="126.944494"><time>2026-10-03T02:38:36.001Z</time><ele>30.09</ele></trkpt><trkpt lat="37.002425" lon="126.944437"><time>2026-10-03T02:38:37.001Z</time><ele>30.56</ele></trkpt><trkpt lat="37.002331" lon="126.944386"><time>2026-10-03T02:38:38.001Z</time><ele>30.8</ele></trkpt><trkpt lat="37.002256" lon="126.944347"><time>2026-10-03T02:38:39.001Z</time><ele>30.97</ele></trkpt><trkpt lat="37.002192" lon="126.944314"><time>2026-10-03T02:38:40.001Z</time><ele>31.26</ele></trkpt><trkpt lat="37.002136" lon="126.944287"><time>2026-10-03T02:38:41.001Z</time><ele>31.45</ele></trkpt><trkpt lat="37.002089" lon="126.944263"><time>2026-10-03T02:38:42.001Z</time><ele>31.63</ele></trkpt><trkpt lat="37.002018" lon="126.944227"><time>2026-10-03T02:38:44.000Z</time><ele>31.92</ele></trkpt><trkpt lat="37.001967" lon="126.944202"><time>2026-10-03T02:38:46.000Z</time><ele>31.96</ele></trkpt><trkpt lat="37.001922" lon="126.944185"><time>2026-10-03T02:39:17.000Z</time><ele>33.18</ele></trkpt><trkpt lat="37.00183" lon="126.94414"><time>2026-10-03T02:39:19.000Z</time><ele>33.65</ele></trkpt><trkpt lat="37.001769" lon="126.944106"><time>2026-10-03T02:39:20.000Z</time><ele>33.67</ele></trkpt><trkpt lat="37.001695" lon="126.944072"><time>2026-10-03T02:39:21.000Z</time><ele>33.63</ele></trkpt><trkpt lat="37.001617" lon="126.944036"><time>2026-10-03T02:39:22.000Z</time><ele>33.88</ele></trkpt><trkpt lat="37.001542" lon="126.943998"><time>2026-10-03T02:39:23.000Z</time><ele>34.25</ele></trkpt><trkpt lat="37.001457" lon="126.943958"><time>2026-10-03T02:39:24.000Z</time><ele>34.74</ele></trkpt><trkpt lat="37.001362" lon="126.943912"><time>2026-10-03T02:39:25.000Z</time><ele>35.29</ele></trkpt><trkpt lat="37.001261" lon="126.943861"><time>2026-10-03T02:39:26.000Z</time><ele>35.68</ele></trkpt><trkpt lat="37.001146" lon="126.943802"><time>2026-10-03T02:39:27.000Z</time><ele>35.83</ele></trkpt><trkpt lat="36.999721" lon="126.942765"><time>2026-10-03T02:39:36.000Z</time><ele>34.79</ele></trkpt><trkpt lat="36.999548" lon="126.942576"><time>2026-10-03T02:39:37.000Z</time><ele>34.82</ele></trkpt><trkpt lat="36.999375" lon="126.942372"><time>2026-10-03T02:39:38.000Z</time><ele>34.58</ele></trkpt><trkpt lat="36.999204" lon="126.942159"><time>2026-10-03T02:39:39.000Z</time><ele>34.13</ele></trkpt><trkpt lat="36.999029" lon="126.941946"><time>2026-10-03T02:39:40.000Z</time><ele>33.82</ele></trkpt><trkpt lat="36.998847" lon="126.941729"><time>2026-10-03T02:39:41.000Z</time><ele>33.57</ele></trkpt><trkpt lat="36.998669" lon="126.941514"><time>2026-10-03T02:39:42.000Z</time><ele>33.41</ele></trkpt><trkpt lat="36.998493" lon="126.941304"><time>2026-10-03T02:39:43.000Z</time><ele>33.59</ele></trkpt><trkpt lat="36.99833" lon="126.94111"><time>2026-10-03T02:39:44.000Z</time><ele>33.72</ele></trkpt><trkpt lat="36.998166" lon="126.940913"><time>2026-10-03T02:39:45.000Z</time><ele>35.05</ele></trkpt><trkpt lat="36.998022" lon="126.940724"><time>2026-10-03T02:39:46.000Z</time><ele>35.64</ele></trkpt><trkpt lat="36.99789" lon="126.940541"><time>2026-10-03T02:39:47.000Z</time><ele>36.68</ele></trkpt><trkpt lat="36.997772" lon="126.940366"><time>2026-10-03T02:39:48.000Z</time><ele>37.17</ele></trkpt><trkpt lat="36.997665" lon="126.9402"><time>2026-10-03T02:39:49.000Z</time><ele>38.07</ele></trkpt><trkpt lat="36.997563" lon="126.940051"><time>2026-10-03T02:39:50.000Z</time><ele>38.86</ele></trkpt><trkpt lat="36.997472" lon="126.939908"><time>2026-10-03T02:39:51.000Z</time><ele>39.94</ele></trkpt><trkpt lat="36.997394" lon="126.939768"><time>2026-10-03T02:39:52.000Z</time><ele>40.67</ele></trkpt><trkpt lat="36.997321" lon="126.939634"><time>2026-10-03T02:39:53.000Z</time><ele>41.53</ele></trkpt><trkpt lat="36.997246" lon="126.939498"><time>2026-10-03T02:39:54.000Z</time><ele>41.91</ele></trkpt><trkpt lat="36.997171" lon="126.939355"><time>2026-10-03T02:39:55.000Z</time><ele>42.39</ele></trkpt><trkpt lat="36.997098" lon="126.939206"><time>2026-10-03T02:39:56.000Z</time><ele>42.79</ele></trkpt><trkpt lat="36.997032" lon="126.939071"><time>2026-10-03T02:39:57.000Z</time><ele>43</ele></trkpt><trkpt lat="36.99696" lon="126.938948"><time>2026-10-03T02:39:58.000Z</time><ele>42.81</ele></trkpt><trkpt lat="36.996879" lon="126.93884"><time>2026-10-03T02:39:59.000Z</time><ele>42.63</ele></trkpt><trkpt lat="36.9968" lon="126.938746"><time>2026-10-03T02:40:00.000Z</time><ele>42.85</ele></trkpt><trkpt lat="36.996719" lon="126.938662"><time>2026-10-03T02:40:01.000Z</time><ele>42.58</ele></trkpt><trkpt lat="36.996628" lon="126.938577"><time>2026-10-03T02:40:02.001Z</time><ele>42.74</ele></trkpt><trkpt lat="36.996529" lon="126.938503"><time>2026-10-03T02:40:03.001Z</time><ele>42.42</ele></trkpt><trkpt lat="36.996413" lon="126.938437"><time>2026-10-03T02:40:04.001Z</time><ele>42.49</ele></trkpt><trkpt lat="36.996293" lon="126.938389"><time>2026-10-03T02:40:05.001Z</time><ele>42.4</ele></trkpt><trkpt lat="36.996169" lon="126.938354"><time>2026-10-03T02:40:06.001Z</time><ele>41.99</ele></trkpt><trkpt lat="36.996039" lon="126.93833"><time>2026-10-03T02:40:07.001Z</time><ele>41.57</ele></trkpt><trkpt lat="36.9959" lon="126.938332"><time>2026-10-03T02:40:08.001Z</time><ele>41.13</ele></trkpt><trkpt lat="36.995748" lon="126.938346"><time>2026-10-03T02:40:09.001Z</time><ele>40.46</ele></trkpt><trkpt lat="36.995585" lon="126.938351"><time>2026-10-03T02:40:10.001Z</time><ele>39.93</ele></trkpt><trkpt lat="36.995412" lon="126.938347"><time>2026-10-03T02:40:11.001Z</time><ele>39.6</ele></trkpt><trkpt lat="36.995227" lon="126.938341"><time>2026-10-03T02:40:12.001Z</time><ele>37.68</ele></trkpt><trkpt lat="36.995034" lon="126.938338"><time>2026-10-03T02:40:13.001Z</time><ele>36.27</ele></trkpt><trkpt lat="36.994833" lon="126.938338"><time>2026-10-03T02:40:14.001Z</time><ele>35.27</ele></trkpt><trkpt lat="36.994618" lon="126.93834"><time>2026-10-03T02:40:15.001Z</time><ele>34.39</ele></trkpt><trkpt lat="36.994418" lon="126.938342"><time>2026-10-03T02:40:16.001Z</time><ele>33.16</ele></trkpt><trkpt lat="36.994206" lon="126.93834"><time>2026-10-03T02:40:17.001Z</time><ele>32.22</ele></trkpt><trkpt lat="36.99399" lon="126.938339"><time>2026-10-03T02:40:18.001Z</time><ele>30.92</ele></trkpt><trkpt lat="36.99377" lon="126.938337"><time>2026-10-03T02:40:19.001Z</time><ele>29.84</ele></trkpt><trkpt lat="36.993545" lon="126.938336"><time>2026-10-03T02:40:20.001Z</time><ele>28.07</ele></trkpt><trkpt lat="36.993316" lon="126.938336"><time>2026-10-03T02:40:21.001Z</time><ele>26.64</ele></trkpt><trkpt lat="36.993087" lon="126.938333"><time>2026-10-03T02:40:22.001Z</time><ele>25.6</ele></trkpt><trkpt lat="36.992844" lon="126.938331"><time>2026-10-03T02:40:23.001Z</time><ele>24.89</ele></trkpt><trkpt lat="36.992607" lon="126.938329"><time>2026-10-03T02:40:24.001Z</time><ele>24.27</ele></trkpt><trkpt lat="36.992376" lon="126.93833"><time>2026-10-03T02:40:25.001Z</time><ele>24.14</ele></trkpt><trkpt lat="36.990275" lon="126.938315"><time>2026-10-03T02:40:37.001Z</time><ele>28.9</ele></trkpt><trkpt lat="36.990139" lon="126.938314"><time>2026-10-03T02:40:38.001Z</time><ele>28.58</ele></trkpt><trkpt lat="36.990042" lon="126.938313"><time>2026-10-03T02:40:39.001Z</time><ele>28.11</ele></trkpt><trkpt lat="36.989978" lon="126.93831"><time>2026-10-03T02:40:40.001Z</time><ele>27.75</ele></trkpt><trkpt lat="36.989922" lon="126.93831"><time>2026-10-03T02:40:41.001Z</time><ele>27.32</ele></trkpt><trkpt lat="36.989873" lon="126.93831"><time>2026-10-03T02:40:42.001Z</time><ele>26.95</ele></trkpt><trkpt lat="36.989825" lon="126.93831"><time>2026-10-03T02:40:43.001Z</time><ele>27.07</ele></trkpt><trkpt lat="36.989777" lon="126.93831"><time>2026-10-03T02:40:44.001Z</time><ele>26.94</ele></trkpt><trkpt lat="36.989715" lon="126.93831"><time>2026-10-03T02:40:45.001Z</time><ele>26.82</ele></trkpt><trkpt lat="36.989657" lon="126.93831"><time>2026-10-03T02:40:46.001Z</time><ele>26.79</ele></trkpt><trkpt lat="36.989603" lon="126.93831"><time>2026-10-03T02:40:47.001Z</time><ele>26.65</ele></trkpt><trkpt lat="36.989558" lon="126.938309"><time>2026-10-03T02:40:48.001Z</time><ele>26.61</ele></trkpt><trkpt lat="36.989498" lon="126.938307"><time>2026-10-03T02:40:50.000Z</time><ele>26.42</ele></trkpt><trkpt lat="36.989443" lon="126.938307"><time>2026-10-03T02:40:52.000Z</time><ele>26.14</ele></trkpt><trkpt lat="36.989379" lon="126.938302"><time>2026-10-03T02:40:54.000Z</time><ele>25.84</ele></trkpt><trkpt lat="36.989246" lon="126.9383"><time>2026-10-03T02:40:58.000Z</time><ele>25</ele></trkpt><trkpt lat="36.989185" lon="126.938302"><time>2026-10-03T02:41:00.000Z</time><ele>24.79</ele></trkpt><trkpt lat="36.989136" lon="126.938305"><time>2026-10-03T02:41:05.000Z</time><ele>24.67</ele></trkpt><trkpt lat="36.989075" lon="126.938301"><time>2026-10-03T02:41:07.000Z</time><ele>24.65</ele></trkpt><trkpt lat="36.98901" lon="126.938298"><time>2026-10-03T02:41:09.000Z</time><ele>24.6</ele></trkpt><trkpt lat="36.988941" lon="126.938295"><time>2026-10-03T02:41:11.000Z</time><ele>24.68</ele></trkpt><trkpt lat="36.988881" lon="126.938297"><time>2026-10-03T02:41:13.000Z</time><ele>24.56</ele></trkpt><trkpt lat="36.988813" lon="126.938299"><time>2026-10-03T02:41:15.000Z</time><ele>24.08</ele></trkpt><trkpt lat="36.988744" lon="126.9383"><time>2026-10-03T02:41:22.000Z</time><ele>23.44</ele></trkpt><trkpt lat="36.988695" lon="126.938301"><time>2026-10-03T02:41:24.000Z</time><ele>23.12</ele></trkpt><trkpt lat="36.988647" lon="126.938301"><time>2026-10-03T02:41:26.000Z</time><ele>22.82</ele></trkpt><trkpt lat="36.9886" lon="126.9383"><time>2026-10-03T02:41:28.000Z</time><ele>22.51</ele></trkpt><trkpt lat="36.988547" lon="126.938297"><time>2026-10-03T02:41:30.000Z</time><ele>22.23</ele></trkpt><trkpt lat="36.988485" lon="126.938296"><time>2026-10-03T02:41:32.000Z</time><ele>22.04</ele></trkpt><trkpt lat="36.988431" lon="126.938299"><time>2026-10-03T02:41:35.000Z</time><ele>22.13</ele></trkpt><trkpt lat="36.988382" lon="126.938299"><time>2026-10-03T02:41:38.000Z</time><ele>21.79</ele></trkpt><trkpt lat="36.988329" lon="126.938299"><time>2026-10-03T02:41:41.000Z</time><ele>21.47</ele></trkpt><trkpt lat="36.988263" lon="126.938304"><time>2026-10-03T02:41:47.001Z</time><ele>20.91</ele></trkpt><trkpt lat="36.988201" lon="126.938303"><time>2026-10-03T02:41:50.001Z</time><ele>20.66</ele></trkpt><trkpt lat="36.988149" lon="126.938305"><time>2026-10-03T02:41:53.001Z</time><ele>20.9</ele></trkpt><trkpt lat="36.988097" lon="126.938304"><time>2026-10-03T02:41:56.001Z</time><ele>21.07</ele></trkpt><trkpt lat="36.988047" lon="126.938302"><time>2026-10-03T02:41:59.001Z</time><ele>20.66</ele></trkpt><trkpt lat="36.987997" lon="126.938304"><time>2026-10-03T02:42:02.001Z</time><ele>20.51</ele></trkpt><trkpt lat="36.987951" lon="126.938305"><time>2026-10-03T02:42:06.001Z</time><ele>20.26</ele></trkpt><trkpt lat="36.987887" lon="126.938305"><time>2026-10-03T02:42:10.001Z</time><ele>20.34</ele></trkpt><trkpt lat="36.987837" lon="126.938303"><time>2026-10-03T02:42:13.001Z</time><ele>20.41</ele></trkpt><trkpt lat="36.987772" lon="126.938305"><time>2026-10-03T02:42:21.001Z</time><ele>20.49</ele></trkpt><trkpt lat="36.987727" lon="126.938303"><time>2026-10-03T02:42:23.001Z</time><ele>20.16</ele></trkpt><trkpt lat="36.987681" lon="126.938308"><time>2026-10-03T02:42:27.001Z</time><ele>19.87</ele></trkpt><trkpt lat="36.987618" lon="126.938304"><time>2026-10-03T02:42:30.001Z</time><ele>19.79</ele></trkpt><trkpt lat="36.987571" lon="126.938305"><time>2026-10-03T02:42:33.001Z</time><ele>19.95</ele></trkpt><trkpt lat="36.987384" lon="126.938283"><time>2026-10-03T02:42:58.000Z</time><ele>19.48</ele></trkpt><trkpt lat="36.987338" lon="126.938283"><time>2026-10-03T02:43:00.000Z</time><ele>19.14</ele></trkpt><trkpt lat="36.987285" lon="126.938278"><time>2026-10-03T02:43:03.000Z</time><ele>19.28</ele></trkpt><trkpt lat="36.98724" lon="126.938279"><time>2026-10-03T02:43:06.000Z</time><ele>19.83</ele></trkpt><trkpt lat="36.987175" lon="126.938271"><time>2026-10-03T02:43:42.000Z</time><ele>19.07</ele></trkpt><trkpt lat="36.987064" lon="126.938267"><time>2026-10-03T02:43:54.001Z</time><ele>19.15</ele></trkpt><trkpt lat="36.986781" lon="126.938244"><time>2026-10-03T02:44:09.001Z</time><ele>18.17</ele></trkpt><trkpt lat="36.986722" lon="126.938241"><time>2026-10-03T02:44:26.001Z</time><ele>17.38</ele></trkpt><trkpt lat="36.986657" lon="126.938233"><time>2026-10-03T02:44:29.001Z</time><ele>17.73</ele></trkpt><trkpt lat="36.986464" lon="126.938205"><time>2026-10-03T02:45:08.000Z</time><ele>18.4</ele></trkpt><trkpt lat="36.986408" lon="126.9382"><time>2026-10-03T02:45:09.000Z</time><ele>18.33</ele></trkpt><trkpt lat="36.98635" lon="126.938194"><time>2026-10-03T02:45:10.000Z</time><ele>18.48</ele></trkpt><trkpt lat="36.986289" lon="126.938187"><time>2026-10-03T02:45:11.000Z</time><ele>18.63</ele></trkpt><trkpt lat="36.986234" lon="126.938179"><time>2026-10-03T02:45:12.000Z</time><ele>18.27</ele></trkpt><trkpt lat="36.986178" lon="126.938172"><time>2026-10-03T02:45:13.000Z</time><ele>18.11</ele></trkpt><trkpt lat="36.986128" lon="126.938163"><time>2026-10-03T02:45:14.000Z</time><ele>18.39</ele></trkpt><trkpt lat="36.986035" lon="126.938146"><time>2026-10-03T02:45:16.000Z</time><ele>18.18</ele></trkpt><trkpt lat="36.985982" lon="126.938139"><time>2026-10-03T02:45:17.000Z</time><ele>18.27</ele></trkpt><trkpt lat="36.985925" lon="126.938131"><time>2026-10-03T02:45:18.000Z</time><ele>18.19</ele></trkpt><trkpt lat="36.985877" lon="126.938123"><time>2026-10-03T02:45:19.000Z</time><ele>17.84</ele></trkpt><trkpt lat="36.985827" lon="126.938113"><time>2026-10-03T02:45:20.000Z</time><ele>17.84</ele></trkpt><trkpt lat="36.985773" lon="126.938091"><time>2026-10-03T02:45:21.000Z</time><ele>17.9</ele></trkpt><trkpt lat="36.985703" lon="126.938055"><time>2026-10-03T02:45:22.000Z</time><ele>17.56</ele></trkpt><trkpt lat="36.985613" lon="126.938043"><time>2026-10-03T02:45:23.000Z</time><ele>17.51</ele></trkpt><trkpt lat="36.985513" lon="126.938022"><time>2026-10-03T02:45:24.000Z</time><ele>17.75</ele></trkpt><trkpt lat="36.985413" lon="126.938"><time>2026-10-03T02:45:25.000Z</time><ele>17.91</ele></trkpt><trkpt lat="36.985317" lon="126.937978"><time>2026-10-03T02:45:26.000Z</time><ele>18.05</ele></trkpt><trkpt lat="36.985228" lon="126.937962"><time>2026-10-03T02:45:27.000Z</time><ele>17.71</ele></trkpt><trkpt lat="36.984339" lon="126.937734"><time>2026-10-03T02:45:34.000Z</time><ele>18.54</ele></trkpt><trkpt lat="36.983839" lon="126.937577"><time>2026-10-03T02:45:37.000Z</time><ele>19.1</ele></trkpt><trkpt lat="36.983689" lon="126.937523"><time>2026-10-03T02:45:38.000Z</time><ele>19.12</ele></trkpt><trkpt lat="36.983548" lon="126.93747"><time>2026-10-03T02:45:39.000Z</time><ele>18.7</ele></trkpt><trkpt lat="36.983418" lon="126.937425"><time>2026-10-03T02:45:40.000Z</time><ele>18.85</ele></trkpt><trkpt lat="36.983281" lon="126.937376"><time>2026-10-03T02:45:41.000Z</time><ele>18.58</ele></trkpt><trkpt lat="36.983155" lon="126.937324"><time>2026-10-03T02:45:42.000Z</time><ele>18.62</ele></trkpt><trkpt lat="36.983039" lon="126.937278"><time>2026-10-03T02:45:43.000Z</time><ele>18.23</ele></trkpt><trkpt lat="36.982914" lon="126.937225"><time>2026-10-03T02:45:44.000Z</time><ele>18.12</ele></trkpt><trkpt lat="36.982797" lon="126.937174"><time>2026-10-03T02:45:45.000Z</time><ele>18.1</ele></trkpt><trkpt lat="36.982685" lon="126.937126"><time>2026-10-03T02:45:46.000Z</time><ele>17.58</ele></trkpt><trkpt lat="36.982594" lon="126.937087"><time>2026-10-03T02:45:47.000Z</time><ele>17.64</ele></trkpt><trkpt lat="36.982519" lon="126.937049"><time>2026-10-03T02:45:48.000Z</time><ele>17.62</ele></trkpt><trkpt lat="36.982424" lon="126.937003"><time>2026-10-03T02:45:49.000Z</time><ele>18.17</ele></trkpt><trkpt lat="36.982329" lon="126.936958"><time>2026-10-03T02:45:50.000Z</time><ele>18.15</ele></trkpt><trkpt lat="36.982242" lon="126.936919"><time>2026-10-03T02:45:51.001Z</time><ele>17.98</ele></trkpt><trkpt lat="36.982159" lon="126.936883"><time>2026-10-03T02:45:52.001Z</time><ele>17.97</ele></trkpt><trkpt lat="36.982045" lon="126.936856"><time>2026-10-03T02:45:53.001Z</time><ele>18.82</ele></trkpt><trkpt lat="36.981938" lon="126.936822"><time>2026-10-03T02:45:54.001Z</time><ele>19.15</ele></trkpt><trkpt lat="36.981867" lon="126.936787"><time>2026-10-03T02:45:55.001Z</time><ele>18.88</ele></trkpt><trkpt lat="36.981802" lon="126.936755"><time>2026-10-03T02:45:56.001Z</time><ele>18.93</ele></trkpt><trkpt lat="36.981747" lon="126.936726"><time>2026-10-03T02:45:57.001Z</time><ele>19.18</ele></trkpt><trkpt lat="36.981696" lon="126.936704"><time>2026-10-03T02:45:58.001Z</time><ele>19.46</ele></trkpt><trkpt lat="36.981651" lon="126.936686"><time>2026-10-03T02:45:59.001Z</time><ele>19.6</ele></trkpt><trkpt lat="36.981585" lon="126.936659"><time>2026-10-03T02:46:01.001Z</time><ele>19.41</ele></trkpt><trkpt lat="36.981538" lon="126.93664"><time>2026-10-03T02:46:08.001Z</time><ele>20.23</ele></trkpt><trkpt lat="36.981483" lon="126.936613"><time>2026-10-03T02:46:59.001Z</time><ele>25.4</ele></trkpt><trkpt lat="36.981423" lon="126.936587"><time>2026-10-03T02:47:00.001Z</time><ele>25.48</ele></trkpt><trkpt lat="36.981337" lon="126.936545"><time>2026-10-03T02:47:01.001Z</time><ele>25.16</ele></trkpt><trkpt lat="36.981228" lon="126.936495"><time>2026-10-03T02:47:02.001Z</time><ele>25.76</ele></trkpt><trkpt lat="36.98111" lon="126.93644"><time>2026-10-03T02:47:03.001Z</time><ele>25.16</ele></trkpt><trkpt lat="36.980998" lon="126.93639"><time>2026-10-03T02:47:04.001Z</time><ele>24.85</ele></trkpt><trkpt lat="36.980892" lon="126.936344"><time>2026-10-03T02:47:05.001Z</time><ele>24.45</ele></trkpt><trkpt lat="36.980779" lon="126.936294"><time>2026-10-03T02:47:06.001Z</time><ele>24.12</ele></trkpt><trkpt lat="36.98066" lon="126.936241"><time>2026-10-03T02:47:07.000Z</time><ele>23.82</ele></trkpt><trkpt lat="36.980536" lon="126.936186"><time>2026-10-03T02:47:08.000Z</time><ele>23.56</ele></trkpt><trkpt lat="36.980408" lon="126.936129"><time>2026-10-03T02:47:09.000Z</time><ele>23.52</ele></trkpt><trkpt lat="36.980277" lon="126.936071"><time>2026-10-03T02:47:10.000Z</time><ele>22.58</ele></trkpt><trkpt lat="36.980136" lon="126.936005"><time>2026-10-03T02:47:11.000Z</time><ele>22.13</ele></trkpt><trkpt lat="36.979996" lon="126.935941"><time>2026-10-03T02:47:12.000Z</time><ele>22.22</ele></trkpt><trkpt lat="36.979851" lon="126.935877"><time>2026-10-03T02:47:13.000Z</time><ele>21.7</ele></trkpt><trkpt lat="36.9797" lon="126.935806"><time>2026-10-03T02:47:14.000Z</time><ele>21.35</ele></trkpt><trkpt lat="36.979548" lon="126.935742"><time>2026-10-03T02:47:15.000Z</time><ele>21.34</ele></trkpt><trkpt lat="36.979393" lon="126.935675"><time>2026-10-03T02:47:16.000Z</time><ele>20.89</ele></trkpt><trkpt lat="36.979232" lon="126.935604"><time>2026-10-03T02:47:17.000Z</time><ele>20.8</ele></trkpt><trkpt lat="36.979065" lon="126.935528"><time>2026-10-03T02:47:18.000Z</time><ele>20.69</ele></trkpt><trkpt lat="36.978903" lon="126.935459"><time>2026-10-03T02:47:19.000Z</time><ele>20.24</ele></trkpt><trkpt lat="36.978743" lon="126.935396"><time>2026-10-03T02:47:20.000Z</time><ele>20.17</ele></trkpt><trkpt lat="36.978576" lon="126.935336"><time>2026-10-03T02:47:21.000Z</time><ele>20.12</ele></trkpt><trkpt lat="36.978409" lon="126.935266"><time>2026-10-03T02:47:22.000Z</time><ele>20.3</ele></trkpt><trkpt lat="36.978242" lon="126.935188"><time>2026-10-03T02:47:23.000Z</time><ele>20.07</ele></trkpt><trkpt lat="36.978071" lon="126.935112"><time>2026-10-03T02:47:24.000Z</time><ele>20.03</ele></trkpt><trkpt lat="36.977898" lon="126.935033"><time>2026-10-03T02:47:25.000Z</time><ele>19.9</ele></trkpt><trkpt lat="36.977722" lon="126.934955"><time>2026-10-03T02:47:26.000Z</time><ele>19.83</ele></trkpt><trkpt lat="36.977542" lon="126.934875"><time>2026-10-03T02:47:27.000Z</time><ele>19.63</ele></trkpt><trkpt lat="36.977354" lon="126.934793"><time>2026-10-03T02:47:28.000Z</time><ele>19.75</ele></trkpt><trkpt lat="36.977165" lon="126.93471"><time>2026-10-03T02:47:29.000Z</time><ele>19.28</ele></trkpt><trkpt lat="36.976976" lon="126.934626"><time>2026-10-03T02:47:30.000Z</time><ele>18.97</ele></trkpt><trkpt lat="36.976793" lon="126.934546"><time>2026-10-03T02:47:31.000Z</time><ele>18.62</ele></trkpt><trkpt lat="36.976618" lon="126.934473"><time>2026-10-03T02:47:32.000Z</time><ele>18.42</ele></trkpt><trkpt lat="36.976445" lon="126.934396"><time>2026-10-03T02:47:33.000Z</time><ele>18.29</ele></trkpt><trkpt lat="36.976278" lon="126.934321"><time>2026-10-03T02:47:34.000Z</time><ele>17.94</ele></trkpt><trkpt lat="36.976112" lon="126.934249"><time>2026-10-03T02:47:35.000Z</time><ele>17.77</ele></trkpt><trkpt lat="36.975949" lon="126.934178"><time>2026-10-03T02:47:36.000Z</time><ele>17.42</ele></trkpt><trkpt lat="36.975785" lon="126.934105"><time>2026-10-03T02:47:37.000Z</time><ele>17.24</ele></trkpt><trkpt lat="36.975624" lon="126.934031"><time>2026-10-03T02:47:38.000Z</time><ele>16.47</ele></trkpt><trkpt lat="36.975468" lon="126.93396"><time>2026-10-03T02:47:39.000Z</time><ele>15.94</ele></trkpt><trkpt lat="36.975316" lon="126.933889"><time>2026-10-03T02:47:40.000Z</time><ele>15.5</ele></trkpt><trkpt lat="36.975171" lon="126.933822"><time>2026-10-03T02:47:41.000Z</time><ele>15.76</ele></trkpt><trkpt lat="36.975029" lon="126.933756"><time>2026-10-03T02:47:42.000Z</time><ele>15.86</ele></trkpt><trkpt lat="36.974883" lon="126.933684"><time>2026-10-03T02:47:43.000Z</time><ele>16.03</ele></trkpt><trkpt lat="36.974735" lon="126.933612"><time>2026-10-03T02:47:44.000Z</time><ele>16</ele></trkpt><trkpt lat="36.974583" lon="126.933537"><time>2026-10-03T02:47:45.000Z</time><ele>15.73</ele></trkpt><trkpt lat="36.974429" lon="126.93346"><time>2026-10-03T02:47:46.000Z</time><ele>15.49</ele></trkpt><trkpt lat="36.974277" lon="126.933381"><time>2026-10-03T02:47:47.000Z</time><ele>15.17</ele></trkpt><trkpt lat="36.974126" lon="126.933303"><time>2026-10-03T02:47:48.000Z</time><ele>15.52</ele></trkpt><trkpt lat="36.973974" lon="126.933222"><time>2026-10-03T02:47:49.000Z</time><ele>15.87</ele></trkpt><trkpt lat="36.973822" lon="126.933138"><time>2026-10-03T02:47:50.000Z</time><ele>15.85</ele></trkpt><trkpt lat="36.973669" lon="126.933059"><time>2026-10-03T02:47:51.000Z</time><ele>15.73</ele></trkpt><trkpt lat="36.973522" lon="126.932979"><time>2026-10-03T02:47:52.000Z</time><ele>15.49</ele></trkpt><trkpt lat="36.973375" lon="126.932897"><time>2026-10-03T02:47:53.000Z</time><ele>15.46</ele></trkpt><trkpt lat="36.97323" lon="126.93281"><time>2026-10-03T02:47:54.000Z</time><ele>15.77</ele></trkpt><trkpt lat="36.973083" lon="126.932725"><time>2026-10-03T02:47:55.000Z</time><ele>15.62</ele></trkpt><trkpt lat="36.972939" lon="126.932643"><time>2026-10-03T02:47:56.000Z</time><ele>15.63</ele></trkpt><trkpt lat="36.972792" lon="126.932558"><time>2026-10-03T02:47:57.000Z</time><ele>15.84</ele></trkpt><trkpt lat="36.972645" lon="126.932469"><time>2026-10-03T02:47:58.001Z</time><ele>15.7</ele></trkpt><trkpt lat="36.972497" lon="126.932381"><time>2026-10-03T02:47:59.001Z</time><ele>15.49</ele></trkpt><trkpt lat="36.97235" lon="126.932292"><time>2026-10-03T02:48:00.001Z</time><ele>15.6</ele></trkpt><trkpt lat="36.9722" lon="126.932204"><time>2026-10-03T02:48:01.001Z</time><ele>15.49</ele></trkpt><trkpt lat="36.972053" lon="126.932113"><time>2026-10-03T02:48:02.001Z</time><ele>15.64</ele></trkpt><trkpt lat="36.971904" lon="126.932019"><time>2026-10-03T02:48:03.001Z</time><ele>15.83</ele></trkpt><trkpt lat="36.971753" lon="126.931922"><time>2026-10-03T02:48:04.001Z</time><ele>15.94</ele></trkpt><trkpt lat="36.971599" lon="126.931826"><time>2026-10-03T02:48:05.001Z</time><ele>16.33</ele></trkpt><trkpt lat="36.971441" lon="126.931726"><time>2026-10-03T02:48:06.001Z</time><ele>16.24</ele></trkpt><trkpt lat="36.971281" lon="126.931627"><time>2026-10-03T02:48:07.001Z</time><ele>16.15</ele></trkpt><trkpt lat="36.97112" lon="126.931526"><time>2026-10-03T02:48:08.001Z</time><ele>16.15</ele></trkpt><trkpt lat="36.970959" lon="126.931429"><time>2026-10-03T02:48:09.001Z</time><ele>16.43</ele></trkpt><trkpt lat="36.970799" lon="126.931329"><time>2026-10-03T02:48:10.001Z</time><ele>16.26</ele></trkpt><trkpt lat="36.970639" lon="126.931228"><time>2026-10-03T02:48:11.001Z</time><ele>16.39</ele></trkpt><trkpt lat="36.970481" lon="126.931129"><time>2026-10-03T02:48:12.001Z</time><ele>17.23</ele></trkpt><trkpt lat="36.97032" lon="126.931026"><time>2026-10-03T02:48:13.001Z</time><ele>16.33</ele></trkpt><trkpt lat="36.970158" lon="126.930921"><time>2026-10-03T02:48:14.001Z</time><ele>15.97</ele></trkpt><trkpt lat="36.969995" lon="126.930814"><time>2026-10-03T02:48:15.001Z</time><ele>15.94</ele></trkpt><trkpt lat="36.969828" lon="126.930712"><time>2026-10-03T02:48:16.001Z</time><ele>15.59</ele></trkpt><trkpt lat="36.969662" lon="126.93061"><time>2026-10-03T02:48:17.001Z</time><ele>15.57</ele></trkpt><trkpt lat="36.969495" lon="126.930503"><time>2026-10-03T02:48:18.001Z</time><ele>15.63</ele></trkpt><trkpt lat="36.969329" lon="126.930398"><time>2026-10-03T02:48:19.001Z</time><ele>15.66</ele></trkpt><trkpt lat="36.969161" lon="126.930292"><time>2026-10-03T02:48:20.001Z</time><ele>15.8</ele></trkpt><trkpt lat="36.968993" lon="126.930191"><time>2026-10-03T02:48:21.001Z</time><ele>16.02</ele></trkpt><trkpt lat="36.968827" lon="126.930087"><time>2026-10-03T02:48:22.001Z</time><ele>16.08</ele></trkpt><trkpt lat="36.968663" lon="126.929981"><time>2026-10-03T02:48:23.001Z</time><ele>16.41</ele></trkpt><trkpt lat="36.968498" lon="126.929881"><time>2026-10-03T02:48:24.001Z</time><ele>15.82</ele></trkpt><trkpt lat="36.968334" lon="126.929782"><time>2026-10-03T02:48:25.001Z</time><ele>15.4</ele></trkpt><trkpt lat="36.968171" lon="126.929681"><time>2026-10-03T02:48:26.001Z</time><ele>15.95</ele></trkpt><trkpt lat="36.968009" lon="126.92958"><time>2026-10-03T02:48:27.001Z</time><ele>16.22</ele></trkpt><trkpt lat="36.967847" lon="126.929479"><time>2026-10-03T02:48:28.001Z</time><ele>15.42</ele></trkpt><trkpt lat="36.967685" lon="126.929379"><time>2026-10-03T02:48:29.001Z</time><ele>15.71</ele></trkpt><trkpt lat="36.967522" lon="126.929277"><time>2026-10-03T02:48:30.001Z</time><ele>16.31</ele></trkpt><trkpt lat="36.967358" lon="126.929173"><time>2026-10-03T02:48:31.001Z</time><ele>16.68</ele></trkpt><trkpt lat="36.967189" lon="126.929066"><time>2026-10-03T02:48:32.001Z</time><ele>16.64</ele></trkpt><trkpt lat="36.967023" lon="126.928961"><time>2026-10-03T02:48:33.001Z</time><ele>16.71</ele></trkpt><trkpt lat="36.966857" lon="126.92886"><time>2026-10-03T02:48:34.001Z</time><ele>16.89</ele></trkpt><trkpt lat="36.966689" lon="126.928751"><time>2026-10-03T02:48:35.001Z</time><ele>16.6</ele></trkpt><trkpt lat="36.966507" lon="126.928638"><time>2026-10-03T02:48:36.001Z</time><ele>17.09</ele></trkpt><trkpt lat="36.966313" lon="126.928515"><time>2026-10-03T02:48:37.001Z</time><ele>17.3</ele></trkpt><trkpt lat="36.966119" lon="126.928396"><time>2026-10-03T02:48:38.001Z</time><ele>16.73</ele></trkpt><trkpt lat="36.965937" lon="126.928284"><time>2026-10-03T02:48:39.001Z</time><ele>15.69</ele></trkpt><trkpt lat="36.96576" lon="126.928179"><time>2026-10-03T02:48:40.001Z</time><ele>15.91</ele></trkpt><trkpt lat="36.965595" lon="126.928073"><time>2026-10-03T02:48:41.001Z</time><ele>15.63</ele></trkpt><trkpt lat="36.965439" lon="126.927973"><time>2026-10-03T02:48:42.001Z</time><ele>15.28</ele></trkpt><trkpt lat="36.965286" lon="126.927878"><time>2026-10-03T02:48:43.001Z</time><ele>14.94</ele></trkpt><trkpt lat="36.965126" lon="126.92778"><time>2026-10-03T02:48:44.001Z</time><ele>14.49</ele></trkpt><trkpt lat="36.964963" lon="126.92768"><time>2026-10-03T02:48:45.001Z</time><ele>14.1</ele></trkpt><trkpt lat="36.964794" lon="126.927572"><time>2026-10-03T02:48:46.001Z</time><ele>13.83</ele></trkpt><trkpt lat="36.964633" lon="126.927469"><time>2026-10-03T02:48:47.001Z</time><ele>13.52</ele></trkpt><trkpt lat="36.96448" lon="126.927375"><time>2026-10-03T02:48:48.001Z</time><ele>12.73</ele></trkpt><trkpt lat="36.964335" lon="126.927284"><time>2026-10-03T02:48:49.001Z</time><ele>12.71</ele></trkpt><trkpt lat="36.964199" lon="126.927198"><time>2026-10-03T02:48:50.001Z</time><ele>12.44</ele></trkpt><trkpt lat="36.964072" lon="126.927121"><time>2026-10-03T02:48:51.001Z</time><ele>12.21</ele></trkpt><trkpt lat="36.963955" lon="126.92705"><time>2026-10-03T02:48:52.001Z</time><ele>11.36</ele></trkpt><trkpt lat="36.963847" lon="126.92698"><time>2026-10-03T02:48:53.001Z</time><ele>11.37</ele></trkpt><trkpt lat="36.963751" lon="126.92692"><time>2026-10-03T02:48:54.001Z</time><ele>10.82</ele></trkpt><trkpt lat="36.963658" lon="126.926862"><time>2026-10-03T02:48:55.001Z</time><ele>10.91</ele></trkpt><trkpt lat="36.963571" lon="126.926807"><time>2026-10-03T02:48:56.001Z</time><ele>10.73</ele></trkpt><trkpt lat="36.963489" lon="126.926756"><time>2026-10-03T02:48:57.001Z</time><ele>10.35</ele></trkpt><trkpt lat="36.963409" lon="126.926704"><time>2026-10-03T02:48:58.001Z</time><ele>10.57</ele></trkpt><trkpt lat="36.963328" lon="126.926652"><time>2026-10-03T02:48:59.001Z</time><ele>10.76</ele></trkpt><trkpt lat="36.963248" lon="126.926601"><time>2026-10-03T02:49:00.001Z</time><ele>11.22</ele></trkpt><trkpt lat="36.963183" lon="126.92656"><time>2026-10-03T02:49:01.001Z</time><ele>11.03</ele></trkpt><trkpt lat="36.963124" lon="126.926521"><time>2026-10-03T02:49:02.001Z</time><ele>10.77</ele></trkpt><trkpt lat="36.963074" lon="126.926489"><time>2026-10-03T02:49:03.001Z</time><ele>10.85</ele></trkpt><trkpt lat="36.963024" lon="126.926455"><time>2026-10-03T02:49:04.001Z</time><ele>10.88</ele></trkpt><trkpt lat="36.962966" lon="126.926421"><time>2026-10-03T02:49:05.001Z</time><ele>10.76</ele></trkpt><trkpt lat="36.962914" lon="126.926386"><time>2026-10-03T02:49:06.001Z</time><ele>10.88</ele></trkpt><trkpt lat="36.962852" lon="126.926344"><time>2026-10-03T02:49:07.001Z</time><ele>10.98</ele></trkpt><trkpt lat="36.962779" lon="126.926295"><time>2026-10-03T02:49:08.001Z</time><ele>11.24</ele></trkpt><trkpt lat="36.962701" lon="126.926242"><time>2026-10-03T02:49:09.001Z</time><ele>11.49</ele></trkpt><trkpt lat="36.962611" lon="126.926184"><time>2026-10-03T02:49:10.001Z</time><ele>11.71</ele></trkpt><trkpt lat="36.96252" lon="126.926123"><time>2026-10-03T02:49:11.001Z</time><ele>11.64</ele></trkpt><trkpt lat="36.962429" lon="126.926064"><time>2026-10-03T02:49:12.001Z</time><ele>11.8</ele></trkpt><trkpt lat="36.962326" lon="126.926"><time>2026-10-03T02:49:13.000Z</time><ele>11.73</ele></trkpt><trkpt lat="36.962219" lon="126.925932"><time>2026-10-03T02:49:14.000Z</time><ele>12.01</ele></trkpt><trkpt lat="36.962107" lon="126.925862"><time>2026-10-03T02:49:15.000Z</time><ele>12.25</ele></trkpt><trkpt lat="36.961994" lon="126.92579"><time>2026-10-03T02:49:16.000Z</time><ele>12.51</ele></trkpt><trkpt lat="36.961867" lon="126.925714"><time>2026-10-03T02:49:17.000Z</time><ele>12.74</ele></trkpt><trkpt lat="36.961735" lon="126.925631"><time>2026-10-03T02:49:18.000Z</time><ele>12.79</ele></trkpt><trkpt lat="36.961598" lon="126.925545"><time>2026-10-03T02:49:19.000Z</time><ele>13.06</ele></trkpt><trkpt lat="36.961458" lon="126.925452"><time>2026-10-03T02:49:20.000Z</time><ele>12.79</ele></trkpt><trkpt lat="36.961317" lon="126.925358"><time>2026-10-03T02:49:21.000Z</time><ele>12.62</ele></trkpt><trkpt lat="36.961174" lon="126.925259"><time>2026-10-03T02:49:22.000Z</time><ele>12.48</ele></trkpt><trkpt lat="36.961038" lon="126.92516"><time>2026-10-03T02:49:23.000Z</time><ele>12.63</ele></trkpt><trkpt lat="36.960902" lon="126.925057"><time>2026-10-03T02:49:24.000Z</time><ele>12.66</ele></trkpt><trkpt lat="36.960771" lon="126.924934"><time>2026-10-03T02:49:25.000Z</time><ele>12.63</ele></trkpt><trkpt lat="36.960636" lon="126.924807"><time>2026-10-03T02:49:26.000Z</time><ele>12.5</ele></trkpt><trkpt lat="36.960503" lon="126.924674"><time>2026-10-03T02:49:27.000Z</time><ele>12.27</ele></trkpt><trkpt lat="36.960371" lon="126.924537"><time>2026-10-03T02:49:28.000Z</time><ele>12.31</ele></trkpt><trkpt lat="36.960242" lon="126.924395"><time>2026-10-03T02:49:29.000Z</time><ele>11.92</ele></trkpt><trkpt lat="36.960119" lon="126.924251"><time>2026-10-03T02:49:30.000Z</time><ele>11.68</ele></trkpt><trkpt lat="36.959997" lon="126.924104"><time>2026-10-03T02:49:31.000Z</time><ele>11.39</ele></trkpt><trkpt lat="36.959873" lon="126.923955"><time>2026-10-03T02:49:32.000Z</time><ele>11.27</ele></trkpt><trkpt lat="36.959752" lon="126.923805"><time>2026-10-03T02:49:33.000Z</time><ele>11.18</ele></trkpt><trkpt lat="36.95963" lon="126.923659"><time>2026-10-03T02:49:34.000Z</time><ele>10.67</ele></trkpt><trkpt lat="36.959513" lon="126.923519"><time>2026-10-03T02:49:35.000Z</time><ele>10.92</ele></trkpt><trkpt lat="36.959401" lon="126.92338"><time>2026-10-03T02:49:36.000Z</time><ele>11.13</ele></trkpt><trkpt lat="36.959291" lon="126.923248"><time>2026-10-03T02:49:37.000Z</time><ele>11.16</ele></trkpt><trkpt lat="36.959188" lon="126.923124"><time>2026-10-03T02:49:38.000Z</time><ele>10.74</ele></trkpt><trkpt lat="36.959088" lon="126.923001"><time>2026-10-03T02:49:39.000Z</time><ele>10.94</ele></trkpt><trkpt lat="36.958987" lon="126.922879"><time>2026-10-03T02:49:40.000Z</time><ele>10.8</ele></trkpt><trkpt lat="36.958893" lon="126.922767"><time>2026-10-03T02:49:41.000Z</time><ele>10.59</ele></trkpt><trkpt lat="36.958802" lon="126.922657"><time>2026-10-03T02:49:42.000Z</time><ele>10.6</ele></trkpt><trkpt lat="36.958713" lon="126.92255"><time>2026-10-03T02:49:43.000Z</time><ele>10.77</ele></trkpt><trkpt lat="36.958626" lon="126.922445"><time>2026-10-03T02:49:44.000Z</time><ele>10.72</ele></trkpt><trkpt lat="36.958537" lon="126.922338"><time>2026-10-03T02:49:45.000Z</time><ele>10.79</ele></trkpt><trkpt lat="36.958446" lon="126.922222"><time>2026-10-03T02:49:46.000Z</time><ele>10.58</ele></trkpt><trkpt lat="36.958351" lon="126.922108"><time>2026-10-03T02:49:47.000Z</time><ele>10.65</ele></trkpt><trkpt lat="36.958262" lon="126.921999"><time>2026-10-03T02:49:48.000Z</time><ele>10.49</ele></trkpt><trkpt lat="36.95818" lon="126.921896"><time>2026-10-03T02:49:49.000Z</time><ele>10.42</ele></trkpt><trkpt lat="36.958103" lon="126.9218"><time>2026-10-03T02:49:50.000Z</time><ele>10.64</ele></trkpt><trkpt lat="36.958026" lon="126.921703"><time>2026-10-03T02:49:51.000Z</time><ele>10.78</ele></trkpt><trkpt lat="36.957957" lon="126.921617"><time>2026-10-03T02:49:52.000Z</time><ele>10.6</ele></trkpt><trkpt lat="36.957895" lon="126.921542"><time>2026-10-03T02:49:53.000Z</time><ele>10.61</ele></trkpt><trkpt lat="36.957837" lon="126.921474"><time>2026-10-03T02:49:54.000Z</time><ele>10.94</ele></trkpt><trkpt lat="36.957786" lon="126.92141"><time>2026-10-03T02:49:55.000Z</time><ele>11.29</ele></trkpt><trkpt lat="36.957741" lon="126.921352"><time>2026-10-03T02:49:56.000Z</time><ele>11.34</ele></trkpt><trkpt lat="36.957701" lon="126.921302"><time>2026-10-03T02:49:57.000Z</time><ele>11.77</ele></trkpt><trkpt lat="36.957639" lon="126.921226"><time>2026-10-03T02:49:59.000Z</time><ele>12.71</ele></trkpt><trkpt lat="36.95759" lon="126.921162"><time>2026-10-03T02:50:01.000Z</time><ele>13.17</ele></trkpt><trkpt lat="36.957527" lon="126.921085"><time>2026-10-03T02:50:03.000Z</time><ele>13.12</ele></trkpt><trkpt lat="36.957477" lon="126.92102"><time>2026-10-03T02:50:05.000Z</time><ele>13.35</ele></trkpt><trkpt lat="36.957432" lon="126.920966"><time>2026-10-03T02:50:07.001Z</time><ele>13.64</ele></trkpt><trkpt lat="36.957362" lon="126.920883"><time>2026-10-03T02:50:09.001Z</time><ele>14.05</ele></trkpt><trkpt lat="36.95731" lon="126.920814"><time>2026-10-03T02:50:10.001Z</time><ele>14.2</ele></trkpt><trkpt lat="36.957249" lon="126.920736"><time>2026-10-03T02:50:11.001Z</time><ele>14.22</ele></trkpt><trkpt lat="36.957193" lon="126.920665"><time>2026-10-03T02:50:12.001Z</time><ele>14.09</ele></trkpt><trkpt lat="36.957143" lon="126.920605"><time>2026-10-03T02:50:13.001Z</time><ele>14.06</ele></trkpt><trkpt lat="36.957093" lon="126.920547"><time>2026-10-03T02:50:14.001Z</time><ele>14.26</ele></trkpt><trkpt lat="36.957039" lon="126.920485"><time>2026-10-03T02:50:15.001Z</time><ele>14.15</ele></trkpt><trkpt lat="36.956991" lon="126.920427"><time>2026-10-03T02:50:16.001Z</time><ele>14.1</ele></trkpt><trkpt lat="36.956941" lon="126.920364"><time>2026-10-03T02:50:17.001Z</time><ele>14.11</ele></trkpt><trkpt lat="36.956887" lon="126.920299"><time>2026-10-03T02:50:18.001Z</time><ele>14.11</ele></trkpt><trkpt lat="36.956827" lon="126.92023"><time>2026-10-03T02:50:19.001Z</time><ele>14.07</ele></trkpt><trkpt lat="36.956766" lon="126.920158"><time>2026-10-03T02:50:20.001Z</time><ele>13.99</ele></trkpt><trkpt lat="36.956701" lon="126.920079"><time>2026-10-03T02:50:21.001Z</time><ele>14.31</ele></trkpt><trkpt lat="36.956157" lon="126.919422"><time>2026-10-03T02:50:29.001Z</time><ele>13.98</ele></trkpt><trkpt lat="36.9561" lon="126.919354"><time>2026-10-03T02:50:30.001Z</time><ele>14.02</ele></trkpt><trkpt lat="36.95605" lon="126.919294"><time>2026-10-03T02:50:31.001Z</time><ele>14.05</ele></trkpt><trkpt lat="36.956005" lon="126.919239"><time>2026-10-03T02:50:32.001Z</time><ele>13.88</ele></trkpt><trkpt lat="36.955963" lon="126.919192"><time>2026-10-03T02:50:33.001Z</time><ele>13.89</ele></trkpt><trkpt lat="36.955931" lon="126.91915"><time>2026-10-03T02:50:34.001Z</time><ele>13.87</ele></trkpt><trkpt lat="36.955881" lon="126.919086"><time>2026-10-03T02:50:36.001Z</time><ele>13.96</ele></trkpt><trkpt lat="36.95584" lon="126.919037"><time>2026-10-03T02:50:38.001Z</time><ele>13.99</ele></trkpt><trkpt lat="36.955778" lon="126.918966"><time>2026-10-03T02:50:47.001Z</time><ele>14.25</ele></trkpt><trkpt lat="36.955742" lon="126.918911"><time>2026-10-03T02:50:48.001Z</time><ele>14.09</ele></trkpt><trkpt lat="36.955697" lon="126.918852"><time>2026-10-03T02:50:49.001Z</time><ele>14.14</ele></trkpt><trkpt lat="36.955655" lon="126.918805"><time>2026-10-03T02:50:50.001Z</time><ele>13.83</ele></trkpt><trkpt lat="36.955614" lon="126.918758"><time>2026-10-03T02:50:51.001Z</time><ele>13.87</ele></trkpt><trkpt lat="36.955576" lon="126.918713"><time>2026-10-03T02:50:52.001Z</time><ele>13.9</ele></trkpt><trkpt lat="36.955543" lon="126.918674"><time>2026-10-03T02:50:53.001Z</time><ele>13.78</ele></trkpt><trkpt lat="36.955483" lon="126.9186"><time>2026-10-03T02:50:55.001Z</time><ele>13.76</ele></trkpt><trkpt lat="36.955434" lon="126.918537"><time>2026-10-03T02:50:57.001Z</time><ele>13.86</ele></trkpt><trkpt lat="36.955395" lon="126.918496"><time>2026-10-03T02:50:59.001Z</time><ele>13.85</ele></trkpt><trkpt lat="36.955351" lon="126.918442"><time>2026-10-03T02:51:02.001Z</time><ele>13.72</ele></trkpt><trkpt lat="36.955314" lon="126.918401"><time>2026-10-03T02:51:35.000Z</time><ele>18.42</ele></trkpt><trkpt lat="36.955281" lon="126.918356"><time>2026-10-03T02:51:36.000Z</time><ele>18.49</ele></trkpt><trkpt lat="36.955244" lon="126.918306"><time>2026-10-03T02:51:37.000Z</time><ele>17.95</ele></trkpt><trkpt lat="36.955207" lon="126.918261"><time>2026-10-03T02:51:38.000Z</time><ele>17.76</ele></trkpt><trkpt lat="36.955169" lon="126.918211"><time>2026-10-03T02:51:39.000Z</time><ele>17.39</ele></trkpt><trkpt lat="36.955121" lon="126.918153"><time>2026-10-03T02:51:40.000Z</time><ele>17.31</ele></trkpt><trkpt lat="36.955068" lon="126.91809"><time>2026-10-03T02:51:41.000Z</time><ele>17.19</ele></trkpt><trkpt lat="36.955018" lon="126.918028"><time>2026-10-03T02:51:42.000Z</time><ele>17.2</ele></trkpt><trkpt lat="36.954966" lon="126.917964"><time>2026-10-03T02:51:43.000Z</time><ele>17.06</ele></trkpt><trkpt lat="36.954911" lon="126.917899"><time>2026-10-03T02:51:44.000Z</time><ele>16.96</ele></trkpt><trkpt lat="36.954859" lon="126.917836"><time>2026-10-03T02:51:45.000Z</time><ele>16.88</ele></trkpt><trkpt lat="36.954807" lon="126.917771"><time>2026-10-03T02:51:46.000Z</time><ele>16.76</ele></trkpt><trkpt lat="36.954756" lon="126.917709"><time>2026-10-03T02:51:47.000Z</time><ele>16.55</ele></trkpt><trkpt lat="36.954707" lon="126.917648"><time>2026-10-03T02:51:48.000Z</time><ele>16.12</ele></trkpt><trkpt lat="36.954659" lon="126.917589"><time>2026-10-03T02:51:49.000Z</time><ele>15.91</ele></trkpt><trkpt lat="36.954611" lon="126.917532"><time>2026-10-03T02:51:50.000Z</time><ele>15.74</ele></trkpt><trkpt lat="36.954565" lon="126.917475"><time>2026-10-03T02:51:51.000Z</time><ele>15.51</ele></trkpt><trkpt lat="36.954517" lon="126.917417"><time>2026-10-03T02:51:52.000Z</time><ele>15.24</ele></trkpt><trkpt lat="36.954475" lon="126.917367"><time>2026-10-03T02:51:53.000Z</time><ele>15</ele></trkpt><trkpt lat="36.954433" lon="126.917314"><time>2026-10-03T02:51:54.000Z</time><ele>14.93</ele></trkpt><trkpt lat="36.954393" lon="126.917263"><time>2026-10-03T02:51:55.000Z</time><ele>14.85</ele></trkpt><trkpt lat="36.954351" lon="126.917213"><time>2026-10-03T02:51:56.000Z</time><ele>14.82</ele></trkpt><trkpt lat="36.954309" lon="126.917163"><time>2026-10-03T02:51:57.000Z</time><ele>14.51</ele></trkpt><trkpt lat="36.954274" lon="126.91712"><time>2026-10-03T02:51:58.000Z</time><ele>14.3</ele></trkpt><trkpt lat="36.954236" lon="126.917075"><time>2026-10-03T02:51:59.000Z</time><ele>14.22</ele></trkpt><trkpt lat="36.954203" lon="126.917035"><time>2026-10-03T02:52:00.000Z</time><ele>14.13</ele></trkpt><trkpt lat="36.954168" lon="126.916991"><time>2026-10-03T02:52:01.000Z</time><ele>14.05</ele></trkpt><trkpt lat="36.954108" lon="126.916918"><time>2026-10-03T02:52:03.000Z</time><ele>14.11</ele></trkpt><trkpt lat="36.954046" lon="126.916841"><time>2026-10-03T02:52:05.000Z</time><ele>14.19</ele></trkpt><trkpt lat="36.953987" lon="126.916772"><time>2026-10-03T02:52:07.000Z</time><ele>13.97</ele></trkpt><trkpt lat="36.953928" lon="126.916705"><time>2026-10-03T02:52:09.001Z</time><ele>13.93</ele></trkpt><trkpt lat="36.953867" lon="126.916631"><time>2026-10-03T02:52:11.001Z</time><ele>13.64</ele></trkpt><trkpt lat="36.953831" lon="126.916587"><time>2026-10-03T02:52:12.001Z</time><ele>13.62</ele></trkpt><trkpt lat="36.953794" lon="126.916537"><time>2026-10-03T02:52:13.001Z</time><ele>13.43</ele></trkpt><trkpt lat="36.953754" lon="126.91649"><time>2026-10-03T02:52:14.001Z</time><ele>13.45</ele></trkpt><trkpt lat="36.953719" lon="126.916446"><time>2026-10-03T02:52:15.001Z</time><ele>13.13</ele></trkpt><trkpt lat="36.953686" lon="126.916408"><time>2026-10-03T02:52:16.001Z</time><ele>13.15</ele></trkpt><trkpt lat="36.953637" lon="126.916352"><time>2026-10-03T02:52:18.001Z</time><ele>12.95</ele></trkpt><trkpt lat="36.9536" lon="126.916307"><time>2026-10-03T02:52:20.001Z</time><ele>12.89</ele></trkpt><trkpt lat="36.953564" lon="126.916263"><time>2026-10-03T02:52:22.001Z</time><ele>12.76</ele></trkpt><trkpt lat="36.953536" lon="126.916217"><time>2026-10-03T02:53:13.001Z</time><ele>15.56</ele></trkpt><trkpt lat="36.953489" lon="126.916157"><time>2026-10-03T02:53:15.001Z</time><ele>15.96</ele></trkpt><trkpt lat="36.953427" lon="126.916082"><time>2026-10-03T02:53:17.001Z</time><ele>15.76</ele></trkpt><trkpt lat="36.953388" lon="126.916036"><time>2026-10-03T02:53:18.001Z</time><ele>15.6</ele></trkpt><trkpt lat="36.953194" lon="126.9158"><time>2026-10-03T02:53:22.002Z</time><ele>14.76</ele></trkpt><trkpt lat="36.95315" lon="126.915742"><time>2026-10-03T02:53:23.002Z</time><ele>14.72</ele></trkpt><trkpt lat="36.953104" lon="126.915683"><time>2026-10-03T02:53:24.002Z</time><ele>14.61</ele></trkpt><trkpt lat="36.953051" lon="126.91562"><time>2026-10-03T02:53:25.000Z</time><ele>14.48</ele></trkpt><trkpt lat="36.95299" lon="126.915549"><time>2026-10-03T02:53:26.000Z</time><ele>14.44</ele></trkpt><trkpt lat="36.952938" lon="126.915482"><time>2026-10-03T02:53:27.000Z</time><ele>14.09</ele></trkpt><trkpt lat="36.952886" lon="126.915415"><time>2026-10-03T02:53:28.000Z</time><ele>14.01</ele></trkpt><trkpt lat="36.952829" lon="126.915343"><time>2026-10-03T02:53:29.000Z</time><ele>13.84</ele></trkpt><trkpt lat="36.952771" lon="126.915271"><time>2026-10-03T02:53:30.000Z</time><ele>13.6</ele></trkpt><trkpt lat="36.952715" lon="126.915203"><time>2026-10-03T02:53:31.000Z</time><ele>13.34</ele></trkpt><trkpt lat="36.952658" lon="126.915132"><time>2026-10-03T02:53:32.000Z</time><ele>13.19</ele></trkpt><trkpt lat="36.952597" lon="126.915055"><time>2026-10-03T02:53:33.000Z</time><ele>13.07</ele></trkpt><trkpt lat="36.952536" lon="126.914981"><time>2026-10-03T02:53:34.000Z</time><ele>13.02</ele></trkpt><trkpt lat="36.952471" lon="126.914904"><time>2026-10-03T02:53:35.000Z</time><ele>12.79</ele></trkpt><trkpt lat="36.952406" lon="126.914825"><time>2026-10-03T02:53:36.000Z</time><ele>12.69</ele></trkpt><trkpt lat="36.952346" lon="126.914745"><time>2026-10-03T02:53:37.000Z</time><ele>12.6</ele></trkpt><trkpt lat="36.952284" lon="126.914672"><time>2026-10-03T02:53:38.000Z</time><ele>12.61</ele></trkpt><trkpt lat="36.952222" lon="126.914594"><time>2026-10-03T02:53:39.000Z</time><ele>12.78</ele></trkpt><trkpt lat="36.952158" lon="126.914515"><time>2026-10-03T02:53:40.000Z</time><ele>12.82</ele></trkpt><trkpt lat="36.9521" lon="126.91445"><time>2026-10-03T02:53:41.000Z</time><ele>12.99</ele></trkpt><trkpt lat="36.952045" lon="126.914384"><time>2026-10-03T02:53:42.000Z</time><ele>13.02</ele></trkpt><trkpt lat="36.951992" lon="126.914321"><time>2026-10-03T02:53:43.000Z</time><ele>13.2</ele></trkpt><trkpt lat="36.951946" lon="126.914264"><time>2026-10-03T02:53:44.000Z</time><ele>13.43</ele></trkpt><trkpt lat="36.951907" lon="126.914214"><time>2026-10-03T02:53:45.000Z</time><ele>13.69</ele></trkpt><trkpt lat="36.95187" lon="126.914173"><time>2026-10-03T02:53:46.000Z</time><ele>13.96</ele></trkpt><trkpt lat="36.951807" lon="126.9141"><time>2026-10-03T02:53:48.000Z</time><ele>14.06</ele></trkpt><trkpt lat="36.951748" lon="126.914031"><time>2026-10-03T02:53:50.000Z</time><ele>14.56</ele></trkpt><trkpt lat="36.951694" lon="126.913962"><time>2026-10-03T02:53:52.000Z</time><ele>15.11</ele></trkpt><trkpt lat="36.95165" lon="126.913914"><time>2026-10-03T02:53:54.000Z</time><ele>15.64</ele></trkpt><trkpt lat="36.951603" lon="126.913859"><time>2026-10-03T02:53:57.000Z</time><ele>16.5</ele></trkpt><trkpt lat="36.951557" lon="126.913803"><time>2026-10-03T02:54:12.000Z</time><ele>18.1</ele></trkpt><trkpt lat="36.951524" lon="126.913762"><time>2026-10-03T02:54:13.000Z</time><ele>18.14</ele></trkpt><trkpt lat="36.951483" lon="126.913713"><time>2026-10-03T02:54:14.001Z</time><ele>18.31</ele></trkpt><trkpt lat="36.951433" lon="126.913659"><time>2026-10-03T02:54:15.001Z</time><ele>18.17</ele></trkpt><trkpt lat="36.951378" lon="126.9136"><time>2026-10-03T02:54:16.001Z</time><ele>18.57</ele></trkpt><trkpt lat="36.951321" lon="126.91354"><time>2026-10-03T02:54:17.001Z</time><ele>18.38</ele></trkpt><trkpt lat="36.951256" lon="126.913477"><time>2026-10-03T02:54:18.001Z</time><ele>18.36</ele></trkpt><trkpt lat="36.951188" lon="126.913411"><time>2026-10-03T02:54:19.001Z</time><ele>18.47</ele></trkpt><trkpt lat="36.951111" lon="126.913345"><time>2026-10-03T02:54:20.001Z</time><ele>18.87</ele></trkpt><trkpt lat="36.95103" lon="126.913276"><time>2026-10-03T02:54:21.001Z</time><ele>19.01</ele></trkpt><trkpt lat="36.95094" lon="126.913198"><time>2026-10-03T02:54:22.001Z</time><ele>19.29</ele></trkpt><trkpt lat="36.950843" lon="126.913111"><time>2026-10-03T02:54:23.001Z</time><ele>19.48</ele></trkpt><trkpt lat="36.95074" lon="126.913023"><time>2026-10-03T02:54:24.001Z</time><ele>19.78</ele></trkpt><trkpt lat="36.949056" lon="126.912287"><time>2026-10-03T02:54:34.001Z</time><ele>24.58</ele></trkpt><trkpt lat="36.94886" lon="126.912261"><time>2026-10-03T02:54:35.001Z</time><ele>25.32</ele></trkpt><trkpt lat="36.948654" lon="126.912241"><time>2026-10-03T02:54:36.001Z</time><ele>25.51</ele></trkpt><trkpt lat="36.948451" lon="126.912238"><time>2026-10-03T02:54:37.001Z</time><ele>25.97</ele></trkpt><trkpt lat="36.948252" lon="126.912248"><time>2026-10-03T02:54:38.001Z</time><ele>26.71</ele></trkpt><trkpt lat="36.948056" lon="126.91226"><time>2026-10-03T02:54:39.001Z</time><ele>26.21</ele></trkpt><trkpt lat="36.947874" lon="126.912281"><time>2026-10-03T02:54:40.001Z</time><ele>26.48</ele></trkpt><trkpt lat="36.9477" lon="126.912314"><time>2026-10-03T02:54:41.001Z</time><ele>26.73</ele></trkpt><trkpt lat="36.947535" lon="126.912351"><time>2026-10-03T02:54:42.001Z</time><ele>26.95</ele></trkpt><trkpt lat="36.947378" lon="126.912395"><time>2026-10-03T02:54:43.001Z</time><ele>26.97</ele></trkpt><trkpt lat="36.947226" lon="126.912444"><time>2026-10-03T02:54:44.001Z</time><ele>27.39</ele></trkpt><trkpt lat="36.947082" lon="126.912494"><time>2026-10-03T02:54:45.001Z</time><ele>26.96</ele></trkpt><trkpt lat="36.946946" lon="126.91254"><time>2026-10-03T02:54:46.001Z</time><ele>27.31</ele></trkpt><trkpt lat="36.946809" lon="126.912589"><time>2026-10-03T02:54:47.001Z</time><ele>27.51</ele></trkpt><trkpt lat="36.94668" lon="126.912639"><time>2026-10-03T02:54:48.001Z</time><ele>27.19</ele></trkpt><trkpt lat="36.94656" lon="126.912699"><time>2026-10-03T02:54:49.001Z</time><ele>26.92</ele></trkpt><trkpt lat="36.946448" lon="126.912753"><time>2026-10-03T02:54:50.001Z</time><ele>26.56</ele></trkpt><trkpt lat="36.946349" lon="126.912804"><time>2026-10-03T02:54:51.001Z</time><ele>26.88</ele></trkpt><trkpt lat="36.94626" lon="126.912851"><time>2026-10-03T02:54:52.001Z</time><ele>27.84</ele></trkpt><trkpt lat="36.946181" lon="126.912893"><time>2026-10-03T02:54:53.001Z</time><ele>27.94</ele></trkpt><trkpt lat="36.946098" lon="126.912932"><time>2026-10-03T02:54:54.001Z</time><ele>28.74</ele></trkpt><trkpt lat="36.946006" lon="126.912981"><time>2026-10-03T02:54:55.001Z</time><ele>28.95</ele></trkpt><trkpt lat="36.9459" lon="126.913038"><time>2026-10-03T02:54:56.001Z</time><ele>29.07</ele></trkpt><trkpt lat="36.945786" lon="126.913097"><time>2026-10-03T02:54:57.001Z</time><ele>29.37</ele></trkpt><trkpt lat="36.945679" lon="126.913152"><time>2026-10-03T02:54:58.001Z</time><ele>28.91</ele></trkpt><trkpt lat="36.945574" lon="126.9132"><time>2026-10-03T02:54:59.001Z</time><ele>29.06</ele></trkpt><trkpt lat="36.945458" lon="126.913247"><time>2026-10-03T02:55:00.001Z</time><ele>29.32</ele></trkpt><trkpt lat="36.945341" lon="126.9133"><time>2026-10-03T02:55:01.001Z</time><ele>29.08</ele></trkpt><trkpt lat="36.945221" lon="126.913356"><time>2026-10-03T02:55:02.001Z</time><ele>28.78</ele></trkpt><trkpt lat="36.945098" lon="126.913416"><time>2026-10-03T02:55:03.001Z</time><ele>28.55</ele></trkpt><trkpt lat="36.944974" lon="126.913479"><time>2026-10-03T02:55:04.001Z</time><ele>28.65</ele></trkpt><trkpt lat="36.944855" lon="126.91354"><time>2026-10-03T02:55:05.001Z</time><ele>29.08</ele></trkpt><trkpt lat="36.944744" lon="126.913592"><time>2026-10-03T02:55:06.001Z</time><ele>28.69</ele></trkpt><trkpt lat="36.944652" lon="126.913639"><time>2026-10-03T02:55:07.001Z</time><ele>28.47</ele></trkpt><trkpt lat="36.944584" lon="126.913665"><time>2026-10-03T02:55:08.001Z</time><ele>28.35</ele></trkpt><trkpt lat="36.944531" lon="126.913678"><time>2026-10-03T02:55:09.001Z</time><ele>28.52</ele></trkpt><trkpt lat="36.944493" lon="126.913716"><time>2026-10-03T02:55:10.001Z</time><ele>28.63</ele></trkpt><trkpt lat="36.944398" lon="126.913666"><time>2026-10-03T02:55:12.001Z</time><ele>28.45</ele></trkpt><trkpt lat="36.944358" lon="126.913633"><time>2026-10-03T02:55:13.001Z</time><ele>28.12</ele></trkpt><trkpt lat="36.944314" lon="126.913573"><time>2026-10-03T02:55:14.001Z</time><ele>27.8</ele></trkpt><trkpt lat="36.944272" lon="126.91349"><time>2026-10-03T02:55:15.001Z</time><ele>27.39</ele></trkpt><trkpt lat="36.944228" lon="126.913395"><time>2026-10-03T02:55:16.001Z</time><ele>27.18</ele></trkpt><trkpt lat="36.944183" lon="126.91329"><time>2026-10-03T02:55:17.001Z</time><ele>26.67</ele></trkpt><trkpt lat="36.944133" lon="126.913177"><time>2026-10-03T02:55:18.001Z</time><ele>26.34</ele></trkpt><trkpt lat="36.944077" lon="126.913055"><time>2026-10-03T02:55:19.001Z</time><ele>25.35</ele></trkpt><trkpt lat="36.944019" lon="126.91293"><time>2026-10-03T02:55:20.001Z</time><ele>25.14</ele></trkpt><trkpt lat="36.943961" lon="126.912799"><time>2026-10-03T02:55:21.001Z</time><ele>24.91</ele></trkpt><trkpt lat="36.943901" lon="126.912667"><time>2026-10-03T02:55:22.001Z</time><ele>24.96</ele></trkpt><trkpt lat="36.943842" lon="126.912536"><time>2026-10-03T02:55:23.001Z</time><ele>25.13</ele></trkpt><trkpt lat="36.943785" lon="126.9124"><time>2026-10-03T02:55:24.001Z</time><ele>25.42</ele></trkpt><trkpt lat="36.943315" lon="126.911075"><time>2026-10-03T02:55:32.000Z</time><ele>28.08</ele></trkpt><trkpt lat="36.943283" lon="126.910959"><time>2026-10-03T02:55:33.000Z</time><ele>28.45</ele></trkpt><trkpt lat="36.94326" lon="126.910862"><time>2026-10-03T02:55:34.000Z</time><ele>28.48</ele></trkpt><trkpt lat="36.943242" lon="126.910776"><time>2026-10-03T02:55:35.000Z</time><ele>28.6</ele></trkpt><trkpt lat="36.943226" lon="126.910705"><time>2026-10-03T02:55:36.000Z</time><ele>28.47</ele></trkpt><trkpt lat="36.943208" lon="126.910608"><time>2026-10-03T02:55:38.000Z</time><ele>28.22</ele></trkpt><trkpt lat="36.943197" lon="126.910549"><time>2026-10-03T02:55:40.000Z</time><ele>28.26</ele></trkpt><trkpt lat="36.943184" lon="126.910451"><time>2026-10-03T02:55:54.000Z</time><ele>30.14</ele></trkpt><trkpt lat="36.943173" lon="126.910388"><time>2026-10-03T02:55:55.000Z</time><ele>30.05</ele></trkpt><trkpt lat="36.943161" lon="126.910311"><time>2026-10-03T02:55:56.000Z</time><ele>29.61</ele></trkpt><trkpt lat="36.943147" lon="126.910226"><time>2026-10-03T02:55:57.000Z</time><ele>29.46</ele></trkpt><trkpt lat="36.943137" lon="126.910155"><time>2026-10-03T02:55:58.000Z</time><ele>29.23</ele></trkpt><trkpt lat="36.943125" lon="126.910072"><time>2026-10-03T02:55:59.000Z</time><ele>29.21</ele></trkpt><trkpt lat="36.943113" lon="126.909982"><time>2026-10-03T02:56:00.000Z</time><ele>28.93</ele></trkpt><trkpt lat="36.943102" lon="126.90988"><time>2026-10-03T02:56:01.000Z</time><ele>28.68</ele></trkpt><trkpt lat="36.943091" lon="126.909781"><time>2026-10-03T02:56:02.000Z</time><ele>28.51</ele></trkpt><trkpt lat="36.943082" lon="126.909691"><time>2026-10-03T02:56:03.000Z</time><ele>28.22</ele></trkpt><trkpt lat="36.943074" lon="126.909604"><time>2026-10-03T02:56:04.000Z</time><ele>28.17</ele></trkpt><trkpt lat="36.943069" lon="126.909517"><time>2026-10-03T02:56:05.000Z</time><ele>28.22</ele></trkpt><trkpt lat="36.943067" lon="126.909435"><time>2026-10-03T02:56:06.000Z</time><ele>28.07</ele></trkpt><trkpt lat="36.943063" lon="126.90935"><time>2026-10-03T02:56:07.000Z</time><ele>28.08</ele></trkpt><trkpt lat="36.943059" lon="126.909255"><time>2026-10-03T02:56:08.000Z</time><ele>27.72</ele></trkpt><trkpt lat="36.943056" lon="126.909153"><time>2026-10-03T02:56:09.000Z</time><ele>27.36</ele></trkpt><trkpt lat="36.943055" lon="126.909048"><time>2026-10-03T02:56:10.000Z</time><ele>27.19</ele></trkpt><trkpt lat="36.943054" lon="126.908943"><time>2026-10-03T02:56:11.000Z</time><ele>27.12</ele></trkpt><trkpt lat="36.943055" lon="126.908847"><time>2026-10-03T02:56:12.000Z</time><ele>26.76</ele></trkpt><trkpt lat="36.943055" lon="126.908747"><time>2026-10-03T02:56:13.000Z</time><ele>26.49</ele></trkpt><trkpt lat="36.943057" lon="126.908635"><time>2026-10-03T02:56:14.000Z</time><ele>26.33</ele></trkpt><trkpt lat="36.943059" lon="126.908515"><time>2026-10-03T02:56:15.000Z</time><ele>26.1</ele></trkpt><trkpt lat="36.943061" lon="126.908403"><time>2026-10-03T02:56:16.000Z</time><ele>25.81</ele></trkpt><trkpt lat="36.943065" lon="126.908294"><time>2026-10-03T02:56:17.000Z</time><ele>25.65</ele></trkpt><trkpt lat="36.943068" lon="126.908187"><time>2026-10-03T02:56:18.000Z</time><ele>25.29</ele></trkpt><trkpt lat="36.943072" lon="126.908084"><time>2026-10-03T02:56:19.000Z</time><ele>25.08</ele></trkpt><trkpt lat="36.943075" lon="126.907992"><time>2026-10-03T02:56:20.000Z</time><ele>24.9</ele></trkpt><trkpt lat="36.943078" lon="126.907909"><time>2026-10-03T02:56:21.000Z</time><ele>24.57</ele></trkpt><trkpt lat="36.943079" lon="126.907834"><time>2026-10-03T02:56:22.000Z</time><ele>24.07</ele></trkpt><trkpt lat="36.94308" lon="126.907775"><time>2026-10-03T02:56:23.001Z</time><ele>23.67</ele></trkpt><trkpt lat="36.943084" lon="126.907691"><time>2026-10-03T02:56:25.001Z</time><ele>23.29</ele></trkpt><trkpt lat="36.943089" lon="126.907617"><time>2026-10-03T02:56:28.001Z</time><ele>23.34</ele></trkpt><trkpt lat="36.943094" lon="126.90753"><time>2026-10-03T02:56:46.001Z</time><ele>21.96</ele></trkpt><trkpt lat="36.943097" lon="126.907473"><time>2026-10-03T02:56:48.001Z</time><ele>21.62</ele></trkpt><trkpt lat="36.943094" lon="126.90741"><time>2026-10-03T02:57:39.000Z</time><ele>21.76</ele></trkpt><trkpt lat="36.943097" lon="126.907344"><time>2026-10-03T02:57:41.000Z</time><ele>21.61</ele></trkpt><trkpt lat="36.943106" lon="126.907262"><time>2026-10-03T02:57:44.000Z</time><ele>21.25</ele></trkpt><trkpt lat="36.943112" lon="126.907173"><time>2026-10-03T02:57:46.000Z</time><ele>20.99</ele></trkpt><trkpt lat="36.943113" lon="126.907117"><time>2026-10-03T02:57:47.000Z</time><ele>20.79</ele></trkpt><trkpt lat="36.943111" lon="126.90704"><time>2026-10-03T02:57:48.000Z</time><ele>20.57</ele></trkpt><trkpt lat="36.943111" lon="126.906945"><time>2026-10-03T02:57:49.000Z</time><ele>20.18</ele></trkpt><trkpt lat="36.943112" lon="126.906835"><time>2026-10-03T02:57:50.000Z</time><ele>20.2</ele></trkpt><trkpt lat="36.943116" lon="126.906723"><time>2026-10-03T02:57:51.000Z</time><ele>19.78</ele></trkpt><trkpt lat="36.943121" lon="126.906607"><time>2026-10-03T02:57:52.000Z</time><ele>19.54</ele></trkpt><trkpt lat="36.943123" lon="126.906483"><time>2026-10-03T02:57:53.000Z</time><ele>19.3</ele></trkpt><trkpt lat="36.943119" lon="126.906351"><time>2026-10-03T02:57:54.000Z</time><ele>19.08</ele></trkpt><trkpt lat="36.943104" lon="126.906177"><time>2026-10-03T02:57:55.000Z</time><ele>18.52</ele></trkpt><trkpt lat="36.943101" lon="126.905977"><time>2026-10-03T02:57:56.000Z</time><ele>17.97</ele></trkpt><trkpt lat="36.943112" lon="126.90579"><time>2026-10-03T02:57:57.000Z</time><ele>16.93</ele></trkpt><trkpt lat="36.943116" lon="126.905605"><time>2026-10-03T02:57:58.000Z</time><ele>16.15</ele></trkpt><trkpt lat="36.943116" lon="126.905409"><time>2026-10-03T02:57:59.000Z</time><ele>15.52</ele></trkpt><trkpt lat="36.943121" lon="126.9052"><time>2026-10-03T02:58:00.000Z</time><ele>14.85</ele></trkpt><trkpt lat="36.943126" lon="126.904996"><time>2026-10-03T02:58:01.000Z</time><ele>14.37</ele></trkpt><trkpt lat="36.943128" lon="126.90479"><time>2026-10-03T02:58:02.000Z</time><ele>13.99</ele></trkpt><trkpt lat="36.943127" lon="126.904575"><time>2026-10-03T02:58:03.000Z</time><ele>13.17</ele></trkpt><trkpt lat="36.943125" lon="126.904377"><time>2026-10-03T02:58:04.000Z</time><ele>12.71</ele></trkpt><trkpt lat="36.943126" lon="126.904169"><time>2026-10-03T02:58:05.000Z</time><ele>12.65</ele></trkpt><trkpt lat="36.943121" lon="126.903957"><time>2026-10-03T02:58:06.000Z</time><ele>12.94</ele></trkpt><trkpt lat="36.943109" lon="126.90374"><time>2026-10-03T02:58:07.000Z</time><ele>13.2</ele></trkpt><trkpt lat="36.94309" lon="126.903519"><time>2026-10-03T02:58:08.000Z</time><ele>13.27</ele></trkpt><trkpt lat="36.943064" lon="126.903294"><time>2026-10-03T02:58:09.000Z</time><ele>13.03</ele></trkpt><trkpt lat="36.943034" lon="126.903086"><time>2026-10-03T02:58:10.000Z</time><ele>12.98</ele></trkpt><trkpt lat="36.943001" lon="126.90288"><time>2026-10-03T02:58:11.000Z</time><ele>13.04</ele></trkpt><trkpt lat="36.942955" lon="126.902667"><time>2026-10-03T02:58:12.000Z</time><ele>12.71</ele></trkpt><trkpt lat="36.942905" lon="126.902464"><time>2026-10-03T02:58:13.000Z</time><ele>12.54</ele></trkpt><trkpt lat="36.942853" lon="126.902275"><time>2026-10-03T02:58:14.000Z</time><ele>12.27</ele></trkpt><trkpt lat="36.942798" lon="126.902092"><time>2026-10-03T02:58:15.000Z</time><ele>12.05</ele></trkpt><trkpt lat="36.942739" lon="126.901916"><time>2026-10-03T02:58:16.000Z</time><ele>11.9</ele></trkpt><trkpt lat="36.942674" lon="126.901739"><time>2026-10-03T02:58:17.000Z</time><ele>11.67</ele></trkpt><trkpt lat="36.942606" lon="126.90157"><time>2026-10-03T02:58:18.000Z</time><ele>11.32</ele></trkpt><trkpt lat="36.942534" lon="126.901414"><time>2026-10-03T02:58:19.000Z</time><ele>11.02</ele></trkpt><trkpt lat="36.942464" lon="126.901263"><time>2026-10-03T02:58:20.000Z</time><ele>10.72</ele></trkpt><trkpt lat="36.94239" lon="126.90111"><time>2026-10-03T02:58:21.000Z</time><ele>10.51</ele></trkpt><trkpt lat="36.942317" lon="126.900967"><time>2026-10-03T02:58:22.000Z</time><ele>10.11</ele></trkpt><trkpt lat="36.942235" lon="126.900819"><time>2026-10-03T02:58:23.000Z</time><ele>10.07</ele></trkpt><trkpt lat="36.942145" lon="126.900674"><time>2026-10-03T02:58:24.000Z</time><ele>9.82</ele></trkpt><trkpt lat="36.94205" lon="126.90053"><time>2026-10-03T02:58:25.001Z</time><ele>9.75</ele></trkpt><trkpt lat="36.941949" lon="126.900388"><time>2026-10-03T02:58:26.001Z</time><ele>9.46</ele></trkpt><trkpt lat="36.941843" lon="126.900247"><time>2026-10-03T02:58:27.001Z</time><ele>9.24</ele></trkpt><trkpt lat="36.941735" lon="126.900115"><time>2026-10-03T02:58:28.001Z</time><ele>9.39</ele></trkpt><trkpt lat="36.941629" lon="126.89999"><time>2026-10-03T02:58:29.001Z</time><ele>9.1</ele></trkpt><trkpt lat="36.941513" lon="126.899865"><time>2026-10-03T02:58:30.001Z</time><ele>8.64</ele></trkpt><trkpt lat="36.9414" lon="126.89975"><time>2026-10-03T02:58:31.001Z</time><ele>8.34</ele></trkpt><trkpt lat="36.941291" lon="126.899649"><time>2026-10-03T02:58:32.001Z</time><ele>7.89</ele></trkpt><trkpt lat="36.941184" lon="126.899556"><time>2026-10-03T02:58:33.001Z</time><ele>7.77</ele></trkpt><trkpt lat="36.941071" lon="126.899465"><time>2026-10-03T02:58:34.001Z</time><ele>8.22</ele></trkpt><trkpt lat="36.940961" lon="126.899369"><time>2026-10-03T02:58:35.001Z</time><ele>8.14</ele></trkpt><trkpt lat="36.940855" lon="126.899273"><time>2026-10-03T02:58:36.001Z</time><ele>8.08</ele></trkpt><trkpt lat="36.940746" lon="126.899178"><time>2026-10-03T02:58:37.001Z</time><ele>8.3</ele></trkpt><trkpt lat="36.940636" lon="126.899089"><time>2026-10-03T02:58:38.001Z</time><ele>8.53</ele></trkpt><trkpt lat="36.940515" lon="126.898984"><time>2026-10-03T02:58:39.001Z</time><ele>8.61</ele></trkpt><trkpt lat="36.94039" lon="126.898871"><time>2026-10-03T02:58:40.001Z</time><ele>8.09</ele></trkpt><trkpt lat="36.94026" lon="126.898762"><time>2026-10-03T02:58:41.001Z</time><ele>8.07</ele></trkpt><trkpt lat="36.940135" lon="126.898657"><time>2026-10-03T02:58:42.001Z</time><ele>7.42</ele></trkpt><trkpt lat="36.940015" lon="126.898557"><time>2026-10-03T02:58:43.001Z</time><ele>7.66</ele></trkpt><trkpt lat="36.939903" lon="126.89846"><time>2026-10-03T02:58:44.001Z</time><ele>7.81</ele></trkpt><trkpt lat="36.939786" lon="126.898361"><time>2026-10-03T02:58:45.001Z</time><ele>8.22</ele></trkpt><trkpt lat="36.939668" lon="126.89826"><time>2026-10-03T02:58:46.001Z</time><ele>8.26</ele></trkpt><trkpt lat="36.939547" lon="126.898158"><time>2026-10-03T02:58:47.001Z</time><ele>8.4</ele></trkpt><trkpt lat="36.939425" lon="126.898057"><time>2026-10-03T02:58:48.001Z</time><ele>8.44</ele></trkpt><trkpt lat="36.939306" lon="126.897957"><time>2026-10-03T02:58:49.001Z</time><ele>8.42</ele></trkpt><trkpt lat="36.939186" lon="126.897856"><time>2026-10-03T02:58:50.001Z</time><ele>8.39</ele></trkpt><trkpt lat="36.939072" lon="126.897758"><time>2026-10-03T02:58:51.001Z</time><ele>8.31</ele></trkpt><trkpt lat="36.938962" lon="126.897663"><time>2026-10-03T02:58:52.001Z</time><ele>8.35</ele></trkpt><trkpt lat="36.938853" lon="126.897573"><time>2026-10-03T02:58:53.001Z</time><ele>8.46</ele></trkpt><trkpt lat="36.938742" lon="126.897482"><time>2026-10-03T02:58:54.001Z</time><ele>8.28</ele></trkpt><trkpt lat="36.938637" lon="126.897393"><time>2026-10-03T02:58:55.001Z</time><ele>8.41</ele></trkpt><trkpt lat="36.938528" lon="126.897298"><time>2026-10-03T02:58:56.001Z</time><ele>8.3</ele></trkpt><trkpt lat="36.938418" lon="126.897206"><time>2026-10-03T02:58:57.001Z</time><ele>8.52</ele></trkpt><trkpt lat="36.938307" lon="126.89711"><time>2026-10-03T02:58:58.001Z</time><ele>8.13</ele></trkpt><trkpt lat="36.938192" lon="126.897015"><time>2026-10-03T02:58:59.001Z</time><ele>8.44</ele></trkpt><trkpt lat="36.938072" lon="126.896911"><time>2026-10-03T02:59:00.001Z</time><ele>8.64</ele></trkpt><trkpt lat="36.937951" lon="126.896805"><time>2026-10-03T02:59:01.001Z</time><ele>8.84</ele></trkpt><trkpt lat="36.937825" lon="126.896699"><time>2026-10-03T02:59:02.001Z</time><ele>8.83</ele></trkpt><trkpt lat="36.937697" lon="126.896588"><time>2026-10-03T02:59:03.001Z</time><ele>9.06</ele></trkpt><trkpt lat="36.937557" lon="126.896471"><time>2026-10-03T02:59:04.001Z</time><ele>9.21</ele></trkpt><trkpt lat="36.937414" lon="126.896349"><time>2026-10-03T02:59:05.001Z</time><ele>9.19</ele></trkpt><trkpt lat="36.937273" lon="126.89623"><time>2026-10-03T02:59:06.001Z</time><ele>9.21</ele></trkpt><trkpt lat="36.93714" lon="126.896117"><time>2026-10-03T02:59:07.001Z</time><ele>9.06</ele></trkpt><trkpt lat="36.937009" lon="126.896004"><time>2026-10-03T02:59:08.001Z</time><ele>9.5</ele></trkpt><trkpt lat="36.936878" lon="126.895894"><time>2026-10-03T02:59:09.001Z</time><ele>9.38</ele></trkpt><trkpt lat="36.936758" lon="126.895788"><time>2026-10-03T02:59:10.001Z</time><ele>9.42</ele></trkpt><trkpt lat="36.936643" lon="126.895686"><time>2026-10-03T02:59:11.001Z</time><ele>9.03</ele></trkpt><trkpt lat="36.936535" lon="126.895594"><time>2026-10-03T02:59:12.001Z</time><ele>9.1</ele></trkpt><trkpt lat="36.936439" lon="126.895509"><time>2026-10-03T02:59:13.001Z</time><ele>9.13</ele></trkpt><trkpt lat="36.936356" lon="126.895441"><time>2026-10-03T02:59:14.001Z</time><ele>9.07</ele></trkpt><trkpt lat="36.936288" lon="126.895382"><time>2026-10-03T02:59:15.001Z</time><ele>9.2</ele></trkpt><trkpt lat="36.936232" lon="126.895337"><time>2026-10-03T02:59:16.001Z</time><ele>9.2</ele></trkpt><trkpt lat="36.936188" lon="126.895303"><time>2026-10-03T02:59:17.001Z</time><ele>9</ele></trkpt><trkpt lat="36.936129" lon="126.895253"><time>2026-10-03T02:59:19.001Z</time><ele>8.67</ele></trkpt><trkpt lat="36.936089" lon="126.895223"><time>2026-10-03T02:59:22.001Z</time><ele>8.35</ele></trkpt><trkpt lat="36.93604" lon="126.895186"><time>2026-10-03T02:59:25.001Z</time><ele>8.27</ele></trkpt><trkpt lat="36.935992" lon="126.895142"><time>2026-10-03T02:59:34.001Z</time><ele>8.06</ele></trkpt><trkpt lat="36.935922" lon="126.895073"><time>2026-10-03T02:59:36.001Z</time><ele>8.01</ele></trkpt><trkpt lat="36.93588" lon="126.89504"><time>2026-10-03T02:59:37.002Z</time><ele>7.72</ele></trkpt><trkpt lat="36.935817" lon="126.89499"><time>2026-10-03T02:59:39.002Z</time><ele>7.94</ele></trkpt><trkpt lat="36.935741" lon="126.894927"><time>2026-10-03T02:59:41.002Z</time><ele>8.08</ele></trkpt><trkpt lat="36.935702" lon="126.89489"><time>2026-10-03T02:59:42.002Z</time><ele>8.16</ele></trkpt><trkpt lat="36.935664" lon="126.894859"><time>2026-10-03T02:59:43.000Z</time><ele>8.19</ele></trkpt><trkpt lat="36.935619" lon="126.894823"><time>2026-10-03T02:59:44.000Z</time><ele>8.18</ele></trkpt><trkpt lat="36.935577" lon="126.894787"><time>2026-10-03T02:59:45.000Z</time><ele>8.23</ele></trkpt><trkpt lat="36.935533" lon="126.894752"><time>2026-10-03T02:59:46.000Z</time><ele>8.22</ele></trkpt><trkpt lat="36.935482" lon="126.894716"><time>2026-10-03T02:59:47.000Z</time><ele>8.22</ele></trkpt><trkpt lat="36.935425" lon="126.894698"><time>2026-10-03T02:59:48.000Z</time><ele>8.22</ele></trkpt><trkpt lat="36.93539" lon="126.894657"><time>2026-10-03T02:59:49.000Z</time><ele>8.59</ele></trkpt><trkpt lat="36.93526" lon="126.894769"><time>2026-10-03T02:59:51.000Z</time><ele>9.13</ele></trkpt><trkpt lat="36.935204" lon="126.894856"><time>2026-10-03T02:59:52.000Z</time><ele>8.75</ele></trkpt><trkpt lat="36.93515" lon="126.894975"><time>2026-10-03T02:59:53.000Z</time><ele>9.11</ele></trkpt><trkpt lat="36.93509" lon="126.895108"><time>2026-10-03T02:59:54.000Z</time><ele>9.37</ele></trkpt><trkpt lat="36.935023" lon="126.895251"><time>2026-10-03T02:59:55.000Z</time><ele>9.32</ele></trkpt><trkpt lat="36.934959" lon="126.895381"><time>2026-10-03T02:59:56.000Z</time><ele>9.22</ele></trkpt><trkpt lat="36.934894" lon="126.895516"><time>2026-10-03T02:59:57.000Z</time><ele>8.81</ele></trkpt><trkpt lat="36.934823" lon="126.895661"><time>2026-10-03T02:59:58.000Z</time><ele>8.86</ele></trkpt><trkpt lat="36.934755" lon="126.895806"><time>2026-10-03T02:59:59.000Z</time><ele>8.85</ele></trkpt><trkpt lat="36.934689" lon="126.895943"><time>2026-10-03T03:00:00.000Z</time><ele>8.9</ele></trkpt><trkpt lat="36.934621" lon="126.896084"><time>2026-10-03T03:00:01.000Z</time><ele>9.12</ele></trkpt><trkpt lat="36.934548" lon="126.896221"><time>2026-10-03T03:00:02.000Z</time><ele>8.81</ele></trkpt><trkpt lat="36.934472" lon="126.896336"><time>2026-10-03T03:00:03.000Z</time><ele>8.62</ele></trkpt><trkpt lat="36.934404" lon="126.89645"><time>2026-10-03T03:00:04.000Z</time><ele>8.39</ele></trkpt><trkpt lat="36.934348" lon="126.896576"><time>2026-10-03T03:00:05.000Z</time><ele>8.73</ele></trkpt><trkpt lat="36.934297" lon="126.896692"><time>2026-10-03T03:00:06.000Z</time><ele>8.53</ele></trkpt><trkpt lat="36.934243" lon="126.896796"><time>2026-10-03T03:00:07.000Z</time><ele>8.15</ele></trkpt><trkpt lat="36.934186" lon="126.896908"><time>2026-10-03T03:00:08.000Z</time><ele>8.36</ele></trkpt><trkpt lat="36.934131" lon="126.897026"><time>2026-10-03T03:00:09.000Z</time><ele>8.28</ele></trkpt><trkpt lat="36.934075" lon="126.897143"><time>2026-10-03T03:00:10.000Z</time><ele>8.14</ele></trkpt><trkpt lat="36.93402" lon="126.897259"><time>2026-10-03T03:00:11.000Z</time><ele>7.93</ele></trkpt><trkpt lat="36.933959" lon="126.897385"><time>2026-10-03T03:00:12.000Z</time><ele>8.03</ele></trkpt><trkpt lat="36.933894" lon="126.897515"><time>2026-10-03T03:00:13.000Z</time><ele>8.06</ele></trkpt><trkpt lat="36.933825" lon="126.897651"><time>2026-10-03T03:00:14.000Z</time><ele>8.33</ele></trkpt><trkpt lat="36.933765" lon="126.897777"><time>2026-10-03T03:00:15.000Z</time><ele>8.3</ele></trkpt><trkpt lat="36.933709" lon="126.897897"><time>2026-10-03T03:00:16.000Z</time><ele>8.49</ele></trkpt><trkpt lat="36.933651" lon="126.898023"><time>2026-10-03T03:00:17.000Z</time><ele>8.25</ele></trkpt><trkpt lat="36.933588" lon="126.898152"><time>2026-10-03T03:00:18.000Z</time><ele>8.16</ele></trkpt><trkpt lat="36.933518" lon="126.89829"><time>2026-10-03T03:00:19.000Z</time><ele>8.16</ele></trkpt><trkpt lat="36.933447" lon="126.898432"><time>2026-10-03T03:00:20.000Z</time><ele>8.02</ele></trkpt><trkpt lat="36.93337" lon="126.898572"><time>2026-10-03T03:00:21.000Z</time><ele>8.18</ele></trkpt><trkpt lat="36.933296" lon="126.898715"><time>2026-10-03T03:00:22.000Z</time><ele>8.26</ele></trkpt><trkpt lat="36.93323" lon="126.898842"><time>2026-10-03T03:00:23.000Z</time><ele>8.12</ele></trkpt><trkpt lat="36.933167" lon="126.898959"><time>2026-10-03T03:00:24.000Z</time><ele>8.04</ele></trkpt><trkpt lat="36.933113" lon="126.899061"><time>2026-10-03T03:00:25.000Z</time><ele>7.74</ele></trkpt><trkpt lat="36.933057" lon="126.899154"><time>2026-10-03T03:00:26.000Z</time><ele>7.89</ele></trkpt><trkpt lat="36.93301" lon="126.899241"><time>2026-10-03T03:00:27.000Z</time><ele>7.82</ele></trkpt><trkpt lat="36.932964" lon="126.899321"><time>2026-10-03T03:00:28.000Z</time><ele>7.98</ele></trkpt><trkpt lat="36.93292" lon="126.899394"><time>2026-10-03T03:00:29.000Z</time><ele>8.37</ele></trkpt><trkpt lat="36.932871" lon="126.899477"><time>2026-10-03T03:00:30.000Z</time><ele>8.54</ele></trkpt><trkpt lat="36.932829" lon="126.899551"><time>2026-10-03T03:00:31.001Z</time><ele>8.65</ele></trkpt><trkpt lat="36.932679" lon="126.899795"><time>2026-10-03T03:00:35.001Z</time><ele>8.52</ele></trkpt><trkpt lat="36.932647" lon="126.899846"><time>2026-10-03T03:00:36.001Z</time><ele>8.49</ele></trkpt><trkpt lat="36.932616" lon="126.899896"><time>2026-10-03T03:00:37.001Z</time><ele>8.37</ele></trkpt><trkpt lat="36.932517" lon="126.900043"><time>2026-10-03T03:00:40.001Z</time><ele>8.26</ele></trkpt><trkpt lat="36.932487" lon="126.900088"><time>2026-10-03T03:00:41.001Z</time><ele>8.08</ele></trkpt><trkpt lat="36.932438" lon="126.900163"><time>2026-10-03T03:00:43.001Z</time><ele>8.1</ele></trkpt><trkpt lat="36.932396" lon="126.900226"><time>2026-10-03T03:00:45.001Z</time><ele>8.14</ele></trkpt><trkpt lat="36.932364" lon="126.900269"><time>2026-10-03T03:00:47.001Z</time><ele>7.99</ele></trkpt><trkpt lat="36.932326" lon="126.900325"><time>2026-10-03T03:00:50.001Z</time><ele>7.96</ele></trkpt><trkpt lat="36.932285" lon="126.90038"><time>2026-10-03T03:00:53.001Z</time><ele>8.51</ele></trkpt><trkpt lat="36.932251" lon="126.900435"><time>2026-10-03T03:00:55.001Z</time><ele>8.42</ele></trkpt><trkpt lat="36.932209" lon="126.90049"><time>2026-10-03T03:00:57.001Z</time><ele>8.47</ele></trkpt><trkpt lat="36.932163" lon="126.900553"><time>2026-10-03T03:00:59.001Z</time><ele>8.44</ele></trkpt><trkpt lat="36.932118" lon="126.900619"><time>2026-10-03T03:01:01.001Z</time><ele>8.12</ele></trkpt><trkpt lat="36.93207" lon="126.900685"><time>2026-10-03T03:01:03.001Z</time><ele>8.12</ele></trkpt><trkpt lat="36.932035" lon="126.900732"><time>2026-10-03T03:01:05.001Z</time><ele>8.2</ele></trkpt><trkpt lat="36.931995" lon="126.900786"><time>2026-10-03T03:01:07.001Z</time><ele>8.15</ele></trkpt><trkpt lat="36.931953" lon="126.900841"><time>2026-10-03T03:01:09.001Z</time><ele>8.33</ele></trkpt><trkpt lat="36.931906" lon="126.900909"><time>2026-10-03T03:01:11.001Z</time><ele>8.43</ele></trkpt><trkpt lat="36.931865" lon="126.900967"><time>2026-10-03T03:01:13.001Z</time><ele>8.39</ele></trkpt><trkpt lat="36.931821" lon="126.901019"><time>2026-10-03T03:01:16.001Z</time><ele>8.17</ele></trkpt><trkpt lat="36.931786" lon="126.901061"><time>2026-10-03T03:01:19.001Z</time><ele>8.11</ele></trkpt><trkpt lat="36.931753" lon="126.901105"><time>2026-10-03T03:01:25.001Z</time><ele>8.18</ele></trkpt><trkpt lat="36.931718" lon="126.901152"><time>2026-10-03T03:01:27.001Z</time><ele>8.07</ele></trkpt><trkpt lat="36.931682" lon="126.901202"><time>2026-10-03T03:01:30.001Z</time><ele>8.11</ele></trkpt><trkpt lat="36.931645" lon="126.901251"><time>2026-10-03T03:01:32.001Z</time><ele>8.02</ele></trkpt><trkpt lat="36.931616" lon="126.901295"><time>2026-10-03T03:01:34.001Z</time><ele>7.92</ele></trkpt><trkpt lat="36.931573" lon="126.901346"><time>2026-10-03T03:01:36.001Z</time><ele>7.99</ele></trkpt><trkpt lat="36.931521" lon="126.901406"><time>2026-10-03T03:01:38.001Z</time><ele>8.02</ele></trkpt><trkpt lat="36.931464" lon="126.901476"><time>2026-10-03T03:01:40.001Z</time><ele>8.07</ele></trkpt><trkpt lat="36.931411" lon="126.90154"><time>2026-10-03T03:01:42.001Z</time><ele>8.1</ele></trkpt><trkpt lat="36.931372" lon="126.901585"><time>2026-10-03T03:01:44.002Z</time><ele>8.1</ele></trkpt><trkpt lat="36.931334" lon="126.901628"><time>2026-10-03T03:01:46.002Z</time><ele>8.42</ele></trkpt><trkpt lat="36.931288" lon="126.901681"><time>2026-10-03T03:01:48.002Z</time><ele>9.08</ele></trkpt><trkpt lat="36.931247" lon="126.901734"><time>2026-10-03T03:01:51.000Z</time><ele>9</ele></trkpt><trkpt lat="36.931199" lon="126.901789"><time>2026-10-03T03:01:54.000Z</time><ele>8.96</ele></trkpt><trkpt lat="36.931154" lon="126.901843"><time>2026-10-03T03:01:57.000Z</time><ele>8.99</ele></trkpt><trkpt lat="36.931098" lon="126.901909"><time>2026-10-03T03:02:09.000Z</time><ele>8.52</ele></trkpt><trkpt lat="36.931052" lon="126.901953"><time>2026-10-03T03:02:11.000Z</time><ele>8.67</ele></trkpt><trkpt lat="36.931012" lon="126.901999"><time>2026-10-03T03:02:13.000Z</time><ele>8.82</ele></trkpt><trkpt lat="36.930959" lon="126.902061"><time>2026-10-03T03:02:15.000Z</time><ele>8.77</ele></trkpt><trkpt lat="36.930916" lon="126.902103"><time>2026-10-03T03:02:17.000Z</time><ele>8.87</ele></trkpt><trkpt lat="36.930876" lon="126.902147"><time>2026-10-03T03:02:19.000Z</time><ele>8.83</ele></trkpt><trkpt lat="36.930819" lon="126.902209"><time>2026-10-03T03:02:21.000Z</time><ele>9.13</ele></trkpt><trkpt lat="36.930775" lon="126.902259"><time>2026-10-03T03:02:23.000Z</time><ele>9.12</ele></trkpt><trkpt lat="36.930731" lon="126.902301"><time>2026-10-03T03:02:25.000Z</time><ele>9.19</ele></trkpt><trkpt lat="36.930687" lon="126.902342"><time>2026-10-03T03:02:27.000Z</time><ele>9.12</ele></trkpt><trkpt lat="36.930648" lon="126.90238"><time>2026-10-03T03:02:29.000Z</time><ele>9.1</ele></trkpt><trkpt lat="36.930605" lon="126.902422"><time>2026-10-03T03:02:31.000Z</time><ele>9.15</ele></trkpt><trkpt lat="36.930559" lon="126.902467"><time>2026-10-03T03:02:34.000Z</time><ele>9.16</ele></trkpt><trkpt lat="36.930514" lon="126.902516"><time>2026-10-03T03:02:37.001Z</time><ele>9.29</ele></trkpt><trkpt lat="36.930467" lon="126.902563"><time>2026-10-03T03:02:39.001Z</time><ele>9.23</ele></trkpt><trkpt lat="36.930293" lon="126.902733"><time>2026-10-03T03:02:44.001Z</time><ele>10.16</ele></trkpt><trkpt lat="36.930231" lon="126.902791"><time>2026-10-03T03:02:46.001Z</time><ele>10.04</ele></trkpt><trkpt lat="36.930166" lon="126.902852"><time>2026-10-03T03:02:48.001Z</time><ele>10.18</ele></trkpt><trkpt lat="36.930108" lon="126.902904"><time>2026-10-03T03:02:50.001Z</time><ele>10.21</ele></trkpt><trkpt lat="36.930052" lon="126.902952"><time>2026-10-03T03:02:52.001Z</time><ele>10.22</ele></trkpt><trkpt lat="36.930002" lon="126.902999"><time>2026-10-03T03:02:54.001Z</time><ele>10.04</ele></trkpt><trkpt lat="36.929956" lon="126.903043"><time>2026-10-03T03:02:56.001Z</time><ele>9.93</ele></trkpt><trkpt lat="36.929897" lon="126.903098"><time>2026-10-03T03:02:58.001Z</time><ele>9.95</ele></trkpt><trkpt lat="36.929838" lon="126.903151"><time>2026-10-03T03:03:00.001Z</time><ele>10.13</ele></trkpt><trkpt lat="36.929781" lon="126.903204"><time>2026-10-03T03:03:02.001Z</time><ele>10.24</ele></trkpt><trkpt lat="36.929726" lon="126.903252"><time>2026-10-03T03:03:04.001Z</time><ele>10.42</ele></trkpt><trkpt lat="36.929674" lon="126.903295"><time>2026-10-03T03:03:06.001Z</time><ele>10.57</ele></trkpt><trkpt lat="36.929637" lon="126.903328"><time>2026-10-03T03:03:08.001Z</time><ele>10.69</ele></trkpt><trkpt lat="36.929588" lon="126.903367"><time>2026-10-03T03:03:10.001Z</time><ele>10.79</ele></trkpt><trkpt lat="36.929547" lon="126.903403"><time>2026-10-03T03:03:12.001Z</time><ele>10.94</ele></trkpt><trkpt lat="36.929507" lon="126.903436"><time>2026-10-03T03:03:14.001Z</time><ele>10.98</ele></trkpt><trkpt lat="36.929446" lon="126.90349"><time>2026-10-03T03:03:54.002Z</time><ele>11.71</ele></trkpt><trkpt lat="36.929394" lon="126.903537"><time>2026-10-03T03:03:56.000Z</time><ele>11.94</ele></trkpt><trkpt lat="36.929316" lon="126.903593"><time>2026-10-03T03:03:58.000Z</time><ele>12.11</ele></trkpt><trkpt lat="36.929275" lon="126.903625"><time>2026-10-03T03:03:59.000Z</time><ele>12.15</ele></trkpt><trkpt lat="36.929211" lon="126.903676"><time>2026-10-03T03:04:01.000Z</time><ele>12.18</ele></trkpt><trkpt lat="36.929171" lon="126.903709"><time>2026-10-03T03:04:02.000Z</time><ele>12.29</ele></trkpt><trkpt lat="36.92912" lon="126.903751"><time>2026-10-03T03:04:04.000Z</time><ele>12.39</ele></trkpt><trkpt lat="36.929063" lon="126.903792"><time>2026-10-03T03:04:06.000Z</time><ele>12.42</ele></trkpt><trkpt lat="36.92901" lon="126.903827"><time>2026-10-03T03:04:08.000Z</time><ele>12.61</ele></trkpt><trkpt lat="36.928945" lon="126.903873"><time>2026-10-03T03:04:10.000Z</time><ele>12.57</ele></trkpt><trkpt lat="36.92888" lon="126.903922"><time>2026-10-03T03:04:12.000Z</time><ele>12.68</ele></trkpt><trkpt lat="36.928808" lon="126.903972"><time>2026-10-03T03:04:14.000Z</time><ele>12.94</ele></trkpt><trkpt lat="36.928768" lon="126.904"><time>2026-10-03T03:04:15.000Z</time><ele>13.28</ele></trkpt><trkpt lat="36.928707" lon="126.904042"><time>2026-10-03T03:04:17.000Z</time><ele>13.19</ele></trkpt><trkpt lat="36.928644" lon="126.904084"><time>2026-10-03T03:04:19.000Z</time><ele>13.31</ele></trkpt><trkpt lat="36.92858" lon="126.904127"><time>2026-10-03T03:04:21.000Z</time><ele>13.17</ele></trkpt><trkpt lat="36.92852" lon="126.904163"><time>2026-10-03T03:04:23.000Z</time><ele>13.22</ele></trkpt><trkpt lat="36.928468" lon="126.904198"><time>2026-10-03T03:04:25.000Z</time><ele>13.43</ele></trkpt><trkpt lat="36.928392" lon="126.904249"><time>2026-10-03T03:04:27.000Z</time><ele>13.41</ele></trkpt><trkpt lat="36.92834" lon="126.90428"><time>2026-10-03T03:04:29.000Z</time><ele>13.35</ele></trkpt><trkpt lat="36.928289" lon="126.904312"><time>2026-10-03T03:04:31.000Z</time><ele>13.24</ele></trkpt><trkpt lat="36.928231" lon="126.904349"><time>2026-10-03T03:04:33.000Z</time><ele>13.04</ele></trkpt><trkpt lat="36.928184" lon="126.904382"><time>2026-10-03T03:04:35.000Z</time><ele>12.91</ele></trkpt><trkpt lat="36.928122" lon="126.90442"><time>2026-10-03T03:04:38.000Z</time><ele>13.03</ele></trkpt><trkpt lat="36.928073" lon="126.904453"><time>2026-10-03T03:04:41.000Z</time><ele>13.12</ele></trkpt><trkpt lat="36.928023" lon="126.904486"><time>2026-10-03T03:04:44.001Z</time><ele>13.16</ele></trkpt><trkpt lat="36.927965" lon="126.904517"><time>2026-10-03T03:04:47.001Z</time><ele>12.93</ele></trkpt><trkpt lat="36.927913" lon="126.904546"><time>2026-10-03T03:04:50.001Z</time><ele>12.83</ele></trkpt><trkpt lat="36.927872" lon="126.904574"><time>2026-10-03T03:04:53.001Z</time><ele>12.82</ele></trkpt><trkpt lat="36.927831" lon="126.904598"><time>2026-10-03T03:04:55.001Z</time><ele>12.7</ele></trkpt><trkpt lat="36.927777" lon="126.904629"><time>2026-10-03T03:04:58.001Z</time><ele>12.68</ele></trkpt><trkpt lat="36.927726" lon="126.904656"><time>2026-10-03T03:05:01.001Z</time><ele>12.58</ele></trkpt><trkpt lat="36.927668" lon="126.904685"><time>2026-10-03T03:05:04.001Z</time><ele>12.96</ele></trkpt><trkpt lat="36.92761" lon="126.904716"><time>2026-10-03T03:05:06.001Z</time><ele>13.14</ele></trkpt><trkpt lat="36.92756" lon="126.904743"><time>2026-10-03T03:05:08.001Z</time><ele>12.89</ele></trkpt><trkpt lat="36.927516" lon="126.904768"><time>2026-10-03T03:05:10.001Z</time><ele>12.66</ele></trkpt><trkpt lat="36.927472" lon="126.904793"><time>2026-10-03T03:05:13.001Z</time><ele>12.42</ele></trkpt><trkpt lat="36.927196" lon="126.904943"><time>2026-10-03T03:05:45.001Z</time><ele>11.48</ele></trkpt><trkpt lat="36.927142" lon="126.90497"><time>2026-10-03T03:05:47.001Z</time><ele>11.48</ele></trkpt><trkpt lat="36.926882" lon="126.905094"><time>2026-10-03T03:05:55.001Z</time><ele>10.89</ele></trkpt><trkpt lat="36.926826" lon="126.905117"><time>2026-10-03T03:05:57.001Z</time><ele>10.74</ele></trkpt><trkpt lat="36.926771" lon="126.905147"><time>2026-10-03T03:06:00.002Z</time><ele>10.85</ele></trkpt><trkpt lat="36.926717" lon="126.905168"><time>2026-10-03T03:06:21.000Z</time><ele>12</ele></trkpt><trkpt lat="36.926659" lon="126.905187"><time>2026-10-03T03:06:25.000Z</time><ele>11.02</ele></trkpt><trkpt lat="36.926601" lon="126.905214"><time>2026-10-03T03:06:27.000Z</time><ele>10.76</ele></trkpt><trkpt lat="36.926528" lon="126.905244"><time>2026-10-03T03:06:29.000Z</time><ele>10.5</ele></trkpt><trkpt lat="36.926453" lon="126.90528"><time>2026-10-03T03:06:31.000Z</time><ele>10.31</ele></trkpt><trkpt lat="36.926408" lon="126.905299"><time>2026-10-03T03:06:32.000Z</time><ele>10.15</ele></trkpt><trkpt lat="36.926333" lon="126.905325"><time>2026-10-03T03:06:34.000Z</time><ele>9.56</ele></trkpt><trkpt lat="36.926283" lon="126.905344"><time>2026-10-03T03:06:36.000Z</time><ele>9.34</ele></trkpt><trkpt lat="36.926223" lon="126.905369"><time>2026-10-03T03:06:39.000Z</time><ele>9.24</ele></trkpt><trkpt lat="36.926178" lon="126.905388"><time>2026-10-03T03:06:41.000Z</time><ele>9.1</ele></trkpt><trkpt lat="36.92613" lon="126.905405"><time>2026-10-03T03:06:43.000Z</time><ele>9.15</ele></trkpt><trkpt lat="36.926065" lon="126.905423"><time>2026-10-03T03:06:46.000Z</time><ele>9.6</ele></trkpt><trkpt lat="36.926" lon="126.905443"><time>2026-10-03T03:06:48.000Z</time><ele>9.66</ele></trkpt><trkpt lat="36.925949" lon="126.905464"><time>2026-10-03T03:06:50.000Z</time><ele>9.54</ele></trkpt><trkpt lat="36.925894" lon="126.905486"><time>2026-10-03T03:06:52.001Z</time><ele>9.35</ele></trkpt><trkpt lat="36.925846" lon="126.905505"><time>2026-10-03T03:06:54.001Z</time><ele>9.55</ele></trkpt><trkpt lat="36.925798" lon="126.905525"><time>2026-10-03T03:06:56.001Z</time><ele>9.71</ele></trkpt><trkpt lat="36.925744" lon="126.905542"><time>2026-10-03T03:06:59.001Z</time><ele>9.85</ele></trkpt><trkpt lat="36.925538" lon="126.905623"><time>2026-10-03T03:07:23.001Z</time><ele>10.42</ele></trkpt><trkpt lat="36.925493" lon="126.905637"><time>2026-10-03T03:07:24.001Z</time><ele>10.37</ele></trkpt><trkpt lat="36.92542" lon="126.905658"><time>2026-10-03T03:07:26.001Z</time><ele>10.28</ele></trkpt><trkpt lat="36.925255" lon="126.905708"><time>2026-10-03T03:07:30.001Z</time><ele>10.29</ele></trkpt><trkpt lat="36.9252" lon="126.905723"><time>2026-10-03T03:07:31.001Z</time><ele>10.28</ele></trkpt><trkpt lat="36.925145" lon="126.90574"><time>2026-10-03T03:07:32.001Z</time><ele>10.32</ele></trkpt><trkpt lat="36.925086" lon="126.90576"><time>2026-10-03T03:07:33.001Z</time><ele>10.53</ele></trkpt><trkpt lat="36.925032" lon="126.905775"><time>2026-10-03T03:07:34.001Z</time><ele>10.57</ele></trkpt><trkpt lat="36.924982" lon="126.905787"><time>2026-10-03T03:07:35.001Z</time><ele>10.68</ele></trkpt><trkpt lat="36.924936" lon="126.905796"><time>2026-10-03T03:07:36.001Z</time><ele>10.84</ele></trkpt><trkpt lat="36.924885" lon="126.905809"><time>2026-10-03T03:07:37.001Z</time><ele>11.06</ele></trkpt><trkpt lat="36.924833" lon="126.905823"><time>2026-10-03T03:07:38.001Z</time><ele>11.05</ele></trkpt><trkpt lat="36.924789" lon="126.905834"><time>2026-10-03T03:07:39.001Z</time><ele>11.08</ele></trkpt><trkpt lat="36.924743" lon="126.905844"><time>2026-10-03T03:07:40.001Z</time><ele>11.04</ele></trkpt><trkpt lat="36.924694" lon="126.905856"><time>2026-10-03T03:07:41.001Z</time><ele>11</ele></trkpt><trkpt lat="36.924645" lon="126.905867"><time>2026-10-03T03:07:42.001Z</time><ele>10.99</ele></trkpt><trkpt lat="36.924558" lon="126.905885"><time>2026-10-03T03:07:44.001Z</time><ele>11</ele></trkpt><trkpt lat="36.92451" lon="126.905895"><time>2026-10-03T03:07:45.001Z</time><ele>11.11</ele></trkpt><trkpt lat="36.924462" lon="126.905905"><time>2026-10-03T03:07:46.001Z</time><ele>11.22</ele></trkpt><trkpt lat="36.924414" lon="126.905915"><time>2026-10-03T03:07:47.001Z</time><ele>11.5</ele></trkpt><trkpt lat="36.924368" lon="126.905924"><time>2026-10-03T03:07:48.001Z</time><ele>11.65</ele></trkpt><trkpt lat="36.924323" lon="126.905936"><time>2026-10-03T03:07:49.001Z</time><ele>11.65</ele></trkpt><trkpt lat="36.924275" lon="126.905947"><time>2026-10-03T03:07:50.001Z</time><ele>11.76</ele></trkpt><trkpt lat="36.924229" lon="126.905956"><time>2026-10-03T03:07:51.001Z</time><ele>11.78</ele></trkpt><trkpt lat="36.924178" lon="126.905965"><time>2026-10-03T03:07:52.001Z</time><ele>11.72</ele></trkpt><trkpt lat="36.924119" lon="126.905976"><time>2026-10-03T03:07:53.001Z</time><ele>11.72</ele></trkpt><trkpt lat="36.924056" lon="126.905989"><time>2026-10-03T03:07:54.001Z</time><ele>11.99</ele></trkpt><trkpt lat="36.923992" lon="126.905999"><time>2026-10-03T03:07:55.001Z</time><ele>12.03</ele></trkpt><trkpt lat="36.923927" lon="126.906008"><time>2026-10-03T03:07:56.001Z</time><ele>12.15</ele></trkpt><trkpt lat="36.923864" lon="126.906017"><time>2026-10-03T03:07:57.001Z</time><ele>12.42</ele></trkpt><trkpt lat="36.923802" lon="126.906029"><time>2026-10-03T03:07:58.001Z</time><ele>12.48</ele></trkpt><trkpt lat="36.923735" lon="126.90604"><time>2026-10-03T03:07:59.001Z</time><ele>12.65</ele></trkpt><trkpt lat="36.923664" lon="126.906052"><time>2026-10-03T03:08:00.001Z</time><ele>12.84</ele></trkpt><trkpt lat="36.923591" lon="126.906063"><time>2026-10-03T03:08:01.001Z</time><ele>13.07</ele></trkpt><trkpt lat="36.923514" lon="126.906073"><time>2026-10-03T03:08:02.001Z</time><ele>13.2</ele></trkpt><trkpt lat="36.923438" lon="126.906083"><time>2026-10-03T03:08:03.001Z</time><ele>13.42</ele></trkpt><trkpt lat="36.923361" lon="126.906092"><time>2026-10-03T03:08:04.001Z</time><ele>13.44</ele></trkpt><trkpt lat="36.923287" lon="126.9061"><time>2026-10-03T03:08:05.001Z</time><ele>13.53</ele></trkpt><trkpt lat="36.923214" lon="126.906106"><time>2026-10-03T03:08:06.002Z</time><ele>13.65</ele></trkpt><trkpt lat="36.923142" lon="126.906113"><time>2026-10-03T03:08:07.000Z</time><ele>13.51</ele></trkpt><trkpt lat="36.923076" lon="126.90612"><time>2026-10-03T03:08:08.000Z</time><ele>13.56</ele></trkpt><trkpt lat="36.923014" lon="126.906124"><time>2026-10-03T03:08:09.000Z</time><ele>13.55</ele></trkpt><trkpt lat="36.922961" lon="126.90613"><time>2026-10-03T03:08:10.000Z</time><ele>13.66</ele></trkpt><trkpt lat="36.922915" lon="126.906135"><time>2026-10-03T03:08:11.000Z</time><ele>13.77</ele></trkpt><trkpt lat="36.922844" lon="126.906139"><time>2026-10-03T03:08:13.000Z</time><ele>13.69</ele></trkpt><trkpt lat="36.922796" lon="126.906141"><time>2026-10-03T03:08:15.000Z</time><ele>13.46</ele></trkpt><trkpt lat="36.922729" lon="126.906135"><time>2026-10-03T03:08:50.000Z</time><ele>14.01</ele></trkpt><trkpt lat="36.922681" lon="126.906142"><time>2026-10-03T03:08:52.000Z</time><ele>14.1</ele></trkpt><trkpt lat="36.922624" lon="126.906148"><time>2026-10-03T03:08:55.000Z</time><ele>14.33</ele></trkpt><trkpt lat="36.92257" lon="126.906131"><time>2026-10-03T03:09:35.001Z</time><ele>16.29</ele></trkpt><trkpt lat="36.922519" lon="126.906127"><time>2026-10-03T03:09:41.001Z</time><ele>17.41</ele></trkpt><trkpt lat="36.922425" lon="126.906138"><time>2026-10-03T03:09:43.001Z</time><ele>17.21</ele></trkpt><trkpt lat="36.922365" lon="126.906146"><time>2026-10-03T03:09:44.001Z</time><ele>17.18</ele></trkpt><trkpt lat="36.922297" lon="126.906154"><time>2026-10-03T03:09:45.001Z</time><ele>16.94</ele></trkpt><trkpt lat="36.922222" lon="126.906165"><time>2026-10-03T03:09:46.001Z</time><ele>17</ele></trkpt><trkpt lat="36.922135" lon="126.906176"><time>2026-10-03T03:09:47.001Z</time><ele>17.1</ele></trkpt><trkpt lat="36.922044" lon="126.906188"><time>2026-10-03T03:09:48.001Z</time><ele>17.13</ele></trkpt><trkpt lat="36.921949" lon="126.9062"><time>2026-10-03T03:09:49.001Z</time><ele>16.87</ele></trkpt><trkpt lat="36.921857" lon="126.906216"><time>2026-10-03T03:09:50.001Z</time><ele>16.76</ele></trkpt><trkpt lat="36.921775" lon="126.90623"><time>2026-10-03T03:09:51.001Z</time><ele>16.2</ele></trkpt><trkpt lat="36.921697" lon="126.906245"><time>2026-10-03T03:09:52.001Z</time><ele>15.89</ele></trkpt><trkpt lat="36.921614" lon="126.90626"><time>2026-10-03T03:09:53.001Z</time><ele>16.04</ele></trkpt><trkpt lat="36.921524" lon="126.90627"><time>2026-10-03T03:09:54.001Z</time><ele>15.77</ele></trkpt><trkpt lat="36.921431" lon="126.906279"><time>2026-10-03T03:09:55.001Z</time><ele>15.7</ele></trkpt><trkpt lat="36.92134" lon="126.906289"><time>2026-10-03T03:09:56.001Z</time><ele>15.65</ele></trkpt><trkpt lat="36.921246" lon="126.906299"><time>2026-10-03T03:09:57.001Z</time><ele>15.56</ele></trkpt><trkpt lat="36.921149" lon="126.906312"><time>2026-10-03T03:09:58.001Z</time><ele>15.35</ele></trkpt><trkpt lat="36.921054" lon="126.906322"><time>2026-10-03T03:09:59.001Z</time><ele>15.05</ele></trkpt><trkpt lat="36.920968" lon="126.906333"><time>2026-10-03T03:10:00.001Z</time><ele>14.97</ele></trkpt><trkpt lat="36.920885" lon="126.90634"><time>2026-10-03T03:10:01.001Z</time><ele>14.79</ele></trkpt><trkpt lat="36.920803" lon="126.906352"><time>2026-10-03T03:10:02.001Z</time><ele>14.95</ele></trkpt><trkpt lat="36.920727" lon="126.906359"><time>2026-10-03T03:10:03.001Z</time><ele>14.87</ele></trkpt><trkpt lat="36.920661" lon="126.906367"><time>2026-10-03T03:10:04.001Z</time><ele>14.66</ele></trkpt><trkpt lat="36.920611" lon="126.906375"><time>2026-10-03T03:10:05.001Z</time><ele>14.61</ele></trkpt><trkpt lat="36.920537" lon="126.906387"><time>2026-10-03T03:10:07.001Z</time><ele>14.5</ele></trkpt><trkpt lat="36.920476" lon="126.9064"><time>2026-10-03T03:10:53.000Z</time><ele>14.43</ele></trkpt><trkpt lat="36.920413" lon="126.906404"><time>2026-10-03T03:10:55.000Z</time><ele>14.15</ele></trkpt><trkpt lat="36.920356" lon="126.906415"><time>2026-10-03T03:10:57.000Z</time><ele>13.95</ele></trkpt><trkpt lat="36.920272" lon="126.906421"><time>2026-10-03T03:10:59.000Z</time><ele>13.89</ele></trkpt><trkpt lat="36.92022" lon="126.906424"><time>2026-10-03T03:11:00.000Z</time><ele>13.78</ele></trkpt><trkpt lat="36.920159" lon="126.906427"><time>2026-10-03T03:11:01.000Z</time><ele>13.93</ele></trkpt><trkpt lat="36.920097" lon="126.906434"><time>2026-10-03T03:11:02.000Z</time><ele>13.73</ele></trkpt><trkpt lat="36.919978" lon="126.906451"><time>2026-10-03T03:11:04.000Z</time><ele>13.78</ele></trkpt><trkpt lat="36.919921" lon="126.906458"><time>2026-10-03T03:11:05.000Z</time><ele>13.57</ele></trkpt><trkpt lat="36.91986" lon="126.906465"><time>2026-10-03T03:11:06.001Z</time><ele>13.52</ele></trkpt><trkpt lat="36.919805" lon="126.906469"><time>2026-10-03T03:11:07.001Z</time><ele>13.54</ele></trkpt><trkpt lat="36.919754" lon="126.906474"><time>2026-10-03T03:11:08.001Z</time><ele>13.31</ele></trkpt><trkpt lat="36.919671" lon="126.906484"><time>2026-10-03T03:11:10.001Z</time><ele>13.12</ele></trkpt><trkpt lat="36.919616" lon="126.906485"><time>2026-10-03T03:11:12.001Z</time><ele>12.89</ele></trkpt><trkpt lat="36.919559" lon="126.906491"><time>2026-10-03T03:11:14.001Z</time><ele>13.01</ele></trkpt><trkpt lat="36.919499" lon="126.906497"><time>2026-10-03T03:11:17.001Z</time><ele>12.74</ele></trkpt><trkpt lat="36.919422" lon="126.906514"><time>2026-10-03T03:11:30.001Z</time><ele>13.62</ele></trkpt><trkpt lat="36.919353" lon="126.906517"><time>2026-10-03T03:11:32.001Z</time><ele>13.4</ele></trkpt><trkpt lat="36.919298" lon="126.906528"><time>2026-10-03T03:11:34.001Z</time><ele>13.33</ele></trkpt><trkpt lat="36.919254" lon="126.906535"><time>2026-10-03T03:11:36.001Z</time><ele>13.35</ele></trkpt><trkpt lat="36.9192" lon="126.906544"><time>2026-10-03T03:11:39.001Z</time><ele>13.37</ele></trkpt><trkpt lat="36.91915" lon="126.90655"><time>2026-10-03T03:11:42.001Z</time><ele>13.33</ele></trkpt><trkpt lat="36.919098" lon="126.906559"><time>2026-10-03T03:11:45.001Z</time><ele>13.32</ele></trkpt><trkpt lat="36.919034" lon="126.906531"><time>2026-10-03T03:12:51.000Z</time><ele>17.14</ele></trkpt><trkpt lat="36.918988" lon="126.906533"><time>2026-10-03T03:12:52.000Z</time><ele>16.97</ele></trkpt><trkpt lat="36.918941" lon="126.906537"><time>2026-10-03T03:12:53.000Z</time><ele>16.43</ele></trkpt><trkpt lat="36.918858" lon="126.906552"><time>2026-10-03T03:12:55.000Z</time><ele>15.82</ele></trkpt><trkpt lat="36.91867" lon="126.906579"><time>2026-10-03T03:12:59.000Z</time><ele>14.55</ele></trkpt><trkpt lat="36.9186" lon="126.90659"><time>2026-10-03T03:13:01.000Z</time><ele>14.26</ele></trkpt><trkpt lat="36.91855" lon="126.906586"><time>2026-10-03T03:13:09.000Z</time><ele>15.13</ele></trkpt><trkpt lat="36.918485" lon="126.906589"><time>2026-10-03T03:13:11.001Z</time><ele>14.76</ele></trkpt><trkpt lat="36.918431" lon="126.906593"><time>2026-10-03T03:13:13.001Z</time><ele>14.4</ele></trkpt><trkpt lat="36.918367" lon="126.906609"><time>2026-10-03T03:13:15.001Z</time><ele>14.31</ele></trkpt><trkpt lat="36.918311" lon="126.906623"><time>2026-10-03T03:13:17.001Z</time><ele>14.42</ele></trkpt><trkpt lat="36.918265" lon="126.906629"><time>2026-10-03T03:13:19.001Z</time><ele>14.18</ele></trkpt><trkpt lat="36.918207" lon="126.906636"><time>2026-10-03T03:13:29.001Z</time><ele>14.87</ele></trkpt><trkpt lat="36.918162" lon="126.906636"><time>2026-10-03T03:13:31.001Z</time><ele>14.73</ele></trkpt><trkpt lat="36.918105" lon="126.906637"><time>2026-10-03T03:13:33.001Z</time><ele>14.78</ele></trkpt><trkpt lat="36.918045" lon="126.906654"><time>2026-10-03T03:13:52.001Z</time><ele>13.58</ele></trkpt><trkpt lat="36.917984" lon="126.906661"><time>2026-10-03T03:13:55.001Z</time><ele>13.81</ele></trkpt><trkpt lat="36.917921" lon="126.906675"><time>2026-10-03T03:13:58.001Z</time><ele>13.67</ele></trkpt><trkpt lat="36.917862" lon="126.906681"><time>2026-10-03T03:14:00.001Z</time><ele>13.54</ele></trkpt><trkpt lat="36.917805" lon="126.906686"><time>2026-10-03T03:14:02.001Z</time><ele>13.51</ele></trkpt><trkpt lat="36.917748" lon="126.906697"><time>2026-10-03T03:14:04.001Z</time><ele>13.76</ele></trkpt><trkpt lat="36.91768" lon="126.906709"><time>2026-10-03T03:14:07.001Z</time><ele>13.56</ele></trkpt><trkpt lat="36.91762" lon="126.906718"><time>2026-10-03T03:14:18.001Z</time><ele>13.3</ele></trkpt><trkpt lat="36.917567" lon="126.906726"><time>2026-10-03T03:14:20.001Z</time><ele>13.32</ele></trkpt><trkpt lat="36.91751" lon="126.906731"><time>2026-10-03T03:14:23.002Z</time><ele>13.16</ele></trkpt><trkpt lat="36.917459" lon="126.906737"><time>2026-10-03T03:14:26.000Z</time><ele>13.08</ele></trkpt><trkpt lat="36.917401" lon="126.906746"><time>2026-10-03T03:14:29.000Z</time><ele>13.05</ele></trkpt><trkpt lat="36.917331" lon="126.906757"><time>2026-10-03T03:14:32.000Z</time><ele>13.25</ele></trkpt><trkpt lat="36.917267" lon="126.906762"><time>2026-10-03T03:14:35.000Z</time><ele>13.41</ele></trkpt><trkpt lat="36.917209" lon="126.906769"><time>2026-10-03T03:14:38.000Z</time><ele>13.47</ele></trkpt><trkpt lat="36.917089" lon="126.906786"><time>2026-10-03T03:14:46.000Z</time><ele>13.62</ele></trkpt><trkpt lat="36.916969" lon="126.906797"><time>2026-10-03T03:14:55.000Z</time><ele>13.7</ele></trkpt><trkpt lat="36.916924" lon="126.906799"><time>2026-10-03T03:14:58.000Z</time><ele>13.87</ele></trkpt><trkpt lat="36.916801" lon="126.906813"><time>2026-10-03T03:15:20.001Z</time><ele>13.18</ele></trkpt><trkpt lat="36.916745" lon="126.90682"><time>2026-10-03T03:15:23.001Z</time><ele>13.46</ele></trkpt><trkpt lat="36.916691" lon="126.906829"><time>2026-10-03T03:15:27.001Z</time><ele>13.84</ele></trkpt><trkpt lat="36.916644" lon="126.906832"><time>2026-10-03T03:15:30.001Z</time><ele>13.8</ele></trkpt><trkpt lat="36.916595" lon="126.906836"><time>2026-10-03T03:15:33.001Z</time><ele>13.98</ele></trkpt><trkpt lat="36.916537" lon="126.906841"><time>2026-10-03T03:15:37.001Z</time><ele>14.31</ele></trkpt><trkpt lat="36.91649" lon="126.906837"><time>2026-10-03T03:15:49.001Z</time><ele>15.13</ele></trkpt><trkpt lat="36.916354" lon="126.906842"><time>2026-10-03T03:16:05.001Z</time><ele>15.7</ele></trkpt><trkpt lat="36.916281" lon="126.906864"><time>2026-10-03T03:16:17.001Z</time><ele>16.36</ele></trkpt><trkpt lat="36.916235" lon="126.906862"><time>2026-10-03T03:16:31.000Z</time><ele>17.08</ele></trkpt><trkpt lat="36.916176" lon="126.906869"><time>2026-10-03T03:16:35.000Z</time><ele>16.82</ele></trkpt><trkpt lat="36.916129" lon="126.906868"><time>2026-10-03T03:16:38.000Z</time><ele>17.08</ele></trkpt><trkpt lat="36.916075" lon="126.906874"><time>2026-10-03T03:16:42.000Z</time><ele>16.82</ele></trkpt><trkpt lat="36.916023" lon="126.906878"><time>2026-10-03T03:16:45.000Z</time><ele>16.5</ele></trkpt><trkpt lat="36.915963" lon="126.906898"><time>2026-10-03T03:16:55.000Z</time><ele>15.28</ele></trkpt><trkpt lat="36.915914" lon="126.906914"><time>2026-10-03T03:17:05.000Z</time><ele>15.17</ele></trkpt><trkpt lat="36.915865" lon="126.906925"><time>2026-10-03T03:17:10.000Z</time><ele>15.64</ele></trkpt><trkpt lat="36.915813" lon="126.906925"><time>2026-10-03T03:17:17.000Z</time><ele>16.09</ele></trkpt><trkpt lat="36.915765" lon="126.906929"><time>2026-10-03T03:17:21.001Z</time><ele>16.69</ele></trkpt><trkpt lat="36.915703" lon="126.906928"><time>2026-10-03T03:17:25.001Z</time><ele>17.01</ele></trkpt><trkpt lat="36.915653" lon="126.906934"><time>2026-10-03T03:17:28.001Z</time><ele>17.16</ele></trkpt><trkpt lat="36.915608" lon="126.906943"><time>2026-10-03T03:17:31.001Z</time><ele>17.44</ele></trkpt><trkpt lat="36.91555" lon="126.906955"><time>2026-10-03T03:17:36.001Z</time><ele>16.91</ele></trkpt><trkpt lat="36.915498" lon="126.906963"><time>2026-10-03T03:17:39.001Z</time><ele>16.07</ele></trkpt><trkpt lat="36.915441" lon="126.90697"><time>2026-10-03T03:17:42.001Z</time><ele>15.51</ele></trkpt><trkpt lat="36.915394" lon="126.90698"><time>2026-10-03T03:17:45.001Z</time><ele>14.95</ele></trkpt><trkpt lat="36.915191" lon="126.90702"><time>2026-10-03T03:17:54.001Z</time><ele>13.59</ele></trkpt><trkpt lat="36.915144" lon="126.907031"><time>2026-10-03T03:17:55.001Z</time><ele>13.63</ele></trkpt><trkpt lat="36.915077" lon="126.90705"><time>2026-10-03T03:17:57.001Z</time><ele>13.39</ele></trkpt><trkpt lat="36.915009" lon="126.907061"><time>2026-10-03T03:17:59.001Z</time><ele>13.78</ele></trkpt><trkpt lat="36.914938" lon="126.907074"><time>2026-10-03T03:18:01.001Z</time><ele>13.88</ele></trkpt><trkpt lat="36.914864" lon="126.907087"><time>2026-10-03T03:18:03.001Z</time><ele>13.93</ele></trkpt><trkpt lat="36.914514" lon="126.907138"><time>2026-10-03T03:18:10.001Z</time><ele>13.07</ele></trkpt><trkpt lat="36.914467" lon="126.907146"><time>2026-10-03T03:18:11.001Z</time><ele>12.86</ele></trkpt><trkpt lat="36.914412" lon="126.907155"><time>2026-10-03T03:18:12.001Z</time><ele>12.6</ele></trkpt><trkpt lat="36.914356" lon="126.907168"><time>2026-10-03T03:18:13.001Z</time><ele>12.35</ele></trkpt><trkpt lat="36.914306" lon="126.907177"><time>2026-10-03T03:18:14.001Z</time><ele>12.2</ele></trkpt><trkpt lat="36.914259" lon="126.907184"><time>2026-10-03T03:18:15.001Z</time><ele>12.13</ele></trkpt><trkpt lat="36.914176" lon="126.9072"><time>2026-10-03T03:18:17.001Z</time><ele>12.07</ele></trkpt><trkpt lat="36.914095" lon="126.907215"><time>2026-10-03T03:18:19.001Z</time><ele>11.96</ele></trkpt><trkpt lat="36.914006" lon="126.907236"><time>2026-10-03T03:18:21.001Z</time><ele>11.76</ele></trkpt><trkpt lat="36.913917" lon="126.907254"><time>2026-10-03T03:18:23.001Z</time><ele>11.81</ele></trkpt><trkpt lat="36.913827" lon="126.907276"><time>2026-10-03T03:18:25.001Z</time><ele>11.81</ele></trkpt><trkpt lat="36.913777" lon="126.907291"><time>2026-10-03T03:18:26.001Z</time><ele>12.1</ele></trkpt><trkpt lat="36.913715" lon="126.907305"><time>2026-10-03T03:18:27.001Z</time><ele>12.26</ele></trkpt><trkpt lat="36.913648" lon="126.907323"><time>2026-10-03T03:18:28.002Z</time><ele>12.27</ele></trkpt><trkpt lat="36.913574" lon="126.907344"><time>2026-10-03T03:18:29.002Z</time><ele>12.19</ele></trkpt><trkpt lat="36.913496" lon="126.907359"><time>2026-10-03T03:18:30.002Z</time><ele>12.04</ele></trkpt><trkpt lat="36.913414" lon="126.907376"><time>2026-10-03T03:18:31.002Z</time><ele>12</ele></trkpt><trkpt lat="36.913325" lon="126.907396"><time>2026-10-03T03:18:32.002Z</time><ele>12.03</ele></trkpt><trkpt lat="36.913225" lon="126.907411"><time>2026-10-03T03:18:33.002Z</time><ele>11.84</ele></trkpt><trkpt lat="36.913123" lon="126.907434"><time>2026-10-03T03:18:34.002Z</time><ele>11.85</ele></trkpt><trkpt lat="36.913024" lon="126.907456"><time>2026-10-03T03:18:35.002Z</time><ele>12.21</ele></trkpt><trkpt lat="36.912924" lon="126.907481"><time>2026-10-03T03:18:36.002Z</time><ele>12.3</ele></trkpt><trkpt lat="36.91283" lon="126.907493"><time>2026-10-03T03:18:37.000Z</time><ele>12.26</ele></trkpt><trkpt lat="36.912742" lon="126.907518"><time>2026-10-03T03:18:38.000Z</time><ele>12.1</ele></trkpt><trkpt lat="36.912652" lon="126.907535"><time>2026-10-03T03:18:39.000Z</time><ele>12.15</ele></trkpt><trkpt lat="36.912555" lon="126.90756"><time>2026-10-03T03:18:40.000Z</time><ele>12.27</ele></trkpt><trkpt lat="36.912459" lon="126.907586"><time>2026-10-03T03:18:41.000Z</time><ele>12.25</ele></trkpt><trkpt lat="36.91236" lon="126.907598"><time>2026-10-03T03:18:42.000Z</time><ele>12.7</ele></trkpt><trkpt lat="36.912262" lon="126.907624"><time>2026-10-03T03:18:43.000Z</time><ele>13.41</ele></trkpt><trkpt lat="36.912165" lon="126.907643"><time>2026-10-03T03:18:44.000Z</time><ele>13.8</ele></trkpt><trkpt lat="36.912064" lon="126.907664"><time>2026-10-03T03:18:45.000Z</time><ele>13.85</ele></trkpt><trkpt lat="36.911976" lon="126.907681"><time>2026-10-03T03:18:46.000Z</time><ele>13.59</ele></trkpt><trkpt lat="36.911902" lon="126.9077"><time>2026-10-03T03:18:47.000Z</time><ele>13.62</ele></trkpt><trkpt lat="36.911836" lon="126.907717"><time>2026-10-03T03:18:48.000Z</time><ele>13.8</ele></trkpt><trkpt lat="36.911771" lon="126.907719"><time>2026-10-03T03:18:49.000Z</time><ele>14.5</ele></trkpt><trkpt lat="36.911696" lon="126.907736"><time>2026-10-03T03:18:50.000Z</time><ele>14.74</ele></trkpt><trkpt lat="36.91162" lon="126.907753"><time>2026-10-03T03:18:51.000Z</time><ele>15.01</ele></trkpt><trkpt lat="36.911556" lon="126.907787"><time>2026-10-03T03:18:52.000Z</time><ele>14.66</ele></trkpt><trkpt lat="36.911472" lon="126.907799"><time>2026-10-03T03:18:53.000Z</time><ele>14.16</ele></trkpt><trkpt lat="36.911374" lon="126.907817"><time>2026-10-03T03:18:54.000Z</time><ele>14.22</ele></trkpt><trkpt lat="36.91127" lon="126.907843"><time>2026-10-03T03:18:55.000Z</time><ele>13.38</ele></trkpt><trkpt lat="36.91116" lon="126.907871"><time>2026-10-03T03:18:56.000Z</time><ele>13.7</ele></trkpt><trkpt lat="36.911044" lon="126.907896"><time>2026-10-03T03:18:57.000Z</time><ele>14.55</ele></trkpt><trkpt lat="36.910931" lon="126.907922"><time>2026-10-03T03:18:58.000Z</time><ele>14.75</ele></trkpt><trkpt lat="36.910816" lon="126.90795"><time>2026-10-03T03:18:59.000Z</time><ele>15.19</ele></trkpt><trkpt lat="36.910693" lon="126.907974"><time>2026-10-03T03:19:00.000Z</time><ele>15.39</ele></trkpt><trkpt lat="36.91057" lon="126.908"><time>2026-10-03T03:19:01.000Z</time><ele>14.8</ele></trkpt><trkpt lat="36.910436" lon="126.908031"><time>2026-10-03T03:19:02.000Z</time><ele>14.99</ele></trkpt><trkpt lat="36.91031" lon="126.908056"><time>2026-10-03T03:19:03.000Z</time><ele>15.16</ele></trkpt><trkpt lat="36.910194" lon="126.908084"><time>2026-10-03T03:19:04.000Z</time><ele>15.02</ele></trkpt><trkpt lat="36.910084" lon="126.908111"><time>2026-10-03T03:19:05.000Z</time><ele>14.63</ele></trkpt><trkpt lat="36.909965" lon="126.908136"><time>2026-10-03T03:19:06.000Z</time><ele>15.06</ele></trkpt><trkpt lat="36.90985" lon="126.908164"><time>2026-10-03T03:19:07.000Z</time><ele>14.99</ele></trkpt><trkpt lat="36.909733" lon="126.908186"><time>2026-10-03T03:19:08.000Z</time><ele>15.41</ele></trkpt><trkpt lat="36.909625" lon="126.90821"><time>2026-10-03T03:19:09.000Z</time><ele>14.97</ele></trkpt><trkpt lat="36.909528" lon="126.908232"><time>2026-10-03T03:19:10.000Z</time><ele>14.83</ele></trkpt><trkpt lat="36.90944" lon="126.908248"><time>2026-10-03T03:19:11.000Z</time><ele>14.67</ele></trkpt><trkpt lat="36.909357" lon="126.908266"><time>2026-10-03T03:19:12.000Z</time><ele>14.61</ele></trkpt><trkpt lat="36.909277" lon="126.908287"><time>2026-10-03T03:19:13.000Z</time><ele>14.8</ele></trkpt><trkpt lat="36.909187" lon="126.908307"><time>2026-10-03T03:19:14.000Z</time><ele>15.11</ele></trkpt><trkpt lat="36.909095" lon="126.908326"><time>2026-10-03T03:19:15.000Z</time><ele>15.39</ele></trkpt><trkpt lat="36.909005" lon="126.908348"><time>2026-10-03T03:19:16.000Z</time><ele>15.65</ele></trkpt><trkpt lat="36.908923" lon="126.908373"><time>2026-10-03T03:19:17.000Z</time><ele>15.9</ele></trkpt><trkpt lat="36.908841" lon="126.908408"><time>2026-10-03T03:19:18.000Z</time><ele>16.02</ele></trkpt><trkpt lat="36.908766" lon="126.908446"><time>2026-10-03T03:19:19.000Z</time><ele>16.15</ele></trkpt><trkpt lat="36.908695" lon="126.908489"><time>2026-10-03T03:19:20.000Z</time><ele>16.17</ele></trkpt><trkpt lat="36.90863" lon="126.908532"><time>2026-10-03T03:19:21.000Z</time><ele>16.06</ele></trkpt><trkpt lat="36.908561" lon="126.908572"><time>2026-10-03T03:19:22.000Z</time><ele>15.96</ele></trkpt><trkpt lat="36.908488" lon="126.908605"><time>2026-10-03T03:19:23.000Z</time><ele>15.87</ele></trkpt><trkpt lat="36.908412" lon="126.90863"><time>2026-10-03T03:19:24.000Z</time><ele>15.94</ele></trkpt><trkpt lat="36.908337" lon="126.90864"><time>2026-10-03T03:19:25.001Z</time><ele>15.7</ele></trkpt><trkpt lat="36.908263" lon="126.908689"><time>2026-10-03T03:19:26.001Z</time><ele>15.66</ele></trkpt><trkpt lat="36.908189" lon="126.908716"><time>2026-10-03T03:19:27.001Z</time><ele>15.33</ele></trkpt><trkpt lat="36.908123" lon="126.908729"><time>2026-10-03T03:19:28.001Z</time><ele>15.22</ele></trkpt><trkpt lat="36.908058" lon="126.908741"><time>2026-10-03T03:19:29.001Z</time><ele>14.99</ele></trkpt><trkpt lat="36.90799" lon="126.908754"><time>2026-10-03T03:19:30.001Z</time><ele>14.77</ele></trkpt><trkpt lat="36.907839" lon="126.908687"><time>2026-10-03T03:19:32.001Z</time><ele>14.43</ele></trkpt><trkpt lat="36.90777" lon="126.9087"><time>2026-10-03T03:19:33.001Z</time><ele>14.14</ele></trkpt><trkpt lat="36.907707" lon="126.908708"><time>2026-10-03T03:19:34.001Z</time><ele>13.9</ele></trkpt><trkpt lat="36.907644" lon="126.908719"><time>2026-10-03T03:19:35.001Z</time><ele>13.76</ele></trkpt><trkpt lat="36.907587" lon="126.90873"><time>2026-10-03T03:19:36.001Z</time><ele>13.77</ele></trkpt><trkpt lat="36.907535" lon="126.908739"><time>2026-10-03T03:19:37.001Z</time><ele>13.52</ele></trkpt><trkpt lat="36.907486" lon="126.90875"><time>2026-10-03T03:19:38.001Z</time><ele>13.45</ele></trkpt><trkpt lat="36.90741" lon="126.908762"><time>2026-10-03T03:19:40.001Z</time><ele>13.07</ele></trkpt><trkpt lat="36.907352" lon="126.908771"><time>2026-10-03T03:19:42.001Z</time><ele>13.07</ele></trkpt><trkpt lat="36.907286" lon="126.908779"><time>2026-10-03T03:19:45.001Z</time><ele>12.86</ele></trkpt><trkpt lat="36.907228" lon="126.908787"><time>2026-10-03T03:19:47.001Z</time><ele>12.46</ele></trkpt><trkpt lat="36.907171" lon="126.908799"><time>2026-10-03T03:19:49.001Z</time><ele>12.23</ele></trkpt><trkpt lat="36.907086" lon="126.908815"><time>2026-10-03T03:19:51.001Z</time><ele>12.13</ele></trkpt><trkpt lat="36.907041" lon="126.908819"><time>2026-10-03T03:19:52.001Z</time><ele>12.15</ele></trkpt><trkpt lat="36.906982" lon="126.908826"><time>2026-10-03T03:19:53.001Z</time><ele>12.13</ele></trkpt><trkpt lat="36.906924" lon="126.908838"><time>2026-10-03T03:19:54.001Z</time><ele>12.08</ele></trkpt><trkpt lat="36.906865" lon="126.90885"><time>2026-10-03T03:19:55.001Z</time><ele>12.07</ele></trkpt><trkpt lat="36.906795" lon="126.908864"><time>2026-10-03T03:19:56.001Z</time><ele>12.1</ele></trkpt><trkpt lat="36.906733" lon="126.908878"><time>2026-10-03T03:19:57.001Z</time><ele>12.09</ele></trkpt><trkpt lat="36.906679" lon="126.908888"><time>2026-10-03T03:19:58.001Z</time><ele>12.01</ele></trkpt><trkpt lat="36.906619" lon="126.908899"><time>2026-10-03T03:19:59.001Z</time><ele>12</ele></trkpt><trkpt lat="36.906552" lon="126.908911"><time>2026-10-03T03:20:00.001Z</time><ele>12.07</ele></trkpt><trkpt lat="36.906489" lon="126.908924"><time>2026-10-03T03:20:01.001Z</time><ele>11.9</ele></trkpt><trkpt lat="36.906412" lon="126.90894"><time>2026-10-03T03:20:02.001Z</time><ele>11.71</ele></trkpt><trkpt lat="36.906332" lon="126.908957"><time>2026-10-03T03:20:03.001Z</time><ele>11.7</ele></trkpt><trkpt lat="36.906248" lon="126.908974"><time>2026-10-03T03:20:04.001Z</time><ele>11.62</ele></trkpt><trkpt lat="36.906162" lon="126.908994"><time>2026-10-03T03:20:05.001Z</time><ele>11.63</ele></trkpt><trkpt lat="36.906072" lon="126.909015"><time>2026-10-03T03:20:06.001Z</time><ele>11.51</ele></trkpt><trkpt lat="36.905975" lon="126.909036"><time>2026-10-03T03:20:07.001Z</time><ele>11.38</ele></trkpt><trkpt lat="36.905878" lon="126.909061"><time>2026-10-03T03:20:08.001Z</time><ele>11.44</ele></trkpt><trkpt lat="36.905787" lon="126.909077"><time>2026-10-03T03:20:09.001Z</time><ele>10.89</ele></trkpt><trkpt lat="36.905704" lon="126.909098"><time>2026-10-03T03:20:10.001Z</time><ele>10.83</ele></trkpt><trkpt lat="36.905626" lon="126.909112"><time>2026-10-03T03:20:11.001Z</time><ele>10.27</ele></trkpt><trkpt lat="36.905554" lon="126.909127"><time>2026-10-03T03:20:12.001Z</time><ele>10.46</ele></trkpt><trkpt lat="36.905491" lon="126.909143"><time>2026-10-03T03:20:13.001Z</time><ele>10.54</ele></trkpt><trkpt lat="36.905433" lon="126.909158"><time>2026-10-03T03:20:14.001Z</time><ele>10.58</ele></trkpt><trkpt lat="36.905385" lon="126.909171"><time>2026-10-03T03:20:15.001Z</time><ele>10.56</ele></trkpt><trkpt lat="36.905299" lon="126.909189"><time>2026-10-03T03:20:17.001Z</time><ele>10.68</ele></trkpt><trkpt lat="36.905254" lon="126.909198"><time>2026-10-03T03:20:18.001Z</time><ele>10.63</ele></trkpt><trkpt lat="36.905168" lon="126.909219"><time>2026-10-03T03:20:20.001Z</time><ele>10.56</ele></trkpt><trkpt lat="36.905118" lon="126.909228"><time>2026-10-03T03:20:21.001Z</time><ele>10.58</ele></trkpt><trkpt lat="36.90507" lon="126.909236"><time>2026-10-03T03:20:22.001Z</time><ele>10.51</ele></trkpt><trkpt lat="36.905016" lon="126.909245"><time>2026-10-03T03:20:23.001Z</time><ele>10.53</ele></trkpt><trkpt lat="36.904955" lon="126.909264"><time>2026-10-03T03:20:24.001Z</time><ele>10.58</ele></trkpt><trkpt lat="36.904888" lon="126.909281"><time>2026-10-03T03:20:25.001Z</time><ele>10.4</ele></trkpt><trkpt lat="36.904816" lon="126.909291"><time>2026-10-03T03:20:26.001Z</time><ele>10.34</ele></trkpt><trkpt lat="36.904741" lon="126.909307"><time>2026-10-03T03:20:27.001Z</time><ele>10.51</ele></trkpt><trkpt lat="36.904663" lon="126.909325"><time>2026-10-03T03:20:28.001Z</time><ele>10.48</ele></trkpt><trkpt lat="36.904581" lon="126.909345"><time>2026-10-03T03:20:29.001Z</time><ele>10.52</ele></trkpt><trkpt lat="36.904496" lon="126.909362"><time>2026-10-03T03:20:30.001Z</time><ele>10.3</ele></trkpt><trkpt lat="36.904419" lon="126.90938"><time>2026-10-03T03:20:31.001Z</time><ele>10.22</ele></trkpt><trkpt lat="36.904344" lon="126.909398"><time>2026-10-03T03:20:32.001Z</time><ele>10.16</ele></trkpt><trkpt lat="36.904272" lon="126.909411"><time>2026-10-03T03:20:33.001Z</time><ele>10.2</ele></trkpt><trkpt lat="36.904199" lon="126.909427"><time>2026-10-03T03:20:34.002Z</time><ele>10.39</ele></trkpt><trkpt lat="36.904121" lon="126.909443"><time>2026-10-03T03:20:35.002Z</time><ele>10.49</ele></trkpt><trkpt lat="36.90404" lon="126.90946"><time>2026-10-03T03:20:36.002Z</time><ele>10.59</ele></trkpt><trkpt lat="36.903958" lon="126.909479"><time>2026-10-03T03:20:37.002Z</time><ele>10.24</ele></trkpt><trkpt lat="36.903883" lon="126.909496"><time>2026-10-03T03:20:38.002Z</time><ele>10.06</ele></trkpt><trkpt lat="36.903801" lon="126.909514"><time>2026-10-03T03:20:39.002Z</time><ele>10.16</ele></trkpt><trkpt lat="36.90372" lon="126.909532"><time>2026-10-03T03:20:40.002Z</time><ele>10.38</ele></trkpt><trkpt lat="36.903639" lon="126.90955"><time>2026-10-03T03:20:41.002Z</time><ele>10.29</ele></trkpt><trkpt lat="36.903559" lon="126.909568"><time>2026-10-03T03:20:42.002Z</time><ele>10.35</ele></trkpt><trkpt lat="36.903471" lon="126.909589"><time>2026-10-03T03:20:43.000Z</time><ele>10.47</ele></trkpt><trkpt lat="36.903383" lon="126.909609"><time>2026-10-03T03:20:44.000Z</time><ele>10.63</ele></trkpt><trkpt lat="36.903298" lon="126.909629"><time>2026-10-03T03:20:45.000Z</time><ele>10.55</ele></trkpt><trkpt lat="36.903206" lon="126.909647"><time>2026-10-03T03:20:46.000Z</time><ele>10.6</ele></trkpt><trkpt lat="36.903112" lon="126.90967"><time>2026-10-03T03:20:47.000Z</time><ele>10.59</ele></trkpt><trkpt lat="36.903018" lon="126.909687"><time>2026-10-03T03:20:48.000Z</time><ele>10.64</ele></trkpt><trkpt lat="36.902923" lon="126.909715"><time>2026-10-03T03:20:49.000Z</time><ele>10.68</ele></trkpt><trkpt lat="36.902822" lon="126.909735"><time>2026-10-03T03:20:50.000Z</time><ele>10.75</ele></trkpt><trkpt lat="36.902717" lon="126.909759"><time>2026-10-03T03:20:51.000Z</time><ele>10.72</ele></trkpt><trkpt lat="36.902609" lon="126.909782"><time>2026-10-03T03:20:52.000Z</time><ele>10.7</ele></trkpt><trkpt lat="36.902505" lon="126.909806"><time>2026-10-03T03:20:53.000Z</time><ele>10.78</ele></trkpt><trkpt lat="36.902394" lon="126.90983"><time>2026-10-03T03:20:54.000Z</time><ele>10.98</ele></trkpt><trkpt lat="36.902279" lon="126.909856"><time>2026-10-03T03:20:55.000Z</time><ele>11.13</ele></trkpt><trkpt lat="36.902158" lon="126.909884"><time>2026-10-03T03:20:56.000Z</time><ele>10.98</ele></trkpt><trkpt lat="36.902038" lon="126.909912"><time>2026-10-03T03:20:57.000Z</time><ele>10.84</ele></trkpt><trkpt lat="36.90192" lon="126.909936"><time>2026-10-03T03:20:58.000Z</time><ele>10.57</ele></trkpt><trkpt lat="36.901801" lon="126.909963"><time>2026-10-03T03:20:59.000Z</time><ele>10.48</ele></trkpt><trkpt lat="36.901691" lon="126.909985"><time>2026-10-03T03:21:00.000Z</time><ele>10.68</ele></trkpt><trkpt lat="36.901584" lon="126.910006"><time>2026-10-03T03:21:01.000Z</time><ele>10.89</ele></trkpt><trkpt lat="36.901478" lon="126.910026"><time>2026-10-03T03:21:02.000Z</time><ele>10.51</ele></trkpt><trkpt lat="36.901375" lon="126.910052"><time>2026-10-03T03:21:03.000Z</time><ele>10.63</ele></trkpt><trkpt lat="36.901277" lon="126.910073"><time>2026-10-03T03:21:04.000Z</time><ele>10.39</ele></trkpt><trkpt lat="36.901184" lon="126.910095"><time>2026-10-03T03:21:05.000Z</time><ele>10.54</ele></trkpt><trkpt lat="36.901087" lon="126.910115"><time>2026-10-03T03:21:06.000Z</time><ele>10.36</ele></trkpt><trkpt lat="36.900994" lon="126.910136"><time>2026-10-03T03:21:07.000Z</time><ele>10.5</ele></trkpt><trkpt lat="36.900909" lon="126.910156"><time>2026-10-03T03:21:08.000Z</time><ele>10.5</ele></trkpt><trkpt lat="36.900829" lon="126.910173"><time>2026-10-03T03:21:09.000Z</time><ele>10.28</ele></trkpt><trkpt lat="36.900755" lon="126.910188"><time>2026-10-03T03:21:10.000Z</time><ele>10.4</ele></trkpt><trkpt lat="36.900686" lon="126.910206"><time>2026-10-03T03:21:11.000Z</time><ele>10.53</ele></trkpt><trkpt lat="36.900618" lon="126.91022"><time>2026-10-03T03:21:12.000Z</time><ele>10.69</ele></trkpt><trkpt lat="36.900545" lon="126.910236"><time>2026-10-03T03:21:13.000Z</time><ele>10.85</ele></trkpt><trkpt lat="36.900478" lon="126.910251"><time>2026-10-03T03:21:14.000Z</time><ele>10.73</ele></trkpt><trkpt lat="36.900407" lon="126.910268"><time>2026-10-03T03:21:15.000Z</time><ele>10.71</ele></trkpt><trkpt lat="36.900326" lon="126.910287"><time>2026-10-03T03:21:16.000Z</time><ele>10.73</ele></trkpt><trkpt lat="36.900247" lon="126.910303"><time>2026-10-03T03:21:17.000Z</time><ele>10.46</ele></trkpt><trkpt lat="36.900169" lon="126.910318"><time>2026-10-03T03:21:18.000Z</time><ele>10.23</ele></trkpt><trkpt lat="36.900098" lon="126.910336"><time>2026-10-03T03:21:19.000Z</time><ele>10.3</ele></trkpt><trkpt lat="36.900028" lon="126.910351"><time>2026-10-03T03:21:20.000Z</time><ele>10.27</ele></trkpt><trkpt lat="36.899954" lon="126.910367"><time>2026-10-03T03:21:21.000Z</time><ele>10.43</ele></trkpt><trkpt lat="36.899873" lon="126.910384"><time>2026-10-03T03:21:22.000Z</time><ele>10.24</ele></trkpt><trkpt lat="36.899781" lon="126.910403"><time>2026-10-03T03:21:23.000Z</time><ele>10.2</ele></trkpt><trkpt lat="36.899682" lon="126.91042"><time>2026-10-03T03:21:24.000Z</time><ele>10.12</ele></trkpt><trkpt lat="36.899578" lon="126.91044"><time>2026-10-03T03:21:25.000Z</time><ele>10.05</ele></trkpt><trkpt lat="36.899471" lon="126.910467"><time>2026-10-03T03:21:26.000Z</time><ele>10.14</ele></trkpt><trkpt lat="36.89936" lon="126.910492"><time>2026-10-03T03:21:27.000Z</time><ele>10.04</ele></trkpt><trkpt lat="36.899248" lon="126.910521"><time>2026-10-03T03:21:28.000Z</time><ele>10.07</ele></trkpt><trkpt lat="36.899128" lon="126.910545"><time>2026-10-03T03:21:29.000Z</time><ele>10.27</ele></trkpt><trkpt lat="36.898999" lon="126.910574"><time>2026-10-03T03:21:30.001Z</time><ele>9.97</ele></trkpt><trkpt lat="36.898867" lon="126.910607"><time>2026-10-03T03:21:31.001Z</time><ele>10.14</ele></trkpt><trkpt lat="36.898732" lon="126.910635"><time>2026-10-03T03:21:32.001Z</time><ele>10.07</ele></trkpt><trkpt lat="36.898599" lon="126.910666"><time>2026-10-03T03:21:33.001Z</time><ele>10.22</ele></trkpt><trkpt lat="36.898464" lon="126.910694"><time>2026-10-03T03:21:34.001Z</time><ele>9.89</ele></trkpt><trkpt lat="36.89833" lon="126.910725"><time>2026-10-03T03:21:35.001Z</time><ele>9.9</ele></trkpt><trkpt lat="36.898207" lon="126.910752"><time>2026-10-03T03:21:36.001Z</time><ele>9.9</ele></trkpt><trkpt lat="36.898085" lon="126.910778"><time>2026-10-03T03:21:37.001Z</time><ele>9.96</ele></trkpt><trkpt lat="36.897961" lon="126.910807"><time>2026-10-03T03:21:38.001Z</time><ele>9.65</ele></trkpt><trkpt lat="36.897842" lon="126.910831"><time>2026-10-03T03:21:39.001Z</time><ele>9.74</ele></trkpt><trkpt lat="36.897726" lon="126.910856"><time>2026-10-03T03:21:40.001Z</time><ele>9.98</ele></trkpt><trkpt lat="36.897602" lon="126.910882"><time>2026-10-03T03:21:41.001Z</time><ele>9.95</ele></trkpt><trkpt lat="36.897479" lon="126.910912"><time>2026-10-03T03:21:42.001Z</time><ele>10.15</ele></trkpt><trkpt lat="36.897348" lon="126.910938"><time>2026-10-03T03:21:43.001Z</time><ele>10.3</ele></trkpt><trkpt lat="36.897211" lon="126.910962"><time>2026-10-03T03:21:44.001Z</time><ele>10.34</ele></trkpt><trkpt lat="36.897065" lon="126.910993"><time>2026-10-03T03:21:45.001Z</time><ele>10.39</ele></trkpt><trkpt lat="36.896924" lon="126.911021"><time>2026-10-03T03:21:46.001Z</time><ele>9.88</ele></trkpt><trkpt lat="36.896787" lon="126.911052"><time>2026-10-03T03:21:47.001Z</time><ele>9.9</ele></trkpt><trkpt lat="36.896642" lon="126.91108"><time>2026-10-03T03:21:48.001Z</time><ele>9.91</ele></trkpt><trkpt lat="36.896491" lon="126.911102"><time>2026-10-03T03:21:49.001Z</time><ele>10.23</ele></trkpt><trkpt lat="36.896333" lon="126.911131"><time>2026-10-03T03:21:50.001Z</time><ele>10.39</ele></trkpt><trkpt lat="36.896171" lon="126.911162"><time>2026-10-03T03:21:51.001Z</time><ele>10.25</ele></trkpt><trkpt lat="36.895995" lon="126.911191"><time>2026-10-03T03:21:52.001Z</time><ele>10.44</ele></trkpt><trkpt lat="36.895813" lon="126.911228"><time>2026-10-03T03:21:53.001Z</time><ele>10.31</ele></trkpt><trkpt lat="36.895624" lon="126.911268"><time>2026-10-03T03:21:54.001Z</time><ele>10.92</ele></trkpt><trkpt lat="36.895428" lon="126.91131"><time>2026-10-03T03:21:55.001Z</time><ele>10.78</ele></trkpt><trkpt lat="36.895227" lon="126.911355"><time>2026-10-03T03:21:56.001Z</time><ele>10.6</ele></trkpt><trkpt lat="36.895026" lon="126.911398"><time>2026-10-03T03:21:57.001Z</time><ele>10.86</ele></trkpt><trkpt lat="36.894826" lon="126.911441"><time>2026-10-03T03:21:58.001Z</time><ele>11.43</ele></trkpt><trkpt lat="36.894628" lon="126.911495"><time>2026-10-03T03:21:59.001Z</time><ele>10.4</ele></trkpt><trkpt lat="36.89443" lon="126.911535"><time>2026-10-03T03:22:00.001Z</time><ele>10.44</ele></trkpt><trkpt lat="36.894232" lon="126.911576"><time>2026-10-03T03:22:01.001Z</time><ele>10.4</ele></trkpt><trkpt lat="36.894033" lon="126.911606"><time>2026-10-03T03:22:02.001Z</time><ele>10.43</ele></trkpt><trkpt lat="36.893834" lon="126.911626"><time>2026-10-03T03:22:03.001Z</time><ele>10.26</ele></trkpt><trkpt lat="36.893632" lon="126.911633"><time>2026-10-03T03:22:04.001Z</time><ele>10.1</ele></trkpt><trkpt lat="36.893431" lon="126.911626"><time>2026-10-03T03:22:05.001Z</time><ele>10.31</ele></trkpt><trkpt lat="36.893226" lon="126.911602"><time>2026-10-03T03:22:06.001Z</time><ele>10.47</ele></trkpt><trkpt lat="36.893022" lon="126.91156"><time>2026-10-03T03:22:07.001Z</time><ele>10.6</ele></trkpt><trkpt lat="36.892821" lon="126.911507"><time>2026-10-03T03:22:08.001Z</time><ele>10.76</ele></trkpt><trkpt lat="36.892623" lon="126.911439"><time>2026-10-03T03:22:09.001Z</time><ele>11.08</ele></trkpt><trkpt lat="36.892426" lon="126.911359"><time>2026-10-03T03:22:10.001Z</time><ele>11.46</ele></trkpt><trkpt lat="36.892234" lon="126.911266"><time>2026-10-03T03:22:11.001Z</time><ele>11.6</ele></trkpt><trkpt lat="36.892045" lon="126.911157"><time>2026-10-03T03:22:12.001Z</time><ele>12.06</ele></trkpt><trkpt lat="36.89186" lon="126.911037"><time>2026-10-03T03:22:13.001Z</time><ele>11.96</ele></trkpt><trkpt lat="36.891679" lon="126.9109"><time>2026-10-03T03:22:14.001Z</time><ele>11.93</ele></trkpt><trkpt lat="36.891506" lon="126.910746"><time>2026-10-03T03:22:15.001Z</time><ele>12.45</ele></trkpt><trkpt lat="36.891337" lon="126.91058"><time>2026-10-03T03:22:16.001Z</time><ele>12.81</ele></trkpt><trkpt lat="36.891179" lon="126.910401"><time>2026-10-03T03:22:17.001Z</time><ele>12.84</ele></trkpt><trkpt lat="36.891025" lon="126.910205"><time>2026-10-03T03:22:18.001Z</time><ele>12.78</ele></trkpt><trkpt lat="36.890876" lon="126.909999"><time>2026-10-03T03:22:19.001Z</time><ele>12.66</ele></trkpt><trkpt lat="36.890735" lon="126.909787"><time>2026-10-03T03:22:20.001Z</time><ele>12.52</ele></trkpt><trkpt lat="36.8906" lon="126.909565"><time>2026-10-03T03:22:21.001Z</time><ele>12.41</ele></trkpt><trkpt lat="36.890468" lon="126.90934"><time>2026-10-03T03:22:22.001Z</time><ele>12.14</ele></trkpt><trkpt lat="36.890339" lon="126.909112"><time>2026-10-03T03:22:23.001Z</time><ele>12.29</ele></trkpt><trkpt lat="36.890208" lon="126.908882"><time>2026-10-03T03:22:24.001Z</time><ele>12.33</ele></trkpt><trkpt lat="36.890071" lon="126.908653"><time>2026-10-03T03:22:25.001Z</time><ele>12.01</ele></trkpt><trkpt lat="36.889938" lon="126.908425"><time>2026-10-03T03:22:26.001Z</time><ele>12.07</ele></trkpt><trkpt lat="36.889813" lon="126.908206"><time>2026-10-03T03:22:27.001Z</time><ele>11.77</ele></trkpt><trkpt lat="36.889686" lon="126.907981"><time>2026-10-03T03:22:28.001Z</time><ele>11.82</ele></trkpt><trkpt lat="36.889556" lon="126.907758"><time>2026-10-03T03:22:29.001Z</time><ele>11.66</ele></trkpt><trkpt lat="36.889427" lon="126.907539"><time>2026-10-03T03:22:30.001Z</time><ele>11.41</ele></trkpt><trkpt lat="36.889298" lon="126.907319"><time>2026-10-03T03:22:31.001Z</time><ele>11.35</ele></trkpt><trkpt lat="36.889168" lon="126.907097"><time>2026-10-03T03:22:32.001Z</time><ele>10.88</ele></trkpt><trkpt lat="36.889035" lon="126.906869"><time>2026-10-03T03:22:33.001Z</time><ele>10.69</ele></trkpt><trkpt lat="36.888897" lon="126.906633"><time>2026-10-03T03:22:34.001Z</time><ele>10.51</ele></trkpt><trkpt lat="36.888751" lon="126.906381"><time>2026-10-03T03:22:35.001Z</time><ele>10.54</ele></trkpt><trkpt lat="36.888598" lon="126.906118"><time>2026-10-03T03:22:36.001Z</time><ele>10.46</ele></trkpt><trkpt lat="36.888448" lon="126.90585"><time>2026-10-03T03:22:37.001Z</time><ele>10.67</ele></trkpt><trkpt lat="36.888304" lon="126.905576"><time>2026-10-03T03:22:38.001Z</time><ele>10.7</ele></trkpt><trkpt lat="36.888173" lon="126.905298"><time>2026-10-03T03:22:39.002Z</time><ele>10.67</ele></trkpt><trkpt lat="36.888049" lon="126.905022"><time>2026-10-03T03:22:40.002Z</time><ele>10.79</ele></trkpt><trkpt lat="36.887937" lon="126.90475"><time>2026-10-03T03:22:41.002Z</time><ele>11.13</ele></trkpt><trkpt lat="36.887844" lon="126.904495"><time>2026-10-03T03:22:42.002Z</time><ele>11.48</ele></trkpt><trkpt lat="36.887766" lon="126.904241"><time>2026-10-03T03:22:43.002Z</time><ele>11.45</ele></trkpt><trkpt lat="36.887691" lon="126.903975"><time>2026-10-03T03:22:44.002Z</time><ele>11.96</ele></trkpt><trkpt lat="36.887614" lon="126.903702"><time>2026-10-03T03:22:45.002Z</time><ele>12.07</ele></trkpt><trkpt lat="36.887549" lon="126.903432"><time>2026-10-03T03:22:46.002Z</time><ele>12.45</ele></trkpt><trkpt lat="36.887495" lon="126.903154"><time>2026-10-03T03:22:47.002Z</time><ele>12.73</ele></trkpt><trkpt lat="36.88745" lon="126.90288"><time>2026-10-03T03:22:48.002Z</time><ele>13.09</ele></trkpt><trkpt lat="36.887415" lon="126.902621"><time>2026-10-03T03:22:49.000Z</time><ele>13.46</ele></trkpt><trkpt lat="36.887382" lon="126.902361"><time>2026-10-03T03:22:50.000Z</time><ele>13.71</ele></trkpt><trkpt lat="36.88736" lon="126.902107"><time>2026-10-03T03:22:51.000Z</time><ele>14.16</ele></trkpt><trkpt lat="36.887344" lon="126.901859"><time>2026-10-03T03:22:52.000Z</time><ele>14.62</ele></trkpt><trkpt lat="36.887329" lon="126.901614"><time>2026-10-03T03:22:53.000Z</time><ele>14.88</ele></trkpt><trkpt lat="36.887315" lon="126.901358"><time>2026-10-03T03:22:54.000Z</time><ele>15.27</ele></trkpt><trkpt lat="36.887311" lon="126.901092"><time>2026-10-03T03:22:55.000Z</time><ele>15.55</ele></trkpt><trkpt lat="36.88731" lon="126.900811"><time>2026-10-03T03:22:56.000Z</time><ele>15.41</ele></trkpt><trkpt lat="36.8873" lon="126.900517"><time>2026-10-03T03:22:57.000Z</time><ele>15.4</ele></trkpt><trkpt lat="36.887281" lon="126.90021"><time>2026-10-03T03:22:58.000Z</time><ele>15.04</ele></trkpt><trkpt lat="36.887261" lon="126.8999"><time>2026-10-03T03:22:59.000Z</time><ele>14.86</ele></trkpt><trkpt lat="36.887241" lon="126.899583"><time>2026-10-03T03:23:00.000Z</time><ele>14.65</ele></trkpt><trkpt lat="36.887224" lon="126.899273"><time>2026-10-03T03:23:01.000Z</time><ele>14.09</ele></trkpt><trkpt lat="36.887208" lon="126.898966"><time>2026-10-03T03:23:02.000Z</time><ele>13.89</ele></trkpt><trkpt lat="36.887194" lon="126.898667"><time>2026-10-03T03:23:03.000Z</time><ele>13.6</ele></trkpt><trkpt lat="36.887179" lon="126.898368"><time>2026-10-03T03:23:04.000Z</time><ele>13.25</ele></trkpt><trkpt lat="36.88716" lon="126.89807"><time>2026-10-03T03:23:05.000Z</time><ele>13.14</ele></trkpt><trkpt lat="36.887142" lon="126.897774"><time>2026-10-03T03:23:06.000Z</time><ele>13.14</ele></trkpt><trkpt lat="36.887122" lon="126.897484"><time>2026-10-03T03:23:07.000Z</time><ele>12.78</ele></trkpt><trkpt lat="36.887105" lon="126.8972"><time>2026-10-03T03:23:08.000Z</time><ele>12.46</ele></trkpt><trkpt lat="36.887088" lon="126.896917"><time>2026-10-03T03:23:09.000Z</time><ele>12.4</ele></trkpt><trkpt lat="36.88707" lon="126.896638"><time>2026-10-03T03:23:10.000Z</time><ele>12.11</ele></trkpt><trkpt lat="36.887054" lon="126.896356"><time>2026-10-03T03:23:11.000Z</time><ele>12.03</ele></trkpt><trkpt lat="36.887039" lon="126.896069"><time>2026-10-03T03:23:12.000Z</time><ele>12.16</ele></trkpt><trkpt lat="36.887023" lon="126.895785"><time>2026-10-03T03:23:13.000Z</time><ele>12.02</ele></trkpt><trkpt lat="36.887006" lon="126.895504"><time>2026-10-03T03:23:14.000Z</time><ele>12.24</ele></trkpt><trkpt lat="36.886989" lon="126.895222"><time>2026-10-03T03:23:15.000Z</time><ele>12.27</ele></trkpt><trkpt lat="36.886972" lon="126.894945"><time>2026-10-03T03:23:16.000Z</time><ele>12.19</ele></trkpt><trkpt lat="36.886958" lon="126.894672"><time>2026-10-03T03:23:17.000Z</time><ele>12.09</ele></trkpt><trkpt lat="36.886946" lon="126.894417"><time>2026-10-03T03:23:18.000Z</time><ele>11.56</ele></trkpt><trkpt lat="36.886932" lon="126.894156"><time>2026-10-03T03:23:19.000Z</time><ele>11.4</ele></trkpt><trkpt lat="36.886917" lon="126.893891"><time>2026-10-03T03:23:20.000Z</time><ele>11.33</ele></trkpt><trkpt lat="36.8869" lon="126.893623"><time>2026-10-03T03:23:21.000Z</time><ele>11.46</ele></trkpt><trkpt lat="36.886883" lon="126.893353"><time>2026-10-03T03:23:22.000Z</time><ele>11.02</ele></trkpt><trkpt lat="36.886865" lon="126.893082"><time>2026-10-03T03:23:23.000Z</time><ele>10.62</ele></trkpt><trkpt lat="36.886848" lon="126.892807"><time>2026-10-03T03:23:24.000Z</time><ele>10.78</ele></trkpt><trkpt lat="36.88683" lon="126.892532"><time>2026-10-03T03:23:25.000Z</time><ele>10.84</ele></trkpt><trkpt lat="36.886815" lon="126.89226"><time>2026-10-03T03:23:26.000Z</time><ele>10.58</ele></trkpt><trkpt lat="36.886803" lon="126.891993"><time>2026-10-03T03:23:27.000Z</time><ele>10.83</ele></trkpt><trkpt lat="36.886791" lon="126.891746"><time>2026-10-03T03:23:28.000Z</time><ele>10.78</ele></trkpt><trkpt lat="36.886777" lon="126.891499"><time>2026-10-03T03:23:29.000Z</time><ele>10.78</ele></trkpt><trkpt lat="36.886757" lon="126.891254"><time>2026-10-03T03:23:30.000Z</time><ele>11</ele></trkpt><trkpt lat="36.886744" lon="126.891"><time>2026-10-03T03:23:31.000Z</time><ele>11.45</ele></trkpt><trkpt lat="36.886732" lon="126.890746"><time>2026-10-03T03:23:32.000Z</time><ele>12.06</ele></trkpt><trkpt lat="36.886715" lon="126.890491"><time>2026-10-03T03:23:33.000Z</time><ele>12.48</ele></trkpt><trkpt lat="36.886701" lon="126.890235"><time>2026-10-03T03:23:34.000Z</time><ele>12.48</ele></trkpt><trkpt lat="36.886685" lon="126.889977"><time>2026-10-03T03:23:35.001Z</time><ele>12.65</ele></trkpt><trkpt lat="36.886668" lon="126.889718"><time>2026-10-03T03:23:36.001Z</time><ele>12.72</ele></trkpt><trkpt lat="36.886656" lon="126.889457"><time>2026-10-03T03:23:37.001Z</time><ele>12.99</ele></trkpt><trkpt lat="36.886644" lon="126.889195"><time>2026-10-03T03:23:38.001Z</time><ele>13.23</ele></trkpt><trkpt lat="36.886626" lon="126.888931"><time>2026-10-03T03:23:39.001Z</time><ele>13.24</ele></trkpt><trkpt lat="36.886611" lon="126.888672"><time>2026-10-03T03:23:40.001Z</time><ele>13.31</ele></trkpt><trkpt lat="36.8866" lon="126.888413"><time>2026-10-03T03:23:41.001Z</time><ele>14.06</ele></trkpt><trkpt lat="36.886583" lon="126.888161"><time>2026-10-03T03:23:42.001Z</time><ele>13.63</ele></trkpt><trkpt lat="36.886568" lon="126.887912"><time>2026-10-03T03:23:43.001Z</time><ele>13.52</ele></trkpt><trkpt lat="36.886556" lon="126.887673"><time>2026-10-03T03:23:44.001Z</time><ele>13.87</ele></trkpt><trkpt lat="36.886539" lon="126.887437"><time>2026-10-03T03:23:45.001Z</time><ele>13.93</ele></trkpt><trkpt lat="36.886525" lon="126.887202"><time>2026-10-03T03:23:46.001Z</time><ele>13.89</ele></trkpt><trkpt lat="36.88651" lon="126.886965"><time>2026-10-03T03:23:47.001Z</time><ele>14.52</ele></trkpt><trkpt lat="36.886497" lon="126.886739"><time>2026-10-03T03:23:48.001Z</time><ele>14.46</ele></trkpt><trkpt lat="36.886485" lon="126.886515"><time>2026-10-03T03:23:49.001Z</time><ele>14.35</ele></trkpt><trkpt lat="36.886478" lon="126.886285"><time>2026-10-03T03:23:50.001Z</time><ele>14.49</ele></trkpt><trkpt lat="36.886465" lon="126.886049"><time>2026-10-03T03:23:51.001Z</time><ele>14.27</ele></trkpt><trkpt lat="36.886454" lon="126.88581"><time>2026-10-03T03:23:52.001Z</time><ele>13.96</ele></trkpt><trkpt lat="36.886442" lon="126.885575"><time>2026-10-03T03:23:53.001Z</time><ele>13.87</ele></trkpt><trkpt lat="36.88643" lon="126.885338"><time>2026-10-03T03:23:54.001Z</time><ele>13.59</ele></trkpt><trkpt lat="36.886421" lon="126.885103"><time>2026-10-03T03:23:55.001Z</time><ele>13.75</ele></trkpt><trkpt lat="36.886393" lon="126.884873"><time>2026-10-03T03:23:56.001Z</time><ele>13.53</ele></trkpt><trkpt lat="36.886379" lon="126.884647"><time>2026-10-03T03:23:57.001Z</time><ele>13.31</ele></trkpt><trkpt lat="36.886363" lon="126.88442"><time>2026-10-03T03:23:58.001Z</time><ele>13.34</ele></trkpt><trkpt lat="36.886351" lon="126.884192"><time>2026-10-03T03:23:59.001Z</time><ele>13.37</ele></trkpt><trkpt lat="36.886339" lon="126.883961"><time>2026-10-03T03:24:00.001Z</time><ele>13.36</ele></trkpt><trkpt lat="36.886389" lon="126.883727"><time>2026-10-03T03:24:01.001Z</time><ele>13.14</ele></trkpt><trkpt lat="36.886396" lon="126.88351"><time>2026-10-03T03:24:02.001Z</time><ele>13.2</ele></trkpt><trkpt lat="36.886404" lon="126.883304"><time>2026-10-03T03:24:03.001Z</time><ele>13.5</ele></trkpt><trkpt lat="36.886407" lon="126.88311"><time>2026-10-03T03:24:04.001Z</time><ele>14.44</ele></trkpt><trkpt lat="36.88641" lon="126.882927"><time>2026-10-03T03:24:05.001Z</time><ele>15.22</ele></trkpt><trkpt lat="36.886408" lon="126.882759"><time>2026-10-03T03:24:06.001Z</time><ele>16.1</ele></trkpt><trkpt lat="36.886401" lon="126.882608"><time>2026-10-03T03:24:07.001Z</time><ele>16.6</ele></trkpt><trkpt lat="36.886378" lon="126.882471"><time>2026-10-03T03:24:08.001Z</time><ele>17.5</ele></trkpt><trkpt lat="36.886343" lon="126.882345"><time>2026-10-03T03:24:09.001Z</time><ele>18.02</ele></trkpt><trkpt lat="36.886294" lon="126.88222"><time>2026-10-03T03:24:10.001Z</time><ele>18.84</ele></trkpt><trkpt lat="36.886234" lon="126.882094"><time>2026-10-03T03:24:11.001Z</time><ele>19.14</ele></trkpt><trkpt lat="36.886158" lon="126.881976"><time>2026-10-03T03:24:12.001Z</time><ele>19.67</ele></trkpt><trkpt lat="36.886069" lon="126.881867"><time>2026-10-03T03:24:13.001Z</time><ele>19.18</ele></trkpt><trkpt lat="36.885966" lon="126.881771"><time>2026-10-03T03:24:14.001Z</time><ele>18.73</ele></trkpt><trkpt lat="36.885852" lon="126.881696"><time>2026-10-03T03:24:15.001Z</time><ele>17.88</ele></trkpt><trkpt lat="36.885732" lon="126.881638"><time>2026-10-03T03:24:16.001Z</time><ele>16.9</ele></trkpt><trkpt lat="36.885606" lon="126.881569"><time>2026-10-03T03:24:17.001Z</time><ele>15.86</ele></trkpt><trkpt lat="36.885474" lon="126.881498"><time>2026-10-03T03:24:18.001Z</time><ele>15.12</ele></trkpt><trkpt lat="36.885342" lon="126.881418"><time>2026-10-03T03:24:19.001Z</time><ele>14.19</ele></trkpt><trkpt lat="36.885209" lon="126.881341"><time>2026-10-03T03:24:20.001Z</time><ele>12.81</ele></trkpt><trkpt lat="36.885072" lon="126.881262"><time>2026-10-03T03:24:21.001Z</time><ele>11.6</ele></trkpt><trkpt lat="36.884937" lon="126.881188"><time>2026-10-03T03:24:22.001Z</time><ele>10.89</ele></trkpt><trkpt lat="36.884804" lon="126.881119"><time>2026-10-03T03:24:23.001Z</time><ele>10.81</ele></trkpt><trkpt lat="36.884677" lon="126.881048"><time>2026-10-03T03:24:24.001Z</time><ele>10.28</ele></trkpt><trkpt lat="36.884558" lon="126.880976"><time>2026-10-03T03:24:25.001Z</time><ele>10.07</ele></trkpt><trkpt lat="36.884439" lon="126.880906"><time>2026-10-03T03:24:26.001Z</time><ele>10.32</ele></trkpt><trkpt lat="36.884311" lon="126.880827"><time>2026-10-03T03:24:27.001Z</time><ele>10.45</ele></trkpt><trkpt lat="36.884178" lon="126.880748"><time>2026-10-03T03:24:28.001Z</time><ele>10.73</ele></trkpt><trkpt lat="36.884037" lon="126.880684"><time>2026-10-03T03:24:29.001Z</time><ele>10.98</ele></trkpt><trkpt lat="36.883902" lon="126.880582"><time>2026-10-03T03:24:30.001Z</time><ele>11.04</ele></trkpt><trkpt lat="36.883753" lon="126.880508"><time>2026-10-03T03:24:31.001Z</time><ele>10.99</ele></trkpt><trkpt lat="36.883613" lon="126.880438"><time>2026-10-03T03:24:32.001Z</time><ele>11.05</ele></trkpt><trkpt lat="36.883477" lon="126.880387"><time>2026-10-03T03:24:33.001Z</time><ele>10.91</ele></trkpt><trkpt lat="36.883345" lon="126.880363"><time>2026-10-03T03:24:34.001Z</time><ele>10.46</ele></trkpt><trkpt lat="36.883218" lon="126.880369"><time>2026-10-03T03:24:35.001Z</time><ele>10.16</ele></trkpt><trkpt lat="36.883095" lon="126.880374"><time>2026-10-03T03:24:36.001Z</time><ele>10.38</ele></trkpt><trkpt lat="36.882965" lon="126.880384"><time>2026-10-03T03:24:37.001Z</time><ele>10.44</ele></trkpt><trkpt lat="36.882827" lon="126.880393"><time>2026-10-03T03:24:38.001Z</time><ele>10.91</ele></trkpt><trkpt lat="36.882685" lon="126.880401"><time>2026-10-03T03:24:39.001Z</time><ele>10.69</ele></trkpt><trkpt lat="36.882557" lon="126.880414"><time>2026-10-03T03:24:40.001Z</time><ele>10.69</ele></trkpt><trkpt lat="36.882435" lon="126.880423"><time>2026-10-03T03:24:41.001Z</time><ele>10.88</ele></trkpt><trkpt lat="36.882319" lon="126.880431"><time>2026-10-03T03:24:42.001Z</time><ele>11.34</ele></trkpt><trkpt lat="36.882209" lon="126.880439"><time>2026-10-03T03:24:43.002Z</time><ele>11.48</ele></trkpt><trkpt lat="36.882107" lon="126.88045"><time>2026-10-03T03:24:44.002Z</time><ele>11.75</ele></trkpt><trkpt lat="36.882013" lon="126.880462"><time>2026-10-03T03:24:45.002Z</time><ele>11.83</ele></trkpt><trkpt lat="36.881924" lon="126.880468"><time>2026-10-03T03:24:46.002Z</time><ele>11.91</ele></trkpt><trkpt lat="36.881838" lon="126.880464"><time>2026-10-03T03:24:47.002Z</time><ele>12.04</ele></trkpt><trkpt lat="36.881756" lon="126.880453"><time>2026-10-03T03:24:48.002Z</time><ele>11.92</ele></trkpt><trkpt lat="36.881679" lon="126.880452"><time>2026-10-03T03:24:49.002Z</time><ele>11.62</ele></trkpt><trkpt lat="36.881615" lon="126.880458"><time>2026-10-03T03:24:50.002Z</time><ele>11.54</ele></trkpt><trkpt lat="36.881562" lon="126.880467"><time>2026-10-03T03:24:51.002Z</time><ele>11.77</ele></trkpt><trkpt lat="36.881513" lon="126.880472"><time>2026-10-03T03:24:52.002Z</time><ele>11.87</ele></trkpt><trkpt lat="36.881467" lon="126.880475"><time>2026-10-03T03:24:53.002Z</time><ele>12.08</ele></trkpt><trkpt lat="36.881404" lon="126.880475"><time>2026-10-03T03:24:55.000Z</time><ele>12.59</ele></trkpt><trkpt lat="36.881341" lon="126.880482"><time>2026-10-03T03:25:21.000Z</time><ele>13.51</ele></trkpt><trkpt lat="36.881283" lon="126.880482"><time>2026-10-03T03:25:22.000Z</time><ele>13.42</ele></trkpt><trkpt lat="36.881204" lon="126.880475"><time>2026-10-03T03:25:23.000Z</time><ele>13.22</ele></trkpt><trkpt lat="36.881109" lon="126.880484"><time>2026-10-03T03:25:24.000Z</time><ele>13.08</ele></trkpt><trkpt lat="36.880021" lon="126.880563"><time>2026-10-03T03:25:31.000Z</time><ele>12.72</ele></trkpt><trkpt lat="36.879862" lon="126.880573"><time>2026-10-03T03:25:32.000Z</time><ele>12.53</ele></trkpt><trkpt lat="36.879705" lon="126.880582"><time>2026-10-03T03:25:33.000Z</time><ele>12.5</ele></trkpt><trkpt lat="36.879556" lon="126.880592"><time>2026-10-03T03:25:34.000Z</time><ele>12.46</ele></trkpt><trkpt lat="36.879418" lon="126.880599"><time>2026-10-03T03:25:35.000Z</time><ele>12.5</ele></trkpt><trkpt lat="36.87928" lon="126.880606"><time>2026-10-03T03:25:36.000Z</time><ele>12.49</ele></trkpt><trkpt lat="36.879146" lon="126.880612"><time>2026-10-03T03:25:37.000Z</time><ele>12.22</ele></trkpt><trkpt lat="36.879023" lon="126.880621"><time>2026-10-03T03:25:38.000Z</time><ele>12.21</ele></trkpt><trkpt lat="36.878909" lon="126.880629"><time>2026-10-03T03:25:39.000Z</time><ele>12.08</ele></trkpt><trkpt lat="36.878792" lon="126.880636"><time>2026-10-03T03:25:40.000Z</time><ele>12.01</ele></trkpt><trkpt lat="36.878682" lon="126.880643"><time>2026-10-03T03:25:41.001Z</time><ele>12.03</ele></trkpt><trkpt lat="36.878572" lon="126.880647"><time>2026-10-03T03:25:42.001Z</time><ele>12.06</ele></trkpt><trkpt lat="36.878458" lon="126.880654"><time>2026-10-03T03:25:43.001Z</time><ele>12.43</ele></trkpt><trkpt lat="36.878347" lon="126.880665"><time>2026-10-03T03:25:44.001Z</time><ele>12.98</ele></trkpt><trkpt lat="36.878244" lon="126.880671"><time>2026-10-03T03:25:45.001Z</time><ele>12.87</ele></trkpt><trkpt lat="36.878146" lon="126.880676"><time>2026-10-03T03:25:46.001Z</time><ele>12.7</ele></trkpt><trkpt lat="36.878055" lon="126.880681"><time>2026-10-03T03:25:47.001Z</time><ele>12.48</ele></trkpt><trkpt lat="36.87797" lon="126.880687"><time>2026-10-03T03:25:48.001Z</time><ele>12.44</ele></trkpt><trkpt lat="36.877889" lon="126.880692"><time>2026-10-03T03:25:49.001Z</time><ele>12.41</ele></trkpt><trkpt lat="36.877806" lon="126.880699"><time>2026-10-03T03:25:50.001Z</time><ele>12.46</ele></trkpt><trkpt lat="36.877727" lon="126.880703"><time>2026-10-03T03:25:51.001Z</time><ele>12.64</ele></trkpt><trkpt lat="36.877656" lon="126.880706"><time>2026-10-03T03:25:52.001Z</time><ele>12.72</ele></trkpt><trkpt lat="36.877589" lon="126.880711"><time>2026-10-03T03:25:53.001Z</time><ele>12.33</ele></trkpt><trkpt lat="36.877525" lon="126.880717"><time>2026-10-03T03:25:54.001Z</time><ele>12.35</ele></trkpt><trkpt lat="36.877468" lon="126.880722"><time>2026-10-03T03:25:55.001Z</time><ele>12.39</ele></trkpt><trkpt lat="36.877417" lon="126.880726"><time>2026-10-03T03:25:56.001Z</time><ele>12.4</ele></trkpt><trkpt lat="36.877334" lon="126.88073"><time>2026-10-03T03:25:58.001Z</time><ele>12.37</ele></trkpt><trkpt lat="36.877275" lon="126.880735"><time>2026-10-03T03:26:00.001Z</time><ele>12.31</ele></trkpt><trkpt lat="36.877227" lon="126.880739"><time>2026-10-03T03:26:03.001Z</time><ele>12.4</ele></trkpt><trkpt lat="36.877147" lon="126.880746"><time>2026-10-03T03:26:22.001Z</time><ele>13.14</ele></trkpt><trkpt lat="36.877101" lon="126.880747"><time>2026-10-03T03:26:23.001Z</time><ele>12.89</ele></trkpt><trkpt lat="36.877046" lon="126.880749"><time>2026-10-03T03:26:24.001Z</time><ele>12.8</ele></trkpt><trkpt lat="36.876979" lon="126.880754"><time>2026-10-03T03:26:25.001Z</time><ele>12.85</ele></trkpt><trkpt lat="36.876914" lon="126.880759"><time>2026-10-03T03:26:26.001Z</time><ele>12.73</ele></trkpt><trkpt lat="36.876855" lon="126.880764"><time>2026-10-03T03:26:27.001Z</time><ele>12.58</ele></trkpt><trkpt lat="36.876785" lon="126.880771"><time>2026-10-03T03:26:28.001Z</time><ele>12.47</ele></trkpt><trkpt lat="36.876707" lon="126.880781"><time>2026-10-03T03:26:29.001Z</time><ele>12.45</ele></trkpt><trkpt lat="36.876616" lon="126.88078"><time>2026-10-03T03:26:30.001Z</time><ele>12.56</ele></trkpt><trkpt lat="36.876515" lon="126.880784"><time>2026-10-03T03:26:31.001Z</time><ele>12.62</ele></trkpt><trkpt lat="36.876408" lon="126.880789"><time>2026-10-03T03:26:32.001Z</time><ele>12.58</ele></trkpt><trkpt lat="36.876292" lon="126.8808"><time>2026-10-03T03:26:33.001Z</time><ele>12.49</ele></trkpt><trkpt lat="36.876168" lon="126.880807"><time>2026-10-03T03:26:34.001Z</time><ele>12.76</ele></trkpt><trkpt lat="36.876038" lon="126.880813"><time>2026-10-03T03:26:35.001Z</time><ele>12.57</ele></trkpt><trkpt lat="36.875903" lon="126.880821"><time>2026-10-03T03:26:36.001Z</time><ele>12.66</ele></trkpt><trkpt lat="36.875761" lon="126.88083"><time>2026-10-03T03:26:37.001Z</time><ele>12.34</ele></trkpt><trkpt lat="36.875617" lon="126.880839"><time>2026-10-03T03:26:38.001Z</time><ele>12.69</ele></trkpt><trkpt lat="36.875479" lon="126.880854"><time>2026-10-03T03:26:39.001Z</time><ele>12.46</ele></trkpt><trkpt lat="36.875338" lon="126.880881"><time>2026-10-03T03:26:40.001Z</time><ele>12.96</ele></trkpt><trkpt lat="36.875199" lon="126.880919"><time>2026-10-03T03:26:41.001Z</time><ele>13.05</ele></trkpt><trkpt lat="36.875059" lon="126.880972"><time>2026-10-03T03:26:42.001Z</time><ele>12.95</ele></trkpt><trkpt lat="36.874916" lon="126.881034"><time>2026-10-03T03:26:43.001Z</time><ele>13.33</ele></trkpt><trkpt lat="36.874772" lon="126.881106"><time>2026-10-03T03:26:44.001Z</time><ele>13.55</ele></trkpt><trkpt lat="36.874636" lon="126.881184"><time>2026-10-03T03:26:45.001Z</time><ele>13.77</ele></trkpt><trkpt lat="36.874506" lon="126.881256"><time>2026-10-03T03:26:46.001Z</time><ele>13.62</ele></trkpt><trkpt lat="36.874371" lon="126.881321"><time>2026-10-03T03:26:47.001Z</time><ele>13.77</ele></trkpt><trkpt lat="36.874233" lon="126.881383"><time>2026-10-03T03:26:48.001Z</time><ele>14.09</ele></trkpt><trkpt lat="36.874095" lon="126.881432"><time>2026-10-03T03:26:49.002Z</time><ele>14.06</ele></trkpt><trkpt lat="36.873957" lon="126.881477"><time>2026-10-03T03:26:50.002Z</time><ele>13.73</ele></trkpt><trkpt lat="36.873816" lon="126.881527"><time>2026-10-03T03:26:51.002Z</time><ele>14.02</ele></trkpt><trkpt lat="36.873672" lon="126.881569"><time>2026-10-03T03:26:52.002Z</time><ele>13.89</ele></trkpt><trkpt lat="36.873528" lon="126.88162"><time>2026-10-03T03:26:53.002Z</time><ele>13.78</ele></trkpt><trkpt lat="36.873388" lon="126.881667"><time>2026-10-03T03:26:54.002Z</time><ele>13.53</ele></trkpt><trkpt lat="36.873249" lon="126.881712"><time>2026-10-03T03:26:55.002Z</time><ele>13.92</ele></trkpt><trkpt lat="36.873113" lon="126.881756"><time>2026-10-03T03:26:56.002Z</time><ele>13.51</ele></trkpt><trkpt lat="36.872996" lon="126.881794"><time>2026-10-03T03:26:57.002Z</time><ele>13.31</ele></trkpt><trkpt lat="36.872922" lon="126.881817"><time>2026-10-03T03:26:58.002Z</time><ele>13.21</ele></trkpt><trkpt lat="36.872864" lon="126.881836"><time>2026-10-03T03:27:00.002Z</time><ele>12.95</ele></trkpt><trkpt lat="36.87278" lon="126.881851"><time>2026-10-03T03:27:13.000Z</time><ele>13.54</ele></trkpt><trkpt lat="36.872733" lon="126.881862"><time>2026-10-03T03:27:14.000Z</time><ele>13.66</ele></trkpt><trkpt lat="36.872688" lon="126.881875"><time>2026-10-03T03:27:15.000Z</time><ele>13.78</ele></trkpt><trkpt lat="36.872638" lon="126.881891"><time>2026-10-03T03:27:16.000Z</time><ele>13.98</ele></trkpt><trkpt lat="36.872579" lon="126.881906"><time>2026-10-03T03:27:17.000Z</time><ele>14.21</ele></trkpt><trkpt lat="36.872512" lon="126.881917"><time>2026-10-03T03:27:18.000Z</time><ele>14.32</ele></trkpt><trkpt lat="36.872439" lon="126.88192"><time>2026-10-03T03:27:19.000Z</time><ele>14.21</ele></trkpt><trkpt lat="36.872363" lon="126.88192"><time>2026-10-03T03:27:20.000Z</time><ele>14.2</ele></trkpt><trkpt lat="36.872295" lon="126.881917"><time>2026-10-03T03:27:21.000Z</time><ele>13.93</ele></trkpt><trkpt lat="36.872233" lon="126.881915"><time>2026-10-03T03:27:22.000Z</time><ele>13.72</ele></trkpt><trkpt lat="36.87217" lon="126.881912"><time>2026-10-03T03:27:23.000Z</time><ele>13.66</ele></trkpt><trkpt lat="36.872102" lon="126.881907"><time>2026-10-03T03:27:24.000Z</time><ele>13.58</ele></trkpt><trkpt lat="36.872043" lon="126.881897"><time>2026-10-03T03:27:25.000Z</time><ele>13.65</ele></trkpt><trkpt lat="36.871984" lon="126.881889"><time>2026-10-03T03:27:26.000Z</time><ele>13.54</ele></trkpt><trkpt lat="36.871925" lon="126.881878"><time>2026-10-03T03:27:27.000Z</time><ele>13.43</ele></trkpt><trkpt lat="36.871858" lon="126.881868"><time>2026-10-03T03:27:28.000Z</time><ele>13.39</ele></trkpt><trkpt lat="36.871793" lon="126.881858"><time>2026-10-03T03:27:29.000Z</time><ele>13.11</ele></trkpt><trkpt lat="36.871723" lon="126.881846"><time>2026-10-03T03:27:30.000Z</time><ele>12.91</ele></trkpt><trkpt lat="36.871662" lon="126.881824"><time>2026-10-03T03:27:31.000Z</time><ele>12.81</ele></trkpt><trkpt lat="36.871617" lon="126.881775"><time>2026-10-03T03:27:32.000Z</time><ele>12.76</ele></trkpt><trkpt lat="36.871572" lon="126.881647"><time>2026-10-03T03:27:34.000Z</time><ele>12.72</ele></trkpt><trkpt lat="36.871567" lon="126.88158"><time>2026-10-03T03:27:35.000Z</time><ele>12.66</ele></trkpt><trkpt lat="36.871564" lon="126.881509"><time>2026-10-03T03:27:36.000Z</time><ele>12.6</ele></trkpt><trkpt lat="36.871566" lon="126.881429"><time>2026-10-03T03:27:37.000Z</time><ele>12.5</ele></trkpt><trkpt lat="36.871567" lon="126.881357"><time>2026-10-03T03:27:38.000Z</time><ele>12.42</ele></trkpt><trkpt lat="36.871566" lon="126.881284"><time>2026-10-03T03:27:39.000Z</time><ele>12.37</ele></trkpt><trkpt lat="36.87156" lon="126.881205"><time>2026-10-03T03:27:40.000Z</time><ele>12.37</ele></trkpt><trkpt lat="36.871553" lon="126.881113"><time>2026-10-03T03:27:41.000Z</time><ele>12.34</ele></trkpt><trkpt lat="36.871547" lon="126.881014"><time>2026-10-03T03:27:42.000Z</time><ele>12.27</ele></trkpt><trkpt lat="36.871544" lon="126.880915"><time>2026-10-03T03:27:43.000Z</time><ele>12.23</ele></trkpt><trkpt lat="36.871543" lon="126.880821"><time>2026-10-03T03:27:44.001Z</time><ele>11.94</ele></trkpt><trkpt lat="36.871541" lon="126.880713"><time>2026-10-03T03:27:45.001Z</time><ele>11.95</ele></trkpt><trkpt lat="36.871539" lon="126.880605"><time>2026-10-03T03:27:46.001Z</time><ele>11.87</ele></trkpt><trkpt lat="36.871538" lon="126.880499"><time>2026-10-03T03:27:47.001Z</time><ele>11.92</ele></trkpt><trkpt lat="36.871537" lon="126.880384"><time>2026-10-03T03:27:48.001Z</time><ele>11.98</ele></trkpt><trkpt lat="36.871545" lon="126.880257"><time>2026-10-03T03:27:49.001Z</time><ele>12.01</ele></trkpt><trkpt lat="36.871556" lon="126.880118"><time>2026-10-03T03:27:50.001Z</time><ele>12.2</ele></trkpt><trkpt lat="36.871567" lon="126.87997"><time>2026-10-03T03:27:51.001Z</time><ele>12.38</ele></trkpt><trkpt lat="36.871577" lon="126.879814"><time>2026-10-03T03:27:52.001Z</time><ele>12.73</ele></trkpt><trkpt lat="36.871592" lon="126.879649"><time>2026-10-03T03:27:53.001Z</time><ele>12.63</ele></trkpt><trkpt lat="36.871616" lon="126.879483"><time>2026-10-03T03:27:54.001Z</time><ele>12.85</ele></trkpt><trkpt lat="36.871648" lon="126.879331"><time>2026-10-03T03:27:55.001Z</time><ele>12.54</ele></trkpt><trkpt lat="36.871681" lon="126.879172"><time>2026-10-03T03:27:56.001Z</time><ele>12.43</ele></trkpt><trkpt lat="36.871716" lon="126.879009"><time>2026-10-03T03:27:57.001Z</time><ele>12.41</ele></trkpt><trkpt lat="36.871754" lon="126.878852"><time>2026-10-03T03:27:58.001Z</time><ele>12.3</ele></trkpt><trkpt lat="36.871796" lon="126.878689"><time>2026-10-03T03:27:59.001Z</time><ele>12.31</ele></trkpt><trkpt lat="36.871845" lon="126.878526"><time>2026-10-03T03:28:00.001Z</time><ele>11.24</ele></trkpt><trkpt lat="36.87189" lon="126.878367"><time>2026-10-03T03:28:01.001Z</time><ele>11.78</ele></trkpt><trkpt lat="36.871919" lon="126.878212"><time>2026-10-03T03:28:02.001Z</time><ele>11.83</ele></trkpt><trkpt lat="36.871946" lon="126.878079"><time>2026-10-03T03:28:03.001Z</time><ele>11.78</ele></trkpt><trkpt lat="36.872034" lon="126.87799"><time>2026-10-03T03:28:04.001Z</time><ele>11.93</ele></trkpt><trkpt lat="36.872066" lon="126.8779"><time>2026-10-03T03:28:05.001Z</time><ele>12.06</ele></trkpt><trkpt lat="36.872095" lon="126.87784"><time>2026-10-03T03:28:06.001Z</time><ele>12.58</ele></trkpt><trkpt lat="36.872119" lon="126.877781"><time>2026-10-03T03:28:07.001Z</time><ele>12.71</ele></trkpt><trkpt lat="36.872143" lon="126.87772"><time>2026-10-03T03:28:08.001Z</time><ele>12.89</ele></trkpt><trkpt lat="36.872175" lon="126.877636"><time>2026-10-03T03:28:09.001Z</time><ele>13.01</ele></trkpt><trkpt lat="36.872217" lon="126.877541"><time>2026-10-03T03:28:10.001Z</time><ele>13.41</ele></trkpt><trkpt lat="36.872263" lon="126.877435"><time>2026-10-03T03:28:11.001Z</time><ele>13.61</ele></trkpt><trkpt lat="36.872319" lon="126.877326"><time>2026-10-03T03:28:12.001Z</time><ele>13.56</ele></trkpt><trkpt lat="36.872377" lon="126.877207"><time>2026-10-03T03:28:13.001Z</time><ele>13.86</ele></trkpt><trkpt lat="36.872438" lon="126.87708"><time>2026-10-03T03:28:14.001Z</time><ele>13.25</ele></trkpt><trkpt lat="36.872503" lon="126.87693"><time>2026-10-03T03:28:15.001Z</time><ele>13.87</ele></trkpt><trkpt lat="36.872568" lon="126.876767"><time>2026-10-03T03:28:16.001Z</time><ele>13.99</ele></trkpt><trkpt lat="36.872647" lon="126.876593"><time>2026-10-03T03:28:17.001Z</time><ele>14.85</ele></trkpt><trkpt lat="36.872732" lon="126.876427"><time>2026-10-03T03:28:18.001Z</time><ele>14.8</ele></trkpt><trkpt lat="36.872807" lon="126.876272"><time>2026-10-03T03:28:19.001Z</time><ele>14.93</ele></trkpt><trkpt lat="36.872884" lon="126.876119"><time>2026-10-03T03:28:20.001Z</time><ele>15.31</ele></trkpt><trkpt lat="36.872958" lon="126.875976"><time>2026-10-03T03:28:21.001Z</time><ele>15.34</ele></trkpt><trkpt lat="36.873025" lon="126.875846"><time>2026-10-03T03:28:22.001Z</time><ele>15.25</ele></trkpt><trkpt lat="36.873085" lon="126.875737"><time>2026-10-03T03:28:23.001Z</time><ele>15.33</ele></trkpt><trkpt lat="36.873137" lon="126.875637"><time>2026-10-03T03:28:24.001Z</time><ele>15.38</ele></trkpt><trkpt lat="36.873186" lon="126.875536"><time>2026-10-03T03:28:25.001Z</time><ele>15.32</ele></trkpt><trkpt lat="36.873239" lon="126.875434"><time>2026-10-03T03:28:26.001Z</time><ele>15.45</ele></trkpt><trkpt lat="36.873294" lon="126.875331"><time>2026-10-03T03:28:27.001Z</time><ele>15.57</ele></trkpt><trkpt lat="36.873352" lon="126.875216"><time>2026-10-03T03:28:28.001Z</time><ele>15.77</ele></trkpt><trkpt lat="36.873412" lon="126.875099"><time>2026-10-03T03:28:29.001Z</time><ele>15.76</ele></trkpt><trkpt lat="36.873471" lon="126.874982"><time>2026-10-03T03:28:30.001Z</time><ele>15.93</ele></trkpt><trkpt lat="36.873527" lon="126.874876"><time>2026-10-03T03:28:31.001Z</time><ele>15.78</ele></trkpt><trkpt lat="36.873582" lon="126.87477"><time>2026-10-03T03:28:32.001Z</time><ele>15.85</ele></trkpt><trkpt lat="36.873637" lon="126.874661"><time>2026-10-03T03:28:33.001Z</time><ele>15.8</ele></trkpt><trkpt lat="36.873692" lon="126.874553"><time>2026-10-03T03:28:34.001Z</time><ele>15.85</ele></trkpt><trkpt lat="36.873736" lon="126.874465"><time>2026-10-03T03:28:35.001Z</time><ele>15.91</ele></trkpt><trkpt lat="36.873775" lon="126.874388"><time>2026-10-03T03:28:36.001Z</time><ele>15.93</ele></trkpt><trkpt lat="36.873812" lon="126.874315"><time>2026-10-03T03:28:37.001Z</time><ele>16.03</ele></trkpt><trkpt lat="36.873847" lon="126.874247"><time>2026-10-03T03:28:38.001Z</time><ele>16.25</ele></trkpt><trkpt lat="36.873886" lon="126.874176"><time>2026-10-03T03:28:39.001Z</time><ele>16.16</ele></trkpt><trkpt lat="36.873922" lon="126.87411"><time>2026-10-03T03:28:40.001Z</time><ele>16.2</ele></trkpt><trkpt lat="36.873954" lon="126.874043"><time>2026-10-03T03:28:41.001Z</time><ele>16.27</ele></trkpt><trkpt lat="36.873991" lon="126.873972"><time>2026-10-03T03:28:42.001Z</time><ele>16.07</ele></trkpt><trkpt lat="36.874026" lon="126.873896"><time>2026-10-03T03:28:43.001Z</time><ele>16.12</ele></trkpt><trkpt lat="36.874059" lon="126.873835"><time>2026-10-03T03:28:44.001Z</time><ele>16.11</ele></trkpt><trkpt lat="36.874089" lon="126.873778"><time>2026-10-03T03:28:45.001Z</time><ele>16.2</ele></trkpt><trkpt lat="36.874118" lon="126.873724"><time>2026-10-03T03:28:46.001Z</time><ele>16.35</ele></trkpt><trkpt lat="36.874144" lon="126.873675"><time>2026-10-03T03:28:47.001Z</time><ele>16.42</ele></trkpt><trkpt lat="36.874172" lon="126.873619"><time>2026-10-03T03:28:48.001Z</time><ele>16.39</ele></trkpt><trkpt lat="36.874204" lon="126.873557"><time>2026-10-03T03:28:49.001Z</time><ele>16.6</ele></trkpt><trkpt lat="36.874236" lon="126.873493"><time>2026-10-03T03:28:50.001Z</time><ele>16.69</ele></trkpt><trkpt lat="36.874269" lon="126.873431"><time>2026-10-03T03:28:51.001Z</time><ele>16.93</ele></trkpt><trkpt lat="36.874301" lon="126.873369"><time>2026-10-03T03:28:52.001Z</time><ele>17.1</ele></trkpt><trkpt lat="36.874337" lon="126.873305"><time>2026-10-03T03:28:53.001Z</time><ele>17.31</ele></trkpt><trkpt lat="36.874369" lon="126.873247"><time>2026-10-03T03:28:54.002Z</time><ele>17.36</ele></trkpt><trkpt lat="36.874398" lon="126.873189"><time>2026-10-03T03:28:55.002Z</time><ele>17.25</ele></trkpt><trkpt lat="36.874428" lon="126.87313"><time>2026-10-03T03:28:56.002Z</time><ele>17.18</ele></trkpt><trkpt lat="36.874452" lon="126.873081"><time>2026-10-03T03:28:57.002Z</time><ele>17.37</ele></trkpt><trkpt lat="36.874497" lon="126.872994"><time>2026-10-03T03:28:59.002Z</time><ele>17.34</ele></trkpt><trkpt lat="36.874537" lon="126.872914"><time>2026-10-03T03:29:01.002Z</time><ele>17.17</ele></trkpt><trkpt lat="36.874574" lon="126.872842"><time>2026-10-03T03:29:03.002Z</time><ele>17.05</ele></trkpt><trkpt lat="36.874608" lon="126.872779"><time>2026-10-03T03:29:05.002Z</time><ele>17.19</ele></trkpt><trkpt lat="36.874651" lon="126.872701"><time>2026-10-03T03:29:07.000Z</time><ele>17.13</ele></trkpt><trkpt lat="36.874681" lon="126.87264"><time>2026-10-03T03:29:08.000Z</time><ele>17.11</ele></trkpt><trkpt lat="36.874714" lon="126.87257"><time>2026-10-03T03:29:09.000Z</time><ele>17.04</ele></trkpt><trkpt lat="36.874742" lon="126.872516"><time>2026-10-03T03:29:10.000Z</time><ele>17.14</ele></trkpt><trkpt lat="36.87479" lon="126.872429"><time>2026-10-03T03:29:12.000Z</time><ele>16.99</ele></trkpt><trkpt lat="36.874827" lon="126.872354"><time>2026-10-03T03:29:14.000Z</time><ele>16.93</ele></trkpt><trkpt lat="36.874861" lon="126.872289"><time>2026-10-03T03:29:16.000Z</time><ele>16.9</ele></trkpt><trkpt lat="36.874901" lon="126.872215"><time>2026-10-03T03:29:18.000Z</time><ele>16.98</ele></trkpt><trkpt lat="36.874937" lon="126.872142"><time>2026-10-03T03:29:20.000Z</time><ele>17.14</ele></trkpt><trkpt lat="36.874967" lon="126.872086"><time>2026-10-03T03:29:22.000Z</time><ele>17.13</ele></trkpt><trkpt lat="36.874996" lon="126.872029"><time>2026-10-03T03:29:24.000Z</time><ele>17.19</ele></trkpt><trkpt lat="36.875042" lon="126.871943"><time>2026-10-03T03:29:26.000Z</time><ele>17.43</ele></trkpt><trkpt lat="36.875068" lon="126.871897"><time>2026-10-03T03:29:28.000Z</time><ele>17.61</ele></trkpt><trkpt lat="36.875154" lon="126.87176"><time>2026-10-03T03:29:45.000Z</time><ele>19.21</ele></trkpt><trkpt lat="36.875183" lon="126.871703"><time>2026-10-03T03:29:46.000Z</time><ele>19.28</ele></trkpt><trkpt lat="36.875219" lon="126.871631"><time>2026-10-03T03:29:47.000Z</time><ele>19.41</ele></trkpt><trkpt lat="36.875259" lon="126.871551"><time>2026-10-03T03:29:48.000Z</time><ele>19.63</ele></trkpt><trkpt lat="36.875295" lon="126.87148"><time>2026-10-03T03:29:49.000Z</time><ele>19.65</ele></trkpt><trkpt lat="36.875377" lon="126.871319"><time>2026-10-03T03:29:51.000Z</time><ele>19.61</ele></trkpt><trkpt lat="36.875416" lon="126.871238"><time>2026-10-03T03:29:52.001Z</time><ele>19.52</ele></trkpt><trkpt lat="36.875455" lon="126.871163"><time>2026-10-03T03:29:53.001Z</time><ele>19.52</ele></trkpt><trkpt lat="36.875491" lon="126.871096"><time>2026-10-03T03:29:54.001Z</time><ele>19.59</ele></trkpt><trkpt lat="36.875521" lon="126.871035"><time>2026-10-03T03:29:55.001Z</time><ele>19.7</ele></trkpt><trkpt lat="36.875566" lon="126.87095"><time>2026-10-03T03:29:57.001Z</time><ele>19.5</ele></trkpt><trkpt lat="36.875603" lon="126.870879"><time>2026-10-03T03:29:59.001Z</time><ele>19.6</ele></trkpt><trkpt lat="36.875629" lon="126.87083"><time>2026-10-03T03:30:01.001Z</time><ele>19.51</ele></trkpt><trkpt lat="36.875661" lon="126.870767"><time>2026-10-03T03:30:07.001Z</time><ele>19.42</ele></trkpt><trkpt lat="36.875698" lon="126.870708"><time>2026-10-03T03:30:10.001Z</time><ele>19.89</ele></trkpt><trkpt lat="36.875732" lon="126.870635"><time>2026-10-03T03:30:14.001Z</time><ele>19.52</ele></trkpt><trkpt lat="36.875755" lon="126.870586"><time>2026-10-03T03:30:15.001Z</time><ele>19.3</ele></trkpt><trkpt lat="36.875784" lon="126.870527"><time>2026-10-03T03:30:16.001Z</time><ele>19.19</ele></trkpt><trkpt lat="36.875816" lon="126.870464"><time>2026-10-03T03:30:17.001Z</time><ele>19.32</ele></trkpt><trkpt lat="36.875849" lon="126.8704"><time>2026-10-03T03:30:18.001Z</time><ele>18.99</ele></trkpt><trkpt lat="36.875877" lon="126.870344"><time>2026-10-03T03:30:19.001Z</time><ele>18.98</ele></trkpt><trkpt lat="36.875906" lon="126.870286"><time>2026-10-03T03:30:20.001Z</time><ele>19</ele></trkpt><trkpt lat="36.875936" lon="126.870228"><time>2026-10-03T03:30:21.001Z</time><ele>18.93</ele></trkpt><trkpt lat="36.875963" lon="126.87018"><time>2026-10-03T03:30:22.001Z</time><ele>18.92</ele></trkpt><trkpt lat="36.876016" lon="126.870079"><time>2026-10-03T03:30:24.001Z</time><ele>18.81</ele></trkpt><trkpt lat="36.876045" lon="126.870019"><time>2026-10-03T03:30:25.001Z</time><ele>18.64</ele></trkpt><trkpt lat="36.876073" lon="126.869962"><time>2026-10-03T03:30:26.001Z</time><ele>18.46</ele></trkpt><trkpt lat="36.8761" lon="126.869911"><time>2026-10-03T03:30:27.001Z</time><ele>18.39</ele></trkpt><trkpt lat="36.876125" lon="126.869861"><time>2026-10-03T03:30:28.001Z</time><ele>18.42</ele></trkpt><trkpt lat="36.876152" lon="126.869811"><time>2026-10-03T03:30:29.001Z</time><ele>18.24</ele></trkpt><trkpt lat="36.876178" lon="126.869754"><time>2026-10-03T03:30:30.001Z</time><ele>18.11</ele></trkpt><trkpt lat="36.87621" lon="126.869692"><time>2026-10-03T03:30:31.001Z</time><ele>18.15</ele></trkpt><trkpt lat="36.876243" lon="126.869625"><time>2026-10-03T03:30:32.001Z</time><ele>18.05</ele></trkpt><trkpt lat="36.876279" lon="126.869555"><time>2026-10-03T03:30:33.001Z</time><ele>18.16</ele></trkpt><trkpt lat="36.876313" lon="126.869484"><time>2026-10-03T03:30:34.001Z</time><ele>18.03</ele></trkpt><trkpt lat="36.876347" lon="126.869414"><time>2026-10-03T03:30:35.001Z</time><ele>17.71</ele></trkpt><trkpt lat="36.876377" lon="126.869356"><time>2026-10-03T03:30:36.001Z</time><ele>17.54</ele></trkpt><trkpt lat="36.876406" lon="126.869302"><time>2026-10-03T03:30:37.001Z</time><ele>17.41</ele></trkpt><trkpt lat="36.876432" lon="126.869254"><time>2026-10-03T03:30:38.001Z</time><ele>17.53</ele></trkpt><trkpt lat="36.876475" lon="126.869168"><time>2026-10-03T03:30:40.001Z</time><ele>17.57</ele></trkpt><trkpt lat="36.876505" lon="126.869111"><time>2026-10-03T03:30:42.001Z</time><ele>17.36</ele></trkpt><trkpt lat="36.876543" lon="126.86904"><time>2026-10-03T03:30:45.001Z</time><ele>17.14</ele></trkpt><trkpt lat="36.876574" lon="126.86898"><time>2026-10-03T03:30:47.001Z</time><ele>17.2</ele></trkpt><trkpt lat="36.876618" lon="126.868898"><time>2026-10-03T03:30:49.001Z</time><ele>20.96</ele></trkpt><trkpt lat="36.876644" lon="126.868846"><time>2026-10-03T03:30:50.001Z</time><ele>20.8</ele></trkpt><trkpt lat="36.876678" lon="126.868776"><time>2026-10-03T03:30:51.001Z</time><ele>20.59</ele></trkpt><trkpt lat="36.87671" lon="126.86871"><time>2026-10-03T03:30:52.001Z</time><ele>20.51</ele></trkpt><trkpt lat="36.876739" lon="126.868652"><time>2026-10-03T03:30:53.001Z</time><ele>20.43</ele></trkpt><trkpt lat="36.876767" lon="126.868599"><time>2026-10-03T03:30:54.001Z</time><ele>20.45</ele></trkpt><trkpt lat="36.876813" lon="126.86851"><time>2026-10-03T03:30:56.001Z</time><ele>20.56</ele></trkpt><trkpt lat="36.876855" lon="126.868431"><time>2026-10-03T03:30:58.001Z</time><ele>20.76</ele></trkpt><trkpt lat="36.876879" lon="126.868383"><time>2026-10-03T03:30:59.001Z</time><ele>20.77</ele></trkpt><trkpt lat="36.876919" lon="126.868307"><time>2026-10-03T03:31:01.001Z</time><ele>20.61</ele></trkpt><trkpt lat="36.876956" lon="126.868236"><time>2026-10-03T03:31:03.002Z</time><ele>20.47</ele></trkpt><trkpt lat="36.876991" lon="126.868163"><time>2026-10-03T03:31:05.002Z</time><ele>20.09</ele></trkpt><trkpt lat="36.877189" lon="126.867774"><time>2026-10-03T03:31:11.002Z</time><ele>19.31</ele></trkpt><trkpt lat="36.877226" lon="126.867702"><time>2026-10-03T03:31:12.002Z</time><ele>19.17</ele></trkpt><trkpt lat="36.877255" lon="126.867643"><time>2026-10-03T03:31:13.000Z</time><ele>19.11</ele></trkpt><trkpt lat="36.877293" lon="126.867568"><time>2026-10-03T03:31:15.000Z</time><ele>18.96</ele></trkpt><trkpt lat="36.877327" lon="126.867508"><time>2026-10-03T03:31:18.000Z</time><ele>19.09</ele></trkpt><trkpt lat="36.877366" lon="126.867429"><time>2026-10-03T03:31:23.000Z</time><ele>18.79</ele></trkpt><trkpt lat="36.877392" lon="126.867378"><time>2026-10-03T03:31:24.000Z</time><ele>18.73</ele></trkpt><trkpt lat="36.877428" lon="126.867312"><time>2026-10-03T03:31:26.000Z</time><ele>18.46</ele></trkpt><trkpt lat="36.877462" lon="126.867244"><time>2026-10-03T03:31:28.000Z</time><ele>18.09</ele></trkpt><trkpt lat="36.877503" lon="126.867161"><time>2026-10-03T03:31:30.000Z</time><ele>17.93</ele></trkpt><trkpt lat="36.877534" lon="126.867099"><time>2026-10-03T03:31:32.000Z</time><ele>17.69</ele></trkpt><trkpt lat="36.877573" lon="126.867022"><time>2026-10-03T03:31:34.000Z</time><ele>17.55</ele></trkpt><trkpt lat="36.8776" lon="126.866966"><time>2026-10-03T03:31:35.000Z</time><ele>17.5</ele></trkpt><trkpt lat="36.877627" lon="126.866915"><time>2026-10-03T03:31:36.000Z</time><ele>17.37</ele></trkpt><trkpt lat="36.877656" lon="126.866859"><time>2026-10-03T03:31:37.000Z</time><ele>17.34</ele></trkpt><trkpt lat="36.877692" lon="126.866782"><time>2026-10-03T03:31:38.000Z</time><ele>17.42</ele></trkpt><trkpt lat="36.877733" lon="126.866703"><time>2026-10-03T03:31:39.000Z</time><ele>17.34</ele></trkpt><trkpt lat="36.877778" lon="126.866619"><time>2026-10-03T03:31:40.000Z</time><ele>17.45</ele></trkpt><trkpt lat="36.877826" lon="126.866528"><time>2026-10-03T03:31:41.000Z</time><ele>17.43</ele></trkpt><trkpt lat="36.877871" lon="126.866441"><time>2026-10-03T03:31:42.000Z</time><ele>17.36</ele></trkpt><trkpt lat="36.877918" lon="126.866347"><time>2026-10-03T03:31:43.000Z</time><ele>17.25</ele></trkpt><trkpt lat="36.877976" lon="126.866235"><time>2026-10-03T03:31:44.000Z</time><ele>17.34</ele></trkpt><trkpt lat="36.878092" lon="126.866018"><time>2026-10-03T03:31:46.000Z</time><ele>17.98</ele></trkpt><trkpt lat="36.878144" lon="126.865916"><time>2026-10-03T03:31:47.000Z</time><ele>17.88</ele></trkpt><trkpt lat="36.878196" lon="126.865819"><time>2026-10-03T03:31:48.000Z</time><ele>18.28</ele></trkpt><trkpt lat="36.878252" lon="126.865715"><time>2026-10-03T03:31:49.000Z</time><ele>18.46</ele></trkpt><trkpt lat="36.878351" lon="126.865523"><time>2026-10-03T03:31:51.000Z</time><ele>18.57</ele></trkpt><trkpt lat="36.878395" lon="126.86544"><time>2026-10-03T03:31:52.000Z</time><ele>18.32</ele></trkpt><trkpt lat="36.878438" lon="126.865356"><time>2026-10-03T03:31:53.000Z</time><ele>18.55</ele></trkpt><trkpt lat="36.878477" lon="126.865276"><time>2026-10-03T03:31:54.000Z</time><ele>18.57</ele></trkpt><trkpt lat="36.878513" lon="126.865206"><time>2026-10-03T03:31:55.000Z</time><ele>18.95</ele></trkpt><trkpt lat="36.878544" lon="126.865139"><time>2026-10-03T03:31:56.000Z</time><ele>18.75</ele></trkpt><trkpt lat="36.878574" lon="126.865078"><time>2026-10-03T03:31:57.000Z</time><ele>18.8</ele></trkpt><trkpt lat="36.878601" lon="126.865024"><time>2026-10-03T03:31:58.000Z</time><ele>18.69</ele></trkpt><trkpt lat="36.878634" lon="126.86496"><time>2026-10-03T03:31:59.001Z</time><ele>18.88</ele></trkpt><trkpt lat="36.87866" lon="126.864901"><time>2026-10-03T03:32:00.001Z</time><ele>18.87</ele></trkpt><trkpt lat="36.87869" lon="126.864834"><time>2026-10-03T03:32:01.001Z</time><ele>18.73</ele></trkpt><trkpt lat="36.878725" lon="126.864757"><time>2026-10-03T03:32:02.001Z</time><ele>18.78</ele></trkpt><trkpt lat="36.878758" lon="126.864687"><time>2026-10-03T03:32:03.001Z</time><ele>18.86</ele></trkpt><trkpt lat="36.878786" lon="126.864625"><time>2026-10-03T03:32:04.001Z</time><ele>18.91</ele></trkpt><trkpt lat="36.878813" lon="126.864562"><time>2026-10-03T03:32:05.001Z</time><ele>18.95</ele></trkpt><trkpt lat="36.878836" lon="126.864508"><time>2026-10-03T03:32:06.001Z</time><ele>19.08</ele></trkpt><trkpt lat="36.878857" lon="126.864457"><time>2026-10-03T03:32:07.001Z</time><ele>19.08</ele></trkpt><trkpt lat="36.878877" lon="126.864407"><time>2026-10-03T03:32:08.001Z</time><ele>19.04</ele></trkpt><trkpt lat="36.878899" lon="126.864356"><time>2026-10-03T03:32:09.001Z</time><ele>18.79</ele></trkpt><trkpt lat="36.878929" lon="126.864293"><time>2026-10-03T03:32:10.001Z</time><ele>18.85</ele></trkpt><trkpt lat="36.878957" lon="126.864227"><time>2026-10-03T03:32:11.001Z</time><ele>18.98</ele></trkpt><trkpt lat="36.87898" lon="126.864174"><time>2026-10-03T03:32:12.001Z</time><ele>19.24</ele></trkpt><trkpt lat="36.879006" lon="126.864108"><time>2026-10-03T03:32:14.001Z</time><ele>19.29</ele></trkpt><trkpt lat="36.87903" lon="126.864043"><time>2026-10-03T03:32:17.001Z</time><ele>18.94</ele></trkpt><trkpt lat="36.879055" lon="126.863993"><time>2026-10-03T03:32:19.001Z</time><ele>19.55</ele></trkpt><trkpt lat="36.87908" lon="126.863939"><time>2026-10-03T03:32:20.001Z</time><ele>19.85</ele></trkpt><trkpt lat="36.879107" lon="126.863872"><time>2026-10-03T03:32:21.001Z</time><ele>19.98</ele></trkpt><trkpt lat="36.879135" lon="126.863792"><time>2026-10-03T03:32:22.001Z</time><ele>20.12</ele></trkpt><trkpt lat="36.879169" lon="126.863705"><time>2026-10-03T03:32:23.001Z</time><ele>20.11</ele></trkpt><trkpt lat="36.879206" lon="126.863608"><time>2026-10-03T03:32:24.001Z</time><ele>20.24</ele></trkpt><trkpt lat="36.879242" lon="126.863504"><time>2026-10-03T03:32:25.001Z</time><ele>20.24</ele></trkpt><trkpt lat="36.879282" lon="126.863395"><time>2026-10-03T03:32:26.001Z</time><ele>20.05</ele></trkpt><trkpt lat="36.87932" lon="126.863296"><time>2026-10-03T03:32:27.001Z</time><ele>19.94</ele></trkpt><trkpt lat="36.879356" lon="126.863197"><time>2026-10-03T03:32:28.001Z</time><ele>19.74</ele></trkpt><trkpt lat="36.87939" lon="126.863106"><time>2026-10-03T03:32:29.001Z</time><ele>19.81</ele></trkpt><trkpt lat="36.879422" lon="126.863015"><time>2026-10-03T03:32:30.001Z</time><ele>19.96</ele></trkpt><trkpt lat="36.879452" lon="126.862934"><time>2026-10-03T03:32:31.001Z</time><ele>20</ele></trkpt><trkpt lat="36.879482" lon="126.862856"><time>2026-10-03T03:32:32.001Z</time><ele>20.28</ele></trkpt><trkpt lat="36.879508" lon="126.862778"><time>2026-10-03T03:32:33.001Z</time><ele>20.23</ele></trkpt><trkpt lat="36.879533" lon="126.862706"><time>2026-10-03T03:32:34.001Z</time><ele>20.32</ele></trkpt><trkpt lat="36.879559" lon="126.86263"><time>2026-10-03T03:32:35.001Z</time><ele>20.54</ele></trkpt><trkpt lat="36.879581" lon="126.862556"><time>2026-10-03T03:32:36.001Z</time><ele>20.46</ele></trkpt><trkpt lat="36.879606" lon="126.862479"><time>2026-10-03T03:32:37.001Z</time><ele>20.46</ele></trkpt><trkpt lat="36.879634" lon="126.862391"><time>2026-10-03T03:32:38.001Z</time><ele>20.47</ele></trkpt><trkpt lat="36.879661" lon="126.8623"><time>2026-10-03T03:32:39.001Z</time><ele>20.49</ele></trkpt><trkpt lat="36.87969" lon="126.862201"><time>2026-10-03T03:32:40.001Z</time><ele>20.37</ele></trkpt><trkpt lat="36.87972" lon="126.862093"><time>2026-10-03T03:32:41.001Z</time><ele>20.24</ele></trkpt><trkpt lat="36.879748" lon="126.861991"><time>2026-10-03T03:32:42.001Z</time><ele>20.02</ele></trkpt><trkpt lat="36.879776" lon="126.861885"><time>2026-10-03T03:32:43.001Z</time><ele>19.73</ele></trkpt><trkpt lat="36.879805" lon="126.861779"><time>2026-10-03T03:32:44.001Z</time><ele>19.54</ele></trkpt><trkpt lat="36.879831" lon="126.861676"><time>2026-10-03T03:32:45.001Z</time><ele>19.27</ele></trkpt><trkpt lat="36.879858" lon="126.861568"><time>2026-10-03T03:32:46.001Z</time><ele>19.21</ele></trkpt><trkpt lat="36.879885" lon="126.861458"><time>2026-10-03T03:32:47.001Z</time><ele>18.98</ele></trkpt><trkpt lat="36.879913" lon="126.861347"><time>2026-10-03T03:32:48.001Z</time><ele>19.01</ele></trkpt><trkpt lat="36.87994" lon="126.861233"><time>2026-10-03T03:32:49.001Z</time><ele>18.77</ele></trkpt><trkpt lat="36.879971" lon="126.861113"><time>2026-10-03T03:32:50.001Z</time><ele>18.59</ele></trkpt><trkpt lat="36.880002" lon="126.860987"><time>2026-10-03T03:32:51.001Z</time><ele>18.59</ele></trkpt><trkpt lat="36.880038" lon="126.860854"><time>2026-10-03T03:32:52.001Z</time><ele>18.31</ele></trkpt><trkpt lat="36.880072" lon="126.860717"><time>2026-10-03T03:32:53.001Z</time><ele>18.04</ele></trkpt><trkpt lat="36.880107" lon="126.860574"><time>2026-10-03T03:32:54.001Z</time><ele>18.08</ele></trkpt><trkpt lat="36.880142" lon="126.860425"><time>2026-10-03T03:32:55.001Z</time><ele>18.02</ele></trkpt><trkpt lat="36.88018" lon="126.860263"><time>2026-10-03T03:32:56.001Z</time><ele>17.89</ele></trkpt><trkpt lat="36.880223" lon="126.860098"><time>2026-10-03T03:32:57.001Z</time><ele>17.77</ele></trkpt><trkpt lat="36.880265" lon="126.859932"><time>2026-10-03T03:32:58.001Z</time><ele>17.48</ele></trkpt><trkpt lat="36.880308" lon="126.859765"><time>2026-10-03T03:32:59.001Z</time><ele>17.44</ele></trkpt><trkpt lat="36.880348" lon="126.859601"><time>2026-10-03T03:33:00.001Z</time><ele>16.97</ele></trkpt><trkpt lat="36.880388" lon="126.859438"><time>2026-10-03T03:33:01.001Z</time><ele>16.93</ele></trkpt><trkpt lat="36.880429" lon="126.859271"><time>2026-10-03T03:33:02.001Z</time><ele>16.88</ele></trkpt><trkpt lat="36.880473" lon="126.859104"><time>2026-10-03T03:33:03.001Z</time><ele>16.53</ele></trkpt><trkpt lat="36.880514" lon="126.858943"><time>2026-10-03T03:33:04.001Z</time><ele>16.71</ele></trkpt><trkpt lat="36.880555" lon="126.85878"><time>2026-10-03T03:33:05.001Z</time><ele>16.71</ele></trkpt><trkpt lat="36.880594" lon="126.858629"><time>2026-10-03T03:33:06.001Z</time><ele>16.49</ele></trkpt><trkpt lat="36.880633" lon="126.858472"><time>2026-10-03T03:33:07.001Z</time><ele>16.61</ele></trkpt><trkpt lat="36.880673" lon="126.858319"><time>2026-10-03T03:33:08.001Z</time><ele>16.56</ele></trkpt><trkpt lat="36.880709" lon="126.858162"><time>2026-10-03T03:33:09.001Z</time><ele>16.57</ele></trkpt><trkpt lat="36.880746" lon="126.858012"><time>2026-10-03T03:33:10.001Z</time><ele>16.28</ele></trkpt><trkpt lat="36.880782" lon="126.85786"><time>2026-10-03T03:33:11.002Z</time><ele>17.33</ele></trkpt><trkpt lat="36.880821" lon="126.857703"><time>2026-10-03T03:33:12.002Z</time><ele>17.59</ele></trkpt><trkpt lat="36.880864" lon="126.857539"><time>2026-10-03T03:33:13.002Z</time><ele>17.13</ele></trkpt><trkpt lat="36.880903" lon="126.857375"><time>2026-10-03T03:33:14.002Z</time><ele>16.99</ele></trkpt><trkpt lat="36.880941" lon="126.857216"><time>2026-10-03T03:33:15.002Z</time><ele>16.65</ele></trkpt><trkpt lat="36.880977" lon="126.857068"><time>2026-10-03T03:33:16.002Z</time><ele>16.44</ele></trkpt><trkpt lat="36.881015" lon="126.856923"><time>2026-10-03T03:33:17.002Z</time><ele>16.24</ele></trkpt><trkpt lat="36.881052" lon="126.856777"><time>2026-10-03T03:33:18.002Z</time><ele>16.02</ele></trkpt><trkpt lat="36.881087" lon="126.856634"><time>2026-10-03T03:33:19.000Z</time><ele>15.99</ele></trkpt><trkpt lat="36.88112" lon="126.856495"><time>2026-10-03T03:33:20.000Z</time><ele>16.04</ele></trkpt><trkpt lat="36.881157" lon="126.856361"><time>2026-10-03T03:33:21.000Z</time><ele>16.15</ele></trkpt><trkpt lat="36.881188" lon="126.856214"><time>2026-10-03T03:33:22.000Z</time><ele>16.22</ele></trkpt><trkpt lat="36.881233" lon="126.85606"><time>2026-10-03T03:33:23.000Z</time><ele>16.21</ele></trkpt><trkpt lat="36.881272" lon="126.855896"><time>2026-10-03T03:33:24.000Z</time><ele>16.23</ele></trkpt><trkpt lat="36.881316" lon="126.855727"><time>2026-10-03T03:33:25.000Z</time><ele>16.33</ele></trkpt><trkpt lat="36.881362" lon="126.855553"><time>2026-10-03T03:33:26.000Z</time><ele>16.27</ele></trkpt><trkpt lat="36.8814" lon="126.855386"><time>2026-10-03T03:33:27.000Z</time><ele>16.1</ele></trkpt><trkpt lat="36.881438" lon="126.855227"><time>2026-10-03T03:33:28.000Z</time><ele>16.05</ele></trkpt><trkpt lat="36.881479" lon="126.855062"><time>2026-10-03T03:33:29.000Z</time><ele>16.09</ele></trkpt><trkpt lat="36.88152" lon="126.854899"><time>2026-10-03T03:33:30.000Z</time><ele>15.96</ele></trkpt><trkpt lat="36.881562" lon="126.854735"><time>2026-10-03T03:33:31.000Z</time><ele>15.83</ele></trkpt><trkpt lat="36.881607" lon="126.854567"><time>2026-10-03T03:33:32.000Z</time><ele>15.87</ele></trkpt><trkpt lat="36.881648" lon="126.854405"><time>2026-10-03T03:33:33.000Z</time><ele>16.19</ele></trkpt><trkpt lat="36.881686" lon="126.854253"><time>2026-10-03T03:33:34.000Z</time><ele>15.95</ele></trkpt><trkpt lat="36.881722" lon="126.854109"><time>2026-10-03T03:33:35.000Z</time><ele>15.9</ele></trkpt><trkpt lat="36.881755" lon="126.853972"><time>2026-10-03T03:33:36.000Z</time><ele>15.84</ele></trkpt><trkpt lat="36.881789" lon="126.85383"><time>2026-10-03T03:33:37.000Z</time><ele>15.88</ele></trkpt><trkpt lat="36.881826" lon="126.853685"><time>2026-10-03T03:33:38.000Z</time><ele>15.83</ele></trkpt><trkpt lat="36.881866" lon="126.853533"><time>2026-10-03T03:33:39.000Z</time><ele>15.97</ele></trkpt><trkpt lat="36.881906" lon="126.853375"><time>2026-10-03T03:33:40.000Z</time><ele>15.93</ele></trkpt><trkpt lat="36.881945" lon="126.853214"><time>2026-10-03T03:33:41.000Z</time><ele>15.87</ele></trkpt><trkpt lat="36.881986" lon="126.853048"><time>2026-10-03T03:33:42.000Z</time><ele>16.05</ele></trkpt><trkpt lat="36.88203" lon="126.85288"><time>2026-10-03T03:33:43.000Z</time><ele>16.19</ele></trkpt><trkpt lat="36.882073" lon="126.852705"><time>2026-10-03T03:33:44.000Z</time><ele>16</ele></trkpt><trkpt lat="36.882116" lon="126.85253"><time>2026-10-03T03:33:45.000Z</time><ele>15.92</ele></trkpt><trkpt lat="36.882158" lon="126.852355"><time>2026-10-03T03:33:46.000Z</time><ele>15.86</ele></trkpt><trkpt lat="36.882201" lon="126.852185"><time>2026-10-03T03:33:47.000Z</time><ele>15.93</ele></trkpt><trkpt lat="36.882246" lon="126.85201"><time>2026-10-03T03:33:48.000Z</time><ele>15.94</ele></trkpt><trkpt lat="36.882293" lon="126.851834"><time>2026-10-03T03:33:49.000Z</time><ele>15.99</ele></trkpt><trkpt lat="36.88234" lon="126.851653"><time>2026-10-03T03:33:50.000Z</time><ele>16</ele></trkpt><trkpt lat="36.882386" lon="126.851468"><time>2026-10-03T03:33:51.000Z</time><ele>16.27</ele></trkpt><trkpt lat="36.882433" lon="126.851282"><time>2026-10-03T03:33:52.000Z</time><ele>16.34</ele></trkpt><trkpt lat="36.882477" lon="126.851104"><time>2026-10-03T03:33:53.000Z</time><ele>16.34</ele></trkpt><trkpt lat="36.88252" lon="126.85094"><time>2026-10-03T03:33:54.000Z</time><ele>16.31</ele></trkpt><trkpt lat="36.882562" lon="126.850782"><time>2026-10-03T03:33:55.000Z</time><ele>15.98</ele></trkpt><trkpt lat="36.882605" lon="126.850619"><time>2026-10-03T03:33:56.000Z</time><ele>16.13</ele></trkpt><trkpt lat="36.882644" lon="126.85045"><time>2026-10-03T03:33:57.000Z</time><ele>16.13</ele></trkpt><trkpt lat="36.882685" lon="126.850273"><time>2026-10-03T03:33:58.000Z</time><ele>15.99</ele></trkpt><trkpt lat="36.882731" lon="126.850086"><time>2026-10-03T03:33:59.000Z</time><ele>15.8</ele></trkpt><trkpt lat="36.882778" lon="126.849904"><time>2026-10-03T03:34:00.000Z</time><ele>15.82</ele></trkpt><trkpt lat="36.882823" lon="126.849729"><time>2026-10-03T03:34:01.000Z</time><ele>15.6</ele></trkpt><trkpt lat="36.882867" lon="126.849562"><time>2026-10-03T03:34:02.000Z</time><ele>15.47</ele></trkpt><trkpt lat="36.882907" lon="126.849402"><time>2026-10-03T03:34:03.000Z</time><ele>15.41</ele></trkpt><trkpt lat="36.882948" lon="126.849237"><time>2026-10-03T03:34:04.000Z</time><ele>15.42</ele></trkpt><trkpt lat="36.88299" lon="126.849068"><time>2026-10-03T03:34:05.000Z</time><ele>15.31</ele></trkpt><trkpt lat="36.883032" lon="126.848899"><time>2026-10-03T03:34:06.001Z</time><ele>15.22</ele></trkpt><trkpt lat="36.883074" lon="126.84873"><time>2026-10-03T03:34:07.001Z</time><ele>15.18</ele></trkpt><trkpt lat="36.883117" lon="126.848556"><time>2026-10-03T03:34:08.001Z</time><ele>15.12</ele></trkpt><trkpt lat="36.883162" lon="126.848378"><time>2026-10-03T03:34:09.001Z</time><ele>15.1</ele></trkpt><trkpt lat="36.883209" lon="126.848197"><time>2026-10-03T03:34:10.001Z</time><ele>15.11</ele></trkpt><trkpt lat="36.883254" lon="126.84802"><time>2026-10-03T03:34:11.001Z</time><ele>15.11</ele></trkpt><trkpt lat="36.883299" lon="126.847848"><time>2026-10-03T03:34:12.001Z</time><ele>15.35</ele></trkpt><trkpt lat="36.883344" lon="126.847675"><time>2026-10-03T03:34:13.001Z</time><ele>15.37</ele></trkpt><trkpt lat="36.883387" lon="126.847503"><time>2026-10-03T03:34:14.001Z</time><ele>15.35</ele></trkpt><trkpt lat="36.883431" lon="126.847331"><time>2026-10-03T03:34:15.001Z</time><ele>15.4</ele></trkpt><trkpt lat="36.883475" lon="126.847157"><time>2026-10-03T03:34:16.001Z</time><ele>15.48</ele></trkpt><trkpt lat="36.883518" lon="126.846979"><time>2026-10-03T03:34:17.001Z</time><ele>15.55</ele></trkpt><trkpt lat="36.883563" lon="126.846798"><time>2026-10-03T03:34:18.001Z</time><ele>15.49</ele></trkpt><trkpt lat="36.883609" lon="126.846616"><time>2026-10-03T03:34:19.001Z</time><ele>15.24</ele></trkpt><trkpt lat="36.883657" lon="126.846435"><time>2026-10-03T03:34:20.001Z</time><ele>15.38</ele></trkpt><trkpt lat="36.8837" lon="126.846258"><time>2026-10-03T03:34:21.001Z</time><ele>15.42</ele></trkpt><trkpt lat="36.883741" lon="126.846088"><time>2026-10-03T03:34:22.001Z</time><ele>15.18</ele></trkpt><trkpt lat="36.88378" lon="126.84593"><time>2026-10-03T03:34:23.001Z</time><ele>15.15</ele></trkpt><trkpt lat="36.883819" lon="126.845775"><time>2026-10-03T03:34:24.001Z</time><ele>15.03</ele></trkpt><trkpt lat="36.883861" lon="126.845609"><time>2026-10-03T03:34:25.001Z</time><ele>15.13</ele></trkpt><trkpt lat="36.883905" lon="126.84544"><time>2026-10-03T03:34:26.001Z</time><ele>15.2</ele></trkpt><trkpt lat="36.88395" lon="126.845269"><time>2026-10-03T03:34:27.001Z</time><ele>15.12</ele></trkpt><trkpt lat="36.883994" lon="126.845097"><time>2026-10-03T03:34:28.001Z</time><ele>15.13</ele></trkpt><trkpt lat="36.884039" lon="126.84492"><time>2026-10-03T03:34:29.001Z</time><ele>15.11</ele></trkpt><trkpt lat="36.884085" lon="126.844741"><time>2026-10-03T03:34:30.001Z</time><ele>15.12</ele></trkpt><trkpt lat="36.88413" lon="126.844559"><time>2026-10-03T03:34:31.001Z</time><ele>15.27</ele></trkpt><trkpt lat="36.884175" lon="126.844377"><time>2026-10-03T03:34:32.001Z</time><ele>15.48</ele></trkpt><trkpt lat="36.88422" lon="126.844189"><time>2026-10-03T03:34:33.001Z</time><ele>15.35</ele></trkpt><trkpt lat="36.88427" lon="126.843999"><time>2026-10-03T03:34:34.001Z</time><ele>15.54</ele></trkpt><trkpt lat="36.88432" lon="126.843803"><time>2026-10-03T03:34:35.001Z</time><ele>15.42</ele></trkpt><trkpt lat="36.88437" lon="126.843605"><time>2026-10-03T03:34:36.001Z</time><ele>15.38</ele></trkpt><trkpt lat="36.88442" lon="126.843404"><time>2026-10-03T03:34:37.001Z</time><ele>15.36</ele></trkpt><trkpt lat="36.884471" lon="126.843198"><time>2026-10-03T03:34:38.001Z</time><ele>15.22</ele></trkpt><trkpt lat="36.884524" lon="126.84299"><time>2026-10-03T03:34:39.001Z</time><ele>15.17</ele></trkpt><trkpt lat="36.884574" lon="126.842782"><time>2026-10-03T03:34:40.001Z</time><ele>15.37</ele></trkpt><trkpt lat="36.884623" lon="126.84259"><time>2026-10-03T03:34:41.001Z</time><ele>15.32</ele></trkpt><trkpt lat="36.884671" lon="126.842406"><time>2026-10-03T03:34:42.001Z</time><ele>15.26</ele></trkpt><trkpt lat="36.884717" lon="126.842229"><time>2026-10-03T03:34:43.001Z</time><ele>15.51</ele></trkpt><trkpt lat="36.884759" lon="126.842056"><time>2026-10-03T03:34:44.001Z</time><ele>15.5</ele></trkpt><trkpt lat="36.884803" lon="126.841876"><time>2026-10-03T03:34:45.001Z</time><ele>15.47</ele></trkpt><trkpt lat="36.884852" lon="126.841692"><time>2026-10-03T03:34:46.001Z</time><ele>15.49</ele></trkpt><trkpt lat="36.884899" lon="126.841502"><time>2026-10-03T03:34:47.001Z</time><ele>15.54</ele></trkpt><trkpt lat="36.884947" lon="126.841306"><time>2026-10-03T03:34:48.001Z</time><ele>15.61</ele></trkpt><trkpt lat="36.884994" lon="126.84112"><time>2026-10-03T03:34:49.001Z</time><ele>15.65</ele></trkpt><trkpt lat="36.885043" lon="126.84093"><time>2026-10-03T03:34:50.001Z</time><ele>15.77</ele></trkpt><trkpt lat="36.885093" lon="126.840737"><time>2026-10-03T03:34:51.001Z</time><ele>15.67</ele></trkpt><trkpt lat="36.885144" lon="126.840543"><time>2026-10-03T03:34:52.001Z</time><ele>15.76</ele></trkpt><trkpt lat="36.885191" lon="126.840343"><time>2026-10-03T03:34:53.001Z</time><ele>16</ele></trkpt><trkpt lat="36.885242" lon="126.84014"><time>2026-10-03T03:34:54.001Z</time><ele>16.04</ele></trkpt><trkpt lat="36.885294" lon="126.839935"><time>2026-10-03T03:34:55.001Z</time><ele>16.02</ele></trkpt><trkpt lat="36.885347" lon="126.839728"><time>2026-10-03T03:34:56.001Z</time><ele>16.1</ele></trkpt><trkpt lat="36.885399" lon="126.839518"><time>2026-10-03T03:34:57.001Z</time><ele>16.16</ele></trkpt><trkpt lat="36.885452" lon="126.839309"><time>2026-10-03T03:34:58.001Z</time><ele>16.2</ele></trkpt><trkpt lat="36.885504" lon="126.839095"><time>2026-10-03T03:34:59.001Z</time><ele>16.04</ele></trkpt><trkpt lat="36.885559" lon="126.838881"><time>2026-10-03T03:35:00.001Z</time><ele>15.84</ele></trkpt><trkpt lat="36.885613" lon="126.838664"><time>2026-10-03T03:35:01.001Z</time><ele>15.92</ele></trkpt><trkpt lat="36.885669" lon="126.838443"><time>2026-10-03T03:35:02.001Z</time><ele>15.87</ele></trkpt><trkpt lat="36.885726" lon="126.838218"><time>2026-10-03T03:35:03.001Z</time><ele>15.54</ele></trkpt><trkpt lat="36.885785" lon="126.837991"><time>2026-10-03T03:35:04.001Z</time><ele>15.77</ele></trkpt><trkpt lat="36.885844" lon="126.837761"><time>2026-10-03T03:35:05.001Z</time><ele>15.61</ele></trkpt><trkpt lat="36.885901" lon="126.83753"><time>2026-10-03T03:35:06.001Z</time><ele>15.7</ele></trkpt><trkpt lat="36.885958" lon="126.837298"><time>2026-10-03T03:35:07.001Z</time><ele>15.44</ele></trkpt><trkpt lat="36.886016" lon="126.837062"><time>2026-10-03T03:35:08.001Z</time><ele>15.52</ele></trkpt><trkpt lat="36.886077" lon="126.836817"><time>2026-10-03T03:35:09.001Z</time><ele>15.41</ele></trkpt><trkpt lat="36.886141" lon="126.836567"><time>2026-10-03T03:35:10.001Z</time><ele>15.57</ele></trkpt><trkpt lat="36.886206" lon="126.836314"><time>2026-10-03T03:35:11.001Z</time><ele>15.44</ele></trkpt><trkpt lat="36.886271" lon="126.836061"><time>2026-10-03T03:35:12.001Z</time><ele>15.41</ele></trkpt><trkpt lat="36.886333" lon="126.835811"><time>2026-10-03T03:35:13.001Z</time><ele>15.63</ele></trkpt><trkpt lat="36.886395" lon="126.835563"><time>2026-10-03T03:35:14.001Z</time><ele>15.66</ele></trkpt><trkpt lat="36.886458" lon="126.83531"><time>2026-10-03T03:35:15.001Z</time><ele>15.63</ele></trkpt><trkpt lat="36.886526" lon="126.835044"><time>2026-10-03T03:35:16.001Z</time><ele>16.14</ele></trkpt><trkpt lat="36.886592" lon="126.834785"><time>2026-10-03T03:35:17.001Z</time><ele>16.46</ele></trkpt><trkpt lat="36.886653" lon="126.834536"><time>2026-10-03T03:35:18.002Z</time><ele>16.67</ele></trkpt><trkpt lat="36.886708" lon="126.834294"><time>2026-10-03T03:35:19.002Z</time><ele>16.9</ele></trkpt><trkpt lat="36.886763" lon="126.83405"><time>2026-10-03T03:35:20.002Z</time><ele>17.46</ele></trkpt><trkpt lat="36.886816" lon="126.833805"><time>2026-10-03T03:35:21.002Z</time><ele>17.88</ele></trkpt><trkpt lat="36.886862" lon="126.833566"><time>2026-10-03T03:35:22.002Z</time><ele>18.26</ele></trkpt><trkpt lat="36.886904" lon="126.833324"><time>2026-10-03T03:35:23.002Z</time><ele>18.81</ele></trkpt><trkpt lat="36.886937" lon="126.833076"><time>2026-10-03T03:35:24.002Z</time><ele>19.29</ele></trkpt><trkpt lat="36.886958" lon="126.832816"><time>2026-10-03T03:35:25.000Z</time><ele>19.67</ele></trkpt><trkpt lat="36.886974" lon="126.832552"><time>2026-10-03T03:35:26.000Z</time><ele>20.31</ele></trkpt><trkpt lat="36.886979" lon="126.832285"><time>2026-10-03T03:35:27.000Z</time><ele>20.93</ele></trkpt><trkpt lat="36.88697" lon="126.83202"><time>2026-10-03T03:35:28.000Z</time><ele>21.39</ele></trkpt><trkpt lat="36.886953" lon="126.831755"><time>2026-10-03T03:35:29.000Z</time><ele>21.89</ele></trkpt><trkpt lat="36.886928" lon="126.831492"><time>2026-10-03T03:35:30.000Z</time><ele>22.21</ele></trkpt><trkpt lat="36.886892" lon="126.831233"><time>2026-10-03T03:35:31.000Z</time><ele>22.43</ele></trkpt><trkpt lat="36.886849" lon="126.830977"><time>2026-10-03T03:35:32.000Z</time><ele>22.7</ele></trkpt><trkpt lat="36.886796" lon="126.830723"><time>2026-10-03T03:35:33.000Z</time><ele>22.94</ele></trkpt><trkpt lat="36.886736" lon="126.830482"><time>2026-10-03T03:35:34.000Z</time><ele>23.02</ele></trkpt><trkpt lat="36.886671" lon="126.830259"><time>2026-10-03T03:35:35.000Z</time><ele>22.75</ele></trkpt><trkpt lat="36.886603" lon="126.830051"><time>2026-10-03T03:35:36.000Z</time><ele>22.91</ele></trkpt><trkpt lat="36.886533" lon="126.82984"><time>2026-10-03T03:35:37.000Z</time><ele>22.8</ele></trkpt><trkpt lat="36.88646" lon="126.829625"><time>2026-10-03T03:35:38.000Z</time><ele>22.98</ele></trkpt><trkpt lat="36.886384" lon="126.829406"><time>2026-10-03T03:35:39.000Z</time><ele>22.6</ele></trkpt><trkpt lat="36.886306" lon="126.82918"><time>2026-10-03T03:35:40.000Z</time><ele>22.22</ele></trkpt><trkpt lat="36.886227" lon="126.828946"><time>2026-10-03T03:35:41.000Z</time><ele>22.14</ele></trkpt><trkpt lat="36.886147" lon="126.828712"><time>2026-10-03T03:35:42.000Z</time><ele>22.01</ele></trkpt><trkpt lat="36.886066" lon="126.828483"><time>2026-10-03T03:35:43.000Z</time><ele>21.77</ele></trkpt><trkpt lat="36.885985" lon="126.828251"><time>2026-10-03T03:35:44.000Z</time><ele>21.78</ele></trkpt><trkpt lat="36.885905" lon="126.828021"><time>2026-10-03T03:35:45.000Z</time><ele>21.73</ele></trkpt><trkpt lat="36.885826" lon="126.827791"><time>2026-10-03T03:35:46.000Z</time><ele>21.57</ele></trkpt><trkpt lat="36.885748" lon="126.827565"><time>2026-10-03T03:35:47.000Z</time><ele>21.42</ele></trkpt><trkpt lat="36.88567" lon="126.827346"><time>2026-10-03T03:35:48.000Z</time><ele>21.31</ele></trkpt><trkpt lat="36.885595" lon="126.827132"><time>2026-10-03T03:35:49.000Z</time><ele>21.26</ele></trkpt><trkpt lat="36.88552" lon="126.826909"><time>2026-10-03T03:35:50.000Z</time><ele>21.1</ele></trkpt><trkpt lat="36.885442" lon="126.826682"><time>2026-10-03T03:35:51.000Z</time><ele>21.03</ele></trkpt><trkpt lat="36.885363" lon="126.826457"><time>2026-10-03T03:35:52.000Z</time><ele>21.04</ele></trkpt><trkpt lat="36.885288" lon="126.826245"><time>2026-10-03T03:35:53.000Z</time><ele>20.84</ele></trkpt><trkpt lat="36.885216" lon="126.826037"><time>2026-10-03T03:35:54.000Z</time><ele>20.66</ele></trkpt><trkpt lat="36.885144" lon="126.825831"><time>2026-10-03T03:35:55.000Z</time><ele>20.46</ele></trkpt><trkpt lat="36.885069" lon="126.825627"><time>2026-10-03T03:35:56.000Z</time><ele>20.1</ele></trkpt><trkpt lat="36.884995" lon="126.825414"><time>2026-10-03T03:35:57.000Z</time><ele>20.03</ele></trkpt><trkpt lat="36.884921" lon="126.8252"><time>2026-10-03T03:35:58.000Z</time><ele>19.75</ele></trkpt><trkpt lat="36.884848" lon="126.824986"><time>2026-10-03T03:35:59.000Z</time><ele>19.48</ele></trkpt><trkpt lat="36.884772" lon="126.824767"><time>2026-10-03T03:36:00.000Z</time><ele>19.52</ele></trkpt><trkpt lat="36.884695" lon="126.824547"><time>2026-10-03T03:36:01.000Z</time><ele>19.51</ele></trkpt><trkpt lat="36.884619" lon="126.824329"><time>2026-10-03T03:36:02.000Z</time><ele>19.52</ele></trkpt><trkpt lat="36.884547" lon="126.82412"><time>2026-10-03T03:36:03.000Z</time><ele>19.59</ele></trkpt><trkpt lat="36.884478" lon="126.82392"><time>2026-10-03T03:36:04.000Z</time><ele>19.62</ele></trkpt><trkpt lat="36.884409" lon="126.823719"><time>2026-10-03T03:36:05.000Z</time><ele>19.66</ele></trkpt><trkpt lat="36.884341" lon="126.823519"><time>2026-10-03T03:36:06.000Z</time><ele>20.18</ele></trkpt><trkpt lat="36.884269" lon="126.823307"><time>2026-10-03T03:36:07.000Z</time><ele>20.41</ele></trkpt><trkpt lat="36.884193" lon="126.823087"><time>2026-10-03T03:36:08.000Z</time><ele>20.75</ele></trkpt><trkpt lat="36.884112" lon="126.822857"><time>2026-10-03T03:36:09.000Z</time><ele>21.23</ele></trkpt><trkpt lat="36.884032" lon="126.822626"><time>2026-10-03T03:36:10.000Z</time><ele>21.17</ele></trkpt><trkpt lat="36.88395" lon="126.822389"><time>2026-10-03T03:36:11.000Z</time><ele>21.17</ele></trkpt><trkpt lat="36.883866" lon="126.82215"><time>2026-10-03T03:36:12.000Z</time><ele>21.49</ele></trkpt><trkpt lat="36.883782" lon="126.821912"><time>2026-10-03T03:36:13.000Z</time><ele>21.28</ele></trkpt><trkpt lat="36.883704" lon="126.821682"><time>2026-10-03T03:36:14.000Z</time><ele>21.79</ele></trkpt><trkpt lat="36.883628" lon="126.821457"><time>2026-10-03T03:36:15.001Z</time><ele>21.79</ele></trkpt><trkpt lat="36.883554" lon="126.821234"><time>2026-10-03T03:36:16.001Z</time><ele>22.28</ele></trkpt><trkpt lat="36.883475" lon="126.821008"><time>2026-10-03T03:36:17.001Z</time><ele>22.56</ele></trkpt><trkpt lat="36.883393" lon="126.82078"><time>2026-10-03T03:36:18.001Z</time><ele>22.17</ele></trkpt><trkpt lat="36.883315" lon="126.820557"><time>2026-10-03T03:36:19.001Z</time><ele>22.5</ele></trkpt><trkpt lat="36.883242" lon="126.820346"><time>2026-10-03T03:36:20.001Z</time><ele>22.56</ele></trkpt><trkpt lat="36.883171" lon="126.820134"><time>2026-10-03T03:36:21.001Z</time><ele>23.13</ele></trkpt><trkpt lat="36.883097" lon="126.819921"><time>2026-10-03T03:36:22.001Z</time><ele>23.61</ele></trkpt><trkpt lat="36.883019" lon="126.819704"><time>2026-10-03T03:36:23.001Z</time><ele>24.1</ele></trkpt><trkpt lat="36.882941" lon="126.819482"><time>2026-10-03T03:36:24.001Z</time><ele>24.54</ele></trkpt><trkpt lat="36.882869" lon="126.819273"><time>2026-10-03T03:36:25.001Z</time><ele>24.68</ele></trkpt><trkpt lat="36.882797" lon="126.819065"><time>2026-10-03T03:36:26.001Z</time><ele>25.1</ele></trkpt><trkpt lat="36.882726" lon="126.81886"><time>2026-10-03T03:36:27.001Z</time><ele>25.66</ele></trkpt><trkpt lat="36.882654" lon="126.818655"><time>2026-10-03T03:36:28.001Z</time><ele>26.21</ele></trkpt><trkpt lat="36.882581" lon="126.818444"><time>2026-10-03T03:36:29.001Z</time><ele>26.41</ele></trkpt><trkpt lat="36.882508" lon="126.818234"><time>2026-10-03T03:36:30.001Z</time><ele>26.78</ele></trkpt><trkpt lat="36.882436" lon="126.818023"><time>2026-10-03T03:36:31.001Z</time><ele>27.3</ele></trkpt><trkpt lat="36.882361" lon="126.817808"><time>2026-10-03T03:36:32.001Z</time><ele>27.99</ele></trkpt><trkpt lat="36.882282" lon="126.81758"><time>2026-10-03T03:36:33.001Z</time><ele>28.42</ele></trkpt><trkpt lat="36.882204" lon="126.817349"><time>2026-10-03T03:36:34.001Z</time><ele>29.1</ele></trkpt><trkpt lat="36.882125" lon="126.817119"><time>2026-10-03T03:36:35.001Z</time><ele>29.49</ele></trkpt><trkpt lat="36.882049" lon="126.816895"><time>2026-10-03T03:36:36.001Z</time><ele>30.42</ele></trkpt><trkpt lat="36.881978" lon="126.816677"><time>2026-10-03T03:36:37.001Z</time><ele>31.05</ele></trkpt><trkpt lat="36.881912" lon="126.816459"><time>2026-10-03T03:36:38.001Z</time><ele>31.46</ele></trkpt><trkpt lat="36.881849" lon="126.81624"><time>2026-10-03T03:36:39.001Z</time><ele>31.96</ele></trkpt><trkpt lat="36.881797" lon="126.816031"><time>2026-10-03T03:36:40.001Z</time><ele>32.68</ele></trkpt><trkpt lat="36.881748" lon="126.815831"><time>2026-10-03T03:36:41.001Z</time><ele>33.1</ele></trkpt><trkpt lat="36.881705" lon="126.815639"><time>2026-10-03T03:36:42.001Z</time><ele>33.54</ele></trkpt><trkpt lat="36.881669" lon="126.815462"><time>2026-10-03T03:36:43.001Z</time><ele>33.56</ele></trkpt><trkpt lat="36.881635" lon="126.815291"><time>2026-10-03T03:36:44.001Z</time><ele>33.69</ele></trkpt><trkpt lat="36.881606" lon="126.815134"><time>2026-10-03T03:36:45.001Z</time><ele>33.91</ele></trkpt><trkpt lat="36.88158" lon="126.814983"><time>2026-10-03T03:36:46.001Z</time><ele>34.14</ele></trkpt><trkpt lat="36.881561" lon="126.81484"><time>2026-10-03T03:36:47.001Z</time><ele>33.99</ele></trkpt><trkpt lat="36.881546" lon="126.814703"><time>2026-10-03T03:36:48.001Z</time><ele>34.09</ele></trkpt><trkpt lat="36.881532" lon="126.814572"><time>2026-10-03T03:36:49.001Z</time><ele>34.02</ele></trkpt><trkpt lat="36.881516" lon="126.814449"><time>2026-10-03T03:36:50.001Z</time><ele>33.67</ele></trkpt><trkpt lat="36.881501" lon="126.814332"><time>2026-10-03T03:36:51.001Z</time><ele>33.68</ele></trkpt><trkpt lat="36.881485" lon="126.814214"><time>2026-10-03T03:36:52.001Z</time><ele>33.6</ele></trkpt><trkpt lat="36.881472" lon="126.814094"><time>2026-10-03T03:36:53.001Z</time><ele>33.47</ele></trkpt><trkpt lat="36.881458" lon="126.813978"><time>2026-10-03T03:36:54.001Z</time><ele>33.31</ele></trkpt><trkpt lat="36.881447" lon="126.813864"><time>2026-10-03T03:36:55.001Z</time><ele>33.33</ele></trkpt><trkpt lat="36.881434" lon="126.813751"><time>2026-10-03T03:36:56.001Z</time><ele>33.15</ele></trkpt><trkpt lat="36.881421" lon="126.813641"><time>2026-10-03T03:36:57.001Z</time><ele>33.05</ele></trkpt><trkpt lat="36.881408" lon="126.813536"><time>2026-10-03T03:36:58.001Z</time><ele>32.91</ele></trkpt><trkpt lat="36.881397" lon="126.813437"><time>2026-10-03T03:36:59.001Z</time><ele>32.64</ele></trkpt><trkpt lat="36.881386" lon="126.813342"><time>2026-10-03T03:37:00.001Z</time><ele>32.25</ele></trkpt><trkpt lat="36.881375" lon="126.813252"><time>2026-10-03T03:37:01.001Z</time><ele>32.08</ele></trkpt><trkpt lat="36.881366" lon="126.813169"><time>2026-10-03T03:37:02.001Z</time><ele>31.89</ele></trkpt><trkpt lat="36.881356" lon="126.813082"><time>2026-10-03T03:37:03.001Z</time><ele>31.73</ele></trkpt><trkpt lat="36.881347" lon="126.812998"><time>2026-10-03T03:37:04.001Z</time><ele>31.44</ele></trkpt><trkpt lat="36.881337" lon="126.812915"><time>2026-10-03T03:37:05.001Z</time><ele>31.34</ele></trkpt><trkpt lat="36.881328" lon="126.81284"><time>2026-10-03T03:37:06.001Z</time><ele>31.29</ele></trkpt><trkpt lat="36.881317" lon="126.812767"><time>2026-10-03T03:37:07.001Z</time><ele>31.07</ele></trkpt><trkpt lat="36.881308" lon="126.8127"><time>2026-10-03T03:37:08.001Z</time><ele>30.79</ele></trkpt><trkpt lat="36.8813" lon="126.812626"><time>2026-10-03T03:37:09.001Z</time><ele>30.55</ele></trkpt><trkpt lat="36.881293" lon="126.812552"><time>2026-10-03T03:37:10.001Z</time><ele>30.35</ele></trkpt><trkpt lat="36.881285" lon="126.812476"><time>2026-10-03T03:37:11.001Z</time><ele>30.07</ele></trkpt><trkpt lat="36.881275" lon="126.8124"><time>2026-10-03T03:37:12.001Z</time><ele>29.93</ele></trkpt><trkpt lat="36.881265" lon="126.812321"><time>2026-10-03T03:37:13.001Z</time><ele>29.85</ele></trkpt><trkpt lat="36.881252" lon="126.812244"><time>2026-10-03T03:37:14.001Z</time><ele>29.75</ele></trkpt><trkpt lat="36.88124" lon="126.812163"><time>2026-10-03T03:37:15.001Z</time><ele>29.8</ele></trkpt><trkpt lat="36.881228" lon="126.812088"><time>2026-10-03T03:37:16.001Z</time><ele>29.59</ele></trkpt><trkpt lat="36.881219" lon="126.812017"><time>2026-10-03T03:37:17.001Z</time><ele>29.35</ele></trkpt><trkpt lat="36.88121" lon="126.811953"><time>2026-10-03T03:37:18.001Z</time><ele>29.2</ele></trkpt><trkpt lat="36.881198" lon="126.811884"><time>2026-10-03T03:37:19.001Z</time><ele>28.97</ele></trkpt><trkpt lat="36.881185" lon="126.811819"><time>2026-10-03T03:37:20.001Z</time><ele>28.93</ele></trkpt><trkpt lat="36.881176" lon="126.811759"><time>2026-10-03T03:37:21.001Z</time><ele>28.99</ele></trkpt><trkpt lat="36.881167" lon="126.811703"><time>2026-10-03T03:37:22.001Z</time><ele>28.91</ele></trkpt><trkpt lat="36.88116" lon="126.811623"><time>2026-10-03T03:37:24.001Z</time><ele>28.74</ele></trkpt><trkpt lat="36.88115" lon="126.811567"><time>2026-10-03T03:37:37.000Z</time><ele>27.89</ele></trkpt><trkpt lat="36.881132" lon="126.811476"><time>2026-10-03T03:37:42.000Z</time><ele>27.98</ele></trkpt><trkpt lat="36.881122" lon="126.811406"><time>2026-10-03T03:37:43.000Z</time><ele>27.96</ele></trkpt><trkpt lat="36.881111" lon="126.811327"><time>2026-10-03T03:37:44.000Z</time><ele>27.96</ele></trkpt><trkpt lat="36.8811" lon="126.811254"><time>2026-10-03T03:37:45.000Z</time><ele>27.91</ele></trkpt><trkpt lat="36.881089" lon="126.811186"><time>2026-10-03T03:37:46.000Z</time><ele>27.86</ele></trkpt><trkpt lat="36.881077" lon="126.811126"><time>2026-10-03T03:37:47.000Z</time><ele>27.71</ele></trkpt><trkpt lat="36.881067" lon="126.811071"><time>2026-10-03T03:37:48.000Z</time><ele>27.78</ele></trkpt><trkpt lat="36.881051" lon="126.810976"><time>2026-10-03T03:37:50.000Z</time><ele>27.81</ele></trkpt><trkpt lat="36.881037" lon="126.81087"><time>2026-10-03T03:37:52.000Z</time><ele>27.7</ele></trkpt><trkpt lat="36.881028" lon="126.810812"><time>2026-10-03T03:37:53.000Z</time><ele>27.55</ele></trkpt><trkpt lat="36.881015" lon="126.810748"><time>2026-10-03T03:37:54.000Z</time><ele>27.49</ele></trkpt><trkpt lat="36.881001" lon="126.81068"><time>2026-10-03T03:37:55.000Z</time><ele>27.67</ele></trkpt><trkpt lat="36.880988" lon="126.81061"><time>2026-10-03T03:37:56.000Z</time><ele>27.61</ele></trkpt><trkpt lat="36.880977" lon="126.810544"><time>2026-10-03T03:37:57.000Z</time><ele>27.53</ele></trkpt><trkpt lat="36.880965" lon="126.810474"><time>2026-10-03T03:37:58.000Z</time><ele>27.44</ele></trkpt><trkpt lat="36.880951" lon="126.810404"><time>2026-10-03T03:37:59.000Z</time><ele>27.42</ele></trkpt><trkpt lat="36.880936" lon="126.810329"><time>2026-10-03T03:38:00.000Z</time><ele>27.14</ele></trkpt><trkpt lat="36.880919" lon="126.810243"><time>2026-10-03T03:38:01.000Z</time><ele>27.09</ele></trkpt><trkpt lat="36.880902" lon="126.81015"><time>2026-10-03T03:38:02.000Z</time><ele>27.1</ele></trkpt><trkpt lat="36.880817" lon="126.809729"><time>2026-10-03T03:38:07.000Z</time><ele>26.22</ele></trkpt><trkpt lat="36.8808" lon="126.809653"><time>2026-10-03T03:38:08.000Z</time><ele>26.06</ele></trkpt><trkpt lat="36.880785" lon="126.809586"><time>2026-10-03T03:38:09.000Z</time><ele>26</ele></trkpt><trkpt lat="36.880774" lon="126.809525"><time>2026-10-03T03:38:10.000Z</time><ele>25.76</ele></trkpt><trkpt lat="36.880761" lon="126.809463"><time>2026-10-03T03:38:11.000Z</time><ele>25.61</ele></trkpt><trkpt lat="36.88075" lon="126.809403"><time>2026-10-03T03:38:12.000Z</time><ele>25.83</ele></trkpt><trkpt lat="36.880728" lon="126.809301"><time>2026-10-03T03:38:14.000Z</time><ele>25.9</ele></trkpt><trkpt lat="36.880716" lon="126.809246"><time>2026-10-03T03:38:15.000Z</time><ele>25.99</ele></trkpt><trkpt lat="36.880697" lon="126.809146"><time>2026-10-03T03:38:17.000Z</time><ele>26.08</ele></trkpt><trkpt lat="36.880682" lon="126.809075"><time>2026-10-03T03:38:19.000Z</time><ele>26.09</ele></trkpt><trkpt lat="36.880668" lon="126.809016"><time>2026-10-03T03:38:20.000Z</time><ele>26.27</ele></trkpt><trkpt lat="36.880652" lon="126.808948"><time>2026-10-03T03:38:21.000Z</time><ele>26.25</ele></trkpt><trkpt lat="36.88064" lon="126.808886"><time>2026-10-03T03:38:22.001Z</time><ele>26.21</ele></trkpt><trkpt lat="36.880624" lon="126.808805"><time>2026-10-03T03:38:24.001Z</time><ele>26.19</ele></trkpt><trkpt lat="36.880602" lon="126.808727"><time>2026-10-03T03:38:40.001Z</time><ele>27.88</ele></trkpt><trkpt lat="36.880589" lon="126.808646"><time>2026-10-03T03:38:42.001Z</time><ele>27.69</ele></trkpt><trkpt lat="36.88057" lon="126.808552"><time>2026-10-03T03:38:51.001Z</time><ele>27.94</ele></trkpt><trkpt lat="36.88056" lon="126.808483"><time>2026-10-03T03:38:54.001Z</time><ele>27.98</ele></trkpt><trkpt lat="36.880539" lon="126.808401"><time>2026-10-03T03:39:01.001Z</time><ele>27.63</ele></trkpt><trkpt lat="36.880527" lon="126.808334"><time>2026-10-03T03:39:04.001Z</time><ele>27.52</ele></trkpt><trkpt lat="36.880513" lon="126.808268"><time>2026-10-03T03:39:09.001Z</time><ele>26.97</ele></trkpt><trkpt lat="36.880499" lon="126.808195"><time>2026-10-03T03:39:12.001Z</time><ele>27.64</ele></trkpt><trkpt lat="36.880484" lon="126.808104"><time>2026-10-03T03:39:15.001Z</time><ele>27.89</ele></trkpt><trkpt lat="36.880466" lon="126.808011"><time>2026-10-03T03:39:17.001Z</time><ele>28.12</ele></trkpt><trkpt lat="36.880451" lon="126.807934"><time>2026-10-03T03:39:20.001Z</time><ele>28.31</ele></trkpt><trkpt lat="36.880427" lon="126.807836"><time>2026-10-03T03:39:23.001Z</time><ele>28.54</ele></trkpt><trkpt lat="36.880408" lon="126.807733"><time>2026-10-03T03:39:25.001Z</time><ele>28.45</ele></trkpt><trkpt lat="36.880395" lon="126.80767"><time>2026-10-03T03:39:26.001Z</time><ele>28.6</ele></trkpt><trkpt lat="36.880378" lon="126.807603"><time>2026-10-03T03:39:27.001Z</time><ele>28.72</ele></trkpt><trkpt lat="36.880361" lon="126.807525"><time>2026-10-03T03:39:28.001Z</time><ele>28.88</ele></trkpt><trkpt lat="36.880343" lon="126.80744"><time>2026-10-03T03:39:29.001Z</time><ele>29.05</ele></trkpt><trkpt lat="36.880327" lon="126.807366"><time>2026-10-03T03:39:30.001Z</time><ele>29.12</ele></trkpt><trkpt lat="36.880314" lon="126.807302"><time>2026-10-03T03:39:31.002Z</time><ele>29.1</ele></trkpt><trkpt lat="36.880298" lon="126.807227"><time>2026-10-03T03:39:32.002Z</time><ele>29.2</ele></trkpt><trkpt lat="36.880281" lon="126.807145"><time>2026-10-03T03:39:33.002Z</time><ele>29.39</ele></trkpt><trkpt lat="36.880263" lon="126.807061"><time>2026-10-03T03:39:34.002Z</time><ele>29.63</ele></trkpt><trkpt lat="36.880246" lon="126.806974"><time>2026-10-03T03:39:35.002Z</time><ele>29.78</ele></trkpt><trkpt lat="36.880226" lon="126.806878"><time>2026-10-03T03:39:36.002Z</time><ele>30.05</ele></trkpt><trkpt lat="36.880202" lon="126.806771"><time>2026-10-03T03:39:37.000Z</time><ele>30.42</ele></trkpt><trkpt lat="36.880179" lon="126.80666"><time>2026-10-03T03:39:38.000Z</time><ele>30.52</ele></trkpt><trkpt lat="36.880156" lon="126.806554"><time>2026-10-03T03:39:39.000Z</time><ele>30.46</ele></trkpt><trkpt lat="36.880135" lon="126.806457"><time>2026-10-03T03:39:40.000Z</time><ele>30.42</ele></trkpt><trkpt lat="36.880114" lon="126.806352"><time>2026-10-03T03:39:41.000Z</time><ele>30.5</ele></trkpt><trkpt lat="36.880092" lon="126.806242"><time>2026-10-03T03:39:42.000Z</time><ele>30.7</ele></trkpt><trkpt lat="36.880073" lon="126.806152"><time>2026-10-03T03:39:43.000Z</time><ele>30.91</ele></trkpt><trkpt lat="36.880057" lon="126.806072"><time>2026-10-03T03:39:44.000Z</time><ele>31.03</ele></trkpt><trkpt lat="36.880042" lon="126.806001"><time>2026-10-03T03:39:45.000Z</time><ele>31.1</ele></trkpt><trkpt lat="36.880029" lon="126.805939"><time>2026-10-03T03:39:46.000Z</time><ele>31.1</ele></trkpt><trkpt lat="36.880015" lon="126.80588"><time>2026-10-03T03:39:47.000Z</time><ele>30.98</ele></trkpt><trkpt lat="36.879997" lon="126.805805"><time>2026-10-03T03:39:48.000Z</time><ele>31.06</ele></trkpt><trkpt lat="36.879977" lon="126.805724"><time>2026-10-03T03:39:49.000Z</time><ele>31.17</ele></trkpt><trkpt lat="36.879961" lon="126.805648"><time>2026-10-03T03:39:50.000Z</time><ele>31.56</ele></trkpt><trkpt lat="36.879952" lon="126.805583"><time>2026-10-03T03:39:51.000Z</time><ele>31.62</ele></trkpt><trkpt lat="36.879938" lon="126.80552"><time>2026-10-03T03:39:52.000Z</time><ele>31.8</ele></trkpt><trkpt lat="36.879927" lon="126.805462"><time>2026-10-03T03:39:53.000Z</time><ele>31.9</ele></trkpt><trkpt lat="36.879915" lon="126.805395"><time>2026-10-03T03:39:54.000Z</time><ele>32.22</ele></trkpt><trkpt lat="36.879905" lon="126.80533"><time>2026-10-03T03:39:55.000Z</time><ele>32.53</ele></trkpt><trkpt lat="36.879895" lon="126.805273"><time>2026-10-03T03:39:56.000Z</time><ele>32.64</ele></trkpt><trkpt lat="36.879884" lon="126.805216"><time>2026-10-03T03:39:57.000Z</time><ele>32.82</ele></trkpt><trkpt lat="36.879873" lon="126.805162"><time>2026-10-03T03:39:58.000Z</time><ele>32.77</ele></trkpt><trkpt lat="36.879853" lon="126.805077"><time>2026-10-03T03:40:00.000Z</time><ele>32.55</ele></trkpt><trkpt lat="36.879838" lon="126.80501"><time>2026-10-03T03:40:03.000Z</time><ele>32.71</ele></trkpt><trkpt lat="36.879826" lon="126.804952"><time>2026-10-03T03:40:14.000Z</time><ele>33.58</ele></trkpt><trkpt lat="36.879811" lon="126.80486"><time>2026-10-03T03:40:16.000Z</time><ele>33.17</ele></trkpt><trkpt lat="36.879799" lon="126.804793"><time>2026-10-03T03:40:19.000Z</time><ele>32.93</ele></trkpt><trkpt lat="36.879773" lon="126.804683"><time>2026-10-03T03:40:38.001Z</time><ele>32.37</ele></trkpt><trkpt lat="36.879759" lon="126.804577"><time>2026-10-03T03:40:40.001Z</time><ele>32.03</ele></trkpt><trkpt lat="36.879751" lon="126.804516"><time>2026-10-03T03:40:41.001Z</time><ele>31.98</ele></trkpt><trkpt lat="36.87974" lon="126.80444"><time>2026-10-03T03:40:42.001Z</time><ele>31.84</ele></trkpt><trkpt lat="36.879725" lon="126.804352"><time>2026-10-03T03:40:43.001Z</time><ele>31.85</ele></trkpt><trkpt lat="36.879711" lon="126.804268"><time>2026-10-03T03:40:44.001Z</time><ele>31.76</ele></trkpt><trkpt lat="36.879697" lon="126.804184"><time>2026-10-03T03:40:45.001Z</time><ele>31.99</ele></trkpt><trkpt lat="36.879686" lon="126.804106"><time>2026-10-03T03:40:46.001Z</time><ele>31.87</ele></trkpt><trkpt lat="36.879671" lon="126.804003"><time>2026-10-03T03:40:47.001Z</time><ele>31.81</ele></trkpt><trkpt lat="36.879656" lon="126.803884"><time>2026-10-03T03:40:48.001Z</time><ele>31.99</ele></trkpt><trkpt lat="36.879639" lon="126.803755"><time>2026-10-03T03:40:49.001Z</time><ele>32</ele></trkpt><trkpt lat="36.879622" lon="126.803617"><time>2026-10-03T03:40:50.001Z</time><ele>32.07</ele></trkpt><trkpt lat="36.879606" lon="126.803476"><time>2026-10-03T03:40:51.001Z</time><ele>31.59</ele></trkpt><trkpt lat="36.879593" lon="126.803347"><time>2026-10-03T03:40:52.001Z</time><ele>31.33</ele></trkpt><trkpt lat="36.879579" lon="126.803201"><time>2026-10-03T03:40:53.001Z</time><ele>31.03</ele></trkpt><trkpt lat="36.879565" lon="126.803058"><time>2026-10-03T03:40:54.001Z</time><ele>30.72</ele></trkpt><trkpt lat="36.879552" lon="126.802919"><time>2026-10-03T03:40:55.001Z</time><ele>30.58</ele></trkpt><trkpt lat="36.879537" lon="126.802767"><time>2026-10-03T03:40:56.001Z</time><ele>30.4</ele></trkpt><trkpt lat="36.879525" lon="126.802627"><time>2026-10-03T03:40:57.001Z</time><ele>30.26</ele></trkpt><trkpt lat="36.879514" lon="126.802472"><time>2026-10-03T03:40:58.001Z</time><ele>29.84</ele></trkpt><trkpt lat="36.879505" lon="126.802311"><time>2026-10-03T03:40:59.001Z</time><ele>29.44</ele></trkpt><trkpt lat="36.879494" lon="126.802139"><time>2026-10-03T03:41:00.001Z</time><ele>29.06</ele></trkpt><trkpt lat="36.879482" lon="126.801961"><time>2026-10-03T03:41:01.001Z</time><ele>28.67</ele></trkpt><trkpt lat="36.879473" lon="126.801794"><time>2026-10-03T03:41:02.001Z</time><ele>28.27</ele></trkpt><trkpt lat="36.879468" lon="126.801626"><time>2026-10-03T03:41:03.001Z</time><ele>27.87</ele></trkpt><trkpt lat="36.879467" lon="126.801448"><time>2026-10-03T03:41:04.001Z</time><ele>27.64</ele></trkpt><trkpt lat="36.879463" lon="126.801266"><time>2026-10-03T03:41:05.001Z</time><ele>27.27</ele></trkpt><trkpt lat="36.879464" lon="126.801081"><time>2026-10-03T03:41:06.001Z</time><ele>26.84</ele></trkpt><trkpt lat="36.879467" lon="126.800886"><time>2026-10-03T03:41:07.001Z</time><ele>26.34</ele></trkpt><trkpt lat="36.879469" lon="126.80068"><time>2026-10-03T03:41:08.001Z</time><ele>25.99</ele></trkpt><trkpt lat="36.879473" lon="126.800469"><time>2026-10-03T03:41:09.001Z</time><ele>25.84</ele></trkpt><trkpt lat="36.87948" lon="126.80026"><time>2026-10-03T03:41:10.001Z</time><ele>25.57</ele></trkpt><trkpt lat="36.879488" lon="126.800052"><time>2026-10-03T03:41:11.001Z</time><ele>25.51</ele></trkpt><trkpt lat="36.879491" lon="126.799842"><time>2026-10-03T03:41:12.001Z</time><ele>25.3</ele></trkpt><trkpt lat="36.879497" lon="126.799635"><time>2026-10-03T03:41:13.001Z</time><ele>25.45</ele></trkpt><trkpt lat="36.879503" lon="126.799435"><time>2026-10-03T03:41:14.001Z</time><ele>25.72</ele></trkpt><trkpt lat="36.879509" lon="126.799244"><time>2026-10-03T03:41:15.001Z</time><ele>25.55</ele></trkpt><trkpt lat="36.879511" lon="126.799052"><time>2026-10-03T03:41:16.001Z</time><ele>25.43</ele></trkpt><trkpt lat="36.879518" lon="126.798851"><time>2026-10-03T03:41:17.001Z</time><ele>25.75</ele></trkpt><trkpt lat="36.879524" lon="126.798647"><time>2026-10-03T03:41:18.001Z</time><ele>26.1</ele></trkpt><trkpt lat="36.879529" lon="126.798438"><time>2026-10-03T03:41:19.001Z</time><ele>26.16</ele></trkpt><trkpt lat="36.879536" lon="126.798223"><time>2026-10-03T03:41:20.001Z</time><ele>26.42</ele></trkpt><trkpt lat="36.879543" lon="126.798005"><time>2026-10-03T03:41:21.001Z</time><ele>26.76</ele></trkpt><trkpt lat="36.879549" lon="126.797784"><time>2026-10-03T03:41:22.001Z</time><ele>26.96</ele></trkpt><trkpt lat="36.879557" lon="126.797557"><time>2026-10-03T03:41:23.001Z</time><ele>27.32</ele></trkpt><trkpt lat="36.879562" lon="126.797328"><time>2026-10-03T03:41:24.001Z</time><ele>27.39</ele></trkpt><trkpt lat="36.879569" lon="126.797097"><time>2026-10-03T03:41:25.001Z</time><ele>27.5</ele></trkpt><trkpt lat="36.879576" lon="126.796868"><time>2026-10-03T03:41:26.001Z</time><ele>27.6</ele></trkpt><trkpt lat="36.879582" lon="126.796635"><time>2026-10-03T03:41:27.001Z</time><ele>27.62</ele></trkpt><trkpt lat="36.879588" lon="126.796404"><time>2026-10-03T03:41:28.001Z</time><ele>27.97</ele></trkpt><trkpt lat="36.879594" lon="126.796185"><time>2026-10-03T03:41:29.001Z</time><ele>27.85</ele></trkpt><trkpt lat="36.8796" lon="126.795964"><time>2026-10-03T03:41:30.001Z</time><ele>27.98</ele></trkpt><trkpt lat="36.879606" lon="126.795739"><time>2026-10-03T03:41:31.001Z</time><ele>27.93</ele></trkpt><trkpt lat="36.879611" lon="126.795508"><time>2026-10-03T03:41:32.001Z</time><ele>28</ele></trkpt><trkpt lat="36.879618" lon="126.795271"><time>2026-10-03T03:41:33.001Z</time><ele>28.22</ele></trkpt><trkpt lat="36.879624" lon="126.795035"><time>2026-10-03T03:41:34.002Z</time><ele>28.12</ele></trkpt><trkpt lat="36.87963" lon="126.794814"><time>2026-10-03T03:41:35.002Z</time><ele>28.13</ele></trkpt><trkpt lat="36.879637" lon="126.79459"><time>2026-10-03T03:41:36.002Z</time><ele>28.12</ele></trkpt><trkpt lat="36.879644" lon="126.794381"><time>2026-10-03T03:41:37.002Z</time><ele>28.34</ele></trkpt><trkpt lat="36.879652" lon="126.794174"><time>2026-10-03T03:41:38.002Z</time><ele>28.19</ele></trkpt><trkpt lat="36.879658" lon="126.79396"><time>2026-10-03T03:41:39.002Z</time><ele>28.04</ele></trkpt><trkpt lat="36.879663" lon="126.793737"><time>2026-10-03T03:41:40.002Z</time><ele>27.8</ele></trkpt><trkpt lat="36.87967" lon="126.793508"><time>2026-10-03T03:41:41.002Z</time><ele>27.43</ele></trkpt><trkpt lat="36.879677" lon="126.793271"><time>2026-10-03T03:41:42.002Z</time><ele>27.13</ele></trkpt><trkpt lat="36.879682" lon="126.793033"><time>2026-10-03T03:41:43.000Z</time><ele>26.99</ele></trkpt><trkpt lat="36.879688" lon="126.792797"><time>2026-10-03T03:41:44.000Z</time><ele>26.8</ele></trkpt><trkpt lat="36.879696" lon="126.792561"><time>2026-10-03T03:41:45.000Z</time><ele>26.56</ele></trkpt><trkpt lat="36.879703" lon="126.792322"><time>2026-10-03T03:41:46.000Z</time><ele>26.39</ele></trkpt><trkpt lat="36.879711" lon="126.792075"><time>2026-10-03T03:41:47.000Z</time><ele>25.88</ele></trkpt><trkpt lat="36.879719" lon="126.791825"><time>2026-10-03T03:41:48.000Z</time><ele>25.89</ele></trkpt><trkpt lat="36.879749" lon="126.791564"><time>2026-10-03T03:41:49.000Z</time><ele>25.36</ele></trkpt><trkpt lat="36.879756" lon="126.791302"><time>2026-10-03T03:41:50.000Z</time><ele>24.74</ele></trkpt><trkpt lat="36.87976" lon="126.791043"><time>2026-10-03T03:41:51.000Z</time><ele>24.48</ele></trkpt><trkpt lat="36.879749" lon="126.790782"><time>2026-10-03T03:41:52.000Z</time><ele>24.62</ele></trkpt><trkpt lat="36.879756" lon="126.790522"><time>2026-10-03T03:41:53.000Z</time><ele>24.12</ele></trkpt><trkpt lat="36.87976" lon="126.79026"><time>2026-10-03T03:41:54.000Z</time><ele>24.57</ele></trkpt><trkpt lat="36.879768" lon="126.789999"><time>2026-10-03T03:41:55.000Z</time><ele>24.57</ele></trkpt><trkpt lat="36.879776" lon="126.789735"><time>2026-10-03T03:41:56.000Z</time><ele>24.79</ele></trkpt><trkpt lat="36.879784" lon="126.789474"><time>2026-10-03T03:41:57.000Z</time><ele>24.92</ele></trkpt><trkpt lat="36.879793" lon="126.78922"><time>2026-10-03T03:41:58.000Z</time><ele>24.88</ele></trkpt><trkpt lat="36.879801" lon="126.788967"><time>2026-10-03T03:41:59.000Z</time><ele>25.17</ele></trkpt><trkpt lat="36.87981" lon="126.788719"><time>2026-10-03T03:42:00.000Z</time><ele>25.82</ele></trkpt><trkpt lat="36.879818" lon="126.788465"><time>2026-10-03T03:42:01.000Z</time><ele>25.77</ele></trkpt><trkpt lat="36.879824" lon="126.788208"><time>2026-10-03T03:42:02.000Z</time><ele>26</ele></trkpt><trkpt lat="36.879831" lon="126.787951"><time>2026-10-03T03:42:03.000Z</time><ele>26.48</ele></trkpt><trkpt lat="36.879838" lon="126.787691"><time>2026-10-03T03:42:04.000Z</time><ele>26.4</ele></trkpt><trkpt lat="36.879845" lon="126.787429"><time>2026-10-03T03:42:05.000Z</time><ele>26.54</ele></trkpt><trkpt lat="36.879852" lon="126.787167"><time>2026-10-03T03:42:06.000Z</time><ele>26.74</ele></trkpt><trkpt lat="36.879859" lon="126.786901"><time>2026-10-03T03:42:07.000Z</time><ele>27.15</ele></trkpt><trkpt lat="36.879868" lon="126.786637"><time>2026-10-03T03:42:08.000Z</time><ele>26.89</ele></trkpt><trkpt lat="36.879877" lon="126.786368"><time>2026-10-03T03:42:09.000Z</time><ele>27.2</ele></trkpt><trkpt lat="36.879883" lon="126.786098"><time>2026-10-03T03:42:10.000Z</time><ele>27.4</ele></trkpt><trkpt lat="36.879891" lon="126.785831"><time>2026-10-03T03:42:11.000Z</time><ele>27.28</ele></trkpt><trkpt lat="36.879898" lon="126.785564"><time>2026-10-03T03:42:12.000Z</time><ele>27.27</ele></trkpt><trkpt lat="36.879903" lon="126.7853"><time>2026-10-03T03:42:13.000Z</time><ele>27.75</ele></trkpt><trkpt lat="36.879908" lon="126.785034"><time>2026-10-03T03:42:14.000Z</time><ele>27.94</ele></trkpt><trkpt lat="36.879916" lon="126.78477"><time>2026-10-03T03:42:15.000Z</time><ele>27.98</ele></trkpt><trkpt lat="36.879925" lon="126.78451"><time>2026-10-03T03:42:16.000Z</time><ele>28.79</ele></trkpt><trkpt lat="36.879934" lon="126.78426"><time>2026-10-03T03:42:17.000Z</time><ele>29.31</ele></trkpt><trkpt lat="36.879943" lon="126.784008"><time>2026-10-03T03:42:18.000Z</time><ele>30.18</ele></trkpt><trkpt lat="36.879952" lon="126.783751"><time>2026-10-03T03:42:19.000Z</time><ele>30.8</ele></trkpt><trkpt lat="36.87996" lon="126.783493"><time>2026-10-03T03:42:20.000Z</time><ele>31.14</ele></trkpt><trkpt lat="36.879967" lon="126.783233"><time>2026-10-03T03:42:21.000Z</time><ele>31.63</ele></trkpt><trkpt lat="36.879974" lon="126.782971"><time>2026-10-03T03:42:22.000Z</time><ele>32.14</ele></trkpt><trkpt lat="36.879982" lon="126.782713"><time>2026-10-03T03:42:23.000Z</time><ele>32.32</ele></trkpt><trkpt lat="36.879992" lon="126.782472"><time>2026-10-03T03:42:24.000Z</time><ele>32.87</ele></trkpt><trkpt lat="36.88" lon="126.782237"><time>2026-10-03T03:42:25.000Z</time><ele>34.19</ele></trkpt><trkpt lat="36.880007" lon="126.782009"><time>2026-10-03T03:42:26.000Z</time><ele>34.84</ele></trkpt><trkpt lat="36.880013" lon="126.78179"><time>2026-10-03T03:42:27.000Z</time><ele>35.94</ele></trkpt><trkpt lat="36.88002" lon="126.781568"><time>2026-10-03T03:42:28.000Z</time><ele>36.62</ele></trkpt><trkpt lat="36.880029" lon="126.781344"><time>2026-10-03T03:42:29.000Z</time><ele>37.32</ele></trkpt><trkpt lat="36.880027" lon="126.781119"><time>2026-10-03T03:42:30.000Z</time><ele>38.01</ele></trkpt><trkpt lat="36.880035" lon="126.7809"><time>2026-10-03T03:42:31.001Z</time><ele>38.52</ele></trkpt><trkpt lat="36.880044" lon="126.780677"><time>2026-10-03T03:42:32.001Z</time><ele>39.36</ele></trkpt><trkpt lat="36.880052" lon="126.780447"><time>2026-10-03T03:42:33.001Z</time><ele>40.26</ele></trkpt><trkpt lat="36.880059" lon="126.78021"><time>2026-10-03T03:42:34.001Z</time><ele>41.11</ele></trkpt><trkpt lat="36.880066" lon="126.779973"><time>2026-10-03T03:42:35.001Z</time><ele>42.5</ele></trkpt><trkpt lat="36.880072" lon="126.779733"><time>2026-10-03T03:42:36.001Z</time><ele>43.23</ele></trkpt><trkpt lat="36.880082" lon="126.779495"><time>2026-10-03T03:42:37.001Z</time><ele>44.14</ele></trkpt><trkpt lat="36.880088" lon="126.779255"><time>2026-10-03T03:42:38.001Z</time><ele>44.71</ele></trkpt><trkpt lat="36.880096" lon="126.77902"><time>2026-10-03T03:42:39.001Z</time><ele>44.58</ele></trkpt><trkpt lat="36.880103" lon="126.778792"><time>2026-10-03T03:42:40.001Z</time><ele>45.61</ele></trkpt><trkpt lat="36.880111" lon="126.778561"><time>2026-10-03T03:42:41.001Z</time><ele>45.78</ele></trkpt><trkpt lat="36.880111" lon="126.778334"><time>2026-10-03T03:42:42.001Z</time><ele>45.74</ele></trkpt><trkpt lat="36.88012" lon="126.778099"><time>2026-10-03T03:42:43.001Z</time><ele>46.4</ele></trkpt><trkpt lat="36.880139" lon="126.777852"><time>2026-10-03T03:42:44.001Z</time><ele>45.94</ele></trkpt><trkpt lat="36.880174" lon="126.777601"><time>2026-10-03T03:42:45.001Z</time><ele>45.59</ele></trkpt><trkpt lat="36.880218" lon="126.777343"><time>2026-10-03T03:42:46.001Z</time><ele>45.52</ele></trkpt><trkpt lat="36.880268" lon="126.777085"><time>2026-10-03T03:42:47.001Z</time><ele>45.17</ele></trkpt><trkpt lat="36.880327" lon="126.776833"><time>2026-10-03T03:42:48.001Z</time><ele>44.86</ele></trkpt><trkpt lat="36.880393" lon="126.776593"><time>2026-10-03T03:42:49.001Z</time><ele>44.98</ele></trkpt><trkpt lat="36.88046" lon="126.776374"><time>2026-10-03T03:42:50.001Z</time><ele>44.84</ele></trkpt><trkpt lat="36.880523" lon="126.776178"><time>2026-10-03T03:42:51.001Z</time><ele>44.72</ele></trkpt><trkpt lat="36.880589" lon="126.775985"><time>2026-10-03T03:42:52.001Z</time><ele>44.55</ele></trkpt><trkpt lat="36.880656" lon="126.775791"><time>2026-10-03T03:42:53.001Z</time><ele>43.76</ele></trkpt><trkpt lat="36.880722" lon="126.775596"><time>2026-10-03T03:42:54.001Z</time><ele>42.95</ele></trkpt><trkpt lat="36.880791" lon="126.775388"><time>2026-10-03T03:42:55.001Z</time><ele>42.42</ele></trkpt><trkpt lat="36.880858" lon="126.775185"><time>2026-10-03T03:42:56.001Z</time><ele>41.89</ele></trkpt><trkpt lat="36.880919" lon="126.774992"><time>2026-10-03T03:42:57.001Z</time><ele>41.77</ele></trkpt><trkpt lat="36.880986" lon="126.774787"><time>2026-10-03T03:42:58.001Z</time><ele>40.93</ele></trkpt><trkpt lat="36.881059" lon="126.774576"><time>2026-10-03T03:42:59.001Z</time><ele>40.09</ele></trkpt><trkpt lat="36.881129" lon="126.774373"><time>2026-10-03T03:43:00.001Z</time><ele>39.49</ele></trkpt><trkpt lat="36.881197" lon="126.774163"><time>2026-10-03T03:43:01.001Z</time><ele>38.62</ele></trkpt><trkpt lat="36.881267" lon="126.773948"><time>2026-10-03T03:43:02.001Z</time><ele>37.7</ele></trkpt><trkpt lat="36.881339" lon="126.77373"><time>2026-10-03T03:43:03.001Z</time><ele>37.04</ele></trkpt><trkpt lat="36.881413" lon="126.773505"><time>2026-10-03T03:43:04.001Z</time><ele>36.06</ele></trkpt><trkpt lat="36.881488" lon="126.773285"><time>2026-10-03T03:43:05.001Z</time><ele>35.46</ele></trkpt><trkpt lat="36.881564" lon="126.773058"><time>2026-10-03T03:43:06.001Z</time><ele>34.26</ele></trkpt><trkpt lat="36.88164" lon="126.772819"><time>2026-10-03T03:43:07.001Z</time><ele>33.39</ele></trkpt><trkpt lat="36.881721" lon="126.772571"><time>2026-10-03T03:43:08.001Z</time><ele>32.53</ele></trkpt><trkpt lat="36.881803" lon="126.772318"><time>2026-10-03T03:43:09.001Z</time><ele>31.5</ele></trkpt><trkpt lat="36.881884" lon="126.772075"><time>2026-10-03T03:43:10.001Z</time><ele>30.28</ele></trkpt><trkpt lat="36.881965" lon="126.771835"><time>2026-10-03T03:43:11.001Z</time><ele>29.26</ele></trkpt><trkpt lat="36.882046" lon="126.771591"><time>2026-10-03T03:43:12.001Z</time><ele>28.27</ele></trkpt><trkpt lat="36.882123" lon="126.771343"><time>2026-10-03T03:43:13.001Z</time><ele>27.36</ele></trkpt><trkpt lat="36.882204" lon="126.771091"><time>2026-10-03T03:43:14.001Z</time><ele>26.59</ele></trkpt><trkpt lat="36.88229" lon="126.770839"><time>2026-10-03T03:43:15.001Z</time><ele>25.94</ele></trkpt><trkpt lat="36.882373" lon="126.770584"><time>2026-10-03T03:43:16.001Z</time><ele>25.14</ele></trkpt><trkpt lat="36.88245" lon="126.770333"><time>2026-10-03T03:43:17.001Z</time><ele>24.53</ele></trkpt><trkpt lat="36.882523" lon="126.77009"><time>2026-10-03T03:43:18.001Z</time><ele>23.98</ele></trkpt><trkpt lat="36.882598" lon="126.769839"><time>2026-10-03T03:43:19.001Z</time><ele>23.62</ele></trkpt><trkpt lat="36.882673" lon="126.769584"><time>2026-10-03T03:43:20.001Z</time><ele>23.4</ele></trkpt><trkpt lat="36.882742" lon="126.769335"><time>2026-10-03T03:43:21.001Z</time><ele>23.42</ele></trkpt><trkpt lat="36.88281" lon="126.769087"><time>2026-10-03T03:43:22.001Z</time><ele>23.02</ele></trkpt><trkpt lat="36.882877" lon="126.768839"><time>2026-10-03T03:43:23.001Z</time><ele>22.98</ele></trkpt><trkpt lat="36.882938" lon="126.76859"><time>2026-10-03T03:43:24.001Z</time><ele>23.26</ele></trkpt><trkpt lat="36.883003" lon="126.768339"><time>2026-10-03T03:43:25.001Z</time><ele>23.31</ele></trkpt><trkpt lat="36.883069" lon="126.768085"><time>2026-10-03T03:43:26.001Z</time><ele>23.42</ele></trkpt><trkpt lat="36.883131" lon="126.767832"><time>2026-10-03T03:43:27.001Z</time><ele>23.41</ele></trkpt><trkpt lat="36.883193" lon="126.767584"><time>2026-10-03T03:43:28.001Z</time><ele>23.68</ele></trkpt><trkpt lat="36.883254" lon="126.767328"><time>2026-10-03T03:43:29.001Z</time><ele>23.77</ele></trkpt><trkpt lat="36.883315" lon="126.767076"><time>2026-10-03T03:43:30.001Z</time><ele>24.36</ele></trkpt><trkpt lat="36.883375" lon="126.76683"><time>2026-10-03T03:43:31.001Z</time><ele>24.49</ele></trkpt><trkpt lat="36.883432" lon="126.766586"><time>2026-10-03T03:43:32.001Z</time><ele>24.74</ele></trkpt><trkpt lat="36.883496" lon="126.766335"><time>2026-10-03T03:43:33.001Z</time><ele>24.51</ele></trkpt><trkpt lat="36.883558" lon="126.766084"><time>2026-10-03T03:43:34.001Z</time><ele>24.88</ele></trkpt><trkpt lat="36.88362" lon="126.765838"><time>2026-10-03T03:43:35.001Z</time><ele>24.97</ele></trkpt><trkpt lat="36.883677" lon="126.765601"><time>2026-10-03T03:43:36.001Z</time><ele>25.16</ele></trkpt><trkpt lat="36.883736" lon="126.765358"><time>2026-10-03T03:43:37.001Z</time><ele>25.14</ele></trkpt><trkpt lat="36.883796" lon="126.76511"><time>2026-10-03T03:43:38.001Z</time><ele>25.28</ele></trkpt><trkpt lat="36.883854" lon="126.764879"><time>2026-10-03T03:43:39.001Z</time><ele>25.51</ele></trkpt><trkpt lat="36.883911" lon="126.764649"><time>2026-10-03T03:43:40.002Z</time><ele>25.67</ele></trkpt><trkpt lat="36.883966" lon="126.764417"><time>2026-10-03T03:43:41.002Z</time><ele>25.91</ele></trkpt><trkpt lat="36.88402" lon="126.764201"><time>2026-10-03T03:43:42.002Z</time><ele>25.8</ele></trkpt><trkpt lat="36.884074" lon="126.763982"><time>2026-10-03T03:43:43.002Z</time><ele>26.08</ele></trkpt><trkpt lat="36.884131" lon="126.76376"><time>2026-10-03T03:43:44.002Z</time><ele>26.24</ele></trkpt><trkpt lat="36.884187" lon="126.763533"><time>2026-10-03T03:43:45.002Z</time><ele>26.35</ele></trkpt><trkpt lat="36.884245" lon="126.763303"><time>2026-10-03T03:43:46.002Z</time><ele>26.27</ele></trkpt><trkpt lat="36.884304" lon="126.763062"><time>2026-10-03T03:43:47.002Z</time><ele>26.39</ele></trkpt><trkpt lat="36.88437" lon="126.762805"><time>2026-10-03T03:43:48.002Z</time><ele>26.75</ele></trkpt><trkpt lat="36.884433" lon="126.76254"><time>2026-10-03T03:43:49.000Z</time><ele>26.94</ele></trkpt><trkpt lat="36.884504" lon="126.762261"><time>2026-10-03T03:43:50.000Z</time><ele>27</ele></trkpt><trkpt lat="36.884576" lon="126.761968"><time>2026-10-03T03:43:51.000Z</time><ele>27.41</ele></trkpt><trkpt lat="36.884667" lon="126.761667"><time>2026-10-03T03:43:52.000Z</time><ele>27.54</ele></trkpt><trkpt lat="36.884757" lon="126.76135"><time>2026-10-03T03:43:53.000Z</time><ele>27.57</ele></trkpt><trkpt lat="36.884834" lon="126.761037"><time>2026-10-03T03:43:54.000Z</time><ele>27.42</ele></trkpt><trkpt lat="36.884904" lon="126.760754"><time>2026-10-03T03:43:55.000Z</time><ele>27.74</ele></trkpt><trkpt lat="36.884968" lon="126.760485"><time>2026-10-03T03:43:56.000Z</time><ele>28.14</ele></trkpt><trkpt lat="36.885032" lon="126.760212"><time>2026-10-03T03:43:57.000Z</time><ele>28.31</ele></trkpt><trkpt lat="36.88509" lon="126.759936"><time>2026-10-03T03:43:58.000Z</time><ele>28.23</ele></trkpt><trkpt lat="36.885135" lon="126.759679"><time>2026-10-03T03:43:59.000Z</time><ele>28.53</ele></trkpt><trkpt lat="36.885173" lon="126.75943"><time>2026-10-03T03:44:00.000Z</time><ele>28.44</ele></trkpt><trkpt lat="36.885206" lon="126.759185"><time>2026-10-03T03:44:01.000Z</time><ele>28.84</ele></trkpt><trkpt lat="36.885226" lon="126.75894"><time>2026-10-03T03:44:02.000Z</time><ele>28.79</ele></trkpt><trkpt lat="36.885242" lon="126.758692"><time>2026-10-03T03:44:03.000Z</time><ele>29.11</ele></trkpt><trkpt lat="36.885252" lon="126.758452"><time>2026-10-03T03:44:04.000Z</time><ele>29.39</ele></trkpt><trkpt lat="36.885253" lon="126.758216"><time>2026-10-03T03:44:05.000Z</time><ele>29.6</ele></trkpt><trkpt lat="36.885251" lon="126.757981"><time>2026-10-03T03:44:06.000Z</time><ele>29.78</ele></trkpt><trkpt lat="36.88524" lon="126.757756"><time>2026-10-03T03:44:07.000Z</time><ele>29.82</ele></trkpt><trkpt lat="36.885226" lon="126.757549"><time>2026-10-03T03:44:08.000Z</time><ele>30</ele></trkpt><trkpt lat="36.885208" lon="126.757354"><time>2026-10-03T03:44:09.000Z</time><ele>30.22</ele></trkpt><trkpt lat="36.885188" lon="126.757168"><time>2026-10-03T03:44:10.000Z</time><ele>30.58</ele></trkpt><trkpt lat="36.885161" lon="126.75698"><time>2026-10-03T03:44:11.000Z</time><ele>30.48</ele></trkpt><trkpt lat="36.885127" lon="126.756793"><time>2026-10-03T03:44:12.000Z</time><ele>30.49</ele></trkpt><trkpt lat="36.885094" lon="126.756604"><time>2026-10-03T03:44:13.000Z</time><ele>30.71</ele></trkpt><trkpt lat="36.885059" lon="126.756414"><time>2026-10-03T03:44:14.000Z</time><ele>30.85</ele></trkpt><trkpt lat="36.885017" lon="126.756235"><time>2026-10-03T03:44:15.000Z</time><ele>30.72</ele></trkpt><trkpt lat="36.884975" lon="126.756066"><time>2026-10-03T03:44:16.000Z</time><ele>30.84</ele></trkpt><trkpt lat="36.884935" lon="126.755899"><time>2026-10-03T03:44:17.000Z</time><ele>30.94</ele></trkpt><trkpt lat="36.884898" lon="126.755731"><time>2026-10-03T03:44:18.000Z</time><ele>31.29</ele></trkpt><trkpt lat="36.884853" lon="126.755562"><time>2026-10-03T03:44:19.000Z</time><ele>31.16</ele></trkpt><trkpt lat="36.884809" lon="126.755389"><time>2026-10-03T03:44:20.000Z</time><ele>31.11</ele></trkpt><trkpt lat="36.884769" lon="126.755212"><time>2026-10-03T03:44:21.000Z</time><ele>30.97</ele></trkpt><trkpt lat="36.884727" lon="126.755034"><time>2026-10-03T03:44:22.000Z</time><ele>31.24</ele></trkpt><trkpt lat="36.884681" lon="126.754859"><time>2026-10-03T03:44:23.000Z</time><ele>30.99</ele></trkpt><trkpt lat="36.884636" lon="126.754679"><time>2026-10-03T03:44:24.000Z</time><ele>31.18</ele></trkpt><trkpt lat="36.884587" lon="126.754495"><time>2026-10-03T03:44:25.000Z</time><ele>31.38</ele></trkpt><trkpt lat="36.88454" lon="126.754307"><time>2026-10-03T03:44:26.000Z</time><ele>31.33</ele></trkpt><trkpt lat="36.884494" lon="126.754114"><time>2026-10-03T03:44:27.000Z</time><ele>31.38</ele></trkpt><trkpt lat="36.884449" lon="126.753912"><time>2026-10-03T03:44:28.000Z</time><ele>31.49</ele></trkpt><trkpt lat="36.884403" lon="126.753686"><time>2026-10-03T03:44:29.000Z</time><ele>31.3</ele></trkpt><trkpt lat="36.884356" lon="126.753462"><time>2026-10-03T03:44:30.000Z</time><ele>31.47</ele></trkpt><trkpt lat="36.884317" lon="126.753262"><time>2026-10-03T03:44:31.000Z</time><ele>31.16</ele></trkpt><trkpt lat="36.884281" lon="126.753067"><time>2026-10-03T03:44:32.000Z</time><ele>30.85</ele></trkpt><trkpt lat="36.884221" lon="126.752888"><time>2026-10-03T03:44:33.000Z</time><ele>30.57</ele></trkpt><trkpt lat="36.884181" lon="126.752714"><time>2026-10-03T03:44:34.000Z</time><ele>30.18</ele></trkpt><trkpt lat="36.884141" lon="126.752532"><time>2026-10-03T03:44:35.001Z</time><ele>29.82</ele></trkpt><trkpt lat="36.884202" lon="126.752315"><time>2026-10-03T03:44:36.001Z</time><ele>29.05</ele></trkpt><trkpt lat="36.884254" lon="126.752114"><time>2026-10-03T03:44:37.001Z</time><ele>28.61</ele></trkpt><trkpt lat="36.88433" lon="126.751912"><time>2026-10-03T03:44:38.001Z</time><ele>28.19</ele></trkpt><trkpt lat="36.884429" lon="126.751726"><time>2026-10-03T03:44:39.001Z</time><ele>27.49</ele></trkpt><trkpt lat="36.884535" lon="126.751583"><time>2026-10-03T03:44:40.001Z</time><ele>26.8</ele></trkpt><trkpt lat="36.88464" lon="126.751481"><time>2026-10-03T03:44:41.001Z</time><ele>26.12</ele></trkpt><trkpt lat="36.88474" lon="126.751391"><time>2026-10-03T03:44:42.001Z</time><ele>25.57</ele></trkpt><trkpt lat="36.88483" lon="126.751282"><time>2026-10-03T03:44:43.001Z</time><ele>24.33</ele></trkpt><trkpt lat="36.8849" lon="126.75115"><time>2026-10-03T03:44:44.001Z</time><ele>23.8</ele></trkpt><trkpt lat="36.884941" lon="126.751002"><time>2026-10-03T03:44:45.001Z</time><ele>23.19</ele></trkpt><trkpt lat="36.884952" lon="126.750843"><time>2026-10-03T03:44:46.001Z</time><ele>22.27</ele></trkpt><trkpt lat="36.884927" lon="126.750679"><time>2026-10-03T03:44:47.001Z</time><ele>21.39</ele></trkpt><trkpt lat="36.884869" lon="126.750517"><time>2026-10-03T03:44:48.001Z</time><ele>20.51</ele></trkpt><trkpt lat="36.884782" lon="126.750367"><time>2026-10-03T03:44:49.001Z</time><ele>19.75</ele></trkpt><trkpt lat="36.884673" lon="126.750231"><time>2026-10-03T03:44:50.001Z</time><ele>18.73</ele></trkpt><trkpt lat="36.884547" lon="126.750106"><time>2026-10-03T03:44:51.001Z</time><ele>18.15</ele></trkpt><trkpt lat="36.884415" lon="126.749991"><time>2026-10-03T03:44:52.001Z</time><ele>17.82</ele></trkpt><trkpt lat="36.884285" lon="126.749885"><time>2026-10-03T03:44:53.001Z</time><ele>18.07</ele></trkpt><trkpt lat="36.884158" lon="126.749784"><time>2026-10-03T03:44:54.001Z</time><ele>18.91</ele></trkpt><trkpt lat="36.884027" lon="126.749678"><time>2026-10-03T03:44:55.001Z</time><ele>19.31</ele></trkpt><trkpt lat="36.883895" lon="126.749568"><time>2026-10-03T03:44:56.001Z</time><ele>19.57</ele></trkpt><trkpt lat="36.883765" lon="126.749459"><time>2026-10-03T03:44:57.001Z</time><ele>20.3</ele></trkpt><trkpt lat="36.883628" lon="126.749357"><time>2026-10-03T03:44:58.001Z</time><ele>21.01</ele></trkpt><trkpt lat="36.88349" lon="126.749248"><time>2026-10-03T03:44:59.001Z</time><ele>21.93</ele></trkpt><trkpt lat="36.883347" lon="126.749152"><time>2026-10-03T03:45:00.001Z</time><ele>22.59</ele></trkpt><trkpt lat="36.883199" lon="126.749062"><time>2026-10-03T03:45:01.001Z</time><ele>23.08</ele></trkpt><trkpt lat="36.883045" lon="126.748975"><time>2026-10-03T03:45:02.001Z</time><ele>23.99</ele></trkpt><trkpt lat="36.882885" lon="126.7489"><time>2026-10-03T03:45:03.001Z</time><ele>24.45</ele></trkpt><trkpt lat="36.882725" lon="126.74883"><time>2026-10-03T03:45:04.001Z</time><ele>24.82</ele></trkpt><trkpt lat="36.882561" lon="126.748766"><time>2026-10-03T03:45:05.001Z</time><ele>24.8</ele></trkpt><trkpt lat="36.882393" lon="126.74871"><time>2026-10-03T03:45:06.001Z</time><ele>25.28</ele></trkpt><trkpt lat="36.882221" lon="126.748665"><time>2026-10-03T03:45:07.001Z</time><ele>25.39</ele></trkpt><trkpt lat="36.882055" lon="126.74863"><time>2026-10-03T03:45:08.001Z</time><ele>25.35</ele></trkpt><trkpt lat="36.881891" lon="126.748605"><time>2026-10-03T03:45:09.001Z</time><ele>25.05</ele></trkpt><trkpt lat="36.881722" lon="126.748587"><time>2026-10-03T03:45:10.001Z</time><ele>24.91</ele></trkpt><trkpt lat="36.881548" lon="126.748578"><time>2026-10-03T03:45:11.001Z</time><ele>24.51</ele></trkpt><trkpt lat="36.881374" lon="126.748574"><time>2026-10-03T03:45:12.001Z</time><ele>24.31</ele></trkpt><trkpt lat="36.881198" lon="126.748579"><time>2026-10-03T03:45:13.001Z</time><ele>24.3</ele></trkpt><trkpt lat="36.881023" lon="126.748596"><time>2026-10-03T03:45:14.001Z</time><ele>24.12</ele></trkpt><trkpt lat="36.880843" lon="126.748624"><time>2026-10-03T03:45:15.001Z</time><ele>24.03</ele></trkpt><trkpt lat="36.880658" lon="126.74866"><time>2026-10-03T03:45:16.001Z</time><ele>23.85</ele></trkpt><trkpt lat="36.880471" lon="126.748705"><time>2026-10-03T03:45:17.001Z</time><ele>23.59</ele></trkpt><trkpt lat="36.880273" lon="126.74876"><time>2026-10-03T03:45:18.001Z</time><ele>23.12</ele></trkpt><trkpt lat="36.880067" lon="126.748819"><time>2026-10-03T03:45:19.001Z</time><ele>22.86</ele></trkpt><trkpt lat="36.87985" lon="126.748882"><time>2026-10-03T03:45:20.001Z</time><ele>22.38</ele></trkpt><trkpt lat="36.879621" lon="126.748952"><time>2026-10-03T03:45:21.001Z</time><ele>22.41</ele></trkpt><trkpt lat="36.879381" lon="126.749025"><time>2026-10-03T03:45:22.001Z</time><ele>22.39</ele></trkpt><trkpt lat="36.879142" lon="126.749095"><time>2026-10-03T03:45:23.001Z</time><ele>22.18</ele></trkpt><trkpt lat="36.878908" lon="126.749165"><time>2026-10-03T03:45:24.001Z</time><ele>21.93</ele></trkpt><trkpt lat="36.878669" lon="126.749235"><time>2026-10-03T03:45:25.001Z</time><ele>21.62</ele></trkpt><trkpt lat="36.878437" lon="126.749303"><time>2026-10-03T03:45:26.001Z</time><ele>21.28</ele></trkpt><trkpt lat="36.878197" lon="126.749371"><time>2026-10-03T03:45:27.001Z</time><ele>21.25</ele></trkpt><trkpt lat="36.877966" lon="126.749438"><time>2026-10-03T03:45:28.001Z</time><ele>20.6</ele></trkpt><trkpt lat="36.877731" lon="126.749511"><time>2026-10-03T03:45:29.001Z</time><ele>20.24</ele></trkpt><trkpt lat="36.877486" lon="126.749584"><time>2026-10-03T03:45:30.001Z</time><ele>19.78</ele></trkpt><trkpt lat="36.877232" lon="126.749657"><time>2026-10-03T03:45:31.001Z</time><ele>19.43</ele></trkpt><trkpt lat="36.876981" lon="126.749729"><time>2026-10-03T03:45:32.001Z</time><ele>19.27</ele></trkpt><trkpt lat="36.876747" lon="126.749796"><time>2026-10-03T03:45:33.001Z</time><ele>18.99</ele></trkpt><trkpt lat="36.876514" lon="126.749865"><time>2026-10-03T03:45:34.001Z</time><ele>18.68</ele></trkpt><trkpt lat="36.87628" lon="126.749936"><time>2026-10-03T03:45:35.001Z</time><ele>18.39</ele></trkpt><trkpt lat="36.876045" lon="126.750006"><time>2026-10-03T03:45:36.001Z</time><ele>18.49</ele></trkpt><trkpt lat="36.875805" lon="126.750073"><time>2026-10-03T03:45:37.001Z</time><ele>18.59</ele></trkpt><trkpt lat="36.875563" lon="126.750145"><time>2026-10-03T03:45:38.001Z</time><ele>18.53</ele></trkpt><trkpt lat="36.875323" lon="126.750214"><time>2026-10-03T03:45:39.001Z</time><ele>19.02</ele></trkpt><trkpt lat="36.875079" lon="126.750288"><time>2026-10-03T03:45:40.001Z</time><ele>19.41</ele></trkpt><trkpt lat="36.874829" lon="126.750363"><time>2026-10-03T03:45:41.001Z</time><ele>20.12</ele></trkpt><trkpt lat="36.874584" lon="126.75043"><time>2026-10-03T03:45:42.001Z</time><ele>20.63</ele></trkpt><trkpt lat="36.87434" lon="126.750494"><time>2026-10-03T03:45:43.001Z</time><ele>21.27</ele></trkpt><trkpt lat="36.874097" lon="126.750559"><time>2026-10-03T03:45:44.001Z</time><ele>21.95</ele></trkpt><trkpt lat="36.873853" lon="126.750623"><time>2026-10-03T03:45:45.002Z</time><ele>22.91</ele></trkpt><trkpt lat="36.873616" lon="126.750683"><time>2026-10-03T03:45:46.002Z</time><ele>23.31</ele></trkpt><trkpt lat="36.873377" lon="126.750744"><time>2026-10-03T03:45:47.002Z</time><ele>23.64</ele></trkpt><trkpt lat="36.873128" lon="126.750801"><time>2026-10-03T03:45:48.002Z</time><ele>23.79</ele></trkpt><trkpt lat="36.872885" lon="126.750858"><time>2026-10-03T03:45:49.002Z</time><ele>24.14</ele></trkpt><trkpt lat="36.872656" lon="126.750912"><time>2026-10-03T03:45:50.002Z</time><ele>24.1</ele></trkpt><trkpt lat="36.872418" lon="126.750971"><time>2026-10-03T03:45:51.002Z</time><ele>23.97</ele></trkpt><trkpt lat="36.872181" lon="126.751025"><time>2026-10-03T03:45:52.002Z</time><ele>23.62</ele></trkpt><trkpt lat="36.87194" lon="126.751084"><time>2026-10-03T03:45:53.002Z</time><ele>23.17</ele></trkpt><trkpt lat="36.87169" lon="126.751146"><time>2026-10-03T03:45:54.002Z</time><ele>22.84</ele></trkpt><trkpt lat="36.871431" lon="126.751208"><time>2026-10-03T03:45:55.000Z</time><ele>22.68</ele></trkpt><trkpt lat="36.871166" lon="126.751271"><time>2026-10-03T03:45:56.000Z</time><ele>22.42</ele></trkpt><trkpt lat="36.870901" lon="126.751336"><time>2026-10-03T03:45:57.000Z</time><ele>22.24</ele></trkpt><trkpt lat="36.87063" lon="126.751399"><time>2026-10-03T03:45:58.000Z</time><ele>22.18</ele></trkpt><trkpt lat="36.870371" lon="126.751458"><time>2026-10-03T03:45:59.000Z</time><ele>22.34</ele></trkpt><trkpt lat="36.870116" lon="126.75152"><time>2026-10-03T03:46:00.000Z</time><ele>22.53</ele></trkpt><trkpt lat="36.869857" lon="126.751584"><time>2026-10-03T03:46:01.000Z</time><ele>23.22</ele></trkpt><trkpt lat="36.869592" lon="126.751644"><time>2026-10-03T03:46:02.000Z</time><ele>23.85</ele></trkpt><trkpt lat="36.869323" lon="126.751703"><time>2026-10-03T03:46:03.000Z</time><ele>24.45</ele></trkpt><trkpt lat="36.869058" lon="126.751769"><time>2026-10-03T03:46:04.000Z</time><ele>24.91</ele></trkpt><trkpt lat="36.868787" lon="126.751828"><time>2026-10-03T03:46:05.000Z</time><ele>25.44</ele></trkpt><trkpt lat="36.868506" lon="126.751874"><time>2026-10-03T03:46:06.000Z</time><ele>25.8</ele></trkpt><trkpt lat="36.868221" lon="126.751927"><time>2026-10-03T03:46:07.000Z</time><ele>26.36</ele></trkpt><trkpt lat="36.867933" lon="126.751996"><time>2026-10-03T03:46:08.000Z</time><ele>26.71</ele></trkpt><trkpt lat="36.867637" lon="126.752039"><time>2026-10-03T03:46:09.000Z</time><ele>27.09</ele></trkpt><trkpt lat="36.867335" lon="126.752085"><time>2026-10-03T03:46:10.000Z</time><ele>27.71</ele></trkpt><trkpt lat="36.867033" lon="126.752137"><time>2026-10-03T03:46:11.000Z</time><ele>28.15</ele></trkpt><trkpt lat="36.866723" lon="126.752178"><time>2026-10-03T03:46:12.000Z</time><ele>28.74</ele></trkpt><trkpt lat="36.86641" lon="126.752215"><time>2026-10-03T03:46:13.000Z</time><ele>29.21</ele></trkpt><trkpt lat="36.866093" lon="126.75225"><time>2026-10-03T03:46:14.000Z</time><ele>29.54</ele></trkpt><trkpt lat="36.865773" lon="126.752277"><time>2026-10-03T03:46:15.000Z</time><ele>29.75</ele></trkpt><trkpt lat="36.865451" lon="126.752295"><time>2026-10-03T03:46:16.000Z</time><ele>29.97</ele></trkpt><trkpt lat="36.865129" lon="126.752312"><time>2026-10-03T03:46:17.000Z</time><ele>29.9</ele></trkpt><trkpt lat="36.864804" lon="126.752327"><time>2026-10-03T03:46:18.000Z</time><ele>29.64</ele></trkpt><trkpt lat="36.864478" lon="126.752336"><time>2026-10-03T03:46:19.000Z</time><ele>29.44</ele></trkpt><trkpt lat="36.864152" lon="126.752335"><time>2026-10-03T03:46:20.000Z</time><ele>29.39</ele></trkpt><trkpt lat="36.863828" lon="126.752325"><time>2026-10-03T03:46:21.000Z</time><ele>28.79</ele></trkpt><trkpt lat="36.863504" lon="126.752312"><time>2026-10-03T03:46:22.000Z</time><ele>28.26</ele></trkpt><trkpt lat="36.86318" lon="126.7523"><time>2026-10-03T03:46:23.000Z</time><ele>27.84</ele></trkpt><trkpt lat="36.862856" lon="126.752289"><time>2026-10-03T03:46:24.000Z</time><ele>27.08</ele></trkpt><trkpt lat="36.862537" lon="126.752274"><time>2026-10-03T03:46:25.000Z</time><ele>27.06</ele></trkpt><trkpt lat="36.862218" lon="126.75226"><time>2026-10-03T03:46:26.000Z</time><ele>26.33</ele></trkpt><trkpt lat="36.861902" lon="126.752247"><time>2026-10-03T03:46:27.000Z</time><ele>26</ele></trkpt><trkpt lat="36.861586" lon="126.752234"><time>2026-10-03T03:46:28.000Z</time><ele>25.96</ele></trkpt><trkpt lat="36.861273" lon="126.752223"><time>2026-10-03T03:46:29.000Z</time><ele>25.1</ele></trkpt><trkpt lat="36.860968" lon="126.752213"><time>2026-10-03T03:46:30.000Z</time><ele>24.8</ele></trkpt><trkpt lat="36.860663" lon="126.75221"><time>2026-10-03T03:46:31.000Z</time><ele>24.2</ele></trkpt><trkpt lat="36.860356" lon="126.752213"><time>2026-10-03T03:46:32.000Z</time><ele>23.67</ele></trkpt><trkpt lat="36.860048" lon="126.752239"><time>2026-10-03T03:46:33.000Z</time><ele>23.51</ele></trkpt><trkpt lat="36.859736" lon="126.752285"><time>2026-10-03T03:46:34.000Z</time><ele>22.8</ele></trkpt><trkpt lat="36.859421" lon="126.752342"><time>2026-10-03T03:46:35.000Z</time><ele>22.15</ele></trkpt><trkpt lat="36.859102" lon="126.752412"><time>2026-10-03T03:46:36.000Z</time><ele>21.67</ele></trkpt><trkpt lat="36.858779" lon="126.752486"><time>2026-10-03T03:46:37.000Z</time><ele>20.77</ele></trkpt><trkpt lat="36.858454" lon="126.75256"><time>2026-10-03T03:46:38.000Z</time><ele>20.35</ele></trkpt><trkpt lat="36.858123" lon="126.752634"><time>2026-10-03T03:46:39.000Z</time><ele>19.77</ele></trkpt><trkpt lat="36.85779" lon="126.752708"><time>2026-10-03T03:46:40.000Z</time><ele>19.09</ele></trkpt><trkpt lat="36.857457" lon="126.752781"><time>2026-10-03T03:46:41.000Z</time><ele>18.92</ele></trkpt><trkpt lat="36.857127" lon="126.752854"><time>2026-10-03T03:46:42.001Z</time><ele>18.59</ele></trkpt><trkpt lat="36.856799" lon="126.752929"><time>2026-10-03T03:46:43.001Z</time><ele>18.38</ele></trkpt><trkpt lat="36.856474" lon="126.753001"><time>2026-10-03T03:46:44.001Z</time><ele>17.98</ele></trkpt><trkpt lat="36.85615" lon="126.753066"><time>2026-10-03T03:46:45.001Z</time><ele>18.14</ele></trkpt><trkpt lat="36.855828" lon="126.753136"><time>2026-10-03T03:46:46.001Z</time><ele>18.2</ele></trkpt><trkpt lat="36.855506" lon="126.753209"><time>2026-10-03T03:46:47.001Z</time><ele>18.41</ele></trkpt><trkpt lat="36.855185" lon="126.753281"><time>2026-10-03T03:46:48.001Z</time><ele>18.23</ele></trkpt><trkpt lat="36.854865" lon="126.753349"><time>2026-10-03T03:46:49.001Z</time><ele>18.2</ele></trkpt><trkpt lat="36.854547" lon="126.753419"><time>2026-10-03T03:46:50.001Z</time><ele>18.33</ele></trkpt><trkpt lat="36.854229" lon="126.753492"><time>2026-10-03T03:46:51.001Z</time><ele>18.3</ele></trkpt><trkpt lat="36.853912" lon="126.753564"><time>2026-10-03T03:46:52.001Z</time><ele>18.36</ele></trkpt><trkpt lat="36.853595" lon="126.753634"><time>2026-10-03T03:46:53.001Z</time><ele>18.15</ele></trkpt><trkpt lat="36.853277" lon="126.753705"><time>2026-10-03T03:46:54.001Z</time><ele>18.21</ele></trkpt><trkpt lat="36.85296" lon="126.753778"><time>2026-10-03T03:46:55.001Z</time><ele>18.24</ele></trkpt><trkpt lat="36.852645" lon="126.753849"><time>2026-10-03T03:46:56.001Z</time><ele>18.65</ele></trkpt><trkpt lat="36.852329" lon="126.753918"><time>2026-10-03T03:46:57.001Z</time><ele>18.83</ele></trkpt><trkpt lat="36.852015" lon="126.753991"><time>2026-10-03T03:46:58.001Z</time><ele>18.88</ele></trkpt><trkpt lat="36.851698" lon="126.754061"><time>2026-10-03T03:46:59.001Z</time><ele>18.66</ele></trkpt><trkpt lat="36.851384" lon="126.754126"><time>2026-10-03T03:47:00.001Z</time><ele>19</ele></trkpt><trkpt lat="36.851074" lon="126.754195"><time>2026-10-03T03:47:01.001Z</time><ele>19.02</ele></trkpt><trkpt lat="36.850774" lon="126.754262"><time>2026-10-03T03:47:02.001Z</time><ele>19.41</ele></trkpt><trkpt lat="36.85048" lon="126.754325"><time>2026-10-03T03:47:03.001Z</time><ele>19.59</ele></trkpt><trkpt lat="36.850189" lon="126.754388"><time>2026-10-03T03:47:04.001Z</time><ele>19.87</ele></trkpt><trkpt lat="36.849908" lon="126.754455"><time>2026-10-03T03:47:05.001Z</time><ele>19.92</ele></trkpt><trkpt lat="36.849632" lon="126.754528"><time>2026-10-03T03:47:06.001Z</time><ele>19.98</ele></trkpt><trkpt lat="36.849373" lon="126.754599"><time>2026-10-03T03:47:07.001Z</time><ele>20.09</ele></trkpt><trkpt lat="36.849119" lon="126.754665"><time>2026-10-03T03:47:08.001Z</time><ele>20.27</ele></trkpt><trkpt lat="36.848881" lon="126.75472"><time>2026-10-03T03:47:09.001Z</time><ele>19.96</ele></trkpt><trkpt lat="36.848644" lon="126.754771"><time>2026-10-03T03:47:10.001Z</time><ele>20.29</ele></trkpt><trkpt lat="36.848408" lon="126.754815"><time>2026-10-03T03:47:11.001Z</time><ele>20.18</ele></trkpt><trkpt lat="36.848174" lon="126.754853"><time>2026-10-03T03:47:12.001Z</time><ele>20.28</ele></trkpt><trkpt lat="36.847943" lon="126.754885"><time>2026-10-03T03:47:13.001Z</time><ele>20.22</ele></trkpt><trkpt lat="36.847715" lon="126.75491"><time>2026-10-03T03:47:14.001Z</time><ele>20.3</ele></trkpt><trkpt lat="36.847483" lon="126.75493"><time>2026-10-03T03:47:15.001Z</time><ele>20.48</ele></trkpt><trkpt lat="36.847252" lon="126.754944"><time>2026-10-03T03:47:16.001Z</time><ele>20.39</ele></trkpt><trkpt lat="36.84702" lon="126.754953"><time>2026-10-03T03:47:17.001Z</time><ele>20.61</ele></trkpt><trkpt lat="36.846784" lon="126.754957"><time>2026-10-03T03:47:18.001Z</time><ele>20.91</ele></trkpt><trkpt lat="36.846543" lon="126.754955"><time>2026-10-03T03:47:19.001Z</time><ele>20.71</ele></trkpt><trkpt lat="36.846297" lon="126.754952"><time>2026-10-03T03:47:20.001Z</time><ele>20.88</ele></trkpt><trkpt lat="36.846048" lon="126.754954"><time>2026-10-03T03:47:21.001Z</time><ele>20.87</ele></trkpt><trkpt lat="36.845789" lon="126.754958"><time>2026-10-03T03:47:22.001Z</time><ele>20.87</ele></trkpt><trkpt lat="36.845523" lon="126.754961"><time>2026-10-03T03:47:23.001Z</time><ele>21.13</ele></trkpt><trkpt lat="36.845249" lon="126.754962"><time>2026-10-03T03:47:24.001Z</time><ele>21.23</ele></trkpt><trkpt lat="36.844969" lon="126.754965"><time>2026-10-03T03:47:25.001Z</time><ele>21.46</ele></trkpt><trkpt lat="36.844687" lon="126.754969"><time>2026-10-03T03:47:26.001Z</time><ele>21.7</ele></trkpt><trkpt lat="36.844398" lon="126.754968"><time>2026-10-03T03:47:27.001Z</time><ele>21.7</ele></trkpt><trkpt lat="36.844101" lon="126.754962"><time>2026-10-03T03:47:28.001Z</time><ele>21.68</ele></trkpt><trkpt lat="36.843798" lon="126.754965"><time>2026-10-03T03:47:29.001Z</time><ele>21.72</ele></trkpt><trkpt lat="36.843491" lon="126.75497"><time>2026-10-03T03:47:30.001Z</time><ele>21.97</ele></trkpt><trkpt lat="36.843185" lon="126.754987"><time>2026-10-03T03:47:31.001Z</time><ele>21.86</ele></trkpt><trkpt lat="36.84288" lon="126.755013"><time>2026-10-03T03:47:32.001Z</time><ele>22.13</ele></trkpt><trkpt lat="36.842575" lon="126.755052"><time>2026-10-03T03:47:33.001Z</time><ele>22.28</ele></trkpt><trkpt lat="36.842268" lon="126.755109"><time>2026-10-03T03:47:34.001Z</time><ele>22.74</ele></trkpt><trkpt lat="36.841972" lon="126.755184"><time>2026-10-03T03:47:35.001Z</time><ele>22.52</ele></trkpt><trkpt lat="36.841681" lon="126.755268"><time>2026-10-03T03:47:36.001Z</time><ele>22.54</ele></trkpt><trkpt lat="36.841382" lon="126.755355"><time>2026-10-03T03:47:37.001Z</time><ele>22.7</ele></trkpt><trkpt lat="36.841087" lon="126.755441"><time>2026-10-03T03:47:38.001Z</time><ele>22.51</ele></trkpt><trkpt lat="36.840797" lon="126.755522"><time>2026-10-03T03:47:39.001Z</time><ele>22.59</ele></trkpt><trkpt lat="36.840507" lon="126.755604"><time>2026-10-03T03:47:40.001Z</time><ele>22.65</ele></trkpt><trkpt lat="36.84022" lon="126.755689"><time>2026-10-03T03:47:41.001Z</time><ele>22.14</ele></trkpt><trkpt lat="36.839935" lon="126.755768"><time>2026-10-03T03:47:42.001Z</time><ele>22.47</ele></trkpt><trkpt lat="36.839657" lon="126.755847"><time>2026-10-03T03:47:43.001Z</time><ele>22.71</ele></trkpt><trkpt lat="36.839382" lon="126.755918"><time>2026-10-03T03:47:44.001Z</time><ele>23.18</ele></trkpt><trkpt lat="36.839113" lon="126.755988"><time>2026-10-03T03:47:45.001Z</time><ele>22.63</ele></trkpt><trkpt lat="36.838856" lon="126.75604"><time>2026-10-03T03:47:46.001Z</time><ele>22.76</ele></trkpt><trkpt lat="36.838614" lon="126.756075"><time>2026-10-03T03:47:47.001Z</time><ele>23.38</ele></trkpt><trkpt lat="36.838381" lon="126.756099"><time>2026-10-03T03:47:48.001Z</time><ele>23.69</ele></trkpt><trkpt lat="36.838159" lon="126.756101"><time>2026-10-03T03:47:49.001Z</time><ele>24.32</ele></trkpt><trkpt lat="36.837942" lon="126.756088"><time>2026-10-03T03:47:50.001Z</time><ele>24.48</ele></trkpt><trkpt lat="36.837729" lon="126.756063"><time>2026-10-03T03:47:51.001Z</time><ele>24.22</ele></trkpt><trkpt lat="36.837513" lon="126.756023"><time>2026-10-03T03:47:52.002Z</time><ele>24.31</ele></trkpt><trkpt lat="36.837298" lon="126.755971"><time>2026-10-03T03:47:53.002Z</time><ele>24.56</ele></trkpt><trkpt lat="36.837079" lon="126.755916"><time>2026-10-03T03:47:54.002Z</time><ele>24.88</ele></trkpt><trkpt lat="36.836859" lon="126.755834"><time>2026-10-03T03:47:55.002Z</time><ele>25.34</ele></trkpt><trkpt lat="36.836642" lon="126.755736"><time>2026-10-03T03:47:56.002Z</time><ele>25.78</ele></trkpt><trkpt lat="36.836423" lon="126.755623"><time>2026-10-03T03:47:57.002Z</time><ele>26.45</ele></trkpt><trkpt lat="36.836203" lon="126.755498"><time>2026-10-03T03:47:58.002Z</time><ele>26.92</ele></trkpt><trkpt lat="36.835988" lon="126.755373"><time>2026-10-03T03:47:59.002Z</time><ele>27.53</ele></trkpt><trkpt lat="36.835775" lon="126.755227"><time>2026-10-03T03:48:00.002Z</time><ele>28</ele></trkpt><trkpt lat="36.83555" lon="126.755075"><time>2026-10-03T03:48:01.000Z</time><ele>28.72</ele></trkpt><trkpt lat="36.835315" lon="126.754916"><time>2026-10-03T03:48:02.000Z</time><ele>29.09</ele></trkpt><trkpt lat="36.835071" lon="126.754766"><time>2026-10-03T03:48:03.000Z</time><ele>30.42</ele></trkpt><trkpt lat="36.834822" lon="126.754605"><time>2026-10-03T03:48:04.000Z</time><ele>31.45</ele></trkpt><trkpt lat="36.834568" lon="126.75445"><time>2026-10-03T03:48:05.000Z</time><ele>32.38</ele></trkpt><trkpt lat="36.834312" lon="126.754294"><time>2026-10-03T03:48:06.000Z</time><ele>33.72</ele></trkpt><trkpt lat="36.834056" lon="126.754135"><time>2026-10-03T03:48:07.000Z</time><ele>35.07</ele></trkpt><trkpt lat="36.833798" lon="126.753969"><time>2026-10-03T03:48:08.000Z</time><ele>36.35</ele></trkpt><trkpt lat="36.833535" lon="126.753797"><time>2026-10-03T03:48:09.000Z</time><ele>38.02</ele></trkpt><trkpt lat="36.833269" lon="126.753635"><time>2026-10-03T03:48:10.000Z</time><ele>38.94</ele></trkpt><trkpt lat="36.833008" lon="126.753474"><time>2026-10-03T03:48:11.000Z</time><ele>40.38</ele></trkpt><trkpt lat="36.832763" lon="126.753323"><time>2026-10-03T03:48:12.000Z</time><ele>41.14</ele></trkpt><trkpt lat="36.832536" lon="126.753182"><time>2026-10-03T03:48:13.000Z</time><ele>41.65</ele></trkpt><trkpt lat="36.832323" lon="126.753057"><time>2026-10-03T03:48:14.000Z</time><ele>42.03</ele></trkpt><trkpt lat="36.832112" lon="126.752945"><time>2026-10-03T03:48:15.000Z</time><ele>42.36</ele></trkpt><trkpt lat="36.831901" lon="126.752832"><time>2026-10-03T03:48:16.000Z</time><ele>42.68</ele></trkpt><trkpt lat="36.831706" lon="126.752716"><time>2026-10-03T03:48:17.000Z</time><ele>42.98</ele></trkpt><trkpt lat="36.831505" lon="126.752596"><time>2026-10-03T03:48:18.000Z</time><ele>43.16</ele></trkpt><trkpt lat="36.831314" lon="126.752486"><time>2026-10-03T03:48:19.000Z</time><ele>43.04</ele></trkpt><trkpt lat="36.831123" lon="126.752386"><time>2026-10-03T03:48:20.000Z</time><ele>43.21</ele></trkpt><trkpt lat="36.830944" lon="126.752292"><time>2026-10-03T03:48:21.000Z</time><ele>43.5</ele></trkpt><trkpt lat="36.830772" lon="126.752204"><time>2026-10-03T03:48:22.000Z</time><ele>43.74</ele></trkpt><trkpt lat="36.830605" lon="126.752124"><time>2026-10-03T03:48:23.000Z</time><ele>43.87</ele></trkpt><trkpt lat="36.830438" lon="126.752043"><time>2026-10-03T03:48:24.000Z</time><ele>43.75</ele></trkpt><trkpt lat="36.830264" lon="126.751966"><time>2026-10-03T03:48:25.000Z</time><ele>43.84</ele></trkpt><trkpt lat="36.830089" lon="126.751894"><time>2026-10-03T03:48:26.000Z</time><ele>44.14</ele></trkpt><trkpt lat="36.829907" lon="126.751821"><time>2026-10-03T03:48:27.000Z</time><ele>44.5</ele></trkpt><trkpt lat="36.829729" lon="126.751752"><time>2026-10-03T03:48:28.000Z</time><ele>44.49</ele></trkpt><trkpt lat="36.829554" lon="126.75169"><time>2026-10-03T03:48:29.000Z</time><ele>44.17</ele></trkpt><trkpt lat="36.829376" lon="126.751609"><time>2026-10-03T03:48:30.000Z</time><ele>44.47</ele></trkpt><trkpt lat="36.829187" lon="126.751528"><time>2026-10-03T03:48:31.000Z</time><ele>44.56</ele></trkpt><trkpt lat="36.828979" lon="126.751479"><time>2026-10-03T03:48:32.000Z</time><ele>44.78</ele></trkpt><trkpt lat="36.828761" lon="126.751412"><time>2026-10-03T03:48:33.000Z</time><ele>45.06</ele></trkpt><trkpt lat="36.828529" lon="126.75135"><time>2026-10-03T03:48:34.000Z</time><ele>44.95</ele></trkpt><trkpt lat="36.828286" lon="126.751295"><time>2026-10-03T03:48:35.000Z</time><ele>44.76</ele></trkpt><trkpt lat="36.828034" lon="126.751236"><time>2026-10-03T03:48:36.000Z</time><ele>45.03</ele></trkpt><trkpt lat="36.827777" lon="126.751186"><time>2026-10-03T03:48:37.000Z</time><ele>45.36</ele></trkpt><trkpt lat="36.827517" lon="126.751145"><time>2026-10-03T03:48:38.000Z</time><ele>45.35</ele></trkpt><trkpt lat="36.827253" lon="126.751106"><time>2026-10-03T03:48:39.000Z</time><ele>46.09</ele></trkpt><trkpt lat="36.826989" lon="126.751078"><time>2026-10-03T03:48:40.000Z</time><ele>45.98</ele></trkpt><trkpt lat="36.826714" lon="126.751055"><time>2026-10-03T03:48:41.000Z</time><ele>46.36</ele></trkpt><trkpt lat="36.826433" lon="126.751053"><time>2026-10-03T03:48:42.000Z</time><ele>47.35</ele></trkpt><trkpt lat="36.826144" lon="126.751059"><time>2026-10-03T03:48:43.000Z</time><ele>47.02</ele></trkpt><trkpt lat="36.825849" lon="126.751035"><time>2026-10-03T03:48:44.000Z</time><ele>47.42</ele></trkpt><trkpt lat="36.825546" lon="126.751011"><time>2026-10-03T03:48:45.000Z</time><ele>47.37</ele></trkpt><trkpt lat="36.825247" lon="126.75099"><time>2026-10-03T03:48:46.000Z</time><ele>47.41</ele></trkpt><trkpt lat="36.824953" lon="126.750969"><time>2026-10-03T03:48:47.001Z</time><ele>47.65</ele></trkpt><trkpt lat="36.824657" lon="126.750951"><time>2026-10-03T03:48:48.001Z</time><ele>47.37</ele></trkpt><trkpt lat="36.824358" lon="126.750926"><time>2026-10-03T03:48:49.001Z</time><ele>47.25</ele></trkpt><trkpt lat="36.824053" lon="126.750886"><time>2026-10-03T03:48:50.001Z</time><ele>47.09</ele></trkpt><trkpt lat="36.823743" lon="126.750844"><time>2026-10-03T03:48:51.001Z</time><ele>46.57</ele></trkpt><trkpt lat="36.823436" lon="126.750817"><time>2026-10-03T03:48:52.001Z</time><ele>46.3</ele></trkpt><trkpt lat="36.823135" lon="126.750795"><time>2026-10-03T03:48:53.001Z</time><ele>45.67</ele></trkpt><trkpt lat="36.82284" lon="126.750776"><time>2026-10-03T03:48:54.001Z</time><ele>44.99</ele></trkpt><trkpt lat="36.822548" lon="126.750758"><time>2026-10-03T03:48:55.001Z</time><ele>44.12</ele></trkpt><trkpt lat="36.822257" lon="126.75074"><time>2026-10-03T03:48:56.001Z</time><ele>43.59</ele></trkpt><trkpt lat="36.821964" lon="126.750716"><time>2026-10-03T03:48:57.001Z</time><ele>43.05</ele></trkpt><trkpt lat="36.821669" lon="126.750689"><time>2026-10-03T03:48:58.001Z</time><ele>42.46</ele></trkpt><trkpt lat="36.82137" lon="126.750667"><time>2026-10-03T03:48:59.001Z</time><ele>41.59</ele></trkpt><trkpt lat="36.821065" lon="126.750644"><time>2026-10-03T03:49:00.001Z</time><ele>41.18</ele></trkpt><trkpt lat="36.820756" lon="126.750622"><time>2026-10-03T03:49:01.001Z</time><ele>40.53</ele></trkpt><trkpt lat="36.820442" lon="126.7506"><time>2026-10-03T03:49:02.001Z</time><ele>39.69</ele></trkpt><trkpt lat="36.820134" lon="126.75059"><time>2026-10-03T03:49:03.001Z</time><ele>39</ele></trkpt><trkpt lat="36.819819" lon="126.750588"><time>2026-10-03T03:49:04.001Z</time><ele>37.97</ele></trkpt><trkpt lat="36.819499" lon="126.750567"><time>2026-10-03T03:49:05.001Z</time><ele>37.39</ele></trkpt><trkpt lat="36.819177" lon="126.750539"><time>2026-10-03T03:49:06.001Z</time><ele>36.77</ele></trkpt><trkpt lat="36.818852" lon="126.750517"><time>2026-10-03T03:49:07.001Z</time><ele>35.75</ele></trkpt><trkpt lat="36.818526" lon="126.750499"><time>2026-10-03T03:49:08.001Z</time><ele>34.77</ele></trkpt><trkpt lat="36.8182" lon="126.750471"><time>2026-10-03T03:49:09.001Z</time><ele>34.59</ele></trkpt><trkpt lat="36.817872" lon="126.750443"><time>2026-10-03T03:49:10.001Z</time><ele>34.18</ele></trkpt><trkpt lat="36.817546" lon="126.750424"><time>2026-10-03T03:49:11.001Z</time><ele>33.77</ele></trkpt><trkpt lat="36.817227" lon="126.75038"><time>2026-10-03T03:49:12.001Z</time><ele>33.36</ele></trkpt><trkpt lat="36.816909" lon="126.750356"><time>2026-10-03T03:49:13.001Z</time><ele>32.74</ele></trkpt><trkpt lat="36.816595" lon="126.75036"><time>2026-10-03T03:49:14.001Z</time><ele>32.24</ele></trkpt><trkpt lat="36.816292" lon="126.750347"><time>2026-10-03T03:49:15.001Z</time><ele>32.05</ele></trkpt><trkpt lat="36.815995" lon="126.750335"><time>2026-10-03T03:49:16.001Z</time><ele>31.7</ele></trkpt><trkpt lat="36.815701" lon="126.750336"><time>2026-10-03T03:49:17.001Z</time><ele>31.26</ele></trkpt><trkpt lat="36.815412" lon="126.750335"><time>2026-10-03T03:49:18.001Z</time><ele>30.4</ele></trkpt><trkpt lat="36.815125" lon="126.75034"><time>2026-10-03T03:49:19.001Z</time><ele>29.83</ele></trkpt><trkpt lat="36.814841" lon="126.75036"><time>2026-10-03T03:49:20.001Z</time><ele>29.45</ele></trkpt><trkpt lat="36.814556" lon="126.750391"><time>2026-10-03T03:49:21.001Z</time><ele>29.03</ele></trkpt><trkpt lat="36.814272" lon="126.750438"><time>2026-10-03T03:49:22.001Z</time><ele>28.8</ele></trkpt><trkpt lat="36.813983" lon="126.750488"><time>2026-10-03T03:49:23.001Z</time><ele>28.8</ele></trkpt><trkpt lat="36.813693" lon="126.75054"><time>2026-10-03T03:49:24.001Z</time><ele>28.15</ele></trkpt><trkpt lat="36.813415" lon="126.750604"><time>2026-10-03T03:49:25.001Z</time><ele>27.98</ele></trkpt><trkpt lat="36.813158" lon="126.750671"><time>2026-10-03T03:49:26.001Z</time><ele>27.29</ele></trkpt><trkpt lat="36.812917" lon="126.750732"><time>2026-10-03T03:49:27.001Z</time><ele>27.1</ele></trkpt><trkpt lat="36.812684" lon="126.75078"><time>2026-10-03T03:49:28.001Z</time><ele>26.84</ele></trkpt><trkpt lat="36.812466" lon="126.750839"><time>2026-10-03T03:49:29.001Z</time><ele>26.82</ele></trkpt><trkpt lat="36.812262" lon="126.750904"><time>2026-10-03T03:49:30.001Z</time><ele>26.62</ele></trkpt><trkpt lat="36.812064" lon="126.750959"><time>2026-10-03T03:49:31.001Z</time><ele>26.29</ele></trkpt><trkpt lat="36.811873" lon="126.751003"><time>2026-10-03T03:49:32.001Z</time><ele>26.23</ele></trkpt><trkpt lat="36.811692" lon="126.751051"><time>2026-10-03T03:49:33.001Z</time><ele>26.03</ele></trkpt><trkpt lat="36.811517" lon="126.751091"><time>2026-10-03T03:49:34.001Z</time><ele>25.49</ele></trkpt><trkpt lat="36.811349" lon="126.751129"><time>2026-10-03T03:49:35.001Z</time><ele>24.56</ele></trkpt><trkpt lat="36.811186" lon="126.751166"><time>2026-10-03T03:49:36.001Z</time><ele>23.64</ele></trkpt><trkpt lat="36.811036" lon="126.7512"><time>2026-10-03T03:49:37.001Z</time><ele>22.82</ele></trkpt><trkpt lat="36.810894" lon="126.75124"><time>2026-10-03T03:49:38.001Z</time><ele>22.2</ele></trkpt><trkpt lat="36.810755" lon="126.751277"><time>2026-10-03T03:49:39.001Z</time><ele>21.28</ele></trkpt><trkpt lat="36.810626" lon="126.751307"><time>2026-10-03T03:49:40.001Z</time><ele>20.26</ele></trkpt><trkpt lat="36.810507" lon="126.751335"><time>2026-10-03T03:49:41.001Z</time><ele>19.49</ele></trkpt><trkpt lat="36.810393" lon="126.751353"><time>2026-10-03T03:49:42.001Z</time><ele>18.78</ele></trkpt><trkpt lat="36.81029" lon="126.751324"><time>2026-10-03T03:49:43.001Z</time><ele>19.54</ele></trkpt><trkpt lat="36.810205" lon="126.751256"><time>2026-10-03T03:49:44.001Z</time><ele>19.88</ele></trkpt><trkpt lat="36.810117" lon="126.751188"><time>2026-10-03T03:49:45.001Z</time><ele>19.76</ele></trkpt><trkpt lat="36.810074" lon="126.75102"><time>2026-10-03T03:49:46.001Z</time><ele>20.35</ele></trkpt><trkpt lat="36.810003" lon="126.750888"><time>2026-10-03T03:49:47.001Z</time><ele>20.66</ele></trkpt><trkpt lat="36.809918" lon="126.750747"><time>2026-10-03T03:49:48.001Z</time><ele>21.15</ele></trkpt><trkpt lat="36.809809" lon="126.750598"><time>2026-10-03T03:49:49.001Z</time><ele>21.67</ele></trkpt><trkpt lat="36.809708" lon="126.750415"><time>2026-10-03T03:49:50.001Z</time><ele>22.39</ele></trkpt><trkpt lat="36.809599" lon="126.75022"><time>2026-10-03T03:49:51.001Z</time><ele>22.64</ele></trkpt><trkpt lat="36.809482" lon="126.750018"><time>2026-10-03T03:49:52.001Z</time><ele>22.44</ele></trkpt><trkpt lat="36.809375" lon="126.749816"><time>2026-10-03T03:49:53.001Z</time><ele>22.33</ele></trkpt><trkpt lat="36.80928" lon="126.749625"><time>2026-10-03T03:49:54.001Z</time><ele>21.98</ele></trkpt><trkpt lat="36.809178" lon="126.749424"><time>2026-10-03T03:49:55.001Z</time><ele>21.33</ele></trkpt><trkpt lat="36.809074" lon="126.749212"><time>2026-10-03T03:49:56.001Z</time><ele>20.56</ele></trkpt><trkpt lat="36.808984" lon="126.74899"><time>2026-10-03T03:49:57.001Z</time><ele>20.12</ele></trkpt><trkpt lat="36.808922" lon="126.74875"><time>2026-10-03T03:49:58.001Z</time><ele>19.88</ele></trkpt><trkpt lat="36.80889" lon="126.748516"><time>2026-10-03T03:49:59.002Z</time><ele>20.14</ele></trkpt><trkpt lat="36.808879" lon="126.748294"><time>2026-10-03T03:50:00.002Z</time><ele>20.38</ele></trkpt><trkpt lat="36.808878" lon="126.748106"><time>2026-10-03T03:50:01.002Z</time><ele>20.77</ele></trkpt><trkpt lat="36.808881" lon="126.747961"><time>2026-10-03T03:50:02.002Z</time><ele>20.84</ele></trkpt><trkpt lat="36.808887" lon="126.747864"><time>2026-10-03T03:50:03.002Z</time><ele>20.66</ele></trkpt><trkpt lat="36.808894" lon="126.747793"><time>2026-10-03T03:50:04.002Z</time><ele>20.42</ele></trkpt><trkpt lat="36.8089" lon="126.747735"><time>2026-10-03T03:50:05.002Z</time><ele>20.48</ele></trkpt><trkpt lat="36.80891" lon="126.747665"><time>2026-10-03T03:50:07.000Z</time><ele>21</ele></trkpt><trkpt lat="36.808917" lon="126.747547"><time>2026-10-03T03:50:19.000Z</time><ele>26.37</ele></trkpt><trkpt lat="36.808939" lon="126.747373"><time>2026-10-03T03:50:21.000Z</time><ele>26.21</ele></trkpt><trkpt lat="36.80895" lon="126.747258"><time>2026-10-03T03:50:22.000Z</time><ele>26.48</ele></trkpt><trkpt lat="36.808959" lon="126.747122"><time>2026-10-03T03:50:23.000Z</time><ele>26.3</ele></trkpt><trkpt lat="36.808966" lon="126.746967"><time>2026-10-03T03:50:24.000Z</time><ele>26.34</ele></trkpt><trkpt lat="36.808974" lon="126.746792"><time>2026-10-03T03:50:25.000Z</time><ele>26.58</ele></trkpt><trkpt lat="36.808986" lon="126.74661"><time>2026-10-03T03:50:26.000Z</time><ele>26.59</ele></trkpt><trkpt lat="36.808996" lon="126.746421"><time>2026-10-03T03:50:27.000Z</time><ele>26.91</ele></trkpt><trkpt lat="36.809008" lon="126.74623"><time>2026-10-03T03:50:28.000Z</time><ele>27.28</ele></trkpt><trkpt lat="36.809022" lon="126.746028"><time>2026-10-03T03:50:29.000Z</time><ele>27.27</ele></trkpt><trkpt lat="36.809036" lon="126.745819"><time>2026-10-03T03:50:30.000Z</time><ele>27.49</ele></trkpt><trkpt lat="36.809051" lon="126.745607"><time>2026-10-03T03:50:31.000Z</time><ele>27.21</ele></trkpt><trkpt lat="36.809063" lon="126.745392"><time>2026-10-03T03:50:32.000Z</time><ele>26.68</ele></trkpt><trkpt lat="36.809076" lon="126.74519"><time>2026-10-03T03:50:33.000Z</time><ele>26.28</ele></trkpt><trkpt lat="36.809086" lon="126.744999"><time>2026-10-03T03:50:34.000Z</time><ele>25.46</ele></trkpt><trkpt lat="36.809086" lon="126.744823"><time>2026-10-03T03:50:35.000Z</time><ele>24.91</ele></trkpt><trkpt lat="36.809082" lon="126.744636"><time>2026-10-03T03:50:36.000Z</time><ele>24.56</ele></trkpt><trkpt lat="36.809075" lon="126.74444"><time>2026-10-03T03:50:37.000Z</time><ele>24.38</ele></trkpt><trkpt lat="36.80906" lon="126.744235"><time>2026-10-03T03:50:38.000Z</time><ele>24.07</ele></trkpt><trkpt lat="36.809051" lon="126.744022"><time>2026-10-03T03:50:39.000Z</time><ele>23.55</ele></trkpt><trkpt lat="36.809048" lon="126.7438"><time>2026-10-03T03:50:40.000Z</time><ele>23.07</ele></trkpt><trkpt lat="36.809036" lon="126.743573"><time>2026-10-03T03:50:41.000Z</time><ele>22.84</ele></trkpt><trkpt lat="36.809052" lon="126.743341"><time>2026-10-03T03:50:42.000Z</time><ele>22.68</ele></trkpt><trkpt lat="36.80905" lon="126.743095"><time>2026-10-03T03:50:43.000Z</time><ele>22.67</ele></trkpt><trkpt lat="36.809049" lon="126.74285"><time>2026-10-03T03:50:44.000Z</time><ele>22.91</ele></trkpt><trkpt lat="36.809047" lon="126.742602"><time>2026-10-03T03:50:45.000Z</time><ele>23.06</ele></trkpt><trkpt lat="36.809032" lon="126.742352"><time>2026-10-03T03:50:46.000Z</time><ele>23.4</ele></trkpt><trkpt lat="36.809044" lon="126.742095"><time>2026-10-03T03:50:47.000Z</time><ele>24.28</ele></trkpt><trkpt lat="36.809031" lon="126.741831"><time>2026-10-03T03:50:48.000Z</time><ele>24.62</ele></trkpt><trkpt lat="36.809016" lon="126.741566"><time>2026-10-03T03:50:49.000Z</time><ele>25.61</ele></trkpt><trkpt lat="36.808995" lon="126.7413"><time>2026-10-03T03:50:50.000Z</time><ele>25.1</ele></trkpt><trkpt lat="36.808966" lon="126.741031"><time>2026-10-03T03:50:51.000Z</time><ele>25.76</ele></trkpt><trkpt lat="36.808893" lon="126.740763"><time>2026-10-03T03:50:52.001Z</time><ele>26.2</ele></trkpt><trkpt lat="36.808801" lon="126.740499"><time>2026-10-03T03:50:53.001Z</time><ele>26.25</ele></trkpt><trkpt lat="36.8087" lon="126.740225"><time>2026-10-03T03:50:54.001Z</time><ele>26.55</ele></trkpt><trkpt lat="36.808599" lon="126.739952"><time>2026-10-03T03:50:55.001Z</time><ele>26.76</ele></trkpt><trkpt lat="36.808507" lon="126.7397"><time>2026-10-03T03:50:56.001Z</time><ele>27.11</ele></trkpt><trkpt lat="36.808422" lon="126.739464"><time>2026-10-03T03:50:57.001Z</time><ele>27.13</ele></trkpt><trkpt lat="36.80834" lon="126.739215"><time>2026-10-03T03:50:58.001Z</time><ele>27.12</ele></trkpt><trkpt lat="36.808309" lon="126.738952"><time>2026-10-03T03:50:59.001Z</time><ele>27.17</ele></trkpt><trkpt lat="36.808247" lon="126.7387"><time>2026-10-03T03:51:00.001Z</time><ele>27.33</ele></trkpt><trkpt lat="36.808204" lon="126.738454"><time>2026-10-03T03:51:01.001Z</time><ele>27.32</ele></trkpt><trkpt lat="36.80817" lon="126.738192"><time>2026-10-03T03:51:02.001Z</time><ele>27.02</ele></trkpt><trkpt lat="36.808133" lon="126.737921"><time>2026-10-03T03:51:03.001Z</time><ele>26.94</ele></trkpt><trkpt lat="36.808086" lon="126.737643"><time>2026-10-03T03:51:04.001Z</time><ele>26.95</ele></trkpt><trkpt lat="36.808039" lon="126.73736"><time>2026-10-03T03:51:05.001Z</time><ele>26.76</ele></trkpt><trkpt lat="36.807989" lon="126.737084"><time>2026-10-03T03:51:06.001Z</time><ele>26.12</ele></trkpt><trkpt lat="36.807933" lon="126.736815"><time>2026-10-03T03:51:07.001Z</time><ele>26.18</ele></trkpt><trkpt lat="36.80788" lon="126.736543"><time>2026-10-03T03:51:08.001Z</time><ele>26.08</ele></trkpt><trkpt lat="36.807837" lon="126.736284"><time>2026-10-03T03:51:09.001Z</time><ele>25.99</ele></trkpt><trkpt lat="36.807798" lon="126.736043"><time>2026-10-03T03:51:10.001Z</time><ele>26.19</ele></trkpt><trkpt lat="36.807755" lon="126.735819"><time>2026-10-03T03:51:11.001Z</time><ele>26.59</ele></trkpt><trkpt lat="36.807717" lon="126.735608"><time>2026-10-03T03:51:12.001Z</time><ele>26.78</ele></trkpt><trkpt lat="36.807677" lon="126.735409"><time>2026-10-03T03:51:13.001Z</time><ele>26.54</ele></trkpt><trkpt lat="36.807654" lon="126.735202"><time>2026-10-03T03:51:14.001Z</time><ele>26.74</ele></trkpt><trkpt lat="36.807617" lon="126.734985"><time>2026-10-03T03:51:15.001Z</time><ele>27.32</ele></trkpt><trkpt lat="36.807565" lon="126.734766"><time>2026-10-03T03:51:16.001Z</time><ele>27.57</ele></trkpt><trkpt lat="36.807541" lon="126.734531"><time>2026-10-03T03:51:17.001Z</time><ele>27.76</ele></trkpt><trkpt lat="36.807491" lon="126.734296"><time>2026-10-03T03:51:18.001Z</time><ele>27.91</ele></trkpt><trkpt lat="36.807453" lon="126.734084"><time>2026-10-03T03:51:19.001Z</time><ele>28.3</ele></trkpt><trkpt lat="36.807443" lon="126.733871"><time>2026-10-03T03:51:20.001Z</time><ele>28.52</ele></trkpt><trkpt lat="36.807431" lon="126.73365"><time>2026-10-03T03:51:21.001Z</time><ele>28.62</ele></trkpt><trkpt lat="36.807428" lon="126.73342"><time>2026-10-03T03:51:22.001Z</time><ele>29.24</ele></trkpt><trkpt lat="36.807455" lon="126.733173"><time>2026-10-03T03:51:23.001Z</time><ele>29.68</ele></trkpt><trkpt lat="36.807498" lon="126.732917"><time>2026-10-03T03:51:24.001Z</time><ele>30.09</ele></trkpt><trkpt lat="36.80756" lon="126.732657"><time>2026-10-03T03:51:25.001Z</time><ele>30.62</ele></trkpt><trkpt lat="36.807634" lon="126.732392"><time>2026-10-03T03:51:26.001Z</time><ele>31.15</ele></trkpt><trkpt lat="36.807703" lon="126.732119"><time>2026-10-03T03:51:27.001Z</time><ele>31.03</ele></trkpt><trkpt lat="36.807765" lon="126.731866"><time>2026-10-03T03:51:28.001Z</time><ele>31.26</ele></trkpt><trkpt lat="36.807822" lon="126.73163"><time>2026-10-03T03:51:29.001Z</time><ele>31.08</ele></trkpt><trkpt lat="36.807877" lon="126.731409"><time>2026-10-03T03:51:30.001Z</time><ele>31.28</ele></trkpt><trkpt lat="36.807928" lon="126.731193"><time>2026-10-03T03:51:31.001Z</time><ele>31.38</ele></trkpt><trkpt lat="36.807967" lon="126.730978"><time>2026-10-03T03:51:32.001Z</time><ele>31.61</ele></trkpt><trkpt lat="36.807981" lon="126.730763"><time>2026-10-03T03:51:33.001Z</time><ele>31.72</ele></trkpt><trkpt lat="36.807971" lon="126.730555"><time>2026-10-03T03:51:34.001Z</time><ele>31.71</ele></trkpt><trkpt lat="36.80794" lon="126.730365"><time>2026-10-03T03:51:35.001Z</time><ele>31.39</ele></trkpt><trkpt lat="36.807894" lon="126.73018"><time>2026-10-03T03:51:36.001Z</time><ele>31.49</ele></trkpt><trkpt lat="36.807833" lon="126.730006"><time>2026-10-03T03:51:37.001Z</time><ele>31.41</ele></trkpt><trkpt lat="36.807761" lon="126.729849"><time>2026-10-03T03:51:38.001Z</time><ele>31.22</ele></trkpt><trkpt lat="36.807692" lon="126.729671"><time>2026-10-03T03:51:39.001Z</time><ele>31.33</ele></trkpt><trkpt lat="36.807642" lon="126.729479"><time>2026-10-03T03:51:40.001Z</time><ele>31.36</ele></trkpt><trkpt lat="36.807571" lon="126.729289"><time>2026-10-03T03:51:41.001Z</time><ele>30.57</ele></trkpt><trkpt lat="36.807547" lon="126.729061"><time>2026-10-03T03:51:42.001Z</time><ele>30.81</ele></trkpt><trkpt lat="36.807552" lon="126.728815"><time>2026-10-03T03:51:43.001Z</time><ele>31.14</ele></trkpt><trkpt lat="36.807557" lon="126.728554"><time>2026-10-03T03:51:44.001Z</time><ele>31.3</ele></trkpt><trkpt lat="36.807555" lon="126.728286"><time>2026-10-03T03:51:45.001Z</time><ele>31.87</ele></trkpt><trkpt lat="36.807558" lon="126.728015"><time>2026-10-03T03:51:46.001Z</time><ele>32.71</ele></trkpt><trkpt lat="36.807549" lon="126.727743"><time>2026-10-03T03:51:47.001Z</time><ele>33.12</ele></trkpt><trkpt lat="36.807517" lon="126.727473"><time>2026-10-03T03:51:48.001Z</time><ele>33.36</ele></trkpt><trkpt lat="36.807486" lon="126.7272"><time>2026-10-03T03:51:49.001Z</time><ele>33.9</ele></trkpt><trkpt lat="36.807413" lon="126.726926"><time>2026-10-03T03:51:50.001Z</time><ele>34.31</ele></trkpt><trkpt lat="36.807346" lon="126.726645"><time>2026-10-03T03:51:51.001Z</time><ele>34.51</ele></trkpt><trkpt lat="36.807285" lon="126.726353"><time>2026-10-03T03:51:52.001Z</time><ele>34.96</ele></trkpt><trkpt lat="36.807219" lon="126.726057"><time>2026-10-03T03:51:53.001Z</time><ele>35.46</ele></trkpt><trkpt lat="36.807152" lon="126.725755"><time>2026-10-03T03:51:54.001Z</time><ele>35.73</ele></trkpt><trkpt lat="36.807088" lon="126.725453"><time>2026-10-03T03:51:55.001Z</time><ele>35.5</ele></trkpt><trkpt lat="36.807022" lon="126.725158"><time>2026-10-03T03:51:56.001Z</time><ele>35.87</ele></trkpt><trkpt lat="36.806963" lon="126.724881"><time>2026-10-03T03:51:57.001Z</time><ele>36.25</ele></trkpt><trkpt lat="36.806912" lon="126.724621"><time>2026-10-03T03:51:58.001Z</time><ele>36.39</ele></trkpt><trkpt lat="36.806879" lon="126.724367"><time>2026-10-03T03:51:59.001Z</time><ele>36.33</ele></trkpt><trkpt lat="36.806868" lon="126.724104"><time>2026-10-03T03:52:00.001Z</time><ele>37.15</ele></trkpt><trkpt lat="36.806853" lon="126.723841"><time>2026-10-03T03:52:01.001Z</time><ele>37.34</ele></trkpt><trkpt lat="36.806827" lon="126.723571"><time>2026-10-03T03:52:02.001Z</time><ele>36.97</ele></trkpt><trkpt lat="36.806815" lon="126.723291"><time>2026-10-03T03:52:03.001Z</time><ele>37.8</ele></trkpt><trkpt lat="36.806807" lon="126.723014"><time>2026-10-03T03:52:04.001Z</time><ele>38.07</ele></trkpt><trkpt lat="36.806791" lon="126.722746"><time>2026-10-03T03:52:05.002Z</time><ele>38.5</ele></trkpt><trkpt lat="36.806763" lon="126.722479"><time>2026-10-03T03:52:06.002Z</time><ele>38.59</ele></trkpt><trkpt lat="36.806718" lon="126.722208"><time>2026-10-03T03:52:07.002Z</time><ele>39.05</ele></trkpt><trkpt lat="36.806654" lon="126.721934"><time>2026-10-03T03:52:08.002Z</time><ele>39.59</ele></trkpt><trkpt lat="36.806569" lon="126.721654"><time>2026-10-03T03:52:09.002Z</time><ele>39.99</ele></trkpt><trkpt lat="36.806476" lon="126.721371"><time>2026-10-03T03:52:10.002Z</time><ele>40.71</ele></trkpt><trkpt lat="36.806386" lon="126.721081"><time>2026-10-03T03:52:11.002Z</time><ele>41.2</ele></trkpt><trkpt lat="36.806295" lon="126.720787"><time>2026-10-03T03:52:12.002Z</time><ele>41.67</ele></trkpt><trkpt lat="36.806212" lon="126.720491"><time>2026-10-03T03:52:13.000Z</time><ele>42.1</ele></trkpt><trkpt lat="36.806126" lon="126.720198"><time>2026-10-03T03:52:14.000Z</time><ele>42.89</ele></trkpt><trkpt lat="36.806041" lon="126.719917"><time>2026-10-03T03:52:15.000Z</time><ele>43.2</ele></trkpt><trkpt lat="36.805955" lon="126.719642"><time>2026-10-03T03:52:16.000Z</time><ele>43.85</ele></trkpt><trkpt lat="36.805875" lon="126.719369"><time>2026-10-03T03:52:17.000Z</time><ele>44.12</ele></trkpt><trkpt lat="36.805832" lon="126.71909"><time>2026-10-03T03:52:18.000Z</time><ele>44.83</ele></trkpt><trkpt lat="36.805793" lon="126.71881"><time>2026-10-03T03:52:19.000Z</time><ele>45.2</ele></trkpt><trkpt lat="36.805765" lon="126.718529"><time>2026-10-03T03:52:20.000Z</time><ele>46.73</ele></trkpt><trkpt lat="36.805788" lon="126.718249"><time>2026-10-03T03:52:21.000Z</time><ele>47.55</ele></trkpt><trkpt lat="36.805833" lon="126.717963"><time>2026-10-03T03:52:22.000Z</time><ele>48.61</ele></trkpt><trkpt lat="36.805891" lon="126.717672"><time>2026-10-03T03:52:23.000Z</time><ele>49.65</ele></trkpt><trkpt lat="36.805941" lon="126.717374"><time>2026-10-03T03:52:24.000Z</time><ele>50.3</ele></trkpt><trkpt lat="36.805988" lon="126.717069"><time>2026-10-03T03:52:25.000Z</time><ele>51.11</ele></trkpt><trkpt lat="36.806041" lon="126.71676"><time>2026-10-03T03:52:26.000Z</time><ele>51.83</ele></trkpt><trkpt lat="36.806095" lon="126.716451"><time>2026-10-03T03:52:27.000Z</time><ele>52.7</ele></trkpt><trkpt lat="36.806147" lon="126.716143"><time>2026-10-03T03:52:28.000Z</time><ele>53.71</ele></trkpt><trkpt lat="36.806194" lon="126.71584"><time>2026-10-03T03:52:29.000Z</time><ele>54.7</ele></trkpt><trkpt lat="36.80624" lon="126.715541"><time>2026-10-03T03:52:30.000Z</time><ele>55.5</ele></trkpt><trkpt lat="36.806291" lon="126.715245"><time>2026-10-03T03:52:31.000Z</time><ele>56.6</ele></trkpt><trkpt lat="36.80635" lon="126.714949"><time>2026-10-03T03:52:32.000Z</time><ele>57.01</ele></trkpt><trkpt lat="36.806409" lon="126.714654"><time>2026-10-03T03:52:33.000Z</time><ele>57.78</ele></trkpt><trkpt lat="36.806474" lon="126.714361"><time>2026-10-03T03:52:34.000Z</time><ele>59</ele></trkpt><trkpt lat="36.806539" lon="126.714059"><time>2026-10-03T03:52:35.000Z</time><ele>59.57</ele></trkpt><trkpt lat="36.8066" lon="126.71377"><time>2026-10-03T03:52:36.000Z</time><ele>59.22</ele></trkpt><trkpt lat="36.806657" lon="126.713497"><time>2026-10-03T03:52:37.000Z</time><ele>58.83</ele></trkpt><trkpt lat="36.806709" lon="126.71324"><time>2026-10-03T03:52:38.000Z</time><ele>57.42</ele></trkpt><trkpt lat="36.806754" lon="126.712991"><time>2026-10-03T03:52:39.000Z</time><ele>55.77</ele></trkpt><trkpt lat="36.806791" lon="126.712744"><time>2026-10-03T03:52:40.000Z</time><ele>55.03</ele></trkpt><trkpt lat="36.806814" lon="126.712486"><time>2026-10-03T03:52:41.000Z</time><ele>54.3</ele></trkpt><trkpt lat="36.806825" lon="126.712229"><time>2026-10-03T03:52:42.000Z</time><ele>53.21</ele></trkpt><trkpt lat="36.806829" lon="126.711967"><time>2026-10-03T03:52:43.000Z</time><ele>52.6</ele></trkpt><trkpt lat="36.806823" lon="126.711705"><time>2026-10-03T03:52:44.000Z</time><ele>52.46</ele></trkpt><trkpt lat="36.806805" lon="126.711456"><time>2026-10-03T03:52:45.000Z</time><ele>51.29</ele></trkpt><trkpt lat="36.806772" lon="126.711217"><time>2026-10-03T03:52:46.000Z</time><ele>50.55</ele></trkpt><trkpt lat="36.806731" lon="126.710977"><time>2026-10-03T03:52:47.000Z</time><ele>50.34</ele></trkpt><trkpt lat="36.806683" lon="126.710734"><time>2026-10-03T03:52:48.000Z</time><ele>49.98</ele></trkpt><trkpt lat="36.806626" lon="126.710494"><time>2026-10-03T03:52:49.000Z</time><ele>49.51</ele></trkpt><trkpt lat="36.806577" lon="126.710268"><time>2026-10-03T03:52:50.000Z</time><ele>48.53</ele></trkpt><trkpt lat="36.80655" lon="126.710045"><time>2026-10-03T03:52:51.000Z</time><ele>47.36</ele></trkpt><trkpt lat="36.806532" lon="126.709831"><time>2026-10-03T03:52:52.000Z</time><ele>45.94</ele></trkpt><trkpt lat="36.80653" lon="126.709621"><time>2026-10-03T03:52:53.000Z</time><ele>45.5</ele></trkpt><trkpt lat="36.806542" lon="126.709422"><time>2026-10-03T03:52:54.000Z</time><ele>44.94</ele></trkpt><trkpt lat="36.806565" lon="126.709232"><time>2026-10-03T03:52:55.000Z</time><ele>44.19</ele></trkpt><trkpt lat="36.806593" lon="126.709048"><time>2026-10-03T03:52:56.000Z</time><ele>43.86</ele></trkpt><trkpt lat="36.806623" lon="126.70888"><time>2026-10-03T03:52:57.001Z</time><ele>43.77</ele></trkpt><trkpt lat="36.806644" lon="126.708724"><time>2026-10-03T03:52:58.001Z</time><ele>44.23</ele></trkpt><trkpt lat="36.806663" lon="126.708574"><time>2026-10-03T03:52:59.001Z</time><ele>44.23</ele></trkpt><trkpt lat="36.80668" lon="126.708427"><time>2026-10-03T03:53:00.001Z</time><ele>44.15</ele></trkpt><trkpt lat="36.806695" lon="126.708281"><time>2026-10-03T03:53:01.001Z</time><ele>43.78</ele></trkpt><trkpt lat="36.806708" lon="126.708121"><time>2026-10-03T03:53:02.001Z</time><ele>44</ele></trkpt><trkpt lat="36.806713" lon="126.707954"><time>2026-10-03T03:53:03.001Z</time><ele>43.93</ele></trkpt><trkpt lat="36.806713" lon="126.707781"><time>2026-10-03T03:53:04.001Z</time><ele>43.64</ele></trkpt><trkpt lat="36.806711" lon="126.707611"><time>2026-10-03T03:53:05.001Z</time><ele>43.24</ele></trkpt><trkpt lat="36.806708" lon="126.707442"><time>2026-10-03T03:53:06.001Z</time><ele>43.24</ele></trkpt><trkpt lat="36.806708" lon="126.707275"><time>2026-10-03T03:53:07.001Z</time><ele>42.92</ele></trkpt><trkpt lat="36.806708" lon="126.707109"><time>2026-10-03T03:53:08.001Z</time><ele>42.65</ele></trkpt><trkpt lat="36.806708" lon="126.706943"><time>2026-10-03T03:53:09.001Z</time><ele>42.44</ele></trkpt><trkpt lat="36.806715" lon="126.706774"><time>2026-10-03T03:53:10.001Z</time><ele>42.62</ele></trkpt><trkpt lat="36.806728" lon="126.706613"><time>2026-10-03T03:53:11.001Z</time><ele>42.06</ele></trkpt><trkpt lat="36.806758" lon="126.706455"><time>2026-10-03T03:53:12.001Z</time><ele>41.81</ele></trkpt><trkpt lat="36.806797" lon="126.70629"><time>2026-10-03T03:53:13.001Z</time><ele>41.73</ele></trkpt><trkpt lat="36.806838" lon="126.706139"><time>2026-10-03T03:53:14.001Z</time><ele>41.02</ele></trkpt><trkpt lat="36.806882" lon="126.705991"><time>2026-10-03T03:53:15.001Z</time><ele>40.65</ele></trkpt><trkpt lat="36.806927" lon="126.705835"><time>2026-10-03T03:53:16.001Z</time><ele>40.46</ele></trkpt><trkpt lat="36.806973" lon="126.70567"><time>2026-10-03T03:53:17.001Z</time><ele>40.13</ele></trkpt><trkpt lat="36.807021" lon="126.705508"><time>2026-10-03T03:53:18.001Z</time><ele>39.96</ele></trkpt><trkpt lat="36.807064" lon="126.70535"><time>2026-10-03T03:53:19.001Z</time><ele>39.57</ele></trkpt><trkpt lat="36.80711" lon="126.705187"><time>2026-10-03T03:53:20.001Z</time><ele>39.37</ele></trkpt><trkpt lat="36.807156" lon="126.70503"><time>2026-10-03T03:53:21.001Z</time><ele>39.36</ele></trkpt><trkpt lat="36.8072" lon="126.704867"><time>2026-10-03T03:53:22.001Z</time><ele>39.04</ele></trkpt><trkpt lat="36.807249" lon="126.704706"><time>2026-10-03T03:53:23.001Z</time><ele>38.66</ele></trkpt><trkpt lat="36.807295" lon="126.704549"><time>2026-10-03T03:53:24.001Z</time><ele>38.55</ele></trkpt><trkpt lat="36.807337" lon="126.704397"><time>2026-10-03T03:53:25.001Z</time><ele>38.35</ele></trkpt><trkpt lat="36.807381" lon="126.704241"><time>2026-10-03T03:53:26.001Z</time><ele>38.19</ele></trkpt><trkpt lat="36.807426" lon="126.704086"><time>2026-10-03T03:53:27.001Z</time><ele>38.06</ele></trkpt><trkpt lat="36.807467" lon="126.703935"><time>2026-10-03T03:53:28.001Z</time><ele>38.01</ele></trkpt><trkpt lat="36.807511" lon="126.70379"><time>2026-10-03T03:53:29.001Z</time><ele>37.67</ele></trkpt><trkpt lat="36.807557" lon="126.703643"><time>2026-10-03T03:53:30.001Z</time><ele>37.71</ele></trkpt><trkpt lat="36.807598" lon="126.703483"><time>2026-10-03T03:53:31.001Z</time><ele>37.45</ele></trkpt><trkpt lat="36.807632" lon="126.703314"><time>2026-10-03T03:53:32.001Z</time><ele>37.46</ele></trkpt><trkpt lat="36.807657" lon="126.70314"><time>2026-10-03T03:53:33.001Z</time><ele>37.39</ele></trkpt><trkpt lat="36.807673" lon="126.702962"><time>2026-10-03T03:53:34.001Z</time><ele>37.19</ele></trkpt><trkpt lat="36.807677" lon="126.702792"><time>2026-10-03T03:53:35.001Z</time><ele>36.93</ele></trkpt><trkpt lat="36.807677" lon="126.702619"><time>2026-10-03T03:53:36.001Z</time><ele>36.65</ele></trkpt><trkpt lat="36.80768" lon="126.702455"><time>2026-10-03T03:53:37.001Z</time><ele>36.52</ele></trkpt><trkpt lat="36.807686" lon="126.702296"><time>2026-10-03T03:53:38.001Z</time><ele>36.49</ele></trkpt><trkpt lat="36.807693" lon="126.702133"><time>2026-10-03T03:53:39.001Z</time><ele>36.32</ele></trkpt><trkpt lat="36.807715" lon="126.701962"><time>2026-10-03T03:53:40.001Z</time><ele>36.25</ele></trkpt><trkpt lat="36.807755" lon="126.701801"><time>2026-10-03T03:53:41.001Z</time><ele>36.11</ele></trkpt><trkpt lat="36.807805" lon="126.701657"><time>2026-10-03T03:53:42.001Z</time><ele>36.19</ele></trkpt><trkpt lat="36.80786" lon="126.701519"><time>2026-10-03T03:53:43.001Z</time><ele>36.1</ele></trkpt><trkpt lat="36.807922" lon="126.701375"><time>2026-10-03T03:53:44.001Z</time><ele>35.64</ele></trkpt><trkpt lat="36.807987" lon="126.701244"><time>2026-10-03T03:53:45.001Z</time><ele>35.74</ele></trkpt><trkpt lat="36.808054" lon="126.701106"><time>2026-10-03T03:53:46.001Z</time><ele>35.9</ele></trkpt><trkpt lat="36.80812" lon="126.700973"><time>2026-10-03T03:53:47.001Z</time><ele>35.99</ele></trkpt><trkpt lat="36.808187" lon="126.700832"><time>2026-10-03T03:53:48.001Z</time><ele>36.26</ele></trkpt><trkpt lat="36.808256" lon="126.700692"><time>2026-10-03T03:53:49.001Z</time><ele>36.06</ele></trkpt><trkpt lat="36.808322" lon="126.700562"><time>2026-10-03T03:53:50.001Z</time><ele>36</ele></trkpt><trkpt lat="36.808389" lon="126.700434"><time>2026-10-03T03:53:51.001Z</time><ele>36.41</ele></trkpt><trkpt lat="36.808456" lon="126.700307"><time>2026-10-03T03:53:52.001Z</time><ele>36.34</ele></trkpt><trkpt lat="36.808524" lon="126.700191"><time>2026-10-03T03:53:53.001Z</time><ele>36.11</ele></trkpt><trkpt lat="36.808594" lon="126.700078"><time>2026-10-03T03:53:54.001Z</time><ele>36.07</ele></trkpt><trkpt lat="36.808671" lon="126.699961"><time>2026-10-03T03:53:55.001Z</time><ele>36</ele></trkpt><trkpt lat="36.808752" lon="126.699837"><time>2026-10-03T03:53:56.001Z</time><ele>36.07</ele></trkpt><trkpt lat="36.80883" lon="126.699723"><time>2026-10-03T03:53:57.001Z</time><ele>35.87</ele></trkpt><trkpt lat="36.808913" lon="126.69961"><time>2026-10-03T03:53:58.001Z</time><ele>35.77</ele></trkpt><trkpt lat="36.808996" lon="126.699487"><time>2026-10-03T03:53:59.001Z</time><ele>35.38</ele></trkpt><trkpt lat="36.809083" lon="126.69936"><time>2026-10-03T03:54:00.001Z</time><ele>35.61</ele></trkpt><trkpt lat="36.80917" lon="126.699236"><time>2026-10-03T03:54:01.001Z</time><ele>35.52</ele></trkpt><trkpt lat="36.809255" lon="126.699112"><time>2026-10-03T03:54:02.001Z</time><ele>35.66</ele></trkpt><trkpt lat="36.809331" lon="126.698979"><time>2026-10-03T03:54:03.001Z</time><ele>35.65</ele></trkpt><trkpt lat="36.809411" lon="126.698855"><time>2026-10-03T03:54:04.001Z</time><ele>35.91</ele></trkpt><trkpt lat="36.809466" lon="126.698721"><time>2026-10-03T03:54:05.001Z</time><ele>35.34</ele></trkpt><trkpt lat="36.809504" lon="126.69858"><time>2026-10-03T03:54:06.001Z</time><ele>35.15</ele></trkpt><trkpt lat="36.809519" lon="126.698432"><time>2026-10-03T03:54:07.001Z</time><ele>35.45</ele></trkpt><trkpt lat="36.809514" lon="126.698286"><time>2026-10-03T03:54:08.001Z</time><ele>35.22</ele></trkpt><trkpt lat="36.809505" lon="126.698138"><time>2026-10-03T03:54:09.001Z</time><ele>35.03</ele></trkpt><trkpt lat="36.809493" lon="126.697993"><time>2026-10-03T03:54:10.001Z</time><ele>34.88</ele></trkpt><trkpt lat="36.80948" lon="126.697861"><time>2026-10-03T03:54:11.001Z</time><ele>34.52</ele></trkpt><trkpt lat="36.809465" lon="126.697751"><time>2026-10-03T03:54:12.001Z</time><ele>34.25</ele></trkpt><trkpt lat="36.80946" lon="126.697657"><time>2026-10-03T03:54:13.002Z</time><ele>34.41</ele></trkpt><trkpt lat="36.809453" lon="126.697563"><time>2026-10-03T03:54:14.002Z</time><ele>34.1</ele></trkpt><trkpt lat="36.809446" lon="126.697458"><time>2026-10-03T03:54:15.002Z</time><ele>33.91</ele></trkpt><trkpt lat="36.809437" lon="126.697336"><time>2026-10-03T03:54:16.002Z</time><ele>33.72</ele></trkpt><trkpt lat="36.809428" lon="126.697205"><time>2026-10-03T03:54:17.002Z</time><ele>33.83</ele></trkpt><trkpt lat="36.809417" lon="126.697081"><time>2026-10-03T03:54:18.002Z</time><ele>33.56</ele></trkpt><trkpt lat="36.809403" lon="126.696962"><time>2026-10-03T03:54:19.000Z</time><ele>33.58</ele></trkpt><trkpt lat="36.809387" lon="126.696836"><time>2026-10-03T03:54:20.000Z</time><ele>33.86</ele></trkpt><trkpt lat="36.809382" lon="126.6967"><time>2026-10-03T03:54:21.000Z</time><ele>33.94</ele></trkpt><trkpt lat="36.809368" lon="126.696557"><time>2026-10-03T03:54:22.000Z</time><ele>33.75</ele></trkpt><trkpt lat="36.809353" lon="126.696407"><time>2026-10-03T03:54:23.000Z</time><ele>33.71</ele></trkpt><trkpt lat="36.809328" lon="126.696254"><time>2026-10-03T03:54:24.000Z</time><ele>33.77</ele></trkpt><trkpt lat="36.809317" lon="126.696093"><time>2026-10-03T03:54:25.000Z</time><ele>33.88</ele></trkpt><trkpt lat="36.809312" lon="126.69593"><time>2026-10-03T03:54:26.000Z</time><ele>33.77</ele></trkpt><trkpt lat="36.809298" lon="126.695785"><time>2026-10-03T03:54:27.000Z</time><ele>33.7</ele></trkpt><trkpt lat="36.809286" lon="126.695644"><time>2026-10-03T03:54:28.000Z</time><ele>33.89</ele></trkpt><trkpt lat="36.809267" lon="126.695504"><time>2026-10-03T03:54:29.000Z</time><ele>33.86</ele></trkpt><trkpt lat="36.809248" lon="126.695357"><time>2026-10-03T03:54:30.000Z</time><ele>33.79</ele></trkpt><trkpt lat="36.809239" lon="126.695219"><time>2026-10-03T03:54:31.000Z</time><ele>33.86</ele></trkpt><trkpt lat="36.809221" lon="126.695089"><time>2026-10-03T03:54:32.000Z</time><ele>33.67</ele></trkpt><trkpt lat="36.809216" lon="126.694958"><time>2026-10-03T03:54:33.000Z</time><ele>33.95</ele></trkpt><trkpt lat="36.809213" lon="126.69482"><time>2026-10-03T03:54:34.000Z</time><ele>33.71</ele></trkpt><trkpt lat="36.809197" lon="126.694694"><time>2026-10-03T03:54:35.000Z</time><ele>33.6</ele></trkpt><trkpt lat="36.809182" lon="126.694569"><time>2026-10-03T03:54:36.000Z</time><ele>33.39</ele></trkpt><trkpt lat="36.809171" lon="126.694444"><time>2026-10-03T03:54:37.000Z</time><ele>33.46</ele></trkpt><trkpt lat="36.809159" lon="126.694319"><time>2026-10-03T03:54:38.000Z</time><ele>33.39</ele></trkpt><trkpt lat="36.809146" lon="126.6942"><time>2026-10-03T03:54:39.000Z</time><ele>33.39</ele></trkpt><trkpt lat="36.809136" lon="126.694085"><time>2026-10-03T03:54:40.000Z</time><ele>33.32</ele></trkpt><trkpt lat="36.809124" lon="126.693978"><time>2026-10-03T03:54:41.000Z</time><ele>33.13</ele></trkpt><trkpt lat="36.809112" lon="126.693868"><time>2026-10-03T03:54:42.000Z</time><ele>33.15</ele></trkpt><trkpt lat="36.809101" lon="126.693765"><time>2026-10-03T03:54:43.000Z</time><ele>32.98</ele></trkpt><trkpt lat="36.809092" lon="126.693657"><time>2026-10-03T03:54:44.000Z</time><ele>33.14</ele></trkpt><trkpt lat="36.809083" lon="126.693543"><time>2026-10-03T03:54:45.000Z</time><ele>33.04</ele></trkpt><trkpt lat="36.809074" lon="126.693429"><time>2026-10-03T03:54:46.000Z</time><ele>33.11</ele></trkpt><trkpt lat="36.809065" lon="126.693316"><time>2026-10-03T03:54:47.000Z</time><ele>32.84</ele></trkpt><trkpt lat="36.809051" lon="126.693197"><time>2026-10-03T03:54:48.000Z</time><ele>32.74</ele></trkpt><trkpt lat="36.809039" lon="126.693075"><time>2026-10-03T03:54:49.000Z</time><ele>32.7</ele></trkpt><trkpt lat="36.809026" lon="126.692967"><time>2026-10-03T03:54:50.000Z</time><ele>32.41</ele></trkpt><trkpt lat="36.80901" lon="126.692851"><time>2026-10-03T03:54:51.000Z</time><ele>32.31</ele></trkpt><trkpt lat="36.809002" lon="126.69274"><time>2026-10-03T03:54:52.000Z</time><ele>32.31</ele></trkpt><trkpt lat="36.808993" lon="126.69262"><time>2026-10-03T03:54:53.000Z</time><ele>32.12</ele></trkpt><trkpt lat="36.808981" lon="126.692502"><time>2026-10-03T03:54:54.000Z</time><ele>32.13</ele></trkpt><trkpt lat="36.808969" lon="126.692371"><time>2026-10-03T03:54:55.000Z</time><ele>32.12</ele></trkpt><trkpt lat="36.808959" lon="126.692244"><time>2026-10-03T03:54:56.000Z</time><ele>31.95</ele></trkpt><trkpt lat="36.808946" lon="126.692128"><time>2026-10-03T03:54:57.000Z</time><ele>31.91</ele></trkpt><trkpt lat="36.808936" lon="126.692015"><time>2026-10-03T03:54:58.000Z</time><ele>31.83</ele></trkpt><trkpt lat="36.808929" lon="126.69191"><time>2026-10-03T03:54:59.000Z</time><ele>31.73</ele></trkpt><trkpt lat="36.808921" lon="126.691806"><time>2026-10-03T03:55:00.000Z</time><ele>31.54</ele></trkpt><trkpt lat="36.808911" lon="126.691682"><time>2026-10-03T03:55:01.000Z</time><ele>31.63</ele></trkpt><trkpt lat="36.808899" lon="126.691542"><time>2026-10-03T03:55:02.000Z</time><ele>31.77</ele></trkpt><trkpt lat="36.808886" lon="126.691392"><time>2026-10-03T03:55:03.001Z</time><ele>31.68</ele></trkpt><trkpt lat="36.808882" lon="126.691233"><time>2026-10-03T03:55:04.001Z</time><ele>31.76</ele></trkpt><trkpt lat="36.808934" lon="126.690504"><time>2026-10-03T03:55:08.001Z</time><ele>31.14</ele></trkpt><trkpt lat="36.808961" lon="126.690289"><time>2026-10-03T03:55:09.001Z</time><ele>31.43</ele></trkpt><trkpt lat="36.808983" lon="126.690062"><time>2026-10-03T03:55:10.001Z</time><ele>31.51</ele></trkpt><trkpt lat="36.809007" lon="126.689831"><time>2026-10-03T03:55:11.001Z</time><ele>31.85</ele></trkpt><trkpt lat="36.80903" lon="126.689602"><time>2026-10-03T03:55:12.001Z</time><ele>31.46</ele></trkpt><trkpt lat="36.809051" lon="126.689372"><time>2026-10-03T03:55:13.001Z</time><ele>31.65</ele></trkpt><trkpt lat="36.809076" lon="126.689135"><time>2026-10-03T03:55:14.001Z</time><ele>31.61</ele></trkpt><trkpt lat="36.809101" lon="126.688898"><time>2026-10-03T03:55:15.001Z</time><ele>31.84</ele></trkpt><trkpt lat="36.809128" lon="126.688659"><time>2026-10-03T03:55:16.001Z</time><ele>31.87</ele></trkpt><trkpt lat="36.809153" lon="126.688418"><time>2026-10-03T03:55:17.001Z</time><ele>31.81</ele></trkpt><trkpt lat="36.809177" lon="126.688177"><time>2026-10-03T03:55:18.001Z</time><ele>31.81</ele></trkpt><trkpt lat="36.809201" lon="126.687934"><time>2026-10-03T03:55:19.001Z</time><ele>32.13</ele></trkpt><trkpt lat="36.809228" lon="126.687692"><time>2026-10-03T03:55:20.001Z</time><ele>31.82</ele></trkpt><trkpt lat="36.809251" lon="126.687447"><time>2026-10-03T03:55:21.001Z</time><ele>32.11</ele></trkpt><trkpt lat="36.809274" lon="126.6872"><time>2026-10-03T03:55:22.001Z</time><ele>32.1</ele></trkpt><trkpt lat="36.809304" lon="126.686952"><time>2026-10-03T03:55:23.001Z</time><ele>31.81</ele></trkpt><trkpt lat="36.809328" lon="126.6867"><time>2026-10-03T03:55:24.001Z</time><ele>31.75</ele></trkpt><trkpt lat="36.809356" lon="126.686448"><time>2026-10-03T03:55:25.001Z</time><ele>31.72</ele></trkpt><trkpt lat="36.809384" lon="126.686195"><time>2026-10-03T03:55:26.001Z</time><ele>31.56</ele></trkpt><trkpt lat="36.809409" lon="126.685941"><time>2026-10-03T03:55:27.001Z</time><ele>31.88</ele></trkpt><trkpt lat="36.809439" lon="126.685688"><time>2026-10-03T03:55:28.001Z</time><ele>31.65</ele></trkpt><trkpt lat="36.809468" lon="126.685441"><time>2026-10-03T03:55:29.001Z</time><ele>31.31</ele></trkpt><trkpt lat="36.809493" lon="126.6852"><time>2026-10-03T03:55:30.001Z</time><ele>31.73</ele></trkpt><trkpt lat="36.809521" lon="126.68498"><time>2026-10-03T03:55:31.001Z</time><ele>31.11</ele></trkpt><trkpt lat="36.809552" lon="126.684758"><time>2026-10-03T03:55:32.001Z</time><ele>31.14</ele></trkpt><trkpt lat="36.80959" lon="126.684535"><time>2026-10-03T03:55:33.001Z</time><ele>31.25</ele></trkpt><trkpt lat="36.809634" lon="126.684311"><time>2026-10-03T03:55:34.001Z</time><ele>31.38</ele></trkpt><trkpt lat="36.809678" lon="126.68409"><time>2026-10-03T03:55:35.001Z</time><ele>31.41</ele></trkpt><trkpt lat="36.809723" lon="126.683879"><time>2026-10-03T03:55:36.001Z</time><ele>31.2</ele></trkpt><trkpt lat="36.809776" lon="126.683673"><time>2026-10-03T03:55:37.001Z</time><ele>30.86</ele></trkpt><trkpt lat="36.809844" lon="126.683485"><time>2026-10-03T03:55:38.001Z</time><ele>31.14</ele></trkpt><trkpt lat="36.809932" lon="126.683322"><time>2026-10-03T03:55:39.001Z</time><ele>31.92</ele></trkpt><trkpt lat="36.810047" lon="126.683192"><time>2026-10-03T03:55:40.001Z</time><ele>33.02</ele></trkpt><trkpt lat="36.810172" lon="126.683073"><time>2026-10-03T03:55:41.001Z</time><ele>34.39</ele></trkpt><trkpt lat="36.8103" lon="126.682958"><time>2026-10-03T03:55:42.001Z</time><ele>35.4</ele></trkpt><trkpt lat="36.810424" lon="126.682853"><time>2026-10-03T03:55:43.001Z</time><ele>36.85</ele></trkpt><trkpt lat="36.810539" lon="126.682752"><time>2026-10-03T03:55:44.001Z</time><ele>37.67</ele></trkpt><trkpt lat="36.810655" lon="126.682651"><time>2026-10-03T03:55:45.001Z</time><ele>39.03</ele></trkpt><trkpt lat="36.810758" lon="126.682566"><time>2026-10-03T03:55:46.001Z</time><ele>39.59</ele></trkpt><trkpt lat="36.810863" lon="126.682477"><time>2026-10-03T03:55:47.001Z</time><ele>40.62</ele></trkpt><trkpt lat="36.810969" lon="126.682379"><time>2026-10-03T03:55:48.001Z</time><ele>41.75</ele></trkpt><trkpt lat="36.811076" lon="126.68228"><time>2026-10-03T03:55:49.001Z</time><ele>42.21</ele></trkpt><trkpt lat="36.811182" lon="126.68218"><time>2026-10-03T03:55:50.001Z</time><ele>42.9</ele></trkpt><trkpt lat="36.811293" lon="126.682091"><time>2026-10-03T03:55:51.001Z</time><ele>42.78</ele></trkpt><trkpt lat="36.811407" lon="126.682003"><time>2026-10-03T03:55:52.001Z</time><ele>42.89</ele></trkpt><trkpt lat="36.811513" lon="126.681912"><time>2026-10-03T03:55:53.001Z</time><ele>42.91</ele></trkpt><trkpt lat="36.811613" lon="126.681822"><time>2026-10-03T03:55:54.001Z</time><ele>43.2</ele></trkpt><trkpt lat="36.811712" lon="126.681732"><time>2026-10-03T03:55:55.001Z</time><ele>43.7</ele></trkpt><trkpt lat="36.811808" lon="126.68164"><time>2026-10-03T03:55:56.001Z</time><ele>43.83</ele></trkpt><trkpt lat="36.811911" lon="126.681554"><time>2026-10-03T03:55:57.001Z</time><ele>43.82</ele></trkpt><trkpt lat="36.81202" lon="126.681475"><time>2026-10-03T03:55:58.001Z</time><ele>43.97</ele></trkpt><trkpt lat="36.812126" lon="126.681387"><time>2026-10-03T03:55:59.001Z</time><ele>44.14</ele></trkpt><trkpt lat="36.812222" lon="126.681302"><time>2026-10-03T03:56:00.001Z</time><ele>44.64</ele></trkpt><trkpt lat="36.812323" lon="126.68121"><time>2026-10-03T03:56:01.001Z</time><ele>45.07</ele></trkpt><trkpt lat="36.812425" lon="126.681117"><time>2026-10-03T03:56:02.001Z</time><ele>45.04</ele></trkpt><trkpt lat="36.812529" lon="126.681025"><time>2026-10-03T03:56:03.001Z</time><ele>44.97</ele></trkpt><trkpt lat="36.812624" lon="126.680934"><time>2026-10-03T03:56:04.001Z</time><ele>44.94</ele></trkpt><trkpt lat="36.81272" lon="126.680832"><time>2026-10-03T03:56:05.001Z</time><ele>45.15</ele></trkpt><trkpt lat="36.812814" lon="126.680727"><time>2026-10-03T03:56:06.001Z</time><ele>45.12</ele></trkpt><trkpt lat="36.812901" lon="126.680627"><time>2026-10-03T03:56:07.001Z</time><ele>45.06</ele></trkpt><trkpt lat="36.812989" lon="126.680528"><time>2026-10-03T03:56:08.001Z</time><ele>45.04</ele></trkpt><trkpt lat="36.813082" lon="126.680423"><time>2026-10-03T03:56:09.001Z</time><ele>45.16</ele></trkpt><trkpt lat="36.813176" lon="126.68031"><time>2026-10-03T03:56:10.001Z</time><ele>45.18</ele></trkpt><trkpt lat="36.813278" lon="126.6802"><time>2026-10-03T03:56:11.001Z</time><ele>45.28</ele></trkpt><trkpt lat="36.813378" lon="126.680093"><time>2026-10-03T03:56:12.001Z</time><ele>45.2</ele></trkpt><trkpt lat="36.813461" lon="126.679998"><time>2026-10-03T03:56:13.001Z</time><ele>45.05</ele></trkpt><trkpt lat="36.813542" lon="126.679904"><time>2026-10-03T03:56:14.001Z</time><ele>45.11</ele></trkpt><trkpt lat="36.813626" lon="126.679811"><time>2026-10-03T03:56:15.001Z</time><ele>45.37</ele></trkpt><trkpt lat="36.813706" lon="126.679724"><time>2026-10-03T03:56:16.001Z</time><ele>45.46</ele></trkpt><trkpt lat="36.813785" lon="126.679638"><time>2026-10-03T03:56:17.001Z</time><ele>45.6</ele></trkpt><trkpt lat="36.813861" lon="126.679558"><time>2026-10-03T03:56:18.001Z</time><ele>45.83</ele></trkpt><trkpt lat="36.813943" lon="126.679477"><time>2026-10-03T03:56:19.001Z</time><ele>45.64</ele></trkpt><trkpt lat="36.814039" lon="126.6794"><time>2026-10-03T03:56:20.001Z</time><ele>45.49</ele></trkpt><trkpt lat="36.814143" lon="126.679328"><time>2026-10-03T03:56:21.002Z</time><ele>45.63</ele></trkpt><trkpt lat="36.81425" lon="126.679269"><time>2026-10-03T03:56:22.002Z</time><ele>45.59</ele></trkpt><trkpt lat="36.814357" lon="126.679212"><time>2026-10-03T03:56:23.002Z</time><ele>45.39</ele></trkpt><trkpt lat="36.814474" lon="126.679164"><time>2026-10-03T03:56:24.002Z</time><ele>45.47</ele></trkpt><trkpt lat="36.814591" lon="126.679127"><time>2026-10-03T03:56:25.000Z</time><ele>45.63</ele></trkpt><trkpt lat="36.814697" lon="126.6791"><time>2026-10-03T03:56:26.000Z</time><ele>45.77</ele></trkpt><trkpt lat="36.814798" lon="126.679089"><time>2026-10-03T03:56:27.000Z</time><ele>45.84</ele></trkpt><trkpt lat="36.814894" lon="126.679071"><time>2026-10-03T03:56:28.000Z</time><ele>45.7</ele></trkpt><trkpt lat="36.814994" lon="126.679036"><time>2026-10-03T03:56:29.000Z</time><ele>45.82</ele></trkpt><trkpt lat="36.815104" lon="126.679012"><time>2026-10-03T03:56:30.000Z</time><ele>45.89</ele></trkpt><trkpt lat="36.815215" lon="126.678989"><time>2026-10-03T03:56:31.000Z</time><ele>45.96</ele></trkpt><trkpt lat="36.81532" lon="126.678964"><time>2026-10-03T03:56:32.000Z</time><ele>45.83</ele></trkpt><trkpt lat="36.815416" lon="126.678935"><time>2026-10-03T03:56:33.000Z</time><ele>46</ele></trkpt><trkpt lat="36.815518" lon="126.678906"><time>2026-10-03T03:56:34.000Z</time><ele>45.93</ele></trkpt><trkpt lat="36.815628" lon="126.67889"><time>2026-10-03T03:56:35.000Z</time><ele>46.38</ele></trkpt><trkpt lat="36.815729" lon="126.678873"><time>2026-10-03T03:56:36.000Z</time><ele>46.17</ele></trkpt><trkpt lat="36.815834" lon="126.678845"><time>2026-10-03T03:56:37.000Z</time><ele>46.26</ele></trkpt><trkpt lat="36.815936" lon="126.678817"><time>2026-10-03T03:56:38.000Z</time><ele>46.07</ele></trkpt><trkpt lat="36.816037" lon="126.678789"><time>2026-10-03T03:56:39.000Z</time><ele>46.29</ele></trkpt><trkpt lat="36.816144" lon="126.678762"><time>2026-10-03T03:56:40.000Z</time><ele>46.41</ele></trkpt><trkpt lat="36.816246" lon="126.678734"><time>2026-10-03T03:56:41.000Z</time><ele>46.27</ele></trkpt><trkpt lat="36.816336" lon="126.678698"><time>2026-10-03T03:56:42.000Z</time><ele>46.39</ele></trkpt><trkpt lat="36.816412" lon="126.678649"><time>2026-10-03T03:56:43.000Z</time><ele>46.52</ele></trkpt><trkpt lat="36.816477" lon="126.678601"><time>2026-10-03T03:56:44.000Z</time><ele>46.48</ele></trkpt><trkpt lat="36.816543" lon="126.678533"><time>2026-10-03T03:56:45.000Z</time><ele>46.31</ele></trkpt><trkpt lat="36.816606" lon="126.678449"><time>2026-10-03T03:56:46.000Z</time><ele>46.48</ele></trkpt><trkpt lat="36.816655" lon="126.67835"><time>2026-10-03T03:56:47.000Z</time><ele>46.28</ele></trkpt><trkpt lat="36.816695" lon="126.678234"><time>2026-10-03T03:56:48.000Z</time><ele>46.28</ele></trkpt><trkpt lat="36.816726" lon="126.67811"><time>2026-10-03T03:56:49.000Z</time><ele>46.39</ele></trkpt><trkpt lat="36.816749" lon="126.677983"><time>2026-10-03T03:56:50.000Z</time><ele>46.46</ele></trkpt><trkpt lat="36.816768" lon="126.677854"><time>2026-10-03T03:56:51.000Z</time><ele>46.52</ele></trkpt><trkpt lat="36.816786" lon="126.677731"><time>2026-10-03T03:56:52.000Z</time><ele>46.42</ele></trkpt><trkpt lat="36.816812" lon="126.677618"><time>2026-10-03T03:56:53.000Z</time><ele>46.3</ele></trkpt><trkpt lat="36.816852" lon="126.677524"><time>2026-10-03T03:56:54.000Z</time><ele>46.45</ele></trkpt><trkpt lat="36.816899" lon="126.677431"><time>2026-10-03T03:56:55.000Z</time><ele>46.65</ele></trkpt><trkpt lat="36.816959" lon="126.677342"><time>2026-10-03T03:56:56.000Z</time><ele>47.04</ele></trkpt><trkpt lat="36.817032" lon="126.677268"><time>2026-10-03T03:56:57.000Z</time><ele>47.26</ele></trkpt><trkpt lat="36.81711" lon="126.677204"><time>2026-10-03T03:56:58.000Z</time><ele>47.6</ele></trkpt><trkpt lat="36.817191" lon="126.67715"><time>2026-10-03T03:56:59.000Z</time><ele>47.82</ele></trkpt><trkpt lat="36.817274" lon="126.677099"><time>2026-10-03T03:57:00.000Z</time><ele>48.01</ele></trkpt><trkpt lat="36.817359" lon="126.677043"><time>2026-10-03T03:57:01.000Z</time><ele>48.26</ele></trkpt><trkpt lat="36.817446" lon="126.676993"><time>2026-10-03T03:57:02.000Z</time><ele>48.27</ele></trkpt><trkpt lat="36.817535" lon="126.676944"><time>2026-10-03T03:57:03.000Z</time><ele>49.15</ele></trkpt><trkpt lat="36.81762" lon="126.676893"><time>2026-10-03T03:57:04.000Z</time><ele>49.49</ele></trkpt><trkpt lat="36.817693" lon="126.676846"><time>2026-10-03T03:57:05.000Z</time><ele>49.39</ele></trkpt><trkpt lat="36.81775" lon="126.676801"><time>2026-10-03T03:57:06.000Z</time><ele>49.51</ele></trkpt><trkpt lat="36.817799" lon="126.676763"><time>2026-10-03T03:57:07.000Z</time><ele>49.66</ele></trkpt><trkpt lat="36.817846" lon="126.676726"><time>2026-10-03T03:57:08.000Z</time><ele>49.79</ele></trkpt><trkpt lat="36.817899" lon="126.676672"><time>2026-10-03T03:57:09.000Z</time><ele>49.9</ele></trkpt><trkpt lat="36.817961" lon="126.676617"><time>2026-10-03T03:57:10.001Z</time><ele>50.45</ele></trkpt><trkpt lat="36.818031" lon="126.676551"><time>2026-10-03T03:57:11.001Z</time><ele>50.44</ele></trkpt><trkpt lat="36.818105" lon="126.676477"><time>2026-10-03T03:57:12.001Z</time><ele>50.9</ele></trkpt><trkpt lat="36.818185" lon="126.676401"><time>2026-10-03T03:57:13.001Z</time><ele>51.31</ele></trkpt><trkpt lat="36.818257" lon="126.676324"><time>2026-10-03T03:57:14.001Z</time><ele>51.4</ele></trkpt><trkpt lat="36.818328" lon="126.676245"><time>2026-10-03T03:57:15.001Z</time><ele>52.11</ele></trkpt><trkpt lat="36.818396" lon="126.676165"><time>2026-10-03T03:57:16.001Z</time><ele>52.47</ele></trkpt><trkpt lat="36.818455" lon="126.67609"><time>2026-10-03T03:57:17.001Z</time><ele>52.58</ele></trkpt><trkpt lat="36.818505" lon="126.676002"><time>2026-10-03T03:57:18.001Z</time><ele>53.08</ele></trkpt><trkpt lat="36.818548" lon="126.675906"><time>2026-10-03T03:57:19.001Z</time><ele>53.45</ele></trkpt><trkpt lat="36.818592" lon="126.675805"><time>2026-10-03T03:57:20.001Z</time><ele>53.85</ele></trkpt><trkpt lat="36.818621" lon="126.675692"><time>2026-10-03T03:57:21.001Z</time><ele>54.33</ele></trkpt><trkpt lat="36.818646" lon="126.675573"><time>2026-10-03T03:57:22.001Z</time><ele>54.83</ele></trkpt><trkpt lat="36.818667" lon="126.675446"><time>2026-10-03T03:57:23.001Z</time><ele>55.62</ele></trkpt><trkpt lat="36.818668" lon="126.675311"><time>2026-10-03T03:57:24.001Z</time><ele>56.31</ele></trkpt><trkpt lat="36.81866" lon="126.675174"><time>2026-10-03T03:57:25.001Z</time><ele>56.73</ele></trkpt><trkpt lat="36.818647" lon="126.67504"><time>2026-10-03T03:57:26.001Z</time><ele>57.14</ele></trkpt><trkpt lat="36.818628" lon="126.674904"><time>2026-10-03T03:57:27.001Z</time><ele>57.54</ele></trkpt><trkpt lat="36.818614" lon="126.674765"><time>2026-10-03T03:57:28.001Z</time><ele>57.55</ele></trkpt><trkpt lat="36.818597" lon="126.674622"><time>2026-10-03T03:57:29.001Z</time><ele>57.39</ele></trkpt><trkpt lat="36.818581" lon="126.674489"><time>2026-10-03T03:57:30.001Z</time><ele>57.34</ele></trkpt><trkpt lat="36.818567" lon="126.67436"><time>2026-10-03T03:57:31.001Z</time><ele>57.27</ele></trkpt><trkpt lat="36.818556" lon="126.674229"><time>2026-10-03T03:57:32.001Z</time><ele>56.86</ele></trkpt><trkpt lat="36.818539" lon="126.674092"><time>2026-10-03T03:57:33.001Z</time><ele>56.75</ele></trkpt><trkpt lat="36.818517" lon="126.67395"><time>2026-10-03T03:57:34.001Z</time><ele>56.18</ele></trkpt><trkpt lat="36.818491" lon="126.67381"><time>2026-10-03T03:57:35.001Z</time><ele>55.56</ele></trkpt><trkpt lat="36.818461" lon="126.673668"><time>2026-10-03T03:57:36.001Z</time><ele>55.24</ele></trkpt><trkpt lat="36.818429" lon="126.673526"><time>2026-10-03T03:57:37.001Z</time><ele>54.59</ele></trkpt><trkpt lat="36.818386" lon="126.673388"><time>2026-10-03T03:57:38.001Z</time><ele>54.34</ele></trkpt><trkpt lat="36.81834" lon="126.67325"><time>2026-10-03T03:57:39.001Z</time><ele>53.86</ele></trkpt><trkpt lat="36.818292" lon="126.673112"><time>2026-10-03T03:57:40.001Z</time><ele>53.51</ele></trkpt><trkpt lat="36.818245" lon="126.672983"><time>2026-10-03T03:57:41.001Z</time><ele>53.03</ele></trkpt><trkpt lat="36.818201" lon="126.67286"><time>2026-10-03T03:57:42.001Z</time><ele>53.49</ele></trkpt><trkpt lat="36.818157" lon="126.672727"><time>2026-10-03T03:57:43.001Z</time><ele>53.39</ele></trkpt><trkpt lat="36.818109" lon="126.67259"><time>2026-10-03T03:57:44.001Z</time><ele>53.71</ele></trkpt><trkpt lat="36.818051" lon="126.672445"><time>2026-10-03T03:57:45.001Z</time><ele>53.81</ele></trkpt><trkpt lat="36.817999" lon="126.672298"><time>2026-10-03T03:57:46.001Z</time><ele>52.86</ele></trkpt><trkpt lat="36.817954" lon="126.67216"><time>2026-10-03T03:57:47.001Z</time><ele>53.43</ele></trkpt><trkpt lat="36.817902" lon="126.672023"><time>2026-10-03T03:57:48.001Z</time><ele>53.55</ele></trkpt><trkpt lat="36.817857" lon="126.671896"><time>2026-10-03T03:57:49.001Z</time><ele>54</ele></trkpt><trkpt lat="36.817819" lon="126.671779"><time>2026-10-03T03:57:50.001Z</time><ele>53.79</ele></trkpt><trkpt lat="36.817773" lon="126.671659"><time>2026-10-03T03:57:51.001Z</time><ele>53.73</ele></trkpt><trkpt lat="36.817715" lon="126.671541"><time>2026-10-03T03:57:52.001Z</time><ele>54.34</ele></trkpt><trkpt lat="36.817652" lon="126.671441"><time>2026-10-03T03:57:53.001Z</time><ele>54.51</ele></trkpt><trkpt lat="36.817597" lon="126.671338"><time>2026-10-03T03:57:54.001Z</time><ele>54.77</ele></trkpt><trkpt lat="36.817523" lon="126.671273"><time>2026-10-03T03:57:55.001Z</time><ele>54.93</ele></trkpt><trkpt lat="36.817459" lon="126.671232"><time>2026-10-03T03:57:56.001Z</time><ele>55.34</ele></trkpt><trkpt lat="36.817393" lon="126.671191"><time>2026-10-03T03:57:57.001Z</time><ele>55.3</ele></trkpt><trkpt lat="36.817328" lon="126.671155"><time>2026-10-03T03:57:58.001Z</time><ele>55.74</ele></trkpt><trkpt lat="36.81726" lon="126.671132"><time>2026-10-03T03:57:59.001Z</time><ele>56.01</ele></trkpt><trkpt lat="36.817193" lon="126.671111"><time>2026-10-03T03:58:00.001Z</time><ele>56.46</ele></trkpt><trkpt lat="36.817117" lon="126.671086"><time>2026-10-03T03:58:01.001Z</time><ele>56.76</ele></trkpt><trkpt lat="36.817031" lon="126.671058"><time>2026-10-03T03:58:02.001Z</time><ele>57.13</ele></trkpt><trkpt lat="36.816946" lon="126.67103"><time>2026-10-03T03:58:03.001Z</time><ele>57.55</ele></trkpt><trkpt lat="36.816859" lon="126.670996"><time>2026-10-03T03:58:04.001Z</time><ele>57.64</ele></trkpt><trkpt lat="36.816774" lon="126.670959"><time>2026-10-03T03:58:05.001Z</time><ele>57.42</ele></trkpt><trkpt lat="36.816685" lon="126.670921"><time>2026-10-03T03:58:06.001Z</time><ele>57.8</ele></trkpt><trkpt lat="36.816593" lon="126.670881"><time>2026-10-03T03:58:07.001Z</time><ele>57.79</ele></trkpt><trkpt lat="36.816518" lon="126.670829"><time>2026-10-03T03:58:08.001Z</time><ele>57.53</ele></trkpt><trkpt lat="36.816428" lon="126.670774"><time>2026-10-03T03:58:09.001Z</time><ele>57.57</ele></trkpt><trkpt lat="36.81634" lon="126.670718"><time>2026-10-03T03:58:10.001Z</time><ele>57.06</ele></trkpt><trkpt lat="36.816261" lon="126.670662"><time>2026-10-03T03:58:11.001Z</time><ele>56.69</ele></trkpt><trkpt lat="36.816185" lon="126.670608"><time>2026-10-03T03:58:12.001Z</time><ele>56.39</ele></trkpt><trkpt lat="36.816101" lon="126.670548"><time>2026-10-03T03:58:13.001Z</time><ele>56.56</ele></trkpt><trkpt lat="36.816018" lon="126.67048"><time>2026-10-03T03:58:14.001Z</time><ele>55.87</ele></trkpt><trkpt lat="36.815939" lon="126.67041"><time>2026-10-03T03:58:15.001Z</time><ele>55.25</ele></trkpt><trkpt lat="36.815858" lon="126.670338"><time>2026-10-03T03:58:16.001Z</time><ele>54.9</ele></trkpt><trkpt lat="36.815786" lon="126.670267"><time>2026-10-03T03:58:17.001Z</time><ele>54.79</ele></trkpt><trkpt lat="36.815715" lon="126.670207"><time>2026-10-03T03:58:18.001Z</time><ele>54.28</ele></trkpt><trkpt lat="36.815666" lon="126.670141"><time>2026-10-03T03:58:19.001Z</time><ele>54.11</ele></trkpt><trkpt lat="36.815629" lon="126.670072"><time>2026-10-03T03:58:20.001Z</time><ele>53.82</ele></trkpt><trkpt lat="36.8156" lon="126.670011"><time>2026-10-03T03:58:21.001Z</time><ele>53.57</ele></trkpt><trkpt lat="36.815571" lon="126.669956"><time>2026-10-03T03:58:22.001Z</time><ele>53.39</ele></trkpt><trkpt lat="36.815547" lon="126.669849"><time>2026-10-03T03:58:24.001Z</time><ele>53.18</ele></trkpt><trkpt lat="36.815566" lon="126.669792"><time>2026-10-03T03:58:25.001Z</time><ele>53.18</ele></trkpt><trkpt lat="36.81568" lon="126.669684"><time>2026-10-03T03:58:27.001Z</time><ele>53.25</ele></trkpt><trkpt lat="36.815761" lon="126.669645"><time>2026-10-03T03:58:28.001Z</time><ele>53.42</ele></trkpt><trkpt lat="36.815827" lon="126.669606"><time>2026-10-03T03:58:29.001Z</time><ele>53.42</ele></trkpt><trkpt lat="36.816393" lon="126.669221"><time>2026-10-03T03:58:38.000Z</time><ele>53.48</ele></trkpt><trkpt lat="36.816387" lon="126.669048"><time>2026-10-03T03:58:42.000Z</time><ele>52.65</ele></trkpt><trkpt lat="36.816244" lon="126.668888"><time>2026-10-03T03:58:48.000Z</time><ele>53.16</ele></trkpt><trkpt lat="36.816215" lon="126.668832"><time>2026-10-03T03:59:37.001Z</time><ele>51.35</ele></trkpt><trkpt lat="36.816236" lon="126.668885"><time>2026-10-03T04:00:06.001Z</time><ele>52</ele></trkpt><trkpt lat="36.816279" lon="126.668903"><time>2026-10-03T04:00:11.001Z</time><ele>51.92</ele></trkpt><trkpt lat="36.816264" lon="126.668847"><time>2026-10-03T04:00:18.001Z</time><ele>50.17</ele></trkpt><trkpt lat="36.816312" lon="126.668839"><time>2026-10-03T04:00:44.000Z</time><ele>44.48</ele></trkpt><trkpt lat="36.816266" lon="126.668804"><time>2026-10-03T04:03:51.001Z</time><ele>49.37</ele></trkpt><trkpt lat="36.8163" lon="126.668842"><time>2026-10-03T04:08:57.001Z</time><ele>48.46</ele></trkpt><trkpt lat="36.816249" lon="126.668812"><time>2026-10-03T04:23:41.001Z</time><ele>47.74</ele></trkpt><trkpt lat="36.816241" lon="126.668873"><time>2026-10-03T04:35:10.001Z</time><ele>50.86</ele></trkpt><trkpt lat="36.816245" lon="126.668813"><time>2026-10-03T04:35:12.001Z</time><ele>50.23</ele></trkpt><trkpt lat="36.816247" lon="126.668889"><time>2026-10-03T04:35:32.001Z</time><ele>48.67</ele></trkpt><trkpt lat="36.816198" lon="126.66891"><time>2026-10-03T04:35:37.001Z</time><ele>48.86</ele></trkpt><trkpt lat="36.816181" lon="126.668841"><time>2026-10-03T04:35:50.001Z</time><ele>50.57</ele></trkpt><trkpt lat="36.816184" lon="126.668909"><time>2026-10-03T04:39:16.000Z</time><ele>49.72</ele></trkpt><trkpt lat="36.816234" lon="126.668917"><time>2026-10-03T04:39:18.001Z</time><ele>49.76</ele></trkpt><trkpt lat="36.81629" lon="126.668928"><time>2026-10-03T04:39:20.001Z</time><ele>49.78</ele></trkpt><trkpt lat="36.816328" lon="126.66898"><time>2026-10-03T04:39:22.001Z</time><ele>49.62</ele></trkpt><trkpt lat="36.81635" lon="126.669046"><time>2026-10-03T04:39:24.001Z</time><ele>49.82</ele></trkpt><trkpt lat="36.816369" lon="126.669106"><time>2026-10-03T04:39:26.001Z</time><ele>50.36</ele></trkpt><trkpt lat="36.816427" lon="126.669137"><time>2026-10-03T04:39:29.001Z</time><ele>50.45</ele></trkpt><trkpt lat="36.816483" lon="126.669104"><time>2026-10-03T04:39:31.001Z</time><ele>50.6</ele></trkpt><trkpt lat="36.816553" lon="126.669085"><time>2026-10-03T04:39:33.001Z</time><ele>50.45</ele></trkpt><trkpt lat="36.816614" lon="126.66906"><time>2026-10-03T04:39:35.001Z</time><ele>50.42</ele></trkpt><trkpt lat="36.816676" lon="126.669039"><time>2026-10-03T04:39:37.001Z</time><ele>50.76</ele></trkpt><trkpt lat="36.816744" lon="126.669084"><time>2026-10-03T04:39:39.001Z</time><ele>51.48</ele></trkpt><trkpt lat="36.81675" lon="126.669141"><time>2026-10-03T04:39:41.001Z</time><ele>51.76</ele></trkpt><trkpt lat="36.816764" lon="126.669199"><time>2026-10-03T04:39:44.001Z</time><ele>51.87</ele></trkpt><trkpt lat="36.816815" lon="126.669239"><time>2026-10-03T04:40:05.001Z</time><ele>53.6</ele></trkpt><trkpt lat="36.816796" lon="126.669185"><time>2026-10-03T04:40:21.001Z</time><ele>52.16</ele></trkpt><trkpt lat="36.816784" lon="126.669129"><time>2026-10-03T04:40:39.000Z</time><ele>52.48</ele></trkpt><trkpt lat="36.816739" lon="126.669123"><time>2026-10-03T04:41:27.001Z</time><ele>52.66</ele></trkpt><trkpt lat="36.8167" lon="126.669051"><time>2026-10-03T04:41:30.001Z</time><ele>52.17</ele></trkpt><trkpt lat="36.816596" lon="126.669059"><time>2026-10-03T04:41:34.001Z</time><ele>51.81</ele></trkpt><trkpt lat="36.816382" lon="126.669194"><time>2026-10-03T04:41:40.001Z</time><ele>50.97</ele></trkpt><trkpt lat="36.816327" lon="126.669228"><time>2026-10-03T04:41:41.001Z</time><ele>50.98</ele></trkpt><trkpt lat="36.816269" lon="126.669272"><time>2026-10-03T04:41:42.001Z</time><ele>50.83</ele></trkpt><trkpt lat="36.816195" lon="126.669293"><time>2026-10-03T04:41:43.001Z</time><ele>50.75</ele></trkpt><trkpt lat="36.816132" lon="126.669333"><time>2026-10-03T04:41:44.001Z</time><ele>50.8</ele></trkpt><trkpt lat="36.816071" lon="126.669371"><time>2026-10-03T04:41:45.001Z</time><ele>50.79</ele></trkpt><trkpt lat="36.816017" lon="126.669404"><time>2026-10-03T04:41:46.001Z</time><ele>51</ele></trkpt><trkpt lat="36.815959" lon="126.669441"><time>2026-10-03T04:41:47.001Z</time><ele>50.97</ele></trkpt><trkpt lat="36.815908" lon="126.669473"><time>2026-10-03T04:41:48.001Z</time><ele>51.06</ele></trkpt><trkpt lat="36.815865" lon="126.669525"><time>2026-10-03T04:41:49.001Z</time><ele>51.04</ele></trkpt><trkpt lat="36.815817" lon="126.669554"><time>2026-10-03T04:41:50.001Z</time><ele>50.92</ele></trkpt><trkpt lat="36.815748" lon="126.669597"><time>2026-10-03T04:41:52.001Z</time><ele>50.48</ele></trkpt><trkpt lat="36.815685" lon="126.66962"><time>2026-10-03T04:41:55.001Z</time><ele>50.26</ele></trkpt><trkpt lat="36.81564" lon="126.669649"><time>2026-10-03T04:41:56.001Z</time><ele>50.03</ele></trkpt><trkpt lat="36.81559" lon="126.669683"><time>2026-10-03T04:41:57.001Z</time><ele>50.05</ele></trkpt><trkpt lat="36.815543" lon="126.669713"><time>2026-10-03T04:41:58.001Z</time><ele>49.92</ele></trkpt><trkpt lat="36.815485" lon="126.669751"><time>2026-10-03T04:42:00.001Z</time><ele>49.88</ele></trkpt><trkpt lat="36.815423" lon="126.669791"><time>2026-10-03T04:42:02.001Z</time><ele>49.91</ele></trkpt><trkpt lat="36.815507" lon="126.67"><time>2026-10-03T04:42:04.001Z</time><ele>50.45</ele></trkpt><trkpt lat="36.815556" lon="126.670059"><time>2026-10-03T04:42:05.001Z</time><ele>50.28</ele></trkpt><trkpt lat="36.815607" lon="126.67013"><time>2026-10-03T04:42:06.001Z</time><ele>50.54</ele></trkpt><trkpt lat="36.815665" lon="126.670214"><time>2026-10-03T04:42:07.001Z</time><ele>50.74</ele></trkpt><trkpt lat="36.815727" lon="126.670294"><time>2026-10-03T04:42:08.001Z</time><ele>50.98</ele></trkpt><trkpt lat="36.815789" lon="126.670369"><time>2026-10-03T04:42:09.001Z</time><ele>51.19</ele></trkpt><trkpt lat="36.815856" lon="126.670434"><time>2026-10-03T04:42:10.001Z</time><ele>51.54</ele></trkpt><trkpt lat="36.815929" lon="126.670498"><time>2026-10-03T04:42:11.001Z</time><ele>51.92</ele></trkpt><trkpt lat="36.816005" lon="126.670559"><time>2026-10-03T04:42:12.001Z</time><ele>52.24</ele></trkpt><trkpt lat="36.816083" lon="126.67062"><time>2026-10-03T04:42:13.001Z</time><ele>52.5</ele></trkpt><trkpt lat="36.816166" lon="126.67068"><time>2026-10-03T04:42:14.001Z</time><ele>52.68</ele></trkpt><trkpt lat="36.81625" lon="126.670738"><time>2026-10-03T04:42:15.001Z</time><ele>52.92</ele></trkpt><trkpt lat="36.816337" lon="126.6708"><time>2026-10-03T04:42:16.001Z</time><ele>53.23</ele></trkpt><trkpt lat="36.816427" lon="126.670862"><time>2026-10-03T04:42:17.001Z</time><ele>53.55</ele></trkpt><trkpt lat="36.816524" lon="126.670921"><time>2026-10-03T04:42:18.001Z</time><ele>53.67</ele></trkpt><trkpt lat="36.816624" lon="126.670981"><time>2026-10-03T04:42:19.001Z</time><ele>53.84</ele></trkpt><trkpt lat="36.81673" lon="126.671028"><time>2026-10-03T04:42:20.001Z</time><ele>53.94</ele></trkpt><trkpt lat="36.816841" lon="126.67107"><time>2026-10-03T04:42:21.001Z</time><ele>54.01</ele></trkpt><trkpt lat="36.816944" lon="126.671099"><time>2026-10-03T04:42:22.001Z</time><ele>53.78</ele></trkpt><trkpt lat="36.817039" lon="126.671128"><time>2026-10-03T04:42:23.001Z</time><ele>53.39</ele></trkpt><trkpt lat="36.817129" lon="126.67116"><time>2026-10-03T04:42:24.001Z</time><ele>53.17</ele></trkpt><trkpt lat="36.817217" lon="126.671194"><time>2026-10-03T04:42:25.001Z</time><ele>52.62</ele></trkpt><trkpt lat="36.817305" lon="126.67123"><time>2026-10-03T04:42:26.001Z</time><ele>52.19</ele></trkpt><trkpt lat="36.817389" lon="126.671274"><time>2026-10-03T04:42:27.001Z</time><ele>51.93</ele></trkpt><trkpt lat="36.817462" lon="126.671329"><time>2026-10-03T04:42:28.001Z</time><ele>51.58</ele></trkpt><trkpt lat="36.817528" lon="126.671394"><time>2026-10-03T04:42:29.001Z</time><ele>50.98</ele></trkpt><trkpt lat="36.817596" lon="126.671473"><time>2026-10-03T04:42:30.001Z</time><ele>50.44</ele></trkpt><trkpt lat="36.817663" lon="126.671566"><time>2026-10-03T04:42:31.001Z</time><ele>50.24</ele></trkpt><trkpt lat="36.817716" lon="126.671676"><time>2026-10-03T04:42:32.001Z</time><ele>49.99</ele></trkpt><trkpt lat="36.817761" lon="126.671803"><time>2026-10-03T04:42:33.001Z</time><ele>49.86</ele></trkpt><trkpt lat="36.817806" lon="126.671934"><time>2026-10-03T04:42:34.001Z</time><ele>49.71</ele></trkpt><trkpt lat="36.817854" lon="126.672067"><time>2026-10-03T04:42:35.001Z</time><ele>49.48</ele></trkpt><trkpt lat="36.817902" lon="126.672205"><time>2026-10-03T04:42:36.001Z</time><ele>49.55</ele></trkpt><trkpt lat="36.817961" lon="126.672344"><time>2026-10-03T04:42:37.000Z</time><ele>49.2</ele></trkpt><trkpt lat="36.818014" lon="126.672489"><time>2026-10-03T04:42:38.000Z</time><ele>48.92</ele></trkpt><trkpt lat="36.818068" lon="126.672638"><time>2026-10-03T04:42:39.000Z</time><ele>49.28</ele></trkpt><trkpt lat="36.818125" lon="126.672792"><time>2026-10-03T04:42:40.000Z</time><ele>49.34</ele></trkpt><trkpt lat="36.818176" lon="126.67294"><time>2026-10-03T04:42:41.000Z</time><ele>49.15</ele></trkpt><trkpt lat="36.818229" lon="126.673084"><time>2026-10-03T04:42:42.000Z</time><ele>49.72</ele></trkpt><trkpt lat="36.81828" lon="126.673235"><time>2026-10-03T04:42:43.000Z</time><ele>50.37</ele></trkpt><trkpt lat="36.81833" lon="126.67339"><time>2026-10-03T04:42:44.000Z</time><ele>50.76</ele></trkpt><trkpt lat="36.818381" lon="126.673551"><time>2026-10-03T04:42:45.000Z</time><ele>51.44</ele></trkpt><trkpt lat="36.818418" lon="126.673728"><time>2026-10-03T04:42:46.000Z</time><ele>52.28</ele></trkpt><trkpt lat="36.818459" lon="126.673911"><time>2026-10-03T04:42:47.000Z</time><ele>53.2</ele></trkpt><trkpt lat="36.81848" lon="126.674106"><time>2026-10-03T04:42:48.000Z</time><ele>54.34</ele></trkpt><trkpt lat="36.818497" lon="126.674299"><time>2026-10-03T04:42:49.000Z</time><ele>54.74</ele></trkpt><trkpt lat="36.818514" lon="126.674474"><time>2026-10-03T04:42:50.000Z</time><ele>54.87</ele></trkpt><trkpt lat="36.818534" lon="126.674638"><time>2026-10-03T04:42:51.000Z</time><ele>55.35</ele></trkpt><trkpt lat="36.818554" lon="126.6748"><time>2026-10-03T04:42:52.000Z</time><ele>55.22</ele></trkpt><trkpt lat="36.818569" lon="126.67496"><time>2026-10-03T04:42:53.000Z</time><ele>55.31</ele></trkpt><trkpt lat="36.818585" lon="126.675108"><time>2026-10-03T04:42:54.000Z</time><ele>54.96</ele></trkpt><trkpt lat="36.818595" lon="126.675253"><time>2026-10-03T04:42:55.000Z</time><ele>54.65</ele></trkpt><trkpt lat="36.818601" lon="126.675405"><time>2026-10-03T04:42:56.000Z</time><ele>53.97</ele></trkpt><trkpt lat="36.818591" lon="126.675563"><time>2026-10-03T04:42:57.000Z</time><ele>52.95</ele></trkpt><trkpt lat="36.818554" lon="126.675719"><time>2026-10-03T04:42:58.000Z</time><ele>52.28</ele></trkpt><trkpt lat="36.818515" lon="126.67583"><time>2026-10-03T04:42:59.000Z</time><ele>51.46</ele></trkpt><trkpt lat="36.818479" lon="126.675913"><time>2026-10-03T04:43:00.000Z</time><ele>50.95</ele></trkpt><trkpt lat="36.818441" lon="126.675981"><time>2026-10-03T04:43:01.000Z</time><ele>50.57</ele></trkpt><trkpt lat="36.818389" lon="126.676051"><time>2026-10-03T04:43:02.000Z</time><ele>50.13</ele></trkpt><trkpt lat="36.81832" lon="126.676125"><time>2026-10-03T04:43:03.000Z</time><ele>49.31</ele></trkpt><trkpt lat="36.81825" lon="126.676207"><time>2026-10-03T04:43:04.000Z</time><ele>48.82</ele></trkpt><trkpt lat="36.818169" lon="126.676304"><time>2026-10-03T04:43:05.000Z</time><ele>48.76</ele></trkpt><trkpt lat="36.818079" lon="126.676415"><time>2026-10-03T04:43:06.000Z</time><ele>48.57</ele></trkpt><trkpt lat="36.817983" lon="126.676519"><time>2026-10-03T04:43:07.000Z</time><ele>47.98</ele></trkpt><trkpt lat="36.817894" lon="126.676613"><time>2026-10-03T04:43:08.000Z</time><ele>47.95</ele></trkpt><trkpt lat="36.817806" lon="126.676696"><time>2026-10-03T04:43:09.000Z</time><ele>47.33</ele></trkpt><trkpt lat="36.81771" lon="126.676767"><time>2026-10-03T04:43:10.000Z</time><ele>47.03</ele></trkpt><trkpt lat="36.817606" lon="126.676845"><time>2026-10-03T04:43:11.000Z</time><ele>46.42</ele></trkpt><trkpt lat="36.817481" lon="126.676894"><time>2026-10-03T04:43:12.000Z</time><ele>46.36</ele></trkpt><trkpt lat="36.817359" lon="126.676962"><time>2026-10-03T04:43:13.000Z</time><ele>46</ele></trkpt><trkpt lat="36.817237" lon="126.67703"><time>2026-10-03T04:43:14.000Z</time><ele>45.6</ele></trkpt><trkpt lat="36.817123" lon="126.677093"><time>2026-10-03T04:43:15.000Z</time><ele>45.11</ele></trkpt><trkpt lat="36.817022" lon="126.677193"><time>2026-10-03T04:43:16.000Z</time><ele>44.68</ele></trkpt><trkpt lat="36.816918" lon="126.677288"><time>2026-10-03T04:43:17.000Z</time><ele>44.43</ele></trkpt><trkpt lat="36.816834" lon="126.677402"><time>2026-10-03T04:43:18.000Z</time><ele>44.19</ele></trkpt><trkpt lat="36.816777" lon="126.677528"><time>2026-10-03T04:43:19.000Z</time><ele>43.51</ele></trkpt><trkpt lat="36.81674" lon="126.677681"><time>2026-10-03T04:43:20.000Z</time><ele>42.78</ele></trkpt><trkpt lat="36.816715" lon="126.677848"><time>2026-10-03T04:43:21.000Z</time><ele>42.44</ele></trkpt><trkpt lat="36.816678" lon="126.678016"><time>2026-10-03T04:43:22.000Z</time><ele>42.54</ele></trkpt><trkpt lat="36.816644" lon="126.67818"><time>2026-10-03T04:43:23.000Z</time><ele>42.18</ele></trkpt><trkpt lat="36.816583" lon="126.678342"><time>2026-10-03T04:43:24.000Z</time><ele>41.91</ele></trkpt><trkpt lat="36.816485" lon="126.678485"><time>2026-10-03T04:43:25.000Z</time><ele>42.14</ele></trkpt><trkpt lat="36.816363" lon="126.678606"><time>2026-10-03T04:43:26.000Z</time><ele>42.37</ele></trkpt><trkpt lat="36.816212" lon="126.678662"><time>2026-10-03T04:43:27.000Z</time><ele>42.26</ele></trkpt><trkpt lat="36.816053" lon="126.678703"><time>2026-10-03T04:43:28.000Z</time><ele>42.65</ele></trkpt><trkpt lat="36.815885" lon="126.678743"><time>2026-10-03T04:43:29.000Z</time><ele>42.76</ele></trkpt><trkpt lat="36.815713" lon="126.678784"><time>2026-10-03T04:43:30.000Z</time><ele>42.74</ele></trkpt><trkpt lat="36.815536" lon="126.678826"><time>2026-10-03T04:43:31.000Z</time><ele>42.86</ele></trkpt><trkpt lat="36.815364" lon="126.678867"><time>2026-10-03T04:43:32.000Z</time><ele>42.84</ele></trkpt><trkpt lat="36.815209" lon="126.678904"><time>2026-10-03T04:43:33.000Z</time><ele>42.7</ele></trkpt><trkpt lat="36.815051" lon="126.678942"><time>2026-10-03T04:43:34.000Z</time><ele>42.52</ele></trkpt><trkpt lat="36.814892" lon="126.67898"><time>2026-10-03T04:43:35.000Z</time><ele>42.49</ele></trkpt><trkpt lat="36.814735" lon="126.679019"><time>2026-10-03T04:43:36.000Z</time><ele>42.43</ele></trkpt><trkpt lat="36.81458" lon="126.679056"><time>2026-10-03T04:43:37.001Z</time><ele>42.53</ele></trkpt><trkpt lat="36.814421" lon="126.679104"><time>2026-10-03T04:43:38.001Z</time><ele>42.62</ele></trkpt><trkpt lat="36.814272" lon="126.679185"><time>2026-10-03T04:43:39.001Z</time><ele>42.67</ele></trkpt><trkpt lat="36.814122" lon="126.679267"><time>2026-10-03T04:43:40.001Z</time><ele>42.54</ele></trkpt><trkpt lat="36.813978" lon="126.679371"><time>2026-10-03T04:43:41.001Z</time><ele>42.54</ele></trkpt><trkpt lat="36.813825" lon="126.679474"><time>2026-10-03T04:43:42.001Z</time><ele>42.54</ele></trkpt><trkpt lat="36.8137" lon="126.67964"><time>2026-10-03T04:43:43.001Z</time><ele>42.59</ele></trkpt><trkpt lat="36.813563" lon="126.67979"><time>2026-10-03T04:43:44.001Z</time><ele>42.63</ele></trkpt><trkpt lat="36.81343" lon="126.679941"><time>2026-10-03T04:43:45.001Z</time><ele>42.64</ele></trkpt><trkpt lat="36.813296" lon="126.680097"><time>2026-10-03T04:43:46.001Z</time><ele>42.72</ele></trkpt><trkpt lat="36.813162" lon="126.680254"><time>2026-10-03T04:43:47.001Z</time><ele>42.55</ele></trkpt><trkpt lat="36.813026" lon="126.680413"><time>2026-10-03T04:43:48.001Z</time><ele>42.71</ele></trkpt><trkpt lat="36.812884" lon="126.68057"><time>2026-10-03T04:43:49.001Z</time><ele>42.74</ele></trkpt><trkpt lat="36.812743" lon="126.68073"><time>2026-10-03T04:43:50.001Z</time><ele>42.51</ele></trkpt><trkpt lat="36.812601" lon="126.680884"><time>2026-10-03T04:43:51.001Z</time><ele>42.28</ele></trkpt><trkpt lat="36.812452" lon="126.68102"><time>2026-10-03T04:43:52.001Z</time><ele>42.27</ele></trkpt><trkpt lat="36.812304" lon="126.681157"><time>2026-10-03T04:43:53.001Z</time><ele>42.01</ele></trkpt><trkpt lat="36.812142" lon="126.681275"><time>2026-10-03T04:43:54.001Z</time><ele>41.73</ele></trkpt><trkpt lat="36.811997" lon="126.681419"><time>2026-10-03T04:43:55.001Z</time><ele>41.66</ele></trkpt><trkpt lat="36.811852" lon="126.681539"><time>2026-10-03T04:43:56.001Z</time><ele>41.52</ele></trkpt><trkpt lat="36.811713" lon="126.681664"><time>2026-10-03T04:43:57.001Z</time><ele>41.32</ele></trkpt><trkpt lat="36.811575" lon="126.681788"><time>2026-10-03T04:43:58.001Z</time><ele>41.1</ele></trkpt><trkpt lat="36.811445" lon="126.6819"><time>2026-10-03T04:43:59.001Z</time><ele>40.73</ele></trkpt><trkpt lat="36.81132" lon="126.682009"><time>2026-10-03T04:44:00.001Z</time><ele>40.61</ele></trkpt><trkpt lat="36.811203" lon="126.682109"><time>2026-10-03T04:44:01.001Z</time><ele>40.19</ele></trkpt><trkpt lat="36.811093" lon="126.682211"><time>2026-10-03T04:44:02.001Z</time><ele>39.98</ele></trkpt><trkpt lat="36.810971" lon="126.682294"><time>2026-10-03T04:44:03.001Z</time><ele>39.45</ele></trkpt><trkpt lat="36.810858" lon="126.682409"><time>2026-10-03T04:44:04.001Z</time><ele>38.98</ele></trkpt><trkpt lat="36.810733" lon="126.68251"><time>2026-10-03T04:44:05.001Z</time><ele>37.97</ele></trkpt><trkpt lat="36.810606" lon="126.682621"><time>2026-10-03T04:44:06.001Z</time><ele>36.94</ele></trkpt><trkpt lat="36.810479" lon="126.682727"><time>2026-10-03T04:44:07.001Z</time><ele>36.13</ele></trkpt><trkpt lat="36.810355" lon="126.682828"><time>2026-10-03T04:44:08.001Z</time><ele>35.13</ele></trkpt><trkpt lat="36.810235" lon="126.68293"><time>2026-10-03T04:44:09.001Z</time><ele>34.48</ele></trkpt><trkpt lat="36.81011" lon="126.683041"><time>2026-10-03T04:44:10.001Z</time><ele>34.02</ele></trkpt><trkpt lat="36.809985" lon="126.683159"><time>2026-10-03T04:44:11.001Z</time><ele>33.46</ele></trkpt><trkpt lat="36.809876" lon="126.683302"><time>2026-10-03T04:44:12.001Z</time><ele>32.7</ele></trkpt><trkpt lat="36.80979" lon="126.683475"><time>2026-10-03T04:44:13.001Z</time><ele>31.95</ele></trkpt><trkpt lat="36.809725" lon="126.683655"><time>2026-10-03T04:44:14.001Z</time><ele>31.46</ele></trkpt><trkpt lat="36.809681" lon="126.683834"><time>2026-10-03T04:44:15.001Z</time><ele>31.11</ele></trkpt><trkpt lat="36.809646" lon="126.684004"><time>2026-10-03T04:44:16.001Z</time><ele>31.37</ele></trkpt><trkpt lat="36.809611" lon="126.684166"><time>2026-10-03T04:44:17.001Z</time><ele>31.27</ele></trkpt><trkpt lat="36.80958" lon="126.684331"><time>2026-10-03T04:44:18.001Z</time><ele>30.73</ele></trkpt><trkpt lat="36.809546" lon="126.684495"><time>2026-10-03T04:44:19.001Z</time><ele>30.4</ele></trkpt><trkpt lat="36.809515" lon="126.684661"><time>2026-10-03T04:44:20.001Z</time><ele>30.21</ele></trkpt><trkpt lat="36.809482" lon="126.684829"><time>2026-10-03T04:44:21.001Z</time><ele>30.23</ele></trkpt><trkpt lat="36.809458" lon="126.685006"><time>2026-10-03T04:44:22.001Z</time><ele>29.77</ele></trkpt><trkpt lat="36.809434" lon="126.685183"><time>2026-10-03T04:44:23.001Z</time><ele>29.72</ele></trkpt><trkpt lat="36.809416" lon="126.685362"><time>2026-10-03T04:44:24.001Z</time><ele>29.55</ele></trkpt><trkpt lat="36.809397" lon="126.685541"><time>2026-10-03T04:44:25.001Z</time><ele>29.16</ele></trkpt><trkpt lat="36.80938" lon="126.685719"><time>2026-10-03T04:44:26.001Z</time><ele>29</ele></trkpt><trkpt lat="36.809365" lon="126.6859"><time>2026-10-03T04:44:27.001Z</time><ele>29.03</ele></trkpt><trkpt lat="36.809345" lon="126.686082"><time>2026-10-03T04:44:28.001Z</time><ele>29.18</ele></trkpt><trkpt lat="36.809324" lon="126.686267"><time>2026-10-03T04:44:29.001Z</time><ele>29.14</ele></trkpt><trkpt lat="36.809305" lon="126.686453"><time>2026-10-03T04:44:30.001Z</time><ele>29.1</ele></trkpt><trkpt lat="36.809287" lon="126.686638"><time>2026-10-03T04:44:31.001Z</time><ele>28.75</ele></trkpt><trkpt lat="36.809263" lon="126.686827"><time>2026-10-03T04:44:32.001Z</time><ele>28.57</ele></trkpt><trkpt lat="36.809243" lon="126.687019"><time>2026-10-03T04:44:33.001Z</time><ele>28.34</ele></trkpt><trkpt lat="36.809225" lon="126.687211"><time>2026-10-03T04:44:34.001Z</time><ele>28.25</ele></trkpt><trkpt lat="36.809206" lon="126.687401"><time>2026-10-03T04:44:35.001Z</time><ele>28.32</ele></trkpt><trkpt lat="36.809187" lon="126.687592"><time>2026-10-03T04:44:36.001Z</time><ele>28.23</ele></trkpt><trkpt lat="36.809169" lon="126.687779"><time>2026-10-03T04:44:37.001Z</time><ele>28.13</ele></trkpt><trkpt lat="36.809151" lon="126.687962"><time>2026-10-03T04:44:38.001Z</time><ele>27.95</ele></trkpt><trkpt lat="36.809131" lon="126.688147"><time>2026-10-03T04:44:39.001Z</time><ele>28.05</ele></trkpt><trkpt lat="36.809111" lon="126.688332"><time>2026-10-03T04:44:40.001Z</time><ele>28.24</ele></trkpt><trkpt lat="36.809094" lon="126.688517"><time>2026-10-03T04:44:41.001Z</time><ele>28.3</ele></trkpt><trkpt lat="36.809074" lon="126.688701"><time>2026-10-03T04:44:42.001Z</time><ele>28.24</ele></trkpt><trkpt lat="36.809054" lon="126.688885"><time>2026-10-03T04:44:43.000Z</time><ele>28.19</ele></trkpt><trkpt lat="36.809033" lon="126.689069"><time>2026-10-03T04:44:44.000Z</time><ele>28.19</ele></trkpt><trkpt lat="36.809017" lon="126.689254"><time>2026-10-03T04:44:45.000Z</time><ele>28.11</ele></trkpt><trkpt lat="36.809" lon="126.689435"><time>2026-10-03T04:44:46.000Z</time><ele>27.99</ele></trkpt><trkpt lat="36.808984" lon="126.689614"><time>2026-10-03T04:44:47.000Z</time><ele>27.87</ele></trkpt><trkpt lat="36.808964" lon="126.689792"><time>2026-10-03T04:44:48.000Z</time><ele>27.85</ele></trkpt><trkpt lat="36.808944" lon="126.689971"><time>2026-10-03T04:44:49.000Z</time><ele>27.85</ele></trkpt><trkpt lat="36.808924" lon="126.690151"><time>2026-10-03T04:44:50.000Z</time><ele>27.75</ele></trkpt><trkpt lat="36.808905" lon="126.69033"><time>2026-10-03T04:44:51.000Z</time><ele>28</ele></trkpt><trkpt lat="36.808884" lon="126.690508"><time>2026-10-03T04:44:52.000Z</time><ele>28.06</ele></trkpt><trkpt lat="36.808865" lon="126.690686"><time>2026-10-03T04:44:53.000Z</time><ele>28.1</ele></trkpt><trkpt lat="36.808851" lon="126.690865"><time>2026-10-03T04:44:54.000Z</time><ele>28.24</ele></trkpt><trkpt lat="36.808837" lon="126.691044"><time>2026-10-03T04:44:55.000Z</time><ele>28.49</ele></trkpt><trkpt lat="36.808829" lon="126.691222"><time>2026-10-03T04:44:56.000Z</time><ele>28.15</ele></trkpt><trkpt lat="36.808828" lon="126.691397"><time>2026-10-03T04:44:57.000Z</time><ele>28.66</ele></trkpt><trkpt lat="36.80884" lon="126.691551"><time>2026-10-03T04:44:58.000Z</time><ele>28.58</ele></trkpt><trkpt lat="36.808848" lon="126.691701"><time>2026-10-03T04:44:59.000Z</time><ele>28.72</ele></trkpt><trkpt lat="36.808865" lon="126.69184"><time>2026-10-03T04:45:00.000Z</time><ele>28.89</ele></trkpt><trkpt lat="36.808881" lon="126.691977"><time>2026-10-03T04:45:01.000Z</time><ele>29.03</ele></trkpt><trkpt lat="36.8089" lon="126.692119"><time>2026-10-03T04:45:02.000Z</time><ele>29.03</ele></trkpt><trkpt lat="36.808908" lon="126.692251"><time>2026-10-03T04:45:03.000Z</time><ele>29.06</ele></trkpt><trkpt lat="36.808919" lon="126.692382"><time>2026-10-03T04:45:04.000Z</time><ele>29.02</ele></trkpt><trkpt lat="36.808928" lon="126.692504"><time>2026-10-03T04:45:05.000Z</time><ele>29.01</ele></trkpt><trkpt lat="36.808938" lon="126.692617"><time>2026-10-03T04:45:06.000Z</time><ele>28.97</ele></trkpt><trkpt lat="36.808946" lon="126.692726"><time>2026-10-03T04:45:07.000Z</time><ele>29.09</ele></trkpt><trkpt lat="36.808953" lon="126.69283"><time>2026-10-03T04:45:08.000Z</time><ele>29.31</ele></trkpt><trkpt lat="36.808964" lon="126.692942"><time>2026-10-03T04:45:09.000Z</time><ele>29.32</ele></trkpt><trkpt lat="36.808975" lon="126.693062"><time>2026-10-03T04:45:10.000Z</time><ele>29.55</ele></trkpt><trkpt lat="36.808987" lon="126.693185"><time>2026-10-03T04:45:11.000Z</time><ele>29.73</ele></trkpt><trkpt lat="36.808999" lon="126.69331"><time>2026-10-03T04:45:12.000Z</time><ele>29.71</ele></trkpt><trkpt lat="36.809011" lon="126.693441"><time>2026-10-03T04:45:13.000Z</time><ele>29.89</ele></trkpt><trkpt lat="36.809027" lon="126.693578"><time>2026-10-03T04:45:14.000Z</time><ele>30.29</ele></trkpt><trkpt lat="36.80904" lon="126.693717"><time>2026-10-03T04:45:15.000Z</time><ele>30.4</ele></trkpt><trkpt lat="36.809056" lon="126.693853"><time>2026-10-03T04:45:16.000Z</time><ele>30.07</ele></trkpt><trkpt lat="36.80907" lon="126.693997"><time>2026-10-03T04:45:17.000Z</time><ele>29.91</ele></trkpt><trkpt lat="36.809083" lon="126.694147"><time>2026-10-03T04:45:18.000Z</time><ele>30.26</ele></trkpt><trkpt lat="36.809093" lon="126.694301"><time>2026-10-03T04:45:19.000Z</time><ele>30.35</ele></trkpt><trkpt lat="36.809108" lon="126.694457"><time>2026-10-03T04:45:20.000Z</time><ele>30.11</ele></trkpt><trkpt lat="36.809122" lon="126.694617"><time>2026-10-03T04:45:21.000Z</time><ele>30.07</ele></trkpt><trkpt lat="36.809139" lon="126.69478"><time>2026-10-03T04:45:22.000Z</time><ele>29.96</ele></trkpt><trkpt lat="36.809156" lon="126.694944"><time>2026-10-03T04:45:23.000Z</time><ele>30</ele></trkpt><trkpt lat="36.809172" lon="126.695109"><time>2026-10-03T04:45:24.000Z</time><ele>29.93</ele></trkpt><trkpt lat="36.809185" lon="126.695275"><time>2026-10-03T04:45:25.000Z</time><ele>29.7</ele></trkpt><trkpt lat="36.8092" lon="126.695441"><time>2026-10-03T04:45:26.000Z</time><ele>29.78</ele></trkpt><trkpt lat="36.809216" lon="126.695608"><time>2026-10-03T04:45:27.000Z</time><ele>29.94</ele></trkpt><trkpt lat="36.809232" lon="126.695774"><time>2026-10-03T04:45:28.000Z</time><ele>29.94</ele></trkpt><trkpt lat="36.809246" lon="126.69594"><time>2026-10-03T04:45:29.000Z</time><ele>29.97</ele></trkpt><trkpt lat="36.809259" lon="126.696105"><time>2026-10-03T04:45:30.000Z</time><ele>30.26</ele></trkpt><trkpt lat="36.809274" lon="126.696268"><time>2026-10-03T04:45:31.000Z</time><ele>30.24</ele></trkpt><trkpt lat="36.809289" lon="126.69643"><time>2026-10-03T04:45:32.000Z</time><ele>30.42</ele></trkpt><trkpt lat="36.809305" lon="126.696592"><time>2026-10-03T04:45:33.000Z</time><ele>30.31</ele></trkpt><trkpt lat="36.809319" lon="126.696753"><time>2026-10-03T04:45:34.000Z</time><ele>30.37</ele></trkpt><trkpt lat="36.809336" lon="126.69691"><time>2026-10-03T04:45:35.000Z</time><ele>29.95</ele></trkpt><trkpt lat="36.809352" lon="126.697067"><time>2026-10-03T04:45:36.000Z</time><ele>29.99</ele></trkpt><trkpt lat="36.809366" lon="126.697224"><time>2026-10-03T04:45:37.000Z</time><ele>29.95</ele></trkpt><trkpt lat="36.809376" lon="126.697382"><time>2026-10-03T04:45:38.000Z</time><ele>30.06</ele></trkpt><trkpt lat="36.809387" lon="126.697539"><time>2026-10-03T04:45:39.001Z</time><ele>29.9</ele></trkpt><trkpt lat="36.809402" lon="126.697695"><time>2026-10-03T04:45:40.001Z</time><ele>30.11</ele></trkpt><trkpt lat="36.809418" lon="126.697852"><time>2026-10-03T04:45:41.001Z</time><ele>29.94</ele></trkpt><trkpt lat="36.809433" lon="126.698011"><time>2026-10-03T04:45:42.001Z</time><ele>29.72</ele></trkpt><trkpt lat="36.809443" lon="126.698176"><time>2026-10-03T04:45:43.001Z</time><ele>30.01</ele></trkpt><trkpt lat="36.80945" lon="126.698342"><time>2026-10-03T04:45:44.001Z</time><ele>29.81</ele></trkpt><trkpt lat="36.809445" lon="126.69851"><time>2026-10-03T04:45:45.001Z</time><ele>30.14</ele></trkpt><trkpt lat="36.809417" lon="126.698666"><time>2026-10-03T04:45:46.001Z</time><ele>30.17</ele></trkpt><trkpt lat="36.80936" lon="126.69882"><time>2026-10-03T04:45:47.001Z</time><ele>30.54</ele></trkpt><trkpt lat="36.809275" lon="126.698974"><time>2026-10-03T04:45:48.001Z</time><ele>30.8</ele></trkpt><trkpt lat="36.809165" lon="126.699126"><time>2026-10-03T04:45:49.001Z</time><ele>31.21</ele></trkpt><trkpt lat="36.80905" lon="126.699297"><time>2026-10-03T04:45:50.001Z</time><ele>31.43</ele></trkpt><trkpt lat="36.808789" lon="126.699671"><time>2026-10-03T04:45:52.001Z</time><ele>32.22</ele></trkpt><trkpt lat="36.808668" lon="126.699858"><time>2026-10-03T04:45:53.001Z</time><ele>32.51</ele></trkpt><trkpt lat="36.808558" lon="126.700026"><time>2026-10-03T04:45:54.001Z</time><ele>32.82</ele></trkpt><trkpt lat="36.808448" lon="126.700201"><time>2026-10-03T04:45:55.001Z</time><ele>32.9</ele></trkpt><trkpt lat="36.808346" lon="126.700384"><time>2026-10-03T04:45:56.001Z</time><ele>32.99</ele></trkpt><trkpt lat="36.808256" lon="126.700569"><time>2026-10-03T04:45:57.001Z</time><ele>33.11</ele></trkpt><trkpt lat="36.808168" lon="126.700758"><time>2026-10-03T04:45:58.001Z</time><ele>33.07</ele></trkpt><trkpt lat="36.808074" lon="126.700942"><time>2026-10-03T04:45:59.001Z</time><ele>33.24</ele></trkpt><trkpt lat="36.807975" lon="126.701127"><time>2026-10-03T04:46:00.001Z</time><ele>33.32</ele></trkpt><trkpt lat="36.807883" lon="126.701321"><time>2026-10-03T04:46:01.001Z</time><ele>33.45</ele></trkpt><trkpt lat="36.807792" lon="126.701529"><time>2026-10-03T04:46:02.001Z</time><ele>33.56</ele></trkpt><trkpt lat="36.807713" lon="126.701748"><time>2026-10-03T04:46:03.001Z</time><ele>33.69</ele></trkpt><trkpt lat="36.807665" lon="126.701973"><time>2026-10-03T04:46:04.001Z</time><ele>33.72</ele></trkpt><trkpt lat="36.807643" lon="126.702207"><time>2026-10-03T04:46:05.001Z</time><ele>33.88</ele></trkpt><trkpt lat="36.807625" lon="126.702453"><time>2026-10-03T04:46:06.001Z</time><ele>33.96</ele></trkpt><trkpt lat="36.807619" lon="126.702705"><time>2026-10-03T04:46:07.001Z</time><ele>34.25</ele></trkpt><trkpt lat="36.807625" lon="126.702949"><time>2026-10-03T04:46:08.001Z</time><ele>34.29</ele></trkpt><trkpt lat="36.807605" lon="126.703184"><time>2026-10-03T04:46:09.001Z</time><ele>34.62</ele></trkpt><trkpt lat="36.807562" lon="126.70342"><time>2026-10-03T04:46:10.001Z</time><ele>34.9</ele></trkpt><trkpt lat="36.807501" lon="126.703644"><time>2026-10-03T04:46:11.001Z</time><ele>35.24</ele></trkpt><trkpt lat="36.807435" lon="126.703864"><time>2026-10-03T04:46:12.001Z</time><ele>35.62</ele></trkpt><trkpt lat="36.807374" lon="126.704077"><time>2026-10-03T04:46:13.001Z</time><ele>35.9</ele></trkpt><trkpt lat="36.807317" lon="126.704275"><time>2026-10-03T04:46:14.001Z</time><ele>36.19</ele></trkpt><trkpt lat="36.807259" lon="126.704474"><time>2026-10-03T04:46:15.001Z</time><ele>36.38</ele></trkpt><trkpt lat="36.807202" lon="126.704664"><time>2026-10-03T04:46:16.001Z</time><ele>36.81</ele></trkpt><trkpt lat="36.807149" lon="126.704842"><time>2026-10-03T04:46:17.001Z</time><ele>37.03</ele></trkpt><trkpt lat="36.807098" lon="126.705029"><time>2026-10-03T04:46:18.001Z</time><ele>37.49</ele></trkpt><trkpt lat="36.807046" lon="126.705223"><time>2026-10-03T04:46:19.001Z</time><ele>37.57</ele></trkpt><trkpt lat="36.80699" lon="126.705422"><time>2026-10-03T04:46:20.001Z</time><ele>38.1</ele></trkpt><trkpt lat="36.806933" lon="126.705626"><time>2026-10-03T04:46:21.001Z</time><ele>38.37</ele></trkpt><trkpt lat="36.806872" lon="126.705836"><time>2026-10-03T04:46:22.001Z</time><ele>38.78</ele></trkpt><trkpt lat="36.806811" lon="126.706051"><time>2026-10-03T04:46:23.001Z</time><ele>39.11</ele></trkpt><trkpt lat="36.806752" lon="126.706265"><time>2026-10-03T04:46:24.001Z</time><ele>39.58</ele></trkpt><trkpt lat="36.8067" lon="126.70647"><time>2026-10-03T04:46:25.001Z</time><ele>39.91</ele></trkpt><trkpt lat="36.806662" lon="126.70666"><time>2026-10-03T04:46:26.001Z</time><ele>39.92</ele></trkpt><trkpt lat="36.80665" lon="126.706846"><time>2026-10-03T04:46:27.001Z</time><ele>40.25</ele></trkpt><trkpt lat="36.806654" lon="126.707029"><time>2026-10-03T04:46:28.001Z</time><ele>40.35</ele></trkpt><trkpt lat="36.806657" lon="126.707197"><time>2026-10-03T04:46:29.001Z</time><ele>40.45</ele></trkpt><trkpt lat="36.806655" lon="126.707355"><time>2026-10-03T04:46:30.001Z</time><ele>40.58</ele></trkpt><trkpt lat="36.806659" lon="126.707506"><time>2026-10-03T04:46:31.001Z</time><ele>40.67</ele></trkpt><trkpt lat="36.806659" lon="126.70766"><time>2026-10-03T04:46:32.001Z</time><ele>40.93</ele></trkpt><trkpt lat="36.806659" lon="126.707823"><time>2026-10-03T04:46:33.001Z</time><ele>41.37</ele></trkpt><trkpt lat="36.806657" lon="126.707987"><time>2026-10-03T04:46:34.001Z</time><ele>41.33</ele></trkpt><trkpt lat="36.806652" lon="126.708156"><time>2026-10-03T04:46:35.001Z</time><ele>41.5</ele></trkpt><trkpt lat="36.806637" lon="126.708338"><time>2026-10-03T04:46:36.001Z</time><ele>41.6</ele></trkpt><trkpt lat="36.806616" lon="126.708533"><time>2026-10-03T04:46:37.001Z</time><ele>42.01</ele></trkpt><trkpt lat="36.806585" lon="126.708737"><time>2026-10-03T04:46:38.001Z</time><ele>42.63</ele></trkpt><trkpt lat="36.806547" lon="126.708951"><time>2026-10-03T04:46:39.001Z</time><ele>42.93</ele></trkpt><trkpt lat="36.806514" lon="126.709177"><time>2026-10-03T04:46:40.001Z</time><ele>43.43</ele></trkpt><trkpt lat="36.806489" lon="126.709417"><time>2026-10-03T04:46:41.001Z</time><ele>44.15</ele></trkpt><trkpt lat="36.80647" lon="126.709663"><time>2026-10-03T04:46:42.001Z</time><ele>45.17</ele></trkpt><trkpt lat="36.806475" lon="126.709905"><time>2026-10-03T04:46:43.001Z</time><ele>45.77</ele></trkpt><trkpt lat="36.8065" lon="126.710158"><time>2026-10-03T04:46:44.001Z</time><ele>46.31</ele></trkpt><trkpt lat="36.806542" lon="126.710417"><time>2026-10-03T04:46:45.001Z</time><ele>47.07</ele></trkpt><trkpt lat="36.806611" lon="126.710669"><time>2026-10-03T04:46:46.001Z</time><ele>47.73</ele></trkpt><trkpt lat="36.806674" lon="126.710932"><time>2026-10-03T04:46:47.001Z</time><ele>48.23</ele></trkpt><trkpt lat="36.806717" lon="126.711208"><time>2026-10-03T04:46:48.001Z</time><ele>49.28</ele></trkpt><trkpt lat="36.806755" lon="126.711495"><time>2026-10-03T04:46:49.000Z</time><ele>49.97</ele></trkpt><trkpt lat="36.806767" lon="126.711788"><time>2026-10-03T04:46:50.000Z</time><ele>50.94</ele></trkpt><trkpt lat="36.806769" lon="126.712091"><time>2026-10-03T04:46:51.000Z</time><ele>51.71</ele></trkpt><trkpt lat="36.806762" lon="126.712401"><time>2026-10-03T04:46:52.000Z</time><ele>52.51</ele></trkpt><trkpt lat="36.806738" lon="126.712709"><time>2026-10-03T04:46:53.000Z</time><ele>53.21</ele></trkpt><trkpt lat="36.806695" lon="126.713004"><time>2026-10-03T04:46:54.000Z</time><ele>54.41</ele></trkpt><trkpt lat="36.806646" lon="126.713293"><time>2026-10-03T04:46:55.000Z</time><ele>55.36</ele></trkpt><trkpt lat="36.806587" lon="126.713579"><time>2026-10-03T04:46:56.000Z</time><ele>56.51</ele></trkpt><trkpt lat="36.80652" lon="126.713855"><time>2026-10-03T04:46:57.000Z</time><ele>57.38</ele></trkpt><trkpt lat="36.806459" lon="126.714127"><time>2026-10-03T04:46:58.000Z</time><ele>57.13</ele></trkpt><trkpt lat="36.806403" lon="126.714397"><time>2026-10-03T04:46:59.000Z</time><ele>56.93</ele></trkpt><trkpt lat="36.806345" lon="126.714658"><time>2026-10-03T04:47:00.000Z</time><ele>56.45</ele></trkpt><trkpt lat="36.806291" lon="126.714919"><time>2026-10-03T04:47:01.000Z</time><ele>55.49</ele></trkpt><trkpt lat="36.806245" lon="126.715193"><time>2026-10-03T04:47:02.000Z</time><ele>54.69</ele></trkpt><trkpt lat="36.806194" lon="126.715474"><time>2026-10-03T04:47:03.000Z</time><ele>53.8</ele></trkpt><trkpt lat="36.806153" lon="126.71575"><time>2026-10-03T04:47:04.000Z</time><ele>52.8</ele></trkpt><trkpt lat="36.806112" lon="126.716009"><time>2026-10-03T04:47:05.000Z</time><ele>51.97</ele></trkpt><trkpt lat="36.806069" lon="126.716256"><time>2026-10-03T04:47:06.000Z</time><ele>51.6</ele></trkpt><trkpt lat="36.806027" lon="126.716489"><time>2026-10-03T04:47:07.000Z</time><ele>50.82</ele></trkpt><trkpt lat="36.805987" lon="126.71672"><time>2026-10-03T04:47:08.000Z</time><ele>49.77</ele></trkpt><trkpt lat="36.805944" lon="126.716953"><time>2026-10-03T04:47:09.000Z</time><ele>49.13</ele></trkpt><trkpt lat="36.805899" lon="126.717195"><time>2026-10-03T04:47:10.000Z</time><ele>48.44</ele></trkpt><trkpt lat="36.805853" lon="126.717434"><time>2026-10-03T04:47:11.000Z</time><ele>47.87</ele></trkpt><trkpt lat="36.805806" lon="126.717675"><time>2026-10-03T04:47:12.000Z</time><ele>47.03</ele></trkpt><trkpt lat="36.805761" lon="126.717922"><time>2026-10-03T04:47:13.000Z</time><ele>46.29</ele></trkpt><trkpt lat="36.805721" lon="126.718165"><time>2026-10-03T04:47:14.000Z</time><ele>45.64</ele></trkpt><trkpt lat="36.805693" lon="126.718405"><time>2026-10-03T04:47:15.000Z</time><ele>44.9</ele></trkpt><trkpt lat="36.805684" lon="126.718643"><time>2026-10-03T04:47:16.000Z</time><ele>44.11</ele></trkpt><trkpt lat="36.805703" lon="126.71889"><time>2026-10-03T04:47:17.000Z</time><ele>43.52</ele></trkpt><trkpt lat="36.805748" lon="126.719142"><time>2026-10-03T04:47:18.000Z</time><ele>42.82</ele></trkpt><trkpt lat="36.805815" lon="126.719404"><time>2026-10-03T04:47:19.000Z</time><ele>42.45</ele></trkpt><trkpt lat="36.805898" lon="126.719675"><time>2026-10-03T04:47:20.000Z</time><ele>42.33</ele></trkpt><trkpt lat="36.805988" lon="126.719953"><time>2026-10-03T04:47:21.000Z</time><ele>42.21</ele></trkpt><trkpt lat="36.806068" lon="126.720239"><time>2026-10-03T04:47:22.000Z</time><ele>41.92</ele></trkpt><trkpt lat="36.806154" lon="126.720517"><time>2026-10-03T04:47:23.000Z</time><ele>41.54</ele></trkpt><trkpt lat="36.806239" lon="126.720795"><time>2026-10-03T04:47:24.000Z</time><ele>41.06</ele></trkpt><trkpt lat="36.806318" lon="126.721058"><time>2026-10-03T04:47:25.000Z</time><ele>40.78</ele></trkpt><trkpt lat="36.806396" lon="126.721311"><time>2026-10-03T04:47:26.000Z</time><ele>40.1</ele></trkpt><trkpt lat="36.806469" lon="126.721557"><time>2026-10-03T04:47:27.000Z</time><ele>39.48</ele></trkpt><trkpt lat="36.806537" lon="126.721791"><time>2026-10-03T04:47:28.000Z</time><ele>39.18</ele></trkpt><trkpt lat="36.806604" lon="126.722022"><time>2026-10-03T04:47:29.000Z</time><ele>39.11</ele></trkpt><trkpt lat="36.806664" lon="126.72224"><time>2026-10-03T04:47:30.000Z</time><ele>38.73</ele></trkpt><trkpt lat="36.806713" lon="126.722469"><time>2026-10-03T04:47:31.000Z</time><ele>38.48</ele></trkpt><trkpt lat="36.80673" lon="126.722716"><time>2026-10-03T04:47:32.000Z</time><ele>38.42</ele></trkpt><trkpt lat="36.806743" lon="126.722973"><time>2026-10-03T04:47:33.000Z</time><ele>38.25</ele></trkpt><trkpt lat="36.806762" lon="126.723237"><time>2026-10-03T04:47:34.000Z</time><ele>37.88</ele></trkpt><trkpt lat="36.806773" lon="126.723503"><time>2026-10-03T04:47:35.000Z</time><ele>37.57</ele></trkpt><trkpt lat="36.806787" lon="126.723767"><time>2026-10-03T04:47:36.000Z</time><ele>37.17</ele></trkpt><trkpt lat="36.806805" lon="126.724027"><time>2026-10-03T04:47:37.000Z</time><ele>37.06</ele></trkpt><trkpt lat="36.806821" lon="126.724275"><time>2026-10-03T04:47:38.000Z</time><ele>36.64</ele></trkpt><trkpt lat="36.806841" lon="126.724513"><time>2026-10-03T04:47:39.000Z</time><ele>36.27</ele></trkpt><trkpt lat="36.806874" lon="126.72474"><time>2026-10-03T04:47:40.001Z</time><ele>35.71</ele></trkpt><trkpt lat="36.806922" lon="126.724972"><time>2026-10-03T04:47:41.001Z</time><ele>35.9</ele></trkpt><trkpt lat="36.806975" lon="126.725206"><time>2026-10-03T04:47:42.001Z</time><ele>35.4</ele></trkpt><trkpt lat="36.807026" lon="126.725443"><time>2026-10-03T04:47:43.001Z</time><ele>35.08</ele></trkpt><trkpt lat="36.807074" lon="126.725667"><time>2026-10-03T04:47:44.001Z</time><ele>34.76</ele></trkpt><trkpt lat="36.807124" lon="126.725891"><time>2026-10-03T04:47:45.001Z</time><ele>34.64</ele></trkpt><trkpt lat="36.807173" lon="126.726114"><time>2026-10-03T04:47:46.001Z</time><ele>34.75</ele></trkpt><trkpt lat="36.807222" lon="126.726337"><time>2026-10-03T04:47:47.001Z</time><ele>34.27</ele></trkpt><trkpt lat="36.807272" lon="126.726563"><time>2026-10-03T04:47:48.001Z</time><ele>33.97</ele></trkpt><trkpt lat="36.807322" lon="126.726788"><time>2026-10-03T04:47:49.001Z</time><ele>33.77</ele></trkpt><trkpt lat="36.807371" lon="126.72701"><time>2026-10-03T04:47:50.001Z</time><ele>33.27</ele></trkpt><trkpt lat="36.807418" lon="126.727233"><time>2026-10-03T04:47:51.001Z</time><ele>32.98</ele></trkpt><trkpt lat="36.807461" lon="126.727459"><time>2026-10-03T04:47:52.001Z</time><ele>32.36</ele></trkpt><trkpt lat="36.807494" lon="126.7277"><time>2026-10-03T04:47:53.001Z</time><ele>31.53</ele></trkpt><trkpt lat="36.807503" lon="126.727952"><time>2026-10-03T04:47:54.001Z</time><ele>31.16</ele></trkpt><trkpt lat="36.807502" lon="126.728211"><time>2026-10-03T04:47:55.001Z</time><ele>31.17</ele></trkpt><trkpt lat="36.807498" lon="126.728464"><time>2026-10-03T04:47:56.001Z</time><ele>30.85</ele></trkpt><trkpt lat="36.807495" lon="126.72871"><time>2026-10-03T04:47:57.001Z</time><ele>30.28</ele></trkpt><trkpt lat="36.807496" lon="126.728946"><time>2026-10-03T04:47:58.001Z</time><ele>29.55</ele></trkpt><trkpt lat="36.807501" lon="126.729175"><time>2026-10-03T04:47:59.001Z</time><ele>29.18</ele></trkpt><trkpt lat="36.807532" lon="126.729387"><time>2026-10-03T04:48:00.001Z</time><ele>29.2</ele></trkpt><trkpt lat="36.807592" lon="126.729578"><time>2026-10-03T04:48:01.001Z</time><ele>29.06</ele></trkpt><trkpt lat="36.807666" lon="126.729756"><time>2026-10-03T04:48:02.001Z</time><ele>29.03</ele></trkpt><trkpt lat="36.807739" lon="126.729932"><time>2026-10-03T04:48:03.001Z</time><ele>28.79</ele></trkpt><trkpt lat="36.807812" lon="126.730118"><time>2026-10-03T04:48:04.001Z</time><ele>28.68</ele></trkpt><trkpt lat="36.807875" lon="126.730316"><time>2026-10-03T04:48:05.001Z</time><ele>28.5</ele></trkpt><trkpt lat="36.807919" lon="126.730526"><time>2026-10-03T04:48:06.001Z</time><ele>28.2</ele></trkpt><trkpt lat="36.807925" lon="126.730765"><time>2026-10-03T04:48:07.001Z</time><ele>28.14</ele></trkpt><trkpt lat="36.807908" lon="126.731021"><time>2026-10-03T04:48:08.001Z</time><ele>27.88</ele></trkpt><trkpt lat="36.807869" lon="126.73129"><time>2026-10-03T04:48:09.001Z</time><ele>28.07</ele></trkpt><trkpt lat="36.807799" lon="126.731561"><time>2026-10-03T04:48:10.001Z</time><ele>28.67</ele></trkpt><trkpt lat="36.807722" lon="126.731833"><time>2026-10-03T04:48:11.001Z</time><ele>28.68</ele></trkpt><trkpt lat="36.807654" lon="126.732086"><time>2026-10-03T04:48:12.001Z</time><ele>28.32</ele></trkpt><trkpt lat="36.807592" lon="126.732323"><time>2026-10-03T04:48:13.001Z</time><ele>28.08</ele></trkpt><trkpt lat="36.807537" lon="126.732546"><time>2026-10-03T04:48:14.001Z</time><ele>27.53</ele></trkpt><trkpt lat="36.807484" lon="126.73276"><time>2026-10-03T04:48:15.001Z</time><ele>27.46</ele></trkpt><trkpt lat="36.807437" lon="126.732971"><time>2026-10-03T04:48:16.001Z</time><ele>27.11</ele></trkpt><trkpt lat="36.807397" lon="126.733198"><time>2026-10-03T04:48:17.001Z</time><ele>26.76</ele></trkpt><trkpt lat="36.80738" lon="126.73343"><time>2026-10-03T04:48:18.001Z</time><ele>26.17</ele></trkpt><trkpt lat="36.807372" lon="126.733661"><time>2026-10-03T04:48:19.001Z</time><ele>25.92</ele></trkpt><trkpt lat="36.807381" lon="126.7339"><time>2026-10-03T04:48:20.001Z</time><ele>25.48</ele></trkpt><trkpt lat="36.807407" lon="126.734136"><time>2026-10-03T04:48:21.001Z</time><ele>25.28</ele></trkpt><trkpt lat="36.807453" lon="126.734371"><time>2026-10-03T04:48:22.001Z</time><ele>24.96</ele></trkpt><trkpt lat="36.807499" lon="126.734609"><time>2026-10-03T04:48:23.001Z</time><ele>24.67</ele></trkpt><trkpt lat="36.807539" lon="126.734851"><time>2026-10-03T04:48:24.001Z</time><ele>24.43</ele></trkpt><trkpt lat="36.807578" lon="126.735094"><time>2026-10-03T04:48:25.001Z</time><ele>24.38</ele></trkpt><trkpt lat="36.807615" lon="126.735335"><time>2026-10-03T04:48:26.001Z</time><ele>24.25</ele></trkpt><trkpt lat="36.807657" lon="126.735574"><time>2026-10-03T04:48:27.001Z</time><ele>24.08</ele></trkpt><trkpt lat="36.807697" lon="126.735804"><time>2026-10-03T04:48:28.001Z</time><ele>23.99</ele></trkpt><trkpt lat="36.807733" lon="126.736018"><time>2026-10-03T04:48:29.001Z</time><ele>23.84</ele></trkpt><trkpt lat="36.807765" lon="126.736223"><time>2026-10-03T04:48:30.001Z</time><ele>23.89</ele></trkpt><trkpt lat="36.807797" lon="126.736416"><time>2026-10-03T04:48:31.001Z</time><ele>23.9</ele></trkpt><trkpt lat="36.807831" lon="126.736614"><time>2026-10-03T04:48:32.001Z</time><ele>23.89</ele></trkpt><trkpt lat="36.807869" lon="126.736819"><time>2026-10-03T04:48:33.001Z</time><ele>23.75</ele></trkpt><trkpt lat="36.807905" lon="126.737032"><time>2026-10-03T04:48:34.001Z</time><ele>23.95</ele></trkpt><trkpt lat="36.807942" lon="126.737248"><time>2026-10-03T04:48:35.001Z</time><ele>24.26</ele></trkpt><trkpt lat="36.807976" lon="126.737461"><time>2026-10-03T04:48:36.001Z</time><ele>24.52</ele></trkpt><trkpt lat="36.808013" lon="126.737672"><time>2026-10-03T04:48:37.001Z</time><ele>24.66</ele></trkpt><trkpt lat="36.80805" lon="126.737883"><time>2026-10-03T04:48:38.001Z</time><ele>24.72</ele></trkpt><trkpt lat="36.808084" lon="126.738091"><time>2026-10-03T04:48:39.001Z</time><ele>24.88</ele></trkpt><trkpt lat="36.808118" lon="126.738285"><time>2026-10-03T04:48:40.001Z</time><ele>24.62</ele></trkpt><trkpt lat="36.808154" lon="126.738483"><time>2026-10-03T04:48:41.001Z</time><ele>24.66</ele></trkpt><trkpt lat="36.808188" lon="126.738686"><time>2026-10-03T04:48:42.001Z</time><ele>24.54</ele></trkpt><trkpt lat="36.808221" lon="126.738884"><time>2026-10-03T04:48:43.001Z</time><ele>24.57</ele></trkpt><trkpt lat="36.808261" lon="126.739089"><time>2026-10-03T04:48:44.001Z</time><ele>24.58</ele></trkpt><trkpt lat="36.808309" lon="126.739295"><time>2026-10-03T04:48:45.001Z</time><ele>24.49</ele></trkpt><trkpt lat="36.808369" lon="126.739499"><time>2026-10-03T04:48:46.001Z</time><ele>24.45</ele></trkpt><trkpt lat="36.808433" lon="126.739705"><time>2026-10-03T04:48:47.001Z</time><ele>24.5</ele></trkpt><trkpt lat="36.808498" lon="126.739901"><time>2026-10-03T04:48:48.001Z</time><ele>24.28</ele></trkpt><trkpt lat="36.808577" lon="126.740109"><time>2026-10-03T04:48:49.001Z</time><ele>23.67</ele></trkpt><trkpt lat="36.808659" lon="126.740324"><time>2026-10-03T04:48:50.001Z</time><ele>23.24</ele></trkpt><trkpt lat="36.808738" lon="126.74055"><time>2026-10-03T04:48:51.001Z</time><ele>22.8</ele></trkpt><trkpt lat="36.808811" lon="126.740761"><time>2026-10-03T04:48:52.001Z</time><ele>22.53</ele></trkpt><trkpt lat="36.808881" lon="126.740963"><time>2026-10-03T04:48:53.001Z</time><ele>22.31</ele></trkpt><trkpt lat="36.808936" lon="126.74118"><time>2026-10-03T04:48:54.001Z</time><ele>21.64</ele></trkpt><trkpt lat="36.808963" lon="126.741407"><time>2026-10-03T04:48:55.000Z</time><ele>21.46</ele></trkpt><trkpt lat="36.808974" lon="126.741635"><time>2026-10-03T04:48:56.000Z</time><ele>20.85</ele></trkpt><trkpt lat="36.808978" lon="126.741849"><time>2026-10-03T04:48:57.000Z</time><ele>20.41</ele></trkpt><trkpt lat="36.808976" lon="126.742054"><time>2026-10-03T04:48:58.000Z</time><ele>20.04</ele></trkpt><trkpt lat="36.808973" lon="126.742245"><time>2026-10-03T04:48:59.000Z</time><ele>19.72</ele></trkpt><trkpt lat="36.80897" lon="126.74243"><time>2026-10-03T04:49:00.000Z</time><ele>19.72</ele></trkpt><trkpt lat="36.80897" lon="126.742607"><time>2026-10-03T04:49:01.000Z</time><ele>19.69</ele></trkpt><trkpt lat="36.808969" lon="126.742773"><time>2026-10-03T04:49:02.000Z</time><ele>19.74</ele></trkpt><trkpt lat="36.808968" lon="126.742929"><time>2026-10-03T04:49:03.000Z</time><ele>19.64</ele></trkpt><trkpt lat="36.808967" lon="126.743072"><time>2026-10-03T04:49:04.000Z</time><ele>19.38</ele></trkpt><trkpt lat="36.808969" lon="126.743203"><time>2026-10-03T04:49:05.000Z</time><ele>18.83</ele></trkpt><trkpt lat="36.808966" lon="126.74333"><time>2026-10-03T04:49:06.000Z</time><ele>19.29</ele></trkpt><trkpt lat="36.808969" lon="126.743452"><time>2026-10-03T04:49:07.000Z</time><ele>19.23</ele></trkpt><trkpt lat="36.808971" lon="126.74361"><time>2026-10-03T04:49:08.000Z</time><ele>19.21</ele></trkpt><trkpt lat="36.808968" lon="126.743798"><time>2026-10-03T04:49:09.000Z</time><ele>19.34</ele></trkpt><trkpt lat="36.808964" lon="126.744001"><time>2026-10-03T04:49:10.000Z</time><ele>19.71</ele></trkpt><trkpt lat="36.808959" lon="126.744228"><time>2026-10-03T04:49:11.000Z</time><ele>20.28</ele></trkpt><trkpt lat="36.808955" lon="126.74447"><time>2026-10-03T04:49:12.000Z</time><ele>21.14</ele></trkpt><trkpt lat="36.808951" lon="126.744729"><time>2026-10-03T04:49:13.000Z</time><ele>22.23</ele></trkpt><trkpt lat="36.808933" lon="126.744969"><time>2026-10-03T04:49:14.000Z</time><ele>22.94</ele></trkpt><trkpt lat="36.808916" lon="126.745186"><time>2026-10-03T04:49:15.000Z</time><ele>23.17</ele></trkpt><trkpt lat="36.808904" lon="126.745385"><time>2026-10-03T04:49:16.000Z</time><ele>23.4</ele></trkpt><trkpt lat="36.808895" lon="126.74556"><time>2026-10-03T04:49:17.000Z</time><ele>23.26</ele></trkpt><trkpt lat="36.808885" lon="126.745717"><time>2026-10-03T04:49:18.000Z</time><ele>23</ele></trkpt><trkpt lat="36.808875" lon="126.74586"><time>2026-10-03T04:49:19.000Z</time><ele>23.01</ele></trkpt><trkpt lat="36.808875" lon="126.745992"><time>2026-10-03T04:49:20.000Z</time><ele>22.6</ele></trkpt><trkpt lat="36.808882" lon="126.746121"><time>2026-10-03T04:49:21.000Z</time><ele>22.27</ele></trkpt><trkpt lat="36.808883" lon="126.746229"><time>2026-10-03T04:49:22.000Z</time><ele>21.91</ele></trkpt><trkpt lat="36.808878" lon="126.746329"><time>2026-10-03T04:49:23.000Z</time><ele>21.53</ele></trkpt><trkpt lat="36.808871" lon="126.74642"><time>2026-10-03T04:49:24.000Z</time><ele>21.22</ele></trkpt><trkpt lat="36.808863" lon="126.746502"><time>2026-10-03T04:49:25.000Z</time><ele>21.13</ele></trkpt><trkpt lat="36.808856" lon="126.746572"><time>2026-10-03T04:49:26.000Z</time><ele>21.14</ele></trkpt><trkpt lat="36.80885" lon="126.746635"><time>2026-10-03T04:49:27.000Z</time><ele>21.06</ele></trkpt><trkpt lat="36.808847" lon="126.74673"><time>2026-10-03T04:49:29.000Z</time><ele>20.84</ele></trkpt><trkpt lat="36.808844" lon="126.746794"><time>2026-10-03T04:49:31.000Z</time><ele>20.94</ele></trkpt><trkpt lat="36.808832" lon="126.746887"><time>2026-10-03T04:50:20.001Z</time><ele>23.55</ele></trkpt><trkpt lat="36.80883" lon="126.746957"><time>2026-10-03T04:50:21.001Z</time><ele>23.23</ele></trkpt><trkpt lat="36.808826" lon="126.747039"><time>2026-10-03T04:50:22.001Z</time><ele>22.91</ele></trkpt><trkpt lat="36.808819" lon="126.747145"><time>2026-10-03T04:50:23.001Z</time><ele>22.62</ele></trkpt><trkpt lat="36.808814" lon="126.747269"><time>2026-10-03T04:50:24.001Z</time><ele>22.59</ele></trkpt><trkpt lat="36.808805" lon="126.747413"><time>2026-10-03T04:50:25.001Z</time><ele>22.16</ele></trkpt><trkpt lat="36.808777" lon="126.748549"><time>2026-10-03T04:50:31.001Z</time><ele>20.56</ele></trkpt><trkpt lat="36.808808" lon="126.74875"><time>2026-10-03T04:50:32.001Z</time><ele>20.01</ele></trkpt><trkpt lat="36.808852" lon="126.748948"><time>2026-10-03T04:50:33.001Z</time><ele>19.98</ele></trkpt><trkpt lat="36.808909" lon="126.749132"><time>2026-10-03T04:50:34.001Z</time><ele>20.04</ele></trkpt><trkpt lat="36.808977" lon="126.749301"><time>2026-10-03T04:50:35.001Z</time><ele>20.22</ele></trkpt><trkpt lat="36.809053" lon="126.749465"><time>2026-10-03T04:50:36.001Z</time><ele>20.32</ele></trkpt><trkpt lat="36.809137" lon="126.749621"><time>2026-10-03T04:50:37.001Z</time><ele>20.41</ele></trkpt><trkpt lat="36.809226" lon="126.749777"><time>2026-10-03T04:50:38.001Z</time><ele>20.16</ele></trkpt><trkpt lat="36.809315" lon="126.749935"><time>2026-10-03T04:50:39.001Z</time><ele>19.97</ele></trkpt><trkpt lat="36.809402" lon="126.750093"><time>2026-10-03T04:50:40.001Z</time><ele>19.66</ele></trkpt><trkpt lat="36.809492" lon="126.750254"><time>2026-10-03T04:50:41.001Z</time><ele>19.14</ele></trkpt><trkpt lat="36.809584" lon="126.750415"><time>2026-10-03T04:50:42.001Z</time><ele>19.09</ele></trkpt><trkpt lat="36.809679" lon="126.750585"><time>2026-10-03T04:50:43.001Z</time><ele>18.95</ele></trkpt><trkpt lat="36.809772" lon="126.750751"><time>2026-10-03T04:50:44.001Z</time><ele>18.27</ele></trkpt><trkpt lat="36.809862" lon="126.750912"><time>2026-10-03T04:50:45.001Z</time><ele>17.88</ele></trkpt><trkpt lat="36.809953" lon="126.751076"><time>2026-10-03T04:50:46.001Z</time><ele>17.08</ele></trkpt><trkpt lat="36.810038" lon="126.751235"><time>2026-10-03T04:50:47.001Z</time><ele>16.48</ele></trkpt><trkpt lat="36.810119" lon="126.751384"><time>2026-10-03T04:50:48.001Z</time><ele>16.07</ele></trkpt><trkpt lat="36.810187" lon="126.751519"><time>2026-10-03T04:50:49.001Z</time><ele>15.9</ele></trkpt><trkpt lat="36.810259" lon="126.751658"><time>2026-10-03T04:50:50.001Z</time><ele>15.83</ele></trkpt><trkpt lat="36.810332" lon="126.751808"><time>2026-10-03T04:50:51.001Z</time><ele>16.07</ele></trkpt><trkpt lat="36.810394" lon="126.751943"><time>2026-10-03T04:50:52.001Z</time><ele>16.47</ele></trkpt><trkpt lat="36.81045" lon="126.752046"><time>2026-10-03T04:50:53.001Z</time><ele>16.41</ele></trkpt><trkpt lat="36.810517" lon="126.752109"><time>2026-10-03T04:50:54.001Z</time><ele>16.32</ele></trkpt><trkpt lat="36.810547" lon="126.752177"><time>2026-10-03T04:50:55.001Z</time><ele>16.29</ele></trkpt><trkpt lat="36.810659" lon="126.752151"><time>2026-10-03T04:50:56.001Z</time><ele>16.72</ele></trkpt><trkpt lat="36.810745" lon="126.75212"><time>2026-10-03T04:50:57.001Z</time><ele>16.75</ele></trkpt><trkpt lat="36.810845" lon="126.752064"><time>2026-10-03T04:50:58.001Z</time><ele>17.29</ele></trkpt><trkpt lat="36.810953" lon="126.751993"><time>2026-10-03T04:50:59.001Z</time><ele>18.33</ele></trkpt><trkpt lat="36.81107" lon="126.751917"><time>2026-10-03T04:51:00.001Z</time><ele>19.51</ele></trkpt><trkpt lat="36.811193" lon="126.751841"><time>2026-10-03T04:51:01.000Z</time><ele>20.54</ele></trkpt><trkpt lat="36.811318" lon="126.751766"><time>2026-10-03T04:51:02.000Z</time><ele>21.4</ele></trkpt><trkpt lat="36.811439" lon="126.751691"><time>2026-10-03T04:51:03.000Z</time><ele>22.35</ele></trkpt><trkpt lat="36.811562" lon="126.751612"><time>2026-10-03T04:51:04.000Z</time><ele>23.09</ele></trkpt><trkpt lat="36.811686" lon="126.751528"><time>2026-10-03T04:51:05.000Z</time><ele>24.14</ele></trkpt><trkpt lat="36.811817" lon="126.75144"><time>2026-10-03T04:51:06.000Z</time><ele>25.08</ele></trkpt><trkpt lat="36.811961" lon="126.751353"><time>2026-10-03T04:51:07.000Z</time><ele>25.94</ele></trkpt><trkpt lat="36.812114" lon="126.751266"><time>2026-10-03T04:51:08.000Z</time><ele>25.92</ele></trkpt><trkpt lat="36.812273" lon="126.751183"><time>2026-10-03T04:51:09.000Z</time><ele>25.94</ele></trkpt><trkpt lat="36.812445" lon="126.751102"><time>2026-10-03T04:51:10.000Z</time><ele>25.81</ele></trkpt><trkpt lat="36.812616" lon="126.751003"><time>2026-10-03T04:51:11.000Z</time><ele>26.27</ele></trkpt><trkpt lat="36.812818" lon="126.750963"><time>2026-10-03T04:51:12.000Z</time><ele>26.44</ele></trkpt><trkpt lat="36.813014" lon="126.750897"><time>2026-10-03T04:51:13.000Z</time><ele>26.84</ele></trkpt><trkpt lat="36.813219" lon="126.750829"><time>2026-10-03T04:51:14.000Z</time><ele>27</ele></trkpt><trkpt lat="36.813428" lon="126.750768"><time>2026-10-03T04:51:15.000Z</time><ele>27.29</ele></trkpt><trkpt lat="36.813637" lon="126.750711"><time>2026-10-03T04:51:16.000Z</time><ele>27.45</ele></trkpt><trkpt lat="36.813853" lon="126.750659"><time>2026-10-03T04:51:17.000Z</time><ele>27.39</ele></trkpt><trkpt lat="36.814073" lon="126.750613"><time>2026-10-03T04:51:18.000Z</time><ele>27.51</ele></trkpt><trkpt lat="36.814298" lon="126.750577"><time>2026-10-03T04:51:19.000Z</time><ele>27.71</ele></trkpt><trkpt lat="36.814533" lon="126.750545"><time>2026-10-03T04:51:20.000Z</time><ele>27.86</ele></trkpt><trkpt lat="36.814776" lon="126.75051"><time>2026-10-03T04:51:21.000Z</time><ele>28.28</ele></trkpt><trkpt lat="36.815022" lon="126.750469"><time>2026-10-03T04:51:22.000Z</time><ele>28.75</ele></trkpt><trkpt lat="36.815272" lon="126.750431"><time>2026-10-03T04:51:23.000Z</time><ele>29.07</ele></trkpt><trkpt lat="36.815524" lon="126.750408"><time>2026-10-03T04:51:24.000Z</time><ele>29.31</ele></trkpt><trkpt lat="36.815777" lon="126.750397"><time>2026-10-03T04:51:25.000Z</time><ele>29.65</ele></trkpt><trkpt lat="36.816032" lon="126.750398"><time>2026-10-03T04:51:26.000Z</time><ele>29.92</ele></trkpt><trkpt lat="36.816294" lon="126.750406"><time>2026-10-03T04:51:27.000Z</time><ele>30.06</ele></trkpt><trkpt lat="36.816561" lon="126.750412"><time>2026-10-03T04:51:28.000Z</time><ele>30.39</ele></trkpt><trkpt lat="36.816834" lon="126.750428"><time>2026-10-03T04:51:29.000Z</time><ele>30.86</ele></trkpt><trkpt lat="36.817104" lon="126.750448"><time>2026-10-03T04:51:30.000Z</time><ele>31.37</ele></trkpt><trkpt lat="36.817377" lon="126.750468"><time>2026-10-03T04:51:31.000Z</time><ele>31.58</ele></trkpt><trkpt lat="36.817651" lon="126.750489"><time>2026-10-03T04:51:32.000Z</time><ele>31.75</ele></trkpt><trkpt lat="36.817923" lon="126.750509"><time>2026-10-03T04:51:33.000Z</time><ele>32</ele></trkpt><trkpt lat="36.81819" lon="126.750526"><time>2026-10-03T04:51:34.000Z</time><ele>32.17</ele></trkpt><trkpt lat="36.818465" lon="126.75055"><time>2026-10-03T04:51:35.000Z</time><ele>32.64</ele></trkpt><trkpt lat="36.818744" lon="126.750571"><time>2026-10-03T04:51:36.000Z</time><ele>33.19</ele></trkpt><trkpt lat="36.819022" lon="126.750592"><time>2026-10-03T04:51:37.000Z</time><ele>33.97</ele></trkpt><trkpt lat="36.8193" lon="126.750616"><time>2026-10-03T04:51:38.000Z</time><ele>34.84</ele></trkpt><trkpt lat="36.819579" lon="126.750639"><time>2026-10-03T04:51:39.000Z</time><ele>35.68</ele></trkpt><trkpt lat="36.819856" lon="126.75066"><time>2026-10-03T04:51:40.000Z</time><ele>36.29</ele></trkpt><trkpt lat="36.820131" lon="126.750682"><time>2026-10-03T04:51:41.000Z</time><ele>36.99</ele></trkpt><trkpt lat="36.820405" lon="126.750702"><time>2026-10-03T04:51:42.000Z</time><ele>37.66</ele></trkpt><trkpt lat="36.820679" lon="126.750722"><time>2026-10-03T04:51:43.000Z</time><ele>38.4</ele></trkpt><trkpt lat="36.820957" lon="126.750744"><time>2026-10-03T04:51:44.000Z</time><ele>39.07</ele></trkpt><trkpt lat="36.821236" lon="126.750765"><time>2026-10-03T04:51:45.000Z</time><ele>39.7</ele></trkpt><trkpt lat="36.821518" lon="126.750787"><time>2026-10-03T04:51:46.000Z</time><ele>40.44</ele></trkpt><trkpt lat="36.821801" lon="126.750807"><time>2026-10-03T04:51:47.000Z</time><ele>41.11</ele></trkpt><trkpt lat="36.822084" lon="126.750827"><time>2026-10-03T04:51:48.000Z</time><ele>41.69</ele></trkpt><trkpt lat="36.822368" lon="126.750851"><time>2026-10-03T04:51:49.000Z</time><ele>42.36</ele></trkpt><trkpt lat="36.822655" lon="126.750873"><time>2026-10-03T04:51:50.001Z</time><ele>43.07</ele></trkpt><trkpt lat="36.822947" lon="126.750894"><time>2026-10-03T04:51:51.001Z</time><ele>43.83</ele></trkpt><trkpt lat="36.823241" lon="126.750916"><time>2026-10-03T04:51:52.001Z</time><ele>44.57</ele></trkpt><trkpt lat="36.823536" lon="126.750942"><time>2026-10-03T04:51:53.001Z</time><ele>45.11</ele></trkpt><trkpt lat="36.823832" lon="126.750963"><time>2026-10-03T04:51:54.001Z</time><ele>45.53</ele></trkpt><trkpt lat="36.82413" lon="126.750982"><time>2026-10-03T04:51:55.001Z</time><ele>45.83</ele></trkpt><trkpt lat="36.82443" lon="126.751005"><time>2026-10-03T04:51:56.001Z</time><ele>46.14</ele></trkpt><trkpt lat="36.82473" lon="126.751029"><time>2026-10-03T04:51:57.001Z</time><ele>46.27</ele></trkpt><trkpt lat="36.825027" lon="126.751053"><time>2026-10-03T04:51:58.001Z</time><ele>46.33</ele></trkpt><trkpt lat="36.825329" lon="126.751076"><time>2026-10-03T04:51:59.001Z</time><ele>46.07</ele></trkpt><trkpt lat="36.825637" lon="126.751101"><time>2026-10-03T04:52:00.001Z</time><ele>45.85</ele></trkpt><trkpt lat="36.825951" lon="126.751128"><time>2026-10-03T04:52:01.001Z</time><ele>45.65</ele></trkpt><trkpt lat="36.826268" lon="126.751151"><time>2026-10-03T04:52:02.001Z</time><ele>45.25</ele></trkpt><trkpt lat="36.826584" lon="126.751175"><time>2026-10-03T04:52:03.001Z</time><ele>45.21</ele></trkpt><trkpt lat="36.826894" lon="126.751197"><time>2026-10-03T04:52:04.001Z</time><ele>44.71</ele></trkpt><trkpt lat="36.827205" lon="126.751227"><time>2026-10-03T04:52:05.001Z</time><ele>44.39</ele></trkpt><trkpt lat="36.827515" lon="126.751275"><time>2026-10-03T04:52:06.001Z</time><ele>44.22</ele></trkpt><trkpt lat="36.827822" lon="126.751328"><time>2026-10-03T04:52:07.001Z</time><ele>43.83</ele></trkpt><trkpt lat="36.828128" lon="126.751389"><time>2026-10-03T04:52:08.001Z</time><ele>43.18</ele></trkpt><trkpt lat="36.828431" lon="126.751459"><time>2026-10-03T04:52:09.001Z</time><ele>42.84</ele></trkpt><trkpt lat="36.828734" lon="126.751537"><time>2026-10-03T04:52:10.001Z</time><ele>42.36</ele></trkpt><trkpt lat="36.829036" lon="126.75162"><time>2026-10-03T04:52:11.001Z</time><ele>41.91</ele></trkpt><trkpt lat="36.829338" lon="126.751714"><time>2026-10-03T04:52:12.001Z</time><ele>41.38</ele></trkpt><trkpt lat="36.829637" lon="126.751817"><time>2026-10-03T04:52:13.001Z</time><ele>40.84</ele></trkpt><trkpt lat="36.829938" lon="126.751932"><time>2026-10-03T04:52:14.001Z</time><ele>39.97</ele></trkpt><trkpt lat="36.830238" lon="126.752055"><time>2026-10-03T04:52:15.001Z</time><ele>39.58</ele></trkpt><trkpt lat="36.830538" lon="126.752183"><time>2026-10-03T04:52:16.001Z</time><ele>39.29</ele></trkpt><trkpt lat="36.830836" lon="126.752329"><time>2026-10-03T04:52:17.001Z</time><ele>39.21</ele></trkpt><trkpt lat="36.831127" lon="126.752484"><time>2026-10-03T04:52:18.001Z</time><ele>38.79</ele></trkpt><trkpt lat="36.831421" lon="126.752641"><time>2026-10-03T04:52:19.001Z</time><ele>38.95</ele></trkpt><trkpt lat="36.831708" lon="126.752807"><time>2026-10-03T04:52:20.001Z</time><ele>38.75</ele></trkpt><trkpt lat="36.831992" lon="126.752984"><time>2026-10-03T04:52:21.001Z</time><ele>38.66</ele></trkpt><trkpt lat="36.832273" lon="126.75316"><time>2026-10-03T04:52:22.001Z</time><ele>38.21</ele></trkpt><trkpt lat="36.832554" lon="126.753334"><time>2026-10-03T04:52:23.001Z</time><ele>37.24</ele></trkpt><trkpt lat="36.832836" lon="126.753511"><time>2026-10-03T04:52:24.001Z</time><ele>36.52</ele></trkpt><trkpt lat="36.83312" lon="126.753689"><time>2026-10-03T04:52:25.001Z</time><ele>35.55</ele></trkpt><trkpt lat="36.833404" lon="126.753862"><time>2026-10-03T04:52:26.001Z</time><ele>34.43</ele></trkpt><trkpt lat="36.833689" lon="126.75404"><time>2026-10-03T04:52:27.001Z</time><ele>33.19</ele></trkpt><trkpt lat="36.83397" lon="126.75422"><time>2026-10-03T04:52:28.001Z</time><ele>31.99</ele></trkpt><trkpt lat="36.834251" lon="126.754403"><time>2026-10-03T04:52:29.001Z</time><ele>31.46</ele></trkpt><trkpt lat="36.834533" lon="126.754579"><time>2026-10-03T04:52:30.001Z</time><ele>30.24</ele></trkpt><trkpt lat="36.834814" lon="126.754754"><time>2026-10-03T04:52:31.001Z</time><ele>29.46</ele></trkpt><trkpt lat="36.835095" lon="126.754928"><time>2026-10-03T04:52:32.001Z</time><ele>28.19</ele></trkpt><trkpt lat="36.835375" lon="126.755098"><time>2026-10-03T04:52:33.001Z</time><ele>26.71</ele></trkpt><trkpt lat="36.835656" lon="126.755271"><time>2026-10-03T04:52:34.001Z</time><ele>25.6</ele></trkpt><trkpt lat="36.835936" lon="126.755442"><time>2026-10-03T04:52:35.001Z</time><ele>25.05</ele></trkpt><trkpt lat="36.836212" lon="126.755611"><time>2026-10-03T04:52:36.001Z</time><ele>25.19</ele></trkpt><trkpt lat="36.836494" lon="126.755772"><time>2026-10-03T04:52:37.001Z</time><ele>24.81</ele></trkpt><trkpt lat="36.836787" lon="126.755911"><time>2026-10-03T04:52:38.001Z</time><ele>24.04</ele></trkpt><trkpt lat="36.83708" lon="126.756018"><time>2026-10-03T04:52:39.001Z</time><ele>24.39</ele></trkpt><trkpt lat="36.837381" lon="126.756098"><time>2026-10-03T04:52:40.001Z</time><ele>24.33</ele></trkpt><trkpt lat="36.83769" lon="126.756151"><time>2026-10-03T04:52:41.001Z</time><ele>24.03</ele></trkpt><trkpt lat="36.838003" lon="126.756178"><time>2026-10-03T04:52:42.001Z</time><ele>24.3</ele></trkpt><trkpt lat="36.838311" lon="126.75618"><time>2026-10-03T04:52:43.001Z</time><ele>23.63</ele></trkpt><trkpt lat="36.83861" lon="126.756159"><time>2026-10-03T04:52:44.001Z</time><ele>23.31</ele></trkpt><trkpt lat="36.838893" lon="126.756119"><time>2026-10-03T04:52:45.001Z</time><ele>23.16</ele></trkpt><trkpt lat="36.839162" lon="126.75606"><time>2026-10-03T04:52:46.001Z</time><ele>23.03</ele></trkpt><trkpt lat="36.839428" lon="126.755987"><time>2026-10-03T04:52:47.001Z</time><ele>23.2</ele></trkpt><trkpt lat="36.839692" lon="126.755912"><time>2026-10-03T04:52:48.001Z</time><ele>23.25</ele></trkpt><trkpt lat="36.83996" lon="126.755836"><time>2026-10-03T04:52:49.001Z</time><ele>23.07</ele></trkpt><trkpt lat="36.840234" lon="126.755751"><time>2026-10-03T04:52:50.001Z</time><ele>22.88</ele></trkpt><trkpt lat="36.840514" lon="126.755674"><time>2026-10-03T04:52:51.001Z</time><ele>22.78</ele></trkpt><trkpt lat="36.840796" lon="126.755596"><time>2026-10-03T04:52:52.001Z</time><ele>22.75</ele></trkpt><trkpt lat="36.841084" lon="126.755512"><time>2026-10-03T04:52:53.001Z</time><ele>22.76</ele></trkpt><trkpt lat="36.841373" lon="126.755432"><time>2026-10-03T04:52:54.001Z</time><ele>22.76</ele></trkpt><trkpt lat="36.84166" lon="126.755355"><time>2026-10-03T04:52:55.001Z</time><ele>22.75</ele></trkpt><trkpt lat="36.841948" lon="126.755273"><time>2026-10-03T04:52:56.001Z</time><ele>22.66</ele></trkpt><trkpt lat="36.842245" lon="126.755199"><time>2026-10-03T04:52:57.001Z</time><ele>22.35</ele></trkpt><trkpt lat="36.842547" lon="126.755134"><time>2026-10-03T04:52:58.001Z</time><ele>22.2</ele></trkpt><trkpt lat="36.842849" lon="126.755084"><time>2026-10-03T04:52:59.001Z</time><ele>22.05</ele></trkpt><trkpt lat="36.843154" lon="126.755056"><time>2026-10-03T04:53:00.001Z</time><ele>22.23</ele></trkpt><trkpt lat="36.843459" lon="126.755039"><time>2026-10-03T04:53:01.001Z</time><ele>22.22</ele></trkpt><trkpt lat="36.843766" lon="126.755033"><time>2026-10-03T04:53:02.001Z</time><ele>21.92</ele></trkpt><trkpt lat="36.844075" lon="126.755036"><time>2026-10-03T04:53:03.001Z</time><ele>21.79</ele></trkpt><trkpt lat="36.844386" lon="126.755034"><time>2026-10-03T04:53:04.001Z</time><ele>21.45</ele></trkpt><trkpt lat="36.844695" lon="126.755032"><time>2026-10-03T04:53:05.001Z</time><ele>21.29</ele></trkpt><trkpt lat="36.845004" lon="126.755036"><time>2026-10-03T04:53:06.001Z</time><ele>21.01</ele></trkpt><trkpt lat="36.845311" lon="126.755033"><time>2026-10-03T04:53:07.000Z</time><ele>20.74</ele></trkpt><trkpt lat="36.845614" lon="126.755027"><time>2026-10-03T04:53:08.000Z</time><ele>20.55</ele></trkpt><trkpt lat="36.845916" lon="126.755022"><time>2026-10-03T04:53:09.000Z</time><ele>20.21</ele></trkpt><trkpt lat="36.846221" lon="126.755023"><time>2026-10-03T04:53:10.000Z</time><ele>20</ele></trkpt><trkpt lat="36.846529" lon="126.755024"><time>2026-10-03T04:53:11.000Z</time><ele>20.09</ele></trkpt><trkpt lat="36.846837" lon="126.755022"><time>2026-10-03T04:53:12.000Z</time><ele>20.18</ele></trkpt><trkpt lat="36.847146" lon="126.755012"><time>2026-10-03T04:53:13.000Z</time><ele>19.99</ele></trkpt><trkpt lat="36.847456" lon="126.754993"><time>2026-10-03T04:53:14.000Z</time><ele>19.83</ele></trkpt><trkpt lat="36.847767" lon="126.754958"><time>2026-10-03T04:53:15.000Z</time><ele>19.98</ele></trkpt><trkpt lat="36.848079" lon="126.754922"><time>2026-10-03T04:53:16.000Z</time><ele>20.15</ele></trkpt><trkpt lat="36.848391" lon="126.754879"><time>2026-10-03T04:53:17.000Z</time><ele>20.09</ele></trkpt><trkpt lat="36.848702" lon="126.75482"><time>2026-10-03T04:53:18.000Z</time><ele>20.27</ele></trkpt><trkpt lat="36.849009" lon="126.754758"><time>2026-10-03T04:53:19.000Z</time><ele>20.29</ele></trkpt><trkpt lat="36.849313" lon="126.754693"><time>2026-10-03T04:53:20.000Z</time><ele>20.12</ele></trkpt><trkpt lat="36.849615" lon="126.75462"><time>2026-10-03T04:53:21.000Z</time><ele>19.98</ele></trkpt><trkpt lat="36.849915" lon="126.754553"><time>2026-10-03T04:53:22.000Z</time><ele>20.24</ele></trkpt><trkpt lat="36.850214" lon="126.754487"><time>2026-10-03T04:53:23.000Z</time><ele>20.26</ele></trkpt><trkpt lat="36.850511" lon="126.754422"><time>2026-10-03T04:53:24.000Z</time><ele>20.18</ele></trkpt><trkpt lat="36.850809" lon="126.754359"><time>2026-10-03T04:53:25.000Z</time><ele>20.21</ele></trkpt><trkpt lat="36.851108" lon="126.754293"><time>2026-10-03T04:53:26.000Z</time><ele>20.01</ele></trkpt><trkpt lat="36.851409" lon="126.754228"><time>2026-10-03T04:53:27.000Z</time><ele>19.91</ele></trkpt><trkpt lat="36.851711" lon="126.754159"><time>2026-10-03T04:53:28.000Z</time><ele>19.79</ele></trkpt><trkpt lat="36.852009" lon="126.754092"><time>2026-10-03T04:53:29.000Z</time><ele>19.74</ele></trkpt><trkpt lat="36.852308" lon="126.754023"><time>2026-10-03T04:53:30.000Z</time><ele>19.56</ele></trkpt><trkpt lat="36.852609" lon="126.753959"><time>2026-10-03T04:53:31.000Z</time><ele>19.44</ele></trkpt><trkpt lat="36.85291" lon="126.753897"><time>2026-10-03T04:53:32.000Z</time><ele>19.65</ele></trkpt><trkpt lat="36.853211" lon="126.753829"><time>2026-10-03T04:53:33.000Z</time><ele>19.31</ele></trkpt><trkpt lat="36.853515" lon="126.753761"><time>2026-10-03T04:53:34.000Z</time><ele>19.23</ele></trkpt><trkpt lat="36.853823" lon="126.753694"><time>2026-10-03T04:53:35.000Z</time><ele>19.32</ele></trkpt><trkpt lat="36.854135" lon="126.753627"><time>2026-10-03T04:53:36.000Z</time><ele>19.23</ele></trkpt><trkpt lat="36.854451" lon="126.75356"><time>2026-10-03T04:53:37.000Z</time><ele>19.12</ele></trkpt><trkpt lat="36.85477" lon="126.753491"><time>2026-10-03T04:53:38.000Z</time><ele>19.04</ele></trkpt><trkpt lat="36.855095" lon="126.753419"><time>2026-10-03T04:53:39.000Z</time><ele>18.86</ele></trkpt><trkpt lat="36.855423" lon="126.753344"><time>2026-10-03T04:53:40.000Z</time><ele>18.57</ele></trkpt><trkpt lat="36.855755" lon="126.753267"><time>2026-10-03T04:53:41.000Z</time><ele>18.39</ele></trkpt><trkpt lat="36.856091" lon="126.753191"><time>2026-10-03T04:53:42.000Z</time><ele>18.23</ele></trkpt><trkpt lat="36.856424" lon="126.753117"><time>2026-10-03T04:53:43.000Z</time><ele>18.15</ele></trkpt><trkpt lat="36.856754" lon="126.753044"><time>2026-10-03T04:53:44.000Z</time><ele>18.1</ele></trkpt><trkpt lat="36.857086" lon="126.752968"><time>2026-10-03T04:53:45.000Z</time><ele>18.39</ele></trkpt><trkpt lat="36.85741" lon="126.752896"><time>2026-10-03T04:53:46.000Z</time><ele>18.71</ele></trkpt><trkpt lat="36.857728" lon="126.752828"><time>2026-10-03T04:53:47.000Z</time><ele>19.01</ele></trkpt><trkpt lat="36.858051" lon="126.752759"><time>2026-10-03T04:53:48.000Z</time><ele>19.67</ele></trkpt><trkpt lat="36.858373" lon="126.752686"><time>2026-10-03T04:53:49.000Z</time><ele>20.11</ele></trkpt><trkpt lat="36.858692" lon="126.752614"><time>2026-10-03T04:53:50.000Z</time><ele>20.58</ele></trkpt><trkpt lat="36.859011" lon="126.752544"><time>2026-10-03T04:53:51.000Z</time><ele>21.01</ele></trkpt><trkpt lat="36.859329" lon="126.752476"><time>2026-10-03T04:53:52.000Z</time><ele>21.51</ele></trkpt><trkpt lat="36.859645" lon="126.752411"><time>2026-10-03T04:53:53.000Z</time><ele>21.87</ele></trkpt><trkpt lat="36.859959" lon="126.752357"><time>2026-10-03T04:53:54.000Z</time><ele>22.03</ele></trkpt><trkpt lat="36.860276" lon="126.752326"><time>2026-10-03T04:53:55.000Z</time><ele>22.62</ele></trkpt><trkpt lat="36.860595" lon="126.752313"><time>2026-10-03T04:53:56.000Z</time><ele>23.05</ele></trkpt><trkpt lat="36.860916" lon="126.752316"><time>2026-10-03T04:53:57.000Z</time><ele>23.48</ele></trkpt><trkpt lat="36.861234" lon="126.752331"><time>2026-10-03T04:53:58.001Z</time><ele>23.89</ele></trkpt><trkpt lat="36.86155" lon="126.752348"><time>2026-10-03T04:53:59.001Z</time><ele>24.86</ele></trkpt><trkpt lat="36.861867" lon="126.752359"><time>2026-10-03T04:54:00.001Z</time><ele>25.45</ele></trkpt><trkpt lat="36.862187" lon="126.75237"><time>2026-10-03T04:54:01.001Z</time><ele>25.85</ele></trkpt><trkpt lat="36.862507" lon="126.752384"><time>2026-10-03T04:54:02.001Z</time><ele>26.2</ele></trkpt><trkpt lat="36.862825" lon="126.7524"><time>2026-10-03T04:54:03.001Z</time><ele>26.75</ele></trkpt><trkpt lat="36.863143" lon="126.752405"><time>2026-10-03T04:54:04.001Z</time><ele>26.9</ele></trkpt><trkpt lat="36.863464" lon="126.752414"><time>2026-10-03T04:54:05.001Z</time><ele>27.36</ele></trkpt><trkpt lat="36.863787" lon="126.752425"><time>2026-10-03T04:54:06.001Z</time><ele>27.68</ele></trkpt><trkpt lat="36.86411" lon="126.752436"><time>2026-10-03T04:54:07.001Z</time><ele>28.17</ele></trkpt><trkpt lat="36.864431" lon="126.752437"><time>2026-10-03T04:54:08.001Z</time><ele>28.45</ele></trkpt><trkpt lat="36.86475" lon="126.752432"><time>2026-10-03T04:54:09.001Z</time><ele>28.75</ele></trkpt><trkpt lat="36.865066" lon="126.752421"><time>2026-10-03T04:54:10.001Z</time><ele>28.74</ele></trkpt><trkpt lat="36.865384" lon="126.752409"><time>2026-10-03T04:54:11.001Z</time><ele>28.77</ele></trkpt><trkpt lat="36.865701" lon="126.752386"><time>2026-10-03T04:54:12.001Z</time><ele>28.55</ele></trkpt><trkpt lat="36.866015" lon="126.752358"><time>2026-10-03T04:54:13.001Z</time><ele>28.02</ele></trkpt><trkpt lat="36.866324" lon="126.752328"><time>2026-10-03T04:54:14.001Z</time><ele>27.87</ele></trkpt><trkpt lat="36.86663" lon="126.752295"><time>2026-10-03T04:54:15.001Z</time><ele>27.62</ele></trkpt><trkpt lat="36.866935" lon="126.752256"><time>2026-10-03T04:54:16.001Z</time><ele>27.29</ele></trkpt><trkpt lat="36.867244" lon="126.75221"><time>2026-10-03T04:54:17.001Z</time><ele>26.89</ele></trkpt><trkpt lat="36.867555" lon="126.752156"><time>2026-10-03T04:54:18.001Z</time><ele>26.11</ele></trkpt><trkpt lat="36.867871" lon="126.752101"><time>2026-10-03T04:54:19.001Z</time><ele>25.7</ele></trkpt><trkpt lat="36.868191" lon="126.752036"><time>2026-10-03T04:54:20.001Z</time><ele>25.44</ele></trkpt><trkpt lat="36.868514" lon="126.751966"><time>2026-10-03T04:54:21.001Z</time><ele>24.92</ele></trkpt><trkpt lat="36.868839" lon="126.751892"><time>2026-10-03T04:54:22.001Z</time><ele>24.27</ele></trkpt><trkpt lat="36.869167" lon="126.751813"><time>2026-10-03T04:54:23.001Z</time><ele>23.61</ele></trkpt><trkpt lat="36.869498" lon="126.751729"><time>2026-10-03T04:54:24.001Z</time><ele>23.01</ele></trkpt><trkpt lat="36.869831" lon="126.751648"><time>2026-10-03T04:54:25.001Z</time><ele>22.43</ele></trkpt><trkpt lat="36.870163" lon="126.751569"><time>2026-10-03T04:54:26.001Z</time><ele>21.69</ele></trkpt><trkpt lat="36.870494" lon="126.751489"><time>2026-10-03T04:54:27.001Z</time><ele>21.49</ele></trkpt><trkpt lat="36.87082" lon="126.751415"><time>2026-10-03T04:54:28.001Z</time><ele>21.47</ele></trkpt><trkpt lat="36.871143" lon="126.75134"><time>2026-10-03T04:54:29.001Z</time><ele>21.72</ele></trkpt><trkpt lat="36.871466" lon="126.751258"><time>2026-10-03T04:54:30.001Z</time><ele>22.02</ele></trkpt><trkpt lat="36.871786" lon="126.751178"><time>2026-10-03T04:54:31.001Z</time><ele>22.21</ele></trkpt><trkpt lat="36.872106" lon="126.751098"><time>2026-10-03T04:54:32.001Z</time><ele>22.43</ele></trkpt><trkpt lat="36.872426" lon="126.75102"><time>2026-10-03T04:54:33.001Z</time><ele>22.75</ele></trkpt><trkpt lat="36.872742" lon="126.750945"><time>2026-10-03T04:54:34.001Z</time><ele>22.97</ele></trkpt><trkpt lat="36.873056" lon="126.750871"><time>2026-10-03T04:54:35.001Z</time><ele>22.8</ele></trkpt><trkpt lat="36.873371" lon="126.750798"><time>2026-10-03T04:54:36.001Z</time><ele>22.41</ele></trkpt><trkpt lat="36.873686" lon="126.750726"><time>2026-10-03T04:54:37.001Z</time><ele>21.77</ele></trkpt><trkpt lat="36.874" lon="126.750649"><time>2026-10-03T04:54:38.001Z</time><ele>21.12</ele></trkpt><trkpt lat="36.874319" lon="126.750565"><time>2026-10-03T04:54:39.001Z</time><ele>20.25</ele></trkpt><trkpt lat="36.874642" lon="126.750478"><time>2026-10-03T04:54:40.001Z</time><ele>19.66</ele></trkpt><trkpt lat="36.874967" lon="126.75039"><time>2026-10-03T04:54:41.001Z</time><ele>19.25</ele></trkpt><trkpt lat="36.875295" lon="126.750298"><time>2026-10-03T04:54:42.001Z</time><ele>18.71</ele></trkpt><trkpt lat="36.875624" lon="126.750207"><time>2026-10-03T04:54:43.001Z</time><ele>18.28</ele></trkpt><trkpt lat="36.875955" lon="126.75012"><time>2026-10-03T04:54:44.001Z</time><ele>18</ele></trkpt><trkpt lat="36.876287" lon="126.750032"><time>2026-10-03T04:54:45.001Z</time><ele>18.23</ele></trkpt><trkpt lat="36.876617" lon="126.749942"><time>2026-10-03T04:54:46.001Z</time><ele>18.59</ele></trkpt><trkpt lat="36.876937" lon="126.749852"><time>2026-10-03T04:54:47.001Z</time><ele>19.03</ele></trkpt><trkpt lat="36.877245" lon="126.749762"><time>2026-10-03T04:54:48.001Z</time><ele>19.39</ele></trkpt><trkpt lat="36.877545" lon="126.749675"><time>2026-10-03T04:54:49.001Z</time><ele>19.75</ele></trkpt><trkpt lat="36.877838" lon="126.749589"><time>2026-10-03T04:54:50.001Z</time><ele>19.91</ele></trkpt><trkpt lat="36.878123" lon="126.749506"><time>2026-10-03T04:54:51.001Z</time><ele>20.31</ele></trkpt><trkpt lat="36.878405" lon="126.749425"><time>2026-10-03T04:54:52.001Z</time><ele>20.38</ele></trkpt><trkpt lat="36.878684" lon="126.749344"><time>2026-10-03T04:54:53.001Z</time><ele>20.79</ele></trkpt><trkpt lat="36.878963" lon="126.749258"><time>2026-10-03T04:54:54.001Z</time><ele>20.84</ele></trkpt><trkpt lat="36.87924" lon="126.749176"><time>2026-10-03T04:54:55.001Z</time><ele>21.29</ele></trkpt><trkpt lat="36.879509" lon="126.749099"><time>2026-10-03T04:54:56.001Z</time><ele>21.61</ele></trkpt><trkpt lat="36.879769" lon="126.749025"><time>2026-10-03T04:54:57.001Z</time><ele>21.91</ele></trkpt><trkpt lat="36.880014" lon="126.748954"><time>2026-10-03T04:54:58.001Z</time><ele>21.97</ele></trkpt><trkpt lat="36.880244" lon="126.748888"><time>2026-10-03T04:54:59.001Z</time><ele>22.15</ele></trkpt><trkpt lat="36.880462" lon="126.748825"><time>2026-10-03T04:55:00.001Z</time><ele>22.14</ele></trkpt><trkpt lat="36.88067" lon="126.748775"><time>2026-10-03T04:55:01.001Z</time><ele>22.04</ele></trkpt><trkpt lat="36.88087" lon="126.748736"><time>2026-10-03T04:55:02.001Z</time><ele>21.55</ele></trkpt><trkpt lat="36.881067" lon="126.748705"><time>2026-10-03T04:55:03.001Z</time><ele>21.94</ele></trkpt><trkpt lat="36.881263" lon="126.748686"><time>2026-10-03T04:55:04.001Z</time><ele>22.09</ele></trkpt><trkpt lat="36.881455" lon="126.748691"><time>2026-10-03T04:55:05.001Z</time><ele>22.49</ele></trkpt><trkpt lat="36.881647" lon="126.748704"><time>2026-10-03T04:55:06.001Z</time><ele>22.71</ele></trkpt><trkpt lat="36.881836" lon="126.748728"><time>2026-10-03T04:55:07.001Z</time><ele>22.46</ele></trkpt><trkpt lat="36.882023" lon="126.748779"><time>2026-10-03T04:55:08.001Z</time><ele>22.69</ele></trkpt><trkpt lat="36.882208" lon="126.748849"><time>2026-10-03T04:55:09.001Z</time><ele>22.64</ele></trkpt><trkpt lat="36.882389" lon="126.748941"><time>2026-10-03T04:55:10.001Z</time><ele>22.52</ele></trkpt><trkpt lat="36.882569" lon="126.749059"><time>2026-10-03T04:55:11.001Z</time><ele>22.18</ele></trkpt><trkpt lat="36.882745" lon="126.749195"><time>2026-10-03T04:55:12.001Z</time><ele>22.15</ele></trkpt><trkpt lat="36.882915" lon="126.74935"><time>2026-10-03T04:55:13.000Z</time><ele>21.53</ele></trkpt><trkpt lat="36.883067" lon="126.749511"><time>2026-10-03T04:55:14.000Z</time><ele>21.28</ele></trkpt><trkpt lat="36.883207" lon="126.749687"><time>2026-10-03T04:55:15.000Z</time><ele>20.58</ele></trkpt><trkpt lat="36.883331" lon="126.74989"><time>2026-10-03T04:55:16.000Z</time><ele>20.39</ele></trkpt><trkpt lat="36.883447" lon="126.75011"><time>2026-10-03T04:55:17.000Z</time><ele>20.45</ele></trkpt><trkpt lat="36.883548" lon="126.750341"><time>2026-10-03T04:55:18.000Z</time><ele>21.78</ele></trkpt><trkpt lat="36.883627" lon="126.750576"><time>2026-10-03T04:55:19.000Z</time><ele>22.91</ele></trkpt><trkpt lat="36.883686" lon="126.75082"><time>2026-10-03T04:55:20.000Z</time><ele>24.39</ele></trkpt><trkpt lat="36.883739" lon="126.751074"><time>2026-10-03T04:55:21.000Z</time><ele>25.49</ele></trkpt><trkpt lat="36.883781" lon="126.75133"><time>2026-10-03T04:55:22.000Z</time><ele>26.44</ele></trkpt><trkpt lat="36.883818" lon="126.751583"><time>2026-10-03T04:55:23.000Z</time><ele>27.64</ele></trkpt><trkpt lat="36.883856" lon="126.751815"><time>2026-10-03T04:55:24.000Z</time><ele>27.91</ele></trkpt><trkpt lat="36.883892" lon="126.752035"><time>2026-10-03T04:55:25.000Z</time><ele>28.22</ele></trkpt><trkpt lat="36.883923" lon="126.752228"><time>2026-10-03T04:55:26.000Z</time><ele>28.38</ele></trkpt><trkpt lat="36.883953" lon="126.752406"><time>2026-10-03T04:55:27.000Z</time><ele>28.35</ele></trkpt><trkpt lat="36.883984" lon="126.752574"><time>2026-10-03T04:55:28.000Z</time><ele>28.36</ele></trkpt><trkpt lat="36.884012" lon="126.752733"><time>2026-10-03T04:55:29.000Z</time><ele>28.43</ele></trkpt><trkpt lat="36.884047" lon="126.752893"><time>2026-10-03T04:55:30.000Z</time><ele>28.55</ele></trkpt><trkpt lat="36.884089" lon="126.75306"><time>2026-10-03T04:55:31.000Z</time><ele>28.83</ele></trkpt><trkpt lat="36.884135" lon="126.753239"><time>2026-10-03T04:55:32.000Z</time><ele>29.37</ele></trkpt><trkpt lat="36.884185" lon="126.753417"><time>2026-10-03T04:55:33.000Z</time><ele>29.11</ele></trkpt><trkpt lat="36.884247" lon="126.753608"><time>2026-10-03T04:55:34.000Z</time><ele>29.04</ele></trkpt><trkpt lat="36.884306" lon="126.753824"><time>2026-10-03T04:55:35.000Z</time><ele>29.83</ele></trkpt><trkpt lat="36.884367" lon="126.754058"><time>2026-10-03T04:55:36.000Z</time><ele>29.81</ele></trkpt><trkpt lat="36.884425" lon="126.754315"><time>2026-10-03T04:55:37.000Z</time><ele>29.89</ele></trkpt><trkpt lat="36.884492" lon="126.754586"><time>2026-10-03T04:55:38.000Z</time><ele>29.75</ele></trkpt><trkpt lat="36.884565" lon="126.754869"><time>2026-10-03T04:55:39.000Z</time><ele>29.82</ele></trkpt><trkpt lat="36.884643" lon="126.755169"><time>2026-10-03T04:55:40.000Z</time><ele>29.48</ele></trkpt><trkpt lat="36.884721" lon="126.755479"><time>2026-10-03T04:55:41.000Z</time><ele>29.18</ele></trkpt><trkpt lat="36.884798" lon="126.755785"><time>2026-10-03T04:55:42.000Z</time><ele>28.82</ele></trkpt><trkpt lat="36.884869" lon="126.756088"><time>2026-10-03T04:55:43.000Z</time><ele>28.65</ele></trkpt><trkpt lat="36.884936" lon="126.756391"><time>2026-10-03T04:55:44.000Z</time><ele>28.33</ele></trkpt><trkpt lat="36.885004" lon="126.756694"><time>2026-10-03T04:55:45.000Z</time><ele>28.04</ele></trkpt><trkpt lat="36.885058" lon="126.757006"><time>2026-10-03T04:55:46.000Z</time><ele>27.88</ele></trkpt><trkpt lat="36.885096" lon="126.757322"><time>2026-10-03T04:55:47.000Z</time><ele>27.87</ele></trkpt><trkpt lat="36.885127" lon="126.75764"><time>2026-10-03T04:55:48.000Z</time><ele>27.9</ele></trkpt><trkpt lat="36.885147" lon="126.757964"><time>2026-10-03T04:55:49.000Z</time><ele>27.59</ele></trkpt><trkpt lat="36.885153" lon="126.758287"><time>2026-10-03T04:55:50.000Z</time><ele>27.33</ele></trkpt><trkpt lat="36.885146" lon="126.758615"><time>2026-10-03T04:55:51.000Z</time><ele>27.39</ele></trkpt><trkpt lat="36.885126" lon="126.758943"><time>2026-10-03T04:55:52.000Z</time><ele>27.24</ele></trkpt><trkpt lat="36.885098" lon="126.759273"><time>2026-10-03T04:55:53.000Z</time><ele>27.14</ele></trkpt><trkpt lat="36.885051" lon="126.7596"><time>2026-10-03T04:55:54.000Z</time><ele>26.77</ele></trkpt><trkpt lat="36.884985" lon="126.759926"><time>2026-10-03T04:55:55.000Z</time><ele>26.38</ele></trkpt><trkpt lat="36.884916" lon="126.760255"><time>2026-10-03T04:55:56.000Z</time><ele>26.61</ele></trkpt><trkpt lat="36.88484" lon="126.760583"><time>2026-10-03T04:55:57.000Z</time><ele>26.42</ele></trkpt><trkpt lat="36.884759" lon="126.760914"><time>2026-10-03T04:55:58.000Z</time><ele>26.36</ele></trkpt><trkpt lat="36.884679" lon="126.761243"><time>2026-10-03T04:55:59.000Z</time><ele>26.31</ele></trkpt><trkpt lat="36.884598" lon="126.761559"><time>2026-10-03T04:56:00.000Z</time><ele>25.99</ele></trkpt><trkpt lat="36.884522" lon="126.761878"><time>2026-10-03T04:56:01.000Z</time><ele>24.8</ele></trkpt><trkpt lat="36.884439" lon="126.762208"><time>2026-10-03T04:56:02.000Z</time><ele>24.79</ele></trkpt><trkpt lat="36.884355" lon="126.762534"><time>2026-10-03T04:56:03.000Z</time><ele>24.58</ele></trkpt><trkpt lat="36.884275" lon="126.762855"><time>2026-10-03T04:56:04.000Z</time><ele>24.22</ele></trkpt><trkpt lat="36.884199" lon="126.76317"><time>2026-10-03T04:56:05.000Z</time><ele>23.74</ele></trkpt><trkpt lat="36.884123" lon="126.763486"><time>2026-10-03T04:56:06.000Z</time><ele>23.25</ele></trkpt><trkpt lat="36.884041" lon="126.763799"><time>2026-10-03T04:56:07.001Z</time><ele>22.73</ele></trkpt><trkpt lat="36.883964" lon="126.764117"><time>2026-10-03T04:56:08.001Z</time><ele>22.45</ele></trkpt><trkpt lat="36.883883" lon="126.764439"><time>2026-10-03T04:56:09.001Z</time><ele>22.1</ele></trkpt><trkpt lat="36.883803" lon="126.764764"><time>2026-10-03T04:56:10.001Z</time><ele>21.86</ele></trkpt><trkpt lat="36.883725" lon="126.765087"><time>2026-10-03T04:56:11.001Z</time><ele>21.74</ele></trkpt><trkpt lat="36.883647" lon="126.765409"><time>2026-10-03T04:56:12.001Z</time><ele>21.57</ele></trkpt><trkpt lat="36.883567" lon="126.765737"><time>2026-10-03T04:56:13.001Z</time><ele>21.16</ele></trkpt><trkpt lat="36.883487" lon="126.766059"><time>2026-10-03T04:56:14.001Z</time><ele>20.9</ele></trkpt><trkpt lat="36.883409" lon="126.766375"><time>2026-10-03T04:56:15.001Z</time><ele>20.69</ele></trkpt><trkpt lat="36.883332" lon="126.766686"><time>2026-10-03T04:56:16.001Z</time><ele>20.76</ele></trkpt><trkpt lat="36.883252" lon="126.767"><time>2026-10-03T04:56:17.001Z</time><ele>20.91</ele></trkpt><trkpt lat="36.883173" lon="126.767319"><time>2026-10-03T04:56:18.001Z</time><ele>20.8</ele></trkpt><trkpt lat="36.883097" lon="126.76763"><time>2026-10-03T04:56:19.001Z</time><ele>20.65</ele></trkpt><trkpt lat="36.883018" lon="126.767949"><time>2026-10-03T04:56:20.001Z</time><ele>20.58</ele></trkpt><trkpt lat="36.88294" lon="126.768259"><time>2026-10-03T04:56:21.001Z</time><ele>20.78</ele></trkpt><trkpt lat="36.882865" lon="126.768566"><time>2026-10-03T04:56:22.001Z</time><ele>20.52</ele></trkpt><trkpt lat="36.882787" lon="126.768876"><time>2026-10-03T04:56:23.001Z</time><ele>20.19</ele></trkpt><trkpt lat="36.882704" lon="126.769187"><time>2026-10-03T04:56:24.001Z</time><ele>19.93</ele></trkpt><trkpt lat="36.882615" lon="126.769496"><time>2026-10-03T04:56:25.001Z</time><ele>20</ele></trkpt><trkpt lat="36.882529" lon="126.769792"><time>2026-10-03T04:56:26.001Z</time><ele>19.9</ele></trkpt><trkpt lat="36.882444" lon="126.770087"><time>2026-10-03T04:56:27.001Z</time><ele>20.47</ele></trkpt><trkpt lat="36.88235" lon="126.77039"><time>2026-10-03T04:56:28.001Z</time><ele>20.94</ele></trkpt><trkpt lat="36.882252" lon="126.770696"><time>2026-10-03T04:56:29.001Z</time><ele>21.65</ele></trkpt><trkpt lat="36.882153" lon="126.771009"><time>2026-10-03T04:56:30.001Z</time><ele>22.16</ele></trkpt><trkpt lat="36.882048" lon="126.771325"><time>2026-10-03T04:56:31.001Z</time><ele>23.2</ele></trkpt><trkpt lat="36.881943" lon="126.771637"><time>2026-10-03T04:56:32.001Z</time><ele>24.42</ele></trkpt><trkpt lat="36.88184" lon="126.771962"><time>2026-10-03T04:56:33.001Z</time><ele>25.78</ele></trkpt><trkpt lat="36.881737" lon="126.772283"><time>2026-10-03T04:56:34.001Z</time><ele>27.14</ele></trkpt><trkpt lat="36.881635" lon="126.772597"><time>2026-10-03T04:56:35.001Z</time><ele>28.6</ele></trkpt><trkpt lat="36.88153" lon="126.772911"><time>2026-10-03T04:56:36.001Z</time><ele>30.04</ele></trkpt><trkpt lat="36.881426" lon="126.773223"><time>2026-10-03T04:56:37.001Z</time><ele>31.47</ele></trkpt><trkpt lat="36.881323" lon="126.773535"><time>2026-10-03T04:56:38.001Z</time><ele>32.84</ele></trkpt><trkpt lat="36.881219" lon="126.773845"><time>2026-10-03T04:56:39.001Z</time><ele>34.02</ele></trkpt><trkpt lat="36.881118" lon="126.774153"><time>2026-10-03T04:56:40.001Z</time><ele>35.32</ele></trkpt><trkpt lat="36.881017" lon="126.774458"><time>2026-10-03T04:56:41.001Z</time><ele>36.47</ele></trkpt><trkpt lat="36.880915" lon="126.774761"><time>2026-10-03T04:56:42.001Z</time><ele>37.39</ele></trkpt><trkpt lat="36.880812" lon="126.775076"><time>2026-10-03T04:56:43.001Z</time><ele>38.22</ele></trkpt><trkpt lat="36.880707" lon="126.775398"><time>2026-10-03T04:56:44.001Z</time><ele>38.96</ele></trkpt><trkpt lat="36.880601" lon="126.775721"><time>2026-10-03T04:56:45.001Z</time><ele>39.64</ele></trkpt><trkpt lat="36.880495" lon="126.776043"><time>2026-10-03T04:56:46.001Z</time><ele>40.25</ele></trkpt><trkpt lat="36.880394" lon="126.776359"><time>2026-10-03T04:56:47.001Z</time><ele>40.51</ele></trkpt><trkpt lat="36.880299" lon="126.776662"><time>2026-10-03T04:56:48.001Z</time><ele>40.93</ele></trkpt><trkpt lat="36.880218" lon="126.776964"><time>2026-10-03T04:56:49.001Z</time><ele>41.21</ele></trkpt><trkpt lat="36.880155" lon="126.777269"><time>2026-10-03T04:56:50.001Z</time><ele>41.7</ele></trkpt><trkpt lat="36.880101" lon="126.77758"><time>2026-10-03T04:56:51.001Z</time><ele>41.83</ele></trkpt><trkpt lat="36.880058" lon="126.777891"><time>2026-10-03T04:56:52.001Z</time><ele>41.64</ele></trkpt><trkpt lat="36.880016" lon="126.778208"><time>2026-10-03T04:56:53.001Z</time><ele>41.46</ele></trkpt><trkpt lat="36.879989" lon="126.778523"><time>2026-10-03T04:56:54.001Z</time><ele>40.83</ele></trkpt><trkpt lat="36.87998" lon="126.778843"><time>2026-10-03T04:56:55.001Z</time><ele>40.2</ele></trkpt><trkpt lat="36.879979" lon="126.779174"><time>2026-10-03T04:56:56.001Z</time><ele>39.22</ele></trkpt><trkpt lat="36.87997" lon="126.779502"><time>2026-10-03T04:56:57.001Z</time><ele>38.55</ele></trkpt><trkpt lat="36.879959" lon="126.779839"><time>2026-10-03T04:56:58.001Z</time><ele>37.67</ele></trkpt><trkpt lat="36.879953" lon="126.780184"><time>2026-10-03T04:56:59.001Z</time><ele>36.87</ele></trkpt><trkpt lat="36.879955" lon="126.780537"><time>2026-10-03T04:57:00.001Z</time><ele>35.98</ele></trkpt><trkpt lat="36.879956" lon="126.780899"><time>2026-10-03T04:57:01.001Z</time><ele>35.18</ele></trkpt><trkpt lat="36.879953" lon="126.781264"><time>2026-10-03T04:57:02.001Z</time><ele>34.17</ele></trkpt><trkpt lat="36.879945" lon="126.781627"><time>2026-10-03T04:57:03.001Z</time><ele>33.26</ele></trkpt><trkpt lat="36.879933" lon="126.781989"><time>2026-10-03T04:57:04.001Z</time><ele>32.12</ele></trkpt><trkpt lat="36.879918" lon="126.782349"><time>2026-10-03T04:57:05.001Z</time><ele>31.27</ele></trkpt><trkpt lat="36.879909" lon="126.782706"><time>2026-10-03T04:57:06.001Z</time><ele>30.12</ele></trkpt><trkpt lat="36.879905" lon="126.783061"><time>2026-10-03T04:57:07.001Z</time><ele>30.95</ele></trkpt><trkpt lat="36.879894" lon="126.783414"><time>2026-10-03T04:57:08.001Z</time><ele>30.66</ele></trkpt><trkpt lat="36.879882" lon="126.783762"><time>2026-10-03T04:57:09.001Z</time><ele>29.71</ele></trkpt><trkpt lat="36.87987" lon="126.784104"><time>2026-10-03T04:57:10.001Z</time><ele>29.69</ele></trkpt><trkpt lat="36.879857" lon="126.784443"><time>2026-10-03T04:57:11.001Z</time><ele>28.61</ele></trkpt><trkpt lat="36.879847" lon="126.784781"><time>2026-10-03T04:57:12.001Z</time><ele>28</ele></trkpt><trkpt lat="36.879836" lon="126.785119"><time>2026-10-03T04:57:13.001Z</time><ele>27.19</ele></trkpt><trkpt lat="36.879824" lon="126.785459"><time>2026-10-03T04:57:14.001Z</time><ele>26.68</ele></trkpt><trkpt lat="36.879813" lon="126.785803"><time>2026-10-03T04:57:15.001Z</time><ele>26.43</ele></trkpt><trkpt lat="36.879804" lon="126.78615"><time>2026-10-03T04:57:16.001Z</time><ele>26.1</ele></trkpt><trkpt lat="36.879795" lon="126.786496"><time>2026-10-03T04:57:17.001Z</time><ele>25.54</ele></trkpt><trkpt lat="36.879787" lon="126.786843"><time>2026-10-03T04:57:18.001Z</time><ele>25.24</ele></trkpt><trkpt lat="36.879777" lon="126.787189"><time>2026-10-03T04:57:19.000Z</time><ele>24.89</ele></trkpt><trkpt lat="36.879764" lon="126.787534"><time>2026-10-03T04:57:20.000Z</time><ele>24.82</ele></trkpt><trkpt lat="36.879754" lon="126.787878"><time>2026-10-03T04:57:21.000Z</time><ele>24.1</ele></trkpt><trkpt lat="36.879746" lon="126.788223"><time>2026-10-03T04:57:22.000Z</time><ele>23.67</ele></trkpt><trkpt lat="36.879736" lon="126.788567"><time>2026-10-03T04:57:23.000Z</time><ele>23.27</ele></trkpt><trkpt lat="36.879725" lon="126.788912"><time>2026-10-03T04:57:24.000Z</time><ele>23</ele></trkpt><trkpt lat="36.879715" lon="126.789256"><time>2026-10-03T04:57:25.000Z</time><ele>22.48</ele></trkpt><trkpt lat="36.879706" lon="126.789601"><time>2026-10-03T04:57:26.000Z</time><ele>22.33</ele></trkpt><trkpt lat="36.879699" lon="126.789945"><time>2026-10-03T04:57:27.000Z</time><ele>21.91</ele></trkpt><trkpt lat="36.87969" lon="126.79029"><time>2026-10-03T04:57:28.000Z</time><ele>21.46</ele></trkpt><trkpt lat="36.879681" lon="126.790637"><time>2026-10-03T04:57:29.000Z</time><ele>21.2</ele></trkpt><trkpt lat="36.87967" lon="126.790986"><time>2026-10-03T04:57:30.000Z</time><ele>21.28</ele></trkpt><trkpt lat="36.87966" lon="126.791334"><time>2026-10-03T04:57:31.000Z</time><ele>21.12</ele></trkpt><trkpt lat="36.87965" lon="126.791685"><time>2026-10-03T04:57:32.000Z</time><ele>21.31</ele></trkpt><trkpt lat="36.87964" lon="126.792037"><time>2026-10-03T04:57:33.000Z</time><ele>21.6</ele></trkpt><trkpt lat="36.879627" lon="126.792387"><time>2026-10-03T04:57:34.000Z</time><ele>21.8</ele></trkpt><trkpt lat="36.879617" lon="126.792739"><time>2026-10-03T04:57:35.000Z</time><ele>21.75</ele></trkpt><trkpt lat="36.879606" lon="126.793088"><time>2026-10-03T04:57:36.000Z</time><ele>22.07</ele></trkpt><trkpt lat="36.879598" lon="126.793419"><time>2026-10-03T04:57:37.000Z</time><ele>22.8</ele></trkpt><trkpt lat="36.879586" lon="126.79373"><time>2026-10-03T04:57:38.000Z</time><ele>22.67</ele></trkpt><trkpt lat="36.879574" lon="126.794023"><time>2026-10-03T04:57:39.000Z</time><ele>22.58</ele></trkpt><trkpt lat="36.879567" lon="126.794305"><time>2026-10-03T04:57:40.000Z</time><ele>23.54</ele></trkpt><trkpt lat="36.879559" lon="126.794573"><time>2026-10-03T04:57:41.000Z</time><ele>23.41</ele></trkpt><trkpt lat="36.879554" lon="126.79483"><time>2026-10-03T04:57:42.000Z</time><ele>23.28</ele></trkpt><trkpt lat="36.879547" lon="126.795086"><time>2026-10-03T04:57:43.000Z</time><ele>23.16</ele></trkpt><trkpt lat="36.879541" lon="126.795344"><time>2026-10-03T04:57:44.000Z</time><ele>23.41</ele></trkpt><trkpt lat="36.879538" lon="126.795604"><time>2026-10-03T04:57:45.000Z</time><ele>23.67</ele></trkpt><trkpt lat="36.87953" lon="126.795866"><time>2026-10-03T04:57:46.000Z</time><ele>23.3</ele></trkpt><trkpt lat="36.879522" lon="126.796133"><time>2026-10-03T04:57:47.000Z</time><ele>23.28</ele></trkpt><trkpt lat="36.879514" lon="126.7964"><time>2026-10-03T04:57:48.000Z</time><ele>22.96</ele></trkpt><trkpt lat="36.879507" lon="126.796667"><time>2026-10-03T04:57:49.000Z</time><ele>22.72</ele></trkpt><trkpt lat="36.879499" lon="126.796935"><time>2026-10-03T04:57:50.000Z</time><ele>22.52</ele></trkpt><trkpt lat="36.879491" lon="126.797203"><time>2026-10-03T04:57:51.000Z</time><ele>22.53</ele></trkpt><trkpt lat="36.879484" lon="126.797459"><time>2026-10-03T04:57:52.000Z</time><ele>22.18</ele></trkpt><trkpt lat="36.879478" lon="126.797702"><time>2026-10-03T04:57:53.000Z</time><ele>21.87</ele></trkpt><trkpt lat="36.879472" lon="126.797941"><time>2026-10-03T04:57:54.000Z</time><ele>21.79</ele></trkpt><trkpt lat="36.879465" lon="126.798177"><time>2026-10-03T04:57:55.000Z</time><ele>21.67</ele></trkpt><trkpt lat="36.879458" lon="126.798407"><time>2026-10-03T04:57:56.000Z</time><ele>21.13</ele></trkpt><trkpt lat="36.879452" lon="126.798633"><time>2026-10-03T04:57:57.000Z</time><ele>21.33</ele></trkpt><trkpt lat="36.879448" lon="126.79886"><time>2026-10-03T04:57:58.000Z</time><ele>21.34</ele></trkpt><trkpt lat="36.879444" lon="126.79909"><time>2026-10-03T04:57:59.000Z</time><ele>21.11</ele></trkpt><trkpt lat="36.879435" lon="126.79932"><time>2026-10-03T04:58:00.000Z</time><ele>21.12</ele></trkpt><trkpt lat="36.879428" lon="126.799549"><time>2026-10-03T04:58:01.000Z</time><ele>20.93</ele></trkpt><trkpt lat="36.879416" lon="126.799782"><time>2026-10-03T04:58:02.000Z</time><ele>21.3</ele></trkpt><trkpt lat="36.879407" lon="126.800017"><time>2026-10-03T04:58:03.000Z</time><ele>21.11</ele></trkpt><trkpt lat="36.879399" lon="126.800251"><time>2026-10-03T04:58:04.000Z</time><ele>21.24</ele></trkpt><trkpt lat="36.879395" lon="126.800482"><time>2026-10-03T04:58:05.000Z</time><ele>21.73</ele></trkpt><trkpt lat="36.879393" lon="126.800711"><time>2026-10-03T04:58:06.000Z</time><ele>21.84</ele></trkpt><trkpt lat="36.879388" lon="126.800932"><time>2026-10-03T04:58:07.000Z</time><ele>22.07</ele></trkpt><trkpt lat="36.879389" lon="126.801147"><time>2026-10-03T04:58:08.000Z</time><ele>22.68</ele></trkpt><trkpt lat="36.879389" lon="126.801352"><time>2026-10-03T04:58:09.000Z</time><ele>22.95</ele></trkpt><trkpt lat="36.879393" lon="126.801551"><time>2026-10-03T04:58:10.000Z</time><ele>23.31</ele></trkpt><trkpt lat="36.879397" lon="126.801747"><time>2026-10-03T04:58:11.000Z</time><ele>22.77</ele></trkpt><trkpt lat="36.879396" lon="126.801942"><time>2026-10-03T04:58:12.000Z</time><ele>24.12</ele></trkpt><trkpt lat="36.879399" lon="126.802149"><time>2026-10-03T04:58:13.001Z</time><ele>24.73</ele></trkpt><trkpt lat="36.87941" lon="126.802371"><time>2026-10-03T04:58:14.001Z</time><ele>25.68</ele></trkpt><trkpt lat="36.879428" lon="126.802599"><time>2026-10-03T04:58:15.001Z</time><ele>26.14</ele></trkpt><trkpt lat="36.879444" lon="126.802828"><time>2026-10-03T04:58:16.001Z</time><ele>26.88</ele></trkpt><trkpt lat="36.879465" lon="126.803067"><time>2026-10-03T04:58:17.001Z</time><ele>27.08</ele></trkpt><trkpt lat="36.879492" lon="126.80332"><time>2026-10-03T04:58:18.001Z</time><ele>27.55</ele></trkpt><trkpt lat="36.879523" lon="126.803564"><time>2026-10-03T04:58:19.001Z</time><ele>27.65</ele></trkpt><trkpt lat="36.879553" lon="126.803801"><time>2026-10-03T04:58:20.001Z</time><ele>28</ele></trkpt><trkpt lat="36.879586" lon="126.804033"><time>2026-10-03T04:58:21.001Z</time><ele>28.13</ele></trkpt><trkpt lat="36.879622" lon="126.804276"><time>2026-10-03T04:58:22.001Z</time><ele>28.54</ele></trkpt><trkpt lat="36.879664" lon="126.804526"><time>2026-10-03T04:58:23.001Z</time><ele>28.64</ele></trkpt><trkpt lat="36.879705" lon="126.804776"><time>2026-10-03T04:58:24.001Z</time><ele>28.82</ele></trkpt><trkpt lat="36.879748" lon="126.805019"><time>2026-10-03T04:58:25.001Z</time><ele>28.79</ele></trkpt><trkpt lat="36.879793" lon="126.805245"><time>2026-10-03T04:58:26.001Z</time><ele>28.6</ele></trkpt><trkpt lat="36.879841" lon="126.805471"><time>2026-10-03T04:58:27.001Z</time><ele>28.21</ele></trkpt><trkpt lat="36.879892" lon="126.805705"><time>2026-10-03T04:58:28.001Z</time><ele>27.53</ele></trkpt><trkpt lat="36.879941" lon="126.805947"><time>2026-10-03T04:58:29.001Z</time><ele>27.1</ele></trkpt><trkpt lat="36.879993" lon="126.806193"><time>2026-10-03T04:58:30.001Z</time><ele>26.63</ele></trkpt><trkpt lat="36.880048" lon="126.80644"><time>2026-10-03T04:58:31.001Z</time><ele>25.78</ele></trkpt><trkpt lat="36.880099" lon="126.806681"><time>2026-10-03T04:58:32.001Z</time><ele>25.53</ele></trkpt><trkpt lat="36.88015" lon="126.806918"><time>2026-10-03T04:58:33.001Z</time><ele>24.79</ele></trkpt><trkpt lat="36.880201" lon="126.807159"><time>2026-10-03T04:58:34.001Z</time><ele>24.57</ele></trkpt><trkpt lat="36.88025" lon="126.807394"><time>2026-10-03T04:58:35.001Z</time><ele>23.84</ele></trkpt><trkpt lat="36.880296" lon="126.80762"><time>2026-10-03T04:58:36.001Z</time><ele>23.59</ele></trkpt><trkpt lat="36.880342" lon="126.807842"><time>2026-10-03T04:58:37.001Z</time><ele>23.54</ele></trkpt><trkpt lat="36.880391" lon="126.808065"><time>2026-10-03T04:58:38.001Z</time><ele>22.98</ele></trkpt><trkpt lat="36.880439" lon="126.80829"><time>2026-10-03T04:58:39.001Z</time><ele>22.8</ele></trkpt><trkpt lat="36.880486" lon="126.808519"><time>2026-10-03T04:58:40.001Z</time><ele>22.99</ele></trkpt><trkpt lat="36.880535" lon="126.808748"><time>2026-10-03T04:58:41.001Z</time><ele>22.85</ele></trkpt><trkpt lat="36.880582" lon="126.808981"><time>2026-10-03T04:58:42.001Z</time><ele>23.01</ele></trkpt><trkpt lat="36.880629" lon="126.809213"><time>2026-10-03T04:58:43.001Z</time><ele>22.97</ele></trkpt><trkpt lat="36.880675" lon="126.809438"><time>2026-10-03T04:58:44.001Z</time><ele>22.89</ele></trkpt><trkpt lat="36.880723" lon="126.809661"><time>2026-10-03T04:58:45.001Z</time><ele>23.36</ele></trkpt><trkpt lat="36.88077" lon="126.809885"><time>2026-10-03T04:58:46.001Z</time><ele>23.55</ele></trkpt><trkpt lat="36.880814" lon="126.810109"><time>2026-10-03T04:58:47.001Z</time><ele>23.61</ele></trkpt><trkpt lat="36.880859" lon="126.810327"><time>2026-10-03T04:58:48.001Z</time><ele>23.54</ele></trkpt><trkpt lat="36.880902" lon="126.810547"><time>2026-10-03T04:58:49.001Z</time><ele>23.96</ele></trkpt><trkpt lat="36.880942" lon="126.810775"><time>2026-10-03T04:58:50.001Z</time><ele>24.76</ele></trkpt><trkpt lat="36.88098" lon="126.811015"><time>2026-10-03T04:58:51.001Z</time><ele>24.23</ele></trkpt><trkpt lat="36.881017" lon="126.811254"><time>2026-10-03T04:58:52.001Z</time><ele>24.56</ele></trkpt><trkpt lat="36.881048" lon="126.81152"><time>2026-10-03T04:58:53.001Z</time><ele>24.72</ele></trkpt><trkpt lat="36.881071" lon="126.811776"><time>2026-10-03T04:58:54.001Z</time><ele>25.13</ele></trkpt><trkpt lat="36.881105" lon="126.812011"><time>2026-10-03T04:58:55.001Z</time><ele>25.52</ele></trkpt><trkpt lat="36.881136" lon="126.812226"><time>2026-10-03T04:58:56.001Z</time><ele>25.12</ele></trkpt><trkpt lat="36.881161" lon="126.812434"><time>2026-10-03T04:58:57.001Z</time><ele>25.76</ele></trkpt><trkpt lat="36.881187" lon="126.812631"><time>2026-10-03T04:58:58.001Z</time><ele>25.7</ele></trkpt><trkpt lat="36.881209" lon="126.812817"><time>2026-10-03T04:58:59.001Z</time><ele>25.99</ele></trkpt><trkpt lat="36.881233" lon="126.813012"><time>2026-10-03T04:59:00.001Z</time><ele>26.23</ele></trkpt><trkpt lat="36.881257" lon="126.813214"><time>2026-10-03T04:59:01.001Z</time><ele>26.35</ele></trkpt><trkpt lat="36.881283" lon="126.813423"><time>2026-10-03T04:59:02.001Z</time><ele>26.57</ele></trkpt><trkpt lat="36.881309" lon="126.813642"><time>2026-10-03T04:59:03.001Z</time><ele>26.63</ele></trkpt><trkpt lat="36.881336" lon="126.813875"><time>2026-10-03T04:59:04.001Z</time><ele>26.94</ele></trkpt><trkpt lat="36.881363" lon="126.81411"><time>2026-10-03T04:59:05.001Z</time><ele>27.26</ele></trkpt><trkpt lat="36.881388" lon="126.814335"><time>2026-10-03T04:59:06.001Z</time><ele>27.47</ele></trkpt><trkpt lat="36.881415" lon="126.81457"><time>2026-10-03T04:59:07.001Z</time><ele>27.45</ele></trkpt><trkpt lat="36.881444" lon="126.814803"><time>2026-10-03T04:59:08.001Z</time><ele>27.54</ele></trkpt><trkpt lat="36.881477" lon="126.815045"><time>2026-10-03T04:59:09.001Z</time><ele>27.44</ele></trkpt><trkpt lat="36.881519" lon="126.815305"><time>2026-10-03T04:59:10.001Z</time><ele>27.33</ele></trkpt><trkpt lat="36.881568" lon="126.815566"><time>2026-10-03T04:59:11.001Z</time><ele>27.38</ele></trkpt><trkpt lat="36.881624" lon="126.815818"><time>2026-10-03T04:59:12.001Z</time><ele>26.66</ele></trkpt><trkpt lat="36.88169" lon="126.816086"><time>2026-10-03T04:59:13.001Z</time><ele>26.09</ele></trkpt><trkpt lat="36.88176" lon="126.816354"><time>2026-10-03T04:59:14.001Z</time><ele>25.75</ele></trkpt><trkpt lat="36.881835" lon="126.816601"><time>2026-10-03T04:59:15.001Z</time><ele>25.15</ele></trkpt><trkpt lat="36.881915" lon="126.816842"><time>2026-10-03T04:59:16.001Z</time><ele>24.63</ele></trkpt><trkpt lat="36.882001" lon="126.8171"><time>2026-10-03T04:59:17.001Z</time><ele>23.88</ele></trkpt><trkpt lat="36.882094" lon="126.817359"><time>2026-10-03T04:59:18.001Z</time><ele>23.05</ele></trkpt><trkpt lat="36.882183" lon="126.817608"><time>2026-10-03T04:59:19.001Z</time><ele>22.38</ele></trkpt><trkpt lat="36.882272" lon="126.817866"><time>2026-10-03T04:59:20.001Z</time><ele>21.42</ele></trkpt><trkpt lat="36.882359" lon="126.81813"><time>2026-10-03T04:59:21.001Z</time><ele>20.59</ele></trkpt><trkpt lat="36.882452" lon="126.818405"><time>2026-10-03T04:59:22.001Z</time><ele>19.75</ele></trkpt><trkpt lat="36.882552" lon="126.818684"><time>2026-10-03T04:59:23.001Z</time><ele>19.29</ele></trkpt><trkpt lat="36.882655" lon="126.81897"><time>2026-10-03T04:59:24.001Z</time><ele>18.51</ele></trkpt><trkpt lat="36.882757" lon="126.819269"><time>2026-10-03T04:59:25.000Z</time><ele>17.88</ele></trkpt><trkpt lat="36.882856" lon="126.81956"><time>2026-10-03T04:59:26.000Z</time><ele>17.24</ele></trkpt><trkpt lat="36.882956" lon="126.819842"><time>2026-10-03T04:59:27.000Z</time><ele>16.86</ele></trkpt><trkpt lat="36.883059" lon="126.820128"><time>2026-10-03T04:59:28.000Z</time><ele>16.31</ele></trkpt><trkpt lat="36.883178" lon="126.820423"><time>2026-10-03T04:59:29.000Z</time><ele>15.81</ele></trkpt><trkpt lat="36.883293" lon="126.82073"><time>2026-10-03T04:59:30.000Z</time><ele>15.84</ele></trkpt><trkpt lat="36.883402" lon="126.821042"><time>2026-10-03T04:59:31.000Z</time><ele>15.8</ele></trkpt><trkpt lat="36.88351" lon="126.821348"><time>2026-10-03T04:59:32.000Z</time><ele>15.48</ele></trkpt><trkpt lat="36.883617" lon="126.821654"><time>2026-10-03T04:59:33.000Z</time><ele>15.13</ele></trkpt><trkpt lat="36.883726" lon="126.821967"><time>2026-10-03T04:59:34.000Z</time><ele>14.59</ele></trkpt><trkpt lat="36.883836" lon="126.822284"><time>2026-10-03T04:59:35.000Z</time><ele>14.28</ele></trkpt><trkpt lat="36.883942" lon="126.822597"><time>2026-10-03T04:59:36.000Z</time><ele>13.97</ele></trkpt><trkpt lat="36.884049" lon="126.822907"><time>2026-10-03T04:59:37.000Z</time><ele>13.54</ele></trkpt><trkpt lat="36.884158" lon="126.823211"><time>2026-10-03T04:59:38.000Z</time><ele>12.86</ele></trkpt><trkpt lat="36.884266" lon="126.823518"><time>2026-10-03T04:59:39.000Z</time><ele>12.56</ele></trkpt><trkpt lat="36.884374" lon="126.823832"><time>2026-10-03T04:59:40.000Z</time><ele>12.45</ele></trkpt><trkpt lat="36.884485" lon="126.82415"><time>2026-10-03T04:59:41.000Z</time><ele>12.45</ele></trkpt><trkpt lat="36.884596" lon="126.824472"><time>2026-10-03T04:59:42.000Z</time><ele>12.53</ele></trkpt><trkpt lat="36.884705" lon="126.824794"><time>2026-10-03T04:59:43.000Z</time><ele>12.58</ele></trkpt><trkpt lat="36.884814" lon="126.825113"><time>2026-10-03T04:59:44.000Z</time><ele>13.01</ele></trkpt><trkpt lat="36.884923" lon="126.825429"><time>2026-10-03T04:59:45.000Z</time><ele>13.37</ele></trkpt><trkpt lat="36.885037" lon="126.825754"><time>2026-10-03T04:59:46.000Z</time><ele>13.83</ele></trkpt><trkpt lat="36.88515" lon="126.826081"><time>2026-10-03T04:59:47.000Z</time><ele>14.47</ele></trkpt><trkpt lat="36.885261" lon="126.826408"><time>2026-10-03T04:59:48.000Z</time><ele>14.72</ele></trkpt><trkpt lat="36.885378" lon="126.826734"><time>2026-10-03T04:59:49.000Z</time><ele>14.6</ele></trkpt><trkpt lat="36.885493" lon="126.82706"><time>2026-10-03T04:59:50.000Z</time><ele>14.74</ele></trkpt><trkpt lat="36.885604" lon="126.82738"><time>2026-10-03T04:59:51.000Z</time><ele>14.96</ele></trkpt><trkpt lat="36.885712" lon="126.827698"><time>2026-10-03T04:59:52.000Z</time><ele>15.38</ele></trkpt><trkpt lat="36.885822" lon="126.828009"><time>2026-10-03T04:59:53.000Z</time><ele>15.87</ele></trkpt><trkpt lat="36.88593" lon="126.828318"><time>2026-10-03T04:59:54.000Z</time><ele>16.15</ele></trkpt><trkpt lat="36.886035" lon="126.828627"><time>2026-10-03T04:59:55.000Z</time><ele>16.96</ele></trkpt><trkpt lat="36.886137" lon="126.828927"><time>2026-10-03T04:59:56.000Z</time><ele>17.18</ele></trkpt><trkpt lat="36.886236" lon="126.829211"><time>2026-10-03T04:59:57.000Z</time><ele>16.91</ele></trkpt><trkpt lat="36.886328" lon="126.829478"><time>2026-10-03T04:59:58.000Z</time><ele>17.01</ele></trkpt><trkpt lat="36.886416" lon="126.829734"><time>2026-10-03T04:59:59.000Z</time><ele>17.19</ele></trkpt><trkpt lat="36.886502" lon="126.829993"><time>2026-10-03T05:00:00.000Z</time><ele>17.14</ele></trkpt><trkpt lat="36.886587" lon="126.830252"><time>2026-10-03T05:00:01.000Z</time><ele>16.89</ele></trkpt><trkpt lat="36.886664" lon="126.830519"><time>2026-10-03T05:00:02.000Z</time><ele>16.64</ele></trkpt><trkpt lat="36.886732" lon="126.830791"><time>2026-10-03T05:00:03.000Z</time><ele>16.49</ele></trkpt><trkpt lat="36.886788" lon="126.83107"><time>2026-10-03T05:00:04.000Z</time><ele>16.26</ele></trkpt><trkpt lat="36.886831" lon="126.831354"><time>2026-10-03T05:00:05.000Z</time><ele>16.25</ele></trkpt><trkpt lat="36.886862" lon="126.831642"><time>2026-10-03T05:00:06.000Z</time><ele>15.94</ele></trkpt><trkpt lat="36.886884" lon="126.83193"><time>2026-10-03T05:00:07.000Z</time><ele>15.38</ele></trkpt><trkpt lat="36.886896" lon="126.83222"><time>2026-10-03T05:00:08.000Z</time><ele>14.34</ele></trkpt><trkpt lat="36.886893" lon="126.832508"><time>2026-10-03T05:00:09.000Z</time><ele>13.68</ele></trkpt><trkpt lat="36.886879" lon="126.832801"><time>2026-10-03T05:00:10.000Z</time><ele>12.71</ele></trkpt><trkpt lat="36.886852" lon="126.833088"><time>2026-10-03T05:00:11.000Z</time><ele>12.14</ele></trkpt><trkpt lat="36.886815" lon="126.833363"><time>2026-10-03T05:00:12.000Z</time><ele>11.49</ele></trkpt><trkpt lat="36.886767" lon="126.833635"><time>2026-10-03T05:00:13.000Z</time><ele>10.73</ele></trkpt><trkpt lat="36.886709" lon="126.8339"><time>2026-10-03T05:00:14.000Z</time><ele>10.04</ele></trkpt><trkpt lat="36.886644" lon="126.834166"><time>2026-10-03T05:00:15.000Z</time><ele>9.62</ele></trkpt><trkpt lat="36.886578" lon="126.834434"><time>2026-10-03T05:00:16.000Z</time><ele>9.08</ele></trkpt><trkpt lat="36.886515" lon="126.834708"><time>2026-10-03T05:00:17.000Z</time><ele>8.65</ele></trkpt><trkpt lat="36.886447" lon="126.834989"><time>2026-10-03T05:00:18.000Z</time><ele>8.32</ele></trkpt><trkpt lat="36.886374" lon="126.83527"><time>2026-10-03T05:00:19.000Z</time><ele>7.99</ele></trkpt><trkpt lat="36.886294" lon="126.835563"><time>2026-10-03T05:00:20.001Z</time><ele>7.84</ele></trkpt><trkpt lat="36.8862" lon="126.835865"><time>2026-10-03T05:00:21.001Z</time><ele>7.75</ele></trkpt><trkpt lat="36.886106" lon="126.836178"><time>2026-10-03T05:00:22.001Z</time><ele>7.68</ele></trkpt><trkpt lat="36.886022" lon="126.836506"><time>2026-10-03T05:00:23.001Z</time><ele>7.63</ele></trkpt><trkpt lat="36.885945" lon="126.836846"><time>2026-10-03T05:00:24.001Z</time><ele>7.75</ele></trkpt><trkpt lat="36.885864" lon="126.837195"><time>2026-10-03T05:00:25.001Z</time><ele>7.73</ele></trkpt><trkpt lat="36.885768" lon="126.837546"><time>2026-10-03T05:00:26.001Z</time><ele>7.88</ele></trkpt><trkpt lat="36.885676" lon="126.837902"><time>2026-10-03T05:00:27.001Z</time><ele>7.82</ele></trkpt><trkpt lat="36.88559" lon="126.83825"><time>2026-10-03T05:00:28.001Z</time><ele>8.06</ele></trkpt><trkpt lat="36.885504" lon="126.838587"><time>2026-10-03T05:00:29.001Z</time><ele>8.15</ele></trkpt><trkpt lat="36.885418" lon="126.838916"><time>2026-10-03T05:00:30.001Z</time><ele>8.31</ele></trkpt><trkpt lat="36.885333" lon="126.839234"><time>2026-10-03T05:00:31.001Z</time><ele>8.81</ele></trkpt><trkpt lat="36.885256" lon="126.839526"><time>2026-10-03T05:00:32.001Z</time><ele>8.58</ele></trkpt><trkpt lat="36.885185" lon="126.839814"><time>2026-10-03T05:00:33.001Z</time><ele>8.54</ele></trkpt><trkpt lat="36.885119" lon="126.840096"><time>2026-10-03T05:00:34.001Z</time><ele>8.56</ele></trkpt><trkpt lat="36.885052" lon="126.840369"><time>2026-10-03T05:00:35.001Z</time><ele>8.5</ele></trkpt><trkpt lat="36.88498" lon="126.840635"><time>2026-10-03T05:00:36.001Z</time><ele>8.31</ele></trkpt><trkpt lat="36.884913" lon="126.840898"><time>2026-10-03T05:00:37.001Z</time><ele>8.72</ele></trkpt><trkpt lat="36.884848" lon="126.841162"><time>2026-10-03T05:00:38.001Z</time><ele>8.78</ele></trkpt><trkpt lat="36.884782" lon="126.841425"><time>2026-10-03T05:00:39.001Z</time><ele>8.62</ele></trkpt><trkpt lat="36.884719" lon="126.841684"><time>2026-10-03T05:00:40.001Z</time><ele>8.42</ele></trkpt><trkpt lat="36.884654" lon="126.841942"><time>2026-10-03T05:00:41.001Z</time><ele>8.39</ele></trkpt><trkpt lat="36.884587" lon="126.842205"><time>2026-10-03T05:00:42.001Z</time><ele>8.43</ele></trkpt><trkpt lat="36.88452" lon="126.842465"><time>2026-10-03T05:00:43.001Z</time><ele>8.51</ele></trkpt><trkpt lat="36.884452" lon="126.84272"><time>2026-10-03T05:00:44.001Z</time><ele>8.52</ele></trkpt><trkpt lat="36.884385" lon="126.842977"><time>2026-10-03T05:00:45.001Z</time><ele>8.15</ele></trkpt><trkpt lat="36.884323" lon="126.84325"><time>2026-10-03T05:00:46.001Z</time><ele>8.34</ele></trkpt><trkpt lat="36.884258" lon="126.843525"><time>2026-10-03T05:00:47.001Z</time><ele>8.62</ele></trkpt><trkpt lat="36.884184" lon="126.843802"><time>2026-10-03T05:00:48.001Z</time><ele>8.87</ele></trkpt><trkpt lat="36.884104" lon="126.84408"><time>2026-10-03T05:00:49.001Z</time><ele>9.17</ele></trkpt><trkpt lat="36.884038" lon="126.844369"><time>2026-10-03T05:00:50.001Z</time><ele>9.37</ele></trkpt><trkpt lat="36.88397" lon="126.84466"><time>2026-10-03T05:00:51.001Z</time><ele>9.42</ele></trkpt><trkpt lat="36.883888" lon="126.844951"><time>2026-10-03T05:00:52.001Z</time><ele>9.6</ele></trkpt><trkpt lat="36.883816" lon="126.845249"><time>2026-10-03T05:00:53.001Z</time><ele>9.89</ele></trkpt><trkpt lat="36.883737" lon="126.845545"><time>2026-10-03T05:00:54.001Z</time><ele>9.94</ele></trkpt><trkpt lat="36.88366" lon="126.845843"><time>2026-10-03T05:00:55.001Z</time><ele>9.99</ele></trkpt><trkpt lat="36.883587" lon="126.846137"><time>2026-10-03T05:00:56.001Z</time><ele>9.86</ele></trkpt><trkpt lat="36.883515" lon="126.846431"><time>2026-10-03T05:00:57.001Z</time><ele>9.75</ele></trkpt><trkpt lat="36.883439" lon="126.846732"><time>2026-10-03T05:00:58.001Z</time><ele>9.77</ele></trkpt><trkpt lat="36.883362" lon="126.847051"><time>2026-10-03T05:00:59.001Z</time><ele>9.72</ele></trkpt><trkpt lat="36.88328" lon="126.84738"><time>2026-10-03T05:01:00.001Z</time><ele>9.68</ele></trkpt><trkpt lat="36.883195" lon="126.847718"><time>2026-10-03T05:01:01.001Z</time><ele>9.82</ele></trkpt><trkpt lat="36.883109" lon="126.848067"><time>2026-10-03T05:01:02.001Z</time><ele>9.76</ele></trkpt><trkpt lat="36.883018" lon="126.848424"><time>2026-10-03T05:01:03.001Z</time><ele>9.93</ele></trkpt><trkpt lat="36.882926" lon="126.848788"><time>2026-10-03T05:01:04.001Z</time><ele>9.84</ele></trkpt><trkpt lat="36.882835" lon="126.849158"><time>2026-10-03T05:01:05.001Z</time><ele>9.97</ele></trkpt><trkpt lat="36.882748" lon="126.849536"><time>2026-10-03T05:01:06.001Z</time><ele>10.11</ele></trkpt><trkpt lat="36.882662" lon="126.849919"><time>2026-10-03T05:01:07.001Z</time><ele>10.13</ele></trkpt><trkpt lat="36.882573" lon="126.850299"><time>2026-10-03T05:01:08.001Z</time><ele>10.03</ele></trkpt><trkpt lat="36.882479" lon="126.850681"><time>2026-10-03T05:01:09.001Z</time><ele>9.99</ele></trkpt><trkpt lat="36.882384" lon="126.851059"><time>2026-10-03T05:01:10.001Z</time><ele>9.97</ele></trkpt><trkpt lat="36.882291" lon="126.851433"><time>2026-10-03T05:01:11.001Z</time><ele>9.86</ele></trkpt><trkpt lat="36.882197" lon="126.851803"><time>2026-10-03T05:01:12.001Z</time><ele>9.7</ele></trkpt><trkpt lat="36.882105" lon="126.85217"><time>2026-10-03T05:01:13.001Z</time><ele>9.68</ele></trkpt><trkpt lat="36.882013" lon="126.852534"><time>2026-10-03T05:01:14.001Z</time><ele>9.59</ele></trkpt><trkpt lat="36.881923" lon="126.852896"><time>2026-10-03T05:01:15.001Z</time><ele>9.54</ele></trkpt><trkpt lat="36.881832" lon="126.853254"><time>2026-10-03T05:01:16.001Z</time><ele>9.66</ele></trkpt><trkpt lat="36.881742" lon="126.853609"><time>2026-10-03T05:01:17.001Z</time><ele>9.53</ele></trkpt><trkpt lat="36.881655" lon="126.853955"><time>2026-10-03T05:01:18.001Z</time><ele>9.54</ele></trkpt><trkpt lat="36.88157" lon="126.854292"><time>2026-10-03T05:01:19.001Z</time><ele>9.6</ele></trkpt><trkpt lat="36.881484" lon="126.854624"><time>2026-10-03T05:01:20.001Z</time><ele>9.56</ele></trkpt><trkpt lat="36.8814" lon="126.854947"><time>2026-10-03T05:01:21.001Z</time><ele>9.63</ele></trkpt><trkpt lat="36.881318" lon="126.855261"><time>2026-10-03T05:01:22.001Z</time><ele>9.72</ele></trkpt><trkpt lat="36.88124" lon="126.855578"><time>2026-10-03T05:01:23.001Z</time><ele>9.86</ele></trkpt><trkpt lat="36.881161" lon="126.855896"><time>2026-10-03T05:01:24.001Z</time><ele>9.88</ele></trkpt><trkpt lat="36.881082" lon="126.856211"><time>2026-10-03T05:01:25.001Z</time><ele>9.77</ele></trkpt><trkpt lat="36.881002" lon="126.856527"><time>2026-10-03T05:01:26.001Z</time><ele>9.74</ele></trkpt><trkpt lat="36.880922" lon="126.856843"><time>2026-10-03T05:01:27.001Z</time><ele>9.62</ele></trkpt><trkpt lat="36.880848" lon="126.857144"><time>2026-10-03T05:01:28.001Z</time><ele>9.62</ele></trkpt><trkpt lat="36.880781" lon="126.857424"><time>2026-10-03T05:01:29.001Z</time><ele>9.43</ele></trkpt><trkpt lat="36.880717" lon="126.857689"><time>2026-10-03T05:01:30.001Z</time><ele>9.38</ele></trkpt><trkpt lat="36.880651" lon="126.85794"><time>2026-10-03T05:01:31.000Z</time><ele>9.54</ele></trkpt><trkpt lat="36.880587" lon="126.858177"><time>2026-10-03T05:01:32.000Z</time><ele>9.58</ele></trkpt><trkpt lat="36.880532" lon="126.858405"><time>2026-10-03T05:01:33.000Z</time><ele>9.45</ele></trkpt><trkpt lat="36.880475" lon="126.858625"><time>2026-10-03T05:01:34.000Z</time><ele>9.63</ele></trkpt><trkpt lat="36.880424" lon="126.858834"><time>2026-10-03T05:01:35.000Z</time><ele>9.3</ele></trkpt><trkpt lat="36.880369" lon="126.859045"><time>2026-10-03T05:01:36.000Z</time><ele>9.26</ele></trkpt><trkpt lat="36.880313" lon="126.859275"><time>2026-10-03T05:01:37.000Z</time><ele>9.27</ele></trkpt><trkpt lat="36.880253" lon="126.859519"><time>2026-10-03T05:01:38.000Z</time><ele>9.28</ele></trkpt><trkpt lat="36.880191" lon="126.85977"><time>2026-10-03T05:01:39.000Z</time><ele>9.21</ele></trkpt><trkpt lat="36.880125" lon="126.860019"><time>2026-10-03T05:01:40.000Z</time><ele>9.61</ele></trkpt><trkpt lat="36.88006" lon="126.860273"><time>2026-10-03T05:01:41.000Z</time><ele>9.69</ele></trkpt><trkpt lat="36.879991" lon="126.860549"><time>2026-10-03T05:01:42.000Z</time><ele>9.75</ele></trkpt><trkpt lat="36.879923" lon="126.860823"><time>2026-10-03T05:01:43.000Z</time><ele>9.72</ele></trkpt><trkpt lat="36.879857" lon="126.861093"><time>2026-10-03T05:01:44.000Z</time><ele>9.62</ele></trkpt><trkpt lat="36.879791" lon="126.861355"><time>2026-10-03T05:01:45.000Z</time><ele>9.58</ele></trkpt><trkpt lat="36.879725" lon="126.8616"><time>2026-10-03T05:01:46.000Z</time><ele>9.8</ele></trkpt><trkpt lat="36.879655" lon="126.861844"><time>2026-10-03T05:01:47.000Z</time><ele>9.66</ele></trkpt><trkpt lat="36.87956" lon="126.862099"><time>2026-10-03T05:01:48.000Z</time><ele>9.59</ele></trkpt><trkpt lat="36.879469" lon="126.862367"><time>2026-10-03T05:01:49.000Z</time><ele>9.75</ele></trkpt><trkpt lat="36.87939" lon="126.862651"><time>2026-10-03T05:01:50.000Z</time><ele>9.19</ele></trkpt><trkpt lat="36.879296" lon="126.862927"><time>2026-10-03T05:01:51.000Z</time><ele>8.95</ele></trkpt><trkpt lat="36.879202" lon="126.863199"><time>2026-10-03T05:01:52.000Z</time><ele>9.08</ele></trkpt><trkpt lat="36.8791" lon="126.863477"><time>2026-10-03T05:01:53.000Z</time><ele>9.03</ele></trkpt><trkpt lat="36.878991" lon="126.863755"><time>2026-10-03T05:01:54.000Z</time><ele>9.33</ele></trkpt><trkpt lat="36.878884" lon="126.86403"><time>2026-10-03T05:01:55.000Z</time><ele>9.64</ele></trkpt><trkpt lat="36.878768" lon="126.864301"><time>2026-10-03T05:01:56.000Z</time><ele>9.73</ele></trkpt><trkpt lat="36.878648" lon="126.864568"><time>2026-10-03T05:01:57.000Z</time><ele>9.89</ele></trkpt><trkpt lat="36.878527" lon="126.864829"><time>2026-10-03T05:01:58.000Z</time><ele>9.88</ele></trkpt><trkpt lat="36.878402" lon="126.865086"><time>2026-10-03T05:01:59.000Z</time><ele>9.91</ele></trkpt><trkpt lat="36.878276" lon="126.865335"><time>2026-10-03T05:02:00.000Z</time><ele>9.84</ele></trkpt><trkpt lat="36.878153" lon="126.865573"><time>2026-10-03T05:02:01.000Z</time><ele>9.75</ele></trkpt><trkpt lat="36.878036" lon="126.865793"><time>2026-10-03T05:02:02.000Z</time><ele>9.91</ele></trkpt><trkpt lat="36.877929" lon="126.866004"><time>2026-10-03T05:02:03.000Z</time><ele>10</ele></trkpt><trkpt lat="36.877826" lon="126.866201"><time>2026-10-03T05:02:04.000Z</time><ele>9.91</ele></trkpt><trkpt lat="36.877722" lon="126.866392"><time>2026-10-03T05:02:05.000Z</time><ele>9.66</ele></trkpt><trkpt lat="36.877616" lon="126.866579"><time>2026-10-03T05:02:06.000Z</time><ele>9.6</ele></trkpt><trkpt lat="36.877516" lon="126.866761"><time>2026-10-03T05:02:07.000Z</time><ele>9.36</ele></trkpt><trkpt lat="36.877439" lon="126.866944"><time>2026-10-03T05:02:08.000Z</time><ele>9.48</ele></trkpt><trkpt lat="36.877351" lon="126.867118"><time>2026-10-03T05:02:09.000Z</time><ele>9.94</ele></trkpt><trkpt lat="36.877261" lon="126.867292"><time>2026-10-03T05:02:10.000Z</time><ele>10.32</ele></trkpt><trkpt lat="36.876979" lon="126.867709"><time>2026-10-03T05:02:13.000Z</time><ele>10.67</ele></trkpt><trkpt lat="36.87691" lon="126.867821"><time>2026-10-03T05:02:14.000Z</time><ele>10.17</ele></trkpt><trkpt lat="36.876854" lon="126.867908"><time>2026-10-03T05:02:15.000Z</time><ele>9.46</ele></trkpt><trkpt lat="36.876794" lon="126.867997"><time>2026-10-03T05:02:16.000Z</time><ele>8.86</ele></trkpt><trkpt lat="36.876733" lon="126.868083"><time>2026-10-03T05:02:17.000Z</time><ele>8.13</ele></trkpt><trkpt lat="36.876668" lon="126.868176"><time>2026-10-03T05:02:18.000Z</time><ele>7.85</ele></trkpt><trkpt lat="36.876616" lon="126.868255"><time>2026-10-03T05:02:19.000Z</time><ele>7.13</ele></trkpt><trkpt lat="36.876578" lon="126.868314"><time>2026-10-03T05:02:20.000Z</time><ele>6.27</ele></trkpt><trkpt lat="36.876544" lon="126.868365"><time>2026-10-03T05:02:21.000Z</time><ele>5.95</ele></trkpt><trkpt lat="36.87651" lon="126.86842"><time>2026-10-03T05:02:22.000Z</time><ele>5.57</ele></trkpt><trkpt lat="36.87646" lon="126.868488"><time>2026-10-03T05:02:23.000Z</time><ele>5.25</ele></trkpt><trkpt lat="36.876402" lon="126.868558"><time>2026-10-03T05:02:24.000Z</time><ele>5.3</ele></trkpt><trkpt lat="36.876346" lon="126.868626"><time>2026-10-03T05:02:25.000Z</time><ele>5.07</ele></trkpt><trkpt lat="36.876285" lon="126.868669"><time>2026-10-03T05:02:26.001Z</time><ele>4.9</ele></trkpt><trkpt lat="36.876244" lon="126.868767"><time>2026-10-03T05:02:27.001Z</time><ele>4.74</ele></trkpt><trkpt lat="36.876052" lon="126.868755"><time>2026-10-03T05:02:29.001Z</time><ele>5.56</ele></trkpt><trkpt lat="36.875961" lon="126.868754"><time>2026-10-03T05:02:30.001Z</time><ele>5.82</ele></trkpt><trkpt lat="36.875877" lon="126.868753"><time>2026-10-03T05:02:31.001Z</time><ele>6.14</ele></trkpt><trkpt lat="36.875795" lon="126.868753"><time>2026-10-03T05:02:32.001Z</time><ele>6.22</ele></trkpt><trkpt lat="36.875731" lon="126.868739"><time>2026-10-03T05:02:33.001Z</time><ele>6.46</ele></trkpt><trkpt lat="36.875672" lon="126.868741"><time>2026-10-03T05:02:35.001Z</time><ele>6.36</ele></trkpt><trkpt lat="36.875601" lon="126.869015"><time>2026-10-03T05:02:39.001Z</time><ele>6.42</ele></trkpt><trkpt lat="36.875537" lon="126.869212"><time>2026-10-03T05:02:45.001Z</time><ele>6.75</ele></trkpt><trkpt lat="36.875554" lon="126.869264"><time>2026-10-03T05:02:58.001Z</time><ele>7.01</ele></trkpt><trkpt lat="36.875507" lon="126.869273"><time>2026-10-03T05:05:53.000Z</time><ele>5.09</ele></trkpt><trkpt lat="36.875554" lon="126.86929"><time>2026-10-03T05:06:55.001Z</time><ele>4.78</ele></trkpt><trkpt lat="36.875665" lon="126.869161"><time>2026-10-03T05:07:25.001Z</time><ele>5.69</ele></trkpt><trkpt lat="36.875596" lon="126.869126"><time>2026-10-03T05:07:44.001Z</time><ele>5.19</ele></trkpt><trkpt lat="36.875775" lon="126.869147"><time>2026-10-03T05:08:08.013Z</time><ele>5.94</ele></trkpt><trkpt lat="36.875638" lon="126.868927"><time>2026-10-03T05:09:05.001Z</time><ele>6.34</ele></trkpt><trkpt lat="36.875801" lon="126.869002"><time>2026-10-03T05:09:54.015Z</time><ele>6.37</ele></trkpt><trkpt lat="36.875769" lon="126.869106"><time>2026-10-03T05:10:15.013Z</time><ele>6.75</ele></trkpt><trkpt lat="36.875746" lon="126.86901"><time>2026-10-03T05:10:38.000Z</time><ele>6.42</ele></trkpt><trkpt lat="36.875798" lon="126.868969"><time>2026-10-03T05:10:47.000Z</time><ele>6.16</ele></trkpt><trkpt lat="36.87575" lon="126.868961"><time>2026-10-03T05:10:56.001Z</time><ele>6.36</ele></trkpt><trkpt lat="36.875727" lon="126.869021"><time>2026-10-03T05:12:16.000Z</time><ele>6.67</ele></trkpt><trkpt lat="36.87574" lon="126.868974"><time>2026-10-03T05:12:28.000Z</time><ele>6.38</ele></trkpt><trkpt lat="36.875792" lon="126.868944"><time>2026-10-03T05:12:59.000Z</time><ele>6.41</ele></trkpt><trkpt lat="36.875741" lon="126.868917"><time>2026-10-03T05:13:39.001Z</time><ele>6.32</ele></trkpt><trkpt lat="36.87579" lon="126.868923"><time>2026-10-03T05:14:43.000Z</time><ele>6.74</ele></trkpt><trkpt lat="36.875819" lon="126.868977"><time>2026-10-03T05:15:13.000Z</time><ele>6.83</ele></trkpt><trkpt lat="36.875752" lon="126.869002"><time>2026-10-03T05:15:58.001Z</time><ele>6.52</ele></trkpt><trkpt lat="36.875832" lon="126.868928"><time>2026-10-03T05:18:30.000Z</time><ele>6.32</ele></trkpt><trkpt lat="36.875794" lon="126.868894"><time>2026-10-03T05:18:48.000Z</time><ele>6.6</ele></trkpt><trkpt lat="36.875822" lon="126.86894"><time>2026-10-03T05:19:00.000Z</time><ele>6.55</ele></trkpt><trkpt lat="36.875872" lon="126.868973"><time>2026-10-03T05:20:14.001Z</time><ele>6.7</ele></trkpt><trkpt lat="36.875829" lon="126.86902"><time>2026-10-03T05:20:38.999Z</time><ele>6.56</ele></trkpt><trkpt lat="36.875786" lon="126.868918"><time>2026-10-03T05:21:07.000Z</time><ele>6.56</ele></trkpt><trkpt lat="36.875815" lon="126.868977"><time>2026-10-03T05:21:38.001Z</time><ele>6.54</ele></trkpt><trkpt lat="36.875813" lon="126.868919"><time>2026-10-03T05:21:55.001Z</time><ele>6.58</ele></trkpt><trkpt lat="36.875746" lon="126.868999"><time>2026-10-03T05:22:49.000Z</time><ele>6.53</ele></trkpt><trkpt lat="36.875808" lon="126.868955"><time>2026-10-03T05:23:35.001Z</time><ele>6.37</ele></trkpt><trkpt lat="36.875744" lon="126.868928"><time>2026-10-03T05:24:09.001Z</time><ele>6.59</ele></trkpt><trkpt lat="36.875798" lon="126.868924"><time>2026-10-03T05:25:08.000Z</time><ele>6.27</ele></trkpt><trkpt lat="36.875728" lon="126.86897"><time>2026-10-03T05:26:50.002Z</time><ele>6.31</ele></trkpt><trkpt lat="36.875699" lon="126.869082"><time>2026-10-03T05:29:44.001Z</time><ele>6.74</ele></trkpt><trkpt lat="36.875752" lon="126.869054"><time>2026-10-03T05:30:47.002Z</time><ele>6.73</ele></trkpt><trkpt lat="36.875741" lon="126.869008"><time>2026-10-03T05:35:29.000Z</time><ele>6.05</ele></trkpt><trkpt lat="36.875794" lon="126.868994"><time>2026-10-03T05:35:57.001Z</time><ele>6.34</ele></trkpt><trkpt lat="36.875845" lon="126.869133"><time>2026-10-03T05:36:40.001Z</time><ele>6.49</ele></trkpt><trkpt lat="36.875838" lon="126.869025"><time>2026-10-03T05:37:23.000Z</time><ele>6.08</ele></trkpt><trkpt lat="36.875787" lon="126.869043"><time>2026-10-03T05:37:41.000Z</time><ele>6.27</ele></trkpt><trkpt lat="36.875821" lon="126.868934"><time>2026-10-03T05:38:26.001Z</time><ele>6.23</ele></trkpt><trkpt lat="36.875879" lon="126.868848"><time>2026-10-03T05:41:36.000Z</time><ele>6.68</ele></trkpt><trkpt lat="36.875815" lon="126.868986"><time>2026-10-03T05:43:02.001Z</time><ele>6.8</ele></trkpt><trkpt lat="36.875807" lon="126.868941"><time>2026-10-03T05:43:52.000Z</time><ele>6.6</ele></trkpt><trkpt lat="36.875783" lon="126.868989"><time>2026-10-03T05:44:12.000Z</time><ele>6.72</ele></trkpt><trkpt lat="36.875813" lon="126.868925"><time>2026-10-03T05:45:20.001Z</time><ele>6.96</ele></trkpt><trkpt lat="36.875823" lon="126.869006"><time>2026-10-03T05:47:14.001Z</time><ele>6.76</ele></trkpt><trkpt lat="36.875786" lon="126.869042"><time>2026-10-03T05:49:47.002Z</time><ele>5.98</ele></trkpt><trkpt lat="36.875661" lon="126.869144"><time>2026-10-03T05:50:39.000Z</time><ele>6.29</ele></trkpt><trkpt lat="36.875602" lon="126.869246"><time>2026-10-03T05:50:58.001Z</time><ele>8.58</ele></trkpt><trkpt lat="36.875585" lon="126.869342"><time>2026-10-03T05:52:03.002Z</time><ele>5.95</ele></trkpt><trkpt lat="36.875544" lon="126.869297"><time>2026-10-03T05:52:22.999Z</time><ele>5.2</ele></trkpt><trkpt lat="36.875496" lon="126.869264"><time>2026-10-03T05:53:01.000Z</time><ele>7.83</ele></trkpt><trkpt lat="36.875542" lon="126.86928"><time>2026-10-03T05:53:17.000Z</time><ele>5.79</ele></trkpt><trkpt lat="36.875548" lon="126.869259"><time>2026-10-03T05:54:08.001Z</time><ele>6.95</ele></trkpt><trkpt lat="36.87553" lon="126.869312"><time>2026-10-03T05:54:36.000Z</time><ele>5.93</ele></trkpt><trkpt lat="36.875514" lon="126.869259"><time>2026-10-03T05:55:14.001Z</time><ele>7.67</ele></trkpt><trkpt lat="36.875527" lon="126.869313"><time>2026-10-03T05:57:34.001Z</time><ele>6.62</ele></trkpt><trkpt lat="36.875589" lon="126.869301"><time>2026-10-03T05:59:13.001Z</time><ele>6.96</ele></trkpt><trkpt lat="36.875619" lon="126.869205"><time>2026-10-03T05:59:15.001Z</time><ele>7.17</ele></trkpt><trkpt lat="36.87564" lon="126.869111"><time>2026-10-03T05:59:17.001Z</time><ele>7.86</ele></trkpt><trkpt lat="36.875659" lon="126.869019"><time>2026-10-03T05:59:19.001Z</time><ele>8.12</ele></trkpt><trkpt lat="36.875684" lon="126.868931"><time>2026-10-03T05:59:21.001Z</time><ele>7.88</ele></trkpt><trkpt lat="36.875742" lon="126.868884"><time>2026-10-03T05:59:23.001Z</time><ele>8.36</ele></trkpt><trkpt lat="36.875827" lon="126.868859"><time>2026-10-03T05:59:25.001Z</time><ele>8.92</ele></trkpt><trkpt lat="36.87605" lon="126.868877"><time>2026-10-03T05:59:28.001Z</time><ele>9.11</ele></trkpt><trkpt lat="36.876126" lon="126.868873"><time>2026-10-03T05:59:29.001Z</time><ele>8.93</ele></trkpt><trkpt lat="36.876196" lon="126.868872"><time>2026-10-03T05:59:30.001Z</time><ele>8.86</ele></trkpt><trkpt lat="36.876355" lon="126.868884"><time>2026-10-03T05:59:32.001Z</time><ele>8.62</ele></trkpt><trkpt lat="36.876427" lon="126.868899"><time>2026-10-03T05:59:33.001Z</time><ele>8.67</ele></trkpt><trkpt lat="36.876488" lon="126.868926"><time>2026-10-03T05:59:34.001Z</time><ele>8.44</ele></trkpt><trkpt lat="36.876536" lon="126.868956"><time>2026-10-03T05:59:35.001Z</time><ele>8.15</ele></trkpt><trkpt lat="36.876578" lon="126.868986"><time>2026-10-03T05:59:36.001Z</time><ele>8.07</ele></trkpt><trkpt lat="36.876651" lon="126.869036"><time>2026-10-03T05:59:38.001Z</time><ele>7.77</ele></trkpt><trkpt lat="36.876706" lon="126.869099"><time>2026-10-03T05:59:39.001Z</time><ele>7.99</ele></trkpt><trkpt lat="36.87677" lon="126.869143"><time>2026-10-03T05:59:40.001Z</time><ele>8.6</ele></trkpt><trkpt lat="36.876816" lon="126.869217"><time>2026-10-03T05:59:41.001Z</time><ele>9.1</ele></trkpt><trkpt lat="36.876865" lon="126.869247"><time>2026-10-03T05:59:42.001Z</time><ele>8.52</ele></trkpt><trkpt lat="36.876905" lon="126.869278"><time>2026-10-03T05:59:43.001Z</time><ele>8.49</ele></trkpt><trkpt lat="36.876969" lon="126.869331"><time>2026-10-03T05:59:45.001Z</time><ele>8.5</ele></trkpt><trkpt lat="36.877019" lon="126.869364"><time>2026-10-03T05:59:47.001Z</time><ele>8.45</ele></trkpt><trkpt lat="36.877065" lon="126.869384"><time>2026-10-03T06:00:19.002Z</time><ele>6.96</ele></trkpt><trkpt lat="36.877102" lon="126.86942"><time>2026-10-03T06:00:20.002Z</time><ele>7.1</ele></trkpt><trkpt lat="36.877156" lon="126.869468"><time>2026-10-03T06:00:21.002Z</time><ele>6.96</ele></trkpt><trkpt lat="36.877226" lon="126.869518"><time>2026-10-03T06:00:22.002Z</time><ele>6.68</ele></trkpt><trkpt lat="36.877307" lon="126.869577"><time>2026-10-03T06:00:23.002Z</time><ele>6.58</ele></trkpt><trkpt lat="36.877394" lon="126.869645"><time>2026-10-03T06:00:24.002Z</time><ele>6.27</ele></trkpt><trkpt lat="36.87749" lon="126.869714"><time>2026-10-03T06:00:25.002Z</time><ele>6.15</ele></trkpt><trkpt lat="36.877587" lon="126.869804"><time>2026-10-03T06:00:26.002Z</time><ele>6.3</ele></trkpt><trkpt lat="36.877684" lon="126.869894"><time>2026-10-03T06:00:27.002Z</time><ele>6.78</ele></trkpt><trkpt lat="36.877781" lon="126.869991"><time>2026-10-03T06:00:28.002Z</time><ele>7.43</ele></trkpt><trkpt lat="36.877886" lon="126.870083"><time>2026-10-03T06:00:29.002Z</time><ele>7.76</ele></trkpt><trkpt lat="36.877994" lon="126.870187"><time>2026-10-03T06:00:30.002Z</time><ele>7.44</ele></trkpt><trkpt lat="36.878089" lon="126.870307"><time>2026-10-03T06:00:31.002Z</time><ele>7.68</ele></trkpt><trkpt lat="36.87818" lon="126.87044"><time>2026-10-03T06:00:32.002Z</time><ele>7.68</ele></trkpt><trkpt lat="36.878259" lon="126.870578"><time>2026-10-03T06:00:33.002Z</time><ele>7.99</ele></trkpt><trkpt lat="36.878332" lon="126.87071"><time>2026-10-03T06:00:34.002Z</time><ele>8.12</ele></trkpt><trkpt lat="36.878403" lon="126.870849"><time>2026-10-03T06:00:35.002Z</time><ele>8.35</ele></trkpt><trkpt lat="36.878469" lon="126.870994"><time>2026-10-03T06:00:36.002Z</time><ele>8.39</ele></trkpt><trkpt lat="36.878525" lon="126.871144"><time>2026-10-03T06:00:37.002Z</time><ele>8.82</ele></trkpt><trkpt lat="36.878575" lon="126.871306"><time>2026-10-03T06:00:38.002Z</time><ele>9.38</ele></trkpt><trkpt lat="36.878629" lon="126.871473"><time>2026-10-03T06:00:39.002Z</time><ele>9.46</ele></trkpt><trkpt lat="36.878678" lon="126.871642"><time>2026-10-03T06:00:40.002Z</time><ele>9.58</ele></trkpt><trkpt lat="36.878723" lon="126.871817"><time>2026-10-03T06:00:41.002Z</time><ele>9.55</ele></trkpt><trkpt lat="36.878766" lon="126.871985"><time>2026-10-03T06:00:42.002Z</time><ele>9.11</ele></trkpt><trkpt lat="36.878809" lon="126.872143"><time>2026-10-03T06:00:43.000Z</time><ele>9.59</ele></trkpt><trkpt lat="36.878856" lon="126.872294"><time>2026-10-03T06:00:44.000Z</time><ele>9.77</ele></trkpt><trkpt lat="36.8789" lon="126.872436"><time>2026-10-03T06:00:45.000Z</time><ele>9.57</ele></trkpt><trkpt lat="36.878941" lon="126.872564"><time>2026-10-03T06:00:46.000Z</time><ele>8.92</ele></trkpt><trkpt lat="36.878985" lon="126.872709"><time>2026-10-03T06:00:47.000Z</time><ele>8.58</ele></trkpt><trkpt lat="36.879027" lon="126.872864"><time>2026-10-03T06:00:48.000Z</time><ele>8.17</ele></trkpt><trkpt lat="36.879071" lon="126.873027"><time>2026-10-03T06:00:49.000Z</time><ele>8.31</ele></trkpt><trkpt lat="36.879118" lon="126.873199"><time>2026-10-03T06:00:50.000Z</time><ele>8.28</ele></trkpt><trkpt lat="36.879167" lon="126.873378"><time>2026-10-03T06:00:51.000Z</time><ele>8.2</ele></trkpt><trkpt lat="36.879223" lon="126.873564"><time>2026-10-03T06:00:52.000Z</time><ele>8.2</ele></trkpt><trkpt lat="36.879278" lon="126.873756"><time>2026-10-03T06:00:53.000Z</time><ele>8.08</ele></trkpt><trkpt lat="36.879329" lon="126.873943"><time>2026-10-03T06:00:54.000Z</time><ele>7.9</ele></trkpt><trkpt lat="36.879377" lon="126.874126"><time>2026-10-03T06:00:55.000Z</time><ele>7.94</ele></trkpt><trkpt lat="36.879421" lon="126.874307"><time>2026-10-03T06:00:56.000Z</time><ele>8.83</ele></trkpt><trkpt lat="36.879468" lon="126.874468"><time>2026-10-03T06:00:57.000Z</time><ele>8.51</ele></trkpt><trkpt lat="36.879511" lon="126.874621"><time>2026-10-03T06:00:58.000Z</time><ele>8.52</ele></trkpt><trkpt lat="36.879552" lon="126.874766"><time>2026-10-03T06:00:59.000Z</time><ele>8.73</ele></trkpt><trkpt lat="36.879593" lon="126.8749"><time>2026-10-03T06:01:00.000Z</time><ele>9.17</ele></trkpt><trkpt lat="36.879629" lon="126.875027"><time>2026-10-03T06:01:01.000Z</time><ele>9.36</ele></trkpt><trkpt lat="36.879664" lon="126.875155"><time>2026-10-03T06:01:02.000Z</time><ele>9.24</ele></trkpt><trkpt lat="36.879704" lon="126.875292"><time>2026-10-03T06:01:03.000Z</time><ele>8.84</ele></trkpt><trkpt lat="36.879746" lon="126.875453"><time>2026-10-03T06:01:04.000Z</time><ele>8.56</ele></trkpt><trkpt lat="36.879799" lon="126.875624"><time>2026-10-03T06:01:05.000Z</time><ele>8.63</ele></trkpt><trkpt lat="36.87985" lon="126.875807"><time>2026-10-03T06:01:06.000Z</time><ele>8.37</ele></trkpt><trkpt lat="36.8799" lon="126.875999"><time>2026-10-03T06:01:07.000Z</time><ele>8.46</ele></trkpt><trkpt lat="36.879954" lon="126.876198"><time>2026-10-03T06:01:08.000Z</time><ele>8.52</ele></trkpt><trkpt lat="36.880013" lon="126.8764"><time>2026-10-03T06:01:09.000Z</time><ele>8.65</ele></trkpt><trkpt lat="36.880073" lon="126.876608"><time>2026-10-03T06:01:10.000Z</time><ele>8.44</ele></trkpt><trkpt lat="36.880131" lon="126.876815"><time>2026-10-03T06:01:11.000Z</time><ele>8.38</ele></trkpt><trkpt lat="36.88019" lon="126.877026"><time>2026-10-03T06:01:12.000Z</time><ele>8.17</ele></trkpt><trkpt lat="36.880248" lon="126.877238"><time>2026-10-03T06:01:13.000Z</time><ele>8.33</ele></trkpt><trkpt lat="36.880305" lon="126.877451"><time>2026-10-03T06:01:14.000Z</time><ele>8.47</ele></trkpt><trkpt lat="36.880363" lon="126.877661"><time>2026-10-03T06:01:15.000Z</time><ele>8.5</ele></trkpt><trkpt lat="36.88042" lon="126.877863"><time>2026-10-03T06:01:16.000Z</time><ele>8.86</ele></trkpt><trkpt lat="36.880472" lon="126.878048"><time>2026-10-03T06:01:17.000Z</time><ele>9.05</ele></trkpt><trkpt lat="36.880523" lon="126.878236"><time>2026-10-03T06:01:18.000Z</time><ele>9.01</ele></trkpt><trkpt lat="36.880576" lon="126.878429"><time>2026-10-03T06:01:19.000Z</time><ele>8.8</ele></trkpt><trkpt lat="36.88063" lon="126.878629"><time>2026-10-03T06:01:20.000Z</time><ele>9.02</ele></trkpt><trkpt lat="36.880681" lon="126.878825"><time>2026-10-03T06:01:21.000Z</time><ele>9.06</ele></trkpt><trkpt lat="36.880734" lon="126.87901"><time>2026-10-03T06:01:22.000Z</time><ele>8.88</ele></trkpt><trkpt lat="36.880783" lon="126.879177"><time>2026-10-03T06:01:23.000Z</time><ele>9.33</ele></trkpt><trkpt lat="36.880825" lon="126.879331"><time>2026-10-03T06:01:24.000Z</time><ele>9.53</ele></trkpt><trkpt lat="36.880864" lon="126.879478"><time>2026-10-03T06:01:25.000Z</time><ele>9.87</ele></trkpt><trkpt lat="36.8809" lon="126.879614"><time>2026-10-03T06:01:26.000Z</time><ele>10.1</ele></trkpt><trkpt lat="36.880933" lon="126.879732"><time>2026-10-03T06:01:27.001Z</time><ele>10.32</ele></trkpt><trkpt lat="36.880964" lon="126.879836"><time>2026-10-03T06:01:28.001Z</time><ele>10.13</ele></trkpt><trkpt lat="36.880987" lon="126.87992"><time>2026-10-03T06:01:29.001Z</time><ele>10.04</ele></trkpt><trkpt lat="36.881006" lon="126.879987"><time>2026-10-03T06:01:30.001Z</time><ele>9.88</ele></trkpt><trkpt lat="36.881022" lon="126.880039"><time>2026-10-03T06:01:31.001Z</time><ele>9.73</ele></trkpt><trkpt lat="36.881043" lon="126.880107"><time>2026-10-03T06:01:33.001Z</time><ele>9.62</ele></trkpt><trkpt lat="36.881058" lon="126.880161"><time>2026-10-03T06:02:19.001Z</time><ele>11.78</ele></trkpt><trkpt lat="36.881078" lon="126.880282"><time>2026-10-03T06:02:21.001Z</time><ele>11.8</ele></trkpt><trkpt lat="36.881102" lon="126.880357"><time>2026-10-03T06:02:22.001Z</time><ele>11.8</ele></trkpt><trkpt lat="36.881135" lon="126.88044"><time>2026-10-03T06:02:23.001Z</time><ele>11.56</ele></trkpt><trkpt lat="36.881179" lon="126.880504"><time>2026-10-03T06:02:24.001Z</time><ele>11.42</ele></trkpt><trkpt lat="36.881216" lon="126.880566"><time>2026-10-03T06:02:25.001Z</time><ele>10.99</ele></trkpt><trkpt lat="36.881345" lon="126.880569"><time>2026-10-03T06:02:26.001Z</time><ele>10.69</ele></trkpt><trkpt lat="36.88145" lon="126.880565"><time>2026-10-03T06:02:27.001Z</time><ele>10.61</ele></trkpt><trkpt lat="36.881567" lon="126.880553"><time>2026-10-03T06:02:28.001Z</time><ele>10.33</ele></trkpt><trkpt lat="36.8817" lon="126.880556"><time>2026-10-03T06:02:29.001Z</time><ele>10.26</ele></trkpt><trkpt lat="36.88184" lon="126.880551"><time>2026-10-03T06:02:30.001Z</time><ele>10.72</ele></trkpt><trkpt lat="36.881989" lon="126.880537"><time>2026-10-03T06:02:31.001Z</time><ele>10.68</ele></trkpt><trkpt lat="36.882146" lon="126.880525"><time>2026-10-03T06:02:32.001Z</time><ele>10.46</ele></trkpt><trkpt lat="36.882308" lon="126.880511"><time>2026-10-03T06:02:33.001Z</time><ele>10.24</ele></trkpt><trkpt lat="36.882471" lon="126.880497"><time>2026-10-03T06:02:34.001Z</time><ele>9.97</ele></trkpt><trkpt lat="36.882633" lon="126.880482"><time>2026-10-03T06:02:35.001Z</time><ele>9.68</ele></trkpt><trkpt lat="36.882796" lon="126.880474"><time>2026-10-03T06:02:36.001Z</time><ele>9.69</ele></trkpt><trkpt lat="36.882954" lon="126.880464"><time>2026-10-03T06:02:37.001Z</time><ele>9.51</ele></trkpt><trkpt lat="36.883101" lon="126.880453"><time>2026-10-03T06:02:38.001Z</time><ele>9.59</ele></trkpt><trkpt lat="36.883253" lon="126.880444"><time>2026-10-03T06:02:39.002Z</time><ele>9.32</ele></trkpt><trkpt lat="36.883407" lon="126.88045"><time>2026-10-03T06:02:40.002Z</time><ele>9.12</ele></trkpt><trkpt lat="36.883562" lon="126.880496"><time>2026-10-03T06:02:41.002Z</time><ele>9.12</ele></trkpt><trkpt lat="36.883711" lon="126.880571"><time>2026-10-03T06:02:42.002Z</time><ele>9.05</ele></trkpt><trkpt lat="36.883855" lon="126.880658"><time>2026-10-03T06:02:43.002Z</time><ele>9.02</ele></trkpt><trkpt lat="36.884" lon="126.880747"><time>2026-10-03T06:02:44.002Z</time><ele>8.83</ele></trkpt><trkpt lat="36.884158" lon="126.880811"><time>2026-10-03T06:02:45.002Z</time><ele>8.84</ele></trkpt><trkpt lat="36.884302" lon="126.880918"><time>2026-10-03T06:02:46.002Z</time><ele>8.9</ele></trkpt><trkpt lat="36.884459" lon="126.880999"><time>2026-10-03T06:02:47.002Z</time><ele>8.68</ele></trkpt><trkpt lat="36.884613" lon="126.881085"><time>2026-10-03T06:02:48.002Z</time><ele>8.73</ele></trkpt><trkpt lat="36.884768" lon="126.881168"><time>2026-10-03T06:02:49.000Z</time><ele>8.56</ele></trkpt><trkpt lat="36.884925" lon="126.881247"><time>2026-10-03T06:02:50.000Z</time><ele>8.5</ele></trkpt><trkpt lat="36.885078" lon="126.881331"><time>2026-10-03T06:02:51.000Z</time><ele>8.68</ele></trkpt><trkpt lat="36.885218" lon="126.881406"><time>2026-10-03T06:02:52.000Z</time><ele>8.53</ele></trkpt><trkpt lat="36.885346" lon="126.881481"><time>2026-10-03T06:02:53.000Z</time><ele>8.48</ele></trkpt><trkpt lat="36.885468" lon="126.88155"><time>2026-10-03T06:02:54.000Z</time><ele>8.09</ele></trkpt><trkpt lat="36.885584" lon="126.881612"><time>2026-10-03T06:02:55.000Z</time><ele>7.97</ele></trkpt><trkpt lat="36.88569" lon="126.88167"><time>2026-10-03T06:02:56.000Z</time><ele>7.96</ele></trkpt><trkpt lat="36.885782" lon="126.881723"><time>2026-10-03T06:02:57.000Z</time><ele>7.6</ele></trkpt><trkpt lat="36.885853" lon="126.881779"><time>2026-10-03T06:02:58.000Z</time><ele>7.45</ele></trkpt><trkpt lat="36.885899" lon="126.881852"><time>2026-10-03T06:02:59.000Z</time><ele>7.93</ele></trkpt><trkpt lat="36.885968" lon="126.881915"><time>2026-10-03T06:03:00.000Z</time><ele>7.89</ele></trkpt><trkpt lat="36.886042" lon="126.882038"><time>2026-10-03T06:03:01.000Z</time><ele>8.78</ele></trkpt><trkpt lat="36.886018" lon="126.882223"><time>2026-10-03T06:03:02.000Z</time><ele>9.13</ele></trkpt><trkpt lat="36.886043" lon="126.882384"><time>2026-10-03T06:03:03.000Z</time><ele>9.77</ele></trkpt><trkpt lat="36.88607" lon="126.882555"><time>2026-10-03T06:03:04.000Z</time><ele>9.8</ele></trkpt><trkpt lat="36.886098" lon="126.882738"><time>2026-10-03T06:03:05.000Z</time><ele>10.08</ele></trkpt><trkpt lat="36.886115" lon="126.882931"><time>2026-10-03T06:03:06.000Z</time><ele>10.16</ele></trkpt><trkpt lat="36.886142" lon="126.88313"><time>2026-10-03T06:03:07.000Z</time><ele>10.19</ele></trkpt><trkpt lat="36.886166" lon="126.883338"><time>2026-10-03T06:03:08.000Z</time><ele>10.54</ele></trkpt><trkpt lat="36.886185" lon="126.883555"><time>2026-10-03T06:03:09.000Z</time><ele>10.83</ele></trkpt><trkpt lat="36.8862" lon="126.883777"><time>2026-10-03T06:03:10.000Z</time><ele>11.1</ele></trkpt><trkpt lat="36.886212" lon="126.884001"><time>2026-10-03T06:03:11.000Z</time><ele>11.1</ele></trkpt><trkpt lat="36.886227" lon="126.884231"><time>2026-10-03T06:03:12.000Z</time><ele>11.73</ele></trkpt><trkpt lat="36.886242" lon="126.884466"><time>2026-10-03T06:03:13.000Z</time><ele>11.83</ele></trkpt><trkpt lat="36.886255" lon="126.884706"><time>2026-10-03T06:03:14.000Z</time><ele>12.16</ele></trkpt><trkpt lat="36.886299" lon="126.884952"><time>2026-10-03T06:03:15.000Z</time><ele>12.46</ele></trkpt><trkpt lat="36.886278" lon="126.885195"><time>2026-10-03T06:03:16.000Z</time><ele>13.26</ele></trkpt><trkpt lat="36.886293" lon="126.885439"><time>2026-10-03T06:03:17.000Z</time><ele>13.42</ele></trkpt><trkpt lat="36.886309" lon="126.885684"><time>2026-10-03T06:03:18.000Z</time><ele>13.72</ele></trkpt><trkpt lat="36.886324" lon="126.885931"><time>2026-10-03T06:03:19.000Z</time><ele>13.54</ele></trkpt><trkpt lat="36.886336" lon="126.88618"><time>2026-10-03T06:03:20.000Z</time><ele>13.36</ele></trkpt><trkpt lat="36.88635" lon="126.886428"><time>2026-10-03T06:03:21.000Z</time><ele>13.35</ele></trkpt><trkpt lat="36.886367" lon="126.886679"><time>2026-10-03T06:03:22.000Z</time><ele>13.47</ele></trkpt><trkpt lat="36.88638" lon="126.886933"><time>2026-10-03T06:03:23.000Z</time><ele>13.71</ele></trkpt><trkpt lat="36.886392" lon="126.88719"><time>2026-10-03T06:03:24.000Z</time><ele>14.01</ele></trkpt><trkpt lat="36.886407" lon="126.887448"><time>2026-10-03T06:03:25.000Z</time><ele>13.61</ele></trkpt><trkpt lat="36.886424" lon="126.887707"><time>2026-10-03T06:03:26.000Z</time><ele>13.57</ele></trkpt><trkpt lat="36.886441" lon="126.887971"><time>2026-10-03T06:03:27.000Z</time><ele>13.06</ele></trkpt><trkpt lat="36.886456" lon="126.88824"><time>2026-10-03T06:03:28.000Z</time><ele>12.95</ele></trkpt><trkpt lat="36.886473" lon="126.888512"><time>2026-10-03T06:03:29.000Z</time><ele>12.73</ele></trkpt><trkpt lat="36.886489" lon="126.888786"><time>2026-10-03T06:03:30.000Z</time><ele>13.05</ele></trkpt><trkpt lat="36.886506" lon="126.889061"><time>2026-10-03T06:03:31.000Z</time><ele>12.47</ele></trkpt><trkpt lat="36.88652" lon="126.88934"><time>2026-10-03T06:03:32.000Z</time><ele>12.16</ele></trkpt><trkpt lat="36.886535" lon="126.889625"><time>2026-10-03T06:03:33.000Z</time><ele>12.01</ele></trkpt><trkpt lat="36.886553" lon="126.889909"><time>2026-10-03T06:03:34.000Z</time><ele>11.71</ele></trkpt><trkpt lat="36.886567" lon="126.890194"><time>2026-10-03T06:03:35.000Z</time><ele>11.26</ele></trkpt><trkpt lat="36.886582" lon="126.89048"><time>2026-10-03T06:03:36.000Z</time><ele>11.1</ele></trkpt><trkpt lat="36.886599" lon="126.890766"><time>2026-10-03T06:03:37.001Z</time><ele>10.9</ele></trkpt><trkpt lat="36.886614" lon="126.891054"><time>2026-10-03T06:03:38.001Z</time><ele>10.6</ele></trkpt><trkpt lat="36.88663" lon="126.891342"><time>2026-10-03T06:03:39.001Z</time><ele>10.31</ele></trkpt><trkpt lat="36.886647" lon="126.89163"><time>2026-10-03T06:03:40.001Z</time><ele>9.98</ele></trkpt><trkpt lat="36.886665" lon="126.891919"><time>2026-10-03T06:03:41.001Z</time><ele>9.69</ele></trkpt><trkpt lat="36.886683" lon="126.892205"><time>2026-10-03T06:03:42.001Z</time><ele>9.75</ele></trkpt><trkpt lat="36.886699" lon="126.892486"><time>2026-10-03T06:03:43.001Z</time><ele>9.81</ele></trkpt><trkpt lat="36.886715" lon="126.892762"><time>2026-10-03T06:03:44.001Z</time><ele>9.73</ele></trkpt><trkpt lat="36.886732" lon="126.893037"><time>2026-10-03T06:03:45.001Z</time><ele>9.88</ele></trkpt><trkpt lat="36.886748" lon="126.893309"><time>2026-10-03T06:03:46.001Z</time><ele>9.71</ele></trkpt><trkpt lat="36.886761" lon="126.893581"><time>2026-10-03T06:03:47.001Z</time><ele>9.91</ele></trkpt><trkpt lat="36.886776" lon="126.893851"><time>2026-10-03T06:03:48.001Z</time><ele>9.72</ele></trkpt><trkpt lat="36.886791" lon="126.894118"><time>2026-10-03T06:03:49.001Z</time><ele>9.85</ele></trkpt><trkpt lat="36.886804" lon="126.894384"><time>2026-10-03T06:03:50.001Z</time><ele>9.85</ele></trkpt><trkpt lat="36.886818" lon="126.894648"><time>2026-10-03T06:03:51.001Z</time><ele>9.89</ele></trkpt><trkpt lat="36.886831" lon="126.894909"><time>2026-10-03T06:03:52.001Z</time><ele>10.07</ele></trkpt><trkpt lat="36.886845" lon="126.89517"><time>2026-10-03T06:03:53.001Z</time><ele>9.94</ele></trkpt><trkpt lat="36.886862" lon="126.895431"><time>2026-10-03T06:03:54.001Z</time><ele>10.04</ele></trkpt><trkpt lat="36.886881" lon="126.895693"><time>2026-10-03T06:03:55.001Z</time><ele>10.08</ele></trkpt><trkpt lat="36.886897" lon="126.895952"><time>2026-10-03T06:03:56.001Z</time><ele>10.11</ele></trkpt><trkpt lat="36.886916" lon="126.896212"><time>2026-10-03T06:03:57.001Z</time><ele>10.19</ele></trkpt><trkpt lat="36.886933" lon="126.896474"><time>2026-10-03T06:03:58.001Z</time><ele>10.31</ele></trkpt><trkpt lat="36.886949" lon="126.896733"><time>2026-10-03T06:03:59.001Z</time><ele>10.5</ele></trkpt><trkpt lat="36.886963" lon="126.896993"><time>2026-10-03T06:04:00.001Z</time><ele>10.6</ele></trkpt><trkpt lat="36.886977" lon="126.897252"><time>2026-10-03T06:04:01.001Z</time><ele>10.77</ele></trkpt><trkpt lat="36.886991" lon="126.897514"><time>2026-10-03T06:04:02.001Z</time><ele>10.9</ele></trkpt><trkpt lat="36.887005" lon="126.897777"><time>2026-10-03T06:04:03.001Z</time><ele>11.25</ele></trkpt><trkpt lat="36.88702" lon="126.898041"><time>2026-10-03T06:04:04.001Z</time><ele>11.26</ele></trkpt><trkpt lat="36.887035" lon="126.898307"><time>2026-10-03T06:04:05.001Z</time><ele>11.68</ele></trkpt><trkpt lat="36.887052" lon="126.898574"><time>2026-10-03T06:04:06.001Z</time><ele>11.76</ele></trkpt><trkpt lat="36.887068" lon="126.898842"><time>2026-10-03T06:04:07.001Z</time><ele>11.89</ele></trkpt><trkpt lat="36.887084" lon="126.899117"><time>2026-10-03T06:04:08.001Z</time><ele>12.01</ele></trkpt><trkpt lat="36.887101" lon="126.899394"><time>2026-10-03T06:04:09.001Z</time><ele>12.2</ele></trkpt><trkpt lat="36.887115" lon="126.89967"><time>2026-10-03T06:04:10.001Z</time><ele>12.52</ele></trkpt><trkpt lat="36.88713" lon="126.899947"><time>2026-10-03T06:04:11.001Z</time><ele>12.93</ele></trkpt><trkpt lat="36.887148" lon="126.900223"><time>2026-10-03T06:04:12.001Z</time><ele>13</ele></trkpt><trkpt lat="36.887166" lon="126.9005"><time>2026-10-03T06:04:13.001Z</time><ele>12.92</ele></trkpt><trkpt lat="36.887181" lon="126.900776"><time>2026-10-03T06:04:14.001Z</time><ele>13.05</ele></trkpt><trkpt lat="36.887194" lon="126.901053"><time>2026-10-03T06:04:15.001Z</time><ele>13.38</ele></trkpt><trkpt lat="36.88721" lon="126.901329"><time>2026-10-03T06:04:16.001Z</time><ele>13.29</ele></trkpt><trkpt lat="36.887226" lon="126.901602"><time>2026-10-03T06:04:17.001Z</time><ele>13.1</ele></trkpt><trkpt lat="36.887241" lon="126.901876"><time>2026-10-03T06:04:18.001Z</time><ele>13.11</ele></trkpt><trkpt lat="36.887262" lon="126.90215"><time>2026-10-03T06:04:19.001Z</time><ele>12.97</ele></trkpt><trkpt lat="36.887286" lon="126.902423"><time>2026-10-03T06:04:20.001Z</time><ele>12.64</ele></trkpt><trkpt lat="36.887316" lon="126.902696"><time>2026-10-03T06:04:21.001Z</time><ele>12.29</ele></trkpt><trkpt lat="36.887354" lon="126.902969"><time>2026-10-03T06:04:22.001Z</time><ele>12.4</ele></trkpt><trkpt lat="36.887406" lon="126.903241"><time>2026-10-03T06:04:23.001Z</time><ele>11.95</ele></trkpt><trkpt lat="36.887463" lon="126.903513"><time>2026-10-03T06:04:24.001Z</time><ele>11.68</ele></trkpt><trkpt lat="36.887528" lon="126.903784"><time>2026-10-03T06:04:25.001Z</time><ele>10.94</ele></trkpt><trkpt lat="36.887599" lon="126.90405"><time>2026-10-03T06:04:26.001Z</time><ele>10.45</ele></trkpt><trkpt lat="36.887678" lon="126.904314"><time>2026-10-03T06:04:27.001Z</time><ele>9.74</ele></trkpt><trkpt lat="36.887763" lon="126.904574"><time>2026-10-03T06:04:28.001Z</time><ele>9.52</ele></trkpt><trkpt lat="36.887856" lon="126.904831"><time>2026-10-03T06:04:29.001Z</time><ele>8.91</ele></trkpt><trkpt lat="36.887957" lon="126.905084"><time>2026-10-03T06:04:30.001Z</time><ele>8.51</ele></trkpt><trkpt lat="36.888068" lon="126.905332"><time>2026-10-03T06:04:31.001Z</time><ele>8.06</ele></trkpt><trkpt lat="36.888188" lon="126.905576"><time>2026-10-03T06:04:32.001Z</time><ele>7.72</ele></trkpt><trkpt lat="36.888314" lon="126.90582"><time>2026-10-03T06:04:33.001Z</time><ele>7.26</ele></trkpt><trkpt lat="36.888445" lon="126.906063"><time>2026-10-03T06:04:34.001Z</time><ele>6.81</ele></trkpt><trkpt lat="36.888578" lon="126.906301"><time>2026-10-03T06:04:35.001Z</time><ele>6.29</ele></trkpt><trkpt lat="36.888716" lon="126.906533"><time>2026-10-03T06:04:36.001Z</time><ele>6.12</ele></trkpt><trkpt lat="36.888857" lon="126.906763"><time>2026-10-03T06:04:37.001Z</time><ele>6.01</ele></trkpt><trkpt lat="36.888995" lon="126.906998"><time>2026-10-03T06:04:38.001Z</time><ele>5.93</ele></trkpt><trkpt lat="36.889132" lon="126.907234"><time>2026-10-03T06:04:39.001Z</time><ele>6</ele></trkpt><trkpt lat="36.889268" lon="126.907469"><time>2026-10-03T06:04:40.001Z</time><ele>6.31</ele></trkpt><trkpt lat="36.889405" lon="126.907704"><time>2026-10-03T06:04:41.001Z</time><ele>6.35</ele></trkpt><trkpt lat="36.889541" lon="126.90794"><time>2026-10-03T06:04:42.001Z</time><ele>6.49</ele></trkpt><trkpt lat="36.889677" lon="126.908171"><time>2026-10-03T06:04:43.001Z</time><ele>6.67</ele></trkpt><trkpt lat="36.889817" lon="126.908399"><time>2026-10-03T06:04:44.001Z</time><ele>6.63</ele></trkpt><trkpt lat="36.889965" lon="126.908623"><time>2026-10-03T06:04:45.001Z</time><ele>6.86</ele></trkpt><trkpt lat="36.890111" lon="126.908851"><time>2026-10-03T06:04:46.001Z</time><ele>6.89</ele></trkpt><trkpt lat="36.89025" lon="126.909085"><time>2026-10-03T06:04:47.001Z</time><ele>7.03</ele></trkpt><trkpt lat="36.890383" lon="126.909316"><time>2026-10-03T06:04:48.002Z</time><ele>6.92</ele></trkpt><trkpt lat="36.890513" lon="126.909542"><time>2026-10-03T06:04:49.002Z</time><ele>6.75</ele></trkpt><trkpt lat="36.890644" lon="126.909767"><time>2026-10-03T06:04:50.002Z</time><ele>6.86</ele></trkpt><trkpt lat="36.890772" lon="126.909991"><time>2026-10-03T06:04:51.002Z</time><ele>6.81</ele></trkpt><trkpt lat="36.890899" lon="126.910211"><time>2026-10-03T06:04:52.002Z</time><ele>6.79</ele></trkpt><trkpt lat="36.891025" lon="126.910433"><time>2026-10-03T06:04:53.002Z</time><ele>7.02</ele></trkpt><trkpt lat="36.891147" lon="126.910658"><time>2026-10-03T06:04:54.002Z</time><ele>7.28</ele></trkpt><trkpt lat="36.891262" lon="126.910891"><time>2026-10-03T06:04:55.000Z</time><ele>8.14</ele></trkpt><trkpt lat="36.891387" lon="126.911118"><time>2026-10-03T06:04:56.000Z</time><ele>9.18</ele></trkpt><trkpt lat="36.891516" lon="126.911333"><time>2026-10-03T06:04:57.000Z</time><ele>10.17</ele></trkpt><trkpt lat="36.89164" lon="126.911542"><time>2026-10-03T06:04:58.000Z</time><ele>11.5</ele></trkpt><trkpt lat="36.891763" lon="126.911744"><time>2026-10-03T06:04:59.000Z</time><ele>12.31</ele></trkpt><trkpt lat="36.891888" lon="126.911935"><time>2026-10-03T06:05:00.000Z</time><ele>12.62</ele></trkpt><trkpt lat="36.892024" lon="126.912108"><time>2026-10-03T06:05:01.000Z</time><ele>12.9</ele></trkpt><trkpt lat="36.892182" lon="126.912249"><time>2026-10-03T06:05:02.000Z</time><ele>12.97</ele></trkpt><trkpt lat="36.89236" lon="126.912351"><time>2026-10-03T06:05:03.000Z</time><ele>12.88</ele></trkpt><trkpt lat="36.892547" lon="126.912423"><time>2026-10-03T06:05:04.000Z</time><ele>12.61</ele></trkpt><trkpt lat="36.892741" lon="126.912465"><time>2026-10-03T06:05:05.000Z</time><ele>12.11</ele></trkpt><trkpt lat="36.892929" lon="126.912468"><time>2026-10-03T06:05:06.000Z</time><ele>11.81</ele></trkpt><trkpt lat="36.893107" lon="126.912435"><time>2026-10-03T06:05:07.000Z</time><ele>11.26</ele></trkpt><trkpt lat="36.89329" lon="126.91238"><time>2026-10-03T06:05:08.000Z</time><ele>10.35</ele></trkpt><trkpt lat="36.893472" lon="126.912295"><time>2026-10-03T06:05:09.000Z</time><ele>9.3</ele></trkpt><trkpt lat="36.893651" lon="126.912188"><time>2026-10-03T06:05:10.000Z</time><ele>8.24</ele></trkpt><trkpt lat="36.893835" lon="126.912083"><time>2026-10-03T06:05:11.000Z</time><ele>7.17</ele></trkpt><trkpt lat="36.89403" lon="126.911994"><time>2026-10-03T06:05:12.000Z</time><ele>6.91</ele></trkpt><trkpt lat="36.894232" lon="126.91191"><time>2026-10-03T06:05:13.000Z</time><ele>6.88</ele></trkpt><trkpt lat="36.894436" lon="126.911829"><time>2026-10-03T06:05:14.000Z</time><ele>7.08</ele></trkpt><trkpt lat="36.894641" lon="126.911751"><time>2026-10-03T06:05:15.000Z</time><ele>7.61</ele></trkpt><trkpt lat="36.894849" lon="126.911681"><time>2026-10-03T06:05:16.000Z</time><ele>7.83</ele></trkpt><trkpt lat="36.895061" lon="126.911624"><time>2026-10-03T06:05:17.000Z</time><ele>7.49</ele></trkpt><trkpt lat="36.895263" lon="126.911531"><time>2026-10-03T06:05:18.000Z</time><ele>7.45</ele></trkpt><trkpt lat="36.895493" lon="126.911524"><time>2026-10-03T06:05:19.000Z</time><ele>7.69</ele></trkpt><trkpt lat="36.895713" lon="126.911461"><time>2026-10-03T06:05:20.000Z</time><ele>7.65</ele></trkpt><trkpt lat="36.895938" lon="126.911393"><time>2026-10-03T06:05:21.000Z</time><ele>7.64</ele></trkpt><trkpt lat="36.896169" lon="126.911334"><time>2026-10-03T06:05:22.000Z</time><ele>7.75</ele></trkpt><trkpt lat="36.896405" lon="126.911282"><time>2026-10-03T06:05:23.000Z</time><ele>8.08</ele></trkpt><trkpt lat="36.896641" lon="126.911233"><time>2026-10-03T06:05:24.000Z</time><ele>8.02</ele></trkpt><trkpt lat="36.896876" lon="126.911183"><time>2026-10-03T06:05:25.000Z</time><ele>8.13</ele></trkpt><trkpt lat="36.897116" lon="126.911129"><time>2026-10-03T06:05:26.000Z</time><ele>8.28</ele></trkpt><trkpt lat="36.897361" lon="126.911071"><time>2026-10-03T06:05:27.000Z</time><ele>8.2</ele></trkpt><trkpt lat="36.89761" lon="126.911019"><time>2026-10-03T06:05:28.000Z</time><ele>8.58</ele></trkpt><trkpt lat="36.897862" lon="126.910964"><time>2026-10-03T06:05:29.000Z</time><ele>8.65</ele></trkpt><trkpt lat="36.898115" lon="126.910909"><time>2026-10-03T06:05:30.000Z</time><ele>8.67</ele></trkpt><trkpt lat="36.898367" lon="126.910853"><time>2026-10-03T06:05:31.000Z</time><ele>8.75</ele></trkpt><trkpt lat="36.898619" lon="126.910797"><time>2026-10-03T06:05:32.000Z</time><ele>8.45</ele></trkpt><trkpt lat="36.89887" lon="126.910742"><time>2026-10-03T06:05:33.000Z</time><ele>8.46</ele></trkpt><trkpt lat="36.899122" lon="126.910689"><time>2026-10-03T06:05:34.000Z</time><ele>8.8</ele></trkpt><trkpt lat="36.899372" lon="126.910634"><time>2026-10-03T06:05:35.000Z</time><ele>8.52</ele></trkpt><trkpt lat="36.899622" lon="126.910578"><time>2026-10-03T06:05:36.000Z</time><ele>8.7</ele></trkpt><trkpt lat="36.899872" lon="126.910522"><time>2026-10-03T06:05:37.000Z</time><ele>8.56</ele></trkpt><trkpt lat="36.900123" lon="126.910467"><time>2026-10-03T06:05:38.000Z</time><ele>8.57</ele></trkpt><trkpt lat="36.900373" lon="126.910411"><time>2026-10-03T06:05:39.000Z</time><ele>8.35</ele></trkpt><trkpt lat="36.900624" lon="126.910356"><time>2026-10-03T06:05:40.000Z</time><ele>8.39</ele></trkpt><trkpt lat="36.900876" lon="126.910301"><time>2026-10-03T06:05:41.000Z</time><ele>8.45</ele></trkpt><trkpt lat="36.901129" lon="126.910244"><time>2026-10-03T06:05:42.001Z</time><ele>8.46</ele></trkpt><trkpt lat="36.901383" lon="126.910188"><time>2026-10-03T06:05:43.001Z</time><ele>8.35</ele></trkpt><trkpt lat="36.901636" lon="126.910133"><time>2026-10-03T06:05:44.001Z</time><ele>8.52</ele></trkpt><trkpt lat="36.90189" lon="126.910076"><time>2026-10-03T06:05:45.001Z</time><ele>8.43</ele></trkpt><trkpt lat="36.902142" lon="126.910019"><time>2026-10-03T06:05:46.001Z</time><ele>8.63</ele></trkpt><trkpt lat="36.902394" lon="126.909964"><time>2026-10-03T06:05:47.001Z</time><ele>8.77</ele></trkpt><trkpt lat="36.902643" lon="126.909911"><time>2026-10-03T06:05:48.001Z</time><ele>8.92</ele></trkpt><trkpt lat="36.902894" lon="126.909858"><time>2026-10-03T06:05:49.001Z</time><ele>8.68</ele></trkpt><trkpt lat="36.903144" lon="126.909801"><time>2026-10-03T06:05:50.001Z</time><ele>8.45</ele></trkpt><trkpt lat="36.903394" lon="126.909742"><time>2026-10-03T06:05:51.001Z</time><ele>8.37</ele></trkpt><trkpt lat="36.903643" lon="126.909684"><time>2026-10-03T06:05:52.001Z</time><ele>8.43</ele></trkpt><trkpt lat="36.903892" lon="126.909628"><time>2026-10-03T06:05:53.001Z</time><ele>9.13</ele></trkpt><trkpt lat="36.904139" lon="126.909573"><time>2026-10-03T06:05:54.001Z</time><ele>9.87</ele></trkpt><trkpt lat="36.904382" lon="126.909523"><time>2026-10-03T06:05:55.001Z</time><ele>9.92</ele></trkpt><trkpt lat="36.904622" lon="126.909473"><time>2026-10-03T06:05:56.001Z</time><ele>9.07</ele></trkpt><trkpt lat="36.904859" lon="126.909421"><time>2026-10-03T06:05:57.001Z</time><ele>9.44</ele></trkpt><trkpt lat="36.905097" lon="126.909368"><time>2026-10-03T06:05:58.001Z</time><ele>9.3</ele></trkpt><trkpt lat="36.905335" lon="126.909314"><time>2026-10-03T06:05:59.001Z</time><ele>9.12</ele></trkpt><trkpt lat="36.905572" lon="126.909261"><time>2026-10-03T06:06:00.001Z</time><ele>8.9</ele></trkpt><trkpt lat="36.905818" lon="126.909207"><time>2026-10-03T06:06:01.001Z</time><ele>8.7</ele></trkpt><trkpt lat="36.90607" lon="126.909154"><time>2026-10-03T06:06:02.001Z</time><ele>8.93</ele></trkpt><trkpt lat="36.906321" lon="126.909098"><time>2026-10-03T06:06:03.001Z</time><ele>8.69</ele></trkpt><trkpt lat="36.906575" lon="126.909045"><time>2026-10-03T06:06:04.001Z</time><ele>8.86</ele></trkpt><trkpt lat="36.906831" lon="126.908997"><time>2026-10-03T06:06:05.001Z</time><ele>8.73</ele></trkpt><trkpt lat="36.907094" lon="126.908956"><time>2026-10-03T06:06:06.001Z</time><ele>8.14</ele></trkpt><trkpt lat="36.907365" lon="126.90893"><time>2026-10-03T06:06:07.001Z</time><ele>8.07</ele></trkpt><trkpt lat="36.907641" lon="126.9089"><time>2026-10-03T06:06:08.001Z</time><ele>8.79</ele></trkpt><trkpt lat="36.90792" lon="126.908873"><time>2026-10-03T06:06:09.001Z</time><ele>9.26</ele></trkpt><trkpt lat="36.908189" lon="126.908856"><time>2026-10-03T06:06:10.001Z</time><ele>9.49</ele></trkpt><trkpt lat="36.908445" lon="126.90885"><time>2026-10-03T06:06:11.001Z</time><ele>9.77</ele></trkpt><trkpt lat="36.908699" lon="126.908857"><time>2026-10-03T06:06:12.001Z</time><ele>10.23</ele></trkpt><trkpt lat="36.908956" lon="126.90887"><time>2026-10-03T06:06:13.001Z</time><ele>10.46</ele></trkpt><trkpt lat="36.90921" lon="126.908896"><time>2026-10-03T06:06:14.001Z</time><ele>10.79</ele></trkpt><trkpt lat="36.909467" lon="126.908934"><time>2026-10-03T06:06:15.001Z</time><ele>10.47</ele></trkpt><trkpt lat="36.909721" lon="126.908979"><time>2026-10-03T06:06:16.001Z</time><ele>10.74</ele></trkpt><trkpt lat="36.90997" lon="126.909029"><time>2026-10-03T06:06:17.001Z</time><ele>10.88</ele></trkpt><trkpt lat="36.910214" lon="126.909078"><time>2026-10-03T06:06:18.001Z</time><ele>10.55</ele></trkpt><trkpt lat="36.910456" lon="126.90913"><time>2026-10-03T06:06:19.001Z</time><ele>10.74</ele></trkpt><trkpt lat="36.910701" lon="126.909187"><time>2026-10-03T06:06:20.001Z</time><ele>10.83</ele></trkpt><trkpt lat="36.910951" lon="126.909247"><time>2026-10-03T06:06:21.001Z</time><ele>11.18</ele></trkpt><trkpt lat="36.911202" lon="126.909304"><time>2026-10-03T06:06:22.001Z</time><ele>11.3</ele></trkpt><trkpt lat="36.911453" lon="126.909363"><time>2026-10-03T06:06:23.001Z</time><ele>12.08</ele></trkpt><trkpt lat="36.911703" lon="126.90942"><time>2026-10-03T06:06:24.001Z</time><ele>12.24</ele></trkpt><trkpt lat="36.911955" lon="126.909475"><time>2026-10-03T06:06:25.001Z</time><ele>12.6</ele></trkpt><trkpt lat="36.912206" lon="126.909533"><time>2026-10-03T06:06:26.001Z</time><ele>13.3</ele></trkpt><trkpt lat="36.912456" lon="126.909592"><time>2026-10-03T06:06:27.001Z</time><ele>13.55</ele></trkpt><trkpt lat="36.912703" lon="126.90965"><time>2026-10-03T06:06:28.001Z</time><ele>14.13</ele></trkpt><trkpt lat="36.912947" lon="126.909705"><time>2026-10-03T06:06:29.001Z</time><ele>14.53</ele></trkpt><trkpt lat="36.913192" lon="126.909761"><time>2026-10-03T06:06:30.001Z</time><ele>15.09</ele></trkpt><trkpt lat="36.913435" lon="126.909818"><time>2026-10-03T06:06:31.001Z</time><ele>15.43</ele></trkpt><trkpt lat="36.913678" lon="126.909876"><time>2026-10-03T06:06:32.001Z</time><ele>15.85</ele></trkpt><trkpt lat="36.913923" lon="126.909933"><time>2026-10-03T06:06:33.001Z</time><ele>16.31</ele></trkpt><trkpt lat="36.914172" lon="126.909981"><time>2026-10-03T06:06:34.001Z</time><ele>16.76</ele></trkpt><trkpt lat="36.914428" lon="126.910024"><time>2026-10-03T06:06:35.001Z</time><ele>17.33</ele></trkpt><trkpt lat="36.914682" lon="126.910072"><time>2026-10-03T06:06:36.001Z</time><ele>18.2</ele></trkpt><trkpt lat="36.914933" lon="126.91013"><time>2026-10-03T06:06:37.001Z</time><ele>18.65</ele></trkpt><trkpt lat="36.91518" lon="126.910192"><time>2026-10-03T06:06:38.001Z</time><ele>19.45</ele></trkpt><trkpt lat="36.915423" lon="126.910253"><time>2026-10-03T06:06:39.001Z</time><ele>20.12</ele></trkpt><trkpt lat="36.915662" lon="126.910307"><time>2026-10-03T06:06:40.001Z</time><ele>20.01</ele></trkpt><trkpt lat="36.915899" lon="126.910363"><time>2026-10-03T06:06:41.001Z</time><ele>20.49</ele></trkpt><trkpt lat="36.916141" lon="126.91042"><time>2026-10-03T06:06:42.001Z</time><ele>20.84</ele></trkpt><trkpt lat="36.916384" lon="126.910484"><time>2026-10-03T06:06:43.001Z</time><ele>21.29</ele></trkpt><trkpt lat="36.916624" lon="126.910551"><time>2026-10-03T06:06:44.001Z</time><ele>21.55</ele></trkpt><trkpt lat="36.916859" lon="126.910633"><time>2026-10-03T06:06:45.001Z</time><ele>21.74</ele></trkpt><trkpt lat="36.917097" lon="126.910733"><time>2026-10-03T06:06:46.001Z</time><ele>22.12</ele></trkpt><trkpt lat="36.917334" lon="126.910833"><time>2026-10-03T06:06:47.001Z</time><ele>21.86</ele></trkpt><trkpt lat="36.917576" lon="126.910922"><time>2026-10-03T06:06:48.001Z</time><ele>21.73</ele></trkpt><trkpt lat="36.917814" lon="126.911011"><time>2026-10-03T06:06:49.001Z</time><ele>20.53</ele></trkpt><trkpt lat="36.918035" lon="126.911098"><time>2026-10-03T06:06:50.001Z</time><ele>19.85</ele></trkpt><trkpt lat="36.918242" lon="126.911187"><time>2026-10-03T06:06:51.001Z</time><ele>19.1</ele></trkpt><trkpt lat="36.918452" lon="126.911276"><time>2026-10-03T06:06:52.001Z</time><ele>19.42</ele></trkpt><trkpt lat="36.918654" lon="126.911359"><time>2026-10-03T06:06:53.001Z</time><ele>19.35</ele></trkpt><trkpt lat="36.918846" lon="126.911439"><time>2026-10-03T06:06:54.002Z</time><ele>19.43</ele></trkpt><trkpt lat="36.919042" lon="126.911514"><time>2026-10-03T06:06:55.002Z</time><ele>18.51</ele></trkpt><trkpt lat="36.919226" lon="126.911588"><time>2026-10-03T06:06:56.002Z</time><ele>18.14</ele></trkpt><trkpt lat="36.9194" lon="126.911662"><time>2026-10-03T06:06:57.002Z</time><ele>18</ele></trkpt><trkpt lat="36.919564" lon="126.91173"><time>2026-10-03T06:06:58.002Z</time><ele>17.54</ele></trkpt><trkpt lat="36.919723" lon="126.911793"><time>2026-10-03T06:06:59.002Z</time><ele>17.91</ele></trkpt><trkpt lat="36.919879" lon="126.911858"><time>2026-10-03T06:07:00.002Z</time><ele>17.44</ele></trkpt><trkpt lat="36.920035" lon="126.911926"><time>2026-10-03T06:07:01.000Z</time><ele>17.46</ele></trkpt><trkpt lat="36.920187" lon="126.911986"><time>2026-10-03T06:07:02.000Z</time><ele>17.35</ele></trkpt><trkpt lat="36.92034" lon="126.912044"><time>2026-10-03T06:07:03.000Z</time><ele>16.95</ele></trkpt><trkpt lat="36.920494" lon="126.912105"><time>2026-10-03T06:07:04.000Z</time><ele>17.17</ele></trkpt><trkpt lat="36.920649" lon="126.912166"><time>2026-10-03T06:07:05.000Z</time><ele>16.94</ele></trkpt><trkpt lat="36.920807" lon="126.91223"><time>2026-10-03T06:07:06.000Z</time><ele>17</ele></trkpt><trkpt lat="36.920963" lon="126.912294"><time>2026-10-03T06:07:07.000Z</time><ele>17.75</ele></trkpt><trkpt lat="36.921121" lon="126.912344"><time>2026-10-03T06:07:08.000Z</time><ele>18</ele></trkpt><trkpt lat="36.921283" lon="126.912388"><time>2026-10-03T06:07:09.000Z</time><ele>18.09</ele></trkpt><trkpt lat="36.921447" lon="126.91244"><time>2026-10-03T06:07:10.000Z</time><ele>18.14</ele></trkpt><trkpt lat="36.921622" lon="126.912514"><time>2026-10-03T06:07:11.000Z</time><ele>18.57</ele></trkpt><trkpt lat="36.921812" lon="126.912595"><time>2026-10-03T06:07:12.000Z</time><ele>19.23</ele></trkpt><trkpt lat="36.922014" lon="126.912678"><time>2026-10-03T06:07:13.000Z</time><ele>19.6</ele></trkpt><trkpt lat="36.922227" lon="126.912763"><time>2026-10-03T06:07:14.000Z</time><ele>20.08</ele></trkpt><trkpt lat="36.922451" lon="126.912853"><time>2026-10-03T06:07:15.000Z</time><ele>20.83</ele></trkpt><trkpt lat="36.922684" lon="126.912947"><time>2026-10-03T06:07:16.000Z</time><ele>21.17</ele></trkpt><trkpt lat="36.923411" lon="126.913261"><time>2026-10-03T06:07:19.000Z</time><ele>23.83</ele></trkpt><trkpt lat="36.923657" lon="126.91338"><time>2026-10-03T06:07:20.000Z</time><ele>24.15</ele></trkpt><trkpt lat="36.923908" lon="126.913483"><time>2026-10-03T06:07:21.000Z</time><ele>24.49</ele></trkpt><trkpt lat="36.924159" lon="126.913588"><time>2026-10-03T06:07:22.000Z</time><ele>24.63</ele></trkpt><trkpt lat="36.924408" lon="126.913695"><time>2026-10-03T06:07:23.000Z</time><ele>25.46</ele></trkpt><trkpt lat="36.924658" lon="126.913804"><time>2026-10-03T06:07:24.000Z</time><ele>26.45</ele></trkpt><trkpt lat="36.92491" lon="126.913906"><time>2026-10-03T06:07:25.000Z</time><ele>26.55</ele></trkpt><trkpt lat="36.925165" lon="126.914007"><time>2026-10-03T06:07:26.000Z</time><ele>26.77</ele></trkpt><trkpt lat="36.925422" lon="126.91411"><time>2026-10-03T06:07:27.000Z</time><ele>27.22</ele></trkpt><trkpt lat="36.925681" lon="126.914214"><time>2026-10-03T06:07:28.000Z</time><ele>26.82</ele></trkpt><trkpt lat="36.925937" lon="126.914311"><time>2026-10-03T06:07:29.000Z</time><ele>27.46</ele></trkpt><trkpt lat="36.92619" lon="126.914397"><time>2026-10-03T06:07:30.000Z</time><ele>26.89</ele></trkpt><trkpt lat="36.926436" lon="126.914484"><time>2026-10-03T06:07:31.000Z</time><ele>26.45</ele></trkpt><trkpt lat="36.926678" lon="126.914569"><time>2026-10-03T06:07:32.000Z</time><ele>26.58</ele></trkpt><trkpt lat="36.926914" lon="126.914644"><time>2026-10-03T06:07:33.000Z</time><ele>26.08</ele></trkpt><trkpt lat="36.927141" lon="126.914702"><time>2026-10-03T06:07:34.000Z</time><ele>26.2</ele></trkpt><trkpt lat="36.927365" lon="126.914754"><time>2026-10-03T06:07:35.000Z</time><ele>25.86</ele></trkpt><trkpt lat="36.927597" lon="126.914802"><time>2026-10-03T06:07:36.000Z</time><ele>25.22</ele></trkpt><trkpt lat="36.927826" lon="126.914838"><time>2026-10-03T06:07:37.000Z</time><ele>24.68</ele></trkpt><trkpt lat="36.928056" lon="126.914877"><time>2026-10-03T06:07:38.000Z</time><ele>25.38</ele></trkpt><trkpt lat="36.92829" lon="126.914911"><time>2026-10-03T06:07:39.000Z</time><ele>25.27</ele></trkpt><trkpt lat="36.928529" lon="126.91494"><time>2026-10-03T06:07:40.000Z</time><ele>24.76</ele></trkpt><trkpt lat="36.928782" lon="126.914965"><time>2026-10-03T06:07:41.000Z</time><ele>24.77</ele></trkpt><trkpt lat="36.929048" lon="126.914985"><time>2026-10-03T06:07:42.000Z</time><ele>25.09</ele></trkpt><trkpt lat="36.929323" lon="126.915011"><time>2026-10-03T06:07:43.000Z</time><ele>25.31</ele></trkpt><trkpt lat="36.929587" lon="126.915045"><time>2026-10-03T06:07:44.000Z</time><ele>25.58</ele></trkpt><trkpt lat="36.929831" lon="126.915075"><time>2026-10-03T06:07:45.000Z</time><ele>25.79</ele></trkpt><trkpt lat="36.930065" lon="126.915101"><time>2026-10-03T06:07:46.000Z</time><ele>25.82</ele></trkpt><trkpt lat="36.930288" lon="126.915128"><time>2026-10-03T06:07:47.000Z</time><ele>26.13</ele></trkpt><trkpt lat="36.930506" lon="126.915154"><time>2026-10-03T06:07:48.000Z</time><ele>25.86</ele></trkpt><trkpt lat="36.930723" lon="126.915178"><time>2026-10-03T06:07:49.000Z</time><ele>25.5</ele></trkpt><trkpt lat="36.930939" lon="126.915202"><time>2026-10-03T06:07:50.000Z</time><ele>25.57</ele></trkpt><trkpt lat="36.931157" lon="126.915227"><time>2026-10-03T06:07:51.001Z</time><ele>25.8</ele></trkpt><trkpt lat="36.931375" lon="126.91525"><time>2026-10-03T06:07:52.001Z</time><ele>25.59</ele></trkpt><trkpt lat="36.931591" lon="126.915274"><time>2026-10-03T06:07:53.001Z</time><ele>25.72</ele></trkpt><trkpt lat="36.931805" lon="126.915299"><time>2026-10-03T06:07:54.001Z</time><ele>25.59</ele></trkpt><trkpt lat="36.932018" lon="126.915324"><time>2026-10-03T06:07:55.001Z</time><ele>25.25</ele></trkpt><trkpt lat="36.932231" lon="126.915353"><time>2026-10-03T06:07:56.001Z</time><ele>25.25</ele></trkpt><trkpt lat="36.932446" lon="126.915395"><time>2026-10-03T06:07:57.001Z</time><ele>25</ele></trkpt><trkpt lat="36.932667" lon="126.915436"><time>2026-10-03T06:07:58.001Z</time><ele>24.85</ele></trkpt><trkpt lat="36.932889" lon="126.915462"><time>2026-10-03T06:07:59.001Z</time><ele>24.52</ele></trkpt><trkpt lat="36.933108" lon="126.915483"><time>2026-10-03T06:08:00.001Z</time><ele>24.62</ele></trkpt><trkpt lat="36.933321" lon="126.915501"><time>2026-10-03T06:08:01.001Z</time><ele>24.73</ele></trkpt><trkpt lat="36.933527" lon="126.915524"><time>2026-10-03T06:08:02.001Z</time><ele>24.78</ele></trkpt><trkpt lat="36.933723" lon="126.91555"><time>2026-10-03T06:08:03.001Z</time><ele>24.72</ele></trkpt><trkpt lat="36.933911" lon="126.915583"><time>2026-10-03T06:08:04.001Z</time><ele>25.14</ele></trkpt><trkpt lat="36.934094" lon="126.915613"><time>2026-10-03T06:08:05.001Z</time><ele>25.09</ele></trkpt><trkpt lat="36.934286" lon="126.915639"><time>2026-10-03T06:08:06.001Z</time><ele>24.97</ele></trkpt><trkpt lat="36.934485" lon="126.915668"><time>2026-10-03T06:08:07.001Z</time><ele>25.5</ele></trkpt><trkpt lat="36.93469" lon="126.915699"><time>2026-10-03T06:08:08.001Z</time><ele>25.06</ele></trkpt><trkpt lat="36.934896" lon="126.915736"><time>2026-10-03T06:08:09.001Z</time><ele>25.6</ele></trkpt><trkpt lat="36.935108" lon="126.915773"><time>2026-10-03T06:08:10.001Z</time><ele>26.24</ele></trkpt><trkpt lat="36.935324" lon="126.915812"><time>2026-10-03T06:08:11.001Z</time><ele>26.5</ele></trkpt><trkpt lat="36.935546" lon="126.915851"><time>2026-10-03T06:08:12.001Z</time><ele>26.75</ele></trkpt><trkpt lat="36.935769" lon="126.915888"><time>2026-10-03T06:08:13.001Z</time><ele>27.09</ele></trkpt><trkpt lat="36.935995" lon="126.915927"><time>2026-10-03T06:08:14.001Z</time><ele>27.24</ele></trkpt><trkpt lat="36.936224" lon="126.915969"><time>2026-10-03T06:08:15.001Z</time><ele>27.73</ele></trkpt><trkpt lat="36.936451" lon="126.916011"><time>2026-10-03T06:08:16.001Z</time><ele>28.13</ele></trkpt><trkpt lat="36.93667" lon="126.916051"><time>2026-10-03T06:08:17.001Z</time><ele>28.26</ele></trkpt><trkpt lat="36.936879" lon="126.916091"><time>2026-10-03T06:08:18.001Z</time><ele>29.41</ele></trkpt><trkpt lat="36.937084" lon="126.916126"><time>2026-10-03T06:08:19.001Z</time><ele>29.88</ele></trkpt><trkpt lat="36.937279" lon="126.91616"><time>2026-10-03T06:08:20.001Z</time><ele>30.42</ele></trkpt><trkpt lat="36.937472" lon="126.916192"><time>2026-10-03T06:08:21.001Z</time><ele>30.42</ele></trkpt><trkpt lat="36.937669" lon="126.916225"><time>2026-10-03T06:08:22.001Z</time><ele>30.92</ele></trkpt><trkpt lat="36.93788" lon="126.916268"><time>2026-10-03T06:08:23.001Z</time><ele>31.63</ele></trkpt><trkpt lat="36.938093" lon="126.916303"><time>2026-10-03T06:08:24.001Z</time><ele>32.08</ele></trkpt><trkpt lat="36.938308" lon="126.916335"><time>2026-10-03T06:08:25.001Z</time><ele>33.93</ele></trkpt><trkpt lat="36.93851" lon="126.916311"><time>2026-10-03T06:08:26.001Z</time><ele>34.1</ele></trkpt><trkpt lat="36.938712" lon="126.916352"><time>2026-10-03T06:08:27.001Z</time><ele>33.49</ele></trkpt><trkpt lat="36.938918" lon="126.916346"><time>2026-10-03T06:08:28.001Z</time><ele>33.4</ele></trkpt><trkpt lat="36.939124" lon="126.916331"><time>2026-10-03T06:08:29.001Z</time><ele>33.05</ele></trkpt><trkpt lat="36.939335" lon="126.916306"><time>2026-10-03T06:08:30.001Z</time><ele>33.17</ele></trkpt><trkpt lat="36.939544" lon="126.916267"><time>2026-10-03T06:08:31.001Z</time><ele>32.57</ele></trkpt><trkpt lat="36.939754" lon="126.91622"><time>2026-10-03T06:08:32.001Z</time><ele>32.37</ele></trkpt><trkpt lat="36.939962" lon="126.916161"><time>2026-10-03T06:08:33.001Z</time><ele>32.17</ele></trkpt><trkpt lat="36.940166" lon="126.916089"><time>2026-10-03T06:08:34.001Z</time><ele>31.97</ele></trkpt><trkpt lat="36.940367" lon="126.916003"><time>2026-10-03T06:08:35.001Z</time><ele>31.57</ele></trkpt><trkpt lat="36.940568" lon="126.915912"><time>2026-10-03T06:08:36.001Z</time><ele>31.43</ele></trkpt><trkpt lat="36.94076" lon="126.915825"><time>2026-10-03T06:08:37.001Z</time><ele>31.15</ele></trkpt><trkpt lat="36.940942" lon="126.915735"><time>2026-10-03T06:08:38.001Z</time><ele>30.59</ele></trkpt><trkpt lat="36.941116" lon="126.915649"><time>2026-10-03T06:08:39.001Z</time><ele>30.49</ele></trkpt><trkpt lat="36.941286" lon="126.91556"><time>2026-10-03T06:08:40.001Z</time><ele>30.26</ele></trkpt><trkpt lat="36.941455" lon="126.915473"><time>2026-10-03T06:08:41.001Z</time><ele>30.21</ele></trkpt><trkpt lat="36.941625" lon="126.915384"><time>2026-10-03T06:08:42.001Z</time><ele>29.96</ele></trkpt><trkpt lat="36.941786" lon="126.915301"><time>2026-10-03T06:08:43.001Z</time><ele>29.66</ele></trkpt><trkpt lat="36.941952" lon="126.915215"><time>2026-10-03T06:08:44.001Z</time><ele>29.9</ele></trkpt><trkpt lat="36.942125" lon="126.915124"><time>2026-10-03T06:08:45.001Z</time><ele>30.22</ele></trkpt><trkpt lat="36.942291" lon="126.915035"><time>2026-10-03T06:08:46.001Z</time><ele>29.87</ele></trkpt><trkpt lat="36.942449" lon="126.914954"><time>2026-10-03T06:08:47.001Z</time><ele>29.79</ele></trkpt><trkpt lat="36.94261" lon="126.914873"><time>2026-10-03T06:08:48.001Z</time><ele>29.23</ele></trkpt><trkpt lat="36.942775" lon="126.914788"><time>2026-10-03T06:08:49.001Z</time><ele>29.23</ele></trkpt><trkpt lat="36.942934" lon="126.914706"><time>2026-10-03T06:08:50.001Z</time><ele>29.11</ele></trkpt><trkpt lat="36.943095" lon="126.914622"><time>2026-10-03T06:08:51.001Z</time><ele>28.63</ele></trkpt><trkpt lat="36.943261" lon="126.914536"><time>2026-10-03T06:08:52.001Z</time><ele>28.34</ele></trkpt><trkpt lat="36.943435" lon="126.914451"><time>2026-10-03T06:08:53.001Z</time><ele>28.63</ele></trkpt><trkpt lat="36.943625" lon="126.914365"><time>2026-10-03T06:08:54.001Z</time><ele>28.11</ele></trkpt><trkpt lat="36.943832" lon="126.914279"><time>2026-10-03T06:08:55.001Z</time><ele>27.97</ele></trkpt><trkpt lat="36.944045" lon="126.914167"><time>2026-10-03T06:08:56.001Z</time><ele>28.12</ele></trkpt><trkpt lat="36.944268" lon="126.91404"><time>2026-10-03T06:08:57.001Z</time><ele>27.43</ele></trkpt><trkpt lat="36.944502" lon="126.913929"><time>2026-10-03T06:08:58.001Z</time><ele>27.86</ele></trkpt><trkpt lat="36.944725" lon="126.913821"><time>2026-10-03T06:08:59.001Z</time><ele>27.77</ele></trkpt><trkpt lat="36.944943" lon="126.913706"><time>2026-10-03T06:09:00.001Z</time><ele>27.93</ele></trkpt><trkpt lat="36.945162" lon="126.913587"><time>2026-10-03T06:09:01.001Z</time><ele>27.52</ele></trkpt><trkpt lat="36.94538" lon="126.913476"><time>2026-10-03T06:09:02.002Z</time><ele>27.59</ele></trkpt><trkpt lat="36.945589" lon="126.913367"><time>2026-10-03T06:09:03.002Z</time><ele>27.42</ele></trkpt><trkpt lat="36.945794" lon="126.913254"><time>2026-10-03T06:09:04.002Z</time><ele>26.93</ele></trkpt><trkpt lat="36.946013" lon="126.913138"><time>2026-10-03T06:09:05.002Z</time><ele>26.64</ele></trkpt><trkpt lat="36.94624" lon="126.913025"><time>2026-10-03T06:09:06.002Z</time><ele>26.2</ele></trkpt><trkpt lat="36.946464" lon="126.912913"><time>2026-10-03T06:09:07.000Z</time><ele>26.03</ele></trkpt><trkpt lat="36.946682" lon="126.912798"><time>2026-10-03T06:09:08.000Z</time><ele>25.66</ele></trkpt><trkpt lat="36.946903" lon="126.912679"><time>2026-10-03T06:09:09.000Z</time><ele>25.65</ele></trkpt><trkpt lat="36.947109" lon="126.912569"><time>2026-10-03T06:09:10.000Z</time><ele>25.09</ele></trkpt><trkpt lat="36.947319" lon="126.912478"><time>2026-10-03T06:09:11.000Z</time><ele>24.8</ele></trkpt><trkpt lat="36.947544" lon="126.912414"><time>2026-10-03T06:09:12.000Z</time><ele>24.76</ele></trkpt><trkpt lat="36.947763" lon="126.912373"><time>2026-10-03T06:09:13.000Z</time><ele>24.81</ele></trkpt><trkpt lat="36.947977" lon="126.912344"><time>2026-10-03T06:09:14.000Z</time><ele>24.12</ele></trkpt><trkpt lat="36.948198" lon="126.912321"><time>2026-10-03T06:09:15.000Z</time><ele>23.32</ele></trkpt><trkpt lat="36.948404" lon="126.912316"><time>2026-10-03T06:09:16.000Z</time><ele>22.6</ele></trkpt><trkpt lat="36.948603" lon="126.912322"><time>2026-10-03T06:09:17.000Z</time><ele>22.04</ele></trkpt><trkpt lat="36.948796" lon="126.912335"><time>2026-10-03T06:09:18.000Z</time><ele>21.58</ele></trkpt><trkpt lat="36.948982" lon="126.912356"><time>2026-10-03T06:09:19.000Z</time><ele>20.65</ele></trkpt><trkpt lat="36.949153" lon="126.91239"><time>2026-10-03T06:09:20.000Z</time><ele>20.47</ele></trkpt><trkpt lat="36.949313" lon="126.912432"><time>2026-10-03T06:09:21.000Z</time><ele>20.53</ele></trkpt><trkpt lat="36.94947" lon="126.912475"><time>2026-10-03T06:09:22.000Z</time><ele>20.04</ele></trkpt><trkpt lat="36.949629" lon="126.912524"><time>2026-10-03T06:09:23.000Z</time><ele>19.69</ele></trkpt><trkpt lat="36.95105" lon="126.913388"><time>2026-10-03T06:09:34.000Z</time><ele>12.69</ele></trkpt><trkpt lat="36.951129" lon="126.913485"><time>2026-10-03T06:09:35.000Z</time><ele>11.38</ele></trkpt><trkpt lat="36.951211" lon="126.91356"><time>2026-10-03T06:09:36.000Z</time><ele>11.15</ele></trkpt><trkpt lat="36.951276" lon="126.91363"><time>2026-10-03T06:09:37.000Z</time><ele>11.21</ele></trkpt><trkpt lat="36.951327" lon="126.913691"><time>2026-10-03T06:09:38.000Z</time><ele>10.89</ele></trkpt><trkpt lat="36.951367" lon="126.913734"><time>2026-10-03T06:09:39.000Z</time><ele>11</ele></trkpt><trkpt lat="36.951432" lon="126.913805"><time>2026-10-03T06:09:41.000Z</time><ele>11.37</ele></trkpt><trkpt lat="36.951473" lon="126.913856"><time>2026-10-03T06:09:43.000Z</time><ele>11.95</ele></trkpt><trkpt lat="36.951508" lon="126.913897"><time>2026-10-03T06:09:45.000Z</time><ele>12.25</ele></trkpt><trkpt lat="36.951488" lon="126.913949"><time>2026-10-03T06:10:19.001Z</time><ele>18.59</ele></trkpt><trkpt lat="36.95153" lon="126.913997"><time>2026-10-03T06:10:23.001Z</time><ele>18.22</ele></trkpt><trkpt lat="36.951565" lon="126.914041"><time>2026-10-03T06:10:24.001Z</time><ele>17.68</ele></trkpt><trkpt lat="36.951626" lon="126.914111"><time>2026-10-03T06:10:26.001Z</time><ele>16.53</ele></trkpt><trkpt lat="36.951668" lon="126.914156"><time>2026-10-03T06:10:27.001Z</time><ele>16.11</ele></trkpt><trkpt lat="36.951705" lon="126.914201"><time>2026-10-03T06:10:28.001Z</time><ele>15.73</ele></trkpt><trkpt lat="36.951738" lon="126.914241"><time>2026-10-03T06:10:29.001Z</time><ele>15.37</ele></trkpt><trkpt lat="36.951806" lon="126.914321"><time>2026-10-03T06:10:31.001Z</time><ele>14.79</ele></trkpt><trkpt lat="36.951849" lon="126.914372"><time>2026-10-03T06:10:32.001Z</time><ele>14.28</ele></trkpt><trkpt lat="36.951894" lon="126.91443"><time>2026-10-03T06:10:33.001Z</time><ele>13.97</ele></trkpt><trkpt lat="36.951948" lon="126.914492"><time>2026-10-03T06:10:34.001Z</time><ele>13.64</ele></trkpt><trkpt lat="36.952007" lon="126.914558"><time>2026-10-03T06:10:35.001Z</time><ele>13.31</ele></trkpt><trkpt lat="36.952063" lon="126.914627"><time>2026-10-03T06:10:36.001Z</time><ele>13.3</ele></trkpt><trkpt lat="36.952123" lon="126.914699"><time>2026-10-03T06:10:37.001Z</time><ele>12.95</ele></trkpt><trkpt lat="36.952182" lon="126.914766"><time>2026-10-03T06:10:38.001Z</time><ele>12.93</ele></trkpt><trkpt lat="36.952245" lon="126.914831"><time>2026-10-03T06:10:39.001Z</time><ele>12.9</ele></trkpt><trkpt lat="36.952318" lon="126.914901"><time>2026-10-03T06:10:40.001Z</time><ele>12.88</ele></trkpt><trkpt lat="36.952393" lon="126.914977"><time>2026-10-03T06:10:41.001Z</time><ele>12.93</ele></trkpt><trkpt lat="36.952471" lon="126.915062"><time>2026-10-03T06:10:42.001Z</time><ele>12.93</ele></trkpt><trkpt lat="36.952554" lon="126.915162"><time>2026-10-03T06:10:43.001Z</time><ele>13.17</ele></trkpt><trkpt lat="36.952646" lon="126.915278"><time>2026-10-03T06:10:44.001Z</time><ele>13.12</ele></trkpt><trkpt lat="36.952747" lon="126.9154"><time>2026-10-03T06:10:45.001Z</time><ele>13.45</ele></trkpt><trkpt lat="36.952854" lon="126.915524"><time>2026-10-03T06:10:46.001Z</time><ele>13.33</ele></trkpt><trkpt lat="36.952966" lon="126.915653"><time>2026-10-03T06:10:47.001Z</time><ele>13.48</ele></trkpt><trkpt lat="36.954036" lon="126.917014"><time>2026-10-03T06:10:55.001Z</time><ele>13.52</ele></trkpt><trkpt lat="36.954191" lon="126.917191"><time>2026-10-03T06:10:56.001Z</time><ele>13.48</ele></trkpt><trkpt lat="36.954339" lon="126.917369"><time>2026-10-03T06:10:57.001Z</time><ele>13.87</ele></trkpt><trkpt lat="36.954484" lon="126.917545"><time>2026-10-03T06:10:58.001Z</time><ele>13.6</ele></trkpt><trkpt lat="36.954625" lon="126.917719"><time>2026-10-03T06:10:59.001Z</time><ele>13.32</ele></trkpt><trkpt lat="36.954764" lon="126.91789"><time>2026-10-03T06:11:00.001Z</time><ele>13.3</ele></trkpt><trkpt lat="36.954904" lon="126.918057"><time>2026-10-03T06:11:01.001Z</time><ele>13.03</ele></trkpt><trkpt lat="36.955038" lon="126.918222"><time>2026-10-03T06:11:02.001Z</time><ele>13.26</ele></trkpt><trkpt lat="36.955166" lon="126.918379"><time>2026-10-03T06:11:03.001Z</time><ele>13.43</ele></trkpt><trkpt lat="36.955289" lon="126.91853"><time>2026-10-03T06:11:04.001Z</time><ele>13.08</ele></trkpt><trkpt lat="36.955412" lon="126.91868"><time>2026-10-03T06:11:05.001Z</time><ele>13.02</ele></trkpt><trkpt lat="36.955535" lon="126.918828"><time>2026-10-03T06:11:06.002Z</time><ele>12.88</ele></trkpt><trkpt lat="36.95566" lon="126.918979"><time>2026-10-03T06:11:07.002Z</time><ele>12.67</ele></trkpt><trkpt lat="36.955786" lon="126.919132"><time>2026-10-03T06:11:08.002Z</time><ele>12.79</ele></trkpt><trkpt lat="36.955917" lon="126.919287"><time>2026-10-03T06:11:09.002Z</time><ele>12.77</ele></trkpt><trkpt lat="36.956051" lon="126.919451"><time>2026-10-03T06:11:10.002Z</time><ele>12.98</ele></trkpt><trkpt lat="36.956187" lon="126.919623"><time>2026-10-03T06:11:11.002Z</time><ele>12.93</ele></trkpt><trkpt lat="36.956329" lon="126.919795"><time>2026-10-03T06:11:12.002Z</time><ele>12.79</ele></trkpt><trkpt lat="36.956473" lon="126.919966"><time>2026-10-03T06:11:13.000Z</time><ele>12.32</ele></trkpt><trkpt lat="36.956616" lon="126.920141"><time>2026-10-03T06:11:14.000Z</time><ele>12.16</ele></trkpt><trkpt lat="36.956758" lon="126.920319"><time>2026-10-03T06:11:15.000Z</time><ele>11.88</ele></trkpt><trkpt lat="36.956901" lon="126.920496"><time>2026-10-03T06:11:16.000Z</time><ele>11.7</ele></trkpt><trkpt lat="36.957044" lon="126.920671"><time>2026-10-03T06:11:17.000Z</time><ele>11.21</ele></trkpt><trkpt lat="36.957186" lon="126.920843"><time>2026-10-03T06:11:18.000Z</time><ele>10.88</ele></trkpt><trkpt lat="36.957327" lon="126.921014"><time>2026-10-03T06:11:19.000Z</time><ele>11</ele></trkpt><trkpt lat="36.957467" lon="126.921185"><time>2026-10-03T06:11:20.000Z</time><ele>10.79</ele></trkpt><trkpt lat="36.957608" lon="126.921353"><time>2026-10-03T06:11:21.000Z</time><ele>10.64</ele></trkpt><trkpt lat="36.957749" lon="126.921524"><time>2026-10-03T06:11:22.000Z</time><ele>10.79</ele></trkpt><trkpt lat="36.957888" lon="126.921699"><time>2026-10-03T06:11:23.000Z</time><ele>10.73</ele></trkpt><trkpt lat="36.958028" lon="126.92187"><time>2026-10-03T06:11:24.000Z</time><ele>10.39</ele></trkpt><trkpt lat="36.958164" lon="126.922035"><time>2026-10-03T06:11:25.000Z</time><ele>10.02</ele></trkpt><trkpt lat="36.958301" lon="126.922194"><time>2026-10-03T06:11:26.000Z</time><ele>9.83</ele></trkpt><trkpt lat="36.95844" lon="126.922356"><time>2026-10-03T06:11:27.000Z</time><ele>9.65</ele></trkpt><trkpt lat="36.958578" lon="126.922522"><time>2026-10-03T06:11:28.000Z</time><ele>9.05</ele></trkpt><trkpt lat="36.958716" lon="126.922693"><time>2026-10-03T06:11:29.000Z</time><ele>8.84</ele></trkpt><trkpt lat="36.958857" lon="126.922866"><time>2026-10-03T06:11:30.000Z</time><ele>8.68</ele></trkpt><trkpt lat="36.959002" lon="126.923044"><time>2026-10-03T06:11:31.000Z</time><ele>8.23</ele></trkpt><trkpt lat="36.95915" lon="126.923227"><time>2026-10-03T06:11:32.000Z</time><ele>7.85</ele></trkpt><trkpt lat="36.959297" lon="126.923409"><time>2026-10-03T06:11:33.000Z</time><ele>7.66</ele></trkpt><trkpt lat="36.959442" lon="126.923587"><time>2026-10-03T06:11:34.000Z</time><ele>7.29</ele></trkpt><trkpt lat="36.959591" lon="126.923768"><time>2026-10-03T06:11:35.000Z</time><ele>7.43</ele></trkpt><trkpt lat="36.959747" lon="126.923952"><time>2026-10-03T06:11:36.000Z</time><ele>7.32</ele></trkpt><trkpt lat="36.959905" lon="126.924139"><time>2026-10-03T06:11:37.000Z</time><ele>7.34</ele></trkpt><trkpt lat="36.960066" lon="126.924322"><time>2026-10-03T06:11:38.000Z</time><ele>7.63</ele></trkpt><trkpt lat="36.960233" lon="126.924499"><time>2026-10-03T06:11:39.000Z</time><ele>8.54</ele></trkpt><trkpt lat="36.960422" lon="126.924686"><time>2026-10-03T06:11:40.000Z</time><ele>8.22</ele></trkpt><trkpt lat="36.960607" lon="126.92488"><time>2026-10-03T06:11:41.000Z</time><ele>8.98</ele></trkpt><trkpt lat="36.960802" lon="126.925065"><time>2026-10-03T06:11:42.000Z</time><ele>8.93</ele></trkpt><trkpt lat="36.961011" lon="126.925236"><time>2026-10-03T06:11:43.000Z</time><ele>9.58</ele></trkpt><trkpt lat="36.96123" lon="126.925407"><time>2026-10-03T06:11:44.000Z</time><ele>10.1</ele></trkpt><trkpt lat="36.961453" lon="126.925569"><time>2026-10-03T06:11:45.000Z</time><ele>10.23</ele></trkpt><trkpt lat="36.961683" lon="126.925722"><time>2026-10-03T06:11:46.000Z</time><ele>11.2</ele></trkpt><trkpt lat="36.961915" lon="126.925871"><time>2026-10-03T06:11:47.000Z</time><ele>11.98</ele></trkpt><trkpt lat="36.962153" lon="126.926014"><time>2026-10-03T06:11:48.000Z</time><ele>12</ele></trkpt><trkpt lat="36.9624" lon="126.926154"><time>2026-10-03T06:11:49.000Z</time><ele>11.66</ele></trkpt><trkpt lat="36.962638" lon="126.926305"><time>2026-10-03T06:11:50.000Z</time><ele>12.05</ele></trkpt><trkpt lat="36.962868" lon="126.926452"><time>2026-10-03T06:11:51.000Z</time><ele>12.43</ele></trkpt><trkpt lat="36.963083" lon="126.926585"><time>2026-10-03T06:11:52.000Z</time><ele>12.2</ele></trkpt><trkpt lat="36.963288" lon="126.926712"><time>2026-10-03T06:11:53.000Z</time><ele>12.51</ele></trkpt><trkpt lat="36.963494" lon="126.926841"><time>2026-10-03T06:11:54.000Z</time><ele>12.94</ele></trkpt><trkpt lat="36.963699" lon="126.926966"><time>2026-10-03T06:11:55.000Z</time><ele>12.84</ele></trkpt><trkpt lat="36.963903" lon="126.927097"><time>2026-10-03T06:11:56.000Z</time><ele>13.23</ele></trkpt><trkpt lat="36.964113" lon="126.927229"><time>2026-10-03T06:11:57.000Z</time><ele>14.15</ele></trkpt><trkpt lat="36.964322" lon="126.927359"><time>2026-10-03T06:11:58.000Z</time><ele>13.71</ele></trkpt><trkpt lat="36.964532" lon="126.927489"><time>2026-10-03T06:11:59.001Z</time><ele>13.97</ele></trkpt><trkpt lat="36.964752" lon="126.927625"><time>2026-10-03T06:12:00.001Z</time><ele>14.37</ele></trkpt><trkpt lat="36.964963" lon="126.927756"><time>2026-10-03T06:12:01.001Z</time><ele>13.95</ele></trkpt><trkpt lat="36.965174" lon="126.927888"><time>2026-10-03T06:12:02.001Z</time><ele>14.46</ele></trkpt><trkpt lat="36.965376" lon="126.928016"><time>2026-10-03T06:12:03.001Z</time><ele>14.38</ele></trkpt><trkpt lat="36.965575" lon="126.928136"><time>2026-10-03T06:12:04.001Z</time><ele>13.79</ele></trkpt><trkpt lat="36.96578" lon="126.928266"><time>2026-10-03T06:12:05.001Z</time><ele>14.21</ele></trkpt><trkpt lat="36.965985" lon="126.928393"><time>2026-10-03T06:12:06.001Z</time><ele>14.66</ele></trkpt><trkpt lat="36.96619" lon="126.928521"><time>2026-10-03T06:12:07.001Z</time><ele>14.97</ele></trkpt><trkpt lat="36.966399" lon="126.92865"><time>2026-10-03T06:12:08.001Z</time><ele>14.95</ele></trkpt><trkpt lat="36.966603" lon="126.928779"><time>2026-10-03T06:12:09.001Z</time><ele>14.86</ele></trkpt><trkpt lat="36.966808" lon="126.928912"><time>2026-10-03T06:12:10.001Z</time><ele>15.03</ele></trkpt><trkpt lat="36.967018" lon="126.929046"><time>2026-10-03T06:12:11.001Z</time><ele>14.84</ele></trkpt><trkpt lat="36.967229" lon="126.929179"><time>2026-10-03T06:12:12.001Z</time><ele>14.98</ele></trkpt><trkpt lat="36.967439" lon="126.929306"><time>2026-10-03T06:12:13.001Z</time><ele>14.9</ele></trkpt><trkpt lat="36.967646" lon="126.929433"><time>2026-10-03T06:12:14.001Z</time><ele>14.64</ele></trkpt><trkpt lat="36.967843" lon="126.929557"><time>2026-10-03T06:12:15.001Z</time><ele>14.64</ele></trkpt><trkpt lat="36.968038" lon="126.929682"><time>2026-10-03T06:12:16.001Z</time><ele>14.62</ele></trkpt><trkpt lat="36.968232" lon="126.929804"><time>2026-10-03T06:12:17.001Z</time><ele>14.26</ele></trkpt><trkpt lat="36.968429" lon="126.929927"><time>2026-10-03T06:12:18.001Z</time><ele>14.36</ele></trkpt><trkpt lat="36.968628" lon="126.930052"><time>2026-10-03T06:12:19.001Z</time><ele>14.62</ele></trkpt><trkpt lat="36.968823" lon="126.930176"><time>2026-10-03T06:12:20.001Z</time><ele>14.84</ele></trkpt><trkpt lat="36.969012" lon="126.930292"><time>2026-10-03T06:12:21.001Z</time><ele>14.55</ele></trkpt><trkpt lat="36.969204" lon="126.930414"><time>2026-10-03T06:12:22.001Z</time><ele>14.68</ele></trkpt><trkpt lat="36.969384" lon="126.930522"><time>2026-10-03T06:12:23.001Z</time><ele>14.26</ele></trkpt><trkpt lat="36.969561" lon="126.930628"><time>2026-10-03T06:12:24.001Z</time><ele>14.43</ele></trkpt><trkpt lat="36.969736" lon="126.930732"><time>2026-10-03T06:12:25.001Z</time><ele>14.61</ele></trkpt><trkpt lat="36.969906" lon="126.930839"><time>2026-10-03T06:12:26.001Z</time><ele>14.48</ele></trkpt><trkpt lat="36.970074" lon="126.930945"><time>2026-10-03T06:12:27.001Z</time><ele>13.82</ele></trkpt><trkpt lat="36.970232" lon="126.93104"><time>2026-10-03T06:12:28.001Z</time><ele>13.94</ele></trkpt><trkpt lat="36.970384" lon="126.931137"><time>2026-10-03T06:12:29.001Z</time><ele>13.38</ele></trkpt><trkpt lat="36.970543" lon="126.93124"><time>2026-10-03T06:12:30.001Z</time><ele>13.92</ele></trkpt><trkpt lat="36.970693" lon="126.93135"><time>2026-10-03T06:12:31.001Z</time><ele>13.96</ele></trkpt><trkpt lat="36.970841" lon="126.931448"><time>2026-10-03T06:12:32.001Z</time><ele>13.65</ele></trkpt><trkpt lat="36.970995" lon="126.931544"><time>2026-10-03T06:12:33.001Z</time><ele>13.46</ele></trkpt><trkpt lat="36.971156" lon="126.931636"><time>2026-10-03T06:12:34.001Z</time><ele>13.15</ele></trkpt><trkpt lat="36.971304" lon="126.931744"><time>2026-10-03T06:12:35.001Z</time><ele>13.64</ele></trkpt><trkpt lat="36.971449" lon="126.931839"><time>2026-10-03T06:12:36.001Z</time><ele>13.82</ele></trkpt><trkpt lat="36.97159" lon="126.931929"><time>2026-10-03T06:12:37.001Z</time><ele>13.46</ele></trkpt><trkpt lat="36.971725" lon="126.932018"><time>2026-10-03T06:12:38.001Z</time><ele>13.58</ele></trkpt><trkpt lat="36.971865" lon="126.932105"><time>2026-10-03T06:12:39.001Z</time><ele>13.96</ele></trkpt><trkpt lat="36.972006" lon="126.932195"><time>2026-10-03T06:12:40.001Z</time><ele>13.36</ele></trkpt><trkpt lat="36.972152" lon="126.932279"><time>2026-10-03T06:12:41.001Z</time><ele>13.77</ele></trkpt><trkpt lat="36.972293" lon="126.932381"><time>2026-10-03T06:12:42.001Z</time><ele>14.05</ele></trkpt><trkpt lat="36.972446" lon="126.932459"><time>2026-10-03T06:12:43.001Z</time><ele>14.05</ele></trkpt><trkpt lat="36.972593" lon="126.932555"><time>2026-10-03T06:12:44.001Z</time><ele>14.58</ele></trkpt><trkpt lat="36.97274" lon="126.93263"><time>2026-10-03T06:12:45.001Z</time><ele>14.65</ele></trkpt><trkpt lat="36.972878" lon="126.932723"><time>2026-10-03T06:12:46.001Z</time><ele>15.08</ele></trkpt><trkpt lat="36.973022" lon="126.932801"><time>2026-10-03T06:12:47.001Z</time><ele>15.01</ele></trkpt><trkpt lat="36.973164" lon="126.93289"><time>2026-10-03T06:12:48.001Z</time><ele>15.05</ele></trkpt><trkpt lat="36.973314" lon="126.932964"><time>2026-10-03T06:12:49.001Z</time><ele>14.81</ele></trkpt><trkpt lat="36.973461" lon="126.933057"><time>2026-10-03T06:12:50.001Z</time><ele>15</ele></trkpt><trkpt lat="36.973618" lon="126.933127"><time>2026-10-03T06:12:51.001Z</time><ele>14.75</ele></trkpt><trkpt lat="36.973776" lon="126.93321"><time>2026-10-03T06:12:52.001Z</time><ele>15.17</ele></trkpt><trkpt lat="36.973937" lon="126.933294"><time>2026-10-03T06:12:53.001Z</time><ele>15.62</ele></trkpt><trkpt lat="36.974102" lon="126.933373"><time>2026-10-03T06:12:54.001Z</time><ele>15.96</ele></trkpt><trkpt lat="36.974271" lon="126.933454"><time>2026-10-03T06:12:55.001Z</time><ele>15.54</ele></trkpt><trkpt lat="36.974436" lon="126.933541"><time>2026-10-03T06:12:56.001Z</time><ele>16.25</ele></trkpt><trkpt lat="36.974602" lon="126.933628"><time>2026-10-03T06:12:57.001Z</time><ele>16.69</ele></trkpt><trkpt lat="36.974768" lon="126.933709"><time>2026-10-03T06:12:58.001Z</time><ele>16.89</ele></trkpt><trkpt lat="36.974934" lon="126.933793"><time>2026-10-03T06:12:59.001Z</time><ele>17.08</ele></trkpt><trkpt lat="36.975095" lon="126.933874"><time>2026-10-03T06:13:00.001Z</time><ele>17.46</ele></trkpt><trkpt lat="36.975251" lon="126.933949"><time>2026-10-03T06:13:01.001Z</time><ele>17.61</ele></trkpt><trkpt lat="36.975397" lon="126.934018"><time>2026-10-03T06:13:02.001Z</time><ele>17.53</ele></trkpt><trkpt lat="36.975545" lon="126.934088"><time>2026-10-03T06:13:03.001Z</time><ele>17.86</ele></trkpt><trkpt lat="36.975697" lon="126.934157"><time>2026-10-03T06:13:04.001Z</time><ele>18.33</ele></trkpt><trkpt lat="36.975848" lon="126.934225"><time>2026-10-03T06:13:05.001Z</time><ele>18.44</ele></trkpt><trkpt lat="36.976001" lon="126.934297"><time>2026-10-03T06:13:06.001Z</time><ele>19.16</ele></trkpt><trkpt lat="36.976159" lon="126.934368"><time>2026-10-03T06:13:07.001Z</time><ele>19.14</ele></trkpt><trkpt lat="36.976319" lon="126.934434"><time>2026-10-03T06:13:08.001Z</time><ele>19.05</ele></trkpt><trkpt lat="36.976473" lon="126.934501"><time>2026-10-03T06:13:09.001Z</time><ele>19.1</ele></trkpt><trkpt lat="36.976621" lon="126.934568"><time>2026-10-03T06:13:10.001Z</time><ele>19.23</ele></trkpt><trkpt lat="36.976766" lon="126.934632"><time>2026-10-03T06:13:11.002Z</time><ele>19.49</ele></trkpt><trkpt lat="36.976912" lon="126.934697"><time>2026-10-03T06:13:12.002Z</time><ele>19.93</ele></trkpt><trkpt lat="36.977056" lon="126.934761"><time>2026-10-03T06:13:13.002Z</time><ele>20.12</ele></trkpt><trkpt lat="36.977205" lon="126.934824"><time>2026-10-03T06:13:14.002Z</time><ele>20.31</ele></trkpt><trkpt lat="36.977355" lon="126.93489"><time>2026-10-03T06:13:15.002Z</time><ele>20.62</ele></trkpt><trkpt lat="36.977505" lon="126.934958"><time>2026-10-03T06:13:16.002Z</time><ele>21.53</ele></trkpt><trkpt lat="36.97765" lon="126.935024"><time>2026-10-03T06:13:17.002Z</time><ele>21.5</ele></trkpt><trkpt lat="36.977792" lon="126.935088"><time>2026-10-03T06:13:18.002Z</time><ele>21.33</ele></trkpt><trkpt lat="36.977938" lon="126.935147"><time>2026-10-03T06:13:19.000Z</time><ele>21.28</ele></trkpt><trkpt lat="36.978086" lon="126.935213"><time>2026-10-03T06:13:20.000Z</time><ele>21.57</ele></trkpt><trkpt lat="36.978234" lon="126.935276"><time>2026-10-03T06:13:21.000Z</time><ele>21.14</ele></trkpt><trkpt lat="36.978384" lon="126.935341"><time>2026-10-03T06:13:22.000Z</time><ele>21.99</ele></trkpt><trkpt lat="36.978525" lon="126.935405"><time>2026-10-03T06:13:23.000Z</time><ele>22.14</ele></trkpt><trkpt lat="36.978656" lon="126.935467"><time>2026-10-03T06:13:24.000Z</time><ele>22.64</ele></trkpt><trkpt lat="36.978897" lon="126.935577"><time>2026-10-03T06:13:26.000Z</time><ele>22.67</ele></trkpt><trkpt lat="36.978992" lon="126.935617"><time>2026-10-03T06:13:27.000Z</time><ele>22.37</ele></trkpt><trkpt lat="36.979078" lon="126.935653"><time>2026-10-03T06:13:28.000Z</time><ele>21.91</ele></trkpt><trkpt lat="36.979157" lon="126.935687"><time>2026-10-03T06:13:29.000Z</time><ele>22.05</ele></trkpt><trkpt lat="36.979229" lon="126.935717"><time>2026-10-03T06:13:30.000Z</time><ele>21.61</ele></trkpt><trkpt lat="36.979295" lon="126.935748"><time>2026-10-03T06:13:31.000Z</time><ele>22.02</ele></trkpt><trkpt lat="36.979355" lon="126.935771"><time>2026-10-03T06:13:32.000Z</time><ele>21.97</ele></trkpt><trkpt lat="36.979411" lon="126.935792"><time>2026-10-03T06:13:33.000Z</time><ele>21.99</ele></trkpt><trkpt lat="36.979457" lon="126.935811"><time>2026-10-03T06:13:34.000Z</time><ele>22.17</ele></trkpt><trkpt lat="36.979522" lon="126.935845"><time>2026-10-03T06:13:36.000Z</time><ele>22.56</ele></trkpt><trkpt lat="36.979568" lon="126.935849"><time>2026-10-03T06:13:52.000Z</time><ele>22.52</ele></trkpt><trkpt lat="36.979687" lon="126.9359"><time>2026-10-03T06:13:55.000Z</time><ele>22.06</ele></trkpt><trkpt lat="36.97975" lon="126.935929"><time>2026-10-03T06:13:56.000Z</time><ele>21.97</ele></trkpt><trkpt lat="36.979826" lon="126.935965"><time>2026-10-03T06:13:57.000Z</time><ele>21.97</ele></trkpt><trkpt lat="36.979909" lon="126.936004"><time>2026-10-03T06:13:58.000Z</time><ele>22.07</ele></trkpt><trkpt lat="36.980001" lon="126.936046"><time>2026-10-03T06:13:59.000Z</time><ele>22.33</ele></trkpt><trkpt lat="36.980091" lon="126.936085"><time>2026-10-03T06:14:00.000Z</time><ele>22.51</ele></trkpt><trkpt lat="36.980173" lon="126.936123"><time>2026-10-03T06:14:01.000Z</time><ele>22.48</ele></trkpt><trkpt lat="36.980245" lon="126.936154"><time>2026-10-03T06:14:02.000Z</time><ele>22.53</ele></trkpt><trkpt lat="36.980303" lon="126.936184"><time>2026-10-03T06:14:03.000Z</time><ele>22.51</ele></trkpt><trkpt lat="36.980352" lon="126.936207"><time>2026-10-03T06:14:04.000Z</time><ele>22.49</ele></trkpt><trkpt lat="36.980397" lon="126.936226"><time>2026-10-03T06:14:05.000Z</time><ele>22.35</ele></trkpt><trkpt lat="36.980442" lon="126.936247"><time>2026-10-03T06:14:06.001Z</time><ele>22.65</ele></trkpt><trkpt lat="36.980493" lon="126.936269"><time>2026-10-03T06:14:07.001Z</time><ele>22.93</ele></trkpt><trkpt lat="36.980549" lon="126.936293"><time>2026-10-03T06:14:08.001Z</time><ele>23.09</ele></trkpt><trkpt lat="36.980616" lon="126.936322"><time>2026-10-03T06:14:09.001Z</time><ele>22.55</ele></trkpt><trkpt lat="36.980692" lon="126.936356"><time>2026-10-03T06:14:10.001Z</time><ele>22.43</ele></trkpt><trkpt lat="36.980769" lon="126.93639"><time>2026-10-03T06:14:11.001Z</time><ele>22.33</ele></trkpt><trkpt lat="36.980851" lon="126.936424"><time>2026-10-03T06:14:12.001Z</time><ele>22.18</ele></trkpt><trkpt lat="36.980941" lon="126.936464"><time>2026-10-03T06:14:13.001Z</time><ele>22.38</ele></trkpt><trkpt lat="36.981037" lon="126.936507"><time>2026-10-03T06:14:14.001Z</time><ele>22.2</ele></trkpt><trkpt lat="36.981144" lon="126.936558"><time>2026-10-03T06:14:15.001Z</time><ele>22.42</ele></trkpt><trkpt lat="36.981251" lon="126.936605"><time>2026-10-03T06:14:16.001Z</time><ele>22.25</ele></trkpt><trkpt lat="36.981366" lon="126.936658"><time>2026-10-03T06:14:17.001Z</time><ele>22.14</ele></trkpt><trkpt lat="36.981486" lon="126.936715"><time>2026-10-03T06:14:18.001Z</time><ele>22.31</ele></trkpt><trkpt lat="36.981619" lon="126.936777"><time>2026-10-03T06:14:19.001Z</time><ele>22.93</ele></trkpt><trkpt lat="36.981759" lon="126.936838"><time>2026-10-03T06:14:20.001Z</time><ele>23.32</ele></trkpt><trkpt lat="36.981897" lon="126.936901"><time>2026-10-03T06:14:21.001Z</time><ele>23.36</ele></trkpt><trkpt lat="36.982044" lon="126.936968"><time>2026-10-03T06:14:22.001Z</time><ele>23.47</ele></trkpt><trkpt lat="36.982199" lon="126.937037"><time>2026-10-03T06:14:23.001Z</time><ele>23.44</ele></trkpt><trkpt lat="36.982355" lon="126.937106"><time>2026-10-03T06:14:24.001Z</time><ele>23.52</ele></trkpt><trkpt lat="36.982519" lon="126.937173"><time>2026-10-03T06:14:25.001Z</time><ele>23.02</ele></trkpt><trkpt lat="36.982686" lon="126.937243"><time>2026-10-03T06:14:26.001Z</time><ele>22.9</ele></trkpt><trkpt lat="36.982854" lon="126.937312"><time>2026-10-03T06:14:27.001Z</time><ele>23</ele></trkpt><trkpt lat="36.983024" lon="126.93738"><time>2026-10-03T06:14:28.001Z</time><ele>22.93</ele></trkpt><trkpt lat="36.9832" lon="126.93745"><time>2026-10-03T06:14:29.001Z</time><ele>23.12</ele></trkpt><trkpt lat="36.983376" lon="126.93752"><time>2026-10-03T06:14:30.001Z</time><ele>23.05</ele></trkpt><trkpt lat="36.983557" lon="126.937589"><time>2026-10-03T06:14:31.001Z</time><ele>22.96</ele></trkpt><trkpt lat="36.983749" lon="126.937657"><time>2026-10-03T06:14:32.001Z</time><ele>22.55</ele></trkpt><trkpt lat="36.983949" lon="126.937728"><time>2026-10-03T06:14:33.001Z</time><ele>22.3</ele></trkpt><trkpt lat="36.984153" lon="126.937798"><time>2026-10-03T06:14:34.001Z</time><ele>22.9</ele></trkpt><trkpt lat="36.98436" lon="126.937862"><time>2026-10-03T06:14:35.001Z</time><ele>22.85</ele></trkpt><trkpt lat="36.984571" lon="126.937924"><time>2026-10-03T06:14:36.001Z</time><ele>22.61</ele></trkpt><trkpt lat="36.984782" lon="126.93798"><time>2026-10-03T06:14:37.001Z</time><ele>22.55</ele></trkpt><trkpt lat="36.984995" lon="126.938033"><time>2026-10-03T06:14:38.001Z</time><ele>22.29</ele></trkpt><trkpt lat="36.985207" lon="126.938081"><time>2026-10-03T06:14:39.001Z</time><ele>22.39</ele></trkpt><trkpt lat="36.985423" lon="126.938128"><time>2026-10-03T06:14:40.001Z</time><ele>22.48</ele></trkpt><trkpt lat="36.98564" lon="126.938175"><time>2026-10-03T06:14:41.001Z</time><ele>23.26</ele></trkpt><trkpt lat="36.985863" lon="126.938216"><time>2026-10-03T06:14:42.001Z</time><ele>23.42</ele></trkpt><trkpt lat="36.986084" lon="126.938249"><time>2026-10-03T06:14:43.001Z</time><ele>22.96</ele></trkpt><trkpt lat="36.986307" lon="126.938285"><time>2026-10-03T06:14:44.001Z</time><ele>23.62</ele></trkpt><trkpt lat="36.986532" lon="126.938313"><time>2026-10-03T06:14:45.001Z</time><ele>23.98</ele></trkpt><trkpt lat="36.986761" lon="126.938336"><time>2026-10-03T06:14:46.001Z</time><ele>23.86</ele></trkpt><trkpt lat="36.986994" lon="126.938358"><time>2026-10-03T06:14:47.001Z</time><ele>24.26</ele></trkpt><trkpt lat="36.987236" lon="126.938376"><time>2026-10-03T06:14:48.001Z</time><ele>24.3</ele></trkpt><trkpt lat="36.98748" lon="126.938387"><time>2026-10-03T06:14:49.001Z</time><ele>24.5</ele></trkpt><trkpt lat="36.987729" lon="126.938393"><time>2026-10-03T06:14:50.001Z</time><ele>24.24</ele></trkpt><trkpt lat="36.987982" lon="126.938398"><time>2026-10-03T06:14:51.001Z</time><ele>24.12</ele></trkpt><trkpt lat="36.988238" lon="126.9384"><time>2026-10-03T06:14:52.001Z</time><ele>24.37</ele></trkpt><trkpt lat="36.988499" lon="126.9384"><time>2026-10-03T06:14:53.001Z</time><ele>24.57</ele></trkpt><trkpt lat="36.988763" lon="126.938399"><time>2026-10-03T06:14:54.001Z</time><ele>25.24</ele></trkpt><trkpt lat="36.989027" lon="126.938402"><time>2026-10-03T06:14:55.001Z</time><ele>26.62</ele></trkpt><trkpt lat="36.989287" lon="126.938401"><time>2026-10-03T06:14:56.001Z</time><ele>27.38</ele></trkpt><trkpt lat="36.989546" lon="126.938401"><time>2026-10-03T06:14:57.001Z</time><ele>28.48</ele></trkpt><trkpt lat="36.989802" lon="126.9384"><time>2026-10-03T06:14:58.001Z</time><ele>28.97</ele></trkpt><trkpt lat="36.99005" lon="126.938397"><time>2026-10-03T06:14:59.001Z</time><ele>29.77</ele></trkpt><trkpt lat="36.990292" lon="126.938396"><time>2026-10-03T06:15:00.001Z</time><ele>30.09</ele></trkpt><trkpt lat="36.99053" lon="126.938399"><time>2026-10-03T06:15:01.001Z</time><ele>30.39</ele></trkpt><trkpt lat="36.990767" lon="126.938401"><time>2026-10-03T06:15:02.001Z</time><ele>30.16</ele></trkpt><trkpt lat="36.991006" lon="126.938406"><time>2026-10-03T06:15:03.001Z</time><ele>29.84</ele></trkpt><trkpt lat="36.991249" lon="126.938408"><time>2026-10-03T06:15:04.001Z</time><ele>29.12</ele></trkpt><trkpt lat="36.991492" lon="126.938409"><time>2026-10-03T06:15:05.001Z</time><ele>27.71</ele></trkpt><trkpt lat="36.991734" lon="126.938412"><time>2026-10-03T06:15:06.001Z</time><ele>26.64</ele></trkpt><trkpt lat="36.991979" lon="126.938411"><time>2026-10-03T06:15:07.001Z</time><ele>26.15</ele></trkpt><trkpt lat="36.992222" lon="126.938413"><time>2026-10-03T06:15:08.001Z</time><ele>26.14</ele></trkpt><trkpt lat="36.992466" lon="126.938414"><time>2026-10-03T06:15:09.001Z</time><ele>26.04</ele></trkpt><trkpt lat="36.99271" lon="126.938416"><time>2026-10-03T06:15:10.001Z</time><ele>26.32</ele></trkpt><trkpt lat="36.992939" lon="126.938416"><time>2026-10-03T06:15:11.001Z</time><ele>26.66</ele></trkpt><trkpt lat="36.99315" lon="126.938415"><time>2026-10-03T06:15:12.001Z</time><ele>26.86</ele></trkpt><trkpt lat="36.993348" lon="126.938416"><time>2026-10-03T06:15:13.001Z</time><ele>27.57</ele></trkpt><trkpt lat="36.993538" lon="126.938418"><time>2026-10-03T06:15:14.001Z</time><ele>28.47</ele></trkpt><trkpt lat="36.993729" lon="126.93842"><time>2026-10-03T06:15:15.001Z</time><ele>29.94</ele></trkpt><trkpt lat="36.993916" lon="126.938422"><time>2026-10-03T06:15:16.001Z</time><ele>30.64</ele></trkpt><trkpt lat="36.99411" lon="126.938438"><time>2026-10-03T06:15:17.001Z</time><ele>31.81</ele></trkpt><trkpt lat="36.994316" lon="126.938464"><time>2026-10-03T06:15:18.002Z</time><ele>33.34</ele></trkpt><trkpt lat="36.994515" lon="126.938469"><time>2026-10-03T06:15:19.002Z</time><ele>34.16</ele></trkpt><trkpt lat="36.9947" lon="126.938461"><time>2026-10-03T06:15:20.002Z</time><ele>35.17</ele></trkpt><trkpt lat="36.994879" lon="126.938456"><time>2026-10-03T06:15:21.002Z</time><ele>35.9</ele></trkpt><trkpt lat="36.995057" lon="126.938463"><time>2026-10-03T06:15:22.002Z</time><ele>36.88</ele></trkpt><trkpt lat="36.995225" lon="126.938467"><time>2026-10-03T06:15:23.002Z</time><ele>37.94</ele></trkpt><trkpt lat="36.995375" lon="126.938464"><time>2026-10-03T06:15:24.002Z</time><ele>38.41</ele></trkpt><trkpt lat="36.995516" lon="126.938462"><time>2026-10-03T06:15:25.000Z</time><ele>39.21</ele></trkpt><trkpt lat="36.995642" lon="126.938462"><time>2026-10-03T06:15:26.000Z</time><ele>39.64</ele></trkpt><trkpt lat="36.995748" lon="126.938462"><time>2026-10-03T06:15:27.000Z</time><ele>39.58</ele></trkpt><trkpt lat="36.995841" lon="126.938462"><time>2026-10-03T06:15:28.000Z</time><ele>39.64</ele></trkpt><trkpt lat="36.995923" lon="126.938467"><time>2026-10-03T06:15:29.000Z</time><ele>39.72</ele></trkpt><trkpt lat="36.995989" lon="126.938476"><time>2026-10-03T06:15:30.000Z</time><ele>39.63</ele></trkpt><trkpt lat="36.996045" lon="126.938482"><time>2026-10-03T06:15:31.000Z</time><ele>39.61</ele></trkpt><trkpt lat="36.996093" lon="126.938486"><time>2026-10-03T06:15:32.000Z</time><ele>39.81</ele></trkpt><trkpt lat="36.996167" lon="126.938506"><time>2026-10-03T06:15:34.000Z</time><ele>39.76</ele></trkpt><trkpt lat="36.996219" lon="126.938524"><time>2026-10-03T06:15:37.000Z</time><ele>40</ele></trkpt><trkpt lat="36.996278" lon="126.938549"><time>2026-10-03T06:15:40.000Z</time><ele>40.41</ele></trkpt><trkpt lat="36.996327" lon="126.938571"><time>2026-10-03T06:15:41.000Z</time><ele>40.29</ele></trkpt><trkpt lat="36.996394" lon="126.9386"><time>2026-10-03T06:15:42.000Z</time><ele>40.51</ele></trkpt><trkpt lat="36.996483" lon="126.938645"><time>2026-10-03T06:15:43.000Z</time><ele>40.56</ele></trkpt><trkpt lat="36.996581" lon="126.938704"><time>2026-10-03T06:15:44.000Z</time><ele>40.68</ele></trkpt><trkpt lat="36.996685" lon="126.938793"><time>2026-10-03T06:15:45.000Z</time><ele>41.09</ele></trkpt><trkpt lat="36.996792" lon="126.938905"><time>2026-10-03T06:15:46.000Z</time><ele>41.33</ele></trkpt><trkpt lat="36.996893" lon="126.939035"><time>2026-10-03T06:15:47.000Z</time><ele>41.11</ele></trkpt><trkpt lat="36.996986" lon="126.939182"><time>2026-10-03T06:15:48.000Z</time><ele>41.29</ele></trkpt><trkpt lat="36.997452" lon="126.940075"><time>2026-10-03T06:15:53.000Z</time><ele>38.85</ele></trkpt><trkpt lat="36.99757" lon="126.940269"><time>2026-10-03T06:15:54.000Z</time><ele>38.21</ele></trkpt><trkpt lat="36.99769" lon="126.940464"><time>2026-10-03T06:15:55.000Z</time><ele>37.26</ele></trkpt><trkpt lat="36.997818" lon="126.940658"><time>2026-10-03T06:15:56.000Z</time><ele>35.71</ele></trkpt><trkpt lat="36.997955" lon="126.940855"><time>2026-10-03T06:15:57.000Z</time><ele>35.27</ele></trkpt><trkpt lat="36.998105" lon="126.941042"><time>2026-10-03T06:15:58.000Z</time><ele>33.77</ele></trkpt><trkpt lat="36.99826" lon="126.941227"><time>2026-10-03T06:15:59.000Z</time><ele>33.06</ele></trkpt><trkpt lat="36.998418" lon="126.941413"><time>2026-10-03T06:16:00.000Z</time><ele>32.16</ele></trkpt><trkpt lat="36.998574" lon="126.941605"><time>2026-10-03T06:16:01.000Z</time><ele>32.24</ele></trkpt><trkpt lat="36.998737" lon="126.941803"><time>2026-10-03T06:16:02.000Z</time><ele>31.96</ele></trkpt><trkpt lat="36.998895" lon="126.941999"><time>2026-10-03T06:16:03.000Z</time><ele>32.35</ele></trkpt><trkpt lat="36.99905" lon="126.94219"><time>2026-10-03T06:16:04.000Z</time><ele>32.84</ele></trkpt><trkpt lat="36.999207" lon="126.942378"><time>2026-10-03T06:16:05.000Z</time><ele>33.17</ele></trkpt><trkpt lat="36.999364" lon="126.942566"><time>2026-10-03T06:16:06.000Z</time><ele>33.26</ele></trkpt><trkpt lat="36.999525" lon="126.942749"><time>2026-10-03T06:16:07.000Z</time><ele>33.46</ele></trkpt><trkpt lat="36.999684" lon="126.942915"><time>2026-10-03T06:16:08.000Z</time><ele>33.6</ele></trkpt><trkpt lat="36.999853" lon="126.943072"><time>2026-10-03T06:16:09.000Z</time><ele>33.56</ele></trkpt><trkpt lat="37.000025" lon="126.94322"><time>2026-10-03T06:16:10.000Z</time><ele>33.79</ele></trkpt><trkpt lat="37.000187" lon="126.943349"><time>2026-10-03T06:16:11.000Z</time><ele>33.79</ele></trkpt><trkpt lat="37.00034" lon="126.943458"><time>2026-10-03T06:16:12.000Z</time><ele>33.66</ele></trkpt><trkpt lat="37.000489" lon="126.943562"><time>2026-10-03T06:16:13.001Z</time><ele>33.81</ele></trkpt><trkpt lat="37.000634" lon="126.943655"><time>2026-10-03T06:16:14.001Z</time><ele>34.17</ele></trkpt><trkpt lat="37.000788" lon="126.94374"><time>2026-10-03T06:16:15.001Z</time><ele>33.72</ele></trkpt><trkpt lat="37.000943" lon="126.943821"><time>2026-10-03T06:16:16.001Z</time><ele>33.21</ele></trkpt><trkpt lat="37.001094" lon="126.943899"><time>2026-10-03T06:16:17.001Z</time><ele>33.13</ele></trkpt><trkpt lat="37.001245" lon="126.943976"><time>2026-10-03T06:16:18.001Z</time><ele>32.49</ele></trkpt><trkpt lat="37.001391" lon="126.944054"><time>2026-10-03T06:16:19.001Z</time><ele>32.38</ele></trkpt><trkpt lat="37.001537" lon="126.944131"><time>2026-10-03T06:16:20.001Z</time><ele>31.94</ele></trkpt><trkpt lat="37.001688" lon="126.944209"><time>2026-10-03T06:16:21.001Z</time><ele>31.96</ele></trkpt><trkpt lat="37.001841" lon="126.944283"><time>2026-10-03T06:16:22.001Z</time><ele>31.51</ele></trkpt><trkpt lat="37.001996" lon="126.944355"><time>2026-10-03T06:16:23.001Z</time><ele>30.33</ele></trkpt><trkpt lat="37.002152" lon="126.944433"><time>2026-10-03T06:16:24.001Z</time><ele>29.95</ele></trkpt><trkpt lat="37.002313" lon="126.944512"><time>2026-10-03T06:16:25.001Z</time><ele>30.07</ele></trkpt><trkpt lat="37.002485" lon="126.944598"><time>2026-10-03T06:16:26.001Z</time><ele>29.54</ele></trkpt><trkpt lat="37.002664" lon="126.944687"><time>2026-10-03T06:16:27.001Z</time><ele>29.39</ele></trkpt><trkpt lat="37.002857" lon="126.944784"><time>2026-10-03T06:16:28.001Z</time><ele>28.47</ele></trkpt><trkpt lat="37.003061" lon="126.944893"><time>2026-10-03T06:16:29.001Z</time><ele>27.84</ele></trkpt><trkpt lat="37.003272" lon="126.945004"><time>2026-10-03T06:16:30.001Z</time><ele>27.37</ele></trkpt><trkpt lat="37.003489" lon="126.945113"><time>2026-10-03T06:16:31.001Z</time><ele>25.64</ele></trkpt><trkpt lat="37.003714" lon="126.94522"><time>2026-10-03T06:16:32.001Z</time><ele>25.49</ele></trkpt><trkpt lat="37.003941" lon="126.945334"><time>2026-10-03T06:16:33.001Z</time><ele>24.81</ele></trkpt><trkpt lat="37.004171" lon="126.945446"><time>2026-10-03T06:16:34.001Z</time><ele>24.1</ele></trkpt><trkpt lat="37.004401" lon="126.945556"><time>2026-10-03T06:16:35.001Z</time><ele>24.47</ele></trkpt><trkpt lat="37.004636" lon="126.945666"><time>2026-10-03T06:16:36.001Z</time><ele>24.56</ele></trkpt><trkpt lat="37.004875" lon="126.945785"><time>2026-10-03T06:16:37.001Z</time><ele>24.76</ele></trkpt><trkpt lat="37.005118" lon="126.94591"><time>2026-10-03T06:16:38.001Z</time><ele>25.03</ele></trkpt><trkpt lat="37.005362" lon="126.946034"><time>2026-10-03T06:16:39.001Z</time><ele>24.27</ele></trkpt><trkpt lat="37.005604" lon="126.94616"><time>2026-10-03T06:16:40.001Z</time><ele>24.77</ele></trkpt><trkpt lat="37.005848" lon="126.946287"><time>2026-10-03T06:16:41.001Z</time><ele>25.53</ele></trkpt><trkpt lat="37.0061" lon="126.946409"><time>2026-10-03T06:16:42.001Z</time><ele>25.25</ele></trkpt><trkpt lat="37.007918" lon="126.947265"><time>2026-10-03T06:16:49.001Z</time><ele>25.94</ele></trkpt><trkpt lat="37.008184" lon="126.947345"><time>2026-10-03T06:16:50.001Z</time><ele>25.81</ele></trkpt><trkpt lat="37.008449" lon="126.947413"><time>2026-10-03T06:16:51.001Z</time><ele>26.06</ele></trkpt><trkpt lat="37.0087" lon="126.947454"><time>2026-10-03T06:16:52.001Z</time><ele>25.62</ele></trkpt><trkpt lat="37.008938" lon="126.947474"><time>2026-10-03T06:16:53.001Z</time><ele>24.37</ele></trkpt><trkpt lat="37.009161" lon="126.947493"><time>2026-10-03T06:16:54.001Z</time><ele>23.87</ele></trkpt><trkpt lat="37.009365" lon="126.947506"><time>2026-10-03T06:16:55.001Z</time><ele>24</ele></trkpt><trkpt lat="37.00955" lon="126.947524"><time>2026-10-03T06:16:56.001Z</time><ele>24.06</ele></trkpt><trkpt lat="37.009716" lon="126.947521"><time>2026-10-03T06:16:57.001Z</time><ele>23.72</ele></trkpt><trkpt lat="37.009863" lon="126.947505"><time>2026-10-03T06:16:58.001Z</time><ele>23.94</ele></trkpt><trkpt lat="37.009983" lon="126.947487"><time>2026-10-03T06:16:59.001Z</time><ele>24.04</ele></trkpt><trkpt lat="37.010079" lon="126.947468"><time>2026-10-03T06:17:00.001Z</time><ele>24.05</ele></trkpt><trkpt lat="37.010153" lon="126.94745"><time>2026-10-03T06:17:01.001Z</time><ele>23.99</ele></trkpt><trkpt lat="37.010214" lon="126.94744"><time>2026-10-03T06:17:02.001Z</time><ele>23.93</ele></trkpt><trkpt lat="37.010266" lon="126.94743"><time>2026-10-03T06:17:03.001Z</time><ele>23.86</ele></trkpt><trkpt lat="37.010345" lon="126.947419"><time>2026-10-03T06:17:05.001Z</time><ele>24.12</ele></trkpt><trkpt lat="37.010434" lon="126.947403"><time>2026-10-03T06:17:07.001Z</time><ele>24.18</ele></trkpt><trkpt lat="37.010486" lon="126.947388"><time>2026-10-03T06:17:08.001Z</time><ele>24.1</ele></trkpt><trkpt lat="37.010544" lon="126.94737"><time>2026-10-03T06:17:09.001Z</time><ele>24.14</ele></trkpt><trkpt lat="37.010616" lon="126.947351"><time>2026-10-03T06:17:10.001Z</time><ele>24.24</ele></trkpt><trkpt lat="37.010699" lon="126.947333"><time>2026-10-03T06:17:11.001Z</time><ele>24.34</ele></trkpt><trkpt lat="37.010784" lon="126.947309"><time>2026-10-03T06:17:12.001Z</time><ele>24.4</ele></trkpt><trkpt lat="37.010869" lon="126.947284"><time>2026-10-03T06:17:13.001Z</time><ele>24.54</ele></trkpt><trkpt lat="37.010966" lon="126.947254"><time>2026-10-03T06:17:14.001Z</time><ele>24.57</ele></trkpt><trkpt lat="37.011076" lon="126.94722"><time>2026-10-03T06:17:15.001Z</time><ele>24.53</ele></trkpt><trkpt lat="37.011193" lon="126.947183"><time>2026-10-03T06:17:16.001Z</time><ele>24.37</ele></trkpt><trkpt lat="37.011303" lon="126.947147"><time>2026-10-03T06:17:17.001Z</time><ele>24.51</ele></trkpt><trkpt lat="37.011415" lon="126.94711"><time>2026-10-03T06:17:18.001Z</time><ele>24.47</ele></trkpt><trkpt lat="37.011528" lon="126.947074"><time>2026-10-03T06:17:19.001Z</time><ele>24.75</ele></trkpt><trkpt lat="37.011636" lon="126.947043"><time>2026-10-03T06:17:20.001Z</time><ele>24.96</ele></trkpt><trkpt lat="37.011742" lon="126.947012"><time>2026-10-03T06:17:21.001Z</time><ele>25.2</ele></trkpt><trkpt lat="37.011854" lon="126.946977"><time>2026-10-03T06:17:22.001Z</time><ele>25.31</ele></trkpt><trkpt lat="37.011966" lon="126.946943"><time>2026-10-03T06:17:23.001Z</time><ele>25.51</ele></trkpt><trkpt lat="37.01207" lon="126.946911"><time>2026-10-03T06:17:24.002Z</time><ele>25.63</ele></trkpt><trkpt lat="37.012166" lon="126.946881"><time>2026-10-03T06:17:25.002Z</time><ele>26.09</ele></trkpt><trkpt lat="37.012254" lon="126.946853"><time>2026-10-03T06:17:26.002Z</time><ele>26.29</ele></trkpt><trkpt lat="37.012337" lon="126.946827"><time>2026-10-03T06:17:27.002Z</time><ele>26.42</ele></trkpt><trkpt lat="37.012415" lon="126.946803"><time>2026-10-03T06:17:28.002Z</time><ele>26.59</ele></trkpt><trkpt lat="37.012491" lon="126.946783"><time>2026-10-03T06:17:29.002Z</time><ele>26.74</ele></trkpt><trkpt lat="37.012568" lon="126.946763"><time>2026-10-03T06:17:30.002Z</time><ele>26.86</ele></trkpt><trkpt lat="37.012644" lon="126.946741"><time>2026-10-03T06:17:31.000Z</time><ele>27.04</ele></trkpt><trkpt lat="37.012723" lon="126.946717"><time>2026-10-03T06:17:32.000Z</time><ele>27.38</ele></trkpt><trkpt lat="37.012806" lon="126.94669"><time>2026-10-03T06:17:33.000Z</time><ele>27.5</ele></trkpt><trkpt lat="37.012899" lon="126.94666"><time>2026-10-03T06:17:34.000Z</time><ele>27.56</ele></trkpt><trkpt lat="37.012997" lon="126.946631"><time>2026-10-03T06:17:35.000Z</time><ele>27.91</ele></trkpt><trkpt lat="37.013098" lon="126.946599"><time>2026-10-03T06:17:36.000Z</time><ele>28.15</ele></trkpt><trkpt lat="37.0132" lon="126.946567"><time>2026-10-03T06:17:37.000Z</time><ele>28.27</ele></trkpt><trkpt lat="37.013296" lon="126.946538"><time>2026-10-03T06:17:38.000Z</time><ele>28.49</ele></trkpt><trkpt lat="37.01339" lon="126.946511"><time>2026-10-03T06:17:39.000Z</time><ele>28.59</ele></trkpt><trkpt lat="37.01348" lon="126.946485"><time>2026-10-03T06:17:40.000Z</time><ele>28.63</ele></trkpt><trkpt lat="37.01357" lon="126.946453"><time>2026-10-03T06:17:41.000Z</time><ele>28.68</ele></trkpt><trkpt lat="37.01366" lon="126.946421"><time>2026-10-03T06:17:42.000Z</time><ele>28.7</ele></trkpt><trkpt lat="37.013758" lon="126.946387"><time>2026-10-03T06:17:43.000Z</time><ele>28.89</ele></trkpt><trkpt lat="37.013864" lon="126.946353"><time>2026-10-03T06:17:44.000Z</time><ele>29.09</ele></trkpt><trkpt lat="37.013977" lon="126.946318"><time>2026-10-03T06:17:45.000Z</time><ele>29.16</ele></trkpt><trkpt lat="37.01409" lon="126.946283"><time>2026-10-03T06:17:46.000Z</time><ele>29.55</ele></trkpt><trkpt lat="37.014204" lon="126.946247"><time>2026-10-03T06:17:47.000Z</time><ele>29.61</ele></trkpt><trkpt lat="37.014326" lon="126.946209"><time>2026-10-03T06:17:48.000Z</time><ele>29.66</ele></trkpt><trkpt lat="37.014454" lon="126.946171"><time>2026-10-03T06:17:49.000Z</time><ele>29.69</ele></trkpt><trkpt lat="37.014578" lon="126.946133"><time>2026-10-03T06:17:50.000Z</time><ele>29.58</ele></trkpt><trkpt lat="37.014696" lon="126.946097"><time>2026-10-03T06:17:51.000Z</time><ele>29.92</ele></trkpt><trkpt lat="37.014806" lon="126.946062"><time>2026-10-03T06:17:52.000Z</time><ele>30.07</ele></trkpt><trkpt lat="37.014912" lon="126.946029"><time>2026-10-03T06:17:53.000Z</time><ele>29.97</ele></trkpt><trkpt lat="37.015023" lon="126.945986"><time>2026-10-03T06:17:54.000Z</time><ele>30.1</ele></trkpt><trkpt lat="37.015148" lon="126.945922"><time>2026-10-03T06:17:55.000Z</time><ele>30.4</ele></trkpt><trkpt lat="37.015296" lon="126.945867"><time>2026-10-03T06:17:56.000Z</time><ele>30.55</ele></trkpt><trkpt lat="37.015461" lon="126.945826"><time>2026-10-03T06:17:57.000Z</time><ele>30.69</ele></trkpt><trkpt lat="37.015609" lon="126.945778"><time>2026-10-03T06:17:58.000Z</time><ele>30.61</ele></trkpt><trkpt lat="37.015762" lon="126.945727"><time>2026-10-03T06:17:59.000Z</time><ele>30.29</ele></trkpt><trkpt lat="37.015911" lon="126.945683"><time>2026-10-03T06:18:00.000Z</time><ele>30.54</ele></trkpt><trkpt lat="37.016061" lon="126.945637"><time>2026-10-03T06:18:01.000Z</time><ele>30.77</ele></trkpt><trkpt lat="37.016202" lon="126.945592"><time>2026-10-03T06:18:02.000Z</time><ele>30.91</ele></trkpt><trkpt lat="37.016346" lon="126.945545"><time>2026-10-03T06:18:03.000Z</time><ele>30.82</ele></trkpt><trkpt lat="37.016482" lon="126.945507"><time>2026-10-03T06:18:04.000Z</time><ele>31.02</ele></trkpt><trkpt lat="37.016623" lon="126.945463"><time>2026-10-03T06:18:05.000Z</time><ele>31.13</ele></trkpt><trkpt lat="37.016771" lon="126.94542"><time>2026-10-03T06:18:06.000Z</time><ele>31.55</ele></trkpt><trkpt lat="37.016927" lon="126.945372"><time>2026-10-03T06:18:07.000Z</time><ele>31.92</ele></trkpt><trkpt lat="37.017077" lon="126.945323"><time>2026-10-03T06:18:08.000Z</time><ele>32.08</ele></trkpt><trkpt lat="37.01722" lon="126.945276"><time>2026-10-03T06:18:09.000Z</time><ele>32.09</ele></trkpt><trkpt lat="37.01738" lon="126.945225"><time>2026-10-03T06:18:10.000Z</time><ele>32.48</ele></trkpt><trkpt lat="37.017544" lon="126.945168"><time>2026-10-03T06:18:11.000Z</time><ele>33.02</ele></trkpt><trkpt lat="37.017713" lon="126.945107"><time>2026-10-03T06:18:12.000Z</time><ele>33.81</ele></trkpt><trkpt lat="37.017885" lon="126.945039"><time>2026-10-03T06:18:13.000Z</time><ele>34.37</ele></trkpt><trkpt lat="37.018056" lon="126.944969"><time>2026-10-03T06:18:14.000Z</time><ele>35.36</ele></trkpt><trkpt lat="37.018228" lon="126.944898"><time>2026-10-03T06:18:15.000Z</time><ele>35.73</ele></trkpt><trkpt lat="37.0184" lon="126.944821"><time>2026-10-03T06:18:16.000Z</time><ele>36.2</ele></trkpt><trkpt lat="37.01857" lon="126.944742"><time>2026-10-03T06:18:17.001Z</time><ele>36.3</ele></trkpt><trkpt lat="37.018733" lon="126.944667"><time>2026-10-03T06:18:18.001Z</time><ele>37.19</ele></trkpt><trkpt lat="37.018887" lon="126.944592"><time>2026-10-03T06:18:19.001Z</time><ele>37.24</ele></trkpt><trkpt lat="37.019037" lon="126.944514"><time>2026-10-03T06:18:20.001Z</time><ele>37.28</ele></trkpt><trkpt lat="37.019178" lon="126.944444"><time>2026-10-03T06:18:21.001Z</time><ele>37.41</ele></trkpt><trkpt lat="37.019315" lon="126.944377"><time>2026-10-03T06:18:22.001Z</time><ele>38.04</ele></trkpt><trkpt lat="37.019449" lon="126.944309"><time>2026-10-03T06:18:23.001Z</time><ele>38.64</ele></trkpt><trkpt lat="37.019583" lon="126.944233"><time>2026-10-03T06:18:24.001Z</time><ele>38.95</ele></trkpt><trkpt lat="37.019712" lon="126.944159"><time>2026-10-03T06:18:25.001Z</time><ele>39.22</ele></trkpt><trkpt lat="37.019848" lon="126.944079"><time>2026-10-03T06:18:26.001Z</time><ele>39.68</ele></trkpt><trkpt lat="37.01999" lon="126.943998"><time>2026-10-03T06:18:27.001Z</time><ele>39.44</ele></trkpt><trkpt lat="37.020135" lon="126.943924"><time>2026-10-03T06:18:28.001Z</time><ele>39.82</ele></trkpt><trkpt lat="37.02028" lon="126.943849"><time>2026-10-03T06:18:29.001Z</time><ele>39.69</ele></trkpt><trkpt lat="37.020424" lon="126.943778"><time>2026-10-03T06:18:30.001Z</time><ele>39.44</ele></trkpt><trkpt lat="37.02057" lon="126.943711"><time>2026-10-03T06:18:31.001Z</time><ele>39.31</ele></trkpt><trkpt lat="37.02071" lon="126.943651"><time>2026-10-03T06:18:32.001Z</time><ele>38.76</ele></trkpt><trkpt lat="37.020847" lon="126.943599"><time>2026-10-03T06:18:33.001Z</time><ele>38.57</ele></trkpt><trkpt lat="37.020979" lon="126.943548"><time>2026-10-03T06:18:34.001Z</time><ele>37.95</ele></trkpt><trkpt lat="37.021109" lon="126.943506"><time>2026-10-03T06:18:35.001Z</time><ele>37.93</ele></trkpt><trkpt lat="37.02124" lon="126.943462"><time>2026-10-03T06:18:36.001Z</time><ele>37.37</ele></trkpt><trkpt lat="37.021381" lon="126.943414"><time>2026-10-03T06:18:37.001Z</time><ele>36.96</ele></trkpt><trkpt lat="37.021531" lon="126.943368"><time>2026-10-03T06:18:38.001Z</time><ele>36.51</ele></trkpt><trkpt lat="37.021675" lon="126.943332"><time>2026-10-03T06:18:39.001Z</time><ele>35.97</ele></trkpt><trkpt lat="37.021817" lon="126.943298"><time>2026-10-03T06:18:40.001Z</time><ele>35.2</ele></trkpt><trkpt lat="37.021957" lon="126.943266"><time>2026-10-03T06:18:41.001Z</time><ele>34.49</ele></trkpt><trkpt lat="37.022091" lon="126.943242"><time>2026-10-03T06:18:42.001Z</time><ele>33.83</ele></trkpt><trkpt lat="37.022207" lon="126.943223"><time>2026-10-03T06:18:43.001Z</time><ele>33.42</ele></trkpt><trkpt lat="37.022313" lon="126.943206"><time>2026-10-03T06:18:44.001Z</time><ele>32.89</ele></trkpt><trkpt lat="37.022424" lon="126.943202"><time>2026-10-03T06:18:45.001Z</time><ele>32.53</ele></trkpt><trkpt lat="37.022531" lon="126.943194"><time>2026-10-03T06:18:46.001Z</time><ele>31.95</ele></trkpt><trkpt lat="37.022626" lon="126.943189"><time>2026-10-03T06:18:47.001Z</time><ele>31.87</ele></trkpt><trkpt lat="37.022699" lon="126.943177"><time>2026-10-03T06:18:48.001Z</time><ele>31.59</ele></trkpt><trkpt lat="37.02276" lon="126.943171"><time>2026-10-03T06:18:49.001Z</time><ele>31.24</ele></trkpt><trkpt lat="37.022813" lon="126.943167"><time>2026-10-03T06:18:50.001Z</time><ele>31.06</ele></trkpt><trkpt lat="37.02286" lon="126.943167"><time>2026-10-03T06:18:51.001Z</time><ele>30.74</ele></trkpt><trkpt lat="37.022929" lon="126.943168"><time>2026-10-03T06:18:53.001Z</time><ele>30.35</ele></trkpt><trkpt lat="37.022975" lon="126.943166"><time>2026-10-03T06:18:55.001Z</time><ele>30.13</ele></trkpt><trkpt lat="37.023036" lon="126.943189"><time>2026-10-03T06:19:58.000Z</time><ele>29.37</ele></trkpt><trkpt lat="37.023082" lon="126.943189"><time>2026-10-03T06:19:59.000Z</time><ele>29.3</ele></trkpt><trkpt lat="37.023141" lon="126.943185"><time>2026-10-03T06:20:00.000Z</time><ele>28.91</ele></trkpt><trkpt lat="37.02322" lon="126.943184"><time>2026-10-03T06:20:01.000Z</time><ele>28.82</ele></trkpt><trkpt lat="37.023311" lon="126.943188"><time>2026-10-03T06:20:02.000Z</time><ele>28.67</ele></trkpt><trkpt lat="37.023408" lon="126.943195"><time>2026-10-03T06:20:03.000Z</time><ele>28.64</ele></trkpt><trkpt lat="37.023521" lon="126.943202"><time>2026-10-03T06:20:04.000Z</time><ele>28.41</ele></trkpt><trkpt lat="37.023642" lon="126.943217"><time>2026-10-03T06:20:05.000Z</time><ele>28.08</ele></trkpt><trkpt lat="37.023776" lon="126.943236"><time>2026-10-03T06:20:06.000Z</time><ele>27.92</ele></trkpt><trkpt lat="37.023928" lon="126.943252"><time>2026-10-03T06:20:07.000Z</time><ele>27.77</ele></trkpt><trkpt lat="37.024096" lon="126.943267"><time>2026-10-03T06:20:08.000Z</time><ele>27.79</ele></trkpt><trkpt lat="37.024275" lon="126.943294"><time>2026-10-03T06:20:09.000Z</time><ele>28.19</ele></trkpt><trkpt lat="37.024467" lon="126.943313"><time>2026-10-03T06:20:10.000Z</time><ele>28.17</ele></trkpt><trkpt lat="37.024664" lon="126.943325"><time>2026-10-03T06:20:11.000Z</time><ele>28.01</ele></trkpt><trkpt lat="37.024867" lon="126.943355"><time>2026-10-03T06:20:12.000Z</time><ele>28.19</ele></trkpt><trkpt lat="37.025074" lon="126.943375"><time>2026-10-03T06:20:13.000Z</time><ele>28.13</ele></trkpt><trkpt lat="37.02529" lon="126.943385"><time>2026-10-03T06:20:14.000Z</time><ele>27.62</ele></trkpt><trkpt lat="37.025508" lon="126.943385"><time>2026-10-03T06:20:15.000Z</time><ele>27.87</ele></trkpt><trkpt lat="37.026432" lon="126.943243"><time>2026-10-03T06:20:19.000Z</time><ele>28.27</ele></trkpt><trkpt lat="37.026669" lon="126.94317"><time>2026-10-03T06:20:20.000Z</time><ele>28.1</ele></trkpt><trkpt lat="37.026898" lon="126.943077"><time>2026-10-03T06:20:21.000Z</time><ele>28.07</ele></trkpt><trkpt lat="37.027121" lon="126.942975"><time>2026-10-03T06:20:22.001Z</time><ele>28.18</ele></trkpt><trkpt lat="37.027344" lon="126.942858"><time>2026-10-03T06:20:23.001Z</time><ele>28.31</ele></trkpt><trkpt lat="37.027561" lon="126.942723"><time>2026-10-03T06:20:24.001Z</time><ele>27.54</ele></trkpt><trkpt lat="37.027768" lon="126.942579"><time>2026-10-03T06:20:25.001Z</time><ele>27.69</ele></trkpt><trkpt lat="37.027967" lon="126.942418"><time>2026-10-03T06:20:26.001Z</time><ele>27.22</ele></trkpt><trkpt lat="37.028151" lon="126.942256"><time>2026-10-03T06:20:27.001Z</time><ele>26.96</ele></trkpt><trkpt lat="37.028319" lon="126.942098"><time>2026-10-03T06:20:28.001Z</time><ele>26.45</ele></trkpt><trkpt lat="37.02848" lon="126.941945"><time>2026-10-03T06:20:29.001Z</time><ele>26.63</ele></trkpt><trkpt lat="37.028632" lon="126.941775"><time>2026-10-03T06:20:30.001Z</time><ele>26.63</ele></trkpt><trkpt lat="37.028781" lon="126.941575"><time>2026-10-03T06:20:31.001Z</time><ele>26.53</ele></trkpt><trkpt lat="37.02892" lon="126.941361"><time>2026-10-03T06:20:32.001Z</time><ele>26.12</ele></trkpt><trkpt lat="37.029052" lon="126.941153"><time>2026-10-03T06:20:33.001Z</time><ele>26.34</ele></trkpt><trkpt lat="37.029185" lon="126.940949"><time>2026-10-03T06:20:34.001Z</time><ele>26.58</ele></trkpt><trkpt lat="37.029324" lon="126.940736"><time>2026-10-03T06:20:35.001Z</time><ele>26.31</ele></trkpt><trkpt lat="37.02946" lon="126.940533"><time>2026-10-03T06:20:36.001Z</time><ele>26.21</ele></trkpt><trkpt lat="37.029585" lon="126.94034"><time>2026-10-03T06:20:37.001Z</time><ele>25.98</ele></trkpt><trkpt lat="37.029717" lon="126.940139"><time>2026-10-03T06:20:38.001Z</time><ele>25.75</ele></trkpt><trkpt lat="37.029853" lon="126.939944"><time>2026-10-03T06:20:39.001Z</time><ele>25.75</ele></trkpt><trkpt lat="37.029995" lon="126.939743"><time>2026-10-03T06:20:40.001Z</time><ele>24.97</ele></trkpt><trkpt lat="37.030144" lon="126.939547"><time>2026-10-03T06:20:41.001Z</time><ele>24.27</ele></trkpt><trkpt lat="37.030309" lon="126.939356"><time>2026-10-03T06:20:42.001Z</time><ele>24.09</ele></trkpt><trkpt lat="37.030472" lon="126.93917"><time>2026-10-03T06:20:43.001Z</time><ele>23.85</ele></trkpt><trkpt lat="37.030643" lon="126.938992"><time>2026-10-03T06:20:44.001Z</time><ele>23.64</ele></trkpt><trkpt lat="37.030829" lon="126.938821"><time>2026-10-03T06:20:45.001Z</time><ele>23.39</ele></trkpt><trkpt lat="37.031024" lon="126.93865"><time>2026-10-03T06:20:46.001Z</time><ele>23.24</ele></trkpt><trkpt lat="37.031225" lon="126.93849"><time>2026-10-03T06:20:47.001Z</time><ele>22.89</ele></trkpt><trkpt lat="37.031428" lon="126.938347"><time>2026-10-03T06:20:48.001Z</time><ele>22.63</ele></trkpt><trkpt lat="37.031635" lon="126.938216"><time>2026-10-03T06:20:49.001Z</time><ele>22.25</ele></trkpt><trkpt lat="37.031844" lon="126.938098"><time>2026-10-03T06:20:50.001Z</time><ele>22.06</ele></trkpt><trkpt lat="37.032063" lon="126.937983"><time>2026-10-03T06:20:51.001Z</time><ele>21.67</ele></trkpt><trkpt lat="37.032274" lon="126.937891"><time>2026-10-03T06:20:52.001Z</time><ele>21.15</ele></trkpt><trkpt lat="37.032476" lon="126.937818"><time>2026-10-03T06:20:53.001Z</time><ele>21.05</ele></trkpt><trkpt lat="37.032678" lon="126.93775"><time>2026-10-03T06:20:54.001Z</time><ele>20.65</ele></trkpt><trkpt lat="37.032873" lon="126.937695"><time>2026-10-03T06:20:55.001Z</time><ele>20.58</ele></trkpt><trkpt lat="37.033061" lon="126.937655"><time>2026-10-03T06:20:56.001Z</time><ele>20.76</ele></trkpt><trkpt lat="37.033242" lon="126.937617"><time>2026-10-03T06:20:57.001Z</time><ele>20.13</ele></trkpt><trkpt lat="37.033415" lon="126.937571"><time>2026-10-03T06:20:58.001Z</time><ele>19.13</ele></trkpt><trkpt lat="37.033584" lon="126.937525"><time>2026-10-03T06:20:59.001Z</time><ele>18.93</ele></trkpt><trkpt lat="37.033768" lon="126.937481"><time>2026-10-03T06:21:00.001Z</time><ele>18.67</ele></trkpt><trkpt lat="37.033937" lon="126.937438"><time>2026-10-03T06:21:01.001Z</time><ele>18.19</ele></trkpt><trkpt lat="37.034097" lon="126.937393"><time>2026-10-03T06:21:02.001Z</time><ele>17.76</ele></trkpt><trkpt lat="37.03425" lon="126.937351"><time>2026-10-03T06:21:03.001Z</time><ele>17.33</ele></trkpt><trkpt lat="37.034391" lon="126.937316"><time>2026-10-03T06:21:04.001Z</time><ele>17.12</ele></trkpt><trkpt lat="37.034516" lon="126.937283"><time>2026-10-03T06:21:05.001Z</time><ele>16.82</ele></trkpt><trkpt lat="37.034638" lon="126.93725"><time>2026-10-03T06:21:06.001Z</time><ele>15.91</ele></trkpt><trkpt lat="37.034754" lon="126.937221"><time>2026-10-03T06:21:07.001Z</time><ele>15.91</ele></trkpt><trkpt lat="37.03487" lon="126.937192"><time>2026-10-03T06:21:08.001Z</time><ele>15.15</ele></trkpt><trkpt lat="37.034991" lon="126.937163"><time>2026-10-03T06:21:09.001Z</time><ele>15.43</ele></trkpt><trkpt lat="37.035114" lon="126.93713"><time>2026-10-03T06:21:10.001Z</time><ele>15.38</ele></trkpt><trkpt lat="37.035242" lon="126.937093"><time>2026-10-03T06:21:11.001Z</time><ele>15.61</ele></trkpt><trkpt lat="37.035375" lon="126.937058"><time>2026-10-03T06:21:12.001Z</time><ele>15.7</ele></trkpt><trkpt lat="37.035512" lon="126.93702"><time>2026-10-03T06:21:13.001Z</time><ele>15.1</ele></trkpt><trkpt lat="37.035645" lon="126.936983"><time>2026-10-03T06:21:14.001Z</time><ele>15.1</ele></trkpt><trkpt lat="37.035769" lon="126.936944"><time>2026-10-03T06:21:15.001Z</time><ele>14.95</ele></trkpt><trkpt lat="37.035897" lon="126.936903"><time>2026-10-03T06:21:16.001Z</time><ele>14.86</ele></trkpt><trkpt lat="37.036027" lon="126.936863"><time>2026-10-03T06:21:17.001Z</time><ele>15.31</ele></trkpt><trkpt lat="37.03616" lon="126.936816"><time>2026-10-03T06:21:18.001Z</time><ele>15.45</ele></trkpt><trkpt lat="37.036298" lon="126.936763"><time>2026-10-03T06:21:19.001Z</time><ele>15.47</ele></trkpt><trkpt lat="37.036435" lon="126.936713"><time>2026-10-03T06:21:20.001Z</time><ele>15.82</ele></trkpt><trkpt lat="37.036563" lon="126.936663"><time>2026-10-03T06:21:21.001Z</time><ele>15.73</ele></trkpt><trkpt lat="37.036698" lon="126.936607"><time>2026-10-03T06:21:22.001Z</time><ele>15.77</ele></trkpt><trkpt lat="37.036836" lon="126.936553"><time>2026-10-03T06:21:23.001Z</time><ele>15.68</ele></trkpt><trkpt lat="37.036976" lon="126.936497"><time>2026-10-03T06:21:24.001Z</time><ele>15.47</ele></trkpt><trkpt lat="37.037118" lon="126.936439"><time>2026-10-03T06:21:25.001Z</time><ele>15.7</ele></trkpt><trkpt lat="37.03726" lon="126.936381"><time>2026-10-03T06:21:26.001Z</time><ele>15.55</ele></trkpt><trkpt lat="37.037398" lon="126.936321"><time>2026-10-03T06:21:27.001Z</time><ele>15.33</ele></trkpt><trkpt lat="37.037532" lon="126.936261"><time>2026-10-03T06:21:28.001Z</time><ele>14.97</ele></trkpt><trkpt lat="37.037669" lon="126.936202"><time>2026-10-03T06:21:29.001Z</time><ele>15.06</ele></trkpt><trkpt lat="37.037807" lon="126.936141"><time>2026-10-03T06:21:30.001Z</time><ele>14.99</ele></trkpt><trkpt lat="37.037947" lon="126.936078"><time>2026-10-03T06:21:31.001Z</time><ele>14.55</ele></trkpt><trkpt lat="37.038085" lon="126.936012"><time>2026-10-03T06:21:32.001Z</time><ele>15.19</ele></trkpt><trkpt lat="37.038227" lon="126.93595"><time>2026-10-03T06:21:33.001Z</time><ele>15.83</ele></trkpt><trkpt lat="37.038374" lon="126.935891"><time>2026-10-03T06:21:34.001Z</time><ele>15.73</ele></trkpt><trkpt lat="37.038518" lon="126.935828"><time>2026-10-03T06:21:35.002Z</time><ele>15.11</ele></trkpt><trkpt lat="37.038657" lon="126.935759"><time>2026-10-03T06:21:36.002Z</time><ele>14.87</ele></trkpt><trkpt lat="37.038799" lon="126.9357"><time>2026-10-03T06:21:37.002Z</time><ele>14.53</ele></trkpt><trkpt lat="37.038923" lon="126.935658"><time>2026-10-03T06:21:38.002Z</time><ele>15.38</ele></trkpt><trkpt lat="37.039044" lon="126.935621"><time>2026-10-03T06:21:39.002Z</time><ele>15.56</ele></trkpt><trkpt lat="37.039166" lon="126.935575"><time>2026-10-03T06:21:40.002Z</time><ele>15.85</ele></trkpt><trkpt lat="37.039285" lon="126.935526"><time>2026-10-03T06:21:41.002Z</time><ele>16.08</ele></trkpt><trkpt lat="37.039393" lon="126.935478"><time>2026-10-03T06:21:42.002Z</time><ele>15.68</ele></trkpt><trkpt lat="37.0395" lon="126.935436"><time>2026-10-03T06:21:43.000Z</time><ele>15.74</ele></trkpt><trkpt lat="37.039607" lon="126.9354"><time>2026-10-03T06:21:44.000Z</time><ele>15.49</ele></trkpt><trkpt lat="37.039709" lon="126.935376"><time>2026-10-03T06:21:45.000Z</time><ele>15.3</ele></trkpt><trkpt lat="37.039803" lon="126.935362"><time>2026-10-03T06:21:46.000Z</time><ele>15.45</ele></trkpt><trkpt lat="37.039894" lon="126.935338"><time>2026-10-03T06:21:47.000Z</time><ele>14.71</ele></trkpt><trkpt lat="37.039968" lon="126.935318"><time>2026-10-03T06:21:48.000Z</time><ele>14.17</ele></trkpt><trkpt lat="37.040025" lon="126.935302"><time>2026-10-03T06:21:49.000Z</time><ele>13.2</ele></trkpt><trkpt lat="37.040076" lon="126.935288"><time>2026-10-03T06:21:50.000Z</time><ele>12.58</ele></trkpt><trkpt lat="37.040129" lon="126.935275"><time>2026-10-03T06:21:51.000Z</time><ele>11.78</ele></trkpt><trkpt lat="37.040194" lon="126.935258"><time>2026-10-03T06:21:53.000Z</time><ele>11.55</ele></trkpt><trkpt lat="37.04026" lon="126.935243"><time>2026-10-03T06:21:55.000Z</time><ele>11.29</ele></trkpt><trkpt lat="37.040322" lon="126.935248"><time>2026-10-03T06:21:57.000Z</time><ele>11.05</ele></trkpt><trkpt lat="37.040383" lon="126.935305"><time>2026-10-03T06:21:59.000Z</time><ele>11.18</ele></trkpt><trkpt lat="37.040423" lon="126.93549"><time>2026-10-03T06:22:01.000Z</time><ele>11.71</ele></trkpt><trkpt lat="37.040455" lon="126.935597"><time>2026-10-03T06:22:02.000Z</time><ele>12.16</ele></trkpt><trkpt lat="37.040496" lon="126.935718"><time>2026-10-03T06:22:03.000Z</time><ele>12.59</ele></trkpt><trkpt lat="37.040527" lon="126.935875"><time>2026-10-03T06:22:04.000Z</time><ele>13.01</ele></trkpt><trkpt lat="37.040542" lon="126.936053"><time>2026-10-03T06:22:05.000Z</time><ele>13.5</ele></trkpt><trkpt lat="37.04055" lon="126.936241"><time>2026-10-03T06:22:06.000Z</time><ele>13.24</ele></trkpt><trkpt lat="37.040544" lon="126.936435"><time>2026-10-03T06:22:07.000Z</time><ele>13.19</ele></trkpt><trkpt lat="37.04052" lon="126.936631"><time>2026-10-03T06:22:08.000Z</time><ele>13.84</ele></trkpt><trkpt lat="37.040489" lon="126.93683"><time>2026-10-03T06:22:09.000Z</time><ele>14.47</ele></trkpt><trkpt lat="37.040464" lon="126.937031"><time>2026-10-03T06:22:10.000Z</time><ele>13.86</ele></trkpt><trkpt lat="37.040443" lon="126.937226"><time>2026-10-03T06:22:11.000Z</time><ele>14.07</ele></trkpt><trkpt lat="37.040424" lon="126.937407"><time>2026-10-03T06:22:12.000Z</time><ele>14.01</ele></trkpt><trkpt lat="37.040406" lon="126.937575"><time>2026-10-03T06:22:13.000Z</time><ele>13.74</ele></trkpt><trkpt lat="37.04039" lon="126.937734"><time>2026-10-03T06:22:14.000Z</time><ele>13.64</ele></trkpt><trkpt lat="37.040374" lon="126.937883"><time>2026-10-03T06:22:15.000Z</time><ele>13.49</ele></trkpt><trkpt lat="37.040357" lon="126.938023"><time>2026-10-03T06:22:16.000Z</time><ele>13.4</ele></trkpt><trkpt lat="37.040341" lon="126.938155"><time>2026-10-03T06:22:17.000Z</time><ele>13.3</ele></trkpt><trkpt lat="37.040327" lon="126.938282"><time>2026-10-03T06:22:18.000Z</time><ele>13.18</ele></trkpt><trkpt lat="37.040312" lon="126.938412"><time>2026-10-03T06:22:19.000Z</time><ele>12.77</ele></trkpt><trkpt lat="37.040299" lon="126.938531"><time>2026-10-03T06:22:20.000Z</time><ele>12.91</ele></trkpt><trkpt lat="37.040285" lon="126.938641"><time>2026-10-03T06:22:21.000Z</time><ele>13.13</ele></trkpt><trkpt lat="37.040274" lon="126.938742"><time>2026-10-03T06:22:22.000Z</time><ele>12.83</ele></trkpt><trkpt lat="37.040264" lon="126.938833"><time>2026-10-03T06:22:23.000Z</time><ele>12.57</ele></trkpt><trkpt lat="37.040257" lon="126.938905"><time>2026-10-03T06:22:24.000Z</time><ele>13.01</ele></trkpt><trkpt lat="37.040251" lon="126.938961"><time>2026-10-03T06:22:25.000Z</time><ele>12.82</ele></trkpt><trkpt lat="37.040238" lon="126.939055"><time>2026-10-03T06:22:27.000Z</time><ele>12.87</ele></trkpt><trkpt lat="37.040229" lon="126.939114"><time>2026-10-03T06:22:29.000Z</time><ele>12.6</ele></trkpt><trkpt lat="37.040216" lon="126.939173"><time>2026-10-03T06:22:49.001Z</time><ele>12.81</ele></trkpt><trkpt lat="37.040209" lon="126.939267"><time>2026-10-03T06:22:51.001Z</time><ele>12.54</ele></trkpt><trkpt lat="37.0402" lon="126.939352"><time>2026-10-03T06:22:53.001Z</time><ele>12</ele></trkpt><trkpt lat="37.04019" lon="126.939439"><time>2026-10-03T06:22:55.001Z</time><ele>12.33</ele></trkpt><trkpt lat="37.040171" lon="126.939555"><time>2026-10-03T06:22:57.001Z</time><ele>12.37</ele></trkpt><trkpt lat="37.040164" lon="126.939638"><time>2026-10-03T06:22:58.001Z</time><ele>12.31</ele></trkpt><trkpt lat="37.040162" lon="126.939736"><time>2026-10-03T06:22:59.001Z</time><ele>12.6</ele></trkpt><trkpt lat="37.040176" lon="126.939834"><time>2026-10-03T06:23:00.001Z</time><ele>12.66</ele></trkpt><trkpt lat="37.040155" lon="126.939906"><time>2026-10-03T06:23:01.001Z</time><ele>12.66</ele></trkpt><trkpt lat="37.040396" lon="126.940109"><time>2026-10-03T06:23:03.001Z</time><ele>12.78</ele></trkpt><trkpt lat="37.040514" lon="126.940105"><time>2026-10-03T06:23:04.001Z</time><ele>12.82</ele></trkpt><trkpt lat="37.040639" lon="126.9401"><time>2026-10-03T06:23:05.001Z</time><ele>13.15</ele></trkpt><trkpt lat="37.040775" lon="126.940125"><time>2026-10-03T06:23:06.001Z</time><ele>13.79</ele></trkpt><trkpt lat="37.040917" lon="126.940129"><time>2026-10-03T06:23:07.001Z</time><ele>14.01</ele></trkpt><trkpt lat="37.041062" lon="126.940117"><time>2026-10-03T06:23:08.001Z</time><ele>14.83</ele></trkpt><trkpt lat="37.041211" lon="126.940105"><time>2026-10-03T06:23:09.001Z</time><ele>15.42</ele></trkpt><trkpt lat="37.041366" lon="126.940098"><time>2026-10-03T06:23:10.001Z</time><ele>16.49</ele></trkpt><trkpt lat="37.041527" lon="126.940095"><time>2026-10-03T06:23:11.001Z</time><ele>17.67</ele></trkpt><trkpt lat="37.041692" lon="126.940091"><time>2026-10-03T06:23:12.001Z</time><ele>18.84</ele></trkpt><trkpt lat="37.041857" lon="126.940077"><time>2026-10-03T06:23:13.001Z</time><ele>19.29</ele></trkpt><trkpt lat="37.042026" lon="126.940065"><time>2026-10-03T06:23:14.001Z</time><ele>19.79</ele></trkpt><trkpt lat="37.042195" lon="126.940055"><time>2026-10-03T06:23:15.001Z</time><ele>19.9</ele></trkpt><trkpt lat="37.04236" lon="126.940049"><time>2026-10-03T06:23:16.001Z</time><ele>20.28</ele></trkpt><trkpt lat="37.042511" lon="126.94004"><time>2026-10-03T06:23:17.001Z</time><ele>19.89</ele></trkpt><trkpt lat="37.042656" lon="126.940032"><time>2026-10-03T06:23:18.001Z</time><ele>19.26</ele></trkpt><trkpt lat="37.042798" lon="126.940029"><time>2026-10-03T06:23:19.001Z</time><ele>19.06</ele></trkpt><trkpt lat="37.042934" lon="126.940022"><time>2026-10-03T06:23:20.001Z</time><ele>18.1</ele></trkpt><trkpt lat="37.043067" lon="126.940014"><time>2026-10-03T06:23:21.001Z</time><ele>17.47</ele></trkpt><trkpt lat="37.043197" lon="126.940009"><time>2026-10-03T06:23:22.001Z</time><ele>17.09</ele></trkpt><trkpt lat="37.043325" lon="126.940013"><time>2026-10-03T06:23:23.001Z</time><ele>15.96</ele></trkpt><trkpt lat="37.043449" lon="126.940022"><time>2026-10-03T06:23:24.001Z</time><ele>15.51</ele></trkpt><trkpt lat="37.043581" lon="126.940031"><time>2026-10-03T06:23:25.001Z</time><ele>15.15</ele></trkpt><trkpt lat="37.04372" lon="126.940047"><time>2026-10-03T06:23:26.001Z</time><ele>15.38</ele></trkpt><trkpt lat="37.043859" lon="126.940068"><time>2026-10-03T06:23:27.001Z</time><ele>15.08</ele></trkpt><trkpt lat="37.04399" lon="126.940093"><time>2026-10-03T06:23:28.001Z</time><ele>14.74</ele></trkpt><trkpt lat="37.044116" lon="126.940124"><time>2026-10-03T06:23:29.001Z</time><ele>14.31</ele></trkpt><trkpt lat="37.044246" lon="126.940159"><time>2026-10-03T06:23:30.001Z</time><ele>13.64</ele></trkpt><trkpt lat="37.044369" lon="126.940197"><time>2026-10-03T06:23:31.001Z</time><ele>13.11</ele></trkpt><trkpt lat="37.044493" lon="126.940235"><time>2026-10-03T06:23:32.001Z</time><ele>12.7</ele></trkpt><trkpt lat="37.044625" lon="126.940281"><time>2026-10-03T06:23:33.001Z</time><ele>12.85</ele></trkpt><trkpt lat="37.044755" lon="126.940337"><time>2026-10-03T06:23:34.001Z</time><ele>13</ele></trkpt><trkpt lat="37.044883" lon="126.940392"><time>2026-10-03T06:23:35.001Z</time><ele>13.19</ele></trkpt><trkpt lat="37.04501" lon="126.940442"><time>2026-10-03T06:23:36.001Z</time><ele>13.38</ele></trkpt><trkpt lat="37.045127" lon="126.940485"><time>2026-10-03T06:23:37.001Z</time><ele>13.99</ele></trkpt><trkpt lat="37.045241" lon="126.940526"><time>2026-10-03T06:23:38.001Z</time><ele>14.2</ele></trkpt><trkpt lat="37.045359" lon="126.94057"><time>2026-10-03T06:23:39.001Z</time><ele>15.04</ele></trkpt><trkpt lat="37.045479" lon="126.940612"><time>2026-10-03T06:23:40.001Z</time><ele>15.34</ele></trkpt><trkpt lat="37.045592" lon="126.940655"><time>2026-10-03T06:23:41.001Z</time><ele>15.64</ele></trkpt><trkpt lat="37.045696" lon="126.940694"><time>2026-10-03T06:23:42.001Z</time><ele>16.05</ele></trkpt><trkpt lat="37.046236" lon="126.940895"><time>2026-10-03T06:23:47.002Z</time><ele>17.79</ele></trkpt><trkpt lat="37.046337" lon="126.940933"><time>2026-10-03T06:23:48.002Z</time><ele>18.05</ele></trkpt><trkpt lat="37.046432" lon="126.940969"><time>2026-10-03T06:23:49.000Z</time><ele>18.24</ele></trkpt><trkpt lat="37.046519" lon="126.941003"><time>2026-10-03T06:23:50.000Z</time><ele>18.58</ele></trkpt><trkpt lat="37.046601" lon="126.941034"><time>2026-10-03T06:23:51.000Z</time><ele>18.78</ele></trkpt><trkpt lat="37.046676" lon="126.941062"><time>2026-10-03T06:23:52.000Z</time><ele>19.16</ele></trkpt><trkpt lat="37.046743" lon="126.941084"><time>2026-10-03T06:23:53.000Z</time><ele>19.12</ele></trkpt><trkpt lat="37.046799" lon="126.941103"><time>2026-10-03T06:23:54.000Z</time><ele>19.31</ele></trkpt><trkpt lat="37.046844" lon="126.941122"><time>2026-10-03T06:23:55.000Z</time><ele>19.46</ele></trkpt><trkpt lat="37.046915" lon="126.941166"><time>2026-10-03T06:23:57.000Z</time><ele>21.32</ele></trkpt><trkpt lat="37.046991" lon="126.941198"><time>2026-10-03T06:23:59.000Z</time><ele>21.55</ele></trkpt><trkpt lat="37.047037" lon="126.941211"><time>2026-10-03T06:24:00.000Z</time><ele>21.76</ele></trkpt><trkpt lat="37.047092" lon="126.941228"><time>2026-10-03T06:24:01.000Z</time><ele>22.02</ele></trkpt><trkpt lat="37.04714" lon="126.941247"><time>2026-10-03T06:24:02.000Z</time><ele>22.4</ele></trkpt><trkpt lat="37.047192" lon="126.941265"><time>2026-10-03T06:24:03.000Z</time><ele>22.23</ele></trkpt><trkpt lat="37.047251" lon="126.941287"><time>2026-10-03T06:24:04.000Z</time><ele>22.24</ele></trkpt><trkpt lat="37.047314" lon="126.941313"><time>2026-10-03T06:24:05.000Z</time><ele>22.57</ele></trkpt><trkpt lat="37.047374" lon="126.941339"><time>2026-10-03T06:24:06.000Z</time><ele>22.48</ele></trkpt><trkpt lat="37.047441" lon="126.941367"><time>2026-10-03T06:24:07.000Z</time><ele>22.65</ele></trkpt><trkpt lat="37.047514" lon="126.941397"><time>2026-10-03T06:24:08.000Z</time><ele>22.91</ele></trkpt><trkpt lat="37.047592" lon="126.941431"><time>2026-10-03T06:24:09.000Z</time><ele>22.65</ele></trkpt><trkpt lat="37.047676" lon="126.941466"><time>2026-10-03T06:24:10.000Z</time><ele>22.86</ele></trkpt><trkpt lat="37.047782" lon="126.941496"><time>2026-10-03T06:24:11.000Z</time><ele>22.96</ele></trkpt><trkpt lat="37.047881" lon="126.941531"><time>2026-10-03T06:24:12.000Z</time><ele>23.11</ele></trkpt><trkpt lat="37.047978" lon="126.941563"><time>2026-10-03T06:24:13.000Z</time><ele>22.87</ele></trkpt><trkpt lat="37.048068" lon="126.941602"><time>2026-10-03T06:24:14.000Z</time><ele>22.77</ele></trkpt><trkpt lat="37.04815" lon="126.941646"><time>2026-10-03T06:24:15.000Z</time><ele>23.04</ele></trkpt><trkpt lat="37.04823" lon="126.941695"><time>2026-10-03T06:24:16.000Z</time><ele>23.68</ele></trkpt><trkpt lat="37.048293" lon="126.941736"><time>2026-10-03T06:24:17.000Z</time><ele>23.89</ele></trkpt><trkpt lat="37.048339" lon="126.94177"><time>2026-10-03T06:24:18.000Z</time><ele>23.9</ele></trkpt><trkpt lat="37.048404" lon="126.941825"><time>2026-10-03T06:24:20.000Z</time><ele>24.98</ele></trkpt><trkpt lat="37.048442" lon="126.941858"><time>2026-10-03T06:24:21.000Z</time><ele>25.4</ele></trkpt><trkpt lat="37.048486" lon="126.941899"><time>2026-10-03T06:24:22.000Z</time><ele>25.87</ele></trkpt><trkpt lat="37.048539" lon="126.941949"><time>2026-10-03T06:24:23.000Z</time><ele>26.15</ele></trkpt><trkpt lat="37.048598" lon="126.942001"><time>2026-10-03T06:24:24.000Z</time><ele>26.41</ele></trkpt><trkpt lat="37.048656" lon="126.942057"><time>2026-10-03T06:24:25.000Z</time><ele>26.77</ele></trkpt><trkpt lat="37.048706" lon="126.942105"><time>2026-10-03T06:24:26.000Z</time><ele>27.06</ele></trkpt><trkpt lat="37.048756" lon="126.942154"><time>2026-10-03T06:24:27.000Z</time><ele>27.08</ele></trkpt><trkpt lat="37.04881" lon="126.942213"><time>2026-10-03T06:24:28.000Z</time><ele>27.41</ele></trkpt><trkpt lat="37.048869" lon="126.942278"><time>2026-10-03T06:24:29.000Z</time><ele>27.95</ele></trkpt><trkpt lat="37.048933" lon="126.942344"><time>2026-10-03T06:24:30.000Z</time><ele>28.4</ele></trkpt><trkpt lat="37.048994" lon="126.942414"><time>2026-10-03T06:24:31.000Z</time><ele>28.97</ele></trkpt><trkpt lat="37.049053" lon="126.942488"><time>2026-10-03T06:24:32.000Z</time><ele>28.79</ele></trkpt><trkpt lat="37.049109" lon="126.942567"><time>2026-10-03T06:24:33.000Z</time><ele>28.96</ele></trkpt><trkpt lat="37.049162" lon="126.942645"><time>2026-10-03T06:24:34.000Z</time><ele>29.09</ele></trkpt><trkpt lat="37.04921" lon="126.942727"><time>2026-10-03T06:24:35.000Z</time><ele>29.32</ele></trkpt><trkpt lat="37.049253" lon="126.942816"><time>2026-10-03T06:24:36.000Z</time><ele>29.78</ele></trkpt><trkpt lat="37.049294" lon="126.942911"><time>2026-10-03T06:24:37.000Z</time><ele>30.11</ele></trkpt><trkpt lat="37.049333" lon="126.943009"><time>2026-10-03T06:24:38.000Z</time><ele>30.33</ele></trkpt><trkpt lat="37.049368" lon="126.943108"><time>2026-10-03T06:24:39.001Z</time><ele>30.44</ele></trkpt><trkpt lat="37.049398" lon="126.943211"><time>2026-10-03T06:24:40.001Z</time><ele>30.62</ele></trkpt><trkpt lat="37.049422" lon="126.943314"><time>2026-10-03T06:24:41.001Z</time><ele>30.75</ele></trkpt><trkpt lat="37.049441" lon="126.943417"><time>2026-10-03T06:24:42.001Z</time><ele>30.77</ele></trkpt><trkpt lat="37.049464" lon="126.943521"><time>2026-10-03T06:24:43.001Z</time><ele>30.84</ele></trkpt><trkpt lat="37.049486" lon="126.943617"><time>2026-10-03T06:24:44.001Z</time><ele>30.51</ele></trkpt><trkpt lat="37.049505" lon="126.943705"><time>2026-10-03T06:24:45.001Z</time><ele>30.32</ele></trkpt><trkpt lat="37.049525" lon="126.94379"><time>2026-10-03T06:24:46.001Z</time><ele>30.05</ele></trkpt><trkpt lat="37.049547" lon="126.943881"><time>2026-10-03T06:24:47.001Z</time><ele>29.84</ele></trkpt><trkpt lat="37.049567" lon="126.943969"><time>2026-10-03T06:24:48.001Z</time><ele>29.55</ele></trkpt><trkpt lat="37.049593" lon="126.944067"><time>2026-10-03T06:24:49.001Z</time><ele>29.24</ele></trkpt><trkpt lat="37.049618" lon="126.944166"><time>2026-10-03T06:24:50.001Z</time><ele>28.91</ele></trkpt><trkpt lat="37.049642" lon="126.944265"><time>2026-10-03T06:24:51.001Z</time><ele>28.6</ele></trkpt><trkpt lat="37.049664" lon="126.944369"><time>2026-10-03T06:24:52.001Z</time><ele>28.27</ele></trkpt><trkpt lat="37.049684" lon="126.944468"><time>2026-10-03T06:24:53.001Z</time><ele>27.88</ele></trkpt><trkpt lat="37.049705" lon="126.944565"><time>2026-10-03T06:24:54.001Z</time><ele>27.65</ele></trkpt><trkpt lat="37.049726" lon="126.94466"><time>2026-10-03T06:24:55.001Z</time><ele>27.24</ele></trkpt><trkpt lat="37.049746" lon="126.944753"><time>2026-10-03T06:24:56.001Z</time><ele>26.82</ele></trkpt><trkpt lat="37.049772" lon="126.944862"><time>2026-10-03T06:24:57.001Z</time><ele>26.74</ele></trkpt><trkpt lat="37.049799" lon="126.944972"><time>2026-10-03T06:24:58.001Z</time><ele>27</ele></trkpt><trkpt lat="37.049827" lon="126.945072"><time>2026-10-03T06:24:59.001Z</time><ele>26.83</ele></trkpt><trkpt lat="37.049855" lon="126.945167"><time>2026-10-03T06:25:00.001Z</time><ele>26.79</ele></trkpt><trkpt lat="37.049884" lon="126.945253"><time>2026-10-03T06:25:01.001Z</time><ele>26.49</ele></trkpt><trkpt lat="37.049909" lon="126.945322"><time>2026-10-03T06:25:02.001Z</time><ele>26.51</ele></trkpt><trkpt lat="37.049933" lon="126.945381"><time>2026-10-03T06:25:03.001Z</time><ele>26.16</ele></trkpt><trkpt lat="37.049956" lon="126.945437"><time>2026-10-03T06:25:04.001Z</time><ele>25.85</ele></trkpt><trkpt lat="37.05" lon="126.945543"><time>2026-10-03T06:25:06.001Z</time><ele>25.47</ele></trkpt><trkpt lat="37.050037" lon="126.945607"><time>2026-10-03T06:25:07.001Z</time><ele>25.09</ele></trkpt><trkpt lat="37.050078" lon="126.945679"><time>2026-10-03T06:25:08.001Z</time><ele>25.02</ele></trkpt><trkpt lat="37.050116" lon="126.945751"><time>2026-10-03T06:25:09.001Z</time><ele>24.78</ele></trkpt><trkpt lat="37.050152" lon="126.945825"><time>2026-10-03T06:25:10.001Z</time><ele>25.16</ele></trkpt><trkpt lat="37.05019" lon="126.945899"><time>2026-10-03T06:25:11.001Z</time><ele>25.31</ele></trkpt><trkpt lat="37.050238" lon="126.945971"><time>2026-10-03T06:25:12.001Z</time><ele>25.12</ele></trkpt><trkpt lat="37.05029" lon="126.946045"><time>2026-10-03T06:25:13.001Z</time><ele>24.95</ele></trkpt><trkpt lat="37.050341" lon="126.946106"><time>2026-10-03T06:25:14.001Z</time><ele>24.93</ele></trkpt><trkpt lat="37.050392" lon="126.946169"><time>2026-10-03T06:25:15.001Z</time><ele>24.9</ele></trkpt><trkpt lat="37.050441" lon="126.946227"><time>2026-10-03T06:25:16.001Z</time><ele>24.85</ele></trkpt><trkpt lat="37.050485" lon="126.946284"><time>2026-10-03T06:25:17.001Z</time><ele>25.48</ele></trkpt><trkpt lat="37.050527" lon="126.946338"><time>2026-10-03T06:25:18.001Z</time><ele>25.94</ele></trkpt><trkpt lat="37.05057" lon="126.946395"><time>2026-10-03T06:25:19.001Z</time><ele>26.24</ele></trkpt><trkpt lat="37.050614" lon="126.946452"><time>2026-10-03T06:25:20.001Z</time><ele>26.91</ele></trkpt><trkpt lat="37.050662" lon="126.946505"><time>2026-10-03T06:25:21.001Z</time><ele>27.11</ele></trkpt><trkpt lat="37.050714" lon="126.946561"><time>2026-10-03T06:25:22.001Z</time><ele>27.15</ele></trkpt><trkpt lat="37.050767" lon="126.946616"><time>2026-10-03T06:25:23.001Z</time><ele>26.88</ele></trkpt><trkpt lat="37.050813" lon="126.946669"><time>2026-10-03T06:25:24.001Z</time><ele>27.25</ele></trkpt><trkpt lat="37.050861" lon="126.946721"><time>2026-10-03T06:25:25.001Z</time><ele>27.3</ele></trkpt><trkpt lat="37.050905" lon="126.946771"><time>2026-10-03T06:25:26.001Z</time><ele>27.48</ele></trkpt><trkpt lat="37.050945" lon="126.946818"><time>2026-10-03T06:25:27.001Z</time><ele>27.38</ele></trkpt><trkpt lat="37.050985" lon="126.946864"><time>2026-10-03T06:25:28.001Z</time><ele>27.31</ele></trkpt><trkpt lat="37.051022" lon="126.946904"><time>2026-10-03T06:25:29.001Z</time><ele>27.42</ele></trkpt><trkpt lat="37.05106" lon="126.946949"><time>2026-10-03T06:25:30.001Z</time><ele>27.51</ele></trkpt><trkpt lat="37.051094" lon="126.946992"><time>2026-10-03T06:25:31.001Z</time><ele>27.74</ele></trkpt><trkpt lat="37.051135" lon="126.947043"><time>2026-10-03T06:25:32.001Z</time><ele>27.8</ele></trkpt><trkpt lat="37.051188" lon="126.947105"><time>2026-10-03T06:25:33.001Z</time><ele>27.45</ele></trkpt><trkpt lat="37.05125" lon="126.94717"><time>2026-10-03T06:25:34.001Z</time><ele>27.72</ele></trkpt><trkpt lat="37.051326" lon="126.947244"><time>2026-10-03T06:25:35.001Z</time><ele>27.68</ele></trkpt><trkpt lat="37.051405" lon="126.947322"><time>2026-10-03T06:25:36.001Z</time><ele>27.75</ele></trkpt><trkpt lat="37.051486" lon="126.947406"><time>2026-10-03T06:25:37.001Z</time><ele>27.79</ele></trkpt><trkpt lat="37.051563" lon="126.947483"><time>2026-10-03T06:25:38.001Z</time><ele>28.06</ele></trkpt><trkpt lat="37.05163" lon="126.947562"><time>2026-10-03T06:25:39.001Z</time><ele>28</ele></trkpt><trkpt lat="37.051701" lon="126.947648"><time>2026-10-03T06:25:40.001Z</time><ele>28.33</ele></trkpt><trkpt lat="37.051776" lon="126.947727"><time>2026-10-03T06:25:41.001Z</time><ele>28.91</ele></trkpt><trkpt lat="37.051855" lon="126.947811"><time>2026-10-03T06:25:42.001Z</time><ele>29.97</ele></trkpt><trkpt lat="37.051938" lon="126.947884"><time>2026-10-03T06:25:43.001Z</time><ele>30.89</ele></trkpt><trkpt lat="37.052019" lon="126.947949"><time>2026-10-03T06:25:44.001Z</time><ele>31.14</ele></trkpt><trkpt lat="37.052092" lon="126.948003"><time>2026-10-03T06:25:45.001Z</time><ele>31.18</ele></trkpt><trkpt lat="37.052159" lon="126.948043"><time>2026-10-03T06:25:46.001Z</time><ele>31.58</ele></trkpt><trkpt lat="37.052222" lon="126.948073"><time>2026-10-03T06:25:47.001Z</time><ele>31.45</ele></trkpt><trkpt lat="37.052295" lon="126.948101"><time>2026-10-03T06:25:48.001Z</time><ele>31.82</ele></trkpt><trkpt lat="37.052376" lon="126.948131"><time>2026-10-03T06:25:49.001Z</time><ele>32.17</ele></trkpt><trkpt lat="37.052463" lon="126.948163"><time>2026-10-03T06:25:50.001Z</time><ele>32.39</ele></trkpt><trkpt lat="37.052553" lon="126.948191"><time>2026-10-03T06:25:51.001Z</time><ele>32.89</ele></trkpt><trkpt lat="37.052648" lon="126.948217"><time>2026-10-03T06:25:52.001Z</time><ele>33.01</ele></trkpt><trkpt lat="37.052741" lon="126.948243"><time>2026-10-03T06:25:53.002Z</time><ele>33.81</ele></trkpt><trkpt lat="37.052831" lon="126.948267"><time>2026-10-03T06:25:54.002Z</time><ele>34.91</ele></trkpt><trkpt lat="37.052918" lon="126.948291"><time>2026-10-03T06:25:55.000Z</time><ele>35.89</ele></trkpt><trkpt lat="37.053002" lon="126.948312"><time>2026-10-03T06:25:56.000Z</time><ele>36.08</ele></trkpt><trkpt lat="37.053085" lon="126.948335"><time>2026-10-03T06:25:57.000Z</time><ele>36.32</ele></trkpt><trkpt lat="37.053164" lon="126.948354"><time>2026-10-03T06:25:58.000Z</time><ele>36.29</ele></trkpt><trkpt lat="37.05325" lon="126.948372"><time>2026-10-03T06:25:59.000Z</time><ele>36.61</ele></trkpt><trkpt lat="37.053338" lon="126.948395"><time>2026-10-03T06:26:00.000Z</time><ele>36.83</ele></trkpt><trkpt lat="37.05342" lon="126.94843"><time>2026-10-03T06:26:01.000Z</time><ele>36.87</ele></trkpt><trkpt lat="37.053491" lon="126.948499"><time>2026-10-03T06:26:02.000Z</time><ele>37</ele></trkpt><trkpt lat="37.053565" lon="126.948543"><time>2026-10-03T06:26:03.000Z</time><ele>36.77</ele></trkpt><trkpt lat="37.053629" lon="126.948608"><time>2026-10-03T06:26:04.000Z</time><ele>36.9</ele></trkpt><trkpt lat="37.053691" lon="126.948691"><time>2026-10-03T06:26:05.000Z</time><ele>36.88</ele></trkpt><trkpt lat="37.053748" lon="126.948777"><time>2026-10-03T06:26:06.000Z</time><ele>36.79</ele></trkpt><trkpt lat="37.053794" lon="126.948865"><time>2026-10-03T06:26:07.000Z</time><ele>36.63</ele></trkpt><trkpt lat="37.053833" lon="126.94896"><time>2026-10-03T06:26:08.000Z</time><ele>36.27</ele></trkpt><trkpt lat="37.053868" lon="126.949051"><time>2026-10-03T06:26:09.000Z</time><ele>36.16</ele></trkpt><trkpt lat="37.05391" lon="126.949146"><time>2026-10-03T06:26:10.000Z</time><ele>36.12</ele></trkpt><trkpt lat="37.053955" lon="126.949231"><time>2026-10-03T06:26:11.000Z</time><ele>35.61</ele></trkpt><trkpt lat="37.054003" lon="126.949311"><time>2026-10-03T06:26:12.000Z</time><ele>35.47</ele></trkpt><trkpt lat="37.054055" lon="126.949371"><time>2026-10-03T06:26:13.000Z</time><ele>34.81</ele></trkpt><trkpt lat="37.054095" lon="126.949419"><time>2026-10-03T06:26:14.000Z</time><ele>34.35</ele></trkpt><trkpt lat="37.054143" lon="126.949475"><time>2026-10-03T06:26:15.000Z</time><ele>34.84</ele></trkpt><trkpt lat="37.054218" lon="126.949524"><time>2026-10-03T06:26:16.000Z</time><ele>34.49</ele></trkpt><trkpt lat="37.054312" lon="126.949597"><time>2026-10-03T06:26:17.000Z</time><ele>34.1</ele></trkpt><trkpt lat="37.05487" lon="126.950107"><time>2026-10-03T06:26:21.000Z</time><ele>31.63</ele></trkpt><trkpt lat="37.055011" lon="126.950226"><time>2026-10-03T06:26:22.000Z</time><ele>31.24</ele></trkpt><trkpt lat="37.055149" lon="126.950329"><time>2026-10-03T06:26:23.000Z</time><ele>30.96</ele></trkpt><trkpt lat="37.05528" lon="126.95042"><time>2026-10-03T06:26:24.000Z</time><ele>29.97</ele></trkpt><trkpt lat="37.055398" lon="126.95051"><time>2026-10-03T06:26:25.000Z</time><ele>29.86</ele></trkpt><trkpt lat="37.05549" lon="126.950575"><time>2026-10-03T06:26:26.000Z</time><ele>28.96</ele></trkpt><trkpt lat="37.055572" lon="126.950638"><time>2026-10-03T06:26:27.000Z</time><ele>29</ele></trkpt><trkpt lat="37.055658" lon="126.950701"><time>2026-10-03T06:26:28.000Z</time><ele>28.68</ele></trkpt><trkpt lat="37.055758" lon="126.950771"><time>2026-10-03T06:26:29.000Z</time><ele>28.16</ele></trkpt><trkpt lat="37.055864" lon="126.950853"><time>2026-10-03T06:26:30.000Z</time><ele>27.67</ele></trkpt><trkpt lat="37.055972" lon="126.950923"><time>2026-10-03T06:26:31.000Z</time><ele>27.25</ele></trkpt><trkpt lat="37.056067" lon="126.950992"><time>2026-10-03T06:26:32.000Z</time><ele>27.08</ele></trkpt><trkpt lat="37.056154" lon="126.951064"><time>2026-10-03T06:26:33.000Z</time><ele>26.6</ele></trkpt><trkpt lat="37.056241" lon="126.951127"><time>2026-10-03T06:26:34.000Z</time><ele>26.37</ele></trkpt><trkpt lat="37.056335" lon="126.951191"><time>2026-10-03T06:26:35.000Z</time><ele>25.79</ele></trkpt><trkpt lat="37.056437" lon="126.951263"><time>2026-10-03T06:26:36.000Z</time><ele>25.41</ele></trkpt><trkpt lat="37.056545" lon="126.951319"><time>2026-10-03T06:26:37.000Z</time><ele>24.94</ele></trkpt><trkpt lat="37.056663" lon="126.951373"><time>2026-10-03T06:26:38.000Z</time><ele>24.54</ele></trkpt><trkpt lat="37.056788" lon="126.951411"><time>2026-10-03T06:26:39.000Z</time><ele>23.97</ele></trkpt><trkpt lat="37.05691" lon="126.95145"><time>2026-10-03T06:26:40.000Z</time><ele>23.62</ele></trkpt><trkpt lat="37.057022" lon="126.951498"><time>2026-10-03T06:26:41.000Z</time><ele>23.08</ele></trkpt><trkpt lat="37.057136" lon="126.951551"><time>2026-10-03T06:26:42.000Z</time><ele>22.3</ele></trkpt><trkpt lat="37.057248" lon="126.951607"><time>2026-10-03T06:26:43.001Z</time><ele>21.94</ele></trkpt><trkpt lat="37.057354" lon="126.951713"><time>2026-10-03T06:26:44.001Z</time><ele>22.18</ele></trkpt><trkpt lat="37.05745" lon="126.951857"><time>2026-10-03T06:26:45.001Z</time><ele>22.2</ele></trkpt><trkpt lat="37.057536" lon="126.952012"><time>2026-10-03T06:26:46.001Z</time><ele>22.62</ele></trkpt><trkpt lat="37.057624" lon="126.952157"><time>2026-10-03T06:26:47.001Z</time><ele>22.99</ele></trkpt><trkpt lat="37.057718" lon="126.952295"><time>2026-10-03T06:26:48.001Z</time><ele>23.68</ele></trkpt><trkpt lat="37.057803" lon="126.952437"><time>2026-10-03T06:26:49.001Z</time><ele>24.53</ele></trkpt><trkpt lat="37.057865" lon="126.95257"><time>2026-10-03T06:26:50.001Z</time><ele>25.7</ele></trkpt><trkpt lat="37.057933" lon="126.952679"><time>2026-10-03T06:26:51.001Z</time><ele>26.66</ele></trkpt><trkpt lat="37.058018" lon="126.952785"><time>2026-10-03T06:26:52.001Z</time><ele>27.47</ele></trkpt><trkpt lat="37.058103" lon="126.952901"><time>2026-10-03T06:26:53.001Z</time><ele>28</ele></trkpt><trkpt lat="37.058175" lon="126.953026"><time>2026-10-03T06:26:54.001Z</time><ele>28.85</ele></trkpt><trkpt lat="37.05826" lon="126.95314"><time>2026-10-03T06:26:55.001Z</time><ele>29.45</ele></trkpt><trkpt lat="37.058342" lon="126.953257"><time>2026-10-03T06:26:56.001Z</time><ele>30.36</ele></trkpt><trkpt lat="37.058419" lon="126.953384"><time>2026-10-03T06:26:57.001Z</time><ele>31.08</ele></trkpt><trkpt lat="37.058518" lon="126.953492"><time>2026-10-03T06:26:58.001Z</time><ele>31.52</ele></trkpt><trkpt lat="37.058625" lon="126.953601"><time>2026-10-03T06:26:59.001Z</time><ele>32.44</ele></trkpt><trkpt lat="37.058729" lon="126.953711"><time>2026-10-03T06:27:00.001Z</time><ele>32.55</ele></trkpt><trkpt lat="37.058838" lon="126.953809"><time>2026-10-03T06:27:01.001Z</time><ele>32.1</ele></trkpt><trkpt lat="37.058941" lon="126.953898"><time>2026-10-03T06:27:02.001Z</time><ele>31.94</ele></trkpt><trkpt lat="37.059053" lon="126.95397"><time>2026-10-03T06:27:03.001Z</time><ele>31.91</ele></trkpt><trkpt lat="37.059181" lon="126.954014"><time>2026-10-03T06:27:04.001Z</time><ele>31.54</ele></trkpt><trkpt lat="37.059321" lon="126.954034"><time>2026-10-03T06:27:05.001Z</time><ele>30.62</ele></trkpt><trkpt lat="37.059467" lon="126.954025"><time>2026-10-03T06:27:06.001Z</time><ele>29.98</ele></trkpt><trkpt lat="37.059613" lon="126.953994"><time>2026-10-03T06:27:07.001Z</time><ele>28.81</ele></trkpt><trkpt lat="37.059763" lon="126.953953"><time>2026-10-03T06:27:08.001Z</time><ele>27.53</ele></trkpt><trkpt lat="37.059912" lon="126.953923"><time>2026-10-03T06:27:09.001Z</time><ele>26.55</ele></trkpt><trkpt lat="37.060053" lon="126.953906"><time>2026-10-03T06:27:10.001Z</time><ele>25.22</ele></trkpt><trkpt lat="37.060193" lon="126.953901"><time>2026-10-03T06:27:11.001Z</time><ele>24.07</ele></trkpt><trkpt lat="37.060339" lon="126.953931"><time>2026-10-03T06:27:12.001Z</time><ele>23.32</ele></trkpt><trkpt lat="37.060484" lon="126.953995"><time>2026-10-03T06:27:13.001Z</time><ele>22.15</ele></trkpt><trkpt lat="37.060626" lon="126.954084"><time>2026-10-03T06:27:14.001Z</time><ele>21.52</ele></trkpt><trkpt lat="37.060754" lon="126.954193"><time>2026-10-03T06:27:15.001Z</time><ele>21.22</ele></trkpt><trkpt lat="37.060869" lon="126.954307"><time>2026-10-03T06:27:16.001Z</time><ele>20.86</ele></trkpt><trkpt lat="37.060982" lon="126.954404"><time>2026-10-03T06:27:17.001Z</time><ele>20.15</ele></trkpt><trkpt lat="37.06109" lon="126.954498"><time>2026-10-03T06:27:18.001Z</time><ele>19.58</ele></trkpt><trkpt lat="37.061178" lon="126.95461"><time>2026-10-03T06:27:19.001Z</time><ele>18.94</ele></trkpt><trkpt lat="37.061263" lon="126.954715"><time>2026-10-03T06:27:20.001Z</time><ele>18.53</ele></trkpt><trkpt lat="37.061354" lon="126.954825"><time>2026-10-03T06:27:21.001Z</time><ele>18.27</ele></trkpt><trkpt lat="37.061438" lon="126.95496"><time>2026-10-03T06:27:22.001Z</time><ele>18.06</ele></trkpt><trkpt lat="37.061522" lon="126.955102"><time>2026-10-03T06:27:23.001Z</time><ele>17.49</ele></trkpt><trkpt lat="37.061596" lon="126.955254"><time>2026-10-03T06:27:24.001Z</time><ele>17.62</ele></trkpt><trkpt lat="37.061658" lon="126.955405"><time>2026-10-03T06:27:25.001Z</time><ele>17.87</ele></trkpt><trkpt lat="37.061721" lon="126.955535"><time>2026-10-03T06:27:26.001Z</time><ele>18.19</ele></trkpt><trkpt lat="37.061791" lon="126.95565"><time>2026-10-03T06:27:27.001Z</time><ele>18.22</ele></trkpt><trkpt lat="37.061854" lon="126.955789"><time>2026-10-03T06:27:28.001Z</time><ele>19.03</ele></trkpt><trkpt lat="37.061917" lon="126.955931"><time>2026-10-03T06:27:29.001Z</time><ele>19.47</ele></trkpt><trkpt lat="37.061999" lon="126.956069"><time>2026-10-03T06:27:30.001Z</time><ele>19.65</ele></trkpt><trkpt lat="37.062054" lon="126.956223"><time>2026-10-03T06:27:31.001Z</time><ele>19.77</ele></trkpt><trkpt lat="37.062115" lon="126.956351"><time>2026-10-03T06:27:32.001Z</time><ele>19.88</ele></trkpt><trkpt lat="37.062179" lon="126.956464"><time>2026-10-03T06:27:33.001Z</time><ele>19.73</ele></trkpt><trkpt lat="37.062235" lon="126.95658"><time>2026-10-03T06:27:34.001Z</time><ele>19.74</ele></trkpt><trkpt lat="37.062283" lon="126.95669"><time>2026-10-03T06:27:35.001Z</time><ele>19.73</ele></trkpt><trkpt lat="37.062329" lon="126.956791"><time>2026-10-03T06:27:36.001Z</time><ele>19.58</ele></trkpt><trkpt lat="37.062375" lon="126.956882"><time>2026-10-03T06:27:37.001Z</time><ele>19.61</ele></trkpt><trkpt lat="37.062417" lon="126.95696"><time>2026-10-03T06:27:38.001Z</time><ele>19.42</ele></trkpt><trkpt lat="37.062454" lon="126.957032"><time>2026-10-03T06:27:39.001Z</time><ele>19.34</ele></trkpt><trkpt lat="37.062488" lon="126.957097"><time>2026-10-03T06:27:40.001Z</time><ele>19.02</ele></trkpt><trkpt lat="37.06252" lon="126.95716"><time>2026-10-03T06:27:41.001Z</time><ele>19.12</ele></trkpt><trkpt lat="37.062553" lon="126.957225"><time>2026-10-03T06:27:42.001Z</time><ele>19.26</ele></trkpt><trkpt lat="37.062584" lon="126.957307"><time>2026-10-03T06:27:43.001Z</time><ele>19.44</ele></trkpt><trkpt lat="37.062621" lon="126.957379"><time>2026-10-03T06:27:44.001Z</time><ele>19.36</ele></trkpt><trkpt lat="37.06266" lon="126.957439"><time>2026-10-03T06:27:45.001Z</time><ele>19.39</ele></trkpt><trkpt lat="37.062707" lon="126.95751"><time>2026-10-03T06:27:46.001Z</time><ele>19.42</ele></trkpt><trkpt lat="37.062757" lon="126.957595"><time>2026-10-03T06:27:47.001Z</time><ele>19.27</ele></trkpt><trkpt lat="37.062802" lon="126.957673"><time>2026-10-03T06:27:48.001Z</time><ele>18.91</ele></trkpt><trkpt lat="37.06285" lon="126.957752"><time>2026-10-03T06:27:49.001Z</time><ele>18.5</ele></trkpt><trkpt lat="37.062906" lon="126.957837"><time>2026-10-03T06:27:50.001Z</time><ele>18.03</ele></trkpt><trkpt lat="37.062971" lon="126.957929"><time>2026-10-03T06:27:51.001Z</time><ele>17.67</ele></trkpt><trkpt lat="37.063023" lon="126.95803"><time>2026-10-03T06:27:52.001Z</time><ele>17.32</ele></trkpt><trkpt lat="37.063079" lon="126.958116"><time>2026-10-03T06:27:53.001Z</time><ele>17.39</ele></trkpt><trkpt lat="37.06339" lon="126.958592"><time>2026-10-03T06:27:57.002Z</time><ele>16.58</ele></trkpt><trkpt lat="37.063495" lon="126.958754"><time>2026-10-03T06:27:58.002Z</time><ele>16.35</ele></trkpt><trkpt lat="37.063598" lon="126.958912"><time>2026-10-03T06:27:59.002Z</time><ele>16.22</ele></trkpt><trkpt lat="37.06371" lon="126.959064"><time>2026-10-03T06:28:00.002Z</time><ele>16.04</ele></trkpt><trkpt lat="37.063804" lon="126.959234"><time>2026-10-03T06:28:01.000Z</time><ele>16.03</ele></trkpt><trkpt lat="37.063897" lon="126.959384"><time>2026-10-03T06:28:02.000Z</time><ele>16.19</ele></trkpt><trkpt lat="37.063983" lon="126.959517"><time>2026-10-03T06:28:03.000Z</time><ele>16.22</ele></trkpt><trkpt lat="37.064051" lon="126.95962"><time>2026-10-03T06:28:04.000Z</time><ele>16.42</ele></trkpt><trkpt lat="37.064094" lon="126.959683"><time>2026-10-03T06:28:05.000Z</time><ele>16.31</ele></trkpt><trkpt lat="37.064138" lon="126.95975"><time>2026-10-03T06:28:06.000Z</time><ele>15.94</ele></trkpt><trkpt lat="37.064192" lon="126.959835"><time>2026-10-03T06:28:07.000Z</time><ele>16.17</ele></trkpt><trkpt lat="37.064261" lon="126.959921"><time>2026-10-03T06:28:08.000Z</time><ele>16.03</ele></trkpt><trkpt lat="37.06432" lon="126.960035"><time>2026-10-03T06:28:09.000Z</time><ele>16.22</ele></trkpt><trkpt lat="37.064397" lon="126.960143"><time>2026-10-03T06:28:10.000Z</time><ele>16.23</ele></trkpt><trkpt lat="37.064487" lon="126.960265"><time>2026-10-03T06:28:11.000Z</time><ele>16.34</ele></trkpt><trkpt lat="37.064572" lon="126.960405"><time>2026-10-03T06:28:12.000Z</time><ele>16.33</ele></trkpt><trkpt lat="37.064664" lon="126.960556"><time>2026-10-03T06:28:13.000Z</time><ele>16.6</ele></trkpt><trkpt lat="37.064762" lon="126.960706"><time>2026-10-03T06:28:14.000Z</time><ele>16.56</ele></trkpt><trkpt lat="37.064861" lon="126.960857"><time>2026-10-03T06:28:15.000Z</time><ele>16.61</ele></trkpt><trkpt lat="37.064954" lon="126.961"><time>2026-10-03T06:28:16.000Z</time><ele>16.58</ele></trkpt><trkpt lat="37.06504" lon="126.96113"><time>2026-10-03T06:28:17.000Z</time><ele>16.45</ele></trkpt><trkpt lat="37.06512" lon="126.961255"><time>2026-10-03T06:28:18.000Z</time><ele>16.57</ele></trkpt><trkpt lat="37.0652" lon="126.961376"><time>2026-10-03T06:28:19.000Z</time><ele>16.55</ele></trkpt><trkpt lat="37.065279" lon="126.961497"><time>2026-10-03T06:28:20.000Z</time><ele>16.85</ele></trkpt><trkpt lat="37.065352" lon="126.961617"><time>2026-10-03T06:28:21.000Z</time><ele>17.75</ele></trkpt><trkpt lat="37.065423" lon="126.961729"><time>2026-10-03T06:28:22.000Z</time><ele>17.64</ele></trkpt><trkpt lat="37.065488" lon="126.961831"><time>2026-10-03T06:28:23.000Z</time><ele>17.75</ele></trkpt><trkpt lat="37.065549" lon="126.961924"><time>2026-10-03T06:28:24.000Z</time><ele>17.86</ele></trkpt><trkpt lat="37.065607" lon="126.962009"><time>2026-10-03T06:28:25.000Z</time><ele>17.75</ele></trkpt><trkpt lat="37.065662" lon="126.962092"><time>2026-10-03T06:28:26.000Z</time><ele>17.88</ele></trkpt><trkpt lat="37.065711" lon="126.962167"><time>2026-10-03T06:28:27.000Z</time><ele>17.81</ele></trkpt><trkpt lat="37.065758" lon="126.962238"><time>2026-10-03T06:28:28.000Z</time><ele>18.11</ele></trkpt><trkpt lat="37.0658" lon="126.962303"><time>2026-10-03T06:28:29.000Z</time><ele>18.19</ele></trkpt><trkpt lat="37.065836" lon="126.962357"><time>2026-10-03T06:28:30.000Z</time><ele>18.26</ele></trkpt><trkpt lat="37.065878" lon="126.962431"><time>2026-10-03T06:28:32.000Z</time><ele>18.85</ele></trkpt><trkpt lat="37.065902" lon="126.962482"><time>2026-10-03T06:28:34.000Z</time><ele>19.17</ele></trkpt><trkpt lat="37.065913" lon="126.962549"><time>2026-10-03T06:29:43.001Z</time><ele>26.62</ele></trkpt><trkpt lat="37.065972" lon="126.962652"><time>2026-10-03T06:29:45.001Z</time><ele>27.03</ele></trkpt><trkpt lat="37.066019" lon="126.962721"><time>2026-10-03T06:29:46.001Z</time><ele>26.65</ele></trkpt><trkpt lat="37.066073" lon="126.9628"><time>2026-10-03T06:29:47.001Z</time><ele>26.57</ele></trkpt><trkpt lat="37.066132" lon="126.962891"><time>2026-10-03T06:29:48.001Z</time><ele>26.68</ele></trkpt><trkpt lat="37.066196" lon="126.962989"><time>2026-10-03T06:29:49.001Z</time><ele>26.95</ele></trkpt><trkpt lat="37.066265" lon="126.963095"><time>2026-10-03T06:29:50.001Z</time><ele>27.54</ele></trkpt><trkpt lat="37.066344" lon="126.963204"><time>2026-10-03T06:29:51.001Z</time><ele>28.01</ele></trkpt><trkpt lat="37.066423" lon="126.963317"><time>2026-10-03T06:29:52.001Z</time><ele>28.33</ele></trkpt><trkpt lat="37.066508" lon="126.963435"><time>2026-10-03T06:29:53.001Z</time><ele>29.1</ele></trkpt><trkpt lat="37.066926" lon="126.964147"><time>2026-10-03T06:29:58.001Z</time><ele>33.03</ele></trkpt><trkpt lat="37.06701" lon="126.964304"><time>2026-10-03T06:29:59.001Z</time><ele>33.8</ele></trkpt><trkpt lat="37.067095" lon="126.964461"><time>2026-10-03T06:30:00.001Z</time><ele>34.78</ele></trkpt><trkpt lat="37.067179" lon="126.964615"><time>2026-10-03T06:30:01.001Z</time><ele>35.15</ele></trkpt><trkpt lat="37.067255" lon="126.964761"><time>2026-10-03T06:30:02.001Z</time><ele>35.53</ele></trkpt><trkpt lat="37.067349" lon="126.964884"><time>2026-10-03T06:30:03.001Z</time><ele>36.04</ele></trkpt><trkpt lat="37.067429" lon="126.965025"><time>2026-10-03T06:30:04.002Z</time><ele>35.93</ele></trkpt><trkpt lat="37.06753" lon="126.965145"><time>2026-10-03T06:30:05.002Z</time><ele>35.79</ele></trkpt><trkpt lat="37.067646" lon="126.965254"><time>2026-10-03T06:30:06.002Z</time><ele>35.49</ele></trkpt><trkpt lat="37.067766" lon="126.965356"><time>2026-10-03T06:30:07.000Z</time><ele>35.48</ele></trkpt><trkpt lat="37.067899" lon="126.965469"><time>2026-10-03T06:30:08.000Z</time><ele>35.67</ele></trkpt><trkpt lat="37.068029" lon="126.965591"><time>2026-10-03T06:30:09.000Z</time><ele>35.74</ele></trkpt><trkpt lat="37.068169" lon="126.965706"><time>2026-10-03T06:30:10.000Z</time><ele>35.74</ele></trkpt><trkpt lat="37.068313" lon="126.965825"><time>2026-10-03T06:30:11.000Z</time><ele>36.17</ele></trkpt><trkpt lat="37.068454" lon="126.965951"><time>2026-10-03T06:30:12.000Z</time><ele>36.4</ele></trkpt><trkpt lat="37.068589" lon="126.966067"><time>2026-10-03T06:30:13.000Z</time><ele>36.33</ele></trkpt><trkpt lat="37.068713" lon="126.96617"><time>2026-10-03T06:30:14.000Z</time><ele>36.04</ele></trkpt><trkpt lat="37.068832" lon="126.966271"><time>2026-10-03T06:30:15.000Z</time><ele>36.43</ele></trkpt><trkpt lat="37.068951" lon="126.966379"><time>2026-10-03T06:30:16.000Z</time><ele>37.09</ele></trkpt><trkpt lat="37.069067" lon="126.966476"><time>2026-10-03T06:30:17.000Z</time><ele>37.46</ele></trkpt><trkpt lat="37.06918" lon="126.966552"><time>2026-10-03T06:30:18.000Z</time><ele>37.92</ele></trkpt><trkpt lat="37.069298" lon="126.96663"><time>2026-10-03T06:30:19.000Z</time><ele>38.31</ele></trkpt><trkpt lat="37.069423" lon="126.9667"><time>2026-10-03T06:30:20.000Z</time><ele>38.61</ele></trkpt><trkpt lat="37.069557" lon="126.966754"><time>2026-10-03T06:30:21.000Z</time><ele>38.52</ele></trkpt><trkpt lat="37.069694" lon="126.96681"><time>2026-10-03T06:30:22.000Z</time><ele>39.07</ele></trkpt><trkpt lat="37.069826" lon="126.966862"><time>2026-10-03T06:30:23.000Z</time><ele>39.04</ele></trkpt><trkpt lat="37.069956" lon="126.966917"><time>2026-10-03T06:30:24.000Z</time><ele>39.08</ele></trkpt><trkpt lat="37.070074" lon="126.966987"><time>2026-10-03T06:30:25.000Z</time><ele>39.08</ele></trkpt><trkpt lat="37.070174" lon="126.967071"><time>2026-10-03T06:30:26.000Z</time><ele>38.97</ele></trkpt><trkpt lat="37.070264" lon="126.967161"><time>2026-10-03T06:30:27.000Z</time><ele>38.41</ele></trkpt><trkpt lat="37.070352" lon="126.967254"><time>2026-10-03T06:30:28.000Z</time><ele>38.08</ele></trkpt><trkpt lat="37.070436" lon="126.967344"><time>2026-10-03T06:30:29.000Z</time><ele>37.68</ele></trkpt><trkpt lat="37.070512" lon="126.967436"><time>2026-10-03T06:30:30.000Z</time><ele>36.92</ele></trkpt><trkpt lat="37.070565" lon="126.967521"><time>2026-10-03T06:30:31.000Z</time><ele>36.78</ele></trkpt><trkpt lat="37.070604" lon="126.967592"><time>2026-10-03T06:30:32.000Z</time><ele>37.24</ele></trkpt><trkpt lat="37.070646" lon="126.967665"><time>2026-10-03T06:30:33.000Z</time><ele>36.82</ele></trkpt><trkpt lat="37.07068" lon="126.967743"><time>2026-10-03T06:30:34.000Z</time><ele>36.5</ele></trkpt><trkpt lat="37.070707" lon="126.96781"><time>2026-10-03T06:30:35.000Z</time><ele>36.28</ele></trkpt><trkpt lat="37.070741" lon="126.967851"><time>2026-10-03T06:30:36.000Z</time><ele>35.76</ele></trkpt><trkpt lat="37.070775" lon="126.967896"><time>2026-10-03T06:30:38.000Z</time><ele>35.34</ele></trkpt><trkpt lat="37.070911" lon="126.967852"><time>2026-10-03T06:30:39.000Z</time><ele>35.57</ele></trkpt><trkpt lat="37.070953" lon="126.967787"><time>2026-10-03T06:30:40.000Z</time><ele>36.06</ele></trkpt><trkpt lat="37.071015" lon="126.967721"><time>2026-10-03T06:30:41.000Z</time><ele>36.63</ele></trkpt><trkpt lat="37.071076" lon="126.967635"><time>2026-10-03T06:30:42.000Z</time><ele>37.19</ele></trkpt><trkpt lat="37.071163" lon="126.967571"><time>2026-10-03T06:30:43.000Z</time><ele>37.44</ele></trkpt><trkpt lat="37.071242" lon="126.96748"><time>2026-10-03T06:30:44.000Z</time><ele>37.82</ele></trkpt><trkpt lat="37.071334" lon="126.967407"><time>2026-10-03T06:30:45.000Z</time><ele>38.64</ele></trkpt><trkpt lat="37.071441" lon="126.967375"><time>2026-10-03T06:30:46.000Z</time><ele>38.67</ele></trkpt><trkpt lat="37.071546" lon="126.967309"><time>2026-10-03T06:30:47.000Z</time><ele>38</ele></trkpt><trkpt lat="37.071645" lon="126.967255"><time>2026-10-03T06:30:48.000Z</time><ele>37.98</ele></trkpt><trkpt lat="37.071742" lon="126.967205"><time>2026-10-03T06:30:49.000Z</time><ele>37.38</ele></trkpt><trkpt lat="37.07185" lon="126.967174"><time>2026-10-03T06:30:50.000Z</time><ele>37.19</ele></trkpt><trkpt lat="37.071963" lon="126.96714"><time>2026-10-03T06:30:51.000Z</time><ele>36.69</ele></trkpt><trkpt lat="37.072068" lon="126.967106"><time>2026-10-03T06:30:52.000Z</time><ele>36.44</ele></trkpt><trkpt lat="37.072184" lon="126.967086"><time>2026-10-03T06:30:53.000Z</time><ele>36.19</ele></trkpt><trkpt lat="37.072307" lon="126.967083"><time>2026-10-03T06:30:54.001Z</time><ele>35.89</ele></trkpt><trkpt lat="37.07243" lon="126.967086"><time>2026-10-03T06:30:55.001Z</time><ele>35.28</ele></trkpt><trkpt lat="37.072557" lon="126.9671"><time>2026-10-03T06:30:56.001Z</time><ele>34.86</ele></trkpt><trkpt lat="37.072693" lon="126.967126"><time>2026-10-03T06:30:57.001Z</time><ele>34.49</ele></trkpt><trkpt lat="37.072834" lon="126.967164"><time>2026-10-03T06:30:58.001Z</time><ele>34.47</ele></trkpt><trkpt lat="37.072977" lon="126.967205"><time>2026-10-03T06:30:59.001Z</time><ele>34.64</ele></trkpt><trkpt lat="37.073118" lon="126.967254"><time>2026-10-03T06:31:00.001Z</time><ele>35.65</ele></trkpt><trkpt lat="37.07326" lon="126.967308"><time>2026-10-03T06:31:01.001Z</time><ele>37.33</ele></trkpt><trkpt lat="37.073398" lon="126.967351"><time>2026-10-03T06:31:02.001Z</time><ele>38.58</ele></trkpt><trkpt lat="37.073531" lon="126.967388"><time>2026-10-03T06:31:03.001Z</time><ele>39.46</ele></trkpt><trkpt lat="37.073661" lon="126.967425"><time>2026-10-03T06:31:04.001Z</time><ele>40.36</ele></trkpt><trkpt lat="37.073784" lon="126.967459"><time>2026-10-03T06:31:05.001Z</time><ele>40.9</ele></trkpt><trkpt lat="37.073898" lon="126.967487"><time>2026-10-03T06:31:06.001Z</time><ele>42.09</ele></trkpt><trkpt lat="37.074002" lon="126.967504"><time>2026-10-03T06:31:07.001Z</time><ele>42.1</ele></trkpt><trkpt lat="37.074108" lon="126.967514"><time>2026-10-03T06:31:08.001Z</time><ele>42.02</ele></trkpt><trkpt lat="37.074213" lon="126.967528"><time>2026-10-03T06:31:09.001Z</time><ele>41.55</ele></trkpt><trkpt lat="37.074321" lon="126.967563"><time>2026-10-03T06:31:10.001Z</time><ele>40.62</ele></trkpt><trkpt lat="37.074434" lon="126.967615"><time>2026-10-03T06:31:11.001Z</time><ele>39.81</ele></trkpt><trkpt lat="37.07455" lon="126.967676"><time>2026-10-03T06:31:12.001Z</time><ele>39.18</ele></trkpt><trkpt lat="37.074661" lon="126.967747"><time>2026-10-03T06:31:13.001Z</time><ele>38.78</ele></trkpt><trkpt lat="37.074766" lon="126.967822"><time>2026-10-03T06:31:14.001Z</time><ele>38.27</ele></trkpt><trkpt lat="37.074871" lon="126.967889"><time>2026-10-03T06:31:15.001Z</time><ele>37.36</ele></trkpt><trkpt lat="37.074973" lon="126.96796"><time>2026-10-03T06:31:16.001Z</time><ele>36.56</ele></trkpt><trkpt lat="37.075079" lon="126.968053"><time>2026-10-03T06:31:17.001Z</time><ele>35.73</ele></trkpt><trkpt lat="37.075177" lon="126.968147"><time>2026-10-03T06:31:18.001Z</time><ele>34.57</ele></trkpt><trkpt lat="37.075266" lon="126.96825"><time>2026-10-03T06:31:19.001Z</time><ele>33.43</ele></trkpt><trkpt lat="37.075361" lon="126.968341"><time>2026-10-03T06:31:20.001Z</time><ele>32.62</ele></trkpt><trkpt lat="37.075457" lon="126.968425"><time>2026-10-03T06:31:21.001Z</time><ele>31.56</ele></trkpt><trkpt lat="37.075555" lon="126.968507"><time>2026-10-03T06:31:22.001Z</time><ele>30.78</ele></trkpt><trkpt lat="37.075669" lon="126.968582"><time>2026-10-03T06:31:23.001Z</time><ele>30.17</ele></trkpt><trkpt lat="37.075789" lon="126.968649"><time>2026-10-03T06:31:24.001Z</time><ele>29.79</ele></trkpt><trkpt lat="37.075903" lon="126.968727"><time>2026-10-03T06:31:25.001Z</time><ele>29.33</ele></trkpt><trkpt lat="37.076013" lon="126.968809"><time>2026-10-03T06:31:26.001Z</time><ele>29.18</ele></trkpt><trkpt lat="37.076111" lon="126.968896"><time>2026-10-03T06:31:27.001Z</time><ele>28.68</ele></trkpt><trkpt lat="37.076196" lon="126.968996"><time>2026-10-03T06:31:28.001Z</time><ele>28.24</ele></trkpt><trkpt lat="37.076279" lon="126.969092"><time>2026-10-03T06:31:29.001Z</time><ele>27.98</ele></trkpt><trkpt lat="37.076369" lon="126.969181"><time>2026-10-03T06:31:30.001Z</time><ele>27.56</ele></trkpt><trkpt lat="37.076464" lon="126.969243"><time>2026-10-03T06:31:31.001Z</time><ele>27.29</ele></trkpt><trkpt lat="37.076562" lon="126.969277"><time>2026-10-03T06:31:32.001Z</time><ele>27.41</ele></trkpt><trkpt lat="37.076654" lon="126.969324"><time>2026-10-03T06:31:33.001Z</time><ele>26.91</ele></trkpt><trkpt lat="37.076728" lon="126.969409"><time>2026-10-03T06:31:34.001Z</time><ele>27.01</ele></trkpt><trkpt lat="37.076799" lon="126.969489"><time>2026-10-03T06:31:35.001Z</time><ele>26.73</ele></trkpt><trkpt lat="37.076871" lon="126.96955"><time>2026-10-03T06:31:36.001Z</time><ele>26.47</ele></trkpt><trkpt lat="37.076935" lon="126.969607"><time>2026-10-03T06:31:37.001Z</time><ele>26.25</ele></trkpt><trkpt lat="37.076971" lon="126.969672"><time>2026-10-03T06:31:38.001Z</time><ele>26.26</ele></trkpt><trkpt lat="37.076968" lon="126.969843"><time>2026-10-03T06:31:40.001Z</time><ele>26.1</ele></trkpt><trkpt lat="37.076968" lon="126.969954"><time>2026-10-03T06:31:41.001Z</time><ele>25.68</ele></trkpt><trkpt lat="37.076974" lon="126.970075"><time>2026-10-03T06:31:42.001Z</time><ele>25.12</ele></trkpt><trkpt lat="37.076976" lon="126.970212"><time>2026-10-03T06:31:43.001Z</time><ele>24.68</ele></trkpt><trkpt lat="37.07698" lon="126.97036"><time>2026-10-03T06:31:44.001Z</time><ele>24.2</ele></trkpt><trkpt lat="37.076986" lon="126.970516"><time>2026-10-03T06:31:45.001Z</time><ele>23.75</ele></trkpt><trkpt lat="37.076996" lon="126.970679"><time>2026-10-03T06:31:46.001Z</time><ele>23.59</ele></trkpt><trkpt lat="37.077015" lon="126.970846"><time>2026-10-03T06:31:47.001Z</time><ele>23.38</ele></trkpt><trkpt lat="37.077039" lon="126.971016"><time>2026-10-03T06:31:48.001Z</time><ele>23.15</ele></trkpt><trkpt lat="37.077067" lon="126.971192"><time>2026-10-03T06:31:49.001Z</time><ele>22.68</ele></trkpt><trkpt lat="37.077104" lon="126.971368"><time>2026-10-03T06:31:50.001Z</time><ele>22.07</ele></trkpt><trkpt lat="37.077143" lon="126.971548"><time>2026-10-03T06:31:51.001Z</time><ele>21.72</ele></trkpt><trkpt lat="37.077181" lon="126.971728"><time>2026-10-03T06:31:52.001Z</time><ele>21.32</ele></trkpt><trkpt lat="37.077215" lon="126.971896"><time>2026-10-03T06:31:53.001Z</time><ele>20.71</ele></trkpt><trkpt lat="37.077243" lon="126.972056"><time>2026-10-03T06:31:54.001Z</time><ele>20.34</ele></trkpt><trkpt lat="37.077276" lon="126.972205"><time>2026-10-03T06:31:55.001Z</time><ele>20.14</ele></trkpt><trkpt lat="37.077317" lon="126.972344"><time>2026-10-03T06:31:56.001Z</time><ele>19.65</ele></trkpt><trkpt lat="37.077359" lon="126.972495"><time>2026-10-03T06:31:57.001Z</time><ele>19.56</ele></trkpt><trkpt lat="37.077397" lon="126.972654"><time>2026-10-03T06:31:58.001Z</time><ele>19.41</ele></trkpt><trkpt lat="37.077428" lon="126.972815"><time>2026-10-03T06:31:59.001Z</time><ele>19.46</ele></trkpt><trkpt lat="37.077455" lon="126.972965"><time>2026-10-03T06:32:00.001Z</time><ele>19.4</ele></trkpt><trkpt lat="37.077487" lon="126.973118"><time>2026-10-03T06:32:01.001Z</time><ele>19.33</ele></trkpt><trkpt lat="37.07751" lon="126.973274"><time>2026-10-03T06:32:02.001Z</time><ele>19.42</ele></trkpt><trkpt lat="37.077524" lon="126.973431"><time>2026-10-03T06:32:03.001Z</time><ele>19.63</ele></trkpt><trkpt lat="37.077529" lon="126.973587"><time>2026-10-03T06:32:04.001Z</time><ele>19.8</ele></trkpt><trkpt lat="37.077522" lon="126.973741"><time>2026-10-03T06:32:05.001Z</time><ele>20.12</ele></trkpt><trkpt lat="37.077502" lon="126.973896"><time>2026-10-03T06:32:06.001Z</time><ele>20.16</ele></trkpt><trkpt lat="37.077475" lon="126.974048"><time>2026-10-03T06:32:07.001Z</time><ele>20.38</ele></trkpt><trkpt lat="37.077447" lon="126.974198"><time>2026-10-03T06:32:08.001Z</time><ele>20.71</ele></trkpt><trkpt lat="37.077433" lon="126.974351"><time>2026-10-03T06:32:09.001Z</time><ele>20.91</ele></trkpt><trkpt lat="37.077424" lon="126.974509"><time>2026-10-03T06:32:10.002Z</time><ele>21.33</ele></trkpt><trkpt lat="37.077406" lon="126.974669"><time>2026-10-03T06:32:11.002Z</time><ele>22.05</ele></trkpt><trkpt lat="37.077381" lon="126.974831"><time>2026-10-03T06:32:12.002Z</time><ele>22.67</ele></trkpt><trkpt lat="37.077355" lon="126.974996"><time>2026-10-03T06:32:13.000Z</time><ele>23.49</ele></trkpt><trkpt lat="37.077333" lon="126.975164"><time>2026-10-03T06:32:14.000Z</time><ele>24.36</ele></trkpt><trkpt lat="37.077309" lon="126.975332"><time>2026-10-03T06:32:15.000Z</time><ele>25.48</ele></trkpt><trkpt lat="37.077288" lon="126.975501"><time>2026-10-03T06:32:16.000Z</time><ele>26.77</ele></trkpt><trkpt lat="37.077281" lon="126.975667"><time>2026-10-03T06:32:17.000Z</time><ele>27.63</ele></trkpt><trkpt lat="37.077287" lon="126.975832"><time>2026-10-03T06:32:18.000Z</time><ele>28.47</ele></trkpt><trkpt lat="37.077303" lon="126.975977"><time>2026-10-03T06:32:19.000Z</time><ele>29.21</ele></trkpt><trkpt lat="37.077323" lon="126.976103"><time>2026-10-03T06:32:20.000Z</time><ele>29.86</ele></trkpt><trkpt lat="37.07735" lon="126.976223"><time>2026-10-03T06:32:21.000Z</time><ele>30.36</ele></trkpt><trkpt lat="37.077389" lon="126.976336"><time>2026-10-03T06:32:22.000Z</time><ele>30.78</ele></trkpt><trkpt lat="37.077434" lon="126.976452"><time>2026-10-03T06:32:23.000Z</time><ele>31.15</ele></trkpt><trkpt lat="37.077485" lon="126.976573"><time>2026-10-03T06:32:24.000Z</time><ele>31.71</ele></trkpt><trkpt lat="37.077551" lon="126.976694"><time>2026-10-03T06:32:25.000Z</time><ele>32.1</ele></trkpt><trkpt lat="37.077631" lon="126.976811"><time>2026-10-03T06:32:26.000Z</time><ele>32.79</ele></trkpt><trkpt lat="37.077719" lon="126.97693"><time>2026-10-03T06:32:27.000Z</time><ele>33.71</ele></trkpt><trkpt lat="37.077818" lon="126.977042"><time>2026-10-03T06:32:28.000Z</time><ele>34.13</ele></trkpt><trkpt lat="37.077927" lon="126.97714"><time>2026-10-03T06:32:29.000Z</time><ele>34.91</ele></trkpt><trkpt lat="37.078042" lon="126.977231"><time>2026-10-03T06:32:30.000Z</time><ele>35.38</ele></trkpt><trkpt lat="37.078148" lon="126.977317"><time>2026-10-03T06:32:31.000Z</time><ele>35.43</ele></trkpt><trkpt lat="37.078244" lon="126.977397"><time>2026-10-03T06:32:32.000Z</time><ele>35.83</ele></trkpt><trkpt lat="37.07833" lon="126.977476"><time>2026-10-03T06:32:33.000Z</time><ele>35.73</ele></trkpt><trkpt lat="37.078411" lon="126.977554"><time>2026-10-03T06:32:34.000Z</time><ele>36.11</ele></trkpt><trkpt lat="37.078495" lon="126.977621"><time>2026-10-03T06:32:35.000Z</time><ele>36.22</ele></trkpt><trkpt lat="37.078587" lon="126.977695"><time>2026-10-03T06:32:36.000Z</time><ele>36.33</ele></trkpt><trkpt lat="37.078683" lon="126.977775"><time>2026-10-03T06:32:37.000Z</time><ele>36.84</ele></trkpt><trkpt lat="37.078774" lon="126.977859"><time>2026-10-03T06:32:38.000Z</time><ele>37.16</ele></trkpt><trkpt lat="37.078863" lon="126.977965"><time>2026-10-03T06:32:39.000Z</time><ele>37.58</ele></trkpt><trkpt lat="37.078944" lon="126.978087"><time>2026-10-03T06:32:40.000Z</time><ele>37.86</ele></trkpt><trkpt lat="37.079021" lon="126.97822"><time>2026-10-03T06:32:41.000Z</time><ele>37.87</ele></trkpt><trkpt lat="37.079084" lon="126.978354"><time>2026-10-03T06:32:42.000Z</time><ele>37.84</ele></trkpt><trkpt lat="37.079122" lon="126.978488"><time>2026-10-03T06:32:43.000Z</time><ele>37.94</ele></trkpt><trkpt lat="37.079145" lon="126.978631"><time>2026-10-03T06:32:44.000Z</time><ele>38.14</ele></trkpt><trkpt lat="37.079172" lon="126.978778"><time>2026-10-03T06:32:45.000Z</time><ele>38.04</ele></trkpt><trkpt lat="37.079217" lon="126.978923"><time>2026-10-03T06:32:46.000Z</time><ele>38.39</ele></trkpt><trkpt lat="37.079259" lon="126.979076"><time>2026-10-03T06:32:47.000Z</time><ele>38.62</ele></trkpt><trkpt lat="37.079281" lon="126.979239"><time>2026-10-03T06:32:48.000Z</time><ele>38.74</ele></trkpt><trkpt lat="37.079293" lon="126.979407"><time>2026-10-03T06:32:49.000Z</time><ele>38.95</ele></trkpt><trkpt lat="37.079311" lon="126.979578"><time>2026-10-03T06:32:50.000Z</time><ele>39.01</ele></trkpt><trkpt lat="37.079332" lon="126.979754"><time>2026-10-03T06:32:51.000Z</time><ele>39.01</ele></trkpt><trkpt lat="37.079353" lon="126.979934"><time>2026-10-03T06:32:52.000Z</time><ele>39.22</ele></trkpt><trkpt lat="37.079375" lon="126.980116"><time>2026-10-03T06:32:53.000Z</time><ele>39.17</ele></trkpt><trkpt lat="37.079397" lon="126.980292"><time>2026-10-03T06:32:54.000Z</time><ele>39.03</ele></trkpt><trkpt lat="37.079421" lon="126.98046"><time>2026-10-03T06:32:55.000Z</time><ele>38.76</ele></trkpt><trkpt lat="37.079438" lon="126.980624"><time>2026-10-03T06:32:56.000Z</time><ele>38.82</ele></trkpt><trkpt lat="37.07945" lon="126.980781"><time>2026-10-03T06:32:57.000Z</time><ele>38.55</ele></trkpt><trkpt lat="37.079466" lon="126.980929"><time>2026-10-03T06:32:58.000Z</time><ele>38.31</ele></trkpt><trkpt lat="37.079483" lon="126.981071"><time>2026-10-03T06:32:59.000Z</time><ele>37.67</ele></trkpt><trkpt lat="37.079498" lon="126.981207"><time>2026-10-03T06:33:00.000Z</time><ele>37.28</ele></trkpt><trkpt lat="37.079514" lon="126.981339"><time>2026-10-03T06:33:01.000Z</time><ele>36.9</ele></trkpt><trkpt lat="37.07953" lon="126.981466"><time>2026-10-03T06:33:02.001Z</time><ele>36.38</ele></trkpt><trkpt lat="37.079543" lon="126.981588"><time>2026-10-03T06:33:03.001Z</time><ele>36.14</ele></trkpt><trkpt lat="37.079556" lon="126.981709"><time>2026-10-03T06:33:04.001Z</time><ele>35.82</ele></trkpt><trkpt lat="37.079572" lon="126.981827"><time>2026-10-03T06:33:05.001Z</time><ele>35.26</ele></trkpt><trkpt lat="37.079586" lon="126.981942"><time>2026-10-03T06:33:06.001Z</time><ele>34.96</ele></trkpt><trkpt lat="37.079601" lon="126.982058"><time>2026-10-03T06:33:07.001Z</time><ele>34.47</ele></trkpt><trkpt lat="37.079618" lon="126.982193"><time>2026-10-03T06:33:08.001Z</time><ele>33.69</ele></trkpt><trkpt lat="37.079633" lon="126.982341"><time>2026-10-03T06:33:09.001Z</time><ele>32.99</ele></trkpt><trkpt lat="37.07965" lon="126.982493"><time>2026-10-03T06:33:10.001Z</time><ele>32.45</ele></trkpt><trkpt lat="37.079668" lon="126.982641"><time>2026-10-03T06:33:11.001Z</time><ele>31.66</ele></trkpt><trkpt lat="37.07969" lon="126.982783"><time>2026-10-03T06:33:12.001Z</time><ele>30.86</ele></trkpt><trkpt lat="37.079717" lon="126.98292"><time>2026-10-03T06:33:13.001Z</time><ele>30.15</ele></trkpt><trkpt lat="37.07974" lon="126.983057"><time>2026-10-03T06:33:14.001Z</time><ele>29.51</ele></trkpt><trkpt lat="37.079762" lon="126.983191"><time>2026-10-03T06:33:15.001Z</time><ele>29.03</ele></trkpt><trkpt lat="37.079785" lon="126.983322"><time>2026-10-03T06:33:16.001Z</time><ele>28.12</ele></trkpt><trkpt lat="37.079811" lon="126.983444"><time>2026-10-03T06:33:17.001Z</time><ele>27.87</ele></trkpt><trkpt lat="37.079832" lon="126.983557"><time>2026-10-03T06:33:18.001Z</time><ele>27.44</ele></trkpt><trkpt lat="37.079853" lon="126.98367"><time>2026-10-03T06:33:19.001Z</time><ele>27.03</ele></trkpt><trkpt lat="37.079871" lon="126.983783"><time>2026-10-03T06:33:20.001Z</time><ele>26.53</ele></trkpt><trkpt lat="37.079897" lon="126.98392"><time>2026-10-03T06:33:21.001Z</time><ele>26.19</ele></trkpt><trkpt lat="37.079932" lon="126.984066"><time>2026-10-03T06:33:22.001Z</time><ele>25.65</ele></trkpt><trkpt lat="37.079974" lon="126.98422"><time>2026-10-03T06:33:23.001Z</time><ele>25.14</ele></trkpt><trkpt lat="37.08002" lon="126.984384"><time>2026-10-03T06:33:24.001Z</time><ele>24.87</ele></trkpt><trkpt lat="37.080068" lon="126.984553"><time>2026-10-03T06:33:25.001Z</time><ele>24.4</ele></trkpt><trkpt lat="37.080113" lon="126.984721"><time>2026-10-03T06:33:26.001Z</time><ele>24.04</ele></trkpt><trkpt lat="37.08016" lon="126.984881"><time>2026-10-03T06:33:27.001Z</time><ele>22.98</ele></trkpt><trkpt lat="37.080211" lon="126.985037"><time>2026-10-03T06:33:28.001Z</time><ele>22.46</ele></trkpt><trkpt lat="37.080265" lon="126.985185"><time>2026-10-03T06:33:29.001Z</time><ele>21.82</ele></trkpt><trkpt lat="37.08031" lon="126.985334"><time>2026-10-03T06:33:30.001Z</time><ele>21.26</ele></trkpt><trkpt lat="37.080351" lon="126.985489"><time>2026-10-03T06:33:31.001Z</time><ele>20.73</ele></trkpt><trkpt lat="37.080396" lon="126.985659"><time>2026-10-03T06:33:32.001Z</time><ele>20.16</ele></trkpt><trkpt lat="37.080444" lon="126.985832"><time>2026-10-03T06:33:33.001Z</time><ele>19.35</ele></trkpt><trkpt lat="37.080489" lon="126.986014"><time>2026-10-03T06:33:34.001Z</time><ele>18.74</ele></trkpt><trkpt lat="37.080525" lon="126.986203"><time>2026-10-03T06:33:35.001Z</time><ele>17.75</ele></trkpt><trkpt lat="37.080554" lon="126.986399"><time>2026-10-03T06:33:36.001Z</time><ele>17.32</ele></trkpt><trkpt lat="37.080579" lon="126.986596"><time>2026-10-03T06:33:37.001Z</time><ele>16.29</ele></trkpt><trkpt lat="37.0806" lon="126.986791"><time>2026-10-03T06:33:38.001Z</time><ele>15.25</ele></trkpt><trkpt lat="37.080617" lon="126.986983"><time>2026-10-03T06:33:39.001Z</time><ele>14.4</ele></trkpt><trkpt lat="37.080627" lon="126.98718"><time>2026-10-03T06:33:40.001Z</time><ele>14</ele></trkpt><trkpt lat="37.080634" lon="126.987381"><time>2026-10-03T06:33:41.001Z</time><ele>13.67</ele></trkpt><trkpt lat="37.080639" lon="126.987586"><time>2026-10-03T06:33:42.001Z</time><ele>13.16</ele></trkpt><trkpt lat="37.080649" lon="126.987792"><time>2026-10-03T06:33:43.001Z</time><ele>12.75</ele></trkpt><trkpt lat="37.08066" lon="126.988"><time>2026-10-03T06:33:44.001Z</time><ele>12.53</ele></trkpt><trkpt lat="37.080672" lon="126.988211"><time>2026-10-03T06:33:45.001Z</time><ele>12.4</ele></trkpt><trkpt lat="37.080686" lon="126.988421"><time>2026-10-03T06:33:46.001Z</time><ele>12.15</ele></trkpt><trkpt lat="37.080695" lon="126.988625"><time>2026-10-03T06:33:47.001Z</time><ele>12.07</ele></trkpt><trkpt lat="37.080708" lon="126.988817"><time>2026-10-03T06:33:48.001Z</time><ele>12.59</ele></trkpt><trkpt lat="37.080724" lon="126.988994"><time>2026-10-03T06:33:49.001Z</time><ele>12.2</ele></trkpt><trkpt lat="37.080739" lon="126.989149"><time>2026-10-03T06:33:50.001Z</time><ele>12.2</ele></trkpt><trkpt lat="37.080754" lon="126.989284"><time>2026-10-03T06:33:51.001Z</time><ele>12.52</ele></trkpt><trkpt lat="37.08077" lon="126.989431"><time>2026-10-03T06:33:52.001Z</time><ele>13.13</ele></trkpt><trkpt lat="37.080778" lon="126.989583"><time>2026-10-03T06:33:53.001Z</time><ele>13.2</ele></trkpt><trkpt lat="37.080788" lon="126.989731"><time>2026-10-03T06:33:54.001Z</time><ele>13.2</ele></trkpt><trkpt lat="37.080796" lon="126.989879"><time>2026-10-03T06:33:55.001Z</time><ele>13.78</ele></trkpt><trkpt lat="37.08081" lon="126.990023"><time>2026-10-03T06:33:56.001Z</time><ele>14</ele></trkpt><trkpt lat="37.080824" lon="126.99018"><time>2026-10-03T06:33:57.001Z</time><ele>14.45</ele></trkpt><trkpt lat="37.080838" lon="126.990341"><time>2026-10-03T06:33:58.001Z</time><ele>14.6</ele></trkpt><trkpt lat="37.080851" lon="126.990505"><time>2026-10-03T06:33:59.001Z</time><ele>14.38</ele></trkpt><trkpt lat="37.080871" lon="126.990661"><time>2026-10-03T06:34:00.001Z</time><ele>14.84</ele></trkpt><trkpt lat="37.080884" lon="126.990817"><time>2026-10-03T06:34:01.001Z</time><ele>14.34</ele></trkpt><trkpt lat="37.080899" lon="126.99096"><time>2026-10-03T06:34:02.001Z</time><ele>14.33</ele></trkpt><trkpt lat="37.080911" lon="126.991098"><time>2026-10-03T06:34:03.001Z</time><ele>15.15</ele></trkpt><trkpt lat="37.080919" lon="126.991236"><time>2026-10-03T06:34:04.001Z</time><ele>14.83</ele></trkpt><trkpt lat="37.080938" lon="126.991401"><time>2026-10-03T06:34:05.001Z</time><ele>15.05</ele></trkpt><trkpt lat="37.080944" lon="126.991581"><time>2026-10-03T06:34:06.001Z</time><ele>15.6</ele></trkpt><trkpt lat="37.08096" lon="126.991772"><time>2026-10-03T06:34:07.001Z</time><ele>15.67</ele></trkpt><trkpt lat="37.080979" lon="126.991974"><time>2026-10-03T06:34:08.001Z</time><ele>15.88</ele></trkpt><trkpt lat="37.080974" lon="126.992187"><time>2026-10-03T06:34:09.001Z</time><ele>16.08</ele></trkpt><trkpt lat="37.081005" lon="126.992408"><time>2026-10-03T06:34:10.001Z</time><ele>16.14</ele></trkpt><trkpt lat="37.081032" lon="126.992883"><time>2026-10-03T06:34:12.001Z</time><ele>16.12</ele></trkpt><trkpt lat="37.081052" lon="126.993113"><time>2026-10-03T06:34:13.001Z</time><ele>15.99</ele></trkpt><trkpt lat="37.081069" lon="126.993328"><time>2026-10-03T06:34:14.001Z</time><ele>15.53</ele></trkpt><trkpt lat="37.081083" lon="126.993527"><time>2026-10-03T06:34:15.001Z</time><ele>15.37</ele></trkpt><trkpt lat="37.081097" lon="126.993716"><time>2026-10-03T06:34:16.001Z</time><ele>15.17</ele></trkpt><trkpt lat="37.08111" lon="126.993892"><time>2026-10-03T06:34:17.001Z</time><ele>15.05</ele></trkpt><trkpt lat="37.081119" lon="126.994053"><time>2026-10-03T06:34:18.002Z</time><ele>15.3</ele></trkpt><trkpt lat="37.081128" lon="126.994188"><time>2026-10-03T06:34:19.000Z</time><ele>15.22</ele></trkpt><trkpt lat="37.081137" lon="126.994288"><time>2026-10-03T06:34:20.000Z</time><ele>14.97</ele></trkpt><trkpt lat="37.081145" lon="126.994362"><time>2026-10-03T06:34:21.000Z</time><ele>14.81</ele></trkpt><trkpt lat="37.081158" lon="126.994423"><time>2026-10-03T06:34:22.000Z</time><ele>14.97</ele></trkpt><trkpt lat="37.081164" lon="126.994537"><time>2026-10-03T06:34:24.000Z</time><ele>14.8</ele></trkpt><trkpt lat="37.081388" lon="126.994595"><time>2026-10-03T06:34:27.000Z</time><ele>14.38</ele></trkpt><trkpt lat="37.081468" lon="126.99459"><time>2026-10-03T06:34:28.000Z</time><ele>14.16</ele></trkpt><trkpt lat="37.081556" lon="126.994571"><time>2026-10-03T06:34:29.000Z</time><ele>14.22</ele></trkpt><trkpt lat="37.081656" lon="126.994556"><time>2026-10-03T06:34:30.000Z</time><ele>14.29</ele></trkpt><trkpt lat="37.081767" lon="126.99456"><time>2026-10-03T06:34:31.000Z</time><ele>14.33</ele></trkpt><trkpt lat="37.081886" lon="126.994579"><time>2026-10-03T06:34:32.000Z</time><ele>14.36</ele></trkpt><trkpt lat="37.082011" lon="126.994612"><time>2026-10-03T06:34:33.000Z</time><ele>14.51</ele></trkpt><trkpt lat="37.082133" lon="126.994653"><time>2026-10-03T06:34:34.000Z</time><ele>14.41</ele></trkpt><trkpt lat="37.082259" lon="126.994698"><time>2026-10-03T06:34:35.000Z</time><ele>14.64</ele></trkpt><trkpt lat="37.082395" lon="126.994732"><time>2026-10-03T06:34:36.000Z</time><ele>14.65</ele></trkpt><trkpt lat="37.082537" lon="126.994773"><time>2026-10-03T06:34:37.000Z</time><ele>14.59</ele></trkpt><trkpt lat="37.082679" lon="126.994822"><time>2026-10-03T06:34:38.000Z</time><ele>14.62</ele></trkpt><trkpt lat="37.082821" lon="126.994863"><time>2026-10-03T06:34:39.000Z</time><ele>14.34</ele></trkpt><trkpt lat="37.082964" lon="126.994904"><time>2026-10-03T06:34:40.000Z</time><ele>14.34</ele></trkpt><trkpt lat="37.083106" lon="126.994944"><time>2026-10-03T06:34:41.000Z</time><ele>14.3</ele></trkpt><trkpt lat="37.083237" lon="126.994985"><time>2026-10-03T06:34:42.000Z</time><ele>14.43</ele></trkpt><trkpt lat="37.083361" lon="126.995033"><time>2026-10-03T06:34:43.000Z</time><ele>14.41</ele></trkpt><trkpt lat="37.083478" lon="126.995092"><time>2026-10-03T06:34:44.000Z</time><ele>14.43</ele></trkpt><trkpt lat="37.08359" lon="126.995151"><time>2026-10-03T06:34:45.000Z</time><ele>14.47</ele></trkpt><trkpt lat="37.0837" lon="126.995206"><time>2026-10-03T06:34:46.000Z</time><ele>14.44</ele></trkpt><trkpt lat="37.083815" lon="126.995267"><time>2026-10-03T06:34:47.000Z</time><ele>14.51</ele></trkpt><trkpt lat="37.083922" lon="126.995327"><time>2026-10-03T06:34:48.000Z</time><ele>14.67</ele></trkpt><trkpt lat="37.084027" lon="126.995388"><time>2026-10-03T06:34:49.000Z</time><ele>14.72</ele></trkpt><trkpt lat="37.084138" lon="126.995449"><time>2026-10-03T06:34:50.000Z</time><ele>14.49</ele></trkpt><trkpt lat="37.084249" lon="126.995515"><time>2026-10-03T06:34:51.000Z</time><ele>14.38</ele></trkpt><trkpt lat="37.084363" lon="126.995584"><time>2026-10-03T06:34:52.000Z</time><ele>14.46</ele></trkpt><trkpt lat="37.084478" lon="126.995655"><time>2026-10-03T06:34:53.000Z</time><ele>14.44</ele></trkpt><trkpt lat="37.084596" lon="126.995723"><time>2026-10-03T06:34:54.000Z</time><ele>14.4</ele></trkpt><trkpt lat="37.084709" lon="126.995794"><time>2026-10-03T06:34:55.000Z</time><ele>14.4</ele></trkpt><trkpt lat="37.084822" lon="126.995867"><time>2026-10-03T06:34:56.000Z</time><ele>14.48</ele></trkpt><trkpt lat="37.084935" lon="126.995938"><time>2026-10-03T06:34:57.000Z</time><ele>14.6</ele></trkpt><trkpt lat="37.085049" lon="126.996008"><time>2026-10-03T06:34:58.000Z</time><ele>14.43</ele></trkpt><trkpt lat="37.085163" lon="126.99608"><time>2026-10-03T06:34:59.000Z</time><ele>14.57</ele></trkpt><trkpt lat="37.085277" lon="126.996158"><time>2026-10-03T06:35:00.000Z</time><ele>14.71</ele></trkpt><trkpt lat="37.085387" lon="126.996247"><time>2026-10-03T06:35:01.000Z</time><ele>14.55</ele></trkpt><trkpt lat="37.085493" lon="126.996345"><time>2026-10-03T06:35:02.000Z</time><ele>14.66</ele></trkpt><trkpt lat="37.085598" lon="126.996442"><time>2026-10-03T06:35:03.000Z</time><ele>14.67</ele></trkpt><trkpt lat="37.085705" lon="126.996539"><time>2026-10-03T06:35:04.000Z</time><ele>14.57</ele></trkpt><trkpt lat="37.085812" lon="126.996637"><time>2026-10-03T06:35:05.000Z</time><ele>14.41</ele></trkpt><trkpt lat="37.085919" lon="126.996736"><time>2026-10-03T06:35:06.000Z</time><ele>14.45</ele></trkpt><trkpt lat="37.086027" lon="126.99684"><time>2026-10-03T06:35:07.000Z</time><ele>14.5</ele></trkpt><trkpt lat="37.086137" lon="126.996946"><time>2026-10-03T06:35:08.000Z</time><ele>14.53</ele></trkpt><trkpt lat="37.086249" lon="126.997053"><time>2026-10-03T06:35:09.000Z</time><ele>14.44</ele></trkpt><trkpt lat="37.08636" lon="126.99717"><time>2026-10-03T06:35:10.001Z</time><ele>14.57</ele></trkpt><trkpt lat="37.086466" lon="126.99729"><time>2026-10-03T06:35:11.001Z</time><ele>14.62</ele></trkpt><trkpt lat="37.086574" lon="126.99741"><time>2026-10-03T06:35:12.001Z</time><ele>14.71</ele></trkpt><trkpt lat="37.086681" lon="126.997532"><time>2026-10-03T06:35:13.001Z</time><ele>14.58</ele></trkpt><trkpt lat="37.086787" lon="126.997656"><time>2026-10-03T06:35:14.001Z</time><ele>14.61</ele></trkpt><trkpt lat="37.086893" lon="126.997782"><time>2026-10-03T06:35:15.001Z</time><ele>14.5</ele></trkpt><trkpt lat="37.086995" lon="126.997912"><time>2026-10-03T06:35:16.001Z</time><ele>14.58</ele></trkpt><trkpt lat="37.087096" lon="126.998045"><time>2026-10-03T06:35:17.001Z</time><ele>14.58</ele></trkpt><trkpt lat="37.087197" lon="126.998178"><time>2026-10-03T06:35:18.001Z</time><ele>14.52</ele></trkpt><trkpt lat="37.087297" lon="126.998312"><time>2026-10-03T06:35:19.001Z</time><ele>14.53</ele></trkpt><trkpt lat="37.087396" lon="126.998447"><time>2026-10-03T06:35:20.001Z</time><ele>14.7</ele></trkpt><trkpt lat="37.087494" lon="126.998584"><time>2026-10-03T06:35:21.001Z</time><ele>14.77</ele></trkpt><trkpt lat="37.08759" lon="126.998721"><time>2026-10-03T06:35:22.001Z</time><ele>14.8</ele></trkpt><trkpt lat="37.087683" lon="126.99886"><time>2026-10-03T06:35:23.001Z</time><ele>14.83</ele></trkpt><trkpt lat="37.087768" lon="126.999002"><time>2026-10-03T06:35:24.001Z</time><ele>14.9</ele></trkpt><trkpt lat="37.087851" lon="126.999144"><time>2026-10-03T06:35:25.001Z</time><ele>14.66</ele></trkpt><trkpt lat="37.087935" lon="126.999287"><time>2026-10-03T06:35:26.001Z</time><ele>14.78</ele></trkpt><trkpt lat="37.088021" lon="126.99943"><time>2026-10-03T06:35:27.001Z</time><ele>14.95</ele></trkpt><trkpt lat="37.088109" lon="126.999574"><time>2026-10-03T06:35:28.001Z</time><ele>15.12</ele></trkpt><trkpt lat="37.088195" lon="126.999721"><time>2026-10-03T06:35:29.001Z</time><ele>14.58</ele></trkpt><trkpt lat="37.088273" lon="126.999874"><time>2026-10-03T06:35:30.001Z</time><ele>14.29</ele></trkpt><trkpt lat="37.088347" lon="127.000033"><time>2026-10-03T06:35:31.001Z</time><ele>14.45</ele></trkpt><trkpt lat="37.088422" lon="127.000191"><time>2026-10-03T06:35:32.001Z</time><ele>14.28</ele></trkpt><trkpt lat="37.088498" lon="127.000343"><time>2026-10-03T06:35:33.001Z</time><ele>14.09</ele></trkpt><trkpt lat="37.088571" lon="127.000494"><time>2026-10-03T06:35:34.001Z</time><ele>14.27</ele></trkpt><trkpt lat="37.088644" lon="127.000642"><time>2026-10-03T06:35:35.001Z</time><ele>14.67</ele></trkpt><trkpt lat="37.088717" lon="127.000795"><time>2026-10-03T06:35:36.001Z</time><ele>14.32</ele></trkpt><trkpt lat="37.088787" lon="127.000955"><time>2026-10-03T06:35:37.001Z</time><ele>15.18</ele></trkpt><trkpt lat="37.088857" lon="127.001114"><time>2026-10-03T06:35:38.001Z</time><ele>14.98</ele></trkpt><trkpt lat="37.088925" lon="127.001268"><time>2026-10-03T06:35:39.001Z</time><ele>14.52</ele></trkpt><trkpt lat="37.088985" lon="127.001415"><time>2026-10-03T06:35:40.001Z</time><ele>14.81</ele></trkpt><trkpt lat="37.089043" lon="127.001555"><time>2026-10-03T06:35:41.001Z</time><ele>15.01</ele></trkpt><trkpt lat="37.0891" lon="127.001699"><time>2026-10-03T06:35:42.001Z</time><ele>15.87</ele></trkpt><trkpt lat="37.089145" lon="127.001835"><time>2026-10-03T06:35:43.001Z</time><ele>15.95</ele></trkpt><trkpt lat="37.089186" lon="127.00196"><time>2026-10-03T06:35:44.001Z</time><ele>15.71</ele></trkpt><trkpt lat="37.089219" lon="127.002058"><time>2026-10-03T06:35:45.001Z</time><ele>17.19</ele></trkpt><trkpt lat="37.089258" lon="127.002106"><time>2026-10-03T06:35:46.001Z</time><ele>17.44</ele></trkpt><trkpt lat="37.089298" lon="127.002186"><time>2026-10-03T06:35:48.001Z</time><ele>17.79</ele></trkpt><trkpt lat="37.08934" lon="127.002268"><time>2026-10-03T06:35:50.001Z</time><ele>18.28</ele></trkpt><trkpt lat="37.089385" lon="127.002333"><time>2026-10-03T06:35:51.001Z</time><ele>18.57</ele></trkpt><trkpt lat="37.089404" lon="127.002402"><time>2026-10-03T06:35:52.001Z</time><ele>19.18</ele></trkpt><trkpt lat="37.08942" lon="127.002463"><time>2026-10-03T06:35:53.001Z</time><ele>19.72</ele></trkpt><trkpt lat="37.089442" lon="127.002534"><time>2026-10-03T06:35:55.001Z</time><ele>20.29</ele></trkpt><trkpt lat="37.089477" lon="127.002602"><time>2026-10-03T06:35:58.001Z</time><ele>21.24</ele></trkpt><trkpt lat="37.08997" lon="127.002586"><time>2026-10-03T06:36:03.001Z</time><ele>22.57</ele></trkpt><trkpt lat="37.090042" lon="127.002595"><time>2026-10-03T06:36:04.001Z</time><ele>22.82</ele></trkpt><trkpt lat="37.090117" lon="127.002613"><time>2026-10-03T06:36:05.001Z</time><ele>23.21</ele></trkpt><trkpt lat="37.090197" lon="127.002629"><time>2026-10-03T06:36:06.001Z</time><ele>23.27</ele></trkpt><trkpt lat="37.090282" lon="127.002639"><time>2026-10-03T06:36:07.001Z</time><ele>23.61</ele></trkpt><trkpt lat="37.09037" lon="127.00265"><time>2026-10-03T06:36:08.001Z</time><ele>23.73</ele></trkpt><trkpt lat="37.090462" lon="127.002666"><time>2026-10-03T06:36:09.001Z</time><ele>24.1</ele></trkpt><trkpt lat="37.090555" lon="127.002686"><time>2026-10-03T06:36:10.001Z</time><ele>24.44</ele></trkpt><trkpt lat="37.090652" lon="127.002703"><time>2026-10-03T06:36:11.001Z</time><ele>24.31</ele></trkpt><trkpt lat="37.090753" lon="127.00272"><time>2026-10-03T06:36:12.001Z</time><ele>24.64</ele></trkpt><trkpt lat="37.090856" lon="127.002735"><time>2026-10-03T06:36:13.001Z</time><ele>24.76</ele></trkpt><trkpt lat="37.090963" lon="127.002747"><time>2026-10-03T06:36:14.001Z</time><ele>24.8</ele></trkpt><trkpt lat="37.091073" lon="127.002765"><time>2026-10-03T06:36:15.001Z</time><ele>24.62</ele></trkpt><trkpt lat="37.091186" lon="127.002785"><time>2026-10-03T06:36:16.001Z</time><ele>24.69</ele></trkpt><trkpt lat="37.091306" lon="127.002805"><time>2026-10-03T06:36:17.001Z</time><ele>24.46</ele></trkpt><trkpt lat="37.091429" lon="127.002826"><time>2026-10-03T06:36:18.001Z</time><ele>24.1</ele></trkpt><trkpt lat="37.091558" lon="127.00285"><time>2026-10-03T06:36:19.001Z</time><ele>24.07</ele></trkpt><trkpt lat="37.091692" lon="127.002872"><time>2026-10-03T06:36:20.001Z</time><ele>23.73</ele></trkpt><trkpt lat="37.091822" lon="127.002892"><time>2026-10-03T06:36:21.001Z</time><ele>23.6</ele></trkpt><trkpt lat="37.091946" lon="127.002911"><time>2026-10-03T06:36:22.001Z</time><ele>23.47</ele></trkpt><trkpt lat="37.092064" lon="127.002928"><time>2026-10-03T06:36:23.001Z</time><ele>23.43</ele></trkpt><trkpt lat="37.092179" lon="127.002946"><time>2026-10-03T06:36:24.001Z</time><ele>22.71</ele></trkpt><trkpt lat="37.0923" lon="127.00297"><time>2026-10-03T06:36:25.000Z</time><ele>22.47</ele></trkpt><trkpt lat="37.092426" lon="127.00299"><time>2026-10-03T06:36:26.000Z</time><ele>21.51</ele></trkpt><trkpt lat="37.092558" lon="127.003007"><time>2026-10-03T06:36:27.000Z</time><ele>20.37</ele></trkpt><trkpt lat="37.092692" lon="127.003027"><time>2026-10-03T06:36:28.000Z</time><ele>20.09</ele></trkpt><trkpt lat="37.092823" lon="127.003048"><time>2026-10-03T06:36:29.000Z</time><ele>19.46</ele></trkpt><trkpt lat="37.09295" lon="127.003074"><time>2026-10-03T06:36:30.000Z</time><ele>18.8</ele></trkpt><trkpt lat="37.093076" lon="127.003096"><time>2026-10-03T06:36:31.000Z</time><ele>18.7</ele></trkpt><trkpt lat="37.0932" lon="127.003129"><time>2026-10-03T06:36:32.000Z</time><ele>17.77</ele></trkpt><trkpt lat="37.093311" lon="127.00316"><time>2026-10-03T06:36:33.000Z</time><ele>17.21</ele></trkpt><trkpt lat="37.093418" lon="127.003174"><time>2026-10-03T06:36:34.000Z</time><ele>17.14</ele></trkpt><trkpt lat="37.093513" lon="127.003191"><time>2026-10-03T06:36:35.000Z</time><ele>16.74</ele></trkpt><trkpt lat="37.093591" lon="127.003213"><time>2026-10-03T06:36:36.000Z</time><ele>16.6</ele></trkpt><trkpt lat="37.093661" lon="127.00325"><time>2026-10-03T06:36:37.000Z</time><ele>16.92</ele></trkpt><trkpt lat="37.093711" lon="127.003311"><time>2026-10-03T06:36:38.000Z</time><ele>17.01</ele></trkpt><trkpt lat="37.093745" lon="127.003381"><time>2026-10-03T06:36:39.000Z</time><ele>17.41</ele></trkpt><trkpt lat="37.093764" lon="127.00348"><time>2026-10-03T06:36:40.000Z</time><ele>17.54</ele></trkpt><trkpt lat="37.093777" lon="127.0036"><time>2026-10-03T06:36:41.000Z</time><ele>17.94</ele></trkpt><trkpt lat="37.093791" lon="127.003728"><time>2026-10-03T06:36:42.000Z</time><ele>18.3</ele></trkpt><trkpt lat="37.093805" lon="127.003851"><time>2026-10-03T06:36:43.000Z</time><ele>18.28</ele></trkpt><trkpt lat="37.09382" lon="127.00397"><time>2026-10-03T06:36:44.000Z</time><ele>18.36</ele></trkpt><trkpt lat="37.093834" lon="127.004089"><time>2026-10-03T06:36:45.000Z</time><ele>18.52</ele></trkpt><trkpt lat="37.093847" lon="127.004215"><time>2026-10-03T06:36:46.000Z</time><ele>18.47</ele></trkpt><trkpt lat="37.093859" lon="127.004351"><time>2026-10-03T06:36:47.000Z</time><ele>18.59</ele></trkpt><trkpt lat="37.093872" lon="127.004498"><time>2026-10-03T06:36:48.000Z</time><ele>18.59</ele></trkpt><trkpt lat="37.093889" lon="127.004652"><time>2026-10-03T06:36:49.000Z</time><ele>18.92</ele></trkpt><trkpt lat="37.09391" lon="127.00481"><time>2026-10-03T06:36:50.000Z</time><ele>18.96</ele></trkpt><trkpt lat="37.093934" lon="127.004974"><time>2026-10-03T06:36:51.000Z</time><ele>19.14</ele></trkpt><trkpt lat="37.093954" lon="127.005145"><time>2026-10-03T06:36:52.000Z</time><ele>19.39</ele></trkpt><trkpt lat="37.093969" lon="127.005316"><time>2026-10-03T06:36:53.000Z</time><ele>19.51</ele></trkpt><trkpt lat="37.093982" lon="127.005471"><time>2026-10-03T06:36:54.000Z</time><ele>19.68</ele></trkpt><trkpt lat="37.093993" lon="127.005622"><time>2026-10-03T06:36:55.000Z</time><ele>19.95</ele></trkpt><trkpt lat="37.094006" lon="127.005777"><time>2026-10-03T06:36:56.000Z</time><ele>20.05</ele></trkpt><trkpt lat="37.09402" lon="127.005927"><time>2026-10-03T06:36:57.000Z</time><ele>20.38</ele></trkpt><trkpt lat="37.094031" lon="127.006079"><time>2026-10-03T06:36:58.000Z</time><ele>20.72</ele></trkpt><trkpt lat="37.094044" lon="127.006239"><time>2026-10-03T06:36:59.000Z</time><ele>20.73</ele></trkpt><trkpt lat="37.094058" lon="127.006407"><time>2026-10-03T06:37:00.000Z</time><ele>20.84</ele></trkpt><trkpt lat="37.094073" lon="127.006581"><time>2026-10-03T06:37:01.000Z</time><ele>20.87</ele></trkpt><trkpt lat="37.094086" lon="127.006758"><time>2026-10-03T06:37:02.000Z</time><ele>21.1</ele></trkpt><trkpt lat="37.094101" lon="127.006938"><time>2026-10-03T06:37:03.000Z</time><ele>21.09</ele></trkpt><trkpt lat="37.094113" lon="127.007117"><time>2026-10-03T06:37:04.000Z</time><ele>21.13</ele></trkpt><trkpt lat="37.094128" lon="127.007295"><time>2026-10-03T06:37:05.000Z</time><ele>21.19</ele></trkpt><trkpt lat="37.094147" lon="127.007478"><time>2026-10-03T06:37:06.000Z</time><ele>20.93</ele></trkpt><trkpt lat="37.09416" lon="127.007662"><time>2026-10-03T06:37:07.000Z</time><ele>20.78</ele></trkpt><trkpt lat="37.094174" lon="127.007838"><time>2026-10-03T06:37:08.000Z</time><ele>20.55</ele></trkpt><trkpt lat="37.094189" lon="127.00802"><time>2026-10-03T06:37:09.000Z</time><ele>20.39</ele></trkpt><trkpt lat="37.094203" lon="127.008203"><time>2026-10-03T06:37:10.000Z</time><ele>20.23</ele></trkpt><trkpt lat="37.094217" lon="127.008389"><time>2026-10-03T06:37:11.000Z</time><ele>20.22</ele></trkpt><trkpt lat="37.094232" lon="127.008574"><time>2026-10-03T06:37:12.000Z</time><ele>19.78</ele></trkpt><trkpt lat="37.094246" lon="127.00875"><time>2026-10-03T06:37:13.000Z</time><ele>19.75</ele></trkpt><trkpt lat="37.094263" lon="127.008921"><time>2026-10-03T06:37:14.000Z</time><ele>19.59</ele></trkpt><trkpt lat="37.094279" lon="127.009089"><time>2026-10-03T06:37:15.000Z</time><ele>19.5</ele></trkpt><trkpt lat="37.094394" lon="127.00926"><time>2026-10-03T06:37:16.001Z</time><ele>19.39</ele></trkpt><trkpt lat="37.094308" lon="127.009439"><time>2026-10-03T06:37:17.001Z</time><ele>19.36</ele></trkpt><trkpt lat="37.094322" lon="127.009619"><time>2026-10-03T06:37:18.001Z</time><ele>19.28</ele></trkpt><trkpt lat="37.094336" lon="127.009803"><time>2026-10-03T06:37:19.001Z</time><ele>19.25</ele></trkpt><trkpt lat="37.094352" lon="127.00999"><time>2026-10-03T06:37:20.001Z</time><ele>19.26</ele></trkpt><trkpt lat="37.094366" lon="127.010181"><time>2026-10-03T06:37:21.001Z</time><ele>19.42</ele></trkpt><trkpt lat="37.094382" lon="127.010373"><time>2026-10-03T06:37:22.001Z</time><ele>19.79</ele></trkpt><trkpt lat="37.094396" lon="127.010556"><time>2026-10-03T06:37:23.001Z</time><ele>19.62</ele></trkpt><trkpt lat="37.09441" lon="127.010725"><time>2026-10-03T06:37:24.001Z</time><ele>19.71</ele></trkpt><trkpt lat="37.094423" lon="127.010889"><time>2026-10-03T06:37:25.001Z</time><ele>19.85</ele></trkpt><trkpt lat="37.094435" lon="127.011043"><time>2026-10-03T06:37:26.001Z</time><ele>19.69</ele></trkpt><trkpt lat="37.094444" lon="127.011197"><time>2026-10-03T06:37:27.001Z</time><ele>19.82</ele></trkpt><trkpt lat="37.094458" lon="127.011358"><time>2026-10-03T06:37:28.001Z</time><ele>19.99</ele></trkpt><trkpt lat="37.094471" lon="127.011522"><time>2026-10-03T06:37:29.001Z</time><ele>20.14</ele></trkpt><trkpt lat="37.094486" lon="127.011687"><time>2026-10-03T06:37:30.001Z</time><ele>20.14</ele></trkpt><trkpt lat="37.094501" lon="127.011859"><time>2026-10-03T06:37:31.001Z</time><ele>20.17</ele></trkpt><trkpt lat="37.094516" lon="127.012036"><time>2026-10-03T06:37:32.001Z</time><ele>20.33</ele></trkpt><trkpt lat="37.094529" lon="127.012213"><time>2026-10-03T06:37:33.001Z</time><ele>20.82</ele></trkpt><trkpt lat="37.094541" lon="127.012382"><time>2026-10-03T06:37:34.001Z</time><ele>20.8</ele></trkpt><trkpt lat="37.094553" lon="127.012543"><time>2026-10-03T06:37:35.001Z</time><ele>20.83</ele></trkpt><trkpt lat="37.094561" lon="127.012702"><time>2026-10-03T06:37:36.001Z</time><ele>21.14</ele></trkpt><trkpt lat="37.094569" lon="127.012864"><time>2026-10-03T06:37:37.001Z</time><ele>21.21</ele></trkpt><trkpt lat="37.094576" lon="127.013028"><time>2026-10-03T06:37:38.001Z</time><ele>21.16</ele></trkpt><trkpt lat="37.094598" lon="127.013879"><time>2026-10-03T06:37:43.001Z</time><ele>21.75</ele></trkpt><trkpt lat="37.0946" lon="127.014037"><time>2026-10-03T06:37:44.001Z</time><ele>21.91</ele></trkpt><trkpt lat="37.094604" lon="127.014181"><time>2026-10-03T06:37:45.001Z</time><ele>22.01</ele></trkpt><trkpt lat="37.094606" lon="127.014309"><time>2026-10-03T06:37:46.001Z</time><ele>22.08</ele></trkpt><trkpt lat="37.094608" lon="127.014423"><time>2026-10-03T06:37:47.001Z</time><ele>22.15</ele></trkpt><trkpt lat="37.094612" lon="127.014524"><time>2026-10-03T06:37:48.001Z</time><ele>22.05</ele></trkpt><trkpt lat="37.094613" lon="127.014616"><time>2026-10-03T06:37:49.001Z</time><ele>22.21</ele></trkpt><trkpt lat="37.094616" lon="127.014702"><time>2026-10-03T06:37:50.001Z</time><ele>22.27</ele></trkpt><trkpt lat="37.094621" lon="127.014783"><time>2026-10-03T06:37:51.001Z</time><ele>22.31</ele></trkpt><trkpt lat="37.094624" lon="127.01488"><time>2026-10-03T06:37:52.001Z</time><ele>22.51</ele></trkpt><trkpt lat="37.094623" lon="127.014992"><time>2026-10-03T06:37:53.001Z</time><ele>22.56</ele></trkpt><trkpt lat="37.094625" lon="127.015107"><time>2026-10-03T06:37:54.001Z</time><ele>22.74</ele></trkpt><trkpt lat="37.094627" lon="127.015223"><time>2026-10-03T06:37:55.001Z</time><ele>22.81</ele></trkpt><trkpt lat="37.094632" lon="127.015332"><time>2026-10-03T06:37:56.001Z</time><ele>22.76</ele></trkpt><trkpt lat="37.094636" lon="127.015444"><time>2026-10-03T06:37:57.001Z</time><ele>22.77</ele></trkpt><trkpt lat="37.094636" lon="127.015553"><time>2026-10-03T06:37:58.001Z</time><ele>22.69</ele></trkpt><trkpt lat="37.094637" lon="127.015649"><time>2026-10-03T06:37:59.001Z</time><ele>22.53</ele></trkpt><trkpt lat="37.094641" lon="127.015742"><time>2026-10-03T06:38:00.001Z</time><ele>22.61</ele></trkpt><trkpt lat="37.094645" lon="127.015831"><time>2026-10-03T06:38:01.001Z</time><ele>22.52</ele></trkpt><trkpt lat="37.094647" lon="127.01593"><time>2026-10-03T06:38:02.001Z</time><ele>22.69</ele></trkpt><trkpt lat="37.094649" lon="127.016034"><time>2026-10-03T06:38:03.001Z</time><ele>22.69</ele></trkpt><trkpt lat="37.094648" lon="127.016144"><time>2026-10-03T06:38:04.001Z</time><ele>22.57</ele></trkpt><trkpt lat="37.09465" lon="127.01626"><time>2026-10-03T06:38:05.001Z</time><ele>22.79</ele></trkpt><trkpt lat="37.094652" lon="127.016381"><time>2026-10-03T06:38:06.001Z</time><ele>22.89</ele></trkpt><trkpt lat="37.094656" lon="127.016506"><time>2026-10-03T06:38:07.001Z</time><ele>23.01</ele></trkpt><trkpt lat="37.094659" lon="127.016636"><time>2026-10-03T06:38:08.001Z</time><ele>23.19</ele></trkpt><trkpt lat="37.094662" lon="127.01677"><time>2026-10-03T06:38:09.001Z</time><ele>23.31</ele></trkpt><trkpt lat="37.094665" lon="127.016906"><time>2026-10-03T06:38:10.001Z</time><ele>23.4</ele></trkpt><trkpt lat="37.09467" lon="127.017043"><time>2026-10-03T06:38:11.001Z</time><ele>23.45</ele></trkpt><trkpt lat="37.094674" lon="127.017183"><time>2026-10-03T06:38:12.001Z</time><ele>23.54</ele></trkpt><trkpt lat="37.094678" lon="127.017322"><time>2026-10-03T06:38:13.001Z</time><ele>23.61</ele></trkpt><trkpt lat="37.094681" lon="127.017465"><time>2026-10-03T06:38:14.001Z</time><ele>23.8</ele></trkpt><trkpt lat="37.094684" lon="127.01761"><time>2026-10-03T06:38:15.001Z</time><ele>23.91</ele></trkpt><trkpt lat="37.094687" lon="127.017757"><time>2026-10-03T06:38:16.001Z</time><ele>24.07</ele></trkpt><trkpt lat="37.09469" lon="127.017911"><time>2026-10-03T06:38:17.001Z</time><ele>24.07</ele></trkpt><trkpt lat="37.094694" lon="127.018057"><time>2026-10-03T06:38:18.001Z</time><ele>24.16</ele></trkpt><trkpt lat="37.094696" lon="127.018198"><time>2026-10-03T06:38:19.001Z</time><ele>24.18</ele></trkpt><trkpt lat="37.0947" lon="127.018344"><time>2026-10-03T06:38:20.001Z</time><ele>24.11</ele></trkpt><trkpt lat="37.094702" lon="127.018496"><time>2026-10-03T06:38:21.001Z</time><ele>24.28</ele></trkpt><trkpt lat="37.094706" lon="127.018651"><time>2026-10-03T06:38:22.001Z</time><ele>24.26</ele></trkpt><trkpt lat="37.094709" lon="127.018811"><time>2026-10-03T06:38:23.001Z</time><ele>24.38</ele></trkpt><trkpt lat="37.094715" lon="127.018972"><time>2026-10-03T06:38:24.001Z</time><ele>24.18</ele></trkpt><trkpt lat="37.094717" lon="127.019136"><time>2026-10-03T06:38:25.001Z</time><ele>24.27</ele></trkpt><trkpt lat="37.09472" lon="127.019302"><time>2026-10-03T06:38:26.001Z</time><ele>24.12</ele></trkpt><trkpt lat="37.094722" lon="127.019466"><time>2026-10-03T06:38:27.001Z</time><ele>24.32</ele></trkpt><trkpt lat="37.094727" lon="127.019618"><time>2026-10-03T06:38:28.001Z</time><ele>24.22</ele></trkpt><trkpt lat="37.094731" lon="127.019774"><time>2026-10-03T06:38:29.001Z</time><ele>23.93</ele></trkpt><trkpt lat="37.094735" lon="127.019934"><time>2026-10-03T06:38:30.001Z</time><ele>24.04</ele></trkpt><trkpt lat="37.094739" lon="127.020094"><time>2026-10-03T06:38:31.000Z</time><ele>23.98</ele></trkpt><trkpt lat="37.094744" lon="127.020256"><time>2026-10-03T06:38:32.000Z</time><ele>23.99</ele></trkpt><trkpt lat="37.094748" lon="127.020425"><time>2026-10-03T06:38:33.000Z</time><ele>23.93</ele></trkpt><trkpt lat="37.094751" lon="127.020597"><time>2026-10-03T06:38:34.000Z</time><ele>24.17</ele></trkpt><trkpt lat="37.094755" lon="127.020774"><time>2026-10-03T06:38:35.000Z</time><ele>23.99</ele></trkpt><trkpt lat="37.094758" lon="127.020949"><time>2026-10-03T06:38:36.000Z</time><ele>24.07</ele></trkpt><trkpt lat="37.094762" lon="127.021111"><time>2026-10-03T06:38:37.000Z</time><ele>23.79</ele></trkpt><trkpt lat="37.094763" lon="127.021269"><time>2026-10-03T06:38:38.000Z</time><ele>23.9</ele></trkpt><trkpt lat="37.094767" lon="127.02143"><time>2026-10-03T06:38:39.000Z</time><ele>23.8</ele></trkpt><trkpt lat="37.094771" lon="127.021597"><time>2026-10-03T06:38:40.000Z</time><ele>23.97</ele></trkpt><trkpt lat="37.094774" lon="127.02177"><time>2026-10-03T06:38:41.000Z</time><ele>24.23</ele></trkpt><trkpt lat="37.094778" lon="127.021946"><time>2026-10-03T06:38:42.000Z</time><ele>24.23</ele></trkpt><trkpt lat="37.094781" lon="127.022125"><time>2026-10-03T06:38:43.000Z</time><ele>24.11</ele></trkpt><trkpt lat="37.094782" lon="127.022304"><time>2026-10-03T06:38:44.000Z</time><ele>23.76</ele></trkpt><trkpt lat="37.094783" lon="127.022487"><time>2026-10-03T06:38:45.000Z</time><ele>23.67</ele></trkpt><trkpt lat="37.094784" lon="127.022674"><time>2026-10-03T06:38:46.000Z</time><ele>23.81</ele></trkpt><trkpt lat="37.094784" lon="127.022859"><time>2026-10-03T06:38:47.000Z</time><ele>23.84</ele></trkpt><trkpt lat="37.094786" lon="127.023037"><time>2026-10-03T06:38:48.000Z</time><ele>23.9</ele></trkpt><trkpt lat="37.09479" lon="127.023201"><time>2026-10-03T06:38:49.000Z</time><ele>23.85</ele></trkpt><trkpt lat="37.094796" lon="127.023358"><time>2026-10-03T06:38:50.000Z</time><ele>23.85</ele></trkpt><trkpt lat="37.094801" lon="127.023512"><time>2026-10-03T06:38:51.000Z</time><ele>24.04</ele></trkpt><trkpt lat="37.09481" lon="127.023676"><time>2026-10-03T06:38:52.000Z</time><ele>24.09</ele></trkpt><trkpt lat="37.094823" lon="127.023841"><time>2026-10-03T06:38:53.000Z</time><ele>24.01</ele></trkpt><trkpt lat="37.094839" lon="127.024014"><time>2026-10-03T06:38:54.000Z</time><ele>23.98</ele></trkpt><trkpt lat="37.094855" lon="127.024192"><time>2026-10-03T06:38:55.000Z</time><ele>23.82</ele></trkpt><trkpt lat="37.094877" lon="127.024372"><time>2026-10-03T06:38:56.000Z</time><ele>23.8</ele></trkpt><trkpt lat="37.094903" lon="127.024553"><time>2026-10-03T06:38:57.000Z</time><ele>23.75</ele></trkpt><trkpt lat="37.094928" lon="127.024733"><time>2026-10-03T06:38:58.000Z</time><ele>23.74</ele></trkpt><trkpt lat="37.094957" lon="127.024902"><time>2026-10-03T06:38:59.000Z</time><ele>23.83</ele></trkpt><trkpt lat="37.094992" lon="127.025059"><time>2026-10-03T06:39:00.000Z</time><ele>23.77</ele></trkpt><trkpt lat="37.095028" lon="127.025221"><time>2026-10-03T06:39:01.000Z</time><ele>23.78</ele></trkpt><trkpt lat="37.095064" lon="127.025374"><time>2026-10-03T06:39:02.000Z</time><ele>23.57</ele></trkpt><trkpt lat="37.095101" lon="127.025522"><time>2026-10-03T06:39:03.000Z</time><ele>23.65</ele></trkpt><trkpt lat="37.09514" lon="127.025661"><time>2026-10-03T06:39:04.000Z</time><ele>23.48</ele></trkpt><trkpt lat="37.095179" lon="127.025802"><time>2026-10-03T06:39:05.000Z</time><ele>23.7</ele></trkpt><trkpt lat="37.095221" lon="127.025942"><time>2026-10-03T06:39:06.000Z</time><ele>23.77</ele></trkpt><trkpt lat="37.095265" lon="127.026077"><time>2026-10-03T06:39:07.000Z</time><ele>23.75</ele></trkpt><trkpt lat="37.095313" lon="127.026214"><time>2026-10-03T06:39:08.000Z</time><ele>23.69</ele></trkpt><trkpt lat="37.09536" lon="127.02635"><time>2026-10-03T06:39:09.000Z</time><ele>23.77</ele></trkpt><trkpt lat="37.095407" lon="127.026477"><time>2026-10-03T06:39:10.000Z</time><ele>23.51</ele></trkpt><trkpt lat="37.095452" lon="127.026596"><time>2026-10-03T06:39:11.000Z</time><ele>23.5</ele></trkpt><trkpt lat="37.095497" lon="127.026707"><time>2026-10-03T06:39:12.000Z</time><ele>23.27</ele></trkpt><trkpt lat="37.095544" lon="127.026823"><time>2026-10-03T06:39:13.000Z</time><ele>23.23</ele></trkpt><trkpt lat="37.095591" lon="127.026939"><time>2026-10-03T06:39:14.000Z</time><ele>23.18</ele></trkpt><trkpt lat="37.095636" lon="127.027056"><time>2026-10-03T06:39:15.000Z</time><ele>22.89</ele></trkpt><trkpt lat="37.095681" lon="127.027162"><time>2026-10-03T06:39:16.000Z</time><ele>22.94</ele></trkpt><trkpt lat="37.095721" lon="127.027257"><time>2026-10-03T06:39:17.000Z</time><ele>22.88</ele></trkpt><trkpt lat="37.095756" lon="127.027342"><time>2026-10-03T06:39:18.000Z</time><ele>22.94</ele></trkpt><trkpt lat="37.095785" lon="127.027417"><time>2026-10-03T06:39:19.001Z</time><ele>23.3</ele></trkpt><trkpt lat="37.095808" lon="127.027475"><time>2026-10-03T06:39:20.001Z</time><ele>23.25</ele></trkpt><trkpt lat="37.095841" lon="127.027552"><time>2026-10-03T06:39:22.001Z</time><ele>23.54</ele></trkpt><trkpt lat="37.09587" lon="127.027615"><time>2026-10-03T06:40:06.001Z</time><ele>22.96</ele></trkpt><trkpt lat="37.095883" lon="127.027674"><time>2026-10-03T06:40:07.001Z</time><ele>23.05</ele></trkpt><trkpt lat="37.095986" lon="127.027666"><time>2026-10-03T06:40:08.001Z</time><ele>22.93</ele></trkpt><trkpt lat="37.096071" lon="127.027655"><time>2026-10-03T06:40:09.001Z</time><ele>22.69</ele></trkpt><trkpt lat="37.096161" lon="127.027633"><time>2026-10-03T06:40:10.001Z</time><ele>22.58</ele></trkpt><trkpt lat="37.096258" lon="127.027606"><time>2026-10-03T06:40:11.001Z</time><ele>22.35</ele></trkpt><trkpt lat="37.096366" lon="127.027584"><time>2026-10-03T06:40:12.001Z</time><ele>22.21</ele></trkpt><trkpt lat="37.096482" lon="127.027553"><time>2026-10-03T06:40:13.001Z</time><ele>22.07</ele></trkpt><trkpt lat="37.096606" lon="127.027521"><time>2026-10-03T06:40:14.001Z</time><ele>21.63</ele></trkpt><trkpt lat="37.096736" lon="127.027474"><time>2026-10-03T06:40:15.001Z</time><ele>20.95</ele></trkpt><trkpt lat="37.096868" lon="127.027431"><time>2026-10-03T06:40:16.001Z</time><ele>20.36</ele></trkpt><trkpt lat="37.097004" lon="127.027401"><time>2026-10-03T06:40:17.001Z</time><ele>20.22</ele></trkpt><trkpt lat="37.097132" lon="127.027372"><time>2026-10-03T06:40:18.001Z</time><ele>19.59</ele></trkpt><trkpt lat="37.097252" lon="127.027343"><time>2026-10-03T06:40:19.001Z</time><ele>19.08</ele></trkpt><trkpt lat="37.097365" lon="127.027325"><time>2026-10-03T06:40:20.001Z</time><ele>19</ele></trkpt><trkpt lat="37.097469" lon="127.027297"><time>2026-10-03T06:40:21.001Z</time><ele>18.56</ele></trkpt><trkpt lat="37.097564" lon="127.027263"><time>2026-10-03T06:40:22.001Z</time><ele>18.26</ele></trkpt><trkpt lat="37.097649" lon="127.027245"><time>2026-10-03T06:40:23.001Z</time><ele>18.15</ele></trkpt><trkpt lat="37.097742" lon="127.02723"><time>2026-10-03T06:40:24.001Z</time><ele>17.79</ele></trkpt><trkpt lat="37.097846" lon="127.027202"><time>2026-10-03T06:40:25.001Z</time><ele>17.69</ele></trkpt><trkpt lat="37.097955" lon="127.027179"><time>2026-10-03T06:40:26.001Z</time><ele>18.18</ele></trkpt><trkpt lat="37.098069" lon="127.027154"><time>2026-10-03T06:40:27.001Z</time><ele>18</ele></trkpt><trkpt lat="37.098188" lon="127.02712"><time>2026-10-03T06:40:28.001Z</time><ele>17.89</ele></trkpt><trkpt lat="37.098301" lon="127.027094"><time>2026-10-03T06:40:29.001Z</time><ele>18.18</ele></trkpt><trkpt lat="37.098395" lon="127.027071"><time>2026-10-03T06:40:30.001Z</time><ele>17.91</ele></trkpt><trkpt lat="37.098465" lon="127.027051"><time>2026-10-03T06:40:31.001Z</time><ele>17.87</ele></trkpt><trkpt lat="37.098521" lon="127.027041"><time>2026-10-03T06:40:32.001Z</time><ele>17.8</ele></trkpt><trkpt lat="37.098593" lon="127.02703"><time>2026-10-03T06:40:33.001Z</time><ele>17.5</ele></trkpt><trkpt lat="37.098671" lon="127.027016"><time>2026-10-03T06:40:34.001Z</time><ele>17.26</ele></trkpt><trkpt lat="37.098769" lon="127.027013"><time>2026-10-03T06:40:35.002Z</time><ele>17.31</ele></trkpt><trkpt lat="37.098875" lon="127.027031"><time>2026-10-03T06:40:36.002Z</time><ele>17.13</ele></trkpt><trkpt lat="37.09899" lon="127.027057"><time>2026-10-03T06:40:37.000Z</time><ele>17.16</ele></trkpt><trkpt lat="37.09911" lon="127.027078"><time>2026-10-03T06:40:38.000Z</time><ele>16.93</ele></trkpt><trkpt lat="37.099241" lon="127.027101"><time>2026-10-03T06:40:39.000Z</time><ele>16.87</ele></trkpt><trkpt lat="37.099374" lon="127.027121"><time>2026-10-03T06:40:40.000Z</time><ele>16.91</ele></trkpt><trkpt lat="37.099511" lon="127.027142"><time>2026-10-03T06:40:41.000Z</time><ele>16.42</ele></trkpt><trkpt lat="37.099647" lon="127.027165"><time>2026-10-03T06:40:42.000Z</time><ele>16.39</ele></trkpt><trkpt lat="37.09977" lon="127.02718"><time>2026-10-03T06:40:43.000Z</time><ele>16.28</ele></trkpt><trkpt lat="37.099886" lon="127.027195"><time>2026-10-03T06:40:44.000Z</time><ele>16.19</ele></trkpt><trkpt lat="37.099996" lon="127.027214"><time>2026-10-03T06:40:45.000Z</time><ele>16.28</ele></trkpt><trkpt lat="37.100099" lon="127.02723"><time>2026-10-03T06:40:46.000Z</time><ele>15.76</ele></trkpt><trkpt lat="37.100215" lon="127.027253"><time>2026-10-03T06:40:47.000Z</time><ele>15.66</ele></trkpt><trkpt lat="37.10034" lon="127.027276"><time>2026-10-03T06:40:48.000Z</time><ele>15.52</ele></trkpt><trkpt lat="37.100469" lon="127.027293"><time>2026-10-03T06:40:49.000Z</time><ele>15.36</ele></trkpt><trkpt lat="37.1006" lon="127.027314"><time>2026-10-03T06:40:50.000Z</time><ele>15.32</ele></trkpt><trkpt lat="37.100722" lon="127.027342"><time>2026-10-03T06:40:51.000Z</time><ele>15.63</ele></trkpt><trkpt lat="37.100828" lon="127.027387"><time>2026-10-03T06:40:52.000Z</time><ele>15.51</ele></trkpt><trkpt lat="37.100913" lon="127.027453"><time>2026-10-03T06:40:53.000Z</time><ele>14.91</ele></trkpt><trkpt lat="37.101003" lon="127.027516"><time>2026-10-03T06:40:54.000Z</time><ele>15.06</ele></trkpt><trkpt lat="37.101098" lon="127.027599"><time>2026-10-03T06:40:55.000Z</time><ele>15.12</ele></trkpt><trkpt lat="37.101193" lon="127.027678"><time>2026-10-03T06:40:56.000Z</time><ele>15</ele></trkpt><trkpt lat="37.101287" lon="127.027756"><time>2026-10-03T06:40:57.000Z</time><ele>15.51</ele></trkpt><trkpt lat="37.101383" lon="127.027838"><time>2026-10-03T06:40:58.000Z</time><ele>15.57</ele></trkpt><trkpt lat="37.10148" lon="127.027927"><time>2026-10-03T06:40:59.000Z</time><ele>15.79</ele></trkpt><trkpt lat="37.101578" lon="127.028009"><time>2026-10-03T06:41:00.000Z</time><ele>16.18</ele></trkpt><trkpt lat="37.101683" lon="127.028094"><time>2026-10-03T06:41:01.000Z</time><ele>16.54</ele></trkpt><trkpt lat="37.10179" lon="127.028176"><time>2026-10-03T06:41:02.000Z</time><ele>16.25</ele></trkpt><trkpt lat="37.101896" lon="127.028266"><time>2026-10-03T06:41:03.000Z</time><ele>16.35</ele></trkpt><trkpt lat="37.102008" lon="127.028358"><time>2026-10-03T06:41:04.000Z</time><ele>16.67</ele></trkpt><trkpt lat="37.102121" lon="127.028452"><time>2026-10-03T06:41:05.000Z</time><ele>16.97</ele></trkpt><trkpt lat="37.102234" lon="127.028554"><time>2026-10-03T06:41:06.000Z</time><ele>17.16</ele></trkpt><trkpt lat="37.10235" lon="127.028652"><time>2026-10-03T06:41:07.000Z</time><ele>17.18</ele></trkpt><trkpt lat="37.102474" lon="127.028742"><time>2026-10-03T06:41:08.000Z</time><ele>17.01</ele></trkpt><trkpt lat="37.102595" lon="127.028843"><time>2026-10-03T06:41:09.000Z</time><ele>17.31</ele></trkpt><trkpt lat="37.102717" lon="127.02895"><time>2026-10-03T06:41:10.000Z</time><ele>17.6</ele></trkpt><trkpt lat="37.102843" lon="127.029051"><time>2026-10-03T06:41:11.000Z</time><ele>17.5</ele></trkpt><trkpt lat="37.102969" lon="127.029157"><time>2026-10-03T06:41:12.000Z</time><ele>17.79</ele></trkpt><trkpt lat="37.103096" lon="127.029264"><time>2026-10-03T06:41:13.000Z</time><ele>17.9</ele></trkpt><trkpt lat="37.10323" lon="127.02937"><time>2026-10-03T06:41:14.000Z</time><ele>18.03</ele></trkpt><trkpt lat="37.103363" lon="127.029481"><time>2026-10-03T06:41:15.000Z</time><ele>18.04</ele></trkpt><trkpt lat="37.103498" lon="127.029595"><time>2026-10-03T06:41:16.000Z</time><ele>18.11</ele></trkpt><trkpt lat="37.103634" lon="127.029711"><time>2026-10-03T06:41:17.000Z</time><ele>18.01</ele></trkpt><trkpt lat="37.104312" lon="127.030265"><time>2026-10-03T06:41:22.000Z</time><ele>18.33</ele></trkpt><trkpt lat="37.104431" lon="127.030363"><time>2026-10-03T06:41:23.000Z</time><ele>18.38</ele></trkpt><trkpt lat="37.104546" lon="127.030458"><time>2026-10-03T06:41:24.000Z</time><ele>18.26</ele></trkpt><trkpt lat="37.104652" lon="127.030548"><time>2026-10-03T06:41:25.000Z</time><ele>18.24</ele></trkpt><trkpt lat="37.104741" lon="127.030621"><time>2026-10-03T06:41:26.001Z</time><ele>17.99</ele></trkpt><trkpt lat="37.104822" lon="127.030689"><time>2026-10-03T06:41:27.001Z</time><ele>18.14</ele></trkpt><trkpt lat="37.104903" lon="127.030757"><time>2026-10-03T06:41:28.001Z</time><ele>18.12</ele></trkpt><trkpt lat="37.104986" lon="127.03084"><time>2026-10-03T06:41:29.001Z</time><ele>17.88</ele></trkpt><trkpt lat="37.105064" lon="127.030919"><time>2026-10-03T06:41:30.001Z</time><ele>17.55</ele></trkpt><trkpt lat="37.105139" lon="127.030987"><time>2026-10-03T06:41:31.001Z</time><ele>17.4</ele></trkpt><trkpt lat="37.105231" lon="127.031018"><time>2026-10-03T06:41:32.001Z</time><ele>16.92</ele></trkpt><trkpt lat="37.105288" lon="127.031082"><time>2026-10-03T06:41:33.001Z</time><ele>16.88</ele></trkpt><trkpt lat="37.105334" lon="127.031135"><time>2026-10-03T06:41:34.001Z</time><ele>16.64</ele></trkpt><trkpt lat="37.105354" lon="127.031234"><time>2026-10-03T06:41:35.001Z</time><ele>16.94</ele></trkpt><trkpt lat="37.105368" lon="127.031309"><time>2026-10-03T06:41:36.001Z</time><ele>17.22</ele></trkpt><trkpt lat="37.105444" lon="127.031328"><time>2026-10-03T06:41:37.001Z</time><ele>17.56</ele></trkpt><trkpt lat="37.105538" lon="127.031315"><time>2026-10-03T06:41:38.001Z</time><ele>17.63</ele></trkpt><trkpt lat="37.105617" lon="127.031364"><time>2026-10-03T06:41:39.001Z</time><ele>17.57</ele></trkpt><trkpt lat="37.105704" lon="127.031418"><time>2026-10-03T06:41:40.001Z</time><ele>17.41</ele></trkpt><trkpt lat="37.105793" lon="127.031473"><time>2026-10-03T06:41:41.001Z</time><ele>17.39</ele></trkpt><trkpt lat="37.105858" lon="127.031596"><time>2026-10-03T06:41:42.001Z</time><ele>17.36</ele></trkpt><trkpt lat="37.10595" lon="127.031672"><time>2026-10-03T06:41:43.001Z</time><ele>17.35</ele></trkpt><trkpt lat="37.106048" lon="127.031739"><time>2026-10-03T06:41:44.001Z</time><ele>17.62</ele></trkpt><trkpt lat="37.106147" lon="127.031806"><time>2026-10-03T06:41:45.001Z</time><ele>18.02</ele></trkpt><trkpt lat="37.106243" lon="127.03189"><time>2026-10-03T06:41:46.001Z</time><ele>18.32</ele></trkpt><trkpt lat="37.106342" lon="127.031977"><time>2026-10-03T06:41:47.001Z</time><ele>18.62</ele></trkpt><trkpt lat="37.106445" lon="127.032063"><time>2026-10-03T06:41:48.001Z</time><ele>18.83</ele></trkpt><trkpt lat="37.106552" lon="127.032153"><time>2026-10-03T06:41:49.001Z</time><ele>18.96</ele></trkpt><trkpt lat="37.106662" lon="127.032242"><time>2026-10-03T06:41:50.001Z</time><ele>19.04</ele></trkpt><trkpt lat="37.106775" lon="127.032333"><time>2026-10-03T06:41:51.001Z</time><ele>19.18</ele></trkpt><trkpt lat="37.106887" lon="127.032428"><time>2026-10-03T06:41:52.001Z</time><ele>19.53</ele></trkpt><trkpt lat="37.107002" lon="127.032525"><time>2026-10-03T06:41:53.001Z</time><ele>19.39</ele></trkpt><trkpt lat="37.107119" lon="127.032627"><time>2026-10-03T06:41:54.001Z</time><ele>19.79</ele></trkpt><trkpt lat="37.107236" lon="127.032724"><time>2026-10-03T06:41:55.001Z</time><ele>19.93</ele></trkpt><trkpt lat="37.107345" lon="127.032817"><time>2026-10-03T06:41:56.001Z</time><ele>20.39</ele></trkpt><trkpt lat="37.107445" lon="127.032899"><time>2026-10-03T06:41:57.001Z</time><ele>20.57</ele></trkpt><trkpt lat="37.107528" lon="127.032963"><time>2026-10-03T06:41:58.001Z</time><ele>20.59</ele></trkpt><trkpt lat="37.107598" lon="127.033019"><time>2026-10-03T06:41:59.001Z</time><ele>20.47</ele></trkpt><trkpt lat="37.107663" lon="127.033077"><time>2026-10-03T06:42:00.001Z</time><ele>20.48</ele></trkpt><trkpt lat="37.10772" lon="127.03313"><time>2026-10-03T06:42:01.001Z</time><ele>20.7</ele></trkpt><trkpt lat="37.107765" lon="127.033169"><time>2026-10-03T06:42:02.001Z</time><ele>20.8</ele></trkpt><trkpt lat="37.107808" lon="127.0332"><time>2026-10-03T06:42:03.001Z</time><ele>20.73</ele></trkpt><trkpt lat="37.107869" lon="127.033253"><time>2026-10-03T06:42:05.001Z</time><ele>20.62</ele></trkpt><trkpt lat="37.107911" lon="127.03329"><time>2026-10-03T06:42:08.001Z</time><ele>20.58</ele></trkpt><trkpt lat="37.107963" lon="127.033343"><time>2026-10-03T06:42:48.000Z</time><ele>22.22</ele></trkpt><trkpt lat="37.108006" lon="127.033386"><time>2026-10-03T06:42:49.000Z</time><ele>22.54</ele></trkpt><trkpt lat="37.10806" lon="127.03343"><time>2026-10-03T06:42:50.000Z</time><ele>22.71</ele></trkpt><trkpt lat="37.10811" lon="127.033468"><time>2026-10-03T06:42:51.000Z</time><ele>22.95</ele></trkpt><trkpt lat="37.108187" lon="127.033424"><time>2026-10-03T06:42:52.000Z</time><ele>23.23</ele></trkpt><trkpt lat="37.108249" lon="127.033389"><time>2026-10-03T06:42:53.000Z</time><ele>23.23</ele></trkpt><trkpt lat="37.108317" lon="127.033338"><time>2026-10-03T06:42:54.000Z</time><ele>23.2</ele></trkpt><trkpt lat="37.108391" lon="127.033285"><time>2026-10-03T06:42:55.000Z</time><ele>23.55</ele></trkpt><trkpt lat="37.108472" lon="127.033223"><time>2026-10-03T06:42:56.000Z</time><ele>23.89</ele></trkpt><trkpt lat="37.108559" lon="127.033164"><time>2026-10-03T06:42:57.000Z</time><ele>24.29</ele></trkpt><trkpt lat="37.108656" lon="127.033118"><time>2026-10-03T06:42:58.000Z</time><ele>24.41</ele></trkpt><trkpt lat="37.108741" lon="127.033074"><time>2026-10-03T06:42:59.000Z</time><ele>24.5</ele></trkpt><trkpt lat="37.108819" lon="127.033038"><time>2026-10-03T06:43:00.000Z</time><ele>24.62</ele></trkpt><trkpt lat="37.108892" lon="127.033016"><time>2026-10-03T06:43:01.000Z</time><ele>24.69</ele></trkpt><trkpt lat="37.108967" lon="127.032999"><time>2026-10-03T06:43:02.000Z</time><ele>24.46</ele></trkpt><trkpt lat="37.109062" lon="127.032973"><time>2026-10-03T06:43:03.000Z</time><ele>24.56</ele></trkpt><trkpt lat="37.109167" lon="127.032957"><time>2026-10-03T06:43:04.000Z</time><ele>24.74</ele></trkpt><trkpt lat="37.109279" lon="127.03296"><time>2026-10-03T06:43:05.000Z</time><ele>24.87</ele></trkpt><trkpt lat="37.109396" lon="127.032958"><time>2026-10-03T06:43:06.000Z</time><ele>24.79</ele></trkpt><trkpt lat="37.109518" lon="127.032979"><time>2026-10-03T06:43:07.000Z</time><ele>25.25</ele></trkpt><trkpt lat="37.109632" lon="127.033002"><time>2026-10-03T06:43:08.000Z</time><ele>25.49</ele></trkpt><trkpt lat="37.10973" lon="127.033023"><time>2026-10-03T06:43:09.000Z</time><ele>25.59</ele></trkpt><trkpt lat="37.109819" lon="127.033041"><time>2026-10-03T06:43:10.000Z</time><ele>25.81</ele></trkpt><trkpt lat="37.109904" lon="127.033059"><time>2026-10-03T06:43:11.000Z</time><ele>25.46</ele></trkpt><trkpt lat="37.11" lon="127.033087"><time>2026-10-03T06:43:12.000Z</time><ele>25.6</ele></trkpt><trkpt lat="37.110102" lon="127.033111"><time>2026-10-03T06:43:13.000Z</time><ele>25.9</ele></trkpt><trkpt lat="37.11021" lon="127.033133"><time>2026-10-03T06:43:14.000Z</time><ele>26.29</ele></trkpt><trkpt lat="37.110324" lon="127.033155"><time>2026-10-03T06:43:15.000Z</time><ele>26.45</ele></trkpt><trkpt lat="37.110442" lon="127.033185"><time>2026-10-03T06:43:16.000Z</time><ele>26.59</ele></trkpt><trkpt lat="37.110562" lon="127.033208"><time>2026-10-03T06:43:17.000Z</time><ele>26.84</ele></trkpt><trkpt lat="37.110669" lon="127.03323"><time>2026-10-03T06:43:18.000Z</time><ele>27.05</ele></trkpt><trkpt lat="37.110763" lon="127.033268"><time>2026-10-03T06:43:19.000Z</time><ele>27.2</ele></trkpt><trkpt lat="37.11085" lon="127.033292"><time>2026-10-03T06:43:20.000Z</time><ele>27.13</ele></trkpt><trkpt lat="37.110942" lon="127.0333"><time>2026-10-03T06:43:21.000Z</time><ele>27.71</ele></trkpt><trkpt lat="37.11105" lon="127.033327"><time>2026-10-03T06:43:22.000Z</time><ele>27.91</ele></trkpt><trkpt lat="37.111164" lon="127.033358"><time>2026-10-03T06:43:23.000Z</time><ele>28.41</ele></trkpt><trkpt lat="37.111283" lon="127.033387"><time>2026-10-03T06:43:24.000Z</time><ele>28.85</ele></trkpt><trkpt lat="37.111405" lon="127.033417"><time>2026-10-03T06:43:25.000Z</time><ele>29.22</ele></trkpt><trkpt lat="37.11153" lon="127.033447"><time>2026-10-03T06:43:26.000Z</time><ele>29.59</ele></trkpt><trkpt lat="37.111654" lon="127.033472"><time>2026-10-03T06:43:27.000Z</time><ele>29.02</ele></trkpt><trkpt lat="37.111772" lon="127.033496"><time>2026-10-03T06:43:28.000Z</time><ele>29.3</ele></trkpt><trkpt lat="37.111881" lon="127.033496"><time>2026-10-03T06:43:29.000Z</time><ele>29.19</ele></trkpt><trkpt lat="37.111982" lon="127.033469"><time>2026-10-03T06:43:30.000Z</time><ele>29.03</ele></trkpt><trkpt lat="37.112079" lon="127.03342"><time>2026-10-03T06:43:31.000Z</time><ele>29.15</ele></trkpt><trkpt lat="37.11218" lon="127.033354"><time>2026-10-03T06:43:32.001Z</time><ele>29.26</ele></trkpt><trkpt lat="37.112277" lon="127.03327"><time>2026-10-03T06:43:33.001Z</time><ele>29.84</ele></trkpt><trkpt lat="37.11237" lon="127.033178"><time>2026-10-03T06:43:34.001Z</time><ele>30.43</ele></trkpt><trkpt lat="37.112465" lon="127.033079"><time>2026-10-03T06:43:35.001Z</time><ele>30.51</ele></trkpt><trkpt lat="37.112556" lon="127.03297"><time>2026-10-03T06:43:36.001Z</time><ele>30.52</ele></trkpt><trkpt lat="37.112637" lon="127.032875"><time>2026-10-03T06:43:37.001Z</time><ele>31.38</ele></trkpt><trkpt lat="37.1127" lon="127.032795"><time>2026-10-03T06:43:38.001Z</time><ele>31.68</ele></trkpt><trkpt lat="37.112759" lon="127.03274"><time>2026-10-03T06:43:39.001Z</time><ele>31.6</ele></trkpt><trkpt lat="37.112791" lon="127.032683"><time>2026-10-03T06:43:40.001Z</time><ele>31.95</ele></trkpt><trkpt lat="37.1129" lon="127.032635"><time>2026-10-03T06:43:41.001Z</time><ele>32.32</ele></trkpt><trkpt lat="37.112979" lon="127.032668"><time>2026-10-03T06:43:42.001Z</time><ele>32.64</ele></trkpt><trkpt lat="37.113049" lon="127.032712"><time>2026-10-03T06:43:43.001Z</time><ele>32.88</ele></trkpt><trkpt lat="37.113083" lon="127.032863"><time>2026-10-03T06:43:44.001Z</time><ele>33.3</ele></trkpt><trkpt lat="37.113145" lon="127.032963"><time>2026-10-03T06:43:45.001Z</time><ele>33.11</ele></trkpt><trkpt lat="37.1132" lon="127.033082"><time>2026-10-03T06:43:46.001Z</time><ele>33.2</ele></trkpt><trkpt lat="37.113261" lon="127.033208"><time>2026-10-03T06:43:47.001Z</time><ele>33.28</ele></trkpt><trkpt lat="37.113333" lon="127.033329"><time>2026-10-03T06:43:48.001Z</time><ele>33.45</ele></trkpt><trkpt lat="37.113405" lon="127.033457"><time>2026-10-03T06:43:49.001Z</time><ele>33.18</ele></trkpt><trkpt lat="37.113469" lon="127.033589"><time>2026-10-03T06:43:50.001Z</time><ele>33.49</ele></trkpt><trkpt lat="37.113532" lon="127.03372"><time>2026-10-03T06:43:51.001Z</time><ele>33.95</ele></trkpt><trkpt lat="37.113607" lon="127.033852"><time>2026-10-03T06:43:52.001Z</time><ele>33.89</ele></trkpt><trkpt lat="37.113679" lon="127.03399"><time>2026-10-03T06:43:53.001Z</time><ele>34.6</ele></trkpt><trkpt lat="37.113763" lon="127.034105"><time>2026-10-03T06:43:54.001Z</time><ele>34.84</ele></trkpt><trkpt lat="37.113851" lon="127.034206"><time>2026-10-03T06:43:55.001Z</time><ele>34.75</ele></trkpt><trkpt lat="37.113949" lon="127.034309"><time>2026-10-03T06:43:56.001Z</time><ele>34.45</ele></trkpt><trkpt lat="37.11407" lon="127.034406"><time>2026-10-03T06:43:57.001Z</time><ele>34.18</ele></trkpt><trkpt lat="37.114201" lon="127.03449"><time>2026-10-03T06:43:58.001Z</time><ele>34.25</ele></trkpt><trkpt lat="37.114331" lon="127.034572"><time>2026-10-03T06:43:59.001Z</time><ele>34.02</ele></trkpt><trkpt lat="37.114456" lon="127.034646"><time>2026-10-03T06:44:00.001Z</time><ele>33.94</ele></trkpt><trkpt lat="37.11458" lon="127.034712"><time>2026-10-03T06:44:01.001Z</time><ele>34.16</ele></trkpt><trkpt lat="37.114698" lon="127.034785"><time>2026-10-03T06:44:02.001Z</time><ele>34.39</ele></trkpt><trkpt lat="37.114803" lon="127.034867"><time>2026-10-03T06:44:03.001Z</time><ele>34.88</ele></trkpt><trkpt lat="37.11491" lon="127.034924"><time>2026-10-03T06:44:04.001Z</time><ele>35.3</ele></trkpt><trkpt lat="37.115015" lon="127.034979"><time>2026-10-03T06:44:05.001Z</time><ele>36.28</ele></trkpt><trkpt lat="37.115128" lon="127.035045"><time>2026-10-03T06:44:06.001Z</time><ele>37.11</ele></trkpt><trkpt lat="37.115236" lon="127.035115"><time>2026-10-03T06:44:07.001Z</time><ele>37.64</ele></trkpt><trkpt lat="37.11534" lon="127.035186"><time>2026-10-03T06:44:08.001Z</time><ele>38.3</ele></trkpt><trkpt lat="37.115432" lon="127.035269"><time>2026-10-03T06:44:09.001Z</time><ele>38.47</ele></trkpt><trkpt lat="37.115501" lon="127.035387"><time>2026-10-03T06:44:10.001Z</time><ele>39.13</ele></trkpt><trkpt lat="37.11556" lon="127.035504"><time>2026-10-03T06:44:11.001Z</time><ele>39.63</ele></trkpt><trkpt lat="37.115611" lon="127.035619"><time>2026-10-03T06:44:12.001Z</time><ele>40.98</ele></trkpt><trkpt lat="37.115659" lon="127.035728"><time>2026-10-03T06:44:13.001Z</time><ele>40.66</ele></trkpt><trkpt lat="37.115711" lon="127.035847"><time>2026-10-03T06:44:14.001Z</time><ele>40.99</ele></trkpt><trkpt lat="37.11576" lon="127.035973"><time>2026-10-03T06:44:15.001Z</time><ele>41.16</ele></trkpt><trkpt lat="37.115815" lon="127.0361"><time>2026-10-03T06:44:16.001Z</time><ele>41.53</ele></trkpt><trkpt lat="37.115879" lon="127.036228"><time>2026-10-03T06:44:17.001Z</time><ele>42.15</ele></trkpt><trkpt lat="37.115946" lon="127.036357"><time>2026-10-03T06:44:18.001Z</time><ele>42.45</ele></trkpt><trkpt lat="37.116004" lon="127.036487"><time>2026-10-03T06:44:19.001Z</time><ele>42.42</ele></trkpt><trkpt lat="37.11606" lon="127.036613"><time>2026-10-03T06:44:20.001Z</time><ele>42.78</ele></trkpt><trkpt lat="37.11612" lon="127.036735"><time>2026-10-03T06:44:21.001Z</time><ele>42.87</ele></trkpt><trkpt lat="37.116186" lon="127.036863"><time>2026-10-03T06:44:22.001Z</time><ele>43.7</ele></trkpt><trkpt lat="37.116248" lon="127.036993"><time>2026-10-03T06:44:23.001Z</time><ele>44.33</ele></trkpt><trkpt lat="37.116303" lon="127.037113"><time>2026-10-03T06:44:24.001Z</time><ele>44.71</ele></trkpt><trkpt lat="37.116358" lon="127.037216"><time>2026-10-03T06:44:25.001Z</time><ele>44.97</ele></trkpt><trkpt lat="37.116406" lon="127.037317"><time>2026-10-03T06:44:26.001Z</time><ele>45.19</ele></trkpt><trkpt lat="37.116455" lon="127.037435"><time>2026-10-03T06:44:27.001Z</time><ele>45.57</ele></trkpt><trkpt lat="37.116516" lon="127.037558"><time>2026-10-03T06:44:28.001Z</time><ele>45.91</ele></trkpt><trkpt lat="37.116576" lon="127.037688"><time>2026-10-03T06:44:29.001Z</time><ele>46.12</ele></trkpt><trkpt lat="37.116647" lon="127.03781"><time>2026-10-03T06:44:30.001Z</time><ele>46.15</ele></trkpt><trkpt lat="37.116725" lon="127.037898"><time>2026-10-03T06:44:31.001Z</time><ele>46.32</ele></trkpt><trkpt lat="37.1168" lon="127.037973"><time>2026-10-03T06:44:32.001Z</time><ele>46.46</ele></trkpt><trkpt lat="37.11687" lon="127.038052"><time>2026-10-03T06:44:33.001Z</time><ele>46.85</ele></trkpt><trkpt lat="37.116966" lon="127.038129"><time>2026-10-03T06:44:34.001Z</time><ele>46.93</ele></trkpt><trkpt lat="37.11708" lon="127.038192"><time>2026-10-03T06:44:35.001Z</time><ele>47.1</ele></trkpt><trkpt lat="37.117205" lon="127.038245"><time>2026-10-03T06:44:36.001Z</time><ele>47.74</ele></trkpt><trkpt lat="37.117343" lon="127.038275"><time>2026-10-03T06:44:37.001Z</time><ele>48.14</ele></trkpt><trkpt lat="37.117484" lon="127.038285"><time>2026-10-03T06:44:38.001Z</time><ele>48.62</ele></trkpt><trkpt lat="37.117628" lon="127.038274"><time>2026-10-03T06:44:39.001Z</time><ele>48.91</ele></trkpt><trkpt lat="37.117779" lon="127.038244"><time>2026-10-03T06:44:40.001Z</time><ele>49.17</ele></trkpt><trkpt lat="37.117934" lon="127.038203"><time>2026-10-03T06:44:41.001Z</time><ele>49.71</ele></trkpt><trkpt lat="37.118095" lon="127.038165"><time>2026-10-03T06:44:42.001Z</time><ele>49.56</ele></trkpt><trkpt lat="37.118261" lon="127.038135"><time>2026-10-03T06:44:43.001Z</time><ele>49.44</ele></trkpt><trkpt lat="37.118427" lon="127.038107"><time>2026-10-03T06:44:44.001Z</time><ele>49.59</ele></trkpt><trkpt lat="37.118592" lon="127.038077"><time>2026-10-03T06:44:45.001Z</time><ele>48.66</ele></trkpt><trkpt lat="37.118746" lon="127.038052"><time>2026-10-03T06:44:46.001Z</time><ele>47.63</ele></trkpt><trkpt lat="37.118894" lon="127.038026"><time>2026-10-03T06:44:47.001Z</time><ele>47.32</ele></trkpt><trkpt lat="37.119041" lon="127.038003"><time>2026-10-03T06:44:48.001Z</time><ele>46.84</ele></trkpt><trkpt lat="37.119181" lon="127.037983"><time>2026-10-03T06:44:49.000Z</time><ele>46.84</ele></trkpt><trkpt lat="37.119302" lon="127.037963"><time>2026-10-03T06:44:50.000Z</time><ele>46.41</ele></trkpt><trkpt lat="37.119406" lon="127.037949"><time>2026-10-03T06:44:51.000Z</time><ele>46.26</ele></trkpt><trkpt lat="37.119491" lon="127.037957"><time>2026-10-03T06:44:52.000Z</time><ele>47.03</ele></trkpt><trkpt lat="37.119539" lon="127.037941"><time>2026-10-03T06:44:53.000Z</time><ele>47.49</ele></trkpt><trkpt lat="37.119597" lon="127.038003"><time>2026-10-03T06:44:54.000Z</time><ele>47.65</ele></trkpt><trkpt lat="37.119627" lon="127.038059"><time>2026-10-03T06:44:55.000Z</time><ele>47.63</ele></trkpt><trkpt lat="37.119601" lon="127.038172"><time>2026-10-03T06:44:56.000Z</time><ele>47.86</ele></trkpt><trkpt lat="37.119588" lon="127.03827"><time>2026-10-03T06:44:57.000Z</time><ele>48.38</ele></trkpt><trkpt lat="37.119573" lon="127.038385"><time>2026-10-03T06:44:58.000Z</time><ele>48.72</ele></trkpt><trkpt lat="37.119556" lon="127.038515"><time>2026-10-03T06:44:59.000Z</time><ele>49.05</ele></trkpt><trkpt lat="37.119539" lon="127.038655"><time>2026-10-03T06:45:00.000Z</time><ele>50</ele></trkpt><trkpt lat="37.119526" lon="127.038796"><time>2026-10-03T06:45:01.000Z</time><ele>50.68</ele></trkpt><trkpt lat="37.119514" lon="127.038937"><time>2026-10-03T06:45:02.000Z</time><ele>50.96</ele></trkpt><trkpt lat="37.119503" lon="127.039085"><time>2026-10-03T06:45:03.000Z</time><ele>51.27</ele></trkpt><trkpt lat="37.119504" lon="127.039233"><time>2026-10-03T06:45:04.000Z</time><ele>51.69</ele></trkpt><trkpt lat="37.119521" lon="127.039378"><time>2026-10-03T06:45:05.000Z</time><ele>52.59</ele></trkpt><trkpt lat="37.119551" lon="127.039523"><time>2026-10-03T06:45:06.000Z</time><ele>53.58</ele></trkpt><trkpt lat="37.119592" lon="127.039664"><time>2026-10-03T06:45:07.000Z</time><ele>54.33</ele></trkpt><trkpt lat="37.119643" lon="127.039803"><time>2026-10-03T06:45:08.000Z</time><ele>54.73</ele></trkpt><trkpt lat="37.119703" lon="127.039941"><time>2026-10-03T06:45:09.000Z</time><ele>54.66</ele></trkpt><trkpt lat="37.119764" lon="127.040077"><time>2026-10-03T06:45:10.000Z</time><ele>53.97</ele></trkpt><trkpt lat="37.119821" lon="127.040216"><time>2026-10-03T06:45:11.000Z</time><ele>53.41</ele></trkpt><trkpt lat="37.119875" lon="127.040348"><time>2026-10-03T06:45:12.000Z</time><ele>52.58</ele></trkpt><trkpt lat="37.119937" lon="127.040472"><time>2026-10-03T06:45:13.000Z</time><ele>51.45</ele></trkpt><trkpt lat="37.120004" lon="127.040582"><time>2026-10-03T06:45:14.000Z</time><ele>49.57</ele></trkpt><trkpt lat="37.120073" lon="127.040683"><time>2026-10-03T06:45:15.000Z</time><ele>47.71</ele></trkpt><trkpt lat="37.120158" lon="127.040778"><time>2026-10-03T06:45:16.000Z</time><ele>46.11</ele></trkpt><trkpt lat="37.120267" lon="127.040881"><time>2026-10-03T06:45:17.000Z</time><ele>43.62</ele></trkpt><trkpt lat="37.120386" lon="127.040997"><time>2026-10-03T06:45:18.000Z</time><ele>42.05</ele></trkpt><trkpt lat="37.120502" lon="127.041133"><time>2026-10-03T06:45:19.000Z</time><ele>40.88</ele></trkpt><trkpt lat="37.120607" lon="127.041285"><time>2026-10-03T06:45:20.000Z</time><ele>40.43</ele></trkpt><trkpt lat="37.120684" lon="127.041441"><time>2026-10-03T06:45:21.000Z</time><ele>39.78</ele></trkpt><trkpt lat="37.120758" lon="127.041582"><time>2026-10-03T06:45:22.000Z</time><ele>39.63</ele></trkpt><trkpt lat="37.120836" lon="127.041698"><time>2026-10-03T06:45:23.000Z</time><ele>39.87</ele></trkpt><trkpt lat="37.121065" lon="127.04165"><time>2026-10-03T06:45:24.000Z</time><ele>39.65</ele></trkpt><trkpt lat="37.121217" lon="127.041664"><time>2026-10-03T06:45:25.000Z</time><ele>40</ele></trkpt><trkpt lat="37.121382" lon="127.041671"><time>2026-10-03T06:45:26.000Z</time><ele>39.96</ele></trkpt><trkpt lat="37.121557" lon="127.041695"><time>2026-10-03T06:45:27.000Z</time><ele>40.13</ele></trkpt><trkpt lat="37.121741" lon="127.041732"><time>2026-10-03T06:45:28.000Z</time><ele>40.76</ele></trkpt><trkpt lat="37.121933" lon="127.041757"><time>2026-10-03T06:45:29.000Z</time><ele>41.34</ele></trkpt><trkpt lat="37.122129" lon="127.041777"><time>2026-10-03T06:45:30.000Z</time><ele>42</ele></trkpt><trkpt lat="37.122329" lon="127.041791"><time>2026-10-03T06:45:31.000Z</time><ele>42.58</ele></trkpt><trkpt lat="37.122537" lon="127.041799"><time>2026-10-03T06:45:32.000Z</time><ele>43.44</ele></trkpt><trkpt lat="37.122745" lon="127.04177"><time>2026-10-03T06:45:33.000Z</time><ele>44.43</ele></trkpt><trkpt lat="37.122956" lon="127.041729"><time>2026-10-03T06:45:34.000Z</time><ele>45.01</ele></trkpt><trkpt lat="37.123187" lon="127.041795"><time>2026-10-03T06:45:35.000Z</time><ele>45.48</ele></trkpt><trkpt lat="37.123412" lon="127.041804"><time>2026-10-03T06:45:36.000Z</time><ele>46.01</ele></trkpt><trkpt lat="37.12364" lon="127.041782"><time>2026-10-03T06:45:37.000Z</time><ele>46.19</ele></trkpt><trkpt lat="37.123872" lon="127.041762"><time>2026-10-03T06:45:38.001Z</time><ele>46.46</ele></trkpt><trkpt lat="37.1241" lon="127.041736"><time>2026-10-03T06:45:39.001Z</time><ele>46.31</ele></trkpt><trkpt lat="37.124319" lon="127.041688"><time>2026-10-03T06:45:40.001Z</time><ele>46.04</ele></trkpt><trkpt lat="37.124525" lon="127.041637"><time>2026-10-03T06:45:41.001Z</time><ele>45.28</ele></trkpt><trkpt lat="37.124726" lon="127.041597"><time>2026-10-03T06:45:42.001Z</time><ele>45.32</ele></trkpt><trkpt lat="37.124915" lon="127.041557"><time>2026-10-03T06:45:43.001Z</time><ele>45.22</ele></trkpt><trkpt lat="37.125096" lon="127.041521"><time>2026-10-03T06:45:44.001Z</time><ele>44.9</ele></trkpt><trkpt lat="37.125258" lon="127.041495"><time>2026-10-03T06:45:45.001Z</time><ele>44.59</ele></trkpt><trkpt lat="37.125415" lon="127.041475"><time>2026-10-03T06:45:46.001Z</time><ele>44.55</ele></trkpt><trkpt lat="37.125568" lon="127.041459"><time>2026-10-03T06:45:47.001Z</time><ele>44.75</ele></trkpt><trkpt lat="37.125716" lon="127.041448"><time>2026-10-03T06:45:48.001Z</time><ele>44.5</ele></trkpt><trkpt lat="37.125866" lon="127.041448"><time>2026-10-03T06:45:49.001Z</time><ele>44.5</ele></trkpt><trkpt lat="37.12602" lon="127.041424"><time>2026-10-03T06:45:50.001Z</time><ele>44.08</ele></trkpt><trkpt lat="37.126169" lon="127.04142"><time>2026-10-03T06:45:51.001Z</time><ele>43.88</ele></trkpt><trkpt lat="37.126309" lon="127.041418"><time>2026-10-03T06:45:52.001Z</time><ele>43.57</ele></trkpt><trkpt lat="37.126443" lon="127.041422"><time>2026-10-03T06:45:53.001Z</time><ele>43.33</ele></trkpt><trkpt lat="37.126569" lon="127.041429"><time>2026-10-03T06:45:54.001Z</time><ele>42.97</ele></trkpt><trkpt lat="37.126689" lon="127.041436"><time>2026-10-03T06:45:55.001Z</time><ele>42.42</ele></trkpt><trkpt lat="37.126806" lon="127.041443"><time>2026-10-03T06:45:56.001Z</time><ele>41.7</ele></trkpt><trkpt lat="37.126926" lon="127.04145"><time>2026-10-03T06:45:57.001Z</time><ele>40.77</ele></trkpt><trkpt lat="37.12705" lon="127.041458"><time>2026-10-03T06:45:58.001Z</time><ele>40.55</ele></trkpt><trkpt lat="37.127173" lon="127.04148"><time>2026-10-03T06:45:59.001Z</time><ele>40.1</ele></trkpt><trkpt lat="37.127289" lon="127.041495"><time>2026-10-03T06:46:00.001Z</time><ele>39.98</ele></trkpt><trkpt lat="37.12741" lon="127.041506"><time>2026-10-03T06:46:01.001Z</time><ele>40.19</ele></trkpt><trkpt lat="37.127535" lon="127.041517"><time>2026-10-03T06:46:02.001Z</time><ele>39.91</ele></trkpt><trkpt lat="37.127662" lon="127.041531"><time>2026-10-03T06:46:03.001Z</time><ele>39.84</ele></trkpt><trkpt lat="37.127791" lon="127.041545"><time>2026-10-03T06:46:04.001Z</time><ele>39.6</ele></trkpt><trkpt lat="37.127921" lon="127.041555"><time>2026-10-03T06:46:05.001Z</time><ele>39.82</ele></trkpt><trkpt lat="37.128053" lon="127.041563"><time>2026-10-03T06:46:06.001Z</time><ele>39.74</ele></trkpt><trkpt lat="37.128186" lon="127.04157"><time>2026-10-03T06:46:07.001Z</time><ele>39.85</ele></trkpt><trkpt lat="37.128319" lon="127.041576"><time>2026-10-03T06:46:08.001Z</time><ele>39.42</ele></trkpt><trkpt lat="37.128456" lon="127.041583"><time>2026-10-03T06:46:09.001Z</time><ele>39.28</ele></trkpt><trkpt lat="37.128593" lon="127.041589"><time>2026-10-03T06:46:10.001Z</time><ele>39.13</ele></trkpt><trkpt lat="37.128731" lon="127.041603"><time>2026-10-03T06:46:11.001Z</time><ele>39.44</ele></trkpt><trkpt lat="37.128872" lon="127.041616"><time>2026-10-03T06:46:12.001Z</time><ele>39.25</ele></trkpt><trkpt lat="37.129015" lon="127.041631"><time>2026-10-03T06:46:13.001Z</time><ele>39.48</ele></trkpt><trkpt lat="37.129159" lon="127.041643"><time>2026-10-03T06:46:14.001Z</time><ele>39.4</ele></trkpt><trkpt lat="37.129305" lon="127.041655"><time>2026-10-03T06:46:15.001Z</time><ele>39.22</ele></trkpt><trkpt lat="37.129451" lon="127.041666"><time>2026-10-03T06:46:16.001Z</time><ele>39.03</ele></trkpt><trkpt lat="37.1296" lon="127.041678"><time>2026-10-03T06:46:17.001Z</time><ele>38.82</ele></trkpt><trkpt lat="37.129745" lon="127.041691"><time>2026-10-03T06:46:18.001Z</time><ele>38.55</ele></trkpt><trkpt lat="37.129884" lon="127.041702"><time>2026-10-03T06:46:19.001Z</time><ele>38</ele></trkpt><trkpt lat="37.130027" lon="127.041714"><time>2026-10-03T06:46:20.001Z</time><ele>38.27</ele></trkpt><trkpt lat="37.130168" lon="127.041728"><time>2026-10-03T06:46:21.001Z</time><ele>38.26</ele></trkpt><trkpt lat="37.130313" lon="127.041704"><time>2026-10-03T06:46:22.001Z</time><ele>38.43</ele></trkpt><trkpt lat="37.130446" lon="127.041718"><time>2026-10-03T06:46:23.001Z</time><ele>37.41</ele></trkpt><trkpt lat="37.130581" lon="127.04173"><time>2026-10-03T06:46:24.001Z</time><ele>37.87</ele></trkpt><trkpt lat="37.130722" lon="127.041744"><time>2026-10-03T06:46:25.001Z</time><ele>37.73</ele></trkpt><trkpt lat="37.130859" lon="127.041772"><time>2026-10-03T06:46:26.001Z</time><ele>37.79</ele></trkpt><trkpt lat="37.131003" lon="127.04179"><time>2026-10-03T06:46:27.001Z</time><ele>37.41</ele></trkpt><trkpt lat="37.13115" lon="127.041809"><time>2026-10-03T06:46:28.001Z</time><ele>36.95</ele></trkpt><trkpt lat="37.131302" lon="127.04183"><time>2026-10-03T06:46:29.001Z</time><ele>36.38</ele></trkpt><trkpt lat="37.13146" lon="127.041856"><time>2026-10-03T06:46:30.001Z</time><ele>35.84</ele></trkpt><trkpt lat="37.131624" lon="127.041877"><time>2026-10-03T06:46:31.001Z</time><ele>35.93</ele></trkpt><trkpt lat="37.131797" lon="127.041899"><time>2026-10-03T06:46:32.001Z</time><ele>35.38</ele></trkpt><trkpt lat="37.131976" lon="127.041916"><time>2026-10-03T06:46:33.001Z</time><ele>35.96</ele></trkpt><trkpt lat="37.132157" lon="127.041936"><time>2026-10-03T06:46:34.001Z</time><ele>35.98</ele></trkpt><trkpt lat="37.132338" lon="127.041959"><time>2026-10-03T06:46:35.001Z</time><ele>37.02</ele></trkpt><trkpt lat="37.132511" lon="127.041976"><time>2026-10-03T06:46:36.001Z</time><ele>37.72</ele></trkpt><trkpt lat="37.132679" lon="127.041991"><time>2026-10-03T06:46:37.001Z</time><ele>38.65</ele></trkpt><trkpt lat="37.132846" lon="127.042007"><time>2026-10-03T06:46:38.001Z</time><ele>39.31</ele></trkpt><trkpt lat="37.133008" lon="127.042022"><time>2026-10-03T06:46:39.001Z</time><ele>40.23</ele></trkpt><trkpt lat="37.133163" lon="127.042035"><time>2026-10-03T06:46:40.001Z</time><ele>41.19</ele></trkpt><trkpt lat="37.133308" lon="127.042049"><time>2026-10-03T06:46:41.001Z</time><ele>42.03</ele></trkpt><trkpt lat="37.133442" lon="127.042066"><time>2026-10-03T06:46:42.001Z</time><ele>42.87</ele></trkpt><trkpt lat="37.133564" lon="127.042118"><time>2026-10-03T06:46:43.001Z</time><ele>43.51</ele></trkpt><trkpt lat="37.133672" lon="127.042114"><time>2026-10-03T06:46:44.001Z</time><ele>43.38</ele></trkpt><trkpt lat="37.133771" lon="127.042146"><time>2026-10-03T06:46:45.001Z</time><ele>44.13</ele></trkpt><trkpt lat="37.133858" lon="127.04214"><time>2026-10-03T06:46:46.001Z</time><ele>44.19</ele></trkpt><trkpt lat="37.133927" lon="127.042238"><time>2026-10-03T06:46:47.001Z</time><ele>44.08</ele></trkpt><trkpt lat="37.133991" lon="127.0423"><time>2026-10-03T06:46:48.001Z</time><ele>43.17</ele></trkpt><trkpt lat="37.13406" lon="127.042396"><time>2026-10-03T06:46:49.001Z</time><ele>42.8</ele></trkpt><trkpt lat="37.134115" lon="127.042514"><time>2026-10-03T06:46:50.001Z</time><ele>42.89</ele></trkpt><trkpt lat="37.134133" lon="127.042655"><time>2026-10-03T06:46:51.001Z</time><ele>42.97</ele></trkpt><trkpt lat="37.134154" lon="127.042792"><time>2026-10-03T06:46:52.001Z</time><ele>43.13</ele></trkpt><trkpt lat="37.134187" lon="127.042927"><time>2026-10-03T06:46:53.001Z</time><ele>42.98</ele></trkpt><trkpt lat="37.134211" lon="127.04306"><time>2026-10-03T06:46:54.001Z</time><ele>42.52</ele></trkpt><trkpt lat="37.134163" lon="127.043242"><time>2026-10-03T06:46:55.000Z</time><ele>42.08</ele></trkpt><trkpt lat="37.134157" lon="127.043409"><time>2026-10-03T06:46:56.000Z</time><ele>41.78</ele></trkpt><trkpt lat="37.134152" lon="127.043591"><time>2026-10-03T06:46:57.000Z</time><ele>41.54</ele></trkpt><trkpt lat="37.134151" lon="127.043785"><time>2026-10-03T06:46:58.000Z</time><ele>41.24</ele></trkpt><trkpt lat="37.13415" lon="127.043991"><time>2026-10-03T06:46:59.000Z</time><ele>40.66</ele></trkpt><trkpt lat="37.13415" lon="127.044198"><time>2026-10-03T06:47:00.000Z</time><ele>40.06</ele></trkpt><trkpt lat="37.134134" lon="127.044407"><time>2026-10-03T06:47:01.000Z</time><ele>39.49</ele></trkpt><trkpt lat="37.134156" lon="127.044636"><time>2026-10-03T06:47:02.000Z</time><ele>38.82</ele></trkpt><trkpt lat="37.134169" lon="127.044882"><time>2026-10-03T06:47:03.000Z</time><ele>38.32</ele></trkpt><trkpt lat="37.134177" lon="127.045138"><time>2026-10-03T06:47:04.000Z</time><ele>37.9</ele></trkpt><trkpt lat="37.134195" lon="127.045405"><time>2026-10-03T06:47:05.000Z</time><ele>37.19</ele></trkpt><trkpt lat="37.134196" lon="127.045677"><time>2026-10-03T06:47:06.000Z</time><ele>36.89</ele></trkpt><trkpt lat="37.134192" lon="127.045952"><time>2026-10-03T06:47:07.000Z</time><ele>36.32</ele></trkpt><trkpt lat="37.134191" lon="127.046222"><time>2026-10-03T06:47:08.000Z</time><ele>35.62</ele></trkpt><trkpt lat="37.134191" lon="127.046476"><time>2026-10-03T06:47:09.000Z</time><ele>34.89</ele></trkpt><trkpt lat="37.134191" lon="127.046728"><time>2026-10-03T06:47:10.000Z</time><ele>34.18</ele></trkpt><trkpt lat="37.134192" lon="127.046985"><time>2026-10-03T06:47:11.000Z</time><ele>33.5</ele></trkpt><trkpt lat="37.134194" lon="127.047246"><time>2026-10-03T06:47:12.000Z</time><ele>32.67</ele></trkpt><trkpt lat="37.134191" lon="127.047508"><time>2026-10-03T06:47:13.000Z</time><ele>32.27</ele></trkpt><trkpt lat="37.134187" lon="127.047772"><time>2026-10-03T06:47:14.000Z</time><ele>31.53</ele></trkpt><trkpt lat="37.134184" lon="127.048037"><time>2026-10-03T06:47:15.000Z</time><ele>30.79</ele></trkpt><trkpt lat="37.134185" lon="127.048304"><time>2026-10-03T06:47:16.000Z</time><ele>30.11</ele></trkpt><trkpt lat="37.134185" lon="127.048582"><time>2026-10-03T06:47:17.000Z</time><ele>29.62</ele></trkpt><trkpt lat="37.134186" lon="127.04886"><time>2026-10-03T06:47:18.000Z</time><ele>28.69</ele></trkpt><trkpt lat="37.134185" lon="127.049123"><time>2026-10-03T06:47:19.000Z</time><ele>28.24</ele></trkpt><trkpt lat="37.134186" lon="127.049371"><time>2026-10-03T06:47:20.000Z</time><ele>27.48</ele></trkpt><trkpt lat="37.134185" lon="127.049609"><time>2026-10-03T06:47:21.000Z</time><ele>26.92</ele></trkpt><trkpt lat="37.134184" lon="127.049837"><time>2026-10-03T06:47:22.000Z</time><ele>26.52</ele></trkpt><trkpt lat="37.134183" lon="127.050055"><time>2026-10-03T06:47:23.000Z</time><ele>25.92</ele></trkpt><trkpt lat="37.134182" lon="127.050266"><time>2026-10-03T06:47:24.000Z</time><ele>25.76</ele></trkpt><trkpt lat="37.134181" lon="127.050485"><time>2026-10-03T06:47:25.000Z</time><ele>25.41</ele></trkpt><trkpt lat="37.134179" lon="127.050706"><time>2026-10-03T06:47:26.000Z</time><ele>25.24</ele></trkpt><trkpt lat="37.134178" lon="127.050927"><time>2026-10-03T06:47:27.000Z</time><ele>25</ele></trkpt><trkpt lat="37.134174" lon="127.05115"><time>2026-10-03T06:47:28.000Z</time><ele>25.02</ele></trkpt><trkpt lat="37.134175" lon="127.051374"><time>2026-10-03T06:47:29.000Z</time><ele>24.74</ele></trkpt><trkpt lat="37.134177" lon="127.051601"><time>2026-10-03T06:47:30.000Z</time><ele>24.37</ele></trkpt><trkpt lat="37.134175" lon="127.051828"><time>2026-10-03T06:47:31.000Z</time><ele>24.09</ele></trkpt><trkpt lat="37.134175" lon="127.05204"><time>2026-10-03T06:47:32.000Z</time><ele>23.83</ele></trkpt><trkpt lat="37.134177" lon="127.052239"><time>2026-10-03T06:47:33.000Z</time><ele>23.58</ele></trkpt><trkpt lat="37.134178" lon="127.052428"><time>2026-10-03T06:47:34.000Z</time><ele>23.41</ele></trkpt><trkpt lat="37.134177" lon="127.052608"><time>2026-10-03T06:47:35.000Z</time><ele>23.55</ele></trkpt><trkpt lat="37.134176" lon="127.052779"><time>2026-10-03T06:47:36.000Z</time><ele>23.6</ele></trkpt><trkpt lat="37.13417" lon="127.052939"><time>2026-10-03T06:47:37.000Z</time><ele>23.29</ele></trkpt><trkpt lat="37.13417" lon="127.053093"><time>2026-10-03T06:47:38.000Z</time><ele>23.76</ele></trkpt><trkpt lat="37.134171" lon="127.053227"><time>2026-10-03T06:47:39.000Z</time><ele>23.78</ele></trkpt><trkpt lat="37.134172" lon="127.053344"><time>2026-10-03T06:47:40.000Z</time><ele>23.77</ele></trkpt><trkpt lat="37.134171" lon="127.053448"><time>2026-10-03T06:47:41.000Z</time><ele>23.86</ele></trkpt><trkpt lat="37.134169" lon="127.053539"><time>2026-10-03T06:47:42.000Z</time><ele>23.87</ele></trkpt><trkpt lat="37.134168" lon="127.053613"><time>2026-10-03T06:47:43.000Z</time><ele>24.25</ele></trkpt><trkpt lat="37.134169" lon="127.053713"><time>2026-10-03T06:47:45.000Z</time><ele>24.45</ele></trkpt><trkpt lat="37.134168" lon="127.053774"><time>2026-10-03T06:47:47.001Z</time><ele>24.55</ele></trkpt><trkpt lat="37.134164" lon="127.053837"><time>2026-10-03T06:47:50.001Z</time><ele>25.18</ele></trkpt><trkpt lat="37.134151" lon="127.0539"><time>2026-10-03T06:48:30.001Z</time><ele>30.36</ele></trkpt><trkpt lat="37.134159" lon="127.053966"><time>2026-10-03T06:48:31.001Z</time><ele>30.14</ele></trkpt><trkpt lat="37.134171" lon="127.054044"><time>2026-10-03T06:48:32.001Z</time><ele>30.12</ele></trkpt><trkpt lat="37.134163" lon="127.054115"><time>2026-10-03T06:48:33.001Z</time><ele>29.8</ele></trkpt><trkpt lat="37.134285" lon="127.054163"><time>2026-10-03T06:48:34.001Z</time><ele>29.35</ele></trkpt><trkpt lat="37.134378" lon="127.054183"><time>2026-10-03T06:48:35.001Z</time><ele>29.32</ele></trkpt><trkpt lat="37.134479" lon="127.054192"><time>2026-10-03T06:48:36.001Z</time><ele>29.01</ele></trkpt><trkpt lat="37.134592" lon="127.0542"><time>2026-10-03T06:48:37.001Z</time><ele>28.58</ele></trkpt><trkpt lat="37.134717" lon="127.054216"><time>2026-10-03T06:48:38.001Z</time><ele>28.25</ele></trkpt><trkpt lat="37.13486" lon="127.054249"><time>2026-10-03T06:48:39.001Z</time><ele>28.05</ele></trkpt><trkpt lat="37.135018" lon="127.054268"><time>2026-10-03T06:48:40.001Z</time><ele>27.83</ele></trkpt><trkpt lat="37.135189" lon="127.054284"><time>2026-10-03T06:48:41.001Z</time><ele>27.74</ele></trkpt><trkpt lat="37.135373" lon="127.054301"><time>2026-10-03T06:48:42.001Z</time><ele>27.32</ele></trkpt><trkpt lat="37.135562" lon="127.054317"><time>2026-10-03T06:48:43.001Z</time><ele>27.03</ele></trkpt><trkpt lat="37.135761" lon="127.054333"><time>2026-10-03T06:48:44.001Z</time><ele>26.85</ele></trkpt><trkpt lat="37.135964" lon="127.054353"><time>2026-10-03T06:48:45.001Z</time><ele>26.74</ele></trkpt><trkpt lat="37.136171" lon="127.054373"><time>2026-10-03T06:48:46.001Z</time><ele>26.2</ele></trkpt><trkpt lat="37.136374" lon="127.05439"><time>2026-10-03T06:48:47.001Z</time><ele>26.28</ele></trkpt><trkpt lat="37.136578" lon="127.054409"><time>2026-10-03T06:48:48.001Z</time><ele>26.25</ele></trkpt><trkpt lat="37.136782" lon="127.054428"><time>2026-10-03T06:48:49.001Z</time><ele>25.93</ele></trkpt><trkpt lat="37.136995" lon="127.054456"><time>2026-10-03T06:48:50.001Z</time><ele>25.43</ele></trkpt><trkpt lat="37.137218" lon="127.054495"><time>2026-10-03T06:48:51.001Z</time><ele>25.44</ele></trkpt><trkpt lat="37.137445" lon="127.054499"><time>2026-10-03T06:48:52.001Z</time><ele>24.99</ele></trkpt><trkpt lat="37.137673" lon="127.054539"><time>2026-10-03T06:48:53.001Z</time><ele>24.83</ele></trkpt><trkpt lat="37.137908" lon="127.054559"><time>2026-10-03T06:48:54.001Z</time><ele>24.4</ele></trkpt><trkpt lat="37.138144" lon="127.05458"><time>2026-10-03T06:48:55.001Z</time><ele>23.88</ele></trkpt><trkpt lat="37.138375" lon="127.054602"><time>2026-10-03T06:48:56.001Z</time><ele>23.33</ele></trkpt><trkpt lat="37.138606" lon="127.054625"><time>2026-10-03T06:48:57.001Z</time><ele>23.18</ele></trkpt><trkpt lat="37.138836" lon="127.054646"><time>2026-10-03T06:48:58.001Z</time><ele>22.78</ele></trkpt><trkpt lat="37.139068" lon="127.054667"><time>2026-10-03T06:48:59.001Z</time><ele>22.69</ele></trkpt><trkpt lat="37.1393" lon="127.054687"><time>2026-10-03T06:49:00.001Z</time><ele>22.49</ele></trkpt><trkpt lat="37.139533" lon="127.054687"><time>2026-10-03T06:49:01.000Z</time><ele>22.72</ele></trkpt><trkpt lat="37.139761" lon="127.054708"><time>2026-10-03T06:49:02.000Z</time><ele>22.61</ele></trkpt><trkpt lat="37.139978" lon="127.054728"><time>2026-10-03T06:49:03.000Z</time><ele>22.78</ele></trkpt><trkpt lat="37.140187" lon="127.054767"><time>2026-10-03T06:49:04.000Z</time><ele>22.55</ele></trkpt><trkpt lat="37.140388" lon="127.054767"><time>2026-10-03T06:49:05.000Z</time><ele>22.67</ele></trkpt><trkpt lat="37.140584" lon="127.054805"><time>2026-10-03T06:49:06.000Z</time><ele>22.32</ele></trkpt><trkpt lat="37.140775" lon="127.054821"><time>2026-10-03T06:49:07.000Z</time><ele>21.91</ele></trkpt><trkpt lat="37.140958" lon="127.054837"><time>2026-10-03T06:49:08.000Z</time><ele>22.09</ele></trkpt><trkpt lat="37.14113" lon="127.054851"><time>2026-10-03T06:49:09.000Z</time><ele>21.27</ele></trkpt><trkpt lat="37.1413" lon="127.054864"><time>2026-10-03T06:49:10.000Z</time><ele>22.13</ele></trkpt><trkpt lat="37.14149" lon="127.054862"><time>2026-10-03T06:49:11.000Z</time><ele>22.49</ele></trkpt><trkpt lat="37.141697" lon="127.054863"><time>2026-10-03T06:49:12.000Z</time><ele>22.6</ele></trkpt><trkpt lat="37.141912" lon="127.05489"><time>2026-10-03T06:49:13.000Z</time><ele>23.13</ele></trkpt><trkpt lat="37.142126" lon="127.054913"><time>2026-10-03T06:49:14.000Z</time><ele>22.87</ele></trkpt><trkpt lat="37.14232" lon="127.05493"><time>2026-10-03T06:49:15.000Z</time><ele>22.61</ele></trkpt><trkpt lat="37.142502" lon="127.054946"><time>2026-10-03T06:49:16.000Z</time><ele>22.21</ele></trkpt><trkpt lat="37.142689" lon="127.054962"><time>2026-10-03T06:49:17.000Z</time><ele>21.56</ele></trkpt><trkpt lat="37.142876" lon="127.054983"><time>2026-10-03T06:49:18.000Z</time><ele>22.31</ele></trkpt><trkpt lat="37.143064" lon="127.055012"><time>2026-10-03T06:49:19.000Z</time><ele>22.38</ele></trkpt><trkpt lat="37.143263" lon="127.055049"><time>2026-10-03T06:49:20.000Z</time><ele>22.35</ele></trkpt><trkpt lat="37.143461" lon="127.055072"><time>2026-10-03T06:49:21.000Z</time><ele>22.76</ele></trkpt><trkpt lat="37.143642" lon="127.055086"><time>2026-10-03T06:49:22.000Z</time><ele>22.93</ele></trkpt><trkpt lat="37.143793" lon="127.055096"><time>2026-10-03T06:49:23.000Z</time><ele>22.57</ele></trkpt><trkpt lat="37.143938" lon="127.055108"><time>2026-10-03T06:49:24.000Z</time><ele>22.9</ele></trkpt><trkpt lat="37.144072" lon="127.055118"><time>2026-10-03T06:49:25.000Z</time><ele>22.85</ele></trkpt><trkpt lat="37.144206" lon="127.05513"><time>2026-10-03T06:49:26.000Z</time><ele>23.02</ele></trkpt><trkpt lat="37.144341" lon="127.055144"><time>2026-10-03T06:49:27.000Z</time><ele>23.02</ele></trkpt><trkpt lat="37.144478" lon="127.05516"><time>2026-10-03T06:49:28.000Z</time><ele>23.02</ele></trkpt><trkpt lat="37.144612" lon="127.055175"><time>2026-10-03T06:49:29.000Z</time><ele>23.17</ele></trkpt><trkpt lat="37.144745" lon="127.055194"><time>2026-10-03T06:49:30.000Z</time><ele>23.43</ele></trkpt><trkpt lat="37.144879" lon="127.055208"><time>2026-10-03T06:49:31.000Z</time><ele>23.36</ele></trkpt><trkpt lat="37.145013" lon="127.05522"><time>2026-10-03T06:49:32.000Z</time><ele>23.45</ele></trkpt><trkpt lat="37.14515" lon="127.055228"><time>2026-10-03T06:49:33.000Z</time><ele>23.64</ele></trkpt><trkpt lat="37.145287" lon="127.055234"><time>2026-10-03T06:49:34.000Z</time><ele>24.13</ele></trkpt><trkpt lat="37.145427" lon="127.055238"><time>2026-10-03T06:49:35.000Z</time><ele>24.25</ele></trkpt><trkpt lat="37.145571" lon="127.055242"><time>2026-10-03T06:49:36.000Z</time><ele>24.93</ele></trkpt><trkpt lat="37.145715" lon="127.055244"><time>2026-10-03T06:49:37.000Z</time><ele>25.27</ele></trkpt><trkpt lat="37.14586" lon="127.055243"><time>2026-10-03T06:49:38.000Z</time><ele>25.32</ele></trkpt><trkpt lat="37.146008" lon="127.055232"><time>2026-10-03T06:49:39.000Z</time><ele>25.8</ele></trkpt><trkpt lat="37.146156" lon="127.055211"><time>2026-10-03T06:49:40.000Z</time><ele>26.65</ele></trkpt><trkpt lat="37.146303" lon="127.055183"><time>2026-10-03T06:49:41.000Z</time><ele>26.96</ele></trkpt><trkpt lat="37.146435" lon="127.055145"><time>2026-10-03T06:49:42.000Z</time><ele>27.2</ele></trkpt><trkpt lat="37.146563" lon="127.055127"><time>2026-10-03T06:49:43.000Z</time><ele>27.01</ele></trkpt><trkpt lat="37.146666" lon="127.055086"><time>2026-10-03T06:49:44.000Z</time><ele>26.83</ele></trkpt><trkpt lat="37.146756" lon="127.055056"><time>2026-10-03T06:49:45.000Z</time><ele>26.5</ele></trkpt><trkpt lat="37.14684" lon="127.055047"><time>2026-10-03T06:49:46.000Z</time><ele>25.99</ele></trkpt><trkpt lat="37.146904" lon="127.055023"><time>2026-10-03T06:49:47.000Z</time><ele>25.93</ele></trkpt><trkpt lat="37.146956" lon="127.054985"><time>2026-10-03T06:49:48.000Z</time><ele>25.63</ele></trkpt><trkpt lat="37.147005" lon="127.054968"><time>2026-10-03T06:49:49.000Z</time><ele>25.53</ele></trkpt><trkpt lat="37.147094" lon="127.055235"><time>2026-10-03T06:49:51.000Z</time><ele>26.15</ele></trkpt><trkpt lat="37.14711" lon="127.055371"><time>2026-10-03T06:49:52.001Z</time><ele>25.81</ele></trkpt><trkpt lat="37.147119" lon="127.055527"><time>2026-10-03T06:49:53.001Z</time><ele>25.65</ele></trkpt><trkpt lat="37.147145" lon="127.055704"><time>2026-10-03T06:49:54.001Z</time><ele>25.61</ele></trkpt><trkpt lat="37.147167" lon="127.055894"><time>2026-10-03T06:49:55.001Z</time><ele>25.41</ele></trkpt><trkpt lat="37.147187" lon="127.056104"><time>2026-10-03T06:49:56.001Z</time><ele>25.16</ele></trkpt><trkpt lat="37.147215" lon="127.056316"><time>2026-10-03T06:49:57.001Z</time><ele>24.78</ele></trkpt><trkpt lat="37.14723" lon="127.056523"><time>2026-10-03T06:49:58.001Z</time><ele>24.76</ele></trkpt><trkpt lat="37.147264" lon="127.056733"><time>2026-10-03T06:49:59.001Z</time><ele>24.72</ele></trkpt><trkpt lat="37.147301" lon="127.056962"><time>2026-10-03T06:50:00.001Z</time><ele>24.32</ele></trkpt><trkpt lat="37.147362" lon="127.057193"><time>2026-10-03T06:50:01.001Z</time><ele>24.39</ele></trkpt><trkpt lat="37.147437" lon="127.057394"><time>2026-10-03T06:50:02.001Z</time><ele>24</ele></trkpt><trkpt lat="37.147527" lon="127.057599"><time>2026-10-03T06:50:03.001Z</time><ele>23.89</ele></trkpt><trkpt lat="37.147631" lon="127.057803"><time>2026-10-03T06:50:04.001Z</time><ele>24.33</ele></trkpt><trkpt lat="37.147744" lon="127.057996"><time>2026-10-03T06:50:05.001Z</time><ele>23.62</ele></trkpt><trkpt lat="37.147848" lon="127.058181"><time>2026-10-03T06:50:06.001Z</time><ele>23.35</ele></trkpt><trkpt lat="37.14794" lon="127.058355"><time>2026-10-03T06:50:07.001Z</time><ele>23.22</ele></trkpt><trkpt lat="37.148028" lon="127.058521"><time>2026-10-03T06:50:08.001Z</time><ele>22.73</ele></trkpt><trkpt lat="37.14812" lon="127.058695"><time>2026-10-03T06:50:09.001Z</time><ele>22.61</ele></trkpt><trkpt lat="37.148225" lon="127.058887"><time>2026-10-03T06:50:10.001Z</time><ele>22.45</ele></trkpt><trkpt lat="37.148337" lon="127.059092"><time>2026-10-03T06:50:11.001Z</time><ele>22.24</ele></trkpt><trkpt lat="37.148444" lon="127.059292"><time>2026-10-03T06:50:12.001Z</time><ele>22.06</ele></trkpt><trkpt lat="37.148542" lon="127.059475"><time>2026-10-03T06:50:13.001Z</time><ele>22.14</ele></trkpt><trkpt lat="37.148956" lon="127.060251"><time>2026-10-03T06:50:18.001Z</time><ele>22.24</ele></trkpt><trkpt lat="37.149025" lon="127.060383"><time>2026-10-03T06:50:19.001Z</time><ele>22.26</ele></trkpt><trkpt lat="37.149091" lon="127.060507"><time>2026-10-03T06:50:20.001Z</time><ele>22.14</ele></trkpt><trkpt lat="37.149156" lon="127.060621"><time>2026-10-03T06:50:21.001Z</time><ele>22.31</ele></trkpt><trkpt lat="37.149215" lon="127.060725"><time>2026-10-03T06:50:22.001Z</time><ele>22.31</ele></trkpt><trkpt lat="37.149268" lon="127.060824"><time>2026-10-03T06:50:23.001Z</time><ele>22.44</ele></trkpt><trkpt lat="37.149313" lon="127.060918"><time>2026-10-03T06:50:24.001Z</time><ele>22.76</ele></trkpt><trkpt lat="37.149355" lon="127.060998"><time>2026-10-03T06:50:25.001Z</time><ele>22.9</ele></trkpt><trkpt lat="37.14939" lon="127.061056"><time>2026-10-03T06:50:26.001Z</time><ele>22.91</ele></trkpt><trkpt lat="37.149441" lon="127.061128"><time>2026-10-03T06:50:28.001Z</time><ele>23.45</ele></trkpt><trkpt lat="37.149464" lon="127.061183"><time>2026-10-03T06:50:34.001Z</time><ele>24.39</ele></trkpt><trkpt lat="37.149489" lon="127.061234"><time>2026-10-03T06:52:26.001Z</time><ele>26.39</ele></trkpt><trkpt lat="37.149529" lon="127.061318"><time>2026-10-03T06:52:28.001Z</time><ele>26.25</ele></trkpt><trkpt lat="37.149546" lon="127.061371"><time>2026-10-03T06:52:29.001Z</time><ele>26.18</ele></trkpt><trkpt lat="37.149662" lon="127.061381"><time>2026-10-03T06:52:30.001Z</time><ele>26.22</ele></trkpt><trkpt lat="37.149724" lon="127.06142"><time>2026-10-03T06:52:31.001Z</time><ele>26</ele></trkpt><trkpt lat="37.14978" lon="127.061451"><time>2026-10-03T06:52:32.001Z</time><ele>25.64</ele></trkpt><trkpt lat="37.149841" lon="127.061482"><time>2026-10-03T06:52:33.001Z</time><ele>25.43</ele></trkpt><trkpt lat="37.149914" lon="127.061521"><time>2026-10-03T06:52:34.001Z</time><ele>25.33</ele></trkpt><trkpt lat="37.149995" lon="127.06156"><time>2026-10-03T06:52:35.001Z</time><ele>25.12</ele></trkpt><trkpt lat="37.150084" lon="127.061609"><time>2026-10-03T06:52:36.001Z</time><ele>25.12</ele></trkpt><trkpt lat="37.150181" lon="127.061658"><time>2026-10-03T06:52:37.001Z</time><ele>25.22</ele></trkpt><trkpt lat="37.150281" lon="127.061712"><time>2026-10-03T06:52:38.001Z</time><ele>25.21</ele></trkpt><trkpt lat="37.150397" lon="127.061787"><time>2026-10-03T06:52:39.001Z</time><ele>26.05</ele></trkpt><trkpt lat="37.150515" lon="127.06187"><time>2026-10-03T06:52:40.001Z</time><ele>25.38</ele></trkpt><trkpt lat="37.150644" lon="127.061951"><time>2026-10-03T06:52:41.001Z</time><ele>24.98</ele></trkpt><trkpt lat="37.15077" lon="127.06201"><time>2026-10-03T06:52:42.001Z</time><ele>24.43</ele></trkpt><trkpt lat="37.150905" lon="127.062076"><time>2026-10-03T06:52:43.001Z</time><ele>24.31</ele></trkpt><trkpt lat="37.151035" lon="127.062142"><time>2026-10-03T06:52:44.001Z</time><ele>24.04</ele></trkpt><trkpt lat="37.151154" lon="127.062198"><time>2026-10-03T06:52:45.001Z</time><ele>23.67</ele></trkpt><trkpt lat="37.15126" lon="127.062254"><time>2026-10-03T06:52:46.001Z</time><ele>23.73</ele></trkpt><trkpt lat="37.151361" lon="127.062311"><time>2026-10-03T06:52:47.001Z</time><ele>23.88</ele></trkpt><trkpt lat="37.151477" lon="127.062372"><time>2026-10-03T06:52:48.001Z</time><ele>24.07</ele></trkpt><trkpt lat="37.151599" lon="127.062439"><time>2026-10-03T06:52:49.001Z</time><ele>23.96</ele></trkpt><trkpt lat="37.151729" lon="127.062508"><time>2026-10-03T06:52:50.001Z</time><ele>23.64</ele></trkpt><trkpt lat="37.151857" lon="127.062577"><time>2026-10-03T06:52:51.001Z</time><ele>23.71</ele></trkpt><trkpt lat="37.151987" lon="127.062647"><time>2026-10-03T06:52:52.001Z</time><ele>23.35</ele></trkpt><trkpt lat="37.152105" lon="127.062706"><time>2026-10-03T06:52:53.001Z</time><ele>23.21</ele></trkpt><trkpt lat="37.152212" lon="127.062761"><time>2026-10-03T06:52:54.001Z</time><ele>23.22</ele></trkpt><trkpt lat="37.152311" lon="127.062812"><time>2026-10-03T06:52:55.001Z</time><ele>23.07</ele></trkpt><trkpt lat="37.152405" lon="127.062859"><time>2026-10-03T06:52:56.001Z</time><ele>22.75</ele></trkpt><trkpt lat="37.152492" lon="127.062901"><time>2026-10-03T06:52:57.001Z</time><ele>21.94</ele></trkpt><trkpt lat="37.152572" lon="127.062945"><time>2026-10-03T06:52:58.001Z</time><ele>21.9</ele></trkpt><trkpt lat="37.15264" lon="127.062997"><time>2026-10-03T06:52:59.001Z</time><ele>21.8</ele></trkpt><trkpt lat="37.152709" lon="127.063047"><time>2026-10-03T06:53:00.001Z</time><ele>21.31</ele></trkpt><trkpt lat="37.152785" lon="127.063084"><time>2026-10-03T06:53:01.001Z</time><ele>21</ele></trkpt><trkpt lat="37.15285" lon="127.063115"><time>2026-10-03T06:53:02.001Z</time><ele>20.73</ele></trkpt><trkpt lat="37.152915" lon="127.063147"><time>2026-10-03T06:53:03.001Z</time><ele>20.52</ele></trkpt><trkpt lat="37.152972" lon="127.063176"><time>2026-10-03T06:53:04.001Z</time><ele>20.1</ele></trkpt><trkpt lat="37.153043" lon="127.063212"><time>2026-10-03T06:53:05.001Z</time><ele>20.13</ele></trkpt><trkpt lat="37.153115" lon="127.063248"><time>2026-10-03T06:53:06.001Z</time><ele>19.91</ele></trkpt><trkpt lat="37.153177" lon="127.063282"><time>2026-10-03T06:53:07.001Z</time><ele>19.8</ele></trkpt><trkpt lat="37.153252" lon="127.063334"><time>2026-10-03T06:53:08.001Z</time><ele>19.79</ele></trkpt><trkpt lat="37.153331" lon="127.063389"><time>2026-10-03T06:53:09.001Z</time><ele>19.76</ele></trkpt><trkpt lat="37.153409" lon="127.063457"><time>2026-10-03T06:53:10.001Z</time><ele>19.73</ele></trkpt><trkpt lat="37.153485" lon="127.06354"><time>2026-10-03T06:53:11.001Z</time><ele>19.46</ele></trkpt><trkpt lat="37.153552" lon="127.063626"><time>2026-10-03T06:53:12.001Z</time><ele>19.64</ele></trkpt><trkpt lat="37.153626" lon="127.06372"><time>2026-10-03T06:53:13.000Z</time><ele>19.61</ele></trkpt><trkpt lat="37.153698" lon="127.063807"><time>2026-10-03T06:53:14.000Z</time><ele>19.42</ele></trkpt><trkpt lat="37.15377" lon="127.063893"><time>2026-10-03T06:53:15.000Z</time><ele>19.26</ele></trkpt><trkpt lat="37.153841" lon="127.063987"><time>2026-10-03T06:53:16.000Z</time><ele>19.63</ele></trkpt><trkpt lat="37.153918" lon="127.064084"><time>2026-10-03T06:53:17.000Z</time><ele>19.87</ele></trkpt><trkpt lat="37.153995" lon="127.064178"><time>2026-10-03T06:53:18.000Z</time><ele>19.92</ele></trkpt><trkpt lat="37.154068" lon="127.064268"><time>2026-10-03T06:53:19.000Z</time><ele>19.98</ele></trkpt><trkpt lat="37.154137" lon="127.06435"><time>2026-10-03T06:53:20.000Z</time><ele>20.01</ele></trkpt><trkpt lat="37.15421" lon="127.064419"><time>2026-10-03T06:53:21.000Z</time><ele>20.25</ele></trkpt><trkpt lat="37.154281" lon="127.064484"><time>2026-10-03T06:53:22.000Z</time><ele>19.94</ele></trkpt><trkpt lat="37.154347" lon="127.064556"><time>2026-10-03T06:53:23.000Z</time><ele>20.45</ele></trkpt><trkpt lat="37.154406" lon="127.064621"><time>2026-10-03T06:53:24.000Z</time><ele>20.65</ele></trkpt><trkpt lat="37.154443" lon="127.064678"><time>2026-10-03T06:53:25.000Z</time><ele>20.34</ele></trkpt><trkpt lat="37.154486" lon="127.064702"><time>2026-10-03T06:53:26.000Z</time><ele>20.54</ele></trkpt><trkpt lat="37.154549" lon="127.064737"><time>2026-10-03T06:53:28.000Z</time><ele>21.01</ele></trkpt><trkpt lat="37.1546" lon="127.064769"><time>2026-10-03T06:53:30.000Z</time><ele>21.03</ele></trkpt><trkpt lat="37.154649" lon="127.0648"><time>2026-10-03T06:53:33.000Z</time><ele>20.63</ele></trkpt><trkpt lat="37.154731" lon="127.064837"><time>2026-10-03T06:56:00.000Z</time><ele>8.45</ele></trkpt><trkpt lat="37.154776" lon="127.064849"><time>2026-10-03T06:56:03.000Z</time><ele>9.75</ele></trkpt><trkpt lat="37.154829" lon="127.064829"><time>2026-10-03T06:56:04.000Z</time><ele>10.04</ele></trkpt><trkpt lat="37.154887" lon="127.064823"><time>2026-10-03T06:56:05.000Z</time><ele>10.49</ele></trkpt><trkpt lat="37.154948" lon="127.064827"><time>2026-10-03T06:56:06.001Z</time><ele>10.83</ele></trkpt><trkpt lat="37.155017" lon="127.064828"><time>2026-10-03T06:56:07.001Z</time><ele>11.5</ele></trkpt><trkpt lat="37.155097" lon="127.064831"><time>2026-10-03T06:56:08.001Z</time><ele>12.2</ele></trkpt><trkpt lat="37.155181" lon="127.064841"><time>2026-10-03T06:56:09.001Z</time><ele>13.29</ele></trkpt><trkpt lat="37.15526" lon="127.064837"><time>2026-10-03T06:56:10.001Z</time><ele>13.51</ele></trkpt><trkpt lat="37.155338" lon="127.064834"><time>2026-10-03T06:56:11.001Z</time><ele>13.86</ele></trkpt><trkpt lat="37.155417" lon="127.064832"><time>2026-10-03T06:56:12.001Z</time><ele>14.09</ele></trkpt><trkpt lat="37.15549" lon="127.064835"><time>2026-10-03T06:56:13.001Z</time><ele>14.7</ele></trkpt><trkpt lat="37.155561" lon="127.064836"><time>2026-10-03T06:56:14.001Z</time><ele>15.04</ele></trkpt><trkpt lat="37.155625" lon="127.064833"><time>2026-10-03T06:56:15.001Z</time><ele>15.4</ele></trkpt><trkpt lat="37.155671" lon="127.064831"><time>2026-10-03T06:56:16.001Z</time><ele>15.3</ele></trkpt><trkpt lat="37.15574" lon="127.064828"><time>2026-10-03T06:56:18.001Z</time><ele>15.47</ele></trkpt><trkpt lat="37.155806" lon="127.064831"><time>2026-10-03T06:56:21.001Z</time><ele>15.98</ele></trkpt><trkpt lat="37.155853" lon="127.06483"><time>2026-10-03T06:56:30.001Z</time><ele>17.59</ele></trkpt><trkpt lat="37.155899" lon="127.064837"><time>2026-10-03T06:56:43.001Z</time><ele>18.97</ele></trkpt><trkpt lat="37.155955" lon="127.064842"><time>2026-10-03T06:56:44.001Z</time><ele>19.39</ele></trkpt><trkpt lat="37.1562" lon="127.064832"><time>2026-10-03T06:56:47.001Z</time><ele>19.93</ele></trkpt><trkpt lat="37.156304" lon="127.064814"><time>2026-10-03T06:56:48.001Z</time><ele>20.32</ele></trkpt><trkpt lat="37.156419" lon="127.064813"><time>2026-10-03T06:56:49.001Z</time><ele>20.81</ele></trkpt><trkpt lat="37.15655" lon="127.064801"><time>2026-10-03T06:56:50.001Z</time><ele>21.03</ele></trkpt><trkpt lat="37.156682" lon="127.064791"><time>2026-10-03T06:56:51.001Z</time><ele>21.19</ele></trkpt><trkpt lat="37.156817" lon="127.064774"><time>2026-10-03T06:56:52.001Z</time><ele>22</ele></trkpt><trkpt lat="37.156957" lon="127.064755"><time>2026-10-03T06:56:53.001Z</time><ele>22.55</ele></trkpt><trkpt lat="37.157098" lon="127.064744"><time>2026-10-03T06:56:54.001Z</time><ele>22.35</ele></trkpt><trkpt lat="37.157243" lon="127.06473"><time>2026-10-03T06:56:55.001Z</time><ele>22.5</ele></trkpt><trkpt lat="37.157391" lon="127.064724"><time>2026-10-03T06:56:56.001Z</time><ele>21.83</ele></trkpt><trkpt lat="37.157537" lon="127.064709"><time>2026-10-03T06:56:57.001Z</time><ele>22.21</ele></trkpt><trkpt lat="37.157682" lon="127.064695"><time>2026-10-03T06:56:58.001Z</time><ele>22.03</ele></trkpt><trkpt lat="37.157829" lon="127.064681"><time>2026-10-03T06:56:59.001Z</time><ele>21.85</ele></trkpt><trkpt lat="37.157996" lon="127.064663"><time>2026-10-03T06:57:00.001Z</time><ele>21.92</ele></trkpt><trkpt lat="37.158176" lon="127.064648"><time>2026-10-03T06:57:01.001Z</time><ele>22.96</ele></trkpt><trkpt lat="37.158365" lon="127.064629"><time>2026-10-03T06:57:02.001Z</time><ele>23.73</ele></trkpt><trkpt lat="37.158542" lon="127.064609"><time>2026-10-03T06:57:03.001Z</time><ele>22.38</ele></trkpt><trkpt lat="37.158706" lon="127.064598"><time>2026-10-03T06:57:04.001Z</time><ele>23.38</ele></trkpt><trkpt lat="37.15886" lon="127.064581"><time>2026-10-03T06:57:05.001Z</time><ele>22.46</ele></trkpt><trkpt lat="37.159002" lon="127.064569"><time>2026-10-03T06:57:06.001Z</time><ele>22.41</ele></trkpt><trkpt lat="37.159133" lon="127.06454"><time>2026-10-03T06:57:07.001Z</time><ele>22.15</ele></trkpt><trkpt lat="37.15925" lon="127.064502"><time>2026-10-03T06:57:08.001Z</time><ele>21.66</ele></trkpt><trkpt lat="37.159358" lon="127.064456"><time>2026-10-03T06:57:09.001Z</time><ele>21.14</ele></trkpt><trkpt lat="37.159456" lon="127.064421"><time>2026-10-03T06:57:10.001Z</time><ele>20.48</ele></trkpt><trkpt lat="37.159543" lon="127.064393"><time>2026-10-03T06:57:11.001Z</time><ele>20.2</ele></trkpt><trkpt lat="37.159614" lon="127.064371"><time>2026-10-03T06:57:12.001Z</time><ele>19.47</ele></trkpt><trkpt lat="37.159669" lon="127.064369"><time>2026-10-03T06:57:13.001Z</time><ele>19.03</ele></trkpt><trkpt lat="37.159735" lon="127.064366"><time>2026-10-03T06:57:15.001Z</time><ele>19.13</ele></trkpt><trkpt lat="37.159768" lon="127.06459"><time>2026-10-03T06:57:17.001Z</time><ele>19.68</ele></trkpt><trkpt lat="37.15978" lon="127.064722"><time>2026-10-03T06:57:18.001Z</time><ele>19.55</ele></trkpt><trkpt lat="37.159801" lon="127.064875"><time>2026-10-03T06:57:19.001Z</time><ele>19.29</ele></trkpt><trkpt lat="37.15983" lon="127.065029"><time>2026-10-03T06:57:20.001Z</time><ele>18.45</ele></trkpt><trkpt lat="37.159852" lon="127.065176"><time>2026-10-03T06:57:21.001Z</time><ele>17.46</ele></trkpt><trkpt lat="37.159872" lon="127.065317"><time>2026-10-03T06:57:22.001Z</time><ele>16.22</ele></trkpt><trkpt lat="37.159893" lon="127.065465"><time>2026-10-03T06:57:23.001Z</time><ele>16.76</ele></trkpt><trkpt lat="37.159913" lon="127.06562"><time>2026-10-03T06:57:24.001Z</time><ele>17.34</ele></trkpt><trkpt lat="37.159929" lon="127.065764"><time>2026-10-03T06:57:25.000Z</time><ele>18.27</ele></trkpt><trkpt lat="37.159942" lon="127.065882"><time>2026-10-03T06:57:26.000Z</time><ele>18.62</ele></trkpt><trkpt lat="37.159956" lon="127.066013"><time>2026-10-03T06:57:27.000Z</time><ele>19.87</ele></trkpt><trkpt lat="37.159964" lon="127.066088"><time>2026-10-03T06:57:28.000Z</time><ele>20.31</ele></trkpt><trkpt lat="37.159963" lon="127.066149"><time>2026-10-03T06:57:29.000Z</time><ele>19.88</ele></trkpt><trkpt lat="37.159949" lon="127.066203"><time>2026-10-03T06:57:30.000Z</time><ele>19.63</ele></trkpt><trkpt lat="37.159828" lon="127.066309"><time>2026-10-03T06:57:32.000Z</time><ele>19.68</ele></trkpt><trkpt lat="37.159735" lon="127.066354"><time>2026-10-03T06:57:33.000Z</time><ele>19.58</ele></trkpt><trkpt lat="37.159629" lon="127.066401"><time>2026-10-03T06:57:34.000Z</time><ele>19.88</ele></trkpt><trkpt lat="37.159512" lon="127.066443"><time>2026-10-03T06:57:35.000Z</time><ele>18.86</ele></trkpt><trkpt lat="37.159398" lon="127.066485"><time>2026-10-03T06:57:36.000Z</time><ele>17.5</ele></trkpt><trkpt lat="37.159296" lon="127.066521"><time>2026-10-03T06:57:37.000Z</time><ele>17</ele></trkpt><trkpt lat="37.159186" lon="127.066558"><time>2026-10-03T06:57:38.000Z</time><ele>16.86</ele></trkpt><trkpt lat="37.15907" lon="127.066599"><time>2026-10-03T06:57:39.000Z</time><ele>16.71</ele></trkpt><trkpt lat="37.15895" lon="127.06664"><time>2026-10-03T06:57:40.000Z</time><ele>16.82</ele></trkpt><trkpt lat="37.158829" lon="127.066684"><time>2026-10-03T06:57:41.000Z</time><ele>17</ele></trkpt><trkpt lat="37.158707" lon="127.066725"><time>2026-10-03T06:57:42.000Z</time><ele>17.12</ele></trkpt><trkpt lat="37.158594" lon="127.066769"><time>2026-10-03T06:57:43.000Z</time><ele>17.27</ele></trkpt><trkpt lat="37.158486" lon="127.066813"><time>2026-10-03T06:57:44.000Z</time><ele>17.33</ele></trkpt><trkpt lat="37.158384" lon="127.066857"><time>2026-10-03T06:57:45.000Z</time><ele>17.09</ele></trkpt><trkpt lat="37.158278" lon="127.066892"><time>2026-10-03T06:57:46.000Z</time><ele>17.16</ele></trkpt><trkpt lat="37.158179" lon="127.066924"><time>2026-10-03T06:57:47.000Z</time><ele>17.5</ele></trkpt><trkpt lat="37.15808" lon="127.066955"><time>2026-10-03T06:57:48.000Z</time><ele>17.89</ele></trkpt><trkpt lat="37.157992" lon="127.066985"><time>2026-10-03T06:57:49.000Z</time><ele>18</ele></trkpt><trkpt lat="37.157903" lon="127.067015"><time>2026-10-03T06:57:50.000Z</time><ele>18.58</ele></trkpt><trkpt lat="37.15781" lon="127.067051"><time>2026-10-03T06:57:51.000Z</time><ele>18.58</ele></trkpt><trkpt lat="37.157712" lon="127.067082"><time>2026-10-03T06:57:52.000Z</time><ele>19.07</ele></trkpt><trkpt lat="37.157614" lon="127.067121"><time>2026-10-03T06:57:53.000Z</time><ele>18.83</ele></trkpt><trkpt lat="37.157512" lon="127.067165"><time>2026-10-03T06:57:54.000Z</time><ele>18.65</ele></trkpt><trkpt lat="37.157398" lon="127.067209"><time>2026-10-03T06:57:55.000Z</time><ele>19.28</ele></trkpt><trkpt lat="37.157281" lon="127.067253"><time>2026-10-03T06:57:56.000Z</time><ele>19.47</ele></trkpt><trkpt lat="37.157162" lon="127.067304"><time>2026-10-03T06:57:57.000Z</time><ele>19.3</ele></trkpt><trkpt lat="37.157044" lon="127.067354"><time>2026-10-03T06:57:58.000Z</time><ele>20.31</ele></trkpt><trkpt lat="37.156928" lon="127.067398"><time>2026-10-03T06:57:59.000Z</time><ele>19.87</ele></trkpt><trkpt lat="37.156822" lon="127.06744"><time>2026-10-03T06:58:00.000Z</time><ele>19.74</ele></trkpt><trkpt lat="37.156715" lon="127.06748"><time>2026-10-03T06:58:01.000Z</time><ele>19.54</ele></trkpt><trkpt lat="37.15661" lon="127.067515"><time>2026-10-03T06:58:02.000Z</time><ele>20.21</ele></trkpt><trkpt lat="37.156513" lon="127.067549"><time>2026-10-03T06:58:03.000Z</time><ele>20.67</ele></trkpt><trkpt lat="37.156438" lon="127.067575"><time>2026-10-03T06:58:04.000Z</time><ele>20.94</ele></trkpt><trkpt lat="37.156379" lon="127.067607"><time>2026-10-03T06:58:05.000Z</time><ele>21.76</ele></trkpt><trkpt lat="37.156336" lon="127.067653"><time>2026-10-03T06:58:06.000Z</time><ele>21.43</ele></trkpt><trkpt lat="37.156364" lon="127.06784"><time>2026-10-03T06:58:09.000Z</time><ele>19.24</ele></trkpt><trkpt lat="37.156407" lon="127.067915"><time>2026-10-03T06:58:10.000Z</time><ele>19.16</ele></trkpt><trkpt lat="37.156478" lon="127.067974"><time>2026-10-03T06:58:11.000Z</time><ele>19.21</ele></trkpt><trkpt lat="37.156541" lon="127.068055"><time>2026-10-03T06:58:12.000Z</time><ele>19.1</ele></trkpt><trkpt lat="37.15661" lon="127.068151"><time>2026-10-03T06:58:13.000Z</time><ele>19.94</ele></trkpt><trkpt lat="37.156675" lon="127.068251"><time>2026-10-03T06:58:14.000Z</time><ele>20.27</ele></trkpt><trkpt lat="37.156729" lon="127.068345"><time>2026-10-03T06:58:15.000Z</time><ele>20.23</ele></trkpt><trkpt lat="37.156778" lon="127.06843"><time>2026-10-03T06:58:16.000Z</time><ele>20.2</ele></trkpt><trkpt lat="37.156821" lon="127.068509"><time>2026-10-03T06:58:17.001Z</time><ele>20.42</ele></trkpt><trkpt lat="37.156865" lon="127.068581"><time>2026-10-03T06:58:18.001Z</time><ele>20.09</ele></trkpt><trkpt lat="37.156909" lon="127.068645"><time>2026-10-03T06:58:19.001Z</time><ele>20.14</ele></trkpt><trkpt lat="37.156939" lon="127.068699"><time>2026-10-03T06:58:20.001Z</time><ele>20.48</ele></trkpt><trkpt lat="37.156968" lon="127.068743"><time>2026-10-03T06:58:33.001Z</time><ele>18.85</ele></trkpt><trkpt lat="37.157047" lon="127.068829"><time>2026-10-03T06:58:35.001Z</time><ele>18.96</ele></trkpt><trkpt lat="37.157082" lon="127.068918"><time>2026-10-03T06:58:36.001Z</time><ele>19.34</ele></trkpt><trkpt lat="37.157132" lon="127.069006"><time>2026-10-03T06:58:37.001Z</time><ele>19.54</ele></trkpt><trkpt lat="37.157197" lon="127.069109"><time>2026-10-03T06:58:38.001Z</time><ele>20.04</ele></trkpt><trkpt lat="37.15726" lon="127.0692"><time>2026-10-03T06:58:39.001Z</time><ele>19.84</ele></trkpt><trkpt lat="37.15731" lon="127.06928"><time>2026-10-03T06:58:40.001Z</time><ele>19.79</ele></trkpt><trkpt lat="37.157362" lon="127.069373"><time>2026-10-03T06:58:41.001Z</time><ele>19.82</ele></trkpt><trkpt lat="37.157417" lon="127.069467"><time>2026-10-03T06:58:42.001Z</time><ele>20.06</ele></trkpt><trkpt lat="37.157466" lon="127.06955"><time>2026-10-03T06:58:43.001Z</time><ele>20.4</ele></trkpt><trkpt lat="37.157521" lon="127.06964"><time>2026-10-03T06:58:44.001Z</time><ele>20.47</ele></trkpt><trkpt lat="37.157579" lon="127.069745"><time>2026-10-03T06:58:45.001Z</time><ele>20.9</ele></trkpt><trkpt lat="37.157649" lon="127.069861"><time>2026-10-03T06:58:46.001Z</time><ele>20.6</ele></trkpt><trkpt lat="37.157734" lon="127.069985"><time>2026-10-03T06:58:47.001Z</time><ele>20.78</ele></trkpt><trkpt lat="37.157813" lon="127.070105"><time>2026-10-03T06:58:48.001Z</time><ele>20.39</ele></trkpt><trkpt lat="37.157875" lon="127.070222"><time>2026-10-03T06:58:49.001Z</time><ele>20.73</ele></trkpt><trkpt lat="37.157936" lon="127.070324"><time>2026-10-03T06:58:50.001Z</time><ele>21.1</ele></trkpt><trkpt lat="37.157993" lon="127.070416"><time>2026-10-03T06:58:51.001Z</time><ele>20.95</ele></trkpt><trkpt lat="37.158044" lon="127.070505"><time>2026-10-03T06:58:52.001Z</time><ele>21.11</ele></trkpt><trkpt lat="37.158092" lon="127.070588"><time>2026-10-03T06:58:53.001Z</time><ele>21.19</ele></trkpt><trkpt lat="37.158139" lon="127.070653"><time>2026-10-03T06:58:54.001Z</time><ele>22.12</ele></trkpt><trkpt lat="37.158179" lon="127.070713"><time>2026-10-03T06:58:55.001Z</time><ele>22.78</ele></trkpt><trkpt lat="37.158228" lon="127.07078"><time>2026-10-03T06:58:57.001Z</time><ele>23.35</ele></trkpt><trkpt lat="37.158258" lon="127.070831"><time>2026-10-03T06:59:15.001Z</time><ele>23.84</ele></trkpt><trkpt lat="37.158265" lon="127.070939"><time>2026-10-03T06:59:19.001Z</time><ele>23.32</ele></trkpt><trkpt lat="37.158239" lon="127.071008"><time>2026-10-03T06:59:20.001Z</time><ele>23.17</ele></trkpt><trkpt lat="37.158189" lon="127.071084"><time>2026-10-03T06:59:21.001Z</time><ele>23.47</ele></trkpt><trkpt lat="37.158135" lon="127.071157"><time>2026-10-03T06:59:22.001Z</time><ele>23.11</ele></trkpt><trkpt lat="37.158071" lon="127.071227"><time>2026-10-03T06:59:23.001Z</time><ele>23</ele></trkpt><trkpt lat="37.15799" lon="127.071288"><time>2026-10-03T06:59:24.001Z</time><ele>22.72</ele></trkpt><trkpt lat="37.157898" lon="127.071354"><time>2026-10-03T06:59:25.001Z</time><ele>22.52</ele></trkpt><trkpt lat="37.157798" lon="127.07143"><time>2026-10-03T06:59:26.001Z</time><ele>21.88</ele></trkpt><trkpt lat="37.157692" lon="127.071509"><time>2026-10-03T06:59:27.001Z</time><ele>22.11</ele></trkpt><trkpt lat="37.156985" lon="127.072055"><time>2026-10-03T06:59:33.000Z</time><ele>21.32</ele></trkpt><trkpt lat="37.156876" lon="127.072143"><time>2026-10-03T06:59:34.000Z</time><ele>21.18</ele></trkpt><trkpt lat="37.156777" lon="127.072216"><time>2026-10-03T06:59:35.000Z</time><ele>20.85</ele></trkpt><trkpt lat="37.156687" lon="127.072278"><time>2026-10-03T06:59:36.000Z</time><ele>20.3</ele></trkpt><trkpt lat="37.156605" lon="127.072329"><time>2026-10-03T06:59:37.000Z</time><ele>19.61</ele></trkpt><trkpt lat="37.156538" lon="127.072369"><time>2026-10-03T06:59:38.000Z</time><ele>19.43</ele></trkpt><trkpt lat="37.156489" lon="127.0724"><time>2026-10-03T06:59:39.000Z</time><ele>18.99</ele></trkpt><trkpt lat="37.156448" lon="127.072427"><time>2026-10-03T06:59:40.000Z</time><ele>18.8</ele></trkpt><trkpt lat="37.156386" lon="127.072466"><time>2026-10-03T06:59:42.000Z</time><ele>19</ele></trkpt><trkpt lat="37.15634" lon="127.072502"><time>2026-10-03T06:59:45.000Z</time><ele>19.64</ele></trkpt><trkpt lat="37.156269" lon="127.072568"><time>2026-10-03T07:01:22.001Z</time><ele>24.97</ele></trkpt><trkpt lat="37.156209" lon="127.072597"><time>2026-10-03T07:01:23.001Z</time><ele>24.92</ele></trkpt><trkpt lat="37.15612" lon="127.072613"><time>2026-10-03T07:01:24.001Z</time><ele>25.07</ele></trkpt><trkpt lat="37.15604" lon="127.072656"><time>2026-10-03T07:01:25.001Z</time><ele>24.67</ele></trkpt><trkpt lat="37.155973" lon="127.072692"><time>2026-10-03T07:01:26.001Z</time><ele>24.22</ele></trkpt><trkpt lat="37.155912" lon="127.072725"><time>2026-10-03T07:01:27.001Z</time><ele>24.24</ele></trkpt><trkpt lat="37.15586" lon="127.072753"><time>2026-10-03T07:01:28.001Z</time><ele>24.05</ele></trkpt><trkpt lat="37.155879" lon="127.072983"><time>2026-10-03T07:01:30.001Z</time><ele>23.99</ele></trkpt><trkpt lat="37.155916" lon="127.073068"><time>2026-10-03T07:01:31.001Z</time><ele>24.07</ele></trkpt><trkpt lat="37.155961" lon="127.073163"><time>2026-10-03T07:01:32.001Z</time><ele>23.85</ele></trkpt><trkpt lat="37.156006" lon="127.073272"><time>2026-10-03T07:01:33.001Z</time><ele>23.34</ele></trkpt><trkpt lat="37.156052" lon="127.073393"><time>2026-10-03T07:01:34.001Z</time><ele>24.02</ele></trkpt><trkpt lat="37.156101" lon="127.073504"><time>2026-10-03T07:01:35.001Z</time><ele>24.77</ele></trkpt><trkpt lat="37.156155" lon="127.073622"><time>2026-10-03T07:01:36.001Z</time><ele>24.47</ele></trkpt><trkpt lat="37.156215" lon="127.073734"><time>2026-10-03T07:01:37.000Z</time><ele>23.96</ele></trkpt><trkpt lat="37.156277" lon="127.073843"><time>2026-10-03T07:01:38.000Z</time><ele>24.68</ele></trkpt><trkpt lat="37.156342" lon="127.073956"><time>2026-10-03T07:01:39.000Z</time><ele>24.95</ele></trkpt><trkpt lat="37.156415" lon="127.074065"><time>2026-10-03T07:01:40.000Z</time><ele>25.14</ele></trkpt><trkpt lat="37.156492" lon="127.074189"><time>2026-10-03T07:01:41.000Z</time><ele>24.95</ele></trkpt><trkpt lat="37.156568" lon="127.074306"><time>2026-10-03T07:01:42.000Z</time><ele>25.03</ele></trkpt><trkpt lat="37.156653" lon="127.074441"><time>2026-10-03T07:01:43.000Z</time><ele>24.86</ele></trkpt><trkpt lat="37.156739" lon="127.074573"><time>2026-10-03T07:01:44.000Z</time><ele>24.74</ele></trkpt><trkpt lat="37.156816" lon="127.074694"><time>2026-10-03T07:01:45.000Z</time><ele>24.36</ele></trkpt><trkpt lat="37.156888" lon="127.07481"><time>2026-10-03T07:01:46.000Z</time><ele>24.71</ele></trkpt><trkpt lat="37.15696" lon="127.074927"><time>2026-10-03T07:01:47.000Z</time><ele>24.05</ele></trkpt><trkpt lat="37.157026" lon="127.075048"><time>2026-10-03T07:01:48.000Z</time><ele>24</ele></trkpt><trkpt lat="37.157086" lon="127.07516"><time>2026-10-03T07:01:49.000Z</time><ele>24.11</ele></trkpt><trkpt lat="37.157149" lon="127.075258"><time>2026-10-03T07:01:50.000Z</time><ele>23.67</ele></trkpt><trkpt lat="37.157211" lon="127.075352"><time>2026-10-03T07:01:51.000Z</time><ele>23.85</ele></trkpt><trkpt lat="37.157283" lon="127.075459"><time>2026-10-03T07:01:52.000Z</time><ele>23.72</ele></trkpt><trkpt lat="37.157363" lon="127.075586"><time>2026-10-03T07:01:53.000Z</time><ele>23.96</ele></trkpt><trkpt lat="37.157446" lon="127.07572"><time>2026-10-03T07:01:54.000Z</time><ele>24.69</ele></trkpt><trkpt lat="37.158724" lon="127.077986"><time>2026-10-03T07:02:06.000Z</time><ele>21.38</ele></trkpt><trkpt lat="37.158764" lon="127.078083"><time>2026-10-03T07:02:07.000Z</time><ele>21.43</ele></trkpt><trkpt lat="37.15878" lon="127.078159"><time>2026-10-03T07:02:08.000Z</time><ele>20.96</ele></trkpt><trkpt lat="37.158789" lon="127.078222"><time>2026-10-03T07:02:09.000Z</time><ele>20.2</ele></trkpt><trkpt lat="37.158791" lon="127.078289"><time>2026-10-03T07:02:11.000Z</time><ele>20.03</ele></trkpt><trkpt lat="37.158829" lon="127.078323"><time>2026-10-03T07:02:30.000Z</time><ele>25.73</ele></trkpt><trkpt lat="37.158829" lon="127.078388"><time>2026-10-03T07:04:40.001Z</time><ele>25.41</ele></trkpt><trkpt lat="37.158841" lon="127.078455"><time>2026-10-03T07:04:41.001Z</time><ele>25.02</ele></trkpt><trkpt lat="37.158863" lon="127.078535"><time>2026-10-03T07:04:42.001Z</time><ele>25.25</ele></trkpt><trkpt lat="37.158872" lon="127.078625"><time>2026-10-03T07:04:43.001Z</time><ele>25.8</ele></trkpt><trkpt lat="37.158888" lon="127.078698"><time>2026-10-03T07:04:44.001Z</time><ele>24.7</ele></trkpt><trkpt lat="37.159081" lon="127.078768"><time>2026-10-03T07:04:47.001Z</time><ele>24.55</ele></trkpt><trkpt lat="37.159167" lon="127.078739"><time>2026-10-03T07:04:48.001Z</time><ele>25.25</ele></trkpt><trkpt lat="37.15925" lon="127.07871"><time>2026-10-03T07:04:49.001Z</time><ele>25.33</ele></trkpt><trkpt lat="37.159321" lon="127.078676"><time>2026-10-03T07:04:50.001Z</time><ele>24.85</ele></trkpt><trkpt lat="37.159385" lon="127.078644"><time>2026-10-03T07:04:51.001Z</time><ele>24.79</ele></trkpt><trkpt lat="37.159444" lon="127.078608"><time>2026-10-03T07:04:52.001Z</time><ele>24.82</ele></trkpt><trkpt lat="37.159493" lon="127.078577"><time>2026-10-03T07:04:53.001Z</time><ele>24.78</ele></trkpt><trkpt lat="37.159539" lon="127.078549"><time>2026-10-03T07:04:54.001Z</time><ele>24.79</ele></trkpt><trkpt lat="37.15961" lon="127.078496"><time>2026-10-03T07:04:56.001Z</time><ele>24.72</ele></trkpt><trkpt lat="37.159653" lon="127.078464"><time>2026-10-03T07:04:58.001Z</time><ele>24</ele></trkpt><trkpt lat="37.159706" lon="127.078414"><time>2026-10-03T07:05:51.000Z</time><ele>24.1</ele></trkpt><trkpt lat="37.159749" lon="127.078379"><time>2026-10-03T07:05:52.000Z</time><ele>24.47</ele></trkpt><trkpt lat="37.159801" lon="127.078335"><time>2026-10-03T07:05:53.000Z</time><ele>24.5</ele></trkpt><trkpt lat="37.159856" lon="127.078276"><time>2026-10-03T07:05:54.000Z</time><ele>24.76</ele></trkpt><trkpt lat="37.159916" lon="127.078205"><time>2026-10-03T07:05:55.000Z</time><ele>24.92</ele></trkpt><trkpt lat="37.15998" lon="127.078125"><time>2026-10-03T07:05:56.000Z</time><ele>24.99</ele></trkpt><trkpt lat="37.160043" lon="127.078046"><time>2026-10-03T07:05:57.000Z</time><ele>25.35</ele></trkpt><trkpt lat="37.160102" lon="127.077962"><time>2026-10-03T07:05:58.000Z</time><ele>25.09</ele></trkpt><trkpt lat="37.160169" lon="127.077874"><time>2026-10-03T07:05:59.000Z</time><ele>24.99</ele></trkpt><trkpt lat="37.160236" lon="127.077778"><time>2026-10-03T07:06:00.000Z</time><ele>24.71</ele></trkpt><trkpt lat="37.160307" lon="127.077681"><time>2026-10-03T07:06:01.000Z</time><ele>24.69</ele></trkpt><trkpt lat="37.160385" lon="127.077582"><time>2026-10-03T07:06:02.000Z</time><ele>25.08</ele></trkpt><trkpt lat="37.160467" lon="127.077469"><time>2026-10-03T07:06:03.000Z</time><ele>25.02</ele></trkpt><trkpt lat="37.160552" lon="127.077351"><time>2026-10-03T07:06:04.000Z</time><ele>25.31</ele></trkpt><trkpt lat="37.160644" lon="127.07722"><time>2026-10-03T07:06:05.000Z</time><ele>26.66</ele></trkpt><trkpt lat="37.160743" lon="127.077085"><time>2026-10-03T07:06:06.000Z</time><ele>26.19</ele></trkpt><trkpt lat="37.160834" lon="127.076956"><time>2026-10-03T07:06:07.000Z</time><ele>27.13</ele></trkpt><trkpt lat="37.16092" lon="127.076835"><time>2026-10-03T07:06:08.000Z</time><ele>27.46</ele></trkpt><trkpt lat="37.161013" lon="127.076707"><time>2026-10-03T07:06:09.000Z</time><ele>27.69</ele></trkpt><trkpt lat="37.161473" lon="127.07615"><time>2026-10-03T07:06:13.000Z</time><ele>28.6</ele></trkpt><trkpt lat="37.1616" lon="127.07597"><time>2026-10-03T07:06:14.000Z</time><ele>28.08</ele></trkpt><trkpt lat="37.161732" lon="127.075785"><time>2026-10-03T07:06:15.000Z</time><ele>27.48</ele></trkpt><trkpt lat="37.161855" lon="127.075601"><time>2026-10-03T07:06:16.000Z</time><ele>25.9</ele></trkpt><trkpt lat="37.161965" lon="127.075422"><time>2026-10-03T07:06:17.000Z</time><ele>25.28</ele></trkpt><trkpt lat="37.162064" lon="127.075234"><time>2026-10-03T07:06:18.000Z</time><ele>25.74</ele></trkpt><trkpt lat="37.162157" lon="127.075034"><time>2026-10-03T07:06:19.000Z</time><ele>25.78</ele></trkpt><trkpt lat="37.162252" lon="127.074822"><time>2026-10-03T07:06:20.000Z</time><ele>24.34</ele></trkpt><trkpt lat="37.162357" lon="127.074627"><time>2026-10-03T07:06:21.000Z</time><ele>24.75</ele></trkpt><trkpt lat="37.162462" lon="127.074443"><time>2026-10-03T07:06:22.000Z</time><ele>22.85</ele></trkpt><trkpt lat="37.162556" lon="127.074269"><time>2026-10-03T07:06:23.000Z</time><ele>22.85</ele></trkpt><trkpt lat="37.162648" lon="127.074093"><time>2026-10-03T07:06:24.000Z</time><ele>24.82</ele></trkpt><trkpt lat="37.162733" lon="127.073917"><time>2026-10-03T07:06:25.000Z</time><ele>24.75</ele></trkpt><trkpt lat="37.162813" lon="127.07376"><time>2026-10-03T07:06:26.000Z</time><ele>25.65</ele></trkpt><trkpt lat="37.162889" lon="127.073622"><time>2026-10-03T07:06:27.000Z</time><ele>27.98</ele></trkpt><trkpt lat="37.162962" lon="127.073491"><time>2026-10-03T07:06:28.000Z</time><ele>28.49</ele></trkpt><trkpt lat="37.163033" lon="127.073376"><time>2026-10-03T07:06:29.000Z</time><ele>28.99</ele></trkpt><trkpt lat="37.163096" lon="127.073272"><time>2026-10-03T07:06:30.000Z</time><ele>29.66</ele></trkpt><trkpt lat="37.163154" lon="127.073183"><time>2026-10-03T07:06:31.000Z</time><ele>30.06</ele></trkpt><trkpt lat="37.163208" lon="127.073107"><time>2026-10-03T07:06:32.000Z</time><ele>30.5</ele></trkpt><trkpt lat="37.163275" lon="127.073036"><time>2026-10-03T07:06:33.000Z</time><ele>31.07</ele></trkpt><trkpt lat="37.163349" lon="127.072976"><time>2026-10-03T07:06:34.000Z</time><ele>31.41</ele></trkpt><trkpt lat="37.16341" lon="127.072924"><time>2026-10-03T07:06:35.000Z</time><ele>31.66</ele></trkpt><trkpt lat="37.163473" lon="127.072894"><time>2026-10-03T07:06:36.000Z</time><ele>31.96</ele></trkpt><trkpt lat="37.163529" lon="127.072856"><time>2026-10-03T07:06:37.000Z</time><ele>32.72</ele></trkpt><trkpt lat="37.163472" lon="127.072631"><time>2026-10-03T07:06:38.000Z</time><ele>32.6</ele></trkpt><trkpt lat="37.163445" lon="127.072497"><time>2026-10-03T07:06:39.001Z</time><ele>31.63</ele></trkpt><trkpt lat="37.163436" lon="127.072359"><time>2026-10-03T07:06:40.001Z</time><ele>30.87</ele></trkpt><trkpt lat="37.163444" lon="127.072244"><time>2026-10-03T07:06:41.001Z</time><ele>29.12</ele></trkpt><trkpt lat="37.163448" lon="127.07215"><time>2026-10-03T07:06:42.001Z</time><ele>28.2</ele></trkpt><trkpt lat="37.163444" lon="127.072079"><time>2026-10-03T07:06:43.001Z</time><ele>27.67</ele></trkpt><trkpt lat="37.163438" lon="127.071989"><time>2026-10-03T07:06:45.001Z</time><ele>26.69</ele></trkpt><trkpt lat="37.163239" lon="127.071994"><time>2026-10-03T07:06:47.001Z</time><ele>25.85</ele></trkpt><trkpt lat="37.163143" lon="127.071982"><time>2026-10-03T07:06:48.001Z</time><ele>24.82</ele></trkpt><trkpt lat="37.163049" lon="127.071974"><time>2026-10-03T07:06:49.001Z</time><ele>22.83</ele></trkpt><trkpt lat="37.162953" lon="127.071977"><time>2026-10-03T07:06:50.001Z</time><ele>22.2</ele></trkpt><trkpt lat="37.162859" lon="127.071955"><time>2026-10-03T07:06:51.001Z</time><ele>22.13</ele></trkpt><trkpt lat="37.162776" lon="127.07193"><time>2026-10-03T07:06:52.001Z</time><ele>21.54</ele></trkpt><trkpt lat="37.162694" lon="127.071891"><time>2026-10-03T07:06:53.001Z</time><ele>20.75</ele></trkpt><trkpt lat="37.162615" lon="127.071838"><time>2026-10-03T07:06:54.001Z</time><ele>20.11</ele></trkpt><trkpt lat="37.162545" lon="127.071801"><time>2026-10-03T07:06:55.001Z</time><ele>19.44</ele></trkpt><trkpt lat="37.162495" lon="127.071742"><time>2026-10-03T07:06:56.001Z</time><ele>18.92</ele></trkpt><trkpt lat="37.162448" lon="127.071704"><time>2026-10-03T07:06:57.001Z</time><ele>18.5</ele></trkpt><trkpt lat="37.162431" lon="127.07162"><time>2026-10-03T07:06:59.001Z</time><ele>18.12</ele></trkpt><trkpt lat="37.162474" lon="127.071557"><time>2026-10-03T07:07:00.001Z</time><ele>18.43</ele></trkpt><trkpt lat="37.162502" lon="127.071492"><time>2026-10-03T07:07:01.001Z</time><ele>19.34</ele></trkpt><trkpt lat="37.162541" lon="127.071453"><time>2026-10-03T07:07:02.001Z</time><ele>19.22</ele></trkpt><trkpt lat="37.162541" lon="127.071396"><time>2026-10-03T07:07:04.001Z</time><ele>19.31</ele></trkpt><trkpt lat="37.162525" lon="127.071335"><time>2026-10-03T07:07:08.001Z</time><ele>20.6</ele></trkpt><trkpt lat="37.162606" lon="127.071295"><time>2026-10-03T07:07:20.001Z</time><ele>26.22</ele></trkpt><trkpt lat="37.162423" lon="127.071624"><time>2026-10-03T07:07:30.001Z</time><ele>26.62</ele></trkpt><trkpt lat="37.162396" lon="127.071683"><time>2026-10-03T07:08:18.000Z</time><ele>22.27</ele></trkpt><trkpt lat="37.162257" lon="127.071571"><time>2026-10-03T07:08:30.000Z</time><ele>23.3</ele></trkpt><trkpt lat="37.162247" lon="127.071505"><time>2026-10-03T07:08:39.000Z</time><ele>27.44</ele></trkpt><trkpt lat="37.162204" lon="127.071573"><time>2026-10-03T07:08:49.000Z</time><ele>30.43</ele></trkpt><trkpt lat="37.162268" lon="127.071544"><time>2026-10-03T07:08:59.001Z</time><ele>47.11</ele></trkpt><trkpt lat="37.162249" lon="127.07165"><time>2026-10-03T07:09:26.001Z</time><ele>32.51</ele></trkpt><trkpt lat="37.162286" lon="127.071616"><time>2026-10-03T07:09:30.001Z</time><ele>32.3</ele></trkpt><trkpt lat="37.162297" lon="127.071555"><time>2026-10-03T07:09:51.001Z</time><ele>32.4</ele></trkpt><trkpt lat="37.162254" lon="127.071587"><time>2026-10-03T07:10:02.000Z</time><ele>33.18</ele></trkpt><trkpt lat="37.162146" lon="127.071582"><time>2026-10-03T07:10:54.001Z</time><ele>48.97</ele></trkpt><trkpt lat="37.162107" lon="127.07176"><time>2026-10-03T07:11:02.001Z</time><ele>49.02</ele></trkpt><trkpt lat="37.162162" lon="127.071765"><time>2026-10-03T07:11:06.001Z</time><ele>48.92</ele></trkpt><trkpt lat="37.162403" lon="127.071393"><time>2026-10-03T07:12:00.001Z</time><ele>34.15</ele></trkpt><trkpt lat="37.162496" lon="127.071401"><time>2026-10-03T07:12:07.000Z</time><ele>24.16</ele></trkpt></trkseg></trk></gpx>