<?xml version="1.0" encoding="UTF-8"?><gpx version="1.1" creator="Relive" xmlns="http://www.topografix.com/GPX/1/1" xmlns:xsi="http://www.w3.org/2001/XMLSchema-instance" xsi:schemaLocation="http://www.topografix.com/GPX/1/1 http://www.topografix.com/GPX/1/1/gpx.xsd http://www.garmin.com/xmlschemas/TrackPointExtension/v1 http://www.garmin.com/xmlschemas/TrackPointExtensionv1.xsd http://www.garmin.com/xmlschemas/GpxExtensions/v3 http://www.garmin.com/xmlschemas/GpxExtensionsv3.xsd" xmlns:gpxtpx="http://www.garmin.com/xmlschemas/TrackPointExtension/v1" xmlns:gpxx="http://www.garmin.com/xmlschemas/GpxExtensions/v3"><metadata><time>2026-09-26T23:58:25.501Z</time><name>9월 27일 오전</name></metadata><trk><trkseg><trkpt lat="37.162427" lon="127.071634"><time>2026-09-26T23:58:25.501Z</time><ele>23.22</ele></trkpt><trkpt lat="37.162428" lon="127.071567"><time>2026-09-26T23:58:33.501Z</time><ele>23.34</ele></trkpt><trkpt lat="37.162406" lon="127.071623"><time>2026-09-26T23:58:53.505Z</time><ele>23.32</ele></trkpt><trkpt lat="37.162352" lon="127.071626"><time>2026-09-26T23:58:58.500Z</time><ele>23.34</ele></trkpt><trkpt lat="37.162334" lon="127.07157"><time>2026-09-26T23:59:03.501Z</time><ele>23.24</ele></trkpt><trkpt lat="37.162383" lon="127.071571"><time>2026-09-26T23:59:11.502Z</time><ele>23.18</ele></trkpt><trkpt lat="37.162357" lon="127.071622"><time>2026-09-26T23:59:22.500Z</time><ele>23.24</ele></trkpt><trkpt lat="37.16258" lon="127.071242"><time>2026-09-27T00:00:13.973Z</time><ele>23.18</ele></trkpt><trkpt lat="37.162356" lon="127.071555"><time>2026-09-27T00:00:47.263Z</time><ele>24.94</ele></trkpt><trkpt lat="37.162489" lon="127.07177"><time>2026-09-27T00:01:16.993Z</time><ele>7.56</ele></trkpt><trkpt lat="37.162432" lon="127.07177"><time>2026-09-27T00:01:21.995Z</time><ele>17.43</ele></trkpt><trkpt lat="37.162447" lon="127.071715"><time>2026-09-27T00:01:24.996Z</time><ele>18.98</ele></trkpt><trkpt lat="37.162526" lon="127.071614"><time>2026-09-27T00:01:29.998Z</time><ele>18.62</ele></trkpt><trkpt lat="37.162546" lon="127.071563"><time>2026-09-27T00:01:32.999Z</time><ele>17.56</ele></trkpt><trkpt lat="37.162554" lon="127.071399"><time>2026-09-27T00:01:41.000Z</time><ele>23.32</ele></trkpt><trkpt lat="37.162608" lon="127.071402"><time>2026-09-27T00:01:44.000Z</time><ele>22.96</ele></trkpt><trkpt lat="37.162579" lon="127.071468"><time>2026-09-27T00:01:46.001Z</time><ele>23.45</ele></trkpt><trkpt lat="37.162541" lon="127.071523"><time>2026-09-27T00:01:47.001Z</time><ele>23.48</ele></trkpt><trkpt lat="37.162501" lon="127.071607"><time>2026-09-27T00:01:49.001Z</time><ele>24.05</ele></trkpt><trkpt lat="37.162455" lon="127.07165"><time>2026-09-27T00:01:51.001Z</time><ele>24.48</ele></trkpt><trkpt lat="37.162397" lon="127.071638"><time>2026-09-27T00:01:52.001Z</time><ele>24.19</ele></trkpt><trkpt lat="37.162353" lon="127.071584"><time>2026-09-27T00:01:53.001Z</time><ele>23.78</ele></trkpt><trkpt lat="37.162274" lon="127.071542"><time>2026-09-27T00:01:55.001Z</time><ele>23.65</ele></trkpt><trkpt lat="37.162175" lon="127.071501"><time>2026-09-27T00:01:57.002Z</time><ele>23.45</ele></trkpt><trkpt lat="37.162119" lon="127.071432"><time>2026-09-27T00:01:58.002Z</time><ele>23.45</ele></trkpt><trkpt lat="37.16205" lon="127.071393"><time>2026-09-27T00:01:59.002Z</time><ele>23.42</ele></trkpt><trkpt lat="37.161999" lon="127.071338"><time>2026-09-27T00:02:00.002Z</time><ele>23.26</ele></trkpt><trkpt lat="37.161942" lon="127.071292"><time>2026-09-27T00:02:01.002Z</time><ele>23.01</ele></trkpt><trkpt lat="37.161891" lon="127.071246"><time>2026-09-27T00:02:02.002Z</time><ele>22.8</ele></trkpt><trkpt lat="37.161853" lon="127.071211"><time>2026-09-27T00:02:03.002Z</time><ele>22.5</ele></trkpt><trkpt lat="37.16182" lon="127.071169"><time>2026-09-27T00:02:04.002Z</time><ele>22.26</ele></trkpt><trkpt lat="37.161753" lon="127.07113"><time>2026-09-27T00:02:06.002Z</time><ele>22.31</ele></trkpt><trkpt lat="37.161689" lon="127.071068"><time>2026-09-27T00:02:09.002Z</time><ele>22.1</ele></trkpt><trkpt lat="37.161653" lon="127.071034"><time>2026-09-27T00:02:10.002Z</time><ele>22.73</ele></trkpt><trkpt lat="37.161607" lon="127.070997"><time>2026-09-27T00:02:11.002Z</time><ele>22.96</ele></trkpt><trkpt lat="37.161404" lon="127.070843"><time>2026-09-27T00:02:14.002Z</time><ele>22.26</ele></trkpt><trkpt lat="37.161336" lon="127.07078"><time>2026-09-27T00:02:15.002Z</time><ele>22.26</ele></trkpt><trkpt lat="37.161277" lon="127.070711"><time>2026-09-27T00:02:16.002Z</time><ele>22.48</ele></trkpt><trkpt lat="37.161211" lon="127.070651"><time>2026-09-27T00:02:17.002Z</time><ele>22.46</ele></trkpt><trkpt lat="37.161154" lon="127.070599"><time>2026-09-27T00:02:18.002Z</time><ele>22.74</ele></trkpt><trkpt lat="37.161095" lon="127.070547"><time>2026-09-27T00:02:19.002Z</time><ele>22.61</ele></trkpt><trkpt lat="37.16103" lon="127.070498"><time>2026-09-27T00:02:20.002Z</time><ele>22.68</ele></trkpt><trkpt lat="37.160971" lon="127.070449"><time>2026-09-27T00:02:21.003Z</time><ele>22.81</ele></trkpt><trkpt lat="37.160924" lon="127.070414"><time>2026-09-27T00:02:22.003Z</time><ele>22.21</ele></trkpt><trkpt lat="37.160861" lon="127.07035"><time>2026-09-27T00:02:23.003Z</time><ele>22.85</ele></trkpt><trkpt lat="37.160813" lon="127.070313"><time>2026-09-27T00:02:24.003Z</time><ele>22.82</ele></trkpt><trkpt lat="37.160771" lon="127.070278"><time>2026-09-27T00:02:25.003Z</time><ele>22.84</ele></trkpt><trkpt lat="37.160732" lon="127.070244"><time>2026-09-27T00:02:26.003Z</time><ele>22.97</ele></trkpt><trkpt lat="37.160675" lon="127.070182"><time>2026-09-27T00:02:28.003Z</time><ele>23.02</ele></trkpt><trkpt lat="37.160633" lon="127.070105"><time>2026-09-27T00:02:30.003Z</time><ele>22.89</ele></trkpt><trkpt lat="37.160608" lon="127.070051"><time>2026-09-27T00:02:32.003Z</time><ele>22.74</ele></trkpt><trkpt lat="37.160493" lon="127.070124"><time>2026-09-27T00:02:34.003Z</time><ele>22.52</ele></trkpt><trkpt lat="37.160271" lon="127.070306"><time>2026-09-27T00:02:37.003Z</time><ele>22.83</ele></trkpt><trkpt lat="37.160196" lon="127.070365"><time>2026-09-27T00:02:38.003Z</time><ele>23.62</ele></trkpt><trkpt lat="37.160126" lon="127.070393"><time>2026-09-27T00:02:39.003Z</time><ele>23.58</ele></trkpt><trkpt lat="37.160077" lon="127.070454"><time>2026-09-27T00:02:40.003Z</time><ele>23.32</ele></trkpt><trkpt lat="37.160024" lon="127.07049"><time>2026-09-27T00:02:41.003Z</time><ele>23.27</ele></trkpt><trkpt lat="37.159981" lon="127.070525"><time>2026-09-27T00:02:42.003Z</time><ele>23.4</ele></trkpt><trkpt lat="37.159935" lon="127.070559"><time>2026-09-27T00:02:43.003Z</time><ele>23.36</ele></trkpt><trkpt lat="37.159895" lon="127.070593"><time>2026-09-27T00:02:44.003Z</time><ele>23.4</ele></trkpt><trkpt lat="37.15985" lon="127.07061"><time>2026-09-27T00:02:45.003Z</time><ele>23.5</ele></trkpt><trkpt lat="37.159796" lon="127.07057"><time>2026-09-27T00:02:46.003Z</time><ele>23.65</ele></trkpt><trkpt lat="37.159754" lon="127.070508"><time>2026-09-27T00:02:47.003Z</time><ele>23.86</ele></trkpt><trkpt lat="37.159719" lon="127.070422"><time>2026-09-27T00:02:48.003Z</time><ele>23.99</ele></trkpt><trkpt lat="37.159729" lon="127.070352"><time>2026-09-27T00:02:49.003Z</time><ele>23.81</ele></trkpt><trkpt lat="37.159699" lon="127.07029"><time>2026-09-27T00:02:52.003Z</time><ele>23.65</ele></trkpt><trkpt lat="37.159663" lon="127.070215"><time>2026-09-27T00:03:36.001Z</time><ele>24.01</ele></trkpt><trkpt lat="37.159636" lon="127.070157"><time>2026-09-27T00:03:37.001Z</time><ele>24.65</ele></trkpt><trkpt lat="37.159602" lon="127.070087"><time>2026-09-27T00:03:38.001Z</time><ele>25.03</ele></trkpt><trkpt lat="37.159504" lon="127.070069"><time>2026-09-27T00:03:39.001Z</time><ele>24.31</ele></trkpt><trkpt lat="37.159445" lon="127.07004"><time>2026-09-27T00:03:40.001Z</time><ele>25</ele></trkpt><trkpt lat="37.159364" lon="127.070061"><time>2026-09-27T00:03:41.001Z</time><ele>24.92</ele></trkpt><trkpt lat="37.159277" lon="127.070123"><time>2026-09-27T00:03:42.001Z</time><ele>24.39</ele></trkpt><trkpt lat="37.159183" lon="127.070205"><time>2026-09-27T00:03:43.001Z</time><ele>24.22</ele></trkpt><trkpt lat="37.159075" lon="127.070299"><time>2026-09-27T00:03:44.001Z</time><ele>23.74</ele></trkpt><trkpt lat="37.158958" lon="127.070392"><time>2026-09-27T00:03:45.001Z</time><ele>24.27</ele></trkpt><trkpt lat="37.158834" lon="127.070503"><time>2026-09-27T00:03:46.001Z</time><ele>25.15</ele></trkpt><trkpt lat="37.158707" lon="127.070605"><time>2026-09-27T00:03:47.001Z</time><ele>24.76</ele></trkpt><trkpt lat="37.158576" lon="127.070717"><time>2026-09-27T00:03:48.001Z</time><ele>25.2</ele></trkpt><trkpt lat="37.158448" lon="127.070839"><time>2026-09-27T00:03:49.001Z</time><ele>25</ele></trkpt><trkpt lat="37.15831" lon="127.070965"><time>2026-09-27T00:03:50.001Z</time><ele>24.99</ele></trkpt><trkpt lat="37.158164" lon="127.071073"><time>2026-09-27T00:03:51.001Z</time><ele>25.33</ele></trkpt><trkpt lat="37.158021" lon="127.071187"><time>2026-09-27T00:03:52.001Z</time><ele>25.1</ele></trkpt><trkpt lat="37.157876" lon="127.071301"><time>2026-09-27T00:03:53.001Z</time><ele>25.24</ele></trkpt><trkpt lat="37.157729" lon="127.071418"><time>2026-09-27T00:03:54.001Z</time><ele>25.23</ele></trkpt><trkpt lat="37.15758" lon="127.071538"><time>2026-09-27T00:03:55.001Z</time><ele>25.07</ele></trkpt><trkpt lat="37.157167" lon="127.07187"><time>2026-09-27T00:03:58.001Z</time><ele>25.17</ele></trkpt><trkpt lat="37.157051" lon="127.071965"><time>2026-09-27T00:03:59.001Z</time><ele>24.29</ele></trkpt><trkpt lat="37.156936" lon="127.072053"><time>2026-09-27T00:04:00.001Z</time><ele>24.06</ele></trkpt><trkpt lat="37.156829" lon="127.072137"><time>2026-09-27T00:04:01.001Z</time><ele>24.28</ele></trkpt><trkpt lat="37.156738" lon="127.072207"><time>2026-09-27T00:04:02.001Z</time><ele>24.39</ele></trkpt><trkpt lat="37.156664" lon="127.07226"><time>2026-09-27T00:04:03.001Z</time><ele>23.82</ele></trkpt><trkpt lat="37.156604" lon="127.072296"><time>2026-09-27T00:04:04.001Z</time><ele>24.05</ele></trkpt><trkpt lat="37.15655" lon="127.072332"><time>2026-09-27T00:04:05.001Z</time><ele>24.28</ele></trkpt><trkpt lat="37.156502" lon="127.072359"><time>2026-09-27T00:04:06.001Z</time><ele>24.15</ele></trkpt><trkpt lat="37.156457" lon="127.072379"><time>2026-09-27T00:04:07.001Z</time><ele>24.02</ele></trkpt><trkpt lat="37.15637" lon="127.072421"><time>2026-09-27T00:04:09.001Z</time><ele>24.35</ele></trkpt><trkpt lat="37.156319" lon="127.07244"><time>2026-09-27T00:04:10.001Z</time><ele>24.6</ele></trkpt><trkpt lat="37.156263" lon="127.072471"><time>2026-09-27T00:04:11.001Z</time><ele>24.94</ele></trkpt><trkpt lat="37.156195" lon="127.072508"><time>2026-09-27T00:04:12.001Z</time><ele>24.19</ele></trkpt><trkpt lat="37.156127" lon="127.072545"><time>2026-09-27T00:04:13.001Z</time><ele>22.93</ele></trkpt><trkpt lat="37.156045" lon="127.072589"><time>2026-09-27T00:04:14.001Z</time><ele>23.27</ele></trkpt><trkpt lat="37.155971" lon="127.072632"><time>2026-09-27T00:04:15.001Z</time><ele>23.2</ele></trkpt><trkpt lat="37.155885" lon="127.072686"><time>2026-09-27T00:04:16.001Z</time><ele>22.71</ele></trkpt><trkpt lat="37.155792" lon="127.072743"><time>2026-09-27T00:04:17.001Z</time><ele>22.76</ele></trkpt><trkpt lat="37.155691" lon="127.072803"><time>2026-09-27T00:04:18.001Z</time><ele>22.2</ele></trkpt><trkpt lat="37.155568" lon="127.072874"><time>2026-09-27T00:04:19.001Z</time><ele>22.69</ele></trkpt><trkpt lat="37.155439" lon="127.072945"><time>2026-09-27T00:04:20.001Z</time><ele>22.17</ele></trkpt><trkpt lat="37.155315" lon="127.073011"><time>2026-09-27T00:04:21.001Z</time><ele>22.23</ele></trkpt><trkpt lat="37.155189" lon="127.073079"><time>2026-09-27T00:04:22.001Z</time><ele>22.01</ele></trkpt><trkpt lat="37.155064" lon="127.073141"><time>2026-09-27T00:04:23.001Z</time><ele>21.51</ele></trkpt><trkpt lat="37.154935" lon="127.073203"><time>2026-09-27T00:04:24.001Z</time><ele>21.74</ele></trkpt><trkpt lat="37.154806" lon="127.073265"><time>2026-09-27T00:04:25.001Z</time><ele>22.02</ele></trkpt><trkpt lat="37.154667" lon="127.073335"><time>2026-09-27T00:04:26.001Z</time><ele>22.36</ele></trkpt><trkpt lat="37.154534" lon="127.073405"><time>2026-09-27T00:04:27.001Z</time><ele>22.83</ele></trkpt><trkpt lat="37.154414" lon="127.073463"><time>2026-09-27T00:04:28.001Z</time><ele>23.04</ele></trkpt><trkpt lat="37.154293" lon="127.073523"><time>2026-09-27T00:04:29.001Z</time><ele>22.51</ele></trkpt><trkpt lat="37.15417" lon="127.073583"><time>2026-09-27T00:04:30.001Z</time><ele>22.02</ele></trkpt><trkpt lat="37.154055" lon="127.073635"><time>2026-09-27T00:04:31.001Z</time><ele>22.43</ele></trkpt><trkpt lat="37.153941" lon="127.073683"><time>2026-09-27T00:04:32.001Z</time><ele>22.24</ele></trkpt><trkpt lat="37.153823" lon="127.073716"><time>2026-09-27T00:04:33.001Z</time><ele>22.03</ele></trkpt><trkpt lat="37.153712" lon="127.073736"><time>2026-09-27T00:04:34.002Z</time><ele>21.54</ele></trkpt><trkpt lat="37.15359" lon="127.073747"><time>2026-09-27T00:04:35.002Z</time><ele>21.39</ele></trkpt><trkpt lat="37.153457" lon="127.073753"><time>2026-09-27T00:04:36.002Z</time><ele>21.8</ele></trkpt><trkpt lat="37.153324" lon="127.073747"><time>2026-09-27T00:04:37.002Z</time><ele>21.99</ele></trkpt><trkpt lat="37.153184" lon="127.073739"><time>2026-09-27T00:04:38.002Z</time><ele>22.05</ele></trkpt><trkpt lat="37.153044" lon="127.073733"><time>2026-09-27T00:04:39.002Z</time><ele>22.33</ele></trkpt><trkpt lat="37.152905" lon="127.073722"><time>2026-09-27T00:04:40.002Z</time><ele>22.24</ele></trkpt><trkpt lat="37.152765" lon="127.073706"><time>2026-09-27T00:04:41.002Z</time><ele>22.43</ele></trkpt><trkpt lat="37.152626" lon="127.073708"><time>2026-09-27T00:04:42.002Z</time><ele>22.72</ele></trkpt><trkpt lat="37.152489" lon="127.073702"><time>2026-09-27T00:04:43.002Z</time><ele>22.98</ele></trkpt><trkpt lat="37.152361" lon="127.073699"><time>2026-09-27T00:04:44.002Z</time><ele>22.71</ele></trkpt><trkpt lat="37.152231" lon="127.073693"><time>2026-09-27T00:04:45.002Z</time><ele>22.7</ele></trkpt><trkpt lat="37.152095" lon="127.073685"><time>2026-09-27T00:04:46.002Z</time><ele>22.91</ele></trkpt><trkpt lat="37.151958" lon="127.073678"><time>2026-09-27T00:04:47.002Z</time><ele>22.97</ele></trkpt><trkpt lat="37.151825" lon="127.073674"><time>2026-09-27T00:04:48.002Z</time><ele>22.8</ele></trkpt><trkpt lat="37.151699" lon="127.07367"><time>2026-09-27T00:04:49.002Z</time><ele>22.69</ele></trkpt><trkpt lat="37.151574" lon="127.073666"><time>2026-09-27T00:04:50.002Z</time><ele>22.9</ele></trkpt><trkpt lat="37.151441" lon="127.073664"><time>2026-09-27T00:04:51.002Z</time><ele>22.61</ele></trkpt><trkpt lat="37.151305" lon="127.073657"><time>2026-09-27T00:04:52.002Z</time><ele>22.84</ele></trkpt><trkpt lat="37.15116" lon="127.073652"><time>2026-09-27T00:04:53.002Z</time><ele>22.75</ele></trkpt><trkpt lat="37.150998" lon="127.073649"><time>2026-09-27T00:04:54.002Z</time><ele>22.81</ele></trkpt><trkpt lat="37.150838" lon="127.073649"><time>2026-09-27T00:04:55.002Z</time><ele>22.76</ele></trkpt><trkpt lat="37.150679" lon="127.073646"><time>2026-09-27T00:04:56.002Z</time><ele>23.07</ele></trkpt><trkpt lat="37.150515" lon="127.073635"><time>2026-09-27T00:04:57.002Z</time><ele>23.27</ele></trkpt><trkpt lat="37.150338" lon="127.073629"><time>2026-09-27T00:04:58.002Z</time><ele>23.55</ele></trkpt><trkpt lat="37.150149" lon="127.073633"><time>2026-09-27T00:04:59.002Z</time><ele>23.57</ele></trkpt><trkpt lat="37.14996" lon="127.073628"><time>2026-09-27T00:05:00.002Z</time><ele>23.69</ele></trkpt><trkpt lat="37.149774" lon="127.073626"><time>2026-09-27T00:05:01.002Z</time><ele>23.98</ele></trkpt><trkpt lat="37.149607" lon="127.07362"><time>2026-09-27T00:05:02.002Z</time><ele>23.73</ele></trkpt><trkpt lat="37.149454" lon="127.073613"><time>2026-09-27T00:05:03.002Z</time><ele>23.33</ele></trkpt><trkpt lat="37.149304" lon="127.073607"><time>2026-09-27T00:05:04.000Z</time><ele>23.42</ele></trkpt><trkpt lat="37.149163" lon="127.073602"><time>2026-09-27T00:05:05.000Z</time><ele>23.3</ele></trkpt><trkpt lat="37.149013" lon="127.073592"><time>2026-09-27T00:05:06.000Z</time><ele>22.82</ele></trkpt><trkpt lat="37.148857" lon="127.073584"><time>2026-09-27T00:05:07.000Z</time><ele>23</ele></trkpt><trkpt lat="37.148703" lon="127.073575"><time>2026-09-27T00:05:08.000Z</time><ele>22.81</ele></trkpt><trkpt lat="37.148553" lon="127.073572"><time>2026-09-27T00:05:09.000Z</time><ele>22.96</ele></trkpt><trkpt lat="37.148414" lon="127.073568"><time>2026-09-27T00:05:10.000Z</time><ele>22.72</ele></trkpt><trkpt lat="37.148272" lon="127.073563"><time>2026-09-27T00:05:11.000Z</time><ele>22.65</ele></trkpt><trkpt lat="37.148113" lon="127.073556"><time>2026-09-27T00:05:12.000Z</time><ele>22.62</ele></trkpt><trkpt lat="37.147957" lon="127.073556"><time>2026-09-27T00:05:13.000Z</time><ele>22.52</ele></trkpt><trkpt lat="37.147799" lon="127.073556"><time>2026-09-27T00:05:14.000Z</time><ele>22.72</ele></trkpt><trkpt lat="37.147654" lon="127.07355"><time>2026-09-27T00:05:15.000Z</time><ele>22.23</ele></trkpt><trkpt lat="37.147519" lon="127.073547"><time>2026-09-27T00:05:16.000Z</time><ele>22.47</ele></trkpt><trkpt lat="37.147391" lon="127.073544"><time>2026-09-27T00:05:17.000Z</time><ele>22.74</ele></trkpt><trkpt lat="37.147262" lon="127.073541"><time>2026-09-27T00:05:18.000Z</time><ele>22.35</ele></trkpt><trkpt lat="37.147127" lon="127.07354"><time>2026-09-27T00:05:19.000Z</time><ele>22.59</ele></trkpt><trkpt lat="37.146993" lon="127.073533"><time>2026-09-27T00:05:20.000Z</time><ele>22.8</ele></trkpt><trkpt lat="37.146854" lon="127.073531"><time>2026-09-27T00:05:21.000Z</time><ele>23.02</ele></trkpt><trkpt lat="37.146703" lon="127.073527"><time>2026-09-27T00:05:22.000Z</time><ele>23.68</ele></trkpt><trkpt lat="37.146557" lon="127.073526"><time>2026-09-27T00:05:23.000Z</time><ele>23.59</ele></trkpt><trkpt lat="37.146406" lon="127.073527"><time>2026-09-27T00:05:24.000Z</time><ele>23.8</ele></trkpt><trkpt lat="37.146246" lon="127.073521"><time>2026-09-27T00:05:25.000Z</time><ele>23.75</ele></trkpt><trkpt lat="37.146071" lon="127.073517"><time>2026-09-27T00:05:26.000Z</time><ele>23.83</ele></trkpt><trkpt lat="37.145882" lon="127.073516"><time>2026-09-27T00:05:27.000Z</time><ele>23.89</ele></trkpt><trkpt lat="37.145689" lon="127.07351"><time>2026-09-27T00:05:28.000Z</time><ele>24.18</ele></trkpt><trkpt lat="37.145515" lon="127.073504"><time>2026-09-27T00:05:29.000Z</time><ele>23.86</ele></trkpt><trkpt lat="37.145353" lon="127.073499"><time>2026-09-27T00:05:30.000Z</time><ele>23.69</ele></trkpt><trkpt lat="37.145203" lon="127.073496"><time>2026-09-27T00:05:31.000Z</time><ele>23.54</ele></trkpt><trkpt lat="37.145059" lon="127.073492"><time>2026-09-27T00:05:32.000Z</time><ele>23.45</ele></trkpt><trkpt lat="37.144927" lon="127.073484"><time>2026-09-27T00:05:33.000Z</time><ele>23.42</ele></trkpt><trkpt lat="37.144799" lon="127.073477"><time>2026-09-27T00:05:34.000Z</time><ele>23.6</ele></trkpt><trkpt lat="37.14467" lon="127.073469"><time>2026-09-27T00:05:35.000Z</time><ele>23.65</ele></trkpt><trkpt lat="37.144539" lon="127.073462"><time>2026-09-27T00:05:36.000Z</time><ele>23.44</ele></trkpt><trkpt lat="37.143635" lon="127.073415"><time>2026-09-27T00:05:43.001Z</time><ele>22.87</ele></trkpt><trkpt lat="37.143551" lon="127.073408"><time>2026-09-27T00:05:44.001Z</time><ele>22.94</ele></trkpt><trkpt lat="37.143475" lon="127.073404"><time>2026-09-27T00:05:45.001Z</time><ele>22.81</ele></trkpt><trkpt lat="37.143409" lon="127.073394"><time>2026-09-27T00:05:46.001Z</time><ele>22.68</ele></trkpt><trkpt lat="37.143346" lon="127.073395"><time>2026-09-27T00:05:47.001Z</time><ele>22.73</ele></trkpt><trkpt lat="37.14329" lon="127.073391"><time>2026-09-27T00:05:48.001Z</time><ele>22.66</ele></trkpt><trkpt lat="37.143239" lon="127.073386"><time>2026-09-27T00:05:49.001Z</time><ele>22.7</ele></trkpt><trkpt lat="37.143178" lon="127.073392"><time>2026-09-27T00:05:51.001Z</time><ele>22.93</ele></trkpt><trkpt lat="37.143128" lon="127.073405"><time>2026-09-27T00:05:57.001Z</time><ele>23.08</ele></trkpt><trkpt lat="37.143088" lon="127.073438"><time>2026-09-27T00:06:13.001Z</time><ele>23.45</ele></trkpt><trkpt lat="37.143038" lon="127.073454"><time>2026-09-27T00:06:58.002Z</time><ele>23.69</ele></trkpt><trkpt lat="37.14295" lon="127.073471"><time>2026-09-27T00:07:00.002Z</time><ele>23.49</ele></trkpt><trkpt lat="37.1429" lon="127.073465"><time>2026-09-27T00:07:01.002Z</time><ele>23.36</ele></trkpt><trkpt lat="37.142845" lon="127.073459"><time>2026-09-27T00:07:02.002Z</time><ele>23.23</ele></trkpt><trkpt lat="37.142784" lon="127.073452"><time>2026-09-27T00:07:03.002Z</time><ele>23.22</ele></trkpt><trkpt lat="37.14272" lon="127.07344"><time>2026-09-27T00:07:04.002Z</time><ele>23.11</ele></trkpt><trkpt lat="37.142653" lon="127.073431"><time>2026-09-27T00:07:05.002Z</time><ele>23.15</ele></trkpt><trkpt lat="37.142583" lon="127.073415"><time>2026-09-27T00:07:06.002Z</time><ele>22.84</ele></trkpt><trkpt lat="37.142521" lon="127.073411"><time>2026-09-27T00:07:07.002Z</time><ele>22.91</ele></trkpt><trkpt lat="37.142452" lon="127.073409"><time>2026-09-27T00:07:08.002Z</time><ele>23.06</ele></trkpt><trkpt lat="37.14237" lon="127.073415"><time>2026-09-27T00:07:09.002Z</time><ele>23.01</ele></trkpt><trkpt lat="37.142282" lon="127.073424"><time>2026-09-27T00:07:10.001Z</time><ele>23.03</ele></trkpt><trkpt lat="37.142189" lon="127.073429"><time>2026-09-27T00:07:11.000Z</time><ele>23.09</ele></trkpt><trkpt lat="37.142105" lon="127.07344"><time>2026-09-27T00:07:12.001Z</time><ele>23.16</ele></trkpt><trkpt lat="37.142021" lon="127.073441"><time>2026-09-27T00:07:13.000Z</time><ele>23.07</ele></trkpt><trkpt lat="37.141928" lon="127.073431"><time>2026-09-27T00:07:14.000Z</time><ele>22.94</ele></trkpt><trkpt lat="37.141822" lon="127.073404"><time>2026-09-27T00:07:15.000Z</time><ele>23.59</ele></trkpt><trkpt lat="37.141713" lon="127.073404"><time>2026-09-27T00:07:16.000Z</time><ele>23.56</ele></trkpt><trkpt lat="37.141584" lon="127.073404"><time>2026-09-27T00:07:17.000Z</time><ele>24.05</ele></trkpt><trkpt lat="37.141464" lon="127.073413"><time>2026-09-27T00:07:18.000Z</time><ele>24.14</ele></trkpt><trkpt lat="37.14136" lon="127.073414"><time>2026-09-27T00:07:19.000Z</time><ele>24.23</ele></trkpt><trkpt lat="37.141265" lon="127.073418"><time>2026-09-27T00:07:20.000Z</time><ele>24.06</ele></trkpt><trkpt lat="37.141175" lon="127.073425"><time>2026-09-27T00:07:21.000Z</time><ele>24.05</ele></trkpt><trkpt lat="37.141088" lon="127.073408"><time>2026-09-27T00:07:22.000Z</time><ele>24.18</ele></trkpt><trkpt lat="37.14101" lon="127.073407"><time>2026-09-27T00:07:23.000Z</time><ele>24.31</ele></trkpt><trkpt lat="37.140935" lon="127.073402"><time>2026-09-27T00:07:24.000Z</time><ele>24.16</ele></trkpt><trkpt lat="37.140846" lon="127.073387"><time>2026-09-27T00:07:25.000Z</time><ele>24.34</ele></trkpt><trkpt lat="37.140761" lon="127.073389"><time>2026-09-27T00:07:26.000Z</time><ele>24.26</ele></trkpt><trkpt lat="37.140671" lon="127.073391"><time>2026-09-27T00:07:27.000Z</time><ele>24.3</ele></trkpt><trkpt lat="37.140566" lon="127.0734"><time>2026-09-27T00:07:28.000Z</time><ele>24.44</ele></trkpt><trkpt lat="37.140455" lon="127.073406"><time>2026-09-27T00:07:29.000Z</time><ele>24.66</ele></trkpt><trkpt lat="37.140341" lon="127.073405"><time>2026-09-27T00:07:30.000Z</time><ele>24.77</ele></trkpt><trkpt lat="37.140226" lon="127.073402"><time>2026-09-27T00:07:31.000Z</time><ele>25.05</ele></trkpt><trkpt lat="37.140104" lon="127.07341"><time>2026-09-27T00:07:32.000Z</time><ele>25.27</ele></trkpt><trkpt lat="37.139968" lon="127.073412"><time>2026-09-27T00:07:33.000Z</time><ele>25.32</ele></trkpt><trkpt lat="37.13983" lon="127.073416"><time>2026-09-27T00:07:34.000Z</time><ele>25.47</ele></trkpt><trkpt lat="37.139688" lon="127.073419"><time>2026-09-27T00:07:35.000Z</time><ele>25.22</ele></trkpt><trkpt lat="37.139559" lon="127.073421"><time>2026-09-27T00:07:36.000Z</time><ele>25.38</ele></trkpt><trkpt lat="37.139452" lon="127.073427"><time>2026-09-27T00:07:37.000Z</time><ele>25.09</ele></trkpt><trkpt lat="37.139354" lon="127.07343"><time>2026-09-27T00:07:38.000Z</time><ele>25.16</ele></trkpt><trkpt lat="37.13926" lon="127.073423"><time>2026-09-27T00:07:39.000Z</time><ele>24.83</ele></trkpt><trkpt lat="37.139175" lon="127.073425"><time>2026-09-27T00:07:40.001Z</time><ele>24.64</ele></trkpt><trkpt lat="37.139093" lon="127.073425"><time>2026-09-27T00:07:41.001Z</time><ele>24.65</ele></trkpt><trkpt lat="37.139011" lon="127.073424"><time>2026-09-27T00:07:42.001Z</time><ele>24.74</ele></trkpt><trkpt lat="37.138924" lon="127.073428"><time>2026-09-27T00:07:43.001Z</time><ele>24.53</ele></trkpt><trkpt lat="37.138841" lon="127.073439"><time>2026-09-27T00:07:44.001Z</time><ele>24.76</ele></trkpt><trkpt lat="37.138743" lon="127.073449"><time>2026-09-27T00:07:45.001Z</time><ele>24.83</ele></trkpt><trkpt lat="37.138646" lon="127.073444"><time>2026-09-27T00:07:46.001Z</time><ele>24.64</ele></trkpt><trkpt lat="37.138549" lon="127.073432"><time>2026-09-27T00:07:47.001Z</time><ele>24.91</ele></trkpt><trkpt lat="37.138452" lon="127.07342"><time>2026-09-27T00:07:48.001Z</time><ele>25.44</ele></trkpt><trkpt lat="37.138357" lon="127.073417"><time>2026-09-27T00:07:49.001Z</time><ele>25.56</ele></trkpt><trkpt lat="37.138257" lon="127.073399"><time>2026-09-27T00:07:50.001Z</time><ele>25.85</ele></trkpt><trkpt lat="37.138165" lon="127.073388"><time>2026-09-27T00:07:51.001Z</time><ele>26.28</ele></trkpt><trkpt lat="37.138078" lon="127.073369"><time>2026-09-27T00:07:52.001Z</time><ele>26.16</ele></trkpt><trkpt lat="37.137977" lon="127.073358"><time>2026-09-27T00:07:53.001Z</time><ele>26.21</ele></trkpt><trkpt lat="37.137876" lon="127.073351"><time>2026-09-27T00:07:54.001Z</time><ele>26.44</ele></trkpt><trkpt lat="37.137785" lon="127.073331"><time>2026-09-27T00:07:55.001Z</time><ele>26.33</ele></trkpt><trkpt lat="37.137684" lon="127.073307"><time>2026-09-27T00:07:56.001Z</time><ele>26.58</ele></trkpt><trkpt lat="37.137582" lon="127.073283"><time>2026-09-27T00:07:57.001Z</time><ele>26.72</ele></trkpt><trkpt lat="37.137466" lon="127.073255"><time>2026-09-27T00:07:58.001Z</time><ele>26.53</ele></trkpt><trkpt lat="37.137336" lon="127.073228"><time>2026-09-27T00:07:59.001Z</time><ele>26.31</ele></trkpt><trkpt lat="37.13719" lon="127.073197"><time>2026-09-27T00:08:00.001Z</time><ele>26.76</ele></trkpt><trkpt lat="37.137032" lon="127.073166"><time>2026-09-27T00:08:01.001Z</time><ele>27.26</ele></trkpt><trkpt lat="37.1369" lon="127.073151"><time>2026-09-27T00:08:02.001Z</time><ele>26.99</ele></trkpt><trkpt lat="37.136764" lon="127.073124"><time>2026-09-27T00:08:03.001Z</time><ele>26.71</ele></trkpt><trkpt lat="37.136637" lon="127.073097"><time>2026-09-27T00:08:04.001Z</time><ele>26.61</ele></trkpt><trkpt lat="37.136496" lon="127.073066"><time>2026-09-27T00:08:05.001Z</time><ele>26.23</ele></trkpt><trkpt lat="37.136338" lon="127.073036"><time>2026-09-27T00:08:06.001Z</time><ele>26.49</ele></trkpt><trkpt lat="37.136166" lon="127.073003"><time>2026-09-27T00:08:07.001Z</time><ele>26.8</ele></trkpt><trkpt lat="37.135985" lon="127.072973"><time>2026-09-27T00:08:08.001Z</time><ele>26.9</ele></trkpt><trkpt lat="37.135826" lon="127.072935"><time>2026-09-27T00:08:09.001Z</time><ele>27.17</ele></trkpt><trkpt lat="37.135674" lon="127.072899"><time>2026-09-27T00:08:10.001Z</time><ele>27.1</ele></trkpt><trkpt lat="37.135519" lon="127.072868"><time>2026-09-27T00:08:11.001Z</time><ele>27.11</ele></trkpt><trkpt lat="37.135357" lon="127.072841"><time>2026-09-27T00:08:12.001Z</time><ele>28.07</ele></trkpt><trkpt lat="37.135179" lon="127.072813"><time>2026-09-27T00:08:13.001Z</time><ele>28.68</ele></trkpt><trkpt lat="37.134984" lon="127.07278"><time>2026-09-27T00:08:14.001Z</time><ele>29.57</ele></trkpt><trkpt lat="37.134784" lon="127.072732"><time>2026-09-27T00:08:15.001Z</time><ele>29.4</ele></trkpt><trkpt lat="37.134568" lon="127.072691"><time>2026-09-27T00:08:16.001Z</time><ele>29.92</ele></trkpt><trkpt lat="37.134344" lon="127.072647"><time>2026-09-27T00:08:17.001Z</time><ele>30.5</ele></trkpt><trkpt lat="37.13411" lon="127.072602"><time>2026-09-27T00:08:18.001Z</time><ele>31.49</ele></trkpt><trkpt lat="37.133871" lon="127.072557"><time>2026-09-27T00:08:19.001Z</time><ele>32.45</ele></trkpt><trkpt lat="37.133633" lon="127.072514"><time>2026-09-27T00:08:20.001Z</time><ele>33.21</ele></trkpt><trkpt lat="37.133398" lon="127.072473"><time>2026-09-27T00:08:21.001Z</time><ele>33.94</ele></trkpt><trkpt lat="37.133156" lon="127.072435"><time>2026-09-27T00:08:22.001Z</time><ele>34.57</ele></trkpt><trkpt lat="37.132703" lon="127.072354"><time>2026-09-27T00:08:24.001Z</time><ele>35.8</ele></trkpt><trkpt lat="37.132488" lon="127.072312"><time>2026-09-27T00:08:25.001Z</time><ele>36.37</ele></trkpt><trkpt lat="37.132276" lon="127.072269"><time>2026-09-27T00:08:26.001Z</time><ele>36.9</ele></trkpt><trkpt lat="37.132084" lon="127.07223"><time>2026-09-27T00:08:27.001Z</time><ele>36.95</ele></trkpt><trkpt lat="37.131901" lon="127.072194"><time>2026-09-27T00:08:28.001Z</time><ele>36.66</ele></trkpt><trkpt lat="37.131694" lon="127.072168"><time>2026-09-27T00:08:29.001Z</time><ele>37.16</ele></trkpt><trkpt lat="37.13148" lon="127.072124"><time>2026-09-27T00:08:30.001Z</time><ele>36.81</ele></trkpt><trkpt lat="37.131265" lon="127.072096"><time>2026-09-27T00:08:31.001Z</time><ele>37.39</ele></trkpt><trkpt lat="37.13106" lon="127.072058"><time>2026-09-27T00:08:32.001Z</time><ele>36.5</ele></trkpt><trkpt lat="37.130863" lon="127.072017"><time>2026-09-27T00:08:33.001Z</time><ele>35.77</ele></trkpt><trkpt lat="37.130696" lon="127.071979"><time>2026-09-27T00:08:34.001Z</time><ele>34.71</ele></trkpt><trkpt lat="37.130534" lon="127.071944"><time>2026-09-27T00:08:35.001Z</time><ele>34.89</ele></trkpt><trkpt lat="37.130392" lon="127.071897"><time>2026-09-27T00:08:36.001Z</time><ele>33.97</ele></trkpt><trkpt lat="37.130265" lon="127.071839"><time>2026-09-27T00:08:37.001Z</time><ele>33.64</ele></trkpt><trkpt lat="37.130151" lon="127.071781"><time>2026-09-27T00:08:38.001Z</time><ele>33.25</ele></trkpt><trkpt lat="37.130057" lon="127.071719"><time>2026-09-27T00:08:39.001Z</time><ele>32.83</ele></trkpt><trkpt lat="37.129986" lon="127.071673"><time>2026-09-27T00:08:40.001Z</time><ele>32.27</ele></trkpt><trkpt lat="37.129936" lon="127.071631"><time>2026-09-27T00:08:41.001Z</time><ele>32.21</ele></trkpt><trkpt lat="37.129896" lon="127.071599"><time>2026-09-27T00:08:42.001Z</time><ele>32.1</ele></trkpt><trkpt lat="37.129857" lon="127.071555"><time>2026-09-27T00:08:44.001Z</time><ele>32.12</ele></trkpt><trkpt lat="37.12984" lon="127.071502"><time>2026-09-27T00:09:11.002Z</time><ele>32.64</ele></trkpt><trkpt lat="37.12979" lon="127.071467"><time>2026-09-27T00:09:43.000Z</time><ele>32.15</ele></trkpt><trkpt lat="37.129751" lon="127.071435"><time>2026-09-27T00:09:44.000Z</time><ele>32.08</ele></trkpt><trkpt lat="37.129707" lon="127.071397"><time>2026-09-27T00:09:45.000Z</time><ele>31.95</ele></trkpt><trkpt lat="37.129654" lon="127.071353"><time>2026-09-27T00:09:46.000Z</time><ele>31.91</ele></trkpt><trkpt lat="37.129596" lon="127.071294"><time>2026-09-27T00:09:47.001Z</time><ele>31.77</ele></trkpt><trkpt lat="37.129534" lon="127.07124"><time>2026-09-27T00:09:48.001Z</time><ele>31.59</ele></trkpt><trkpt lat="37.129467" lon="127.071173"><time>2026-09-27T00:09:49.001Z</time><ele>31.32</ele></trkpt><trkpt lat="37.129395" lon="127.071094"><time>2026-09-27T00:09:50.001Z</time><ele>30.96</ele></trkpt><trkpt lat="37.129323" lon="127.071005"><time>2026-09-27T00:09:51.001Z</time><ele>30.84</ele></trkpt><trkpt lat="37.129244" lon="127.0709"><time>2026-09-27T00:09:52.001Z</time><ele>30.39</ele></trkpt><trkpt lat="37.129168" lon="127.070781"><time>2026-09-27T00:09:53.001Z</time><ele>29.83</ele></trkpt><trkpt lat="37.129094" lon="127.070647"><time>2026-09-27T00:09:54.001Z</time><ele>29.36</ele></trkpt><trkpt lat="37.129025" lon="127.070511"><time>2026-09-27T00:09:55.001Z</time><ele>29.28</ele></trkpt><trkpt lat="37.128965" lon="127.070375"><time>2026-09-27T00:09:56.001Z</time><ele>29</ele></trkpt><trkpt lat="37.128896" lon="127.070234"><time>2026-09-27T00:09:57.001Z</time><ele>28.8</ele></trkpt><trkpt lat="37.128828" lon="127.070082"><time>2026-09-27T00:09:58.001Z</time><ele>28.44</ele></trkpt><trkpt lat="37.128759" lon="127.069924"><time>2026-09-27T00:09:59.001Z</time><ele>28.35</ele></trkpt><trkpt lat="37.128687" lon="127.069757"><time>2026-09-27T00:10:00.001Z</time><ele>27.41</ele></trkpt><trkpt lat="37.128607" lon="127.069586"><time>2026-09-27T00:10:01.001Z</time><ele>27.67</ele></trkpt><trkpt lat="37.128527" lon="127.069408"><time>2026-09-27T00:10:02.001Z</time><ele>27.31</ele></trkpt><trkpt lat="37.128449" lon="127.069234"><time>2026-09-27T00:10:03.001Z</time><ele>27.05</ele></trkpt><trkpt lat="37.128373" lon="127.069063"><time>2026-09-27T00:10:04.001Z</time><ele>26.18</ele></trkpt><trkpt lat="37.128295" lon="127.068874"><time>2026-09-27T00:10:05.001Z</time><ele>26.01</ele></trkpt><trkpt lat="37.128201" lon="127.068682"><time>2026-09-27T00:10:06.001Z</time><ele>25.8</ele></trkpt><trkpt lat="37.128095" lon="127.068494"><time>2026-09-27T00:10:07.001Z</time><ele>25.31</ele></trkpt><trkpt lat="37.127997" lon="127.068301"><time>2026-09-27T00:10:08.001Z</time><ele>24.61</ele></trkpt><trkpt lat="37.127895" lon="127.068104"><time>2026-09-27T00:10:09.001Z</time><ele>24.39</ele></trkpt><trkpt lat="37.127788" lon="127.06792"><time>2026-09-27T00:10:10.001Z</time><ele>24.07</ele></trkpt><trkpt lat="37.127675" lon="127.067743"><time>2026-09-27T00:10:11.001Z</time><ele>23.18</ele></trkpt><trkpt lat="37.127559" lon="127.067577"><time>2026-09-27T00:10:12.001Z</time><ele>22.94</ele></trkpt><trkpt lat="37.127432" lon="127.067418"><time>2026-09-27T00:10:13.001Z</time><ele>22.19</ele></trkpt><trkpt lat="37.127298" lon="127.067263"><time>2026-09-27T00:10:14.001Z</time><ele>22.05</ele></trkpt><trkpt lat="37.12716" lon="127.067123"><time>2026-09-27T00:10:15.001Z</time><ele>21.68</ele></trkpt><trkpt lat="37.127023" lon="127.066999"><time>2026-09-27T00:10:16.001Z</time><ele>21.23</ele></trkpt><trkpt lat="37.126886" lon="127.066895"><time>2026-09-27T00:10:17.001Z</time><ele>20.82</ele></trkpt><trkpt lat="37.126744" lon="127.066804"><time>2026-09-27T00:10:18.001Z</time><ele>20.5</ele></trkpt><trkpt lat="37.126598" lon="127.066716"><time>2026-09-27T00:10:19.001Z</time><ele>19.87</ele></trkpt><trkpt lat="37.126454" lon="127.066639"><time>2026-09-27T00:10:20.001Z</time><ele>19.97</ele></trkpt><trkpt lat="37.126309" lon="127.06657"><time>2026-09-27T00:10:21.001Z</time><ele>19.54</ele></trkpt><trkpt lat="37.126153" lon="127.066513"><time>2026-09-27T00:10:22.001Z</time><ele>19.18</ele></trkpt><trkpt lat="37.125998" lon="127.066463"><time>2026-09-27T00:10:23.001Z</time><ele>19.08</ele></trkpt><trkpt lat="37.125839" lon="127.066424"><time>2026-09-27T00:10:24.001Z</time><ele>19.13</ele></trkpt><trkpt lat="37.125673" lon="127.066381"><time>2026-09-27T00:10:25.001Z</time><ele>18.68</ele></trkpt><trkpt lat="37.125516" lon="127.066338"><time>2026-09-27T00:10:26.001Z</time><ele>20.03</ele></trkpt><trkpt lat="37.125358" lon="127.066288"><time>2026-09-27T00:10:27.001Z</time><ele>19.16</ele></trkpt><trkpt lat="37.125181" lon="127.06624"><time>2026-09-27T00:10:28.001Z</time><ele>19.3</ele></trkpt><trkpt lat="37.125" lon="127.06619"><time>2026-09-27T00:10:29.001Z</time><ele>19.42</ele></trkpt><trkpt lat="37.124831" lon="127.066145"><time>2026-09-27T00:10:30.001Z</time><ele>19.43</ele></trkpt><trkpt lat="37.124671" lon="127.066102"><time>2026-09-27T00:10:31.001Z</time><ele>19.43</ele></trkpt><trkpt lat="37.124518" lon="127.066064"><time>2026-09-27T00:10:32.001Z</time><ele>18.97</ele></trkpt><trkpt lat="37.124356" lon="127.066018"><time>2026-09-27T00:10:33.001Z</time><ele>19.92</ele></trkpt><trkpt lat="37.124205" lon="127.065974"><time>2026-09-27T00:10:34.001Z</time><ele>19.9</ele></trkpt><trkpt lat="37.124061" lon="127.065933"><time>2026-09-27T00:10:35.001Z</time><ele>19.92</ele></trkpt><trkpt lat="37.123927" lon="127.065894"><time>2026-09-27T00:10:36.001Z</time><ele>19.08</ele></trkpt><trkpt lat="37.123792" lon="127.065842"><time>2026-09-27T00:10:37.001Z</time><ele>19.51</ele></trkpt><trkpt lat="37.123654" lon="127.065779"><time>2026-09-27T00:10:38.001Z</time><ele>19.92</ele></trkpt><trkpt lat="37.12351" lon="127.065724"><time>2026-09-27T00:10:39.001Z</time><ele>20.13</ele></trkpt><trkpt lat="37.123366" lon="127.065686"><time>2026-09-27T00:10:40.001Z</time><ele>19.92</ele></trkpt><trkpt lat="37.123221" lon="127.06564"><time>2026-09-27T00:10:41.001Z</time><ele>20.18</ele></trkpt><trkpt lat="37.123078" lon="127.065595"><time>2026-09-27T00:10:42.001Z</time><ele>20.19</ele></trkpt><trkpt lat="37.122926" lon="127.065552"><time>2026-09-27T00:10:43.001Z</time><ele>20.16</ele></trkpt><trkpt lat="37.122764" lon="127.065508"><time>2026-09-27T00:10:44.001Z</time><ele>20.55</ele></trkpt><trkpt lat="37.1226" lon="127.065467"><time>2026-09-27T00:10:45.001Z</time><ele>20.66</ele></trkpt><trkpt lat="37.122427" lon="127.065427"><time>2026-09-27T00:10:46.001Z</time><ele>21.06</ele></trkpt><trkpt lat="37.122252" lon="127.065389"><time>2026-09-27T00:10:47.001Z</time><ele>22.05</ele></trkpt><trkpt lat="37.122076" lon="127.065355"><time>2026-09-27T00:10:48.001Z</time><ele>21.98</ele></trkpt><trkpt lat="37.121883" lon="127.065319"><time>2026-09-27T00:10:49.001Z</time><ele>22.16</ele></trkpt><trkpt lat="37.121675" lon="127.065269"><time>2026-09-27T00:10:50.001Z</time><ele>22.3</ele></trkpt><trkpt lat="37.121453" lon="127.065217"><time>2026-09-27T00:10:51.001Z</time><ele>23.14</ele></trkpt><trkpt lat="37.121224" lon="127.065173"><time>2026-09-27T00:10:52.001Z</time><ele>23.53</ele></trkpt><trkpt lat="37.120984" lon="127.065129"><time>2026-09-27T00:10:53.001Z</time><ele>23.43</ele></trkpt><trkpt lat="37.120732" lon="127.065087"><time>2026-09-27T00:10:54.001Z</time><ele>23.25</ele></trkpt><trkpt lat="37.120469" lon="127.065039"><time>2026-09-27T00:10:55.001Z</time><ele>23.14</ele></trkpt><trkpt lat="37.120198" lon="127.064991"><time>2026-09-27T00:10:56.001Z</time><ele>23.72</ele></trkpt><trkpt lat="37.119932" lon="127.064942"><time>2026-09-27T00:10:57.001Z</time><ele>22.87</ele></trkpt><trkpt lat="37.119667" lon="127.064895"><time>2026-09-27T00:10:58.001Z</time><ele>22.88</ele></trkpt><trkpt lat="37.119406" lon="127.064843"><time>2026-09-27T00:10:59.001Z</time><ele>23.66</ele></trkpt><trkpt lat="37.119156" lon="127.064797"><time>2026-09-27T00:11:00.002Z</time><ele>24.49</ele></trkpt><trkpt lat="37.118922" lon="127.064753"><time>2026-09-27T00:11:01.002Z</time><ele>24.71</ele></trkpt><trkpt lat="37.118705" lon="127.06471"><time>2026-09-27T00:11:02.002Z</time><ele>25.49</ele></trkpt><trkpt lat="37.118499" lon="127.064666"><time>2026-09-27T00:11:03.002Z</time><ele>25.56</ele></trkpt><trkpt lat="37.118297" lon="127.064625"><time>2026-09-27T00:11:04.002Z</time><ele>25.95</ele></trkpt><trkpt lat="37.118105" lon="127.064584"><time>2026-09-27T00:11:05.002Z</time><ele>26.29</ele></trkpt><trkpt lat="37.117926" lon="127.064541"><time>2026-09-27T00:11:06.002Z</time><ele>25.46</ele></trkpt><trkpt lat="37.117756" lon="127.064498"><time>2026-09-27T00:11:07.002Z</time><ele>24.64</ele></trkpt><trkpt lat="37.117593" lon="127.064458"><time>2026-09-27T00:11:08.002Z</time><ele>24.23</ele></trkpt><trkpt lat="37.117421" lon="127.064414"><time>2026-09-27T00:11:09.002Z</time><ele>23.88</ele></trkpt><trkpt lat="37.117245" lon="127.064371"><time>2026-09-27T00:11:10.002Z</time><ele>23.08</ele></trkpt><trkpt lat="37.117074" lon="127.064322"><time>2026-09-27T00:11:11.002Z</time><ele>22.42</ele></trkpt><trkpt lat="37.116906" lon="127.064277"><time>2026-09-27T00:11:12.002Z</time><ele>21.1</ele></trkpt><trkpt lat="37.116733" lon="127.064227"><time>2026-09-27T00:11:13.002Z</time><ele>20.53</ele></trkpt><trkpt lat="37.116556" lon="127.064171"><time>2026-09-27T00:11:14.002Z</time><ele>20.05</ele></trkpt><trkpt lat="37.116379" lon="127.064118"><time>2026-09-27T00:11:15.002Z</time><ele>19.09</ele></trkpt><trkpt lat="37.116202" lon="127.064062"><time>2026-09-27T00:11:16.002Z</time><ele>18.78</ele></trkpt><trkpt lat="37.116015" lon="127.064009"><time>2026-09-27T00:11:17.002Z</time><ele>18.52</ele></trkpt><trkpt lat="37.115828" lon="127.063959"><time>2026-09-27T00:11:18.002Z</time><ele>18.18</ele></trkpt><trkpt lat="37.115641" lon="127.063902"><time>2026-09-27T00:11:19.002Z</time><ele>17.94</ele></trkpt><trkpt lat="37.115452" lon="127.063849"><time>2026-09-27T00:11:20.002Z</time><ele>18.11</ele></trkpt><trkpt lat="37.11526" lon="127.063793"><time>2026-09-27T00:11:21.002Z</time><ele>18.25</ele></trkpt><trkpt lat="37.115065" lon="127.063734"><time>2026-09-27T00:11:22.000Z</time><ele>18.33</ele></trkpt><trkpt lat="37.114864" lon="127.063674"><time>2026-09-27T00:11:23.000Z</time><ele>18.3</ele></trkpt><trkpt lat="37.114659" lon="127.063613"><time>2026-09-27T00:11:24.000Z</time><ele>18.59</ele></trkpt><trkpt lat="37.114443" lon="127.063582"><time>2026-09-27T00:11:25.000Z</time><ele>18.72</ele></trkpt><trkpt lat="37.114236" lon="127.063495"><time>2026-09-27T00:11:26.000Z</time><ele>19.22</ele></trkpt><trkpt lat="37.114021" lon="127.063428"><time>2026-09-27T00:11:27.000Z</time><ele>19.59</ele></trkpt><trkpt lat="37.113808" lon="127.06336"><time>2026-09-27T00:11:28.000Z</time><ele>19.75</ele></trkpt><trkpt lat="37.113593" lon="127.063304"><time>2026-09-27T00:11:29.000Z</time><ele>19.85</ele></trkpt><trkpt lat="37.113374" lon="127.063246"><time>2026-09-27T00:11:30.000Z</time><ele>20.19</ele></trkpt><trkpt lat="37.113166" lon="127.06318"><time>2026-09-27T00:11:31.000Z</time><ele>20.66</ele></trkpt><trkpt lat="37.112956" lon="127.063123"><time>2026-09-27T00:11:32.000Z</time><ele>20.74</ele></trkpt><trkpt lat="37.112744" lon="127.063069"><time>2026-09-27T00:11:33.000Z</time><ele>21.08</ele></trkpt><trkpt lat="37.112533" lon="127.063021"><time>2026-09-27T00:11:34.000Z</time><ele>21.45</ele></trkpt><trkpt lat="37.112321" lon="127.062983"><time>2026-09-27T00:11:35.000Z</time><ele>21.45</ele></trkpt><trkpt lat="37.112108" lon="127.062949"><time>2026-09-27T00:11:36.000Z</time><ele>21.57</ele></trkpt><trkpt lat="37.111892" lon="127.062931"><time>2026-09-27T00:11:37.000Z</time><ele>21.68</ele></trkpt><trkpt lat="37.111677" lon="127.06292"><time>2026-09-27T00:11:38.000Z</time><ele>21.94</ele></trkpt><trkpt lat="37.11146" lon="127.062919"><time>2026-09-27T00:11:39.000Z</time><ele>21.82</ele></trkpt><trkpt lat="37.111249" lon="127.062932"><time>2026-09-27T00:11:40.000Z</time><ele>21.51</ele></trkpt><trkpt lat="37.111037" lon="127.062955"><time>2026-09-27T00:11:41.000Z</time><ele>21.4</ele></trkpt><trkpt lat="37.110826" lon="127.062987"><time>2026-09-27T00:11:42.000Z</time><ele>21.02</ele></trkpt><trkpt lat="37.11062" lon="127.063039"><time>2026-09-27T00:11:43.000Z</time><ele>20.57</ele></trkpt><trkpt lat="37.110402" lon="127.063097"><time>2026-09-27T00:11:44.000Z</time><ele>20.58</ele></trkpt><trkpt lat="37.110168" lon="127.063161"><time>2026-09-27T00:11:45.000Z</time><ele>20.02</ele></trkpt><trkpt lat="37.109917" lon="127.063235"><time>2026-09-27T00:11:46.000Z</time><ele>19.98</ele></trkpt><trkpt lat="37.109669" lon="127.063311"><time>2026-09-27T00:11:47.000Z</time><ele>19.4</ele></trkpt><trkpt lat="37.109419" lon="127.063385"><time>2026-09-27T00:11:48.000Z</time><ele>19.07</ele></trkpt><trkpt lat="37.109163" lon="127.063458"><time>2026-09-27T00:11:49.000Z</time><ele>18.6</ele></trkpt><trkpt lat="37.108906" lon="127.063535"><time>2026-09-27T00:11:50.000Z</time><ele>18.09</ele></trkpt><trkpt lat="37.10864" lon="127.063621"><time>2026-09-27T00:11:51.000Z</time><ele>17.44</ele></trkpt><trkpt lat="37.108362" lon="127.063671"><time>2026-09-27T00:11:52.000Z</time><ele>17.3</ele></trkpt><trkpt lat="37.10808" lon="127.0637"><time>2026-09-27T00:11:53.000Z</time><ele>16.88</ele></trkpt><trkpt lat="37.107796" lon="127.063696"><time>2026-09-27T00:11:54.000Z</time><ele>17.72</ele></trkpt><trkpt lat="37.107523" lon="127.063726"><time>2026-09-27T00:11:55.000Z</time><ele>18.28</ele></trkpt><trkpt lat="37.107268" lon="127.063731"><time>2026-09-27T00:11:56.001Z</time><ele>17.59</ele></trkpt><trkpt lat="37.107015" lon="127.063729"><time>2026-09-27T00:11:57.001Z</time><ele>18.26</ele></trkpt><trkpt lat="37.106762" lon="127.063722"><time>2026-09-27T00:11:58.001Z</time><ele>17.87</ele></trkpt><trkpt lat="37.106507" lon="127.063715"><time>2026-09-27T00:11:59.001Z</time><ele>18.6</ele></trkpt><trkpt lat="37.106251" lon="127.06371"><time>2026-09-27T00:12:00.001Z</time><ele>18.86</ele></trkpt><trkpt lat="37.105996" lon="127.063706"><time>2026-09-27T00:12:01.001Z</time><ele>19.4</ele></trkpt><trkpt lat="37.105732" lon="127.063692"><time>2026-09-27T00:12:02.001Z</time><ele>18.87</ele></trkpt><trkpt lat="37.105458" lon="127.063698"><time>2026-09-27T00:12:03.001Z</time><ele>18.67</ele></trkpt><trkpt lat="37.105182" lon="127.063697"><time>2026-09-27T00:12:04.001Z</time><ele>18.25</ele></trkpt><trkpt lat="37.104915" lon="127.063738"><time>2026-09-27T00:12:05.001Z</time><ele>18.23</ele></trkpt><trkpt lat="37.104665" lon="127.063682"><time>2026-09-27T00:12:06.001Z</time><ele>18.06</ele></trkpt><trkpt lat="37.104434" lon="127.063673"><time>2026-09-27T00:12:07.001Z</time><ele>17.21</ele></trkpt><trkpt lat="37.104213" lon="127.063668"><time>2026-09-27T00:12:08.001Z</time><ele>16.85</ele></trkpt><trkpt lat="37.103997" lon="127.063674"><time>2026-09-27T00:12:09.001Z</time><ele>16.14</ele></trkpt><trkpt lat="37.103765" lon="127.063672"><time>2026-09-27T00:12:10.001Z</time><ele>16.71</ele></trkpt><trkpt lat="37.103554" lon="127.063677"><time>2026-09-27T00:12:11.001Z</time><ele>17.53</ele></trkpt><trkpt lat="37.103344" lon="127.0637"><time>2026-09-27T00:12:12.001Z</time><ele>18.49</ele></trkpt><trkpt lat="37.103146" lon="127.063711"><time>2026-09-27T00:12:13.001Z</time><ele>18.45</ele></trkpt><trkpt lat="37.102936" lon="127.063714"><time>2026-09-27T00:12:14.001Z</time><ele>18.73</ele></trkpt><trkpt lat="37.102711" lon="127.063704"><time>2026-09-27T00:12:15.001Z</time><ele>19.99</ele></trkpt><trkpt lat="37.102469" lon="127.063702"><time>2026-09-27T00:12:16.001Z</time><ele>21.16</ele></trkpt><trkpt lat="37.102232" lon="127.063705"><time>2026-09-27T00:12:17.001Z</time><ele>22.66</ele></trkpt><trkpt lat="37.102019" lon="127.063722"><time>2026-09-27T00:12:18.001Z</time><ele>24.04</ele></trkpt><trkpt lat="37.101792" lon="127.063766"><time>2026-09-27T00:12:19.001Z</time><ele>25.29</ele></trkpt><trkpt lat="37.10156" lon="127.06382"><time>2026-09-27T00:12:20.001Z</time><ele>26.61</ele></trkpt><trkpt lat="37.101316" lon="127.063864"><time>2026-09-27T00:12:21.001Z</time><ele>27.52</ele></trkpt><trkpt lat="37.101068" lon="127.063943"><time>2026-09-27T00:12:22.001Z</time><ele>28.51</ele></trkpt><trkpt lat="37.10083" lon="127.064011"><time>2026-09-27T00:12:23.001Z</time><ele>27.81</ele></trkpt><trkpt lat="37.100581" lon="127.064079"><time>2026-09-27T00:12:24.001Z</time><ele>27.44</ele></trkpt><trkpt lat="37.100323" lon="127.064145"><time>2026-09-27T00:12:25.001Z</time><ele>26.77</ele></trkpt><trkpt lat="37.100081" lon="127.064195"><time>2026-09-27T00:12:26.001Z</time><ele>26.17</ele></trkpt><trkpt lat="37.099852" lon="127.064226"><time>2026-09-27T00:12:27.001Z</time><ele>25.83</ele></trkpt><trkpt lat="37.099641" lon="127.064227"><time>2026-09-27T00:12:28.001Z</time><ele>24.66</ele></trkpt><trkpt lat="37.09945" lon="127.064209"><time>2026-09-27T00:12:29.001Z</time><ele>23.54</ele></trkpt><trkpt lat="37.099269" lon="127.06419"><time>2026-09-27T00:12:30.001Z</time><ele>23.15</ele></trkpt><trkpt lat="37.099111" lon="127.064172"><time>2026-09-27T00:12:31.001Z</time><ele>21.76</ele></trkpt><trkpt lat="37.098963" lon="127.06415"><time>2026-09-27T00:12:32.001Z</time><ele>21.6</ele></trkpt><trkpt lat="37.098835" lon="127.064132"><time>2026-09-27T00:12:33.001Z</time><ele>21.75</ele></trkpt><trkpt lat="37.098722" lon="127.064119"><time>2026-09-27T00:12:34.001Z</time><ele>21.8</ele></trkpt><trkpt lat="37.098624" lon="127.06411"><time>2026-09-27T00:12:35.001Z</time><ele>18.87</ele></trkpt><trkpt lat="37.098534" lon="127.064097"><time>2026-09-27T00:12:36.001Z</time><ele>18.24</ele></trkpt><trkpt lat="37.098456" lon="127.064086"><time>2026-09-27T00:12:37.001Z</time><ele>17.47</ele></trkpt><trkpt lat="37.098384" lon="127.064078"><time>2026-09-27T00:12:38.001Z</time><ele>17</ele></trkpt><trkpt lat="37.098325" lon="127.06407"><time>2026-09-27T00:12:39.001Z</time><ele>16.57</ele></trkpt><trkpt lat="37.098273" lon="127.064061"><time>2026-09-27T00:12:40.001Z</time><ele>16.45</ele></trkpt><trkpt lat="37.098224" lon="127.064051"><time>2026-09-27T00:12:43.001Z</time><ele>16.54</ele></trkpt><trkpt lat="37.098161" lon="127.064039"><time>2026-09-27T00:13:23.002Z</time><ele>21.08</ele></trkpt><trkpt lat="37.098112" lon="127.064037"><time>2026-09-27T00:13:24.002Z</time><ele>21.03</ele></trkpt><trkpt lat="37.098048" lon="127.064031"><time>2026-09-27T00:13:26.002Z</time><ele>21.11</ele></trkpt><trkpt lat="37.097956" lon="127.064017"><time>2026-09-27T00:13:28.000Z</time><ele>21.44</ele></trkpt><trkpt lat="37.097899" lon="127.064015"><time>2026-09-27T00:13:29.000Z</time><ele>21.47</ele></trkpt><trkpt lat="37.097831" lon="127.064007"><time>2026-09-27T00:13:30.000Z</time><ele>21.55</ele></trkpt><trkpt lat="37.097756" lon="127.063993"><time>2026-09-27T00:13:31.000Z</time><ele>21.95</ele></trkpt><trkpt lat="37.097674" lon="127.063985"><time>2026-09-27T00:13:32.000Z</time><ele>21.91</ele></trkpt><trkpt lat="37.097591" lon="127.063974"><time>2026-09-27T00:13:33.000Z</time><ele>21.57</ele></trkpt><trkpt lat="37.09749" lon="127.063964"><time>2026-09-27T00:13:34.000Z</time><ele>21.77</ele></trkpt><trkpt lat="37.097385" lon="127.06395"><time>2026-09-27T00:13:35.000Z</time><ele>21.65</ele></trkpt><trkpt lat="37.097273" lon="127.063941"><time>2026-09-27T00:13:36.000Z</time><ele>21.66</ele></trkpt><trkpt lat="37.097151" lon="127.063925"><time>2026-09-27T00:13:37.000Z</time><ele>21.71</ele></trkpt><trkpt lat="37.097018" lon="127.06391"><time>2026-09-27T00:13:38.000Z</time><ele>21.83</ele></trkpt><trkpt lat="37.096879" lon="127.063895"><time>2026-09-27T00:13:39.000Z</time><ele>21.5</ele></trkpt><trkpt lat="37.096734" lon="127.063876"><time>2026-09-27T00:13:40.000Z</time><ele>21.32</ele></trkpt><trkpt lat="37.096586" lon="127.063858"><time>2026-09-27T00:13:41.000Z</time><ele>21.13</ele></trkpt><trkpt lat="37.096431" lon="127.06384"><time>2026-09-27T00:13:42.000Z</time><ele>20.77</ele></trkpt><trkpt lat="37.096281" lon="127.063821"><time>2026-09-27T00:13:43.000Z</time><ele>20.33</ele></trkpt><trkpt lat="37.096141" lon="127.063802"><time>2026-09-27T00:13:44.000Z</time><ele>20.36</ele></trkpt><trkpt lat="37.095993" lon="127.063784"><time>2026-09-27T00:13:45.000Z</time><ele>19.96</ele></trkpt><trkpt lat="37.09584" lon="127.063765"><time>2026-09-27T00:13:46.000Z</time><ele>19.87</ele></trkpt><trkpt lat="37.095682" lon="127.063745"><time>2026-09-27T00:13:47.000Z</time><ele>20.32</ele></trkpt><trkpt lat="37.095519" lon="127.063724"><time>2026-09-27T00:13:48.000Z</time><ele>20.62</ele></trkpt><trkpt lat="37.095352" lon="127.063702"><time>2026-09-27T00:13:49.000Z</time><ele>20.76</ele></trkpt><trkpt lat="37.095183" lon="127.063682"><time>2026-09-27T00:13:50.000Z</time><ele>20.59</ele></trkpt><trkpt lat="37.095012" lon="127.063659"><time>2026-09-27T00:13:51.000Z</time><ele>20.84</ele></trkpt><trkpt lat="37.094839" lon="127.063637"><time>2026-09-27T00:13:52.000Z</time><ele>20.51</ele></trkpt><trkpt lat="37.094662" lon="127.063614"><time>2026-09-27T00:13:53.000Z</time><ele>20.54</ele></trkpt><trkpt lat="37.094489" lon="127.06359"><time>2026-09-27T00:13:54.000Z</time><ele>20.41</ele></trkpt><trkpt lat="37.09433" lon="127.063563"><time>2026-09-27T00:13:55.000Z</time><ele>20.25</ele></trkpt><trkpt lat="37.094165" lon="127.063535"><time>2026-09-27T00:13:56.000Z</time><ele>20.71</ele></trkpt><trkpt lat="37.094" lon="127.06351"><time>2026-09-27T00:13:57.000Z</time><ele>20.64</ele></trkpt><trkpt lat="37.093826" lon="127.063483"><time>2026-09-27T00:13:58.000Z</time><ele>20.27</ele></trkpt><trkpt lat="37.093649" lon="127.063457"><time>2026-09-27T00:13:59.000Z</time><ele>20.42</ele></trkpt><trkpt lat="37.093478" lon="127.063431"><time>2026-09-27T00:14:00.000Z</time><ele>20.58</ele></trkpt><trkpt lat="37.093308" lon="127.063407"><time>2026-09-27T00:14:01.000Z</time><ele>20.68</ele></trkpt><trkpt lat="37.093146" lon="127.063384"><time>2026-09-27T00:14:02.000Z</time><ele>20.04</ele></trkpt><trkpt lat="37.092978" lon="127.063362"><time>2026-09-27T00:14:03.000Z</time><ele>20.25</ele></trkpt><trkpt lat="37.0928" lon="127.063339"><time>2026-09-27T00:14:04.001Z</time><ele>19.75</ele></trkpt><trkpt lat="37.092619" lon="127.063306"><time>2026-09-27T00:14:05.001Z</time><ele>20.58</ele></trkpt><trkpt lat="37.092448" lon="127.063276"><time>2026-09-27T00:14:06.001Z</time><ele>20.19</ele></trkpt><trkpt lat="37.092283" lon="127.063251"><time>2026-09-27T00:14:07.001Z</time><ele>20.53</ele></trkpt><trkpt lat="37.09212" lon="127.063221"><time>2026-09-27T00:14:08.001Z</time><ele>20.44</ele></trkpt><trkpt lat="37.091963" lon="127.063189"><time>2026-09-27T00:14:09.001Z</time><ele>20.13</ele></trkpt><trkpt lat="37.091802" lon="127.063159"><time>2026-09-27T00:14:10.001Z</time><ele>20.73</ele></trkpt><trkpt lat="37.091647" lon="127.063132"><time>2026-09-27T00:14:11.001Z</time><ele>20.73</ele></trkpt><trkpt lat="37.091501" lon="127.063106"><time>2026-09-27T00:14:12.001Z</time><ele>21.05</ele></trkpt><trkpt lat="37.091354" lon="127.063083"><time>2026-09-27T00:14:13.001Z</time><ele>20.75</ele></trkpt><trkpt lat="37.09121" lon="127.063061"><time>2026-09-27T00:14:14.001Z</time><ele>20.59</ele></trkpt><trkpt lat="37.091061" lon="127.063039"><time>2026-09-27T00:14:15.001Z</time><ele>20.47</ele></trkpt><trkpt lat="37.090906" lon="127.063019"><time>2026-09-27T00:14:16.001Z</time><ele>20.29</ele></trkpt><trkpt lat="37.090751" lon="127.063003"><time>2026-09-27T00:14:17.001Z</time><ele>19.83</ele></trkpt><trkpt lat="37.090607" lon="127.062986"><time>2026-09-27T00:14:18.001Z</time><ele>19.48</ele></trkpt><trkpt lat="37.090456" lon="127.062965"><time>2026-09-27T00:14:19.001Z</time><ele>19.41</ele></trkpt><trkpt lat="37.090306" lon="127.062946"><time>2026-09-27T00:14:20.001Z</time><ele>19.52</ele></trkpt><trkpt lat="37.090158" lon="127.062929"><time>2026-09-27T00:14:21.001Z</time><ele>19.26</ele></trkpt><trkpt lat="37.090005" lon="127.06291"><time>2026-09-27T00:14:22.001Z</time><ele>19.33</ele></trkpt><trkpt lat="37.089853" lon="127.062892"><time>2026-09-27T00:14:23.001Z</time><ele>19.03</ele></trkpt><trkpt lat="37.089696" lon="127.062874"><time>2026-09-27T00:14:24.001Z</time><ele>19.63</ele></trkpt><trkpt lat="37.089537" lon="127.062855"><time>2026-09-27T00:14:25.001Z</time><ele>20.35</ele></trkpt><trkpt lat="37.089385" lon="127.062836"><time>2026-09-27T00:14:26.001Z</time><ele>20.18</ele></trkpt><trkpt lat="37.089242" lon="127.062821"><time>2026-09-27T00:14:27.001Z</time><ele>20.41</ele></trkpt><trkpt lat="37.089104" lon="127.062811"><time>2026-09-27T00:14:28.001Z</time><ele>20.19</ele></trkpt><trkpt lat="37.088969" lon="127.062801"><time>2026-09-27T00:14:29.001Z</time><ele>20.35</ele></trkpt><trkpt lat="37.088845" lon="127.06279"><time>2026-09-27T00:14:30.001Z</time><ele>20.27</ele></trkpt><trkpt lat="37.088728" lon="127.062783"><time>2026-09-27T00:14:31.001Z</time><ele>20.04</ele></trkpt><trkpt lat="37.088619" lon="127.062773"><time>2026-09-27T00:14:32.001Z</time><ele>20.5</ele></trkpt><trkpt lat="37.088515" lon="127.062761"><time>2026-09-27T00:14:33.001Z</time><ele>20.5</ele></trkpt><trkpt lat="37.0884" lon="127.062738"><time>2026-09-27T00:14:34.001Z</time><ele>20.55</ele></trkpt><trkpt lat="37.088282" lon="127.062714"><time>2026-09-27T00:14:35.001Z</time><ele>21</ele></trkpt><trkpt lat="37.08816" lon="127.062692"><time>2026-09-27T00:14:36.001Z</time><ele>21.28</ele></trkpt><trkpt lat="37.08803" lon="127.062671"><time>2026-09-27T00:14:37.001Z</time><ele>21.56</ele></trkpt><trkpt lat="37.087898" lon="127.062652"><time>2026-09-27T00:14:38.001Z</time><ele>21.79</ele></trkpt><trkpt lat="37.087764" lon="127.06263"><time>2026-09-27T00:14:39.001Z</time><ele>22.19</ele></trkpt><trkpt lat="37.087631" lon="127.062612"><time>2026-09-27T00:14:40.001Z</time><ele>22.85</ele></trkpt><trkpt lat="37.087496" lon="127.06259"><time>2026-09-27T00:14:41.001Z</time><ele>23.33</ele></trkpt><trkpt lat="37.087361" lon="127.062567"><time>2026-09-27T00:14:42.001Z</time><ele>24.09</ele></trkpt><trkpt lat="37.087225" lon="127.062546"><time>2026-09-27T00:14:43.001Z</time><ele>25.04</ele></trkpt><trkpt lat="37.08709" lon="127.062525"><time>2026-09-27T00:14:44.001Z</time><ele>25.61</ele></trkpt><trkpt lat="37.086956" lon="127.062506"><time>2026-09-27T00:14:45.001Z</time><ele>26.31</ele></trkpt><trkpt lat="37.086817" lon="127.062486"><time>2026-09-27T00:14:46.001Z</time><ele>26.96</ele></trkpt><trkpt lat="37.086672" lon="127.062462"><time>2026-09-27T00:14:47.001Z</time><ele>28.29</ele></trkpt><trkpt lat="37.086522" lon="127.062431"><time>2026-09-27T00:14:48.001Z</time><ele>28.92</ele></trkpt><trkpt lat="37.086362" lon="127.062404"><time>2026-09-27T00:14:49.001Z</time><ele>30.1</ele></trkpt><trkpt lat="37.086192" lon="127.062376"><time>2026-09-27T00:14:50.001Z</time><ele>31.43</ele></trkpt><trkpt lat="37.086013" lon="127.062347"><time>2026-09-27T00:14:51.001Z</time><ele>32.47</ele></trkpt><trkpt lat="37.085825" lon="127.062314"><time>2026-09-27T00:14:52.001Z</time><ele>33.53</ele></trkpt><trkpt lat="37.085631" lon="127.062282"><time>2026-09-27T00:14:53.001Z</time><ele>35.49</ele></trkpt><trkpt lat="37.085437" lon="127.062254"><time>2026-09-27T00:14:54.001Z</time><ele>35.67</ele></trkpt><trkpt lat="37.085244" lon="127.062222"><time>2026-09-27T00:14:55.001Z</time><ele>36.74</ele></trkpt><trkpt lat="37.085058" lon="127.062192"><time>2026-09-27T00:14:56.001Z</time><ele>37.06</ele></trkpt><trkpt lat="37.084885" lon="127.062164"><time>2026-09-27T00:14:57.001Z</time><ele>36.8</ele></trkpt><trkpt lat="37.084714" lon="127.062135"><time>2026-09-27T00:14:58.001Z</time><ele>36.94</ele></trkpt><trkpt lat="37.084548" lon="127.062116"><time>2026-09-27T00:14:59.001Z</time><ele>36.96</ele></trkpt><trkpt lat="37.08439" lon="127.062105"><time>2026-09-27T00:15:00.001Z</time><ele>36.93</ele></trkpt><trkpt lat="37.08424" lon="127.062091"><time>2026-09-27T00:15:01.001Z</time><ele>36.76</ele></trkpt><trkpt lat="37.084094" lon="127.06208"><time>2026-09-27T00:15:02.001Z</time><ele>35.71</ele></trkpt><trkpt lat="37.083954" lon="127.062078"><time>2026-09-27T00:15:03.001Z</time><ele>34.89</ele></trkpt><trkpt lat="37.083319" lon="127.062076"><time>2026-09-27T00:15:08.001Z</time><ele>31.21</ele></trkpt><trkpt lat="37.083216" lon="127.062077"><time>2026-09-27T00:15:09.001Z</time><ele>30.54</ele></trkpt><trkpt lat="37.083119" lon="127.06208"><time>2026-09-27T00:15:10.001Z</time><ele>29.86</ele></trkpt><trkpt lat="37.083033" lon="127.062086"><time>2026-09-27T00:15:11.001Z</time><ele>29.19</ele></trkpt><trkpt lat="37.082964" lon="127.062091"><time>2026-09-27T00:15:12.001Z</time><ele>28.67</ele></trkpt><trkpt lat="37.082904" lon="127.062095"><time>2026-09-27T00:15:13.001Z</time><ele>28.31</ele></trkpt><trkpt lat="37.082857" lon="127.062104"><time>2026-09-27T00:15:14.001Z</time><ele>28.15</ele></trkpt><trkpt lat="37.082786" lon="127.062109"><time>2026-09-27T00:15:16.001Z</time><ele>27.82</ele></trkpt><trkpt lat="37.082737" lon="127.062128"><time>2026-09-27T00:15:19.001Z</time><ele>28.58</ele></trkpt><trkpt lat="37.082673" lon="127.062148"><time>2026-09-27T00:15:28.001Z</time><ele>32.44</ele></trkpt><trkpt lat="37.082627" lon="127.062152"><time>2026-09-27T00:15:33.002Z</time><ele>35.13</ele></trkpt><trkpt lat="37.082581" lon="127.062156"><time>2026-09-27T00:15:51.000Z</time><ele>41.84</ele></trkpt><trkpt lat="37.082515" lon="127.062162"><time>2026-09-27T00:16:13.000Z</time><ele>42.38</ele></trkpt><trkpt lat="37.082421" lon="127.062181"><time>2026-09-27T00:16:15.000Z</time><ele>42.11</ele></trkpt><trkpt lat="37.082359" lon="127.062176"><time>2026-09-27T00:16:16.001Z</time><ele>41.88</ele></trkpt><trkpt lat="37.082287" lon="127.062188"><time>2026-09-27T00:16:17.001Z</time><ele>41.43</ele></trkpt><trkpt lat="37.082214" lon="127.062201"><time>2026-09-27T00:16:18.001Z</time><ele>40.83</ele></trkpt><trkpt lat="37.082133" lon="127.06221"><time>2026-09-27T00:16:19.001Z</time><ele>40.11</ele></trkpt><trkpt lat="37.082047" lon="127.062219"><time>2026-09-27T00:16:20.001Z</time><ele>39.55</ele></trkpt><trkpt lat="37.081963" lon="127.062229"><time>2026-09-27T00:16:21.001Z</time><ele>39.03</ele></trkpt><trkpt lat="37.081886" lon="127.062238"><time>2026-09-27T00:16:22.001Z</time><ele>38.76</ele></trkpt><trkpt lat="37.081799" lon="127.062257"><time>2026-09-27T00:16:23.001Z</time><ele>38.3</ele></trkpt><trkpt lat="37.081696" lon="127.062269"><time>2026-09-27T00:16:24.001Z</time><ele>38</ele></trkpt><trkpt lat="37.081581" lon="127.062287"><time>2026-09-27T00:16:25.001Z</time><ele>37.46</ele></trkpt><trkpt lat="37.081461" lon="127.062308"><time>2026-09-27T00:16:26.001Z</time><ele>36.78</ele></trkpt><trkpt lat="37.081336" lon="127.062335"><time>2026-09-27T00:16:27.001Z</time><ele>37.14</ele></trkpt><trkpt lat="37.081214" lon="127.062359"><time>2026-09-27T00:16:28.001Z</time><ele>36.8</ele></trkpt><trkpt lat="37.081102" lon="127.062382"><time>2026-09-27T00:16:29.001Z</time><ele>36.5</ele></trkpt><trkpt lat="37.080977" lon="127.062408"><time>2026-09-27T00:16:30.001Z</time><ele>36</ele></trkpt><trkpt lat="37.080851" lon="127.062435"><time>2026-09-27T00:16:31.001Z</time><ele>35.56</ele></trkpt><trkpt lat="37.080735" lon="127.062468"><time>2026-09-27T00:16:32.001Z</time><ele>34.71</ele></trkpt><trkpt lat="37.080622" lon="127.062498"><time>2026-09-27T00:16:33.001Z</time><ele>34.36</ele></trkpt><trkpt lat="37.080507" lon="127.062522"><time>2026-09-27T00:16:34.001Z</time><ele>35.19</ele></trkpt><trkpt lat="37.080404" lon="127.062551"><time>2026-09-27T00:16:35.001Z</time><ele>34.79</ele></trkpt><trkpt lat="37.080305" lon="127.062579"><time>2026-09-27T00:16:36.001Z</time><ele>34.84</ele></trkpt><trkpt lat="37.080211" lon="127.062594"><time>2026-09-27T00:16:37.001Z</time><ele>34.46</ele></trkpt><trkpt lat="37.080114" lon="127.062625"><time>2026-09-27T00:16:38.001Z</time><ele>34.5</ele></trkpt><trkpt lat="37.080007" lon="127.062658"><time>2026-09-27T00:16:39.001Z</time><ele>35.58</ele></trkpt><trkpt lat="37.079902" lon="127.0627"><time>2026-09-27T00:16:40.001Z</time><ele>36.42</ele></trkpt><trkpt lat="37.079798" lon="127.06274"><time>2026-09-27T00:16:41.001Z</time><ele>36.29</ele></trkpt><trkpt lat="37.079693" lon="127.062779"><time>2026-09-27T00:16:42.001Z</time><ele>36.08</ele></trkpt><trkpt lat="37.079605" lon="127.062822"><time>2026-09-27T00:16:43.001Z</time><ele>35.66</ele></trkpt><trkpt lat="37.079513" lon="127.062855"><time>2026-09-27T00:16:44.001Z</time><ele>35.57</ele></trkpt><trkpt lat="37.079432" lon="127.062893"><time>2026-09-27T00:16:45.001Z</time><ele>35.36</ele></trkpt><trkpt lat="37.079356" lon="127.062929"><time>2026-09-27T00:16:46.001Z</time><ele>35.11</ele></trkpt><trkpt lat="37.079271" lon="127.062978"><time>2026-09-27T00:16:47.001Z</time><ele>34.7</ele></trkpt><trkpt lat="37.079178" lon="127.063032"><time>2026-09-27T00:16:48.001Z</time><ele>34.92</ele></trkpt><trkpt lat="37.079075" lon="127.063085"><time>2026-09-27T00:16:49.001Z</time><ele>35.65</ele></trkpt><trkpt lat="37.078973" lon="127.063142"><time>2026-09-27T00:16:50.001Z</time><ele>36.45</ele></trkpt><trkpt lat="37.078867" lon="127.063199"><time>2026-09-27T00:16:51.001Z</time><ele>36.24</ele></trkpt><trkpt lat="37.07876" lon="127.063259"><time>2026-09-27T00:16:52.001Z</time><ele>37.17</ele></trkpt><trkpt lat="37.078654" lon="127.063322"><time>2026-09-27T00:16:53.001Z</time><ele>36.93</ele></trkpt><trkpt lat="37.078545" lon="127.063388"><time>2026-09-27T00:16:54.001Z</time><ele>37.12</ele></trkpt><trkpt lat="37.078438" lon="127.063435"><time>2026-09-27T00:16:55.001Z</time><ele>37.02</ele></trkpt><trkpt lat="37.078329" lon="127.063499"><time>2026-09-27T00:16:56.001Z</time><ele>37.62</ele></trkpt><trkpt lat="37.078215" lon="127.063559"><time>2026-09-27T00:16:57.001Z</time><ele>38.09</ele></trkpt><trkpt lat="37.078095" lon="127.063624"><time>2026-09-27T00:16:58.001Z</time><ele>38.12</ele></trkpt><trkpt lat="37.077975" lon="127.063687"><time>2026-09-27T00:16:59.001Z</time><ele>38.5</ele></trkpt><trkpt lat="37.077853" lon="127.063758"><time>2026-09-27T00:17:00.001Z</time><ele>38.98</ele></trkpt><trkpt lat="37.077739" lon="127.063842"><time>2026-09-27T00:17:01.001Z</time><ele>39.31</ele></trkpt><trkpt lat="37.077628" lon="127.063915"><time>2026-09-27T00:17:02.001Z</time><ele>39.22</ele></trkpt><trkpt lat="37.077514" lon="127.064004"><time>2026-09-27T00:17:03.001Z</time><ele>39.75</ele></trkpt><trkpt lat="37.07739" lon="127.064061"><time>2026-09-27T00:17:04.001Z</time><ele>39.69</ele></trkpt><trkpt lat="37.077265" lon="127.064134"><time>2026-09-27T00:17:05.001Z</time><ele>41.08</ele></trkpt><trkpt lat="37.077144" lon="127.064212"><time>2026-09-27T00:17:06.001Z</time><ele>40.99</ele></trkpt><trkpt lat="37.077026" lon="127.064284"><time>2026-09-27T00:17:07.001Z</time><ele>40.67</ele></trkpt><trkpt lat="37.076904" lon="127.064356"><time>2026-09-27T00:17:08.001Z</time><ele>40.97</ele></trkpt><trkpt lat="37.076777" lon="127.06443"><time>2026-09-27T00:17:09.001Z</time><ele>42.28</ele></trkpt><trkpt lat="37.076649" lon="127.064504"><time>2026-09-27T00:17:10.001Z</time><ele>42.83</ele></trkpt><trkpt lat="37.076523" lon="127.064577"><time>2026-09-27T00:17:11.001Z</time><ele>43.32</ele></trkpt><trkpt lat="37.076395" lon="127.064647"><time>2026-09-27T00:17:12.001Z</time><ele>44.42</ele></trkpt><trkpt lat="37.076274" lon="127.064722"><time>2026-09-27T00:17:13.001Z</time><ele>44.81</ele></trkpt><trkpt lat="37.076152" lon="127.064788"><time>2026-09-27T00:17:14.001Z</time><ele>45.64</ele></trkpt><trkpt lat="37.076039" lon="127.064851"><time>2026-09-27T00:17:15.001Z</time><ele>45.63</ele></trkpt><trkpt lat="37.075927" lon="127.064916"><time>2026-09-27T00:17:16.001Z</time><ele>46.45</ele></trkpt><trkpt lat="37.07582" lon="127.064975"><time>2026-09-27T00:17:17.001Z</time><ele>46.84</ele></trkpt><trkpt lat="37.075715" lon="127.065037"><time>2026-09-27T00:17:18.001Z</time><ele>47.59</ele></trkpt><trkpt lat="37.075607" lon="127.065095"><time>2026-09-27T00:17:19.001Z</time><ele>48.05</ele></trkpt><trkpt lat="37.075496" lon="127.06516"><time>2026-09-27T00:17:20.001Z</time><ele>48.8</ele></trkpt><trkpt lat="37.075382" lon="127.065224"><time>2026-09-27T00:17:21.001Z</time><ele>49.69</ele></trkpt><trkpt lat="37.07527" lon="127.065289"><time>2026-09-27T00:17:22.001Z</time><ele>49.96</ele></trkpt><trkpt lat="37.075158" lon="127.065344"><time>2026-09-27T00:17:23.001Z</time><ele>49.42</ele></trkpt><trkpt lat="37.075045" lon="127.065413"><time>2026-09-27T00:17:24.001Z</time><ele>50.28</ele></trkpt><trkpt lat="37.074929" lon="127.065472"><time>2026-09-27T00:17:25.001Z</time><ele>50.71</ele></trkpt><trkpt lat="37.07481" lon="127.065537"><time>2026-09-27T00:17:26.001Z</time><ele>51.5</ele></trkpt><trkpt lat="37.074693" lon="127.065599"><time>2026-09-27T00:17:27.001Z</time><ele>51.66</ele></trkpt><trkpt lat="37.074572" lon="127.065659"><time>2026-09-27T00:17:28.001Z</time><ele>52.35</ele></trkpt><trkpt lat="37.074447" lon="127.065713"><time>2026-09-27T00:17:29.001Z</time><ele>53.22</ele></trkpt><trkpt lat="37.074322" lon="127.065762"><time>2026-09-27T00:17:30.001Z</time><ele>53.14</ele></trkpt><trkpt lat="37.07419" lon="127.065794"><time>2026-09-27T00:17:31.001Z</time><ele>53.38</ele></trkpt><trkpt lat="37.074051" lon="127.065834"><time>2026-09-27T00:17:32.001Z</time><ele>53.76</ele></trkpt><trkpt lat="37.073903" lon="127.06585"><time>2026-09-27T00:17:33.001Z</time><ele>54.3</ele></trkpt><trkpt lat="37.073732" lon="127.065867"><time>2026-09-27T00:17:34.001Z</time><ele>54.71</ele></trkpt><trkpt lat="37.073553" lon="127.065873"><time>2026-09-27T00:17:35.001Z</time><ele>55.89</ele></trkpt><trkpt lat="37.07337" lon="127.065856"><time>2026-09-27T00:17:36.001Z</time><ele>55.16</ele></trkpt><trkpt lat="37.073183" lon="127.065837"><time>2026-09-27T00:17:37.001Z</time><ele>55.56</ele></trkpt><trkpt lat="37.072457" lon="127.065608"><time>2026-09-27T00:17:42.000Z</time><ele>54</ele></trkpt><trkpt lat="37.072357" lon="127.065549"><time>2026-09-27T00:17:43.000Z</time><ele>53.89</ele></trkpt><trkpt lat="37.072268" lon="127.065499"><time>2026-09-27T00:17:44.000Z</time><ele>53.09</ele></trkpt><trkpt lat="37.072181" lon="127.065448"><time>2026-09-27T00:17:45.000Z</time><ele>53.01</ele></trkpt><trkpt lat="37.072107" lon="127.065398"><time>2026-09-27T00:17:46.000Z</time><ele>52.31</ele></trkpt><trkpt lat="37.072037" lon="127.065352"><time>2026-09-27T00:17:47.000Z</time><ele>52.36</ele></trkpt><trkpt lat="37.071972" lon="127.065313"><time>2026-09-27T00:17:48.000Z</time><ele>51.91</ele></trkpt><trkpt lat="37.071916" lon="127.065275"><time>2026-09-27T00:17:49.000Z</time><ele>51.98</ele></trkpt><trkpt lat="37.071866" lon="127.065235"><time>2026-09-27T00:17:50.000Z</time><ele>52.5</ele></trkpt><trkpt lat="37.071789" lon="127.065188"><time>2026-09-27T00:17:52.000Z</time><ele>52.33</ele></trkpt><trkpt lat="37.071728" lon="127.065146"><time>2026-09-27T00:17:54.000Z</time><ele>51.85</ele></trkpt><trkpt lat="37.07169" lon="127.065114"><time>2026-09-27T00:17:56.000Z</time><ele>52.3</ele></trkpt><trkpt lat="37.071636" lon="127.065105"><time>2026-09-27T00:18:44.001Z</time><ele>52.61</ele></trkpt><trkpt lat="37.071562" lon="127.065052"><time>2026-09-27T00:18:49.001Z</time><ele>52.4</ele></trkpt><trkpt lat="37.071514" lon="127.065018"><time>2026-09-27T00:18:50.001Z</time><ele>52.29</ele></trkpt><trkpt lat="37.071463" lon="127.064985"><time>2026-09-27T00:18:51.001Z</time><ele>52.28</ele></trkpt><trkpt lat="37.071408" lon="127.064946"><time>2026-09-27T00:18:52.001Z</time><ele>52.22</ele></trkpt><trkpt lat="37.071351" lon="127.064903"><time>2026-09-27T00:18:53.001Z</time><ele>52.23</ele></trkpt><trkpt lat="37.071282" lon="127.064855"><time>2026-09-27T00:18:54.001Z</time><ele>52.14</ele></trkpt><trkpt lat="37.071213" lon="127.064805"><time>2026-09-27T00:18:55.001Z</time><ele>51.91</ele></trkpt><trkpt lat="37.071141" lon="127.064749"><time>2026-09-27T00:18:56.001Z</time><ele>51.86</ele></trkpt><trkpt lat="37.071063" lon="127.064695"><time>2026-09-27T00:18:57.001Z</time><ele>51.97</ele></trkpt><trkpt lat="37.070977" lon="127.064644"><time>2026-09-27T00:18:58.001Z</time><ele>52</ele></trkpt><trkpt lat="37.070882" lon="127.064588"><time>2026-09-27T00:18:59.001Z</time><ele>51.89</ele></trkpt><trkpt lat="37.070791" lon="127.064533"><time>2026-09-27T00:19:00.001Z</time><ele>51.85</ele></trkpt><trkpt lat="37.070706" lon="127.064488"><time>2026-09-27T00:19:01.001Z</time><ele>52</ele></trkpt><trkpt lat="37.070623" lon="127.064458"><time>2026-09-27T00:19:02.001Z</time><ele>52.02</ele></trkpt><trkpt lat="37.070532" lon="127.064433"><time>2026-09-27T00:19:03.001Z</time><ele>52.33</ele></trkpt><trkpt lat="37.070436" lon="127.064418"><time>2026-09-27T00:19:04.001Z</time><ele>52.51</ele></trkpt><trkpt lat="37.070339" lon="127.064398"><time>2026-09-27T00:19:05.001Z</time><ele>52.72</ele></trkpt><trkpt lat="37.070242" lon="127.064388"><time>2026-09-27T00:19:06.001Z</time><ele>52.85</ele></trkpt><trkpt lat="37.070145" lon="127.064374"><time>2026-09-27T00:19:07.001Z</time><ele>53.07</ele></trkpt><trkpt lat="37.070056" lon="127.064362"><time>2026-09-27T00:19:08.001Z</time><ele>53.04</ele></trkpt><trkpt lat="37.069972" lon="127.064353"><time>2026-09-27T00:19:09.001Z</time><ele>52.05</ele></trkpt><trkpt lat="37.069884" lon="127.06433"><time>2026-09-27T00:19:10.001Z</time><ele>52</ele></trkpt><trkpt lat="37.069793" lon="127.064318"><time>2026-09-27T00:19:11.001Z</time><ele>52.64</ele></trkpt><trkpt lat="37.0697" lon="127.064299"><time>2026-09-27T00:19:12.001Z</time><ele>52.16</ele></trkpt><trkpt lat="37.069611" lon="127.064279"><time>2026-09-27T00:19:13.001Z</time><ele>53.07</ele></trkpt><trkpt lat="37.069528" lon="127.064263"><time>2026-09-27T00:19:14.001Z</time><ele>52.79</ele></trkpt><trkpt lat="37.069451" lon="127.06425"><time>2026-09-27T00:19:15.001Z</time><ele>52.89</ele></trkpt><trkpt lat="37.069367" lon="127.064237"><time>2026-09-27T00:19:16.001Z</time><ele>52.44</ele></trkpt><trkpt lat="37.069273" lon="127.064227"><time>2026-09-27T00:19:17.001Z</time><ele>52.79</ele></trkpt><trkpt lat="37.069174" lon="127.064219"><time>2026-09-27T00:19:18.001Z</time><ele>52.67</ele></trkpt><trkpt lat="37.069064" lon="127.0642"><time>2026-09-27T00:19:19.001Z</time><ele>53.03</ele></trkpt><trkpt lat="37.068955" lon="127.064189"><time>2026-09-27T00:19:20.001Z</time><ele>52.41</ele></trkpt><trkpt lat="37.068841" lon="127.064172"><time>2026-09-27T00:19:21.001Z</time><ele>52.23</ele></trkpt><trkpt lat="37.068729" lon="127.064161"><time>2026-09-27T00:19:22.001Z</time><ele>52.42</ele></trkpt><trkpt lat="37.068621" lon="127.064151"><time>2026-09-27T00:19:23.001Z</time><ele>51.98</ele></trkpt><trkpt lat="37.068507" lon="127.064142"><time>2026-09-27T00:19:24.001Z</time><ele>53.06</ele></trkpt><trkpt lat="37.06839" lon="127.064129"><time>2026-09-27T00:19:25.001Z</time><ele>52.36</ele></trkpt><trkpt lat="37.068269" lon="127.064115"><time>2026-09-27T00:19:26.001Z</time><ele>51.45</ele></trkpt><trkpt lat="37.068149" lon="127.0641"><time>2026-09-27T00:19:27.001Z</time><ele>51.89</ele></trkpt><trkpt lat="37.068026" lon="127.064081"><time>2026-09-27T00:19:28.001Z</time><ele>51.01</ele></trkpt><trkpt lat="37.067896" lon="127.064065"><time>2026-09-27T00:19:29.001Z</time><ele>50.86</ele></trkpt><trkpt lat="37.067771" lon="127.064041"><time>2026-09-27T00:19:30.001Z</time><ele>50.64</ele></trkpt><trkpt lat="37.067653" lon="127.064027"><time>2026-09-27T00:19:31.001Z</time><ele>51.32</ele></trkpt><trkpt lat="37.067531" lon="127.064009"><time>2026-09-27T00:19:32.001Z</time><ele>51.83</ele></trkpt><trkpt lat="37.067416" lon="127.063988"><time>2026-09-27T00:19:33.001Z</time><ele>51.69</ele></trkpt><trkpt lat="37.067294" lon="127.063966"><time>2026-09-27T00:19:34.001Z</time><ele>52.17</ele></trkpt><trkpt lat="37.067175" lon="127.063947"><time>2026-09-27T00:19:35.001Z</time><ele>52.81</ele></trkpt><trkpt lat="37.067063" lon="127.06393"><time>2026-09-27T00:19:36.001Z</time><ele>53.07</ele></trkpt><trkpt lat="37.066955" lon="127.063913"><time>2026-09-27T00:19:37.001Z</time><ele>52.7</ele></trkpt><trkpt lat="37.066837" lon="127.063901"><time>2026-09-27T00:19:38.001Z</time><ele>51.79</ele></trkpt><trkpt lat="37.066709" lon="127.063884"><time>2026-09-27T00:19:39.001Z</time><ele>52.34</ele></trkpt><trkpt lat="37.06657" lon="127.06387"><time>2026-09-27T00:19:40.001Z</time><ele>52.6</ele></trkpt><trkpt lat="37.06644" lon="127.063857"><time>2026-09-27T00:19:41.001Z</time><ele>52.57</ele></trkpt><trkpt lat="37.066305" lon="127.063847"><time>2026-09-27T00:19:42.001Z</time><ele>52.77</ele></trkpt><trkpt lat="37.066183" lon="127.063827"><time>2026-09-27T00:19:43.001Z</time><ele>51.65</ele></trkpt><trkpt lat="37.06605" lon="127.063814"><time>2026-09-27T00:19:44.001Z</time><ele>51.01</ele></trkpt><trkpt lat="37.065919" lon="127.063802"><time>2026-09-27T00:19:45.001Z</time><ele>50.24</ele></trkpt><trkpt lat="37.065787" lon="127.063786"><time>2026-09-27T00:19:46.000Z</time><ele>49.66</ele></trkpt><trkpt lat="37.065654" lon="127.063766"><time>2026-09-27T00:19:47.000Z</time><ele>49.25</ele></trkpt><trkpt lat="37.065515" lon="127.063749"><time>2026-09-27T00:19:48.000Z</time><ele>49.21</ele></trkpt><trkpt lat="37.06537" lon="127.063736"><time>2026-09-27T00:19:49.000Z</time><ele>48.43</ele></trkpt><trkpt lat="37.065224" lon="127.063722"><time>2026-09-27T00:19:50.000Z</time><ele>47.94</ele></trkpt><trkpt lat="37.065077" lon="127.063708"><time>2026-09-27T00:19:51.000Z</time><ele>48.94</ele></trkpt><trkpt lat="37.064928" lon="127.06369"><time>2026-09-27T00:19:52.000Z</time><ele>48.52</ele></trkpt><trkpt lat="37.064777" lon="127.06367"><time>2026-09-27T00:19:53.000Z</time><ele>48.25</ele></trkpt><trkpt lat="37.064641" lon="127.063665"><time>2026-09-27T00:19:54.000Z</time><ele>48.16</ele></trkpt><trkpt lat="37.064492" lon="127.063682"><time>2026-09-27T00:19:55.000Z</time><ele>48.94</ele></trkpt><trkpt lat="37.064351" lon="127.063713"><time>2026-09-27T00:19:56.000Z</time><ele>48.34</ele></trkpt><trkpt lat="37.064213" lon="127.06375"><time>2026-09-27T00:19:57.000Z</time><ele>48.52</ele></trkpt><trkpt lat="37.064068" lon="127.063803"><time>2026-09-27T00:19:58.000Z</time><ele>48.31</ele></trkpt><trkpt lat="37.063927" lon="127.063863"><time>2026-09-27T00:19:59.000Z</time><ele>49.04</ele></trkpt><trkpt lat="37.063781" lon="127.063928"><time>2026-09-27T00:20:00.000Z</time><ele>49.16</ele></trkpt><trkpt lat="37.063638" lon="127.064009"><time>2026-09-27T00:20:01.000Z</time><ele>49.21</ele></trkpt><trkpt lat="37.063495" lon="127.064098"><time>2026-09-27T00:20:02.000Z</time><ele>49.16</ele></trkpt><trkpt lat="37.063346" lon="127.064186"><time>2026-09-27T00:20:03.000Z</time><ele>50.34</ele></trkpt><trkpt lat="37.063199" lon="127.064271"><time>2026-09-27T00:20:04.000Z</time><ele>50.68</ele></trkpt><trkpt lat="37.063056" lon="127.064352"><time>2026-09-27T00:20:05.000Z</time><ele>50.1</ele></trkpt><trkpt lat="37.06291" lon="127.06444"><time>2026-09-27T00:20:06.000Z</time><ele>49.84</ele></trkpt><trkpt lat="37.062759" lon="127.064526"><time>2026-09-27T00:20:07.000Z</time><ele>49.39</ele></trkpt><trkpt lat="37.062605" lon="127.064616"><time>2026-09-27T00:20:08.000Z</time><ele>49.59</ele></trkpt><trkpt lat="37.062458" lon="127.0647"><time>2026-09-27T00:20:09.000Z</time><ele>48.75</ele></trkpt><trkpt lat="37.062317" lon="127.064786"><time>2026-09-27T00:20:10.000Z</time><ele>47.85</ele></trkpt><trkpt lat="37.062164" lon="127.064878"><time>2026-09-27T00:20:11.000Z</time><ele>47.83</ele></trkpt><trkpt lat="37.062014" lon="127.064965"><time>2026-09-27T00:20:12.000Z</time><ele>46.32</ele></trkpt><trkpt lat="37.061863" lon="127.065037"><time>2026-09-27T00:20:13.000Z</time><ele>44.84</ele></trkpt><trkpt lat="37.061712" lon="127.065089"><time>2026-09-27T00:20:14.000Z</time><ele>43.62</ele></trkpt><trkpt lat="37.061552" lon="127.065122"><time>2026-09-27T00:20:15.000Z</time><ele>42.63</ele></trkpt><trkpt lat="37.061388" lon="127.06514"><time>2026-09-27T00:20:16.000Z</time><ele>41.73</ele></trkpt><trkpt lat="37.061225" lon="127.065139"><time>2026-09-27T00:20:17.000Z</time><ele>40.39</ele></trkpt><trkpt lat="37.061064" lon="127.065117"><time>2026-09-27T00:20:18.000Z</time><ele>39.75</ele></trkpt><trkpt lat="37.060907" lon="127.065085"><time>2026-09-27T00:20:19.000Z</time><ele>39.01</ele></trkpt><trkpt lat="37.060758" lon="127.065036"><time>2026-09-27T00:20:20.000Z</time><ele>37.71</ele></trkpt><trkpt lat="37.06061" lon="127.064972"><time>2026-09-27T00:20:21.000Z</time><ele>38.82</ele></trkpt><trkpt lat="37.060482" lon="127.064894"><time>2026-09-27T00:20:22.000Z</time><ele>36.97</ele></trkpt><trkpt lat="37.060349" lon="127.064824"><time>2026-09-27T00:20:23.000Z</time><ele>36.07</ele></trkpt><trkpt lat="37.060217" lon="127.064725"><time>2026-09-27T00:20:24.000Z</time><ele>35.71</ele></trkpt><trkpt lat="37.060091" lon="127.064614"><time>2026-09-27T00:20:25.000Z</time><ele>35.79</ele></trkpt><trkpt lat="37.05997" lon="127.064486"><time>2026-09-27T00:20:26.000Z</time><ele>36.52</ele></trkpt><trkpt lat="37.059856" lon="127.06437"><time>2026-09-27T00:20:27.000Z</time><ele>37.04</ele></trkpt><trkpt lat="37.059744" lon="127.064248"><time>2026-09-27T00:20:28.000Z</time><ele>36.76</ele></trkpt><trkpt lat="37.05963" lon="127.064126"><time>2026-09-27T00:20:29.000Z</time><ele>36.69</ele></trkpt><trkpt lat="37.059525" lon="127.06402"><time>2026-09-27T00:20:30.000Z</time><ele>36.28</ele></trkpt><trkpt lat="37.059426" lon="127.06391"><time>2026-09-27T00:20:31.000Z</time><ele>35.25</ele></trkpt><trkpt lat="37.059317" lon="127.063791"><time>2026-09-27T00:20:32.000Z</time><ele>36.43</ele></trkpt><trkpt lat="37.05921" lon="127.06368"><time>2026-09-27T00:20:33.000Z</time><ele>35.48</ele></trkpt><trkpt lat="37.059097" lon="127.063562"><time>2026-09-27T00:20:34.000Z</time><ele>36.06</ele></trkpt><trkpt lat="37.05899" lon="127.063449"><time>2026-09-27T00:20:35.000Z</time><ele>35.84</ele></trkpt><trkpt lat="37.058887" lon="127.063343"><time>2026-09-27T00:20:36.000Z</time><ele>35.31</ele></trkpt><trkpt lat="37.058778" lon="127.063234"><time>2026-09-27T00:20:37.000Z</time><ele>34.53</ele></trkpt><trkpt lat="37.058669" lon="127.063121"><time>2026-09-27T00:20:38.000Z</time><ele>34.27</ele></trkpt><trkpt lat="37.058558" lon="127.063004"><time>2026-09-27T00:20:39.000Z</time><ele>34.23</ele></trkpt><trkpt lat="37.058444" lon="127.062888"><time>2026-09-27T00:20:40.000Z</time><ele>34.4</ele></trkpt><trkpt lat="37.058337" lon="127.062779"><time>2026-09-27T00:20:41.000Z</time><ele>34.28</ele></trkpt><trkpt lat="37.058229" lon="127.062673"><time>2026-09-27T00:20:42.000Z</time><ele>33.44</ele></trkpt><trkpt lat="37.058115" lon="127.062557"><time>2026-09-27T00:20:43.000Z</time><ele>33.81</ele></trkpt><trkpt lat="37.058002" lon="127.062442"><time>2026-09-27T00:20:44.001Z</time><ele>33.7</ele></trkpt><trkpt lat="37.057881" lon="127.062322"><time>2026-09-27T00:20:45.001Z</time><ele>33.29</ele></trkpt><trkpt lat="37.05776" lon="127.062203"><time>2026-09-27T00:20:46.001Z</time><ele>32.02</ele></trkpt><trkpt lat="37.057643" lon="127.062088"><time>2026-09-27T00:20:47.001Z</time><ele>30.65</ele></trkpt><trkpt lat="37.057518" lon="127.061966"><time>2026-09-27T00:20:48.001Z</time><ele>30.16</ele></trkpt><trkpt lat="37.057386" lon="127.061831"><time>2026-09-27T00:20:49.001Z</time><ele>30.24</ele></trkpt><trkpt lat="37.057254" lon="127.061697"><time>2026-09-27T00:20:50.001Z</time><ele>30.5</ele></trkpt><trkpt lat="37.057128" lon="127.061568"><time>2026-09-27T00:20:51.001Z</time><ele>30.31</ele></trkpt><trkpt lat="37.057003" lon="127.061449"><time>2026-09-27T00:20:52.001Z</time><ele>31.05</ele></trkpt><trkpt lat="37.056878" lon="127.061335"><time>2026-09-27T00:20:53.001Z</time><ele>30.39</ele></trkpt><trkpt lat="37.056747" lon="127.061219"><time>2026-09-27T00:20:54.017Z</time><ele>29.81</ele></trkpt><trkpt lat="37.05661" lon="127.061112"><time>2026-09-27T00:20:55.017Z</time><ele>29.69</ele></trkpt><trkpt lat="37.056464" lon="127.061011"><time>2026-09-27T00:20:56.017Z</time><ele>29.98</ele></trkpt><trkpt lat="37.056316" lon="127.060913"><time>2026-09-27T00:20:57.014Z</time><ele>30.04</ele></trkpt><trkpt lat="37.051439" lon="127.05987"><time>2026-09-27T00:21:27.001Z</time><ele>24.57</ele></trkpt><trkpt lat="37.051276" lon="127.059865"><time>2026-09-27T00:21:28.001Z</time><ele>24.57</ele></trkpt><trkpt lat="37.051122" lon="127.059877"><time>2026-09-27T00:21:29.001Z</time><ele>29.48</ele></trkpt><trkpt lat="37.050985" lon="127.059878"><time>2026-09-27T00:21:30.001Z</time><ele>31.35</ele></trkpt><trkpt lat="37.050851" lon="127.059879"><time>2026-09-27T00:21:31.001Z</time><ele>31.51</ele></trkpt><trkpt lat="37.050704" lon="127.059881"><time>2026-09-27T00:21:32.001Z</time><ele>33.24</ele></trkpt><trkpt lat="37.050569" lon="127.059882"><time>2026-09-27T00:21:33.001Z</time><ele>34.74</ele></trkpt><trkpt lat="37.050441" lon="127.059885"><time>2026-09-27T00:21:34.001Z</time><ele>33.12</ele></trkpt><trkpt lat="37.050317" lon="127.059879"><time>2026-09-27T00:21:35.001Z</time><ele>32.79</ele></trkpt><trkpt lat="37.05017" lon="127.059886"><time>2026-09-27T00:21:36.001Z</time><ele>32.64</ele></trkpt><trkpt lat="37.050031" lon="127.059892"><time>2026-09-27T00:21:37.001Z</time><ele>31.95</ele></trkpt><trkpt lat="37.049888" lon="127.059887"><time>2026-09-27T00:21:38.001Z</time><ele>31.85</ele></trkpt><trkpt lat="37.049729" lon="127.059798"><time>2026-09-27T00:21:39.001Z</time><ele>34.03</ele></trkpt><trkpt lat="37.049583" lon="127.059803"><time>2026-09-27T00:21:40.001Z</time><ele>33.91</ele></trkpt><trkpt lat="37.049441" lon="127.059809"><time>2026-09-27T00:21:41.001Z</time><ele>33.41</ele></trkpt><trkpt lat="37.049297" lon="127.059818"><time>2026-09-27T00:21:42.001Z</time><ele>32.85</ele></trkpt><trkpt lat="37.04915" lon="127.05983"><time>2026-09-27T00:21:43.001Z</time><ele>32.26</ele></trkpt><trkpt lat="37.048998" lon="127.059833"><time>2026-09-27T00:21:44.001Z</time><ele>31.9</ele></trkpt><trkpt lat="37.048855" lon="127.059831"><time>2026-09-27T00:21:45.001Z</time><ele>31.4</ele></trkpt><trkpt lat="37.04872" lon="127.059837"><time>2026-09-27T00:21:46.001Z</time><ele>30.56</ele></trkpt><trkpt lat="37.048592" lon="127.059841"><time>2026-09-27T00:21:47.001Z</time><ele>30.23</ele></trkpt><trkpt lat="37.048465" lon="127.059841"><time>2026-09-27T00:21:48.001Z</time><ele>29.99</ele></trkpt><trkpt lat="37.048335" lon="127.059844"><time>2026-09-27T00:21:49.001Z</time><ele>29.82</ele></trkpt><trkpt lat="37.048205" lon="127.059849"><time>2026-09-27T00:21:50.001Z</time><ele>28.69</ele></trkpt><trkpt lat="37.048065" lon="127.05985"><time>2026-09-27T00:21:51.001Z</time><ele>28.54</ele></trkpt><trkpt lat="37.047924" lon="127.059848"><time>2026-09-27T00:21:52.000Z</time><ele>28.4</ele></trkpt><trkpt lat="37.047784" lon="127.059849"><time>2026-09-27T00:21:53.000Z</time><ele>27.64</ele></trkpt><trkpt lat="37.047652" lon="127.05985"><time>2026-09-27T00:21:54.000Z</time><ele>26.95</ele></trkpt><trkpt lat="37.047535" lon="127.059859"><time>2026-09-27T00:21:55.000Z</time><ele>27.04</ele></trkpt><trkpt lat="37.047429" lon="127.059862"><time>2026-09-27T00:21:56.000Z</time><ele>26.75</ele></trkpt><trkpt lat="37.047334" lon="127.059866"><time>2026-09-27T00:21:57.000Z</time><ele>26.57</ele></trkpt><trkpt lat="37.047257" lon="127.05987"><time>2026-09-27T00:21:58.000Z</time><ele>26.07</ele></trkpt><trkpt lat="37.04719" lon="127.059869"><time>2026-09-27T00:21:59.000Z</time><ele>25.97</ele></trkpt><trkpt lat="37.04713" lon="127.059873"><time>2026-09-27T00:22:00.000Z</time><ele>25.54</ele></trkpt><trkpt lat="37.04708" lon="127.059875"><time>2026-09-27T00:22:01.000Z</time><ele>25.28</ele></trkpt><trkpt lat="37.046994" lon="127.059883"><time>2026-09-27T00:22:03.000Z</time><ele>25.37</ele></trkpt><trkpt lat="37.046932" lon="127.059894"><time>2026-09-27T00:22:05.000Z</time><ele>26.27</ele></trkpt><trkpt lat="37.046884" lon="127.059893"><time>2026-09-27T00:22:13.000Z</time><ele>29.27</ele></trkpt><trkpt lat="37.046829" lon="127.059936"><time>2026-09-27T00:23:40.001Z</time><ele>33.56</ele></trkpt><trkpt lat="37.046732" lon="127.059939"><time>2026-09-27T00:23:42.001Z</time><ele>33.34</ele></trkpt><trkpt lat="37.046664" lon="127.05995"><time>2026-09-27T00:23:43.001Z</time><ele>33.47</ele></trkpt><trkpt lat="37.046581" lon="127.059968"><time>2026-09-27T00:23:44.001Z</time><ele>33.58</ele></trkpt><trkpt lat="37.046492" lon="127.059996"><time>2026-09-27T00:23:45.001Z</time><ele>33.3</ele></trkpt><trkpt lat="37.046378" lon="127.060032"><time>2026-09-27T00:23:46.001Z</time><ele>33.73</ele></trkpt><trkpt lat="37.046267" lon="127.060067"><time>2026-09-27T00:23:47.001Z</time><ele>33.8</ele></trkpt><trkpt lat="37.044957" lon="127.060984"><time>2026-09-27T00:23:57.001Z</time><ele>36.66</ele></trkpt><trkpt lat="37.044855" lon="127.061091"><time>2026-09-27T00:23:58.000Z</time><ele>36.3</ele></trkpt><trkpt lat="37.044758" lon="127.061193"><time>2026-09-27T00:23:59.000Z</time><ele>36.55</ele></trkpt><trkpt lat="37.044662" lon="127.061291"><time>2026-09-27T00:24:00.000Z</time><ele>37.08</ele></trkpt><trkpt lat="37.044575" lon="127.061387"><time>2026-09-27T00:24:01.000Z</time><ele>37.32</ele></trkpt><trkpt lat="37.044481" lon="127.061482"><time>2026-09-27T00:24:02.000Z</time><ele>37.7</ele></trkpt><trkpt lat="37.044378" lon="127.061578"><time>2026-09-27T00:24:03.000Z</time><ele>38.44</ele></trkpt><trkpt lat="37.044283" lon="127.061672"><time>2026-09-27T00:24:04.000Z</time><ele>39.13</ele></trkpt><trkpt lat="37.044191" lon="127.061763"><time>2026-09-27T00:24:05.000Z</time><ele>39.23</ele></trkpt><trkpt lat="37.044097" lon="127.061858"><time>2026-09-27T00:24:06.000Z</time><ele>39.48</ele></trkpt><trkpt lat="37.043999" lon="127.061956"><time>2026-09-27T00:24:07.000Z</time><ele>40.09</ele></trkpt><trkpt lat="37.043898" lon="127.062054"><time>2026-09-27T00:24:08.000Z</time><ele>40.59</ele></trkpt><trkpt lat="37.043797" lon="127.062158"><time>2026-09-27T00:24:09.000Z</time><ele>40.78</ele></trkpt><trkpt lat="37.043694" lon="127.06226"><time>2026-09-27T00:24:10.000Z</time><ele>40.15</ele></trkpt><trkpt lat="37.043592" lon="127.062371"><time>2026-09-27T00:24:11.000Z</time><ele>40.17</ele></trkpt><trkpt lat="37.043495" lon="127.062492"><time>2026-09-27T00:24:12.000Z</time><ele>40.04</ele></trkpt><trkpt lat="37.0434" lon="127.062617"><time>2026-09-27T00:24:13.000Z</time><ele>39.57</ele></trkpt><trkpt lat="37.043307" lon="127.062744"><time>2026-09-27T00:24:14.000Z</time><ele>39.02</ele></trkpt><trkpt lat="37.043217" lon="127.062874"><time>2026-09-27T00:24:15.000Z</time><ele>37.75</ele></trkpt><trkpt lat="37.043128" lon="127.06301"><time>2026-09-27T00:24:16.000Z</time><ele>37.31</ele></trkpt><trkpt lat="37.04304" lon="127.063158"><time>2026-09-27T00:24:17.000Z</time><ele>37.65</ele></trkpt><trkpt lat="37.042948" lon="127.063303"><time>2026-09-27T00:24:18.000Z</time><ele>36.99</ele></trkpt><trkpt lat="37.042857" lon="127.063455"><time>2026-09-27T00:24:19.000Z</time><ele>36.48</ele></trkpt><trkpt lat="37.042769" lon="127.063606"><time>2026-09-27T00:24:20.000Z</time><ele>35.39</ele></trkpt><trkpt lat="37.042677" lon="127.06376"><time>2026-09-27T00:24:21.000Z</time><ele>34.92</ele></trkpt><trkpt lat="37.042587" lon="127.063911"><time>2026-09-27T00:24:22.000Z</time><ele>34.52</ele></trkpt><trkpt lat="37.042492" lon="127.064065"><time>2026-09-27T00:24:23.000Z</time><ele>33.86</ele></trkpt><trkpt lat="37.042398" lon="127.064222"><time>2026-09-27T00:24:24.000Z</time><ele>32.79</ele></trkpt><trkpt lat="37.042302" lon="127.064388"><time>2026-09-27T00:24:25.000Z</time><ele>32.48</ele></trkpt><trkpt lat="37.042203" lon="127.064557"><time>2026-09-27T00:24:26.000Z</time><ele>32.2</ele></trkpt><trkpt lat="37.042107" lon="127.064713"><time>2026-09-27T00:24:27.000Z</time><ele>31.43</ele></trkpt><trkpt lat="37.042017" lon="127.064861"><time>2026-09-27T00:24:28.000Z</time><ele>30.52</ele></trkpt><trkpt lat="37.041922" lon="127.065014"><time>2026-09-27T00:24:29.000Z</time><ele>31.05</ele></trkpt><trkpt lat="37.041831" lon="127.065168"><time>2026-09-27T00:24:30.000Z</time><ele>30.71</ele></trkpt><trkpt lat="37.041743" lon="127.065326"><time>2026-09-27T00:24:31.000Z</time><ele>30.77</ele></trkpt><trkpt lat="37.04165" lon="127.065482"><time>2026-09-27T00:24:32.000Z</time><ele>31.22</ele></trkpt><trkpt lat="37.041557" lon="127.065635"><time>2026-09-27T00:24:33.000Z</time><ele>30.89</ele></trkpt><trkpt lat="37.041469" lon="127.06578"><time>2026-09-27T00:24:34.000Z</time><ele>31.03</ele></trkpt><trkpt lat="37.041383" lon="127.065925"><time>2026-09-27T00:24:35.000Z</time><ele>31.05</ele></trkpt><trkpt lat="37.041297" lon="127.06607"><time>2026-09-27T00:24:36.000Z</time><ele>30.72</ele></trkpt><trkpt lat="37.04121" lon="127.066215"><time>2026-09-27T00:24:37.000Z</time><ele>30.69</ele></trkpt><trkpt lat="37.041124" lon="127.066358"><time>2026-09-27T00:24:38.000Z</time><ele>30.46</ele></trkpt><trkpt lat="37.041037" lon="127.066503"><time>2026-09-27T00:24:39.000Z</time><ele>30.97</ele></trkpt><trkpt lat="37.040953" lon="127.066646"><time>2026-09-27T00:24:40.000Z</time><ele>30.74</ele></trkpt><trkpt lat="37.040869" lon="127.066789"><time>2026-09-27T00:24:41.000Z</time><ele>30.77</ele></trkpt><trkpt lat="37.040784" lon="127.066929"><time>2026-09-27T00:24:42.000Z</time><ele>31.5</ele></trkpt><trkpt lat="37.040699" lon="127.067067"><time>2026-09-27T00:24:43.000Z</time><ele>31.84</ele></trkpt><trkpt lat="37.040615" lon="127.067208"><time>2026-09-27T00:24:44.000Z</time><ele>31.16</ele></trkpt><trkpt lat="37.040531" lon="127.067349"><time>2026-09-27T00:24:45.000Z</time><ele>31.13</ele></trkpt><trkpt lat="37.040443" lon="127.06749"><time>2026-09-27T00:24:46.000Z</time><ele>31.21</ele></trkpt><trkpt lat="37.04035" lon="127.06763"><time>2026-09-27T00:24:47.000Z</time><ele>31.33</ele></trkpt><trkpt lat="37.040251" lon="127.06777"><time>2026-09-27T00:24:48.000Z</time><ele>31.39</ele></trkpt><trkpt lat="37.040145" lon="127.067904"><time>2026-09-27T00:24:49.000Z</time><ele>31.2</ele></trkpt><trkpt lat="37.040032" lon="127.06803"><time>2026-09-27T00:24:50.000Z</time><ele>31.26</ele></trkpt><trkpt lat="37.03991" lon="127.068161"><time>2026-09-27T00:24:51.000Z</time><ele>31.44</ele></trkpt><trkpt lat="37.039782" lon="127.068291"><time>2026-09-27T00:24:52.000Z</time><ele>31.23</ele></trkpt><trkpt lat="37.039636" lon="127.068422"><time>2026-09-27T00:24:53.000Z</time><ele>31.58</ele></trkpt><trkpt lat="37.039495" lon="127.068568"><time>2026-09-27T00:24:54.000Z</time><ele>31.43</ele></trkpt><trkpt lat="37.039338" lon="127.068702"><time>2026-09-27T00:24:55.000Z</time><ele>30.53</ele></trkpt><trkpt lat="37.039185" lon="127.068828"><time>2026-09-27T00:24:56.001Z</time><ele>30.67</ele></trkpt><trkpt lat="37.039037" lon="127.068955"><time>2026-09-27T00:24:57.001Z</time><ele>30.38</ele></trkpt><trkpt lat="37.038889" lon="127.069074"><time>2026-09-27T00:24:58.001Z</time><ele>29.86</ele></trkpt><trkpt lat="37.03874" lon="127.069193"><time>2026-09-27T00:24:59.001Z</time><ele>29.19</ele></trkpt><trkpt lat="37.038596" lon="127.069313"><time>2026-09-27T00:25:00.001Z</time><ele>27.97</ele></trkpt><trkpt lat="37.038448" lon="127.069431"><time>2026-09-27T00:25:01.001Z</time><ele>27.85</ele></trkpt><trkpt lat="37.03831" lon="127.069528"><time>2026-09-27T00:25:02.001Z</time><ele>27.04</ele></trkpt><trkpt lat="37.038149" lon="127.069613"><time>2026-09-27T00:25:03.001Z</time><ele>27.29</ele></trkpt><trkpt lat="37.037985" lon="127.069687"><time>2026-09-27T00:25:04.001Z</time><ele>27.03</ele></trkpt><trkpt lat="37.037831" lon="127.069759"><time>2026-09-27T00:25:05.001Z</time><ele>27.34</ele></trkpt><trkpt lat="37.037672" lon="127.069808"><time>2026-09-27T00:25:06.001Z</time><ele>27.35</ele></trkpt><trkpt lat="37.037511" lon="127.069836"><time>2026-09-27T00:25:07.001Z</time><ele>28.34</ele></trkpt><trkpt lat="37.037337" lon="127.069866"><time>2026-09-27T00:25:08.001Z</time><ele>28.33</ele></trkpt><trkpt lat="37.037156" lon="127.069894"><time>2026-09-27T00:25:09.001Z</time><ele>27.35</ele></trkpt><trkpt lat="37.036976" lon="127.069925"><time>2026-09-27T00:25:10.001Z</time><ele>27.96</ele></trkpt><trkpt lat="37.036798" lon="127.06996"><time>2026-09-27T00:25:11.001Z</time><ele>28.86</ele></trkpt><trkpt lat="37.036618" lon="127.069977"><time>2026-09-27T00:25:12.001Z</time><ele>28.07</ele></trkpt><trkpt lat="37.036426" lon="127.069994"><time>2026-09-27T00:25:13.001Z</time><ele>28.73</ele></trkpt><trkpt lat="37.036231" lon="127.070024"><time>2026-09-27T00:25:14.001Z</time><ele>28.6</ele></trkpt><trkpt lat="37.036034" lon="127.070037"><time>2026-09-27T00:25:15.001Z</time><ele>28.97</ele></trkpt><trkpt lat="37.035848" lon="127.070052"><time>2026-09-27T00:25:16.001Z</time><ele>28.31</ele></trkpt><trkpt lat="37.035665" lon="127.070073"><time>2026-09-27T00:25:17.001Z</time><ele>28.94</ele></trkpt><trkpt lat="37.035487" lon="127.070095"><time>2026-09-27T00:25:18.001Z</time><ele>29.2</ele></trkpt><trkpt lat="37.035312" lon="127.070093"><time>2026-09-27T00:25:19.001Z</time><ele>28.9</ele></trkpt><trkpt lat="37.035132" lon="127.070103"><time>2026-09-27T00:25:20.001Z</time><ele>29.22</ele></trkpt><trkpt lat="37.03495" lon="127.07013"><time>2026-09-27T00:25:21.001Z</time><ele>30.67</ele></trkpt><trkpt lat="37.034781" lon="127.070158"><time>2026-09-27T00:25:22.001Z</time><ele>31.95</ele></trkpt><trkpt lat="37.034627" lon="127.070185"><time>2026-09-27T00:25:23.001Z</time><ele>33.57</ele></trkpt><trkpt lat="37.034476" lon="127.070194"><time>2026-09-27T00:25:24.001Z</time><ele>33.6</ele></trkpt><trkpt lat="37.034328" lon="127.070205"><time>2026-09-27T00:25:25.001Z</time><ele>34.33</ele></trkpt><trkpt lat="37.034171" lon="127.070231"><time>2026-09-27T00:25:26.001Z</time><ele>35.03</ele></trkpt><trkpt lat="37.034008" lon="127.070248"><time>2026-09-27T00:25:27.001Z</time><ele>36.63</ele></trkpt><trkpt lat="37.033848" lon="127.070274"><time>2026-09-27T00:25:28.001Z</time><ele>36.79</ele></trkpt><trkpt lat="37.033695" lon="127.07029"><time>2026-09-27T00:25:29.001Z</time><ele>35.83</ele></trkpt><trkpt lat="37.033528" lon="127.0703"><time>2026-09-27T00:25:30.001Z</time><ele>36.09</ele></trkpt><trkpt lat="37.033351" lon="127.070313"><time>2026-09-27T00:25:31.001Z</time><ele>35.75</ele></trkpt><trkpt lat="37.033152" lon="127.07033"><time>2026-09-27T00:25:32.001Z</time><ele>35.16</ele></trkpt><trkpt lat="37.032949" lon="127.070344"><time>2026-09-27T00:25:33.001Z</time><ele>34.12</ele></trkpt><trkpt lat="37.032751" lon="127.070385"><time>2026-09-27T00:25:34.001Z</time><ele>34.13</ele></trkpt><trkpt lat="37.032558" lon="127.070415"><time>2026-09-27T00:25:35.001Z</time><ele>31.87</ele></trkpt><trkpt lat="37.032381" lon="127.070443"><time>2026-09-27T00:25:36.001Z</time><ele>30.15</ele></trkpt><trkpt lat="37.03221" lon="127.070466"><time>2026-09-27T00:25:37.001Z</time><ele>29.28</ele></trkpt><trkpt lat="37.032046" lon="127.070492"><time>2026-09-27T00:25:38.001Z</time><ele>28.3</ele></trkpt><trkpt lat="37.031884" lon="127.070514"><time>2026-09-27T00:25:39.001Z</time><ele>27.71</ele></trkpt><trkpt lat="37.031729" lon="127.070534"><time>2026-09-27T00:25:40.001Z</time><ele>27.58</ele></trkpt><trkpt lat="37.031576" lon="127.070557"><time>2026-09-27T00:25:41.001Z</time><ele>27.16</ele></trkpt><trkpt lat="37.031422" lon="127.070606"><time>2026-09-27T00:25:42.001Z</time><ele>27.7</ele></trkpt><trkpt lat="37.031271" lon="127.070637"><time>2026-09-27T00:25:43.001Z</time><ele>25.79</ele></trkpt><trkpt lat="37.031116" lon="127.070645"><time>2026-09-27T00:25:44.001Z</time><ele>25.07</ele></trkpt><trkpt lat="37.030966" lon="127.070685"><time>2026-09-27T00:25:45.001Z</time><ele>24.68</ele></trkpt><trkpt lat="37.030807" lon="127.070689"><time>2026-09-27T00:25:46.001Z</time><ele>24</ele></trkpt><trkpt lat="37.030652" lon="127.070703"><time>2026-09-27T00:25:47.001Z</time><ele>23.42</ele></trkpt><trkpt lat="37.030495" lon="127.070711"><time>2026-09-27T00:25:48.001Z</time><ele>23.51</ele></trkpt><trkpt lat="37.030332" lon="127.070718"><time>2026-09-27T00:25:49.001Z</time><ele>23.91</ele></trkpt><trkpt lat="37.030162" lon="127.070733"><time>2026-09-27T00:25:50.001Z</time><ele>23.88</ele></trkpt><trkpt lat="37.029987" lon="127.070745"><time>2026-09-27T00:25:51.001Z</time><ele>24.12</ele></trkpt><trkpt lat="37.029822" lon="127.070757"><time>2026-09-27T00:25:52.001Z</time><ele>24.25</ele></trkpt><trkpt lat="37.029672" lon="127.070772"><time>2026-09-27T00:25:53.001Z</time><ele>24.1</ele></trkpt><trkpt lat="37.029521" lon="127.070786"><time>2026-09-27T00:25:54.001Z</time><ele>23.78</ele></trkpt><trkpt lat="37.029375" lon="127.070798"><time>2026-09-27T00:25:55.001Z</time><ele>23.33</ele></trkpt><trkpt lat="37.029231" lon="127.070805"><time>2026-09-27T00:25:56.001Z</time><ele>23.65</ele></trkpt><trkpt lat="37.029088" lon="127.070812"><time>2026-09-27T00:25:57.001Z</time><ele>22.66</ele></trkpt><trkpt lat="37.028937" lon="127.070814"><time>2026-09-27T00:25:58.001Z</time><ele>23.28</ele></trkpt><trkpt lat="37.028786" lon="127.070826"><time>2026-09-27T00:25:59.001Z</time><ele>22.61</ele></trkpt><trkpt lat="37.028639" lon="127.070837"><time>2026-09-27T00:26:00.001Z</time><ele>22.78</ele></trkpt><trkpt lat="37.028497" lon="127.070847"><time>2026-09-27T00:26:01.001Z</time><ele>22.6</ele></trkpt><trkpt lat="37.028348" lon="127.070861"><time>2026-09-27T00:26:02.001Z</time><ele>22.71</ele></trkpt><trkpt lat="37.028193" lon="127.070878"><time>2026-09-27T00:26:03.001Z</time><ele>21.79</ele></trkpt><trkpt lat="37.028028" lon="127.070894"><time>2026-09-27T00:26:04.000Z</time><ele>21.98</ele></trkpt><trkpt lat="37.027847" lon="127.070899"><time>2026-09-27T00:26:05.000Z</time><ele>22.41</ele></trkpt><trkpt lat="37.027659" lon="127.070904"><time>2026-09-27T00:26:06.000Z</time><ele>22.48</ele></trkpt><trkpt lat="37.027469" lon="127.070922"><time>2026-09-27T00:26:07.000Z</time><ele>20.39</ele></trkpt><trkpt lat="37.027254" lon="127.070944"><time>2026-09-27T00:26:08.000Z</time><ele>22.65</ele></trkpt><trkpt lat="37.027044" lon="127.070969"><time>2026-09-27T00:26:09.000Z</time><ele>22.82</ele></trkpt><trkpt lat="37.026837" lon="127.07099"><time>2026-09-27T00:26:10.000Z</time><ele>23.37</ele></trkpt><trkpt lat="37.026629" lon="127.071004"><time>2026-09-27T00:26:11.000Z</time><ele>22.8</ele></trkpt><trkpt lat="37.026426" lon="127.071023"><time>2026-09-27T00:26:12.000Z</time><ele>23.15</ele></trkpt><trkpt lat="37.026221" lon="127.071048"><time>2026-09-27T00:26:13.000Z</time><ele>23.35</ele></trkpt><trkpt lat="37.026015" lon="127.071064"><time>2026-09-27T00:26:14.000Z</time><ele>24.19</ele></trkpt><trkpt lat="37.025808" lon="127.071074"><time>2026-09-27T00:26:15.000Z</time><ele>24.91</ele></trkpt><trkpt lat="37.025605" lon="127.07108"><time>2026-09-27T00:26:16.000Z</time><ele>25.45</ele></trkpt><trkpt lat="37.02541" lon="127.071072"><time>2026-09-27T00:26:17.000Z</time><ele>25.68</ele></trkpt><trkpt lat="37.025237" lon="127.071045"><time>2026-09-27T00:26:18.000Z</time><ele>25.59</ele></trkpt><trkpt lat="37.02508" lon="127.070988"><time>2026-09-27T00:26:19.000Z</time><ele>25.51</ele></trkpt><trkpt lat="37.024942" lon="127.070903"><time>2026-09-27T00:26:20.000Z</time><ele>24.99</ele></trkpt><trkpt lat="37.024823" lon="127.070795"><time>2026-09-27T00:26:21.000Z</time><ele>25.31</ele></trkpt><trkpt lat="37.024724" lon="127.070662"><time>2026-09-27T00:26:22.000Z</time><ele>26.13</ele></trkpt><trkpt lat="37.024643" lon="127.070508"><time>2026-09-27T00:26:23.000Z</time><ele>26.88</ele></trkpt><trkpt lat="37.02458" lon="127.070337"><time>2026-09-27T00:26:24.000Z</time><ele>27.64</ele></trkpt><trkpt lat="37.024535" lon="127.070151"><time>2026-09-27T00:26:25.000Z</time><ele>27.81</ele></trkpt><trkpt lat="37.024509" lon="127.06995"><time>2026-09-27T00:26:26.000Z</time><ele>28.71</ele></trkpt><trkpt lat="37.024498" lon="127.069749"><time>2026-09-27T00:26:27.000Z</time><ele>28.7</ele></trkpt><trkpt lat="37.024446" lon="127.069551"><time>2026-09-27T00:26:28.000Z</time><ele>30.11</ele></trkpt><trkpt lat="37.024518" lon="127.069279"><time>2026-09-27T00:26:29.000Z</time><ele>31.29</ele></trkpt><trkpt lat="37.024506" lon="127.069029"><time>2026-09-27T00:26:30.000Z</time><ele>31.27</ele></trkpt><trkpt lat="37.024495" lon="127.068777"><time>2026-09-27T00:26:31.000Z</time><ele>31.09</ele></trkpt><trkpt lat="37.024487" lon="127.068517"><time>2026-09-27T00:26:32.000Z</time><ele>31.63</ele></trkpt><trkpt lat="37.024479" lon="127.068249"><time>2026-09-27T00:26:33.000Z</time><ele>31.97</ele></trkpt><trkpt lat="37.024473" lon="127.067975"><time>2026-09-27T00:26:34.000Z</time><ele>31.49</ele></trkpt><trkpt lat="37.024464" lon="127.067692"><time>2026-09-27T00:26:35.000Z</time><ele>32.01</ele></trkpt><trkpt lat="37.02446" lon="127.067404"><time>2026-09-27T00:26:36.000Z</time><ele>32.23</ele></trkpt><trkpt lat="37.024462" lon="127.067108"><time>2026-09-27T00:26:37.000Z</time><ele>31.71</ele></trkpt><trkpt lat="37.024461" lon="127.066805"><time>2026-09-27T00:26:38.000Z</time><ele>31.83</ele></trkpt><trkpt lat="37.024461" lon="127.066498"><time>2026-09-27T00:26:39.000Z</time><ele>32.25</ele></trkpt><trkpt lat="37.02446" lon="127.06619"><time>2026-09-27T00:26:40.000Z</time><ele>31.82</ele></trkpt><trkpt lat="37.024459" lon="127.065877"><time>2026-09-27T00:26:41.000Z</time><ele>31.87</ele></trkpt><trkpt lat="37.024459" lon="127.065558"><time>2026-09-27T00:26:42.000Z</time><ele>31.81</ele></trkpt><trkpt lat="37.024461" lon="127.065231"><time>2026-09-27T00:26:43.000Z</time><ele>32.04</ele></trkpt><trkpt lat="37.024463" lon="127.064898"><time>2026-09-27T00:26:44.000Z</time><ele>32.19</ele></trkpt><trkpt lat="37.024466" lon="127.064563"><time>2026-09-27T00:26:45.000Z</time><ele>31.99</ele></trkpt><trkpt lat="37.024467" lon="127.064224"><time>2026-09-27T00:26:46.000Z</time><ele>32.36</ele></trkpt><trkpt lat="37.024467" lon="127.063887"><time>2026-09-27T00:26:47.000Z</time><ele>32.33</ele></trkpt><trkpt lat="37.024469" lon="127.063543"><time>2026-09-27T00:26:48.000Z</time><ele>32.84</ele></trkpt><trkpt lat="37.024471" lon="127.063204"><time>2026-09-27T00:26:49.000Z</time><ele>32.15</ele></trkpt><trkpt lat="37.024473" lon="127.062864"><time>2026-09-27T00:26:50.000Z</time><ele>32.45</ele></trkpt><trkpt lat="37.024473" lon="127.062526"><time>2026-09-27T00:26:51.000Z</time><ele>32.3</ele></trkpt><trkpt lat="37.024468" lon="127.062184"><time>2026-09-27T00:26:52.000Z</time><ele>32.48</ele></trkpt><trkpt lat="37.024455" lon="127.061841"><time>2026-09-27T00:26:53.000Z</time><ele>32.33</ele></trkpt><trkpt lat="37.024432" lon="127.061488"><time>2026-09-27T00:26:54.000Z</time><ele>32.66</ele></trkpt><trkpt lat="37.024402" lon="127.061138"><time>2026-09-27T00:26:55.000Z</time><ele>33.11</ele></trkpt><trkpt lat="37.024369" lon="127.060789"><time>2026-09-27T00:26:56.000Z</time><ele>33.15</ele></trkpt><trkpt lat="37.024325" lon="127.060442"><time>2026-09-27T00:26:57.000Z</time><ele>34.25</ele></trkpt><trkpt lat="37.024278" lon="127.060104"><time>2026-09-27T00:26:58.000Z</time><ele>34.66</ele></trkpt><trkpt lat="37.024217" lon="127.05977"><time>2026-09-27T00:26:59.000Z</time><ele>34.75</ele></trkpt><trkpt lat="37.024145" lon="127.059436"><time>2026-09-27T00:27:00.000Z</time><ele>34.81</ele></trkpt><trkpt lat="37.024064" lon="127.059102"><time>2026-09-27T00:27:01.000Z</time><ele>34.7</ele></trkpt><trkpt lat="37.02398" lon="127.058764"><time>2026-09-27T00:27:02.000Z</time><ele>35.76</ele></trkpt><trkpt lat="37.023886" lon="127.05843"><time>2026-09-27T00:27:03.000Z</time><ele>36.52</ele></trkpt><trkpt lat="37.023784" lon="127.058101"><time>2026-09-27T00:27:04.001Z</time><ele>36.98</ele></trkpt><trkpt lat="37.023668" lon="127.057767"><time>2026-09-27T00:27:05.001Z</time><ele>37.94</ele></trkpt><trkpt lat="37.023544" lon="127.057443"><time>2026-09-27T00:27:06.001Z</time><ele>38.47</ele></trkpt><trkpt lat="37.023413" lon="127.057123"><time>2026-09-27T00:27:07.001Z</time><ele>38.9</ele></trkpt><trkpt lat="37.023276" lon="127.056806"><time>2026-09-27T00:27:08.001Z</time><ele>39.56</ele></trkpt><trkpt lat="37.023136" lon="127.056504"><time>2026-09-27T00:27:09.001Z</time><ele>39.29</ele></trkpt><trkpt lat="37.022987" lon="127.05621"><time>2026-09-27T00:27:10.001Z</time><ele>39.22</ele></trkpt><trkpt lat="37.022835" lon="127.055925"><time>2026-09-27T00:27:11.001Z</time><ele>39.42</ele></trkpt><trkpt lat="37.022673" lon="127.055648"><time>2026-09-27T00:27:12.001Z</time><ele>39.43</ele></trkpt><trkpt lat="37.022505" lon="127.055376"><time>2026-09-27T00:27:13.001Z</time><ele>39.2</ele></trkpt><trkpt lat="37.02233" lon="127.05511"><time>2026-09-27T00:27:14.001Z</time><ele>38.7</ele></trkpt><trkpt lat="37.022148" lon="127.054851"><time>2026-09-27T00:27:15.001Z</time><ele>38.7</ele></trkpt><trkpt lat="37.021966" lon="127.054602"><time>2026-09-27T00:27:16.001Z</time><ele>38.47</ele></trkpt><trkpt lat="37.021786" lon="127.05437"><time>2026-09-27T00:27:17.001Z</time><ele>37.66</ele></trkpt><trkpt lat="37.021603" lon="127.05415"><time>2026-09-27T00:27:18.001Z</time><ele>37.36</ele></trkpt><trkpt lat="37.021417" lon="127.05394"><time>2026-09-27T00:27:19.001Z</time><ele>36.74</ele></trkpt><trkpt lat="37.021236" lon="127.053749"><time>2026-09-27T00:27:20.001Z</time><ele>36</ele></trkpt><trkpt lat="37.021058" lon="127.053563"><time>2026-09-27T00:27:21.001Z</time><ele>36.13</ele></trkpt><trkpt lat="37.020882" lon="127.053387"><time>2026-09-27T00:27:22.001Z</time><ele>36.23</ele></trkpt><trkpt lat="37.020707" lon="127.053223"><time>2026-09-27T00:27:23.001Z</time><ele>35.85</ele></trkpt><trkpt lat="37.020513" lon="127.053071"><time>2026-09-27T00:27:24.001Z</time><ele>35.95</ele></trkpt><trkpt lat="37.020307" lon="127.052915"><time>2026-09-27T00:27:25.001Z</time><ele>36.6</ele></trkpt><trkpt lat="37.020099" lon="127.052734"><time>2026-09-27T00:27:26.001Z</time><ele>36.74</ele></trkpt><trkpt lat="37.019891" lon="127.052536"><time>2026-09-27T00:27:27.001Z</time><ele>36.67</ele></trkpt><trkpt lat="37.01967" lon="127.052345"><time>2026-09-27T00:27:28.001Z</time><ele>36.48</ele></trkpt><trkpt lat="37.01945" lon="127.052148"><time>2026-09-27T00:27:29.001Z</time><ele>36.07</ele></trkpt><trkpt lat="37.019236" lon="127.051955"><time>2026-09-27T00:27:30.001Z</time><ele>36.42</ele></trkpt><trkpt lat="37.019021" lon="127.051767"><time>2026-09-27T00:27:31.001Z</time><ele>36.27</ele></trkpt><trkpt lat="37.018805" lon="127.051576"><time>2026-09-27T00:27:32.001Z</time><ele>36.45</ele></trkpt><trkpt lat="37.01859" lon="127.051387"><time>2026-09-27T00:27:33.001Z</time><ele>35.56</ele></trkpt><trkpt lat="37.01838" lon="127.0512"><time>2026-09-27T00:27:34.001Z</time><ele>35.88</ele></trkpt><trkpt lat="37.018178" lon="127.051021"><time>2026-09-27T00:27:35.001Z</time><ele>35.65</ele></trkpt><trkpt lat="37.01798" lon="127.050845"><time>2026-09-27T00:27:36.001Z</time><ele>35.49</ele></trkpt><trkpt lat="37.017773" lon="127.050663"><time>2026-09-27T00:27:37.001Z</time><ele>35.85</ele></trkpt><trkpt lat="37.017553" lon="127.050483"><time>2026-09-27T00:27:38.001Z</time><ele>35.53</ele></trkpt><trkpt lat="37.017321" lon="127.05031"><time>2026-09-27T00:27:39.001Z</time><ele>34.74</ele></trkpt><trkpt lat="37.01709" lon="127.050109"><time>2026-09-27T00:27:40.001Z</time><ele>34.38</ele></trkpt><trkpt lat="37.016852" lon="127.049904"><time>2026-09-27T00:27:41.001Z</time><ele>33.77</ele></trkpt><trkpt lat="37.016605" lon="127.049701"><time>2026-09-27T00:27:42.001Z</time><ele>32.92</ele></trkpt><trkpt lat="37.016364" lon="127.04948"><time>2026-09-27T00:27:43.001Z</time><ele>33.09</ele></trkpt><trkpt lat="37.016125" lon="127.049277"><time>2026-09-27T00:27:44.001Z</time><ele>32.28</ele></trkpt><trkpt lat="37.015894" lon="127.04907"><time>2026-09-27T00:27:45.001Z</time><ele>32.47</ele></trkpt><trkpt lat="37.015653" lon="127.04887"><time>2026-09-27T00:27:46.001Z</time><ele>32.44</ele></trkpt><trkpt lat="37.015418" lon="127.048666"><time>2026-09-27T00:27:47.001Z</time><ele>31.31</ele></trkpt><trkpt lat="37.015186" lon="127.048461"><time>2026-09-27T00:27:48.001Z</time><ele>31.83</ele></trkpt><trkpt lat="37.014955" lon="127.048263"><time>2026-09-27T00:27:49.001Z</time><ele>31.33</ele></trkpt><trkpt lat="37.014722" lon="127.048059"><time>2026-09-27T00:27:50.001Z</time><ele>31.9</ele></trkpt><trkpt lat="37.014492" lon="127.047855"><time>2026-09-27T00:27:51.001Z</time><ele>32.12</ele></trkpt><trkpt lat="37.014259" lon="127.047656"><time>2026-09-27T00:27:52.001Z</time><ele>31.43</ele></trkpt><trkpt lat="37.014026" lon="127.047457"><time>2026-09-27T00:27:53.001Z</time><ele>30.98</ele></trkpt><trkpt lat="37.013798" lon="127.04726"><time>2026-09-27T00:27:54.001Z</time><ele>29.96</ele></trkpt><trkpt lat="37.013568" lon="127.047062"><time>2026-09-27T00:27:55.001Z</time><ele>28.95</ele></trkpt><trkpt lat="37.013342" lon="127.046867"><time>2026-09-27T00:27:56.001Z</time><ele>27.89</ele></trkpt><trkpt lat="37.013119" lon="127.046675"><time>2026-09-27T00:27:57.001Z</time><ele>27.24</ele></trkpt><trkpt lat="37.012898" lon="127.046487"><time>2026-09-27T00:27:58.001Z</time><ele>26.19</ele></trkpt><trkpt lat="37.012681" lon="127.046307"><time>2026-09-27T00:27:59.001Z</time><ele>25.04</ele></trkpt><trkpt lat="37.012479" lon="127.046133"><time>2026-09-27T00:28:00.001Z</time><ele>24.38</ele></trkpt><trkpt lat="37.01228" lon="127.045959"><time>2026-09-27T00:28:01.001Z</time><ele>23.51</ele></trkpt><trkpt lat="37.012087" lon="127.04579"><time>2026-09-27T00:28:02.001Z</time><ele>22.45</ele></trkpt><trkpt lat="37.011897" lon="127.045628"><time>2026-09-27T00:28:03.001Z</time><ele>21.76</ele></trkpt><trkpt lat="37.011711" lon="127.045471"><time>2026-09-27T00:28:04.001Z</time><ele>21.24</ele></trkpt><trkpt lat="37.01153" lon="127.045315"><time>2026-09-27T00:28:05.001Z</time><ele>21</ele></trkpt><trkpt lat="37.011355" lon="127.045162"><time>2026-09-27T00:28:06.001Z</time><ele>20.14</ele></trkpt><trkpt lat="37.011189" lon="127.045013"><time>2026-09-27T00:28:07.001Z</time><ele>19.94</ele></trkpt><trkpt lat="37.011023" lon="127.044863"><time>2026-09-27T00:28:08.001Z</time><ele>19.93</ele></trkpt><trkpt lat="37.010854" lon="127.044715"><time>2026-09-27T00:28:09.001Z</time><ele>19.72</ele></trkpt><trkpt lat="37.010682" lon="127.044564"><time>2026-09-27T00:28:10.000Z</time><ele>19.43</ele></trkpt><trkpt lat="37.010511" lon="127.044409"><time>2026-09-27T00:28:11.000Z</time><ele>19.22</ele></trkpt><trkpt lat="37.010341" lon="127.044256"><time>2026-09-27T00:28:12.000Z</time><ele>19.12</ele></trkpt><trkpt lat="37.009989" lon="127.043947"><time>2026-09-27T00:28:14.000Z</time><ele>19.07</ele></trkpt><trkpt lat="37.009824" lon="127.043802"><time>2026-09-27T00:28:15.000Z</time><ele>18.54</ele></trkpt><trkpt lat="37.009666" lon="127.043663"><time>2026-09-27T00:28:16.000Z</time><ele>18.81</ele></trkpt><trkpt lat="37.009521" lon="127.043532"><time>2026-09-27T00:28:17.000Z</time><ele>18.12</ele></trkpt><trkpt lat="37.009381" lon="127.043407"><time>2026-09-27T00:28:18.000Z</time><ele>18.6</ele></trkpt><trkpt lat="37.009253" lon="127.043296"><time>2026-09-27T00:28:19.000Z</time><ele>18.59</ele></trkpt><trkpt lat="37.009134" lon="127.043196"><time>2026-09-27T00:28:20.000Z</time><ele>18.19</ele></trkpt><trkpt lat="37.009023" lon="127.043124"><time>2026-09-27T00:28:21.000Z</time><ele>18.11</ele></trkpt><trkpt lat="37.008912" lon="127.043077"><time>2026-09-27T00:28:22.000Z</time><ele>18.12</ele></trkpt><trkpt lat="37.008801" lon="127.043055"><time>2026-09-27T00:28:23.000Z</time><ele>17.33</ele></trkpt><trkpt lat="37.008695" lon="127.043053"><time>2026-09-27T00:28:24.000Z</time><ele>17.52</ele></trkpt><trkpt lat="37.00859" lon="127.04307"><time>2026-09-27T00:28:25.000Z</time><ele>17.62</ele></trkpt><trkpt lat="37.008485" lon="127.043105"><time>2026-09-27T00:28:26.000Z</time><ele>17.64</ele></trkpt><trkpt lat="37.008394" lon="127.043162"><time>2026-09-27T00:28:27.000Z</time><ele>17.37</ele></trkpt><trkpt lat="37.008318" lon="127.043242"><time>2026-09-27T00:28:28.000Z</time><ele>17.05</ele></trkpt><trkpt lat="37.008246" lon="127.043347"><time>2026-09-27T00:28:29.000Z</time><ele>16.95</ele></trkpt><trkpt lat="37.008196" lon="127.04346"><time>2026-09-27T00:28:30.000Z</time><ele>16.69</ele></trkpt><trkpt lat="37.008166" lon="127.043583"><time>2026-09-27T00:28:31.000Z</time><ele>16.33</ele></trkpt><trkpt lat="37.00816" lon="127.043716"><time>2026-09-27T00:28:32.000Z</time><ele>15.85</ele></trkpt><trkpt lat="37.008172" lon="127.04386"><time>2026-09-27T00:28:33.000Z</time><ele>14.97</ele></trkpt><trkpt lat="37.0082" lon="127.044004"><time>2026-09-27T00:28:34.000Z</time><ele>14.18</ele></trkpt><trkpt lat="37.008227" lon="127.044137"><time>2026-09-27T00:28:35.000Z</time><ele>13.91</ele></trkpt><trkpt lat="37.008241" lon="127.044286"><time>2026-09-27T00:28:36.000Z</time><ele>13.47</ele></trkpt><trkpt lat="37.008237" lon="127.044444"><time>2026-09-27T00:28:37.000Z</time><ele>13.73</ele></trkpt><trkpt lat="37.008221" lon="127.044592"><time>2026-09-27T00:28:38.000Z</time><ele>13.8</ele></trkpt><trkpt lat="37.008198" lon="127.044747"><time>2026-09-27T00:28:39.000Z</time><ele>13.52</ele></trkpt><trkpt lat="37.008165" lon="127.044896"><time>2026-09-27T00:28:40.000Z</time><ele>13.74</ele></trkpt><trkpt lat="37.008115" lon="127.045038"><time>2026-09-27T00:28:41.000Z</time><ele>13.47</ele></trkpt><trkpt lat="37.008053" lon="127.045168"><time>2026-09-27T00:28:42.000Z</time><ele>12.94</ele></trkpt><trkpt lat="37.007989" lon="127.045284"><time>2026-09-27T00:28:43.000Z</time><ele>13.3</ele></trkpt><trkpt lat="37.007921" lon="127.045393"><time>2026-09-27T00:28:44.000Z</time><ele>12.79</ele></trkpt><trkpt lat="37.007867" lon="127.045494"><time>2026-09-27T00:28:45.000Z</time><ele>12.44</ele></trkpt><trkpt lat="37.007811" lon="127.045591"><time>2026-09-27T00:28:46.000Z</time><ele>12.33</ele></trkpt><trkpt lat="37.007748" lon="127.045671"><time>2026-09-27T00:28:47.000Z</time><ele>12.06</ele></trkpt><trkpt lat="37.007699" lon="127.045738"><time>2026-09-27T00:28:48.000Z</time><ele>11.92</ele></trkpt><trkpt lat="37.007662" lon="127.045795"><time>2026-09-27T00:28:49.000Z</time><ele>11.9</ele></trkpt><trkpt lat="37.007606" lon="127.045846"><time>2026-09-27T00:28:51.000Z</time><ele>12.66</ele></trkpt><trkpt lat="37.007565" lon="127.04589"><time>2026-09-27T00:29:21.001Z</time><ele>12.37</ele></trkpt><trkpt lat="37.007502" lon="127.045963"><time>2026-09-27T00:29:23.001Z</time><ele>12.27</ele></trkpt><trkpt lat="37.007463" lon="127.046008"><time>2026-09-27T00:29:24.001Z</time><ele>12.37</ele></trkpt><trkpt lat="37.007415" lon="127.046069"><time>2026-09-27T00:29:25.001Z</time><ele>12.33</ele></trkpt><trkpt lat="37.007359" lon="127.046139"><time>2026-09-27T00:29:26.001Z</time><ele>12.28</ele></trkpt><trkpt lat="37.007297" lon="127.046211"><time>2026-09-27T00:29:27.001Z</time><ele>12.52</ele></trkpt><trkpt lat="37.007233" lon="127.046277"><time>2026-09-27T00:29:28.001Z</time><ele>12.02</ele></trkpt><trkpt lat="37.007173" lon="127.046344"><time>2026-09-27T00:29:29.001Z</time><ele>11.91</ele></trkpt><trkpt lat="37.007117" lon="127.046404"><time>2026-09-27T00:29:30.001Z</time><ele>11.84</ele></trkpt><trkpt lat="37.007054" lon="127.046474"><time>2026-09-27T00:29:31.001Z</time><ele>11.6</ele></trkpt><trkpt lat="37.006983" lon="127.046549"><time>2026-09-27T00:29:32.001Z</time><ele>11.32</ele></trkpt><trkpt lat="37.00691" lon="127.046627"><time>2026-09-27T00:29:33.001Z</time><ele>11.59</ele></trkpt><trkpt lat="37.00683" lon="127.046717"><time>2026-09-27T00:29:34.001Z</time><ele>11.53</ele></trkpt><trkpt lat="37.006743" lon="127.046808"><time>2026-09-27T00:29:35.001Z</time><ele>11.82</ele></trkpt><trkpt lat="37.006654" lon="127.046908"><time>2026-09-27T00:29:36.001Z</time><ele>11.67</ele></trkpt><trkpt lat="37.00656" lon="127.047009"><time>2026-09-27T00:29:37.001Z</time><ele>11.52</ele></trkpt><trkpt lat="37.006464" lon="127.047116"><time>2026-09-27T00:29:38.001Z</time><ele>11.8</ele></trkpt><trkpt lat="37.00637" lon="127.047226"><time>2026-09-27T00:29:39.001Z</time><ele>11.15</ele></trkpt><trkpt lat="37.006273" lon="127.047327"><time>2026-09-27T00:29:40.001Z</time><ele>11.06</ele></trkpt><trkpt lat="37.006176" lon="127.047434"><time>2026-09-27T00:29:41.001Z</time><ele>10.82</ele></trkpt><trkpt lat="37.00608" lon="127.04754"><time>2026-09-27T00:29:42.001Z</time><ele>9.84</ele></trkpt><trkpt lat="37.005989" lon="127.047643"><time>2026-09-27T00:29:43.001Z</time><ele>10.16</ele></trkpt><trkpt lat="37.005889" lon="127.047753"><time>2026-09-27T00:29:44.001Z</time><ele>10.67</ele></trkpt><trkpt lat="37.005789" lon="127.047866"><time>2026-09-27T00:29:45.001Z</time><ele>10.75</ele></trkpt><trkpt lat="37.005686" lon="127.047984"><time>2026-09-27T00:29:46.001Z</time><ele>10.83</ele></trkpt><trkpt lat="37.005584" lon="127.048102"><time>2026-09-27T00:29:47.001Z</time><ele>10.4</ele></trkpt><trkpt lat="37.005485" lon="127.048227"><time>2026-09-27T00:29:48.001Z</time><ele>10.62</ele></trkpt><trkpt lat="37.005388" lon="127.048358"><time>2026-09-27T00:29:49.001Z</time><ele>10.61</ele></trkpt><trkpt lat="37.005299" lon="127.048489"><time>2026-09-27T00:29:50.001Z</time><ele>10.68</ele></trkpt><trkpt lat="37.005214" lon="127.048623"><time>2026-09-27T00:29:51.001Z</time><ele>10.77</ele></trkpt><trkpt lat="37.005139" lon="127.048755"><time>2026-09-27T00:29:52.001Z</time><ele>11.57</ele></trkpt><trkpt lat="37.005064" lon="127.048896"><time>2026-09-27T00:29:53.001Z</time><ele>11.67</ele></trkpt><trkpt lat="37.004994" lon="127.049037"><time>2026-09-27T00:29:54.001Z</time><ele>11.9</ele></trkpt><trkpt lat="37.004925" lon="127.049181"><time>2026-09-27T00:29:55.001Z</time><ele>11.9</ele></trkpt><trkpt lat="37.004846" lon="127.049324"><time>2026-09-27T00:29:56.001Z</time><ele>11.66</ele></trkpt><trkpt lat="37.004774" lon="127.049467"><time>2026-09-27T00:29:57.001Z</time><ele>11.7</ele></trkpt><trkpt lat="37.00471" lon="127.04964"><time>2026-09-27T00:29:58.001Z</time><ele>11.23</ele></trkpt><trkpt lat="37.004661" lon="127.049811"><time>2026-09-27T00:29:59.001Z</time><ele>11.3</ele></trkpt><trkpt lat="37.004615" lon="127.049983"><time>2026-09-27T00:30:00.001Z</time><ele>11.9</ele></trkpt><trkpt lat="37.004569" lon="127.050164"><time>2026-09-27T00:30:01.001Z</time><ele>11.9</ele></trkpt><trkpt lat="37.004529" lon="127.050349"><time>2026-09-27T00:30:02.001Z</time><ele>12.55</ele></trkpt><trkpt lat="37.004493" lon="127.050544"><time>2026-09-27T00:30:03.001Z</time><ele>13.25</ele></trkpt><trkpt lat="37.004455" lon="127.050751"><time>2026-09-27T00:30:04.001Z</time><ele>13.61</ele></trkpt><trkpt lat="37.004419" lon="127.050961"><time>2026-09-27T00:30:05.001Z</time><ele>13.4</ele></trkpt><trkpt lat="37.004381" lon="127.051172"><time>2026-09-27T00:30:06.001Z</time><ele>13.8</ele></trkpt><trkpt lat="37.004341" lon="127.051392"><time>2026-09-27T00:30:07.001Z</time><ele>13.7</ele></trkpt><trkpt lat="37.004297" lon="127.051624"><time>2026-09-27T00:30:08.001Z</time><ele>14.14</ele></trkpt><trkpt lat="37.004253" lon="127.051856"><time>2026-09-27T00:30:09.001Z</time><ele>14.51</ele></trkpt><trkpt lat="37.004211" lon="127.052094"><time>2026-09-27T00:30:10.001Z</time><ele>14.71</ele></trkpt><trkpt lat="37.004167" lon="127.052348"><time>2026-09-27T00:30:11.001Z</time><ele>13.96</ele></trkpt><trkpt lat="37.004128" lon="127.052619"><time>2026-09-27T00:30:12.001Z</time><ele>14.16</ele></trkpt><trkpt lat="37.004089" lon="127.052908"><time>2026-09-27T00:30:13.001Z</time><ele>15.07</ele></trkpt><trkpt lat="37.004041" lon="127.0532"><time>2026-09-27T00:30:14.001Z</time><ele>15.25</ele></trkpt><trkpt lat="37.003986" lon="127.053488"><time>2026-09-27T00:30:15.001Z</time><ele>16.17</ele></trkpt><trkpt lat="37.003932" lon="127.053788"><time>2026-09-27T00:30:16.000Z</time><ele>16.72</ele></trkpt><trkpt lat="37.003872" lon="127.054095"><time>2026-09-27T00:30:17.000Z</time><ele>17.71</ele></trkpt><trkpt lat="37.003819" lon="127.054387"><time>2026-09-27T00:30:18.000Z</time><ele>18.42</ele></trkpt><trkpt lat="37.003768" lon="127.05467"><time>2026-09-27T00:30:19.000Z</time><ele>18.73</ele></trkpt><trkpt lat="37.003715" lon="127.054955"><time>2026-09-27T00:30:20.000Z</time><ele>19.56</ele></trkpt><trkpt lat="37.003665" lon="127.055223"><time>2026-09-27T00:30:21.000Z</time><ele>19.98</ele></trkpt><trkpt lat="37.003614" lon="127.055495"><time>2026-09-27T00:30:22.000Z</time><ele>21.06</ele></trkpt><trkpt lat="37.003566" lon="127.055762"><time>2026-09-27T00:30:23.000Z</time><ele>21</ele></trkpt><trkpt lat="37.003515" lon="127.056037"><time>2026-09-27T00:30:24.000Z</time><ele>21.85</ele></trkpt><trkpt lat="37.003465" lon="127.056302"><time>2026-09-27T00:30:25.000Z</time><ele>22.39</ele></trkpt><trkpt lat="37.003419" lon="127.05655"><time>2026-09-27T00:30:26.000Z</time><ele>23.08</ele></trkpt><trkpt lat="37.003371" lon="127.056797"><time>2026-09-27T00:30:27.000Z</time><ele>24</ele></trkpt><trkpt lat="37.003316" lon="127.05704"><time>2026-09-27T00:30:28.000Z</time><ele>24.61</ele></trkpt><trkpt lat="37.003255" lon="127.057278"><time>2026-09-27T00:30:29.000Z</time><ele>24.97</ele></trkpt><trkpt lat="37.003185" lon="127.05751"><time>2026-09-27T00:30:30.000Z</time><ele>25.43</ele></trkpt><trkpt lat="37.003106" lon="127.057741"><time>2026-09-27T00:30:31.000Z</time><ele>26.12</ele></trkpt><trkpt lat="37.003023" lon="127.057948"><time>2026-09-27T00:30:32.000Z</time><ele>26.49</ele></trkpt><trkpt lat="37.002929" lon="127.058138"><time>2026-09-27T00:30:33.000Z</time><ele>27.44</ele></trkpt><trkpt lat="37.002822" lon="127.058319"><time>2026-09-27T00:30:34.000Z</time><ele>28.26</ele></trkpt><trkpt lat="37.002704" lon="127.058492"><time>2026-09-27T00:30:35.000Z</time><ele>28.31</ele></trkpt><trkpt lat="37.002582" lon="127.058655"><time>2026-09-27T00:30:36.000Z</time><ele>28.39</ele></trkpt><trkpt lat="37.002451" lon="127.058811"><time>2026-09-27T00:30:37.000Z</time><ele>28.34</ele></trkpt><trkpt lat="37.002308" lon="127.058963"><time>2026-09-27T00:30:38.000Z</time><ele>28.59</ele></trkpt><trkpt lat="37.002149" lon="127.059098"><time>2026-09-27T00:30:39.000Z</time><ele>29.24</ele></trkpt><trkpt lat="37.001981" lon="127.059222"><time>2026-09-27T00:30:40.000Z</time><ele>29.36</ele></trkpt><trkpt lat="37.001803" lon="127.059335"><time>2026-09-27T00:30:41.000Z</time><ele>29.53</ele></trkpt><trkpt lat="37.001615" lon="127.059427"><time>2026-09-27T00:30:42.000Z</time><ele>29.84</ele></trkpt><trkpt lat="37.001422" lon="127.059507"><time>2026-09-27T00:30:43.000Z</time><ele>28.86</ele></trkpt><trkpt lat="37.001228" lon="127.059569"><time>2026-09-27T00:30:44.000Z</time><ele>28.64</ele></trkpt><trkpt lat="37.001031" lon="127.05961"><time>2026-09-27T00:30:45.000Z</time><ele>28.28</ele></trkpt><trkpt lat="37.00083" lon="127.059639"><time>2026-09-27T00:30:46.000Z</time><ele>27.45</ele></trkpt><trkpt lat="37.000628" lon="127.059662"><time>2026-09-27T00:30:47.000Z</time><ele>26.79</ele></trkpt><trkpt lat="37.000418" lon="127.059679"><time>2026-09-27T00:30:48.000Z</time><ele>26.04</ele></trkpt><trkpt lat="37.000211" lon="127.059689"><time>2026-09-27T00:30:49.000Z</time><ele>25.41</ele></trkpt><trkpt lat="37.000014" lon="127.059696"><time>2026-09-27T00:30:50.000Z</time><ele>24.74</ele></trkpt><trkpt lat="36.999808" lon="127.059706"><time>2026-09-27T00:30:51.000Z</time><ele>23.98</ele></trkpt><trkpt lat="36.9996" lon="127.059716"><time>2026-09-27T00:30:52.000Z</time><ele>23.17</ele></trkpt><trkpt lat="36.999392" lon="127.059727"><time>2026-09-27T00:30:53.000Z</time><ele>22.42</ele></trkpt><trkpt lat="36.999189" lon="127.059737"><time>2026-09-27T00:30:54.000Z</time><ele>21.57</ele></trkpt><trkpt lat="36.998982" lon="127.059748"><time>2026-09-27T00:30:55.000Z</time><ele>21.25</ele></trkpt><trkpt lat="36.998774" lon="127.059757"><time>2026-09-27T00:30:56.000Z</time><ele>20.7</ele></trkpt><trkpt lat="36.998566" lon="127.059766"><time>2026-09-27T00:30:57.000Z</time><ele>20.24</ele></trkpt><trkpt lat="36.998355" lon="127.059779"><time>2026-09-27T00:30:58.000Z</time><ele>19.63</ele></trkpt><trkpt lat="36.998142" lon="127.059791"><time>2026-09-27T00:30:59.000Z</time><ele>19.4</ele></trkpt><trkpt lat="36.997923" lon="127.059801"><time>2026-09-27T00:31:00.000Z</time><ele>19.61</ele></trkpt><trkpt lat="36.997696" lon="127.059813"><time>2026-09-27T00:31:01.000Z</time><ele>19.58</ele></trkpt><trkpt lat="36.99746" lon="127.059824"><time>2026-09-27T00:31:02.000Z</time><ele>19.85</ele></trkpt><trkpt lat="36.997218" lon="127.059835"><time>2026-09-27T00:31:03.000Z</time><ele>20.07</ele></trkpt><trkpt lat="36.996953" lon="127.05985"><time>2026-09-27T00:31:04.000Z</time><ele>19.99</ele></trkpt><trkpt lat="36.996685" lon="127.059865"><time>2026-09-27T00:31:05.000Z</time><ele>20.22</ele></trkpt><trkpt lat="36.996409" lon="127.059874"><time>2026-09-27T00:31:06.000Z</time><ele>20.85</ele></trkpt><trkpt lat="36.99613" lon="127.059887"><time>2026-09-27T00:31:07.000Z</time><ele>20.8</ele></trkpt><trkpt lat="36.995844" lon="127.059903"><time>2026-09-27T00:31:08.000Z</time><ele>20.91</ele></trkpt><trkpt lat="36.995558" lon="127.059916"><time>2026-09-27T00:31:09.000Z</time><ele>21.66</ele></trkpt><trkpt lat="36.995272" lon="127.059931"><time>2026-09-27T00:31:10.000Z</time><ele>21.67</ele></trkpt><trkpt lat="36.99499" lon="127.059943"><time>2026-09-27T00:31:11.000Z</time><ele>22.07</ele></trkpt><trkpt lat="36.994711" lon="127.059955"><time>2026-09-27T00:31:12.000Z</time><ele>21.99</ele></trkpt><trkpt lat="36.994439" lon="127.059967"><time>2026-09-27T00:31:13.000Z</time><ele>21.69</ele></trkpt><trkpt lat="36.994185" lon="127.059979"><time>2026-09-27T00:31:14.001Z</time><ele>21.19</ele></trkpt><trkpt lat="36.993944" lon="127.059989"><time>2026-09-27T00:31:15.001Z</time><ele>20.88</ele></trkpt><trkpt lat="36.993718" lon="127.059997"><time>2026-09-27T00:31:16.001Z</time><ele>20.57</ele></trkpt><trkpt lat="36.993497" lon="127.060007"><time>2026-09-27T00:31:17.001Z</time><ele>19.69</ele></trkpt><trkpt lat="36.99328" lon="127.060019"><time>2026-09-27T00:31:18.001Z</time><ele>19.2</ele></trkpt><trkpt lat="36.993072" lon="127.060026"><time>2026-09-27T00:31:19.001Z</time><ele>19.69</ele></trkpt><trkpt lat="36.992874" lon="127.060036"><time>2026-09-27T00:31:20.001Z</time><ele>19.16</ele></trkpt><trkpt lat="36.992681" lon="127.060045"><time>2026-09-27T00:31:21.001Z</time><ele>19.38</ele></trkpt><trkpt lat="36.992493" lon="127.060053"><time>2026-09-27T00:31:22.001Z</time><ele>19.41</ele></trkpt><trkpt lat="36.992303" lon="127.06006"><time>2026-09-27T00:31:23.001Z</time><ele>19.54</ele></trkpt><trkpt lat="36.99211" lon="127.060067"><time>2026-09-27T00:31:24.001Z</time><ele>19.12</ele></trkpt><trkpt lat="36.991915" lon="127.060078"><time>2026-09-27T00:31:25.001Z</time><ele>19.06</ele></trkpt><trkpt lat="36.991711" lon="127.060089"><time>2026-09-27T00:31:26.001Z</time><ele>19.15</ele></trkpt><trkpt lat="36.991501" lon="127.060098"><time>2026-09-27T00:31:27.001Z</time><ele>19.01</ele></trkpt><trkpt lat="36.991282" lon="127.060107"><time>2026-09-27T00:31:28.001Z</time><ele>19.21</ele></trkpt><trkpt lat="36.991058" lon="127.060117"><time>2026-09-27T00:31:29.001Z</time><ele>18.91</ele></trkpt><trkpt lat="36.990825" lon="127.060129"><time>2026-09-27T00:31:30.001Z</time><ele>19.26</ele></trkpt><trkpt lat="36.990592" lon="127.060141"><time>2026-09-27T00:31:31.001Z</time><ele>19.07</ele></trkpt><trkpt lat="36.990359" lon="127.06015"><time>2026-09-27T00:31:32.001Z</time><ele>18.92</ele></trkpt><trkpt lat="36.990126" lon="127.060162"><time>2026-09-27T00:31:33.001Z</time><ele>18.69</ele></trkpt><trkpt lat="36.989888" lon="127.060175"><time>2026-09-27T00:31:34.001Z</time><ele>18.36</ele></trkpt><trkpt lat="36.989648" lon="127.060186"><time>2026-09-27T00:31:35.001Z</time><ele>18.33</ele></trkpt><trkpt lat="36.989403" lon="127.060195"><time>2026-09-27T00:31:36.001Z</time><ele>18.5</ele></trkpt><trkpt lat="36.989157" lon="127.060209"><time>2026-09-27T00:31:37.001Z</time><ele>18.21</ele></trkpt><trkpt lat="36.988907" lon="127.060222"><time>2026-09-27T00:31:38.001Z</time><ele>18.81</ele></trkpt><trkpt lat="36.988657" lon="127.060237"><time>2026-09-27T00:31:39.001Z</time><ele>19.24</ele></trkpt><trkpt lat="36.9884" lon="127.060253"><time>2026-09-27T00:31:40.001Z</time><ele>19.24</ele></trkpt><trkpt lat="36.988138" lon="127.060274"><time>2026-09-27T00:31:41.001Z</time><ele>19.42</ele></trkpt><trkpt lat="36.987874" lon="127.060301"><time>2026-09-27T00:31:42.001Z</time><ele>18.96</ele></trkpt><trkpt lat="36.987611" lon="127.060332"><time>2026-09-27T00:31:43.001Z</time><ele>18.87</ele></trkpt><trkpt lat="36.987348" lon="127.060374"><time>2026-09-27T00:31:44.001Z</time><ele>18.53</ele></trkpt><trkpt lat="36.987084" lon="127.060423"><time>2026-09-27T00:31:45.001Z</time><ele>18.21</ele></trkpt><trkpt lat="36.986819" lon="127.060485"><time>2026-09-27T00:31:46.001Z</time><ele>18.35</ele></trkpt><trkpt lat="36.986554" lon="127.060556"><time>2026-09-27T00:31:47.001Z</time><ele>18.52</ele></trkpt><trkpt lat="36.986291" lon="127.060637"><time>2026-09-27T00:31:48.001Z</time><ele>18.55</ele></trkpt><trkpt lat="36.98603" lon="127.060727"><time>2026-09-27T00:31:49.001Z</time><ele>18.38</ele></trkpt><trkpt lat="36.985774" lon="127.060838"><time>2026-09-27T00:31:50.001Z</time><ele>17.9</ele></trkpt><trkpt lat="36.98552" lon="127.060958"><time>2026-09-27T00:31:51.001Z</time><ele>18.2</ele></trkpt><trkpt lat="36.985264" lon="127.061087"><time>2026-09-27T00:31:52.001Z</time><ele>17.9</ele></trkpt><trkpt lat="36.985016" lon="127.061228"><time>2026-09-27T00:31:53.001Z</time><ele>17.75</ele></trkpt><trkpt lat="36.984774" lon="127.061379"><time>2026-09-27T00:31:54.001Z</time><ele>18.15</ele></trkpt><trkpt lat="36.984536" lon="127.061546"><time>2026-09-27T00:31:55.001Z</time><ele>17.93</ele></trkpt><trkpt lat="36.984301" lon="127.061725"><time>2026-09-27T00:31:56.001Z</time><ele>18.01</ele></trkpt><trkpt lat="36.98407" lon="127.061918"><time>2026-09-27T00:31:57.001Z</time><ele>17.96</ele></trkpt><trkpt lat="36.983844" lon="127.062118"><time>2026-09-27T00:31:58.001Z</time><ele>18.33</ele></trkpt><trkpt lat="36.983623" lon="127.062334"><time>2026-09-27T00:31:59.001Z</time><ele>17.96</ele></trkpt><trkpt lat="36.983409" lon="127.062561"><time>2026-09-27T00:32:00.001Z</time><ele>17.91</ele></trkpt><trkpt lat="36.983201" lon="127.062799"><time>2026-09-27T00:32:01.001Z</time><ele>17.77</ele></trkpt><trkpt lat="36.982999" lon="127.063053"><time>2026-09-27T00:32:02.001Z</time><ele>17.87</ele></trkpt><trkpt lat="36.982807" lon="127.063317"><time>2026-09-27T00:32:03.001Z</time><ele>17.62</ele></trkpt><trkpt lat="36.98262" lon="127.063585"><time>2026-09-27T00:32:04.001Z</time><ele>18.01</ele></trkpt><trkpt lat="36.982441" lon="127.063856"><time>2026-09-27T00:32:05.001Z</time><ele>18.56</ele></trkpt><trkpt lat="36.982275" lon="127.064136"><time>2026-09-27T00:32:06.001Z</time><ele>18.55</ele></trkpt><trkpt lat="36.982122" lon="127.064425"><time>2026-09-27T00:32:07.001Z</time><ele>19.07</ele></trkpt><trkpt lat="36.981979" lon="127.064722"><time>2026-09-27T00:32:08.001Z</time><ele>19.54</ele></trkpt><trkpt lat="36.981841" lon="127.065023"><time>2026-09-27T00:32:09.001Z</time><ele>19.68</ele></trkpt><trkpt lat="36.981712" lon="127.06533"><time>2026-09-27T00:32:10.001Z</time><ele>19.69</ele></trkpt><trkpt lat="36.981592" lon="127.065644"><time>2026-09-27T00:32:11.001Z</time><ele>19.86</ele></trkpt><trkpt lat="36.981479" lon="127.065962"><time>2026-09-27T00:32:12.001Z</time><ele>20.25</ele></trkpt><trkpt lat="36.981377" lon="127.066287"><time>2026-09-27T00:32:13.001Z</time><ele>20.27</ele></trkpt><trkpt lat="36.981281" lon="127.066611"><time>2026-09-27T00:32:14.001Z</time><ele>20.13</ele></trkpt><trkpt lat="36.981186" lon="127.066937"><time>2026-09-27T00:32:15.001Z</time><ele>20.2</ele></trkpt><trkpt lat="36.981097" lon="127.067262"><time>2026-09-27T00:32:16.001Z</time><ele>19.98</ele></trkpt><trkpt lat="36.981012" lon="127.067593"><time>2026-09-27T00:32:17.001Z</time><ele>20.06</ele></trkpt><trkpt lat="36.98093" lon="127.067918"><time>2026-09-27T00:32:18.001Z</time><ele>19.91</ele></trkpt><trkpt lat="36.980847" lon="127.068244"><time>2026-09-27T00:32:19.001Z</time><ele>19.64</ele></trkpt><trkpt lat="36.980764" lon="127.06858"><time>2026-09-27T00:32:20.001Z</time><ele>19.49</ele></trkpt><trkpt lat="36.980677" lon="127.068927"><time>2026-09-27T00:32:21.001Z</time><ele>20.11</ele></trkpt><trkpt lat="36.980591" lon="127.069278"><time>2026-09-27T00:32:22.000Z</time><ele>19.76</ele></trkpt><trkpt lat="36.980163" lon="127.071017"><time>2026-09-27T00:32:27.000Z</time><ele>20.22</ele></trkpt><trkpt lat="36.980092" lon="127.071308"><time>2026-09-27T00:32:28.000Z</time><ele>20.03</ele></trkpt><trkpt lat="36.980022" lon="127.071584"><time>2026-09-27T00:32:29.000Z</time><ele>20.22</ele></trkpt><trkpt lat="36.979957" lon="127.071843"><time>2026-09-27T00:32:30.000Z</time><ele>20.96</ele></trkpt><trkpt lat="36.979891" lon="127.072085"><time>2026-09-27T00:32:31.000Z</time><ele>21.27</ele></trkpt><trkpt lat="36.979839" lon="127.07231"><time>2026-09-27T00:32:32.000Z</time><ele>20.62</ele></trkpt><trkpt lat="36.979789" lon="127.072506"><time>2026-09-27T00:32:33.000Z</time><ele>20.46</ele></trkpt><trkpt lat="36.979733" lon="127.072692"><time>2026-09-27T00:32:34.000Z</time><ele>20.68</ele></trkpt><trkpt lat="36.979671" lon="127.072877"><time>2026-09-27T00:32:35.000Z</time><ele>20.57</ele></trkpt><trkpt lat="36.979612" lon="127.073065"><time>2026-09-27T00:32:36.000Z</time><ele>19.95</ele></trkpt><trkpt lat="36.979563" lon="127.073267"><time>2026-09-27T00:32:37.000Z</time><ele>20.73</ele></trkpt><trkpt lat="36.979513" lon="127.073469"><time>2026-09-27T00:32:38.000Z</time><ele>20.79</ele></trkpt><trkpt lat="36.979459" lon="127.07367"><time>2026-09-27T00:32:39.000Z</time><ele>20.71</ele></trkpt><trkpt lat="36.979407" lon="127.07386"><time>2026-09-27T00:32:40.000Z</time><ele>20.33</ele></trkpt><trkpt lat="36.979351" lon="127.07404"><time>2026-09-27T00:32:41.000Z</time><ele>20.38</ele></trkpt><trkpt lat="36.979286" lon="127.074225"><time>2026-09-27T00:32:42.000Z</time><ele>20.92</ele></trkpt><trkpt lat="36.97927" lon="127.074448"><time>2026-09-27T00:32:43.000Z</time><ele>20.88</ele></trkpt><trkpt lat="36.979172" lon="127.074613"><time>2026-09-27T00:32:44.000Z</time><ele>21.35</ele></trkpt><trkpt lat="36.979117" lon="127.074814"><time>2026-09-27T00:32:45.000Z</time><ele>21.87</ele></trkpt><trkpt lat="36.979066" lon="127.075001"><time>2026-09-27T00:32:46.000Z</time><ele>22.44</ele></trkpt><trkpt lat="36.979007" lon="127.075187"><time>2026-09-27T00:32:47.000Z</time><ele>22.08</ele></trkpt><trkpt lat="36.978954" lon="127.075359"><time>2026-09-27T00:32:48.000Z</time><ele>21.17</ele></trkpt><trkpt lat="36.978907" lon="127.075531"><time>2026-09-27T00:32:49.000Z</time><ele>20.91</ele></trkpt><trkpt lat="36.978862" lon="127.075697"><time>2026-09-27T00:32:50.000Z</time><ele>20.05</ele></trkpt><trkpt lat="36.978816" lon="127.075857"><time>2026-09-27T00:32:51.000Z</time><ele>19.34</ele></trkpt><trkpt lat="36.978769" lon="127.076025"><time>2026-09-27T00:32:52.000Z</time><ele>18.61</ele></trkpt><trkpt lat="36.978722" lon="127.07619"><time>2026-09-27T00:32:53.000Z</time><ele>18.16</ele></trkpt><trkpt lat="36.978674" lon="127.076348"><time>2026-09-27T00:32:54.000Z</time><ele>17.19</ele></trkpt><trkpt lat="36.978624" lon="127.076506"><time>2026-09-27T00:32:55.000Z</time><ele>16.32</ele></trkpt><trkpt lat="36.978574" lon="127.07667"><time>2026-09-27T00:32:56.000Z</time><ele>15.59</ele></trkpt><trkpt lat="36.978526" lon="127.076843"><time>2026-09-27T00:32:57.000Z</time><ele>15.01</ele></trkpt><trkpt lat="36.978478" lon="127.07701"><time>2026-09-27T00:32:58.000Z</time><ele>14.3</ele></trkpt><trkpt lat="36.978437" lon="127.077157"><time>2026-09-27T00:32:59.000Z</time><ele>13.49</ele></trkpt><trkpt lat="36.978393" lon="127.077281"><time>2026-09-27T00:33:00.000Z</time><ele>13.4</ele></trkpt><trkpt lat="36.978354" lon="127.07738"><time>2026-09-27T00:33:01.000Z</time><ele>12.28</ele></trkpt><trkpt lat="36.978295" lon="127.077457"><time>2026-09-27T00:33:02.000Z</time><ele>12.12</ele></trkpt><trkpt lat="36.978226" lon="127.077494"><time>2026-09-27T00:33:03.000Z</time><ele>11.89</ele></trkpt><trkpt lat="36.978141" lon="127.07749"><time>2026-09-27T00:33:04.000Z</time><ele>12.18</ele></trkpt><trkpt lat="36.978048" lon="127.077455"><time>2026-09-27T00:33:05.000Z</time><ele>12.09</ele></trkpt><trkpt lat="36.977946" lon="127.077408"><time>2026-09-27T00:33:06.000Z</time><ele>12.71</ele></trkpt><trkpt lat="36.977846" lon="127.077426"><time>2026-09-27T00:33:07.000Z</time><ele>11.73</ele></trkpt><trkpt lat="36.977727" lon="127.077321"><time>2026-09-27T00:33:08.000Z</time><ele>11.99</ele></trkpt><trkpt lat="36.977587" lon="127.077287"><time>2026-09-27T00:33:09.000Z</time><ele>12.37</ele></trkpt><trkpt lat="36.977448" lon="127.077245"><time>2026-09-27T00:33:10.000Z</time><ele>12.56</ele></trkpt><trkpt lat="36.977327" lon="127.077199"><time>2026-09-27T00:33:11.000Z</time><ele>12</ele></trkpt><trkpt lat="36.977216" lon="127.077152"><time>2026-09-27T00:33:12.000Z</time><ele>12.1</ele></trkpt><trkpt lat="36.977111" lon="127.077109"><time>2026-09-27T00:33:13.000Z</time><ele>12.09</ele></trkpt><trkpt lat="36.977018" lon="127.077073"><time>2026-09-27T00:33:14.000Z</time><ele>11.98</ele></trkpt><trkpt lat="36.976932" lon="127.077038"><time>2026-09-27T00:33:15.000Z</time><ele>11.84</ele></trkpt><trkpt lat="36.976854" lon="127.077006"><time>2026-09-27T00:33:16.000Z</time><ele>11.67</ele></trkpt><trkpt lat="36.976781" lon="127.076973"><time>2026-09-27T00:33:17.000Z</time><ele>11.65</ele></trkpt><trkpt lat="36.976694" lon="127.07694"><time>2026-09-27T00:33:18.000Z</time><ele>11.69</ele></trkpt><trkpt lat="36.976598" lon="127.076901"><time>2026-09-27T00:33:19.000Z</time><ele>11.93</ele></trkpt><trkpt lat="36.976502" lon="127.076857"><time>2026-09-27T00:33:20.000Z</time><ele>12.23</ele></trkpt><trkpt lat="36.976403" lon="127.076815"><time>2026-09-27T00:33:21.001Z</time><ele>12.42</ele></trkpt><trkpt lat="36.976317" lon="127.076782"><time>2026-09-27T00:33:22.001Z</time><ele>12.2</ele></trkpt><trkpt lat="36.976227" lon="127.076747"><time>2026-09-27T00:33:23.001Z</time><ele>12.1</ele></trkpt><trkpt lat="36.976136" lon="127.076713"><time>2026-09-27T00:33:24.001Z</time><ele>11.27</ele></trkpt><trkpt lat="36.976032" lon="127.07667"><time>2026-09-27T00:33:25.001Z</time><ele>11.74</ele></trkpt><trkpt lat="36.975926" lon="127.076624"><time>2026-09-27T00:33:26.001Z</time><ele>11.38</ele></trkpt><trkpt lat="36.975816" lon="127.07658"><time>2026-09-27T00:33:27.001Z</time><ele>11.39</ele></trkpt><trkpt lat="36.975699" lon="127.076537"><time>2026-09-27T00:33:28.001Z</time><ele>11.38</ele></trkpt><trkpt lat="36.975578" lon="127.076486"><time>2026-09-27T00:33:29.001Z</time><ele>11.45</ele></trkpt><trkpt lat="36.975452" lon="127.076432"><time>2026-09-27T00:33:30.001Z</time><ele>11.68</ele></trkpt><trkpt lat="36.97533" lon="127.076386"><time>2026-09-27T00:33:31.001Z</time><ele>11.69</ele></trkpt><trkpt lat="36.97522" lon="127.076338"><time>2026-09-27T00:33:32.001Z</time><ele>11.46</ele></trkpt><trkpt lat="36.975097" lon="127.076278"><time>2026-09-27T00:33:33.001Z</time><ele>11.72</ele></trkpt><trkpt lat="36.97497" lon="127.07622"><time>2026-09-27T00:33:34.001Z</time><ele>11.54</ele></trkpt><trkpt lat="36.974843" lon="127.076162"><time>2026-09-27T00:33:35.001Z</time><ele>11.68</ele></trkpt><trkpt lat="36.974726" lon="127.076101"><time>2026-09-27T00:33:36.001Z</time><ele>11.43</ele></trkpt><trkpt lat="36.974603" lon="127.076036"><time>2026-09-27T00:33:37.001Z</time><ele>11.27</ele></trkpt><trkpt lat="36.974475" lon="127.075967"><time>2026-09-27T00:33:38.001Z</time><ele>11.61</ele></trkpt><trkpt lat="36.97434" lon="127.075902"><time>2026-09-27T00:33:39.001Z</time><ele>11.85</ele></trkpt><trkpt lat="36.974195" lon="127.075846"><time>2026-09-27T00:33:40.001Z</time><ele>11.75</ele></trkpt><trkpt lat="36.974041" lon="127.075782"><time>2026-09-27T00:33:41.001Z</time><ele>11.45</ele></trkpt><trkpt lat="36.973887" lon="127.0757"><time>2026-09-27T00:33:42.001Z</time><ele>11.41</ele></trkpt><trkpt lat="36.973743" lon="127.075624"><time>2026-09-27T00:33:43.001Z</time><ele>11.02</ele></trkpt><trkpt lat="36.973608" lon="127.075551"><time>2026-09-27T00:33:44.001Z</time><ele>11.03</ele></trkpt><trkpt lat="36.973459" lon="127.075468"><time>2026-09-27T00:33:45.001Z</time><ele>11.49</ele></trkpt><trkpt lat="36.973314" lon="127.07538"><time>2026-09-27T00:33:46.001Z</time><ele>11.35</ele></trkpt><trkpt lat="36.97316" lon="127.07529"><time>2026-09-27T00:33:47.001Z</time><ele>11.28</ele></trkpt><trkpt lat="36.973003" lon="127.075195"><time>2026-09-27T00:33:48.001Z</time><ele>11.06</ele></trkpt><trkpt lat="36.972845" lon="127.075094"><time>2026-09-27T00:33:49.001Z</time><ele>10.98</ele></trkpt><trkpt lat="36.97268" lon="127.074995"><time>2026-09-27T00:33:50.001Z</time><ele>11.08</ele></trkpt><trkpt lat="36.972516" lon="127.074893"><time>2026-09-27T00:33:51.001Z</time><ele>10.91</ele></trkpt><trkpt lat="36.972352" lon="127.074789"><time>2026-09-27T00:33:52.001Z</time><ele>10.58</ele></trkpt><trkpt lat="36.972187" lon="127.07468"><time>2026-09-27T00:33:53.001Z</time><ele>10.6</ele></trkpt><trkpt lat="36.972023" lon="127.074575"><time>2026-09-27T00:33:54.001Z</time><ele>10.37</ele></trkpt><trkpt lat="36.971855" lon="127.074467"><time>2026-09-27T00:33:55.001Z</time><ele>10.18</ele></trkpt><trkpt lat="36.971689" lon="127.074339"><time>2026-09-27T00:33:56.001Z</time><ele>10.01</ele></trkpt><trkpt lat="36.971506" lon="127.074222"><time>2026-09-27T00:33:57.001Z</time><ele>10.28</ele></trkpt><trkpt lat="36.971315" lon="127.07412"><time>2026-09-27T00:33:58.001Z</time><ele>11.08</ele></trkpt><trkpt lat="36.971132" lon="127.074"><time>2026-09-27T00:33:59.001Z</time><ele>10.73</ele></trkpt><trkpt lat="36.970952" lon="127.073883"><time>2026-09-27T00:34:00.001Z</time><ele>10.31</ele></trkpt><trkpt lat="36.970771" lon="127.073765"><time>2026-09-27T00:34:01.001Z</time><ele>10.23</ele></trkpt><trkpt lat="36.970587" lon="127.073648"><time>2026-09-27T00:34:02.001Z</time><ele>10.16</ele></trkpt><trkpt lat="36.970401" lon="127.07353"><time>2026-09-27T00:34:03.001Z</time><ele>10.69</ele></trkpt><trkpt lat="36.97022" lon="127.073389"><time>2026-09-27T00:34:04.001Z</time><ele>10.41</ele></trkpt><trkpt lat="36.970033" lon="127.073265"><time>2026-09-27T00:34:05.001Z</time><ele>9.89</ele></trkpt><trkpt lat="36.969836" lon="127.073135"><time>2026-09-27T00:34:06.001Z</time><ele>9.95</ele></trkpt><trkpt lat="36.969635" lon="127.073002"><time>2026-09-27T00:34:07.001Z</time><ele>10.05</ele></trkpt><trkpt lat="36.969435" lon="127.072865"><time>2026-09-27T00:34:08.001Z</time><ele>10.46</ele></trkpt><trkpt lat="36.969242" lon="127.072723"><time>2026-09-27T00:34:09.001Z</time><ele>10.32</ele></trkpt><trkpt lat="36.969049" lon="127.072584"><time>2026-09-27T00:34:10.001Z</time><ele>10.91</ele></trkpt><trkpt lat="36.968855" lon="127.072441"><time>2026-09-27T00:34:11.001Z</time><ele>11.01</ele></trkpt><trkpt lat="36.968662" lon="127.072301"><time>2026-09-27T00:34:12.001Z</time><ele>11.55</ele></trkpt><trkpt lat="36.968475" lon="127.072164"><time>2026-09-27T00:34:13.001Z</time><ele>11.65</ele></trkpt><trkpt lat="36.968291" lon="127.07203"><time>2026-09-27T00:34:14.001Z</time><ele>12.2</ele></trkpt><trkpt lat="36.968117" lon="127.071903"><time>2026-09-27T00:34:15.001Z</time><ele>13.17</ele></trkpt><trkpt lat="36.967948" lon="127.07178"><time>2026-09-27T00:34:16.001Z</time><ele>12.45</ele></trkpt><trkpt lat="36.967777" lon="127.071655"><time>2026-09-27T00:34:17.001Z</time><ele>12.52</ele></trkpt><trkpt lat="36.967601" lon="127.071526"><time>2026-09-27T00:34:18.001Z</time><ele>13.01</ele></trkpt><trkpt lat="36.967426" lon="127.071399"><time>2026-09-27T00:34:19.001Z</time><ele>13.25</ele></trkpt><trkpt lat="36.967264" lon="127.07128"><time>2026-09-27T00:34:20.001Z</time><ele>13.81</ele></trkpt><trkpt lat="36.967111" lon="127.071169"><time>2026-09-27T00:34:21.001Z</time><ele>14.05</ele></trkpt><trkpt lat="36.966961" lon="127.07106"><time>2026-09-27T00:34:22.001Z</time><ele>13.75</ele></trkpt><trkpt lat="36.966807" lon="127.07097"><time>2026-09-27T00:34:23.001Z</time><ele>14.05</ele></trkpt><trkpt lat="36.966664" lon="127.070865"><time>2026-09-27T00:34:24.001Z</time><ele>13.31</ele></trkpt><trkpt lat="36.966521" lon="127.070758"><time>2026-09-27T00:34:25.001Z</time><ele>13.3</ele></trkpt><trkpt lat="36.966383" lon="127.070654"><time>2026-09-27T00:34:26.001Z</time><ele>13.8</ele></trkpt><trkpt lat="36.966251" lon="127.070556"><time>2026-09-27T00:34:27.001Z</time><ele>13.44</ele></trkpt><trkpt lat="36.966122" lon="127.070463"><time>2026-09-27T00:34:28.000Z</time><ele>13.55</ele></trkpt><trkpt lat="36.965997" lon="127.070375"><time>2026-09-27T00:34:29.000Z</time><ele>13.62</ele></trkpt><trkpt lat="36.965876" lon="127.070285"><time>2026-09-27T00:34:30.000Z</time><ele>13.41</ele></trkpt><trkpt lat="36.965756" lon="127.070189"><time>2026-09-27T00:34:31.000Z</time><ele>13.5</ele></trkpt><trkpt lat="36.965641" lon="127.070104"><time>2026-09-27T00:34:32.000Z</time><ele>12.97</ele></trkpt><trkpt lat="36.965524" lon="127.070019"><time>2026-09-27T00:34:33.000Z</time><ele>13.22</ele></trkpt><trkpt lat="36.965416" lon="127.069937"><time>2026-09-27T00:34:34.000Z</time><ele>13.19</ele></trkpt><trkpt lat="36.965313" lon="127.069858"><time>2026-09-27T00:34:35.000Z</time><ele>13.35</ele></trkpt><trkpt lat="36.965219" lon="127.069785"><time>2026-09-27T00:34:36.000Z</time><ele>12.95</ele></trkpt><trkpt lat="36.965128" lon="127.069714"><time>2026-09-27T00:34:37.000Z</time><ele>12.85</ele></trkpt><trkpt lat="36.965034" lon="127.069643"><time>2026-09-27T00:34:38.000Z</time><ele>12.56</ele></trkpt><trkpt lat="36.964943" lon="127.069576"><time>2026-09-27T00:34:39.000Z</time><ele>12.48</ele></trkpt><trkpt lat="36.96486" lon="127.069512"><time>2026-09-27T00:34:40.000Z</time><ele>12.69</ele></trkpt><trkpt lat="36.964784" lon="127.069453"><time>2026-09-27T00:34:41.000Z</time><ele>12.48</ele></trkpt><trkpt lat="36.964714" lon="127.0694"><time>2026-09-27T00:34:42.000Z</time><ele>12.92</ele></trkpt><trkpt lat="36.964646" lon="127.069349"><time>2026-09-27T00:34:43.000Z</time><ele>12.92</ele></trkpt><trkpt lat="36.964582" lon="127.069298"><time>2026-09-27T00:34:44.000Z</time><ele>12.85</ele></trkpt><trkpt lat="36.964522" lon="127.069251"><time>2026-09-27T00:34:45.000Z</time><ele>13.26</ele></trkpt><trkpt lat="36.964472" lon="127.069214"><time>2026-09-27T00:34:46.000Z</time><ele>12.96</ele></trkpt><trkpt lat="36.964427" lon="127.069178"><time>2026-09-27T00:34:47.000Z</time><ele>12.73</ele></trkpt><trkpt lat="36.964384" lon="127.069144"><time>2026-09-27T00:34:48.000Z</time><ele>12.99</ele></trkpt><trkpt lat="36.964309" lon="127.06908"><time>2026-09-27T00:34:50.000Z</time><ele>13.42</ele></trkpt><trkpt lat="36.964266" lon="127.069046"><time>2026-09-27T00:34:51.000Z</time><ele>13.73</ele></trkpt><trkpt lat="36.964208" lon="127.069002"><time>2026-09-27T00:34:52.000Z</time><ele>14.13</ele></trkpt><trkpt lat="36.964127" lon="127.068944"><time>2026-09-27T00:34:53.000Z</time><ele>14.71</ele></trkpt><trkpt lat="36.964037" lon="127.068884"><time>2026-09-27T00:34:54.000Z</time><ele>14.76</ele></trkpt><trkpt lat="36.963932" lon="127.068801"><time>2026-09-27T00:34:55.000Z</time><ele>14.95</ele></trkpt><trkpt lat="36.963817" lon="127.068714"><time>2026-09-27T00:34:56.000Z</time><ele>15.48</ele></trkpt><trkpt lat="36.963698" lon="127.068625"><time>2026-09-27T00:34:57.000Z</time><ele>16.02</ele></trkpt><trkpt lat="36.963581" lon="127.068539"><time>2026-09-27T00:34:58.000Z</time><ele>15.7</ele></trkpt><trkpt lat="36.963472" lon="127.068458"><time>2026-09-27T00:34:59.000Z</time><ele>15.63</ele></trkpt><trkpt lat="36.963354" lon="127.068373"><time>2026-09-27T00:35:00.000Z</time><ele>15.82</ele></trkpt><trkpt lat="36.963231" lon="127.068285"><time>2026-09-27T00:35:01.000Z</time><ele>15.71</ele></trkpt><trkpt lat="36.963103" lon="127.068197"><time>2026-09-27T00:35:02.000Z</time><ele>15.6</ele></trkpt><trkpt lat="36.962972" lon="127.068106"><time>2026-09-27T00:35:03.000Z</time><ele>15.56</ele></trkpt><trkpt lat="36.962839" lon="127.068005"><time>2026-09-27T00:35:04.000Z</time><ele>14.83</ele></trkpt><trkpt lat="36.962706" lon="127.067895"><time>2026-09-27T00:35:05.000Z</time><ele>14.69</ele></trkpt><trkpt lat="36.962569" lon="127.067769"><time>2026-09-27T00:35:06.000Z</time><ele>14.95</ele></trkpt><trkpt lat="36.962422" lon="127.067645"><time>2026-09-27T00:35:07.000Z</time><ele>14.79</ele></trkpt><trkpt lat="36.962247" lon="127.067537"><time>2026-09-27T00:35:08.000Z</time><ele>15.22</ele></trkpt><trkpt lat="36.962068" lon="127.067397"><time>2026-09-27T00:35:09.000Z</time><ele>15.49</ele></trkpt><trkpt lat="36.961877" lon="127.067253"><time>2026-09-27T00:35:10.000Z</time><ele>16.12</ele></trkpt><trkpt lat="36.961671" lon="127.067102"><time>2026-09-27T00:35:11.000Z</time><ele>16.55</ele></trkpt><trkpt lat="36.961465" lon="127.066945"><time>2026-09-27T00:35:12.000Z</time><ele>17.34</ele></trkpt><trkpt lat="36.961257" lon="127.066793"><time>2026-09-27T00:35:13.000Z</time><ele>17.97</ele></trkpt><trkpt lat="36.96106" lon="127.066647"><time>2026-09-27T00:35:14.000Z</time><ele>18.05</ele></trkpt><trkpt lat="36.960863" lon="127.066503"><time>2026-09-27T00:35:15.000Z</time><ele>17.34</ele></trkpt><trkpt lat="36.960666" lon="127.066361"><time>2026-09-27T00:35:16.000Z</time><ele>17.3</ele></trkpt><trkpt lat="36.960465" lon="127.066208"><time>2026-09-27T00:35:17.000Z</time><ele>17.59</ele></trkpt><trkpt lat="36.960265" lon="127.066051"><time>2026-09-27T00:35:18.000Z</time><ele>18.54</ele></trkpt><trkpt lat="36.960072" lon="127.06589"><time>2026-09-27T00:35:19.000Z</time><ele>18.1</ele></trkpt><trkpt lat="36.959883" lon="127.065725"><time>2026-09-27T00:35:20.000Z</time><ele>18.41</ele></trkpt><trkpt lat="36.95969" lon="127.06556"><time>2026-09-27T00:35:21.000Z</time><ele>18.7</ele></trkpt><trkpt lat="36.9595" lon="127.065386"><time>2026-09-27T00:35:22.000Z</time><ele>20</ele></trkpt><trkpt lat="36.959315" lon="127.065201"><time>2026-09-27T00:35:23.000Z</time><ele>21.21</ele></trkpt><trkpt lat="36.959128" lon="127.065018"><time>2026-09-27T00:35:24.000Z</time><ele>22.49</ele></trkpt><trkpt lat="36.958938" lon="127.064823"><time>2026-09-27T00:35:25.001Z</time><ele>23.4</ele></trkpt><trkpt lat="36.95874" lon="127.064615"><time>2026-09-27T00:35:26.001Z</time><ele>24.33</ele></trkpt><trkpt lat="36.95855" lon="127.064405"><time>2026-09-27T00:35:27.001Z</time><ele>24.86</ele></trkpt><trkpt lat="36.958363" lon="127.064195"><time>2026-09-27T00:35:28.001Z</time><ele>25.84</ele></trkpt><trkpt lat="36.958178" lon="127.063989"><time>2026-09-27T00:35:29.001Z</time><ele>26.41</ele></trkpt><trkpt lat="36.957993" lon="127.063784"><time>2026-09-27T00:35:30.001Z</time><ele>27.46</ele></trkpt><trkpt lat="36.957815" lon="127.063577"><time>2026-09-27T00:35:31.001Z</time><ele>27.72</ele></trkpt><trkpt lat="36.957644" lon="127.063379"><time>2026-09-27T00:35:32.001Z</time><ele>28.47</ele></trkpt><trkpt lat="36.957472" lon="127.063183"><time>2026-09-27T00:35:33.001Z</time><ele>28.86</ele></trkpt><trkpt lat="36.957303" lon="127.062992"><time>2026-09-27T00:35:34.001Z</time><ele>28.93</ele></trkpt><trkpt lat="36.95713" lon="127.062798"><time>2026-09-27T00:35:35.001Z</time><ele>30.05</ele></trkpt><trkpt lat="36.956956" lon="127.062598"><time>2026-09-27T00:35:36.001Z</time><ele>29.28</ele></trkpt><trkpt lat="36.956777" lon="127.062399"><time>2026-09-27T00:35:37.001Z</time><ele>29.24</ele></trkpt><trkpt lat="36.956597" lon="127.062203"><time>2026-09-27T00:35:38.001Z</time><ele>28.67</ele></trkpt><trkpt lat="36.956418" lon="127.062004"><time>2026-09-27T00:35:39.001Z</time><ele>28.68</ele></trkpt><trkpt lat="36.956248" lon="127.061822"><time>2026-09-27T00:35:40.001Z</time><ele>27.99</ele></trkpt><trkpt lat="36.956077" lon="127.06163"><time>2026-09-27T00:35:41.001Z</time><ele>27.77</ele></trkpt><trkpt lat="36.955904" lon="127.061432"><time>2026-09-27T00:35:42.001Z</time><ele>27.52</ele></trkpt><trkpt lat="36.955727" lon="127.061233"><time>2026-09-27T00:35:43.001Z</time><ele>27.16</ele></trkpt><trkpt lat="36.955548" lon="127.061032"><time>2026-09-27T00:35:44.001Z</time><ele>26.96</ele></trkpt><trkpt lat="36.955374" lon="127.060835"><time>2026-09-27T00:35:45.001Z</time><ele>26.22</ele></trkpt><trkpt lat="36.955196" lon="127.060636"><time>2026-09-27T00:35:46.001Z</time><ele>25.88</ele></trkpt><trkpt lat="36.955021" lon="127.060439"><time>2026-09-27T00:35:47.001Z</time><ele>25.39</ele></trkpt><trkpt lat="36.954847" lon="127.06024"><time>2026-09-27T00:35:48.001Z</time><ele>25.06</ele></trkpt><trkpt lat="36.954674" lon="127.060042"><time>2026-09-27T00:35:49.001Z</time><ele>24.52</ele></trkpt><trkpt lat="36.954501" lon="127.059854"><time>2026-09-27T00:35:50.001Z</time><ele>24</ele></trkpt><trkpt lat="36.954327" lon="127.059664"><time>2026-09-27T00:35:51.001Z</time><ele>23.67</ele></trkpt><trkpt lat="36.954148" lon="127.059465"><time>2026-09-27T00:35:52.001Z</time><ele>23.22</ele></trkpt><trkpt lat="36.953972" lon="127.059265"><time>2026-09-27T00:35:53.001Z</time><ele>23.1</ele></trkpt><trkpt lat="36.953792" lon="127.059063"><time>2026-09-27T00:35:54.001Z</time><ele>23.28</ele></trkpt><trkpt lat="36.95362" lon="127.058874"><time>2026-09-27T00:35:55.001Z</time><ele>22.35</ele></trkpt><trkpt lat="36.953445" lon="127.058679"><time>2026-09-27T00:35:56.001Z</time><ele>22.04</ele></trkpt><trkpt lat="36.95327" lon="127.058485"><time>2026-09-27T00:35:57.001Z</time><ele>21.84</ele></trkpt><trkpt lat="36.953091" lon="127.058294"><time>2026-09-27T00:35:58.001Z</time><ele>21.34</ele></trkpt><trkpt lat="36.952905" lon="127.058099"><time>2026-09-27T00:35:59.001Z</time><ele>21.2</ele></trkpt><trkpt lat="36.952725" lon="127.057909"><time>2026-09-27T00:36:00.001Z</time><ele>20.59</ele></trkpt><trkpt lat="36.952557" lon="127.057726"><time>2026-09-27T00:36:01.001Z</time><ele>20.32</ele></trkpt><trkpt lat="36.952389" lon="127.05754"><time>2026-09-27T00:36:02.001Z</time><ele>19.92</ele></trkpt><trkpt lat="36.952227" lon="127.057362"><time>2026-09-27T00:36:03.001Z</time><ele>18.87</ele></trkpt><trkpt lat="36.952069" lon="127.057186"><time>2026-09-27T00:36:04.001Z</time><ele>19.12</ele></trkpt><trkpt lat="36.951906" lon="127.057002"><time>2026-09-27T00:36:05.001Z</time><ele>19.01</ele></trkpt><trkpt lat="36.951742" lon="127.05682"><time>2026-09-27T00:36:06.001Z</time><ele>18.66</ele></trkpt><trkpt lat="36.951577" lon="127.056637"><time>2026-09-27T00:36:07.001Z</time><ele>18.05</ele></trkpt><trkpt lat="36.951412" lon="127.056449"><time>2026-09-27T00:36:08.001Z</time><ele>17.68</ele></trkpt><trkpt lat="36.951248" lon="127.056263"><time>2026-09-27T00:36:09.001Z</time><ele>16.93</ele></trkpt><trkpt lat="36.951084" lon="127.056074"><time>2026-09-27T00:36:10.001Z</time><ele>16.47</ele></trkpt><trkpt lat="36.950925" lon="127.055888"><time>2026-09-27T00:36:11.001Z</time><ele>16.08</ele></trkpt><trkpt lat="36.950767" lon="127.055702"><time>2026-09-27T00:36:12.001Z</time><ele>16.25</ele></trkpt><trkpt lat="36.95061" lon="127.055517"><time>2026-09-27T00:36:13.001Z</time><ele>15.41</ele></trkpt><trkpt lat="36.950451" lon="127.055331"><time>2026-09-27T00:36:14.001Z</time><ele>15.76</ele></trkpt><trkpt lat="36.95029" lon="127.055147"><time>2026-09-27T00:36:15.001Z</time><ele>15.03</ele></trkpt><trkpt lat="36.950128" lon="127.054968"><time>2026-09-27T00:36:16.001Z</time><ele>14.49</ele></trkpt><trkpt lat="36.949972" lon="127.054793"><time>2026-09-27T00:36:17.001Z</time><ele>14.1</ele></trkpt><trkpt lat="36.949822" lon="127.054626"><time>2026-09-27T00:36:18.001Z</time><ele>13.77</ele></trkpt><trkpt lat="36.949666" lon="127.054461"><time>2026-09-27T00:36:19.001Z</time><ele>13.87</ele></trkpt><trkpt lat="36.949513" lon="127.054296"><time>2026-09-27T00:36:20.001Z</time><ele>13.54</ele></trkpt><trkpt lat="36.949358" lon="127.05413"><time>2026-09-27T00:36:21.001Z</time><ele>13.89</ele></trkpt><trkpt lat="36.949207" lon="127.053969"><time>2026-09-27T00:36:22.001Z</time><ele>14.09</ele></trkpt><trkpt lat="36.949063" lon="127.053815"><time>2026-09-27T00:36:23.001Z</time><ele>14.16</ele></trkpt><trkpt lat="36.948914" lon="127.053659"><time>2026-09-27T00:36:24.001Z</time><ele>13.76</ele></trkpt><trkpt lat="36.94876" lon="127.0535"><time>2026-09-27T00:36:25.001Z</time><ele>14.49</ele></trkpt><trkpt lat="36.948599" lon="127.053348"><time>2026-09-27T00:36:26.001Z</time><ele>13.56</ele></trkpt><trkpt lat="36.948434" lon="127.053201"><time>2026-09-27T00:36:27.001Z</time><ele>14.31</ele></trkpt><trkpt lat="36.948265" lon="127.053063"><time>2026-09-27T00:36:28.001Z</time><ele>14.66</ele></trkpt><trkpt lat="36.948091" lon="127.052934"><time>2026-09-27T00:36:29.001Z</time><ele>14.61</ele></trkpt><trkpt lat="36.947918" lon="127.052808"><time>2026-09-27T00:36:30.001Z</time><ele>15.25</ele></trkpt><trkpt lat="36.947742" lon="127.052688"><time>2026-09-27T00:36:31.001Z</time><ele>15.44</ele></trkpt><trkpt lat="36.947561" lon="127.052574"><time>2026-09-27T00:36:32.001Z</time><ele>16.54</ele></trkpt><trkpt lat="36.947376" lon="127.052468"><time>2026-09-27T00:36:33.001Z</time><ele>16.58</ele></trkpt><trkpt lat="36.947183" lon="127.052371"><time>2026-09-27T00:36:34.000Z</time><ele>17.46</ele></trkpt><trkpt lat="36.946988" lon="127.052283"><time>2026-09-27T00:36:35.000Z</time><ele>18</ele></trkpt><trkpt lat="36.946796" lon="127.052201"><time>2026-09-27T00:36:36.000Z</time><ele>18.47</ele></trkpt><trkpt lat="36.946599" lon="127.052121"><time>2026-09-27T00:36:37.000Z</time><ele>19.67</ele></trkpt><trkpt lat="36.946397" lon="127.052042"><time>2026-09-27T00:36:38.000Z</time><ele>19.92</ele></trkpt><trkpt lat="36.946194" lon="127.051954"><time>2026-09-27T00:36:39.000Z</time><ele>19.87</ele></trkpt><trkpt lat="36.945989" lon="127.051842"><time>2026-09-27T00:36:40.000Z</time><ele>21.68</ele></trkpt><trkpt lat="36.945773" lon="127.051736"><time>2026-09-27T00:36:41.000Z</time><ele>21.92</ele></trkpt><trkpt lat="36.94556" lon="127.051654"><time>2026-09-27T00:36:42.000Z</time><ele>22.25</ele></trkpt><trkpt lat="36.945354" lon="127.051568"><time>2026-09-27T00:36:43.000Z</time><ele>23.05</ele></trkpt><trkpt lat="36.945145" lon="127.051477"><time>2026-09-27T00:36:44.000Z</time><ele>23.48</ele></trkpt><trkpt lat="36.944933" lon="127.051395"><time>2026-09-27T00:36:45.000Z</time><ele>24.88</ele></trkpt><trkpt lat="36.94472" lon="127.051319"><time>2026-09-27T00:36:46.000Z</time><ele>25.61</ele></trkpt><trkpt lat="36.944511" lon="127.051223"><time>2026-09-27T00:36:47.000Z</time><ele>25.81</ele></trkpt><trkpt lat="36.944295" lon="127.051139"><time>2026-09-27T00:36:48.000Z</time><ele>25.74</ele></trkpt><trkpt lat="36.944078" lon="127.051053"><time>2026-09-27T00:36:49.000Z</time><ele>25.85</ele></trkpt><trkpt lat="36.943864" lon="127.050961"><time>2026-09-27T00:36:50.000Z</time><ele>26.06</ele></trkpt><trkpt lat="36.943648" lon="127.05088"><time>2026-09-27T00:36:51.000Z</time><ele>26.47</ele></trkpt><trkpt lat="36.943447" lon="127.050799"><time>2026-09-27T00:36:52.000Z</time><ele>25.92</ele></trkpt><trkpt lat="36.94326" lon="127.050714"><time>2026-09-27T00:36:53.000Z</time><ele>25.7</ele></trkpt><trkpt lat="36.943086" lon="127.050621"><time>2026-09-27T00:36:54.000Z</time><ele>25.09</ele></trkpt><trkpt lat="36.942916" lon="127.050518"><time>2026-09-27T00:36:55.000Z</time><ele>24.73</ele></trkpt><trkpt lat="36.942752" lon="127.050405"><time>2026-09-27T00:36:56.000Z</time><ele>23.84</ele></trkpt><trkpt lat="36.942578" lon="127.050284"><time>2026-09-27T00:36:57.000Z</time><ele>23.8</ele></trkpt><trkpt lat="36.942403" lon="127.050152"><time>2026-09-27T00:36:58.000Z</time><ele>23.56</ele></trkpt><trkpt lat="36.941053" lon="127.048836"><time>2026-09-27T00:37:06.000Z</time><ele>22.49</ele></trkpt><trkpt lat="36.940932" lon="127.048679"><time>2026-09-27T00:37:07.000Z</time><ele>21.96</ele></trkpt><trkpt lat="36.940807" lon="127.048568"><time>2026-09-27T00:37:08.000Z</time><ele>22.08</ele></trkpt><trkpt lat="36.940719" lon="127.048465"><time>2026-09-27T00:37:09.000Z</time><ele>21.31</ele></trkpt><trkpt lat="36.940648" lon="127.048388"><time>2026-09-27T00:37:10.000Z</time><ele>20.39</ele></trkpt><trkpt lat="36.940592" lon="127.048329"><time>2026-09-27T00:37:11.000Z</time><ele>20.08</ele></trkpt><trkpt lat="36.940551" lon="127.048283"><time>2026-09-27T00:37:12.000Z</time><ele>20.05</ele></trkpt><trkpt lat="36.940492" lon="127.048213"><time>2026-09-27T00:37:14.000Z</time><ele>20.12</ele></trkpt><trkpt lat="36.940458" lon="127.048175"><time>2026-09-27T00:38:01.001Z</time><ele>26.04</ele></trkpt><trkpt lat="36.940421" lon="127.048139"><time>2026-09-27T00:38:02.001Z</time><ele>25.76</ele></trkpt><trkpt lat="36.940367" lon="127.048082"><time>2026-09-27T00:38:03.001Z</time><ele>25.48</ele></trkpt><trkpt lat="36.940301" lon="127.048014"><time>2026-09-27T00:38:04.001Z</time><ele>25.36</ele></trkpt><trkpt lat="36.940221" lon="127.047931"><time>2026-09-27T00:38:05.001Z</time><ele>25.04</ele></trkpt><trkpt lat="36.94013" lon="127.047834"><time>2026-09-27T00:38:06.001Z</time><ele>24.96</ele></trkpt><trkpt lat="36.940034" lon="127.047729"><time>2026-09-27T00:38:07.001Z</time><ele>25.25</ele></trkpt><trkpt lat="36.939942" lon="127.047633"><time>2026-09-27T00:38:08.001Z</time><ele>24.77</ele></trkpt><trkpt lat="36.939848" lon="127.047536"><time>2026-09-27T00:38:09.001Z</time><ele>24.02</ele></trkpt><trkpt lat="36.93975" lon="127.04743"><time>2026-09-27T00:38:10.001Z</time><ele>24</ele></trkpt><trkpt lat="36.939646" lon="127.047324"><time>2026-09-27T00:38:11.001Z</time><ele>23.6</ele></trkpt><trkpt lat="36.939536" lon="127.047211"><time>2026-09-27T00:38:12.001Z</time><ele>23.34</ele></trkpt><trkpt lat="36.939431" lon="127.047085"><time>2026-09-27T00:38:13.001Z</time><ele>22.48</ele></trkpt><trkpt lat="36.939318" lon="127.046967"><time>2026-09-27T00:38:14.001Z</time><ele>22.17</ele></trkpt><trkpt lat="36.939202" lon="127.046843"><time>2026-09-27T00:38:15.001Z</time><ele>22.15</ele></trkpt><trkpt lat="36.939082" lon="127.046712"><time>2026-09-27T00:38:16.001Z</time><ele>22.04</ele></trkpt><trkpt lat="36.938942" lon="127.046568"><time>2026-09-27T00:38:17.001Z</time><ele>23</ele></trkpt><trkpt lat="36.938794" lon="127.046415"><time>2026-09-27T00:38:18.001Z</time><ele>22.64</ele></trkpt><trkpt lat="36.938632" lon="127.04625"><time>2026-09-27T00:38:19.001Z</time><ele>23.32</ele></trkpt><trkpt lat="36.938462" lon="127.046069"><time>2026-09-27T00:38:20.001Z</time><ele>23.63</ele></trkpt><trkpt lat="36.938287" lon="127.045879"><time>2026-09-27T00:38:21.001Z</time><ele>23.29</ele></trkpt><trkpt lat="36.938106" lon="127.045691"><time>2026-09-27T00:38:22.001Z</time><ele>23.51</ele></trkpt><trkpt lat="36.937924" lon="127.045529"><time>2026-09-27T00:38:23.001Z</time><ele>22.6</ele></trkpt><trkpt lat="36.937726" lon="127.045379"><time>2026-09-27T00:38:24.001Z</time><ele>22.75</ele></trkpt><trkpt lat="36.93752" lon="127.04525"><time>2026-09-27T00:38:25.001Z</time><ele>22.13</ele></trkpt><trkpt lat="36.937306" lon="127.045146"><time>2026-09-27T00:38:26.001Z</time><ele>21.87</ele></trkpt><trkpt lat="36.937089" lon="127.045068"><time>2026-09-27T00:38:27.001Z</time><ele>21.08</ele></trkpt><trkpt lat="36.936864" lon="127.045007"><time>2026-09-27T00:38:28.001Z</time><ele>21.58</ele></trkpt><trkpt lat="36.936647" lon="127.044975"><time>2026-09-27T00:38:29.001Z</time><ele>20.99</ele></trkpt><trkpt lat="36.936426" lon="127.044964"><time>2026-09-27T00:38:30.001Z</time><ele>20.63</ele></trkpt><trkpt lat="36.936212" lon="127.044975"><time>2026-09-27T00:38:31.001Z</time><ele>19.95</ele></trkpt><trkpt lat="36.935994" lon="127.045011"><time>2026-09-27T00:38:32.001Z</time><ele>19.75</ele></trkpt><trkpt lat="36.935773" lon="127.045065"><time>2026-09-27T00:38:33.001Z</time><ele>19.84</ele></trkpt><trkpt lat="36.935549" lon="127.045137"><time>2026-09-27T00:38:34.001Z</time><ele>19.55</ele></trkpt><trkpt lat="36.935323" lon="127.045215"><time>2026-09-27T00:38:35.001Z</time><ele>19.95</ele></trkpt><trkpt lat="36.935095" lon="127.045295"><time>2026-09-27T00:38:36.001Z</time><ele>19.97</ele></trkpt><trkpt lat="36.934866" lon="127.04537"><time>2026-09-27T00:38:37.001Z</time><ele>19.35</ele></trkpt><trkpt lat="36.934635" lon="127.045446"><time>2026-09-27T00:38:38.001Z</time><ele>19.27</ele></trkpt><trkpt lat="36.9344" lon="127.045523"><time>2026-09-27T00:38:39.001Z</time><ele>19.54</ele></trkpt><trkpt lat="36.934165" lon="127.045599"><time>2026-09-27T00:38:40.000Z</time><ele>19.3</ele></trkpt><trkpt lat="36.93393" lon="127.045678"><time>2026-09-27T00:38:41.000Z</time><ele>19.32</ele></trkpt><trkpt lat="36.933696" lon="127.045759"><time>2026-09-27T00:38:42.000Z</time><ele>18.75</ele></trkpt><trkpt lat="36.933463" lon="127.045839"><time>2026-09-27T00:38:43.000Z</time><ele>19.21</ele></trkpt><trkpt lat="36.933231" lon="127.04592"><time>2026-09-27T00:38:44.000Z</time><ele>19.37</ele></trkpt><trkpt lat="36.932995" lon="127.045987"><time>2026-09-27T00:38:45.000Z</time><ele>19.53</ele></trkpt><trkpt lat="36.932751" lon="127.046048"><time>2026-09-27T00:38:46.000Z</time><ele>19.6</ele></trkpt><trkpt lat="36.932503" lon="127.046124"><time>2026-09-27T00:38:47.000Z</time><ele>20.02</ele></trkpt><trkpt lat="36.932257" lon="127.046208"><time>2026-09-27T00:38:48.000Z</time><ele>20.15</ele></trkpt><trkpt lat="36.932008" lon="127.046294"><time>2026-09-27T00:38:49.000Z</time><ele>20.18</ele></trkpt><trkpt lat="36.93176" lon="127.046376"><time>2026-09-27T00:38:50.000Z</time><ele>20.7</ele></trkpt><trkpt lat="36.931511" lon="127.046458"><time>2026-09-27T00:38:51.000Z</time><ele>21.34</ele></trkpt><trkpt lat="36.931264" lon="127.046539"><time>2026-09-27T00:38:52.000Z</time><ele>21.24</ele></trkpt><trkpt lat="36.931017" lon="127.046624"><time>2026-09-27T00:38:53.000Z</time><ele>21.5</ele></trkpt><trkpt lat="36.930774" lon="127.046707"><time>2026-09-27T00:38:54.000Z</time><ele>21.74</ele></trkpt><trkpt lat="36.930535" lon="127.046789"><time>2026-09-27T00:38:55.000Z</time><ele>21.8</ele></trkpt><trkpt lat="36.930294" lon="127.04687"><time>2026-09-27T00:38:56.000Z</time><ele>21.93</ele></trkpt><trkpt lat="36.930055" lon="127.04695"><time>2026-09-27T00:38:57.000Z</time><ele>21.91</ele></trkpt><trkpt lat="36.929819" lon="127.047035"><time>2026-09-27T00:38:58.000Z</time><ele>22.13</ele></trkpt><trkpt lat="36.929578" lon="127.047117"><time>2026-09-27T00:38:59.000Z</time><ele>22.21</ele></trkpt><trkpt lat="36.92934" lon="127.047195"><time>2026-09-27T00:39:00.000Z</time><ele>22.42</ele></trkpt><trkpt lat="36.929105" lon="127.047282"><time>2026-09-27T00:39:01.000Z</time><ele>22.31</ele></trkpt><trkpt lat="36.928865" lon="127.047354"><time>2026-09-27T00:39:02.000Z</time><ele>21.95</ele></trkpt><trkpt lat="36.928624" lon="127.047427"><time>2026-09-27T00:39:03.000Z</time><ele>21.87</ele></trkpt><trkpt lat="36.928386" lon="127.047522"><time>2026-09-27T00:39:04.000Z</time><ele>21.6</ele></trkpt><trkpt lat="36.928135" lon="127.047598"><time>2026-09-27T00:39:05.000Z</time><ele>22.21</ele></trkpt><trkpt lat="36.927886" lon="127.047675"><time>2026-09-27T00:39:06.000Z</time><ele>22.11</ele></trkpt><trkpt lat="36.927636" lon="127.04777"><time>2026-09-27T00:39:07.000Z</time><ele>22.58</ele></trkpt><trkpt lat="36.927385" lon="127.04785"><time>2026-09-27T00:39:08.000Z</time><ele>22.88</ele></trkpt><trkpt lat="36.927132" lon="127.047937"><time>2026-09-27T00:39:09.000Z</time><ele>23.69</ele></trkpt><trkpt lat="36.926872" lon="127.048028"><time>2026-09-27T00:39:10.000Z</time><ele>23.57</ele></trkpt><trkpt lat="36.926612" lon="127.048119"><time>2026-09-27T00:39:11.000Z</time><ele>24.25</ele></trkpt><trkpt lat="36.926347" lon="127.048217"><time>2026-09-27T00:39:12.000Z</time><ele>24.56</ele></trkpt><trkpt lat="36.926082" lon="127.048307"><time>2026-09-27T00:39:13.000Z</time><ele>24.53</ele></trkpt><trkpt lat="36.925814" lon="127.048371"><time>2026-09-27T00:39:14.000Z</time><ele>24.68</ele></trkpt><trkpt lat="36.925548" lon="127.048399"><time>2026-09-27T00:39:15.000Z</time><ele>24.75</ele></trkpt><trkpt lat="36.925286" lon="127.048407"><time>2026-09-27T00:39:16.000Z</time><ele>24.73</ele></trkpt><trkpt lat="36.925028" lon="127.048371"><time>2026-09-27T00:39:17.000Z</time><ele>24.72</ele></trkpt><trkpt lat="36.92477" lon="127.04836"><time>2026-09-27T00:39:18.000Z</time><ele>24.51</ele></trkpt><trkpt lat="36.924523" lon="127.048303"><time>2026-09-27T00:39:19.000Z</time><ele>24.23</ele></trkpt><trkpt lat="36.924296" lon="127.048206"><time>2026-09-27T00:39:20.000Z</time><ele>23.68</ele></trkpt><trkpt lat="36.924064" lon="127.048107"><time>2026-09-27T00:39:21.000Z</time><ele>23.31</ele></trkpt><trkpt lat="36.923834" lon="127.047986"><time>2026-09-27T00:39:22.000Z</time><ele>23.53</ele></trkpt><trkpt lat="36.923598" lon="127.047881"><time>2026-09-27T00:39:23.000Z</time><ele>23.47</ele></trkpt><trkpt lat="36.923381" lon="127.047722"><time>2026-09-27T00:39:24.000Z</time><ele>23.23</ele></trkpt><trkpt lat="36.923179" lon="127.047552"><time>2026-09-27T00:39:25.000Z</time><ele>23.01</ele></trkpt><trkpt lat="36.922984" lon="127.047371"><time>2026-09-27T00:39:26.000Z</time><ele>22.83</ele></trkpt><trkpt lat="36.922793" lon="127.047169"><time>2026-09-27T00:39:27.000Z</time><ele>23.19</ele></trkpt><trkpt lat="36.922612" lon="127.046948"><time>2026-09-27T00:39:28.000Z</time><ele>23.61</ele></trkpt><trkpt lat="36.922444" lon="127.046712"><time>2026-09-27T00:39:29.000Z</time><ele>23.68</ele></trkpt><trkpt lat="36.922288" lon="127.046457"><time>2026-09-27T00:39:30.001Z</time><ele>23.28</ele></trkpt><trkpt lat="36.922137" lon="127.04618"><time>2026-09-27T00:39:31.001Z</time><ele>23.85</ele></trkpt><trkpt lat="36.921995" lon="127.045878"><time>2026-09-27T00:39:32.001Z</time><ele>24.98</ele></trkpt><trkpt lat="36.921864" lon="127.045585"><time>2026-09-27T00:39:33.001Z</time><ele>25.05</ele></trkpt><trkpt lat="36.921729" lon="127.045299"><time>2026-09-27T00:39:34.001Z</time><ele>24.48</ele></trkpt><trkpt lat="36.921595" lon="127.045013"><time>2026-09-27T00:39:35.001Z</time><ele>24.49</ele></trkpt><trkpt lat="36.921468" lon="127.044743"><time>2026-09-27T00:39:36.001Z</time><ele>24.34</ele></trkpt><trkpt lat="36.921337" lon="127.044465"><time>2026-09-27T00:39:37.001Z</time><ele>23.47</ele></trkpt><trkpt lat="36.9212" lon="127.044188"><time>2026-09-27T00:39:38.001Z</time><ele>24.91</ele></trkpt><trkpt lat="36.921072" lon="127.043918"><time>2026-09-27T00:39:39.001Z</time><ele>23.96</ele></trkpt><trkpt lat="36.920943" lon="127.04364"><time>2026-09-27T00:39:40.001Z</time><ele>23.5</ele></trkpt><trkpt lat="36.920811" lon="127.04336"><time>2026-09-27T00:39:41.001Z</time><ele>22.94</ele></trkpt><trkpt lat="36.920673" lon="127.043076"><time>2026-09-27T00:39:42.001Z</time><ele>22.85</ele></trkpt><trkpt lat="36.920535" lon="127.042785"><time>2026-09-27T00:39:43.001Z</time><ele>22.44</ele></trkpt><trkpt lat="36.9204" lon="127.042497"><time>2026-09-27T00:39:44.001Z</time><ele>22.16</ele></trkpt><trkpt lat="36.920261" lon="127.042211"><time>2026-09-27T00:39:45.001Z</time><ele>21.7</ele></trkpt><trkpt lat="36.920124" lon="127.041923"><time>2026-09-27T00:39:46.001Z</time><ele>21.32</ele></trkpt><trkpt lat="36.919985" lon="127.041635"><time>2026-09-27T00:39:47.001Z</time><ele>21.22</ele></trkpt><trkpt lat="36.919848" lon="127.041348"><time>2026-09-27T00:39:48.001Z</time><ele>21.02</ele></trkpt><trkpt lat="36.919713" lon="127.04106"><time>2026-09-27T00:39:49.001Z</time><ele>20.32</ele></trkpt><trkpt lat="36.91957" lon="127.040761"><time>2026-09-27T00:39:50.001Z</time><ele>20.06</ele></trkpt><trkpt lat="36.919426" lon="127.040459"><time>2026-09-27T00:39:51.001Z</time><ele>19.84</ele></trkpt><trkpt lat="36.919291" lon="127.040165"><time>2026-09-27T00:39:52.001Z</time><ele>19.66</ele></trkpt><trkpt lat="36.919167" lon="127.039865"><time>2026-09-27T00:39:53.001Z</time><ele>19.42</ele></trkpt><trkpt lat="36.919059" lon="127.03956"><time>2026-09-27T00:39:54.001Z</time><ele>19.14</ele></trkpt><trkpt lat="36.918965" lon="127.039247"><time>2026-09-27T00:39:55.001Z</time><ele>19.48</ele></trkpt><trkpt lat="36.91889" lon="127.038929"><time>2026-09-27T00:39:56.001Z</time><ele>19.59</ele></trkpt><trkpt lat="36.918828" lon="127.038612"><time>2026-09-27T00:39:57.001Z</time><ele>19.85</ele></trkpt><trkpt lat="36.918777" lon="127.038293"><time>2026-09-27T00:39:58.001Z</time><ele>20.14</ele></trkpt><trkpt lat="36.918745" lon="127.037976"><time>2026-09-27T00:39:59.001Z</time><ele>20.38</ele></trkpt><trkpt lat="36.918725" lon="127.037659"><time>2026-09-27T00:40:00.001Z</time><ele>20.8</ele></trkpt><trkpt lat="36.918716" lon="127.037358"><time>2026-09-27T00:40:01.001Z</time><ele>21.28</ele></trkpt><trkpt lat="36.918706" lon="127.037061"><time>2026-09-27T00:40:02.001Z</time><ele>21.56</ele></trkpt><trkpt lat="36.918696" lon="127.036769"><time>2026-09-27T00:40:03.001Z</time><ele>21.75</ele></trkpt><trkpt lat="36.91869" lon="127.036473"><time>2026-09-27T00:40:04.001Z</time><ele>22.09</ele></trkpt><trkpt lat="36.918682" lon="127.036177"><time>2026-09-27T00:40:05.001Z</time><ele>22.34</ele></trkpt><trkpt lat="36.918669" lon="127.035879"><time>2026-09-27T00:40:06.001Z</time><ele>22.56</ele></trkpt><trkpt lat="36.918669" lon="127.035577"><time>2026-09-27T00:40:07.001Z</time><ele>22.64</ele></trkpt><trkpt lat="36.918653" lon="127.03527"><time>2026-09-27T00:40:08.001Z</time><ele>22.68</ele></trkpt><trkpt lat="36.918648" lon="127.034954"><time>2026-09-27T00:40:09.001Z</time><ele>22.56</ele></trkpt><trkpt lat="36.918639" lon="127.034629"><time>2026-09-27T00:40:10.001Z</time><ele>23.02</ele></trkpt><trkpt lat="36.918627" lon="127.03431"><time>2026-09-27T00:40:11.001Z</time><ele>22.98</ele></trkpt><trkpt lat="36.918619" lon="127.033993"><time>2026-09-27T00:40:12.001Z</time><ele>23.23</ele></trkpt><trkpt lat="36.918609" lon="127.033674"><time>2026-09-27T00:40:13.001Z</time><ele>23.56</ele></trkpt><trkpt lat="36.918599" lon="127.03336"><time>2026-09-27T00:40:14.001Z</time><ele>23.8</ele></trkpt><trkpt lat="36.918591" lon="127.033053"><time>2026-09-27T00:40:15.001Z</time><ele>23.64</ele></trkpt><trkpt lat="36.918581" lon="127.032742"><time>2026-09-27T00:40:16.001Z</time><ele>23.65</ele></trkpt><trkpt lat="36.918572" lon="127.032427"><time>2026-09-27T00:40:17.001Z</time><ele>23.67</ele></trkpt><trkpt lat="36.918564" lon="127.032108"><time>2026-09-27T00:40:18.001Z</time><ele>23.95</ele></trkpt><trkpt lat="36.918554" lon="127.031777"><time>2026-09-27T00:40:19.001Z</time><ele>24.2</ele></trkpt><trkpt lat="36.918546" lon="127.031438"><time>2026-09-27T00:40:20.001Z</time><ele>24.59</ele></trkpt><trkpt lat="36.918534" lon="127.031095"><time>2026-09-27T00:40:21.001Z</time><ele>24.28</ele></trkpt><trkpt lat="36.918524" lon="127.03075"><time>2026-09-27T00:40:22.001Z</time><ele>24.51</ele></trkpt><trkpt lat="36.918515" lon="127.030404"><time>2026-09-27T00:40:23.001Z</time><ele>24.96</ele></trkpt><trkpt lat="36.918503" lon="127.03006"><time>2026-09-27T00:40:24.001Z</time><ele>25.63</ele></trkpt><trkpt lat="36.918491" lon="127.029721"><time>2026-09-27T00:40:25.001Z</time><ele>26.16</ele></trkpt><trkpt lat="36.91848" lon="127.029387"><time>2026-09-27T00:40:26.001Z</time><ele>26.98</ele></trkpt><trkpt lat="36.918472" lon="127.029057"><time>2026-09-27T00:40:27.001Z</time><ele>27.2</ele></trkpt><trkpt lat="36.918462" lon="127.028724"><time>2026-09-27T00:40:28.001Z</time><ele>27.71</ele></trkpt><trkpt lat="36.91845" lon="127.02839"><time>2026-09-27T00:40:29.001Z</time><ele>27.98</ele></trkpt><trkpt lat="36.91844" lon="127.028057"><time>2026-09-27T00:40:30.001Z</time><ele>28.45</ele></trkpt><trkpt lat="36.918435" lon="127.027724"><time>2026-09-27T00:40:31.001Z</time><ele>29.28</ele></trkpt><trkpt lat="36.918427" lon="127.027392"><time>2026-09-27T00:40:32.001Z</time><ele>29.99</ele></trkpt><trkpt lat="36.918416" lon="127.02706"><time>2026-09-27T00:40:33.001Z</time><ele>30.48</ele></trkpt><trkpt lat="36.918408" lon="127.026728"><time>2026-09-27T00:40:34.001Z</time><ele>31.47</ele></trkpt><trkpt lat="36.918398" lon="127.026399"><time>2026-09-27T00:40:35.001Z</time><ele>32.36</ele></trkpt><trkpt lat="36.918383" lon="127.026076"><time>2026-09-27T00:40:36.001Z</time><ele>33.14</ele></trkpt><trkpt lat="36.918364" lon="127.025756"><time>2026-09-27T00:40:37.001Z</time><ele>33.71</ele></trkpt><trkpt lat="36.918343" lon="127.025437"><time>2026-09-27T00:40:38.001Z</time><ele>34.24</ele></trkpt><trkpt lat="36.918314" lon="127.025118"><time>2026-09-27T00:40:39.001Z</time><ele>35.1</ele></trkpt><trkpt lat="36.918279" lon="127.024796"><time>2026-09-27T00:40:40.001Z</time><ele>35.12</ele></trkpt><trkpt lat="36.918243" lon="127.024469"><time>2026-09-27T00:40:41.001Z</time><ele>34.82</ele></trkpt><trkpt lat="36.918205" lon="127.02414"><time>2026-09-27T00:40:42.001Z</time><ele>35</ele></trkpt><trkpt lat="36.918153" lon="127.023808"><time>2026-09-27T00:40:43.001Z</time><ele>34.94</ele></trkpt><trkpt lat="36.918095" lon="127.023477"><time>2026-09-27T00:40:44.001Z</time><ele>34.74</ele></trkpt><trkpt lat="36.918033" lon="127.023145"><time>2026-09-27T00:40:45.001Z</time><ele>34.96</ele></trkpt><trkpt lat="36.917967" lon="127.022821"><time>2026-09-27T00:40:46.000Z</time><ele>34.56</ele></trkpt><trkpt lat="36.917897" lon="127.022502"><time>2026-09-27T00:40:47.000Z</time><ele>34.72</ele></trkpt><trkpt lat="36.917823" lon="127.022184"><time>2026-09-27T00:40:48.000Z</time><ele>34.71</ele></trkpt><trkpt lat="36.917742" lon="127.021874"><time>2026-09-27T00:40:49.000Z</time><ele>34.61</ele></trkpt><trkpt lat="36.917659" lon="127.021572"><time>2026-09-27T00:40:50.000Z</time><ele>34.18</ele></trkpt><trkpt lat="36.917573" lon="127.021273"><time>2026-09-27T00:40:51.000Z</time><ele>33.85</ele></trkpt><trkpt lat="36.917482" lon="127.020977"><time>2026-09-27T00:40:52.000Z</time><ele>33.94</ele></trkpt><trkpt lat="36.917387" lon="127.020682"><time>2026-09-27T00:40:53.000Z</time><ele>33.8</ele></trkpt><trkpt lat="36.917286" lon="127.020388"><time>2026-09-27T00:40:54.000Z</time><ele>33.64</ele></trkpt><trkpt lat="36.917181" lon="127.020099"><time>2026-09-27T00:40:55.000Z</time><ele>33.66</ele></trkpt><trkpt lat="36.917072" lon="127.019808"><time>2026-09-27T00:40:56.000Z</time><ele>33.85</ele></trkpt><trkpt lat="36.91696" lon="127.019522"><time>2026-09-27T00:40:57.000Z</time><ele>33.2</ele></trkpt><trkpt lat="36.91684" lon="127.01924"><time>2026-09-27T00:40:58.000Z</time><ele>32.69</ele></trkpt><trkpt lat="36.916716" lon="127.018955"><time>2026-09-27T00:40:59.000Z</time><ele>32.47</ele></trkpt><trkpt lat="36.916589" lon="127.018665"><time>2026-09-27T00:41:00.000Z</time><ele>32.28</ele></trkpt><trkpt lat="36.916463" lon="127.018367"><time>2026-09-27T00:41:01.000Z</time><ele>32.41</ele></trkpt><trkpt lat="36.916331" lon="127.018062"><time>2026-09-27T00:41:02.000Z</time><ele>32.22</ele></trkpt><trkpt lat="36.916182" lon="127.017766"><time>2026-09-27T00:41:03.000Z</time><ele>31.95</ele></trkpt><trkpt lat="36.916019" lon="127.017477"><time>2026-09-27T00:41:04.000Z</time><ele>31.62</ele></trkpt><trkpt lat="36.915851" lon="127.017188"><time>2026-09-27T00:41:05.000Z</time><ele>30.76</ele></trkpt><trkpt lat="36.91568" lon="127.016904"><time>2026-09-27T00:41:06.000Z</time><ele>30.27</ele></trkpt><trkpt lat="36.915514" lon="127.016634"><time>2026-09-27T00:41:07.000Z</time><ele>29.87</ele></trkpt><trkpt lat="36.915343" lon="127.016366"><time>2026-09-27T00:41:08.000Z</time><ele>29.87</ele></trkpt><trkpt lat="36.91518" lon="127.016119"><time>2026-09-27T00:41:09.000Z</time><ele>29.8</ele></trkpt><trkpt lat="36.915015" lon="127.015883"><time>2026-09-27T00:41:10.000Z</time><ele>29</ele></trkpt><trkpt lat="36.914846" lon="127.015651"><time>2026-09-27T00:41:11.000Z</time><ele>28.61</ele></trkpt><trkpt lat="36.914677" lon="127.015422"><time>2026-09-27T00:41:12.000Z</time><ele>27.75</ele></trkpt><trkpt lat="36.914509" lon="127.01519"><time>2026-09-27T00:41:13.000Z</time><ele>27.41</ele></trkpt><trkpt lat="36.914335" lon="127.014951"><time>2026-09-27T00:41:14.000Z</time><ele>27.48</ele></trkpt><trkpt lat="36.914161" lon="127.014713"><time>2026-09-27T00:41:15.000Z</time><ele>27.11</ele></trkpt><trkpt lat="36.913993" lon="127.014486"><time>2026-09-27T00:41:16.000Z</time><ele>27.06</ele></trkpt><trkpt lat="36.913837" lon="127.014271"><time>2026-09-27T00:41:17.000Z</time><ele>26.35</ele></trkpt><trkpt lat="36.913683" lon="127.014059"><time>2026-09-27T00:41:18.000Z</time><ele>25.65</ele></trkpt><trkpt lat="36.913518" lon="127.013836"><time>2026-09-27T00:41:19.000Z</time><ele>25.56</ele></trkpt><trkpt lat="36.913341" lon="127.013598"><time>2026-09-27T00:41:20.000Z</time><ele>25.46</ele></trkpt><trkpt lat="36.913176" lon="127.013376"><time>2026-09-27T00:41:21.000Z</time><ele>25.85</ele></trkpt><trkpt lat="36.913024" lon="127.013167"><time>2026-09-27T00:41:22.000Z</time><ele>25.23</ele></trkpt><trkpt lat="36.912882" lon="127.012966"><time>2026-09-27T00:41:23.000Z</time><ele>25.87</ele></trkpt><trkpt lat="36.912744" lon="127.012776"><time>2026-09-27T00:41:24.000Z</time><ele>25.6</ele></trkpt><trkpt lat="36.912607" lon="127.012592"><time>2026-09-27T00:41:25.000Z</time><ele>24.78</ele></trkpt><trkpt lat="36.912466" lon="127.012402"><time>2026-09-27T00:41:26.000Z</time><ele>24.48</ele></trkpt><trkpt lat="36.912326" lon="127.012208"><time>2026-09-27T00:41:27.000Z</time><ele>24</ele></trkpt><trkpt lat="36.912184" lon="127.012016"><time>2026-09-27T00:41:28.000Z</time><ele>23.17</ele></trkpt><trkpt lat="36.91204" lon="127.011814"><time>2026-09-27T00:41:29.000Z</time><ele>21.69</ele></trkpt><trkpt lat="36.91189" lon="127.011604"><time>2026-09-27T00:41:30.000Z</time><ele>21.13</ele></trkpt><trkpt lat="36.911739" lon="127.011399"><time>2026-09-27T00:41:31.000Z</time><ele>19.95</ele></trkpt><trkpt lat="36.911589" lon="127.011196"><time>2026-09-27T00:41:32.000Z</time><ele>19.62</ele></trkpt><trkpt lat="36.911443" lon="127.010998"><time>2026-09-27T00:41:33.000Z</time><ele>19.17</ele></trkpt><trkpt lat="36.911298" lon="127.010801"><time>2026-09-27T00:41:34.000Z</time><ele>19.25</ele></trkpt><trkpt lat="36.91115" lon="127.010599"><time>2026-09-27T00:41:35.000Z</time><ele>19.79</ele></trkpt><trkpt lat="36.911003" lon="127.010399"><time>2026-09-27T00:41:36.000Z</time><ele>19.47</ele></trkpt><trkpt lat="36.910856" lon="127.010198"><time>2026-09-27T00:41:37.000Z</time><ele>19.71</ele></trkpt><trkpt lat="36.910714" lon="127.009999"><time>2026-09-27T00:41:38.000Z</time><ele>19.58</ele></trkpt><trkpt lat="36.910572" lon="127.009801"><time>2026-09-27T00:41:39.000Z</time><ele>19.9</ele></trkpt><trkpt lat="36.910427" lon="127.009601"><time>2026-09-27T00:41:40.000Z</time><ele>19.71</ele></trkpt><trkpt lat="36.910279" lon="127.0094"><time>2026-09-27T00:41:41.000Z</time><ele>19.56</ele></trkpt><trkpt lat="36.910132" lon="127.009206"><time>2026-09-27T00:41:42.001Z</time><ele>19.88</ele></trkpt><trkpt lat="36.909994" lon="127.009018"><time>2026-09-27T00:41:43.001Z</time><ele>19.58</ele></trkpt><trkpt lat="36.909847" lon="127.008825"><time>2026-09-27T00:41:44.001Z</time><ele>19.38</ele></trkpt><trkpt lat="36.909694" lon="127.008621"><time>2026-09-27T00:41:45.001Z</time><ele>19.79</ele></trkpt><trkpt lat="36.909533" lon="127.008424"><time>2026-09-27T00:41:46.001Z</time><ele>19.78</ele></trkpt><trkpt lat="36.909372" lon="127.008222"><time>2026-09-27T00:41:47.001Z</time><ele>20.32</ele></trkpt><trkpt lat="36.909216" lon="127.00801"><time>2026-09-27T00:41:48.001Z</time><ele>20.28</ele></trkpt><trkpt lat="36.909067" lon="127.007801"><time>2026-09-27T00:41:49.001Z</time><ele>20.13</ele></trkpt><trkpt lat="36.908917" lon="127.007597"><time>2026-09-27T00:41:50.001Z</time><ele>20.33</ele></trkpt><trkpt lat="36.908767" lon="127.007391"><time>2026-09-27T00:41:51.001Z</time><ele>21.12</ele></trkpt><trkpt lat="36.908618" lon="127.007184"><time>2026-09-27T00:41:52.001Z</time><ele>21.25</ele></trkpt><trkpt lat="36.908468" lon="127.00698"><time>2026-09-27T00:41:53.001Z</time><ele>21.48</ele></trkpt><trkpt lat="36.908318" lon="127.006773"><time>2026-09-27T00:41:54.001Z</time><ele>21.9</ele></trkpt><trkpt lat="36.908172" lon="127.006566"><time>2026-09-27T00:41:55.001Z</time><ele>23.06</ele></trkpt><trkpt lat="36.908025" lon="127.006362"><time>2026-09-27T00:41:56.001Z</time><ele>23.09</ele></trkpt><trkpt lat="36.907875" lon="127.00616"><time>2026-09-27T00:41:57.001Z</time><ele>24.52</ele></trkpt><trkpt lat="36.907726" lon="127.005947"><time>2026-09-27T00:41:58.001Z</time><ele>25.76</ele></trkpt><trkpt lat="36.907577" lon="127.005742"><time>2026-09-27T00:41:59.001Z</time><ele>26.33</ele></trkpt><trkpt lat="36.907433" lon="127.005531"><time>2026-09-27T00:42:00.001Z</time><ele>27.31</ele></trkpt><trkpt lat="36.907295" lon="127.005318"><time>2026-09-27T00:42:01.001Z</time><ele>27.93</ele></trkpt><trkpt lat="36.907151" lon="127.005111"><time>2026-09-27T00:42:02.001Z</time><ele>28.68</ele></trkpt><trkpt lat="36.907" lon="127.004908"><time>2026-09-27T00:42:03.001Z</time><ele>30.07</ele></trkpt><trkpt lat="36.906848" lon="127.004701"><time>2026-09-27T00:42:04.001Z</time><ele>31.07</ele></trkpt><trkpt lat="36.906695" lon="127.0045"><time>2026-09-27T00:42:05.001Z</time><ele>31.55</ele></trkpt><trkpt lat="36.906552" lon="127.004307"><time>2026-09-27T00:42:06.001Z</time><ele>32.14</ele></trkpt><trkpt lat="36.906408" lon="127.00411"><time>2026-09-27T00:42:07.001Z</time><ele>32.62</ele></trkpt><trkpt lat="36.906263" lon="127.00391"><time>2026-09-27T00:42:08.001Z</time><ele>32.99</ele></trkpt><trkpt lat="36.906116" lon="127.003704"><time>2026-09-27T00:42:09.001Z</time><ele>33.83</ele></trkpt><trkpt lat="36.905967" lon="127.0035"><time>2026-09-27T00:42:10.001Z</time><ele>33.81</ele></trkpt><trkpt lat="36.905825" lon="127.003301"><time>2026-09-27T00:42:11.001Z</time><ele>34.63</ele></trkpt><trkpt lat="36.905679" lon="127.003094"><time>2026-09-27T00:42:12.001Z</time><ele>33.84</ele></trkpt><trkpt lat="36.905535" lon="127.002892"><time>2026-09-27T00:42:13.001Z</time><ele>34.22</ele></trkpt><trkpt lat="36.905393" lon="127.002695"><time>2026-09-27T00:42:14.001Z</time><ele>33.6</ele></trkpt><trkpt lat="36.905252" lon="127.002497"><time>2026-09-27T00:42:15.001Z</time><ele>33.29</ele></trkpt><trkpt lat="36.90511" lon="127.0023"><time>2026-09-27T00:42:16.001Z</time><ele>32.54</ele></trkpt><trkpt lat="36.904955" lon="127.002091"><time>2026-09-27T00:42:17.001Z</time><ele>32.08</ele></trkpt><trkpt lat="36.904791" lon="127.001871"><time>2026-09-27T00:42:18.001Z</time><ele>32.34</ele></trkpt><trkpt lat="36.904625" lon="127.001639"><time>2026-09-27T00:42:19.001Z</time><ele>31.7</ele></trkpt><trkpt lat="36.904452" lon="127.001391"><time>2026-09-27T00:42:20.001Z</time><ele>31.61</ele></trkpt><trkpt lat="36.904274" lon="127.001131"><time>2026-09-27T00:42:21.001Z</time><ele>31.08</ele></trkpt><trkpt lat="36.90409" lon="127.000868"><time>2026-09-27T00:42:22.001Z</time><ele>30.62</ele></trkpt><trkpt lat="36.903911" lon="127.00059"><time>2026-09-27T00:42:23.001Z</time><ele>30.17</ele></trkpt><trkpt lat="36.903739" lon="127.000308"><time>2026-09-27T00:42:24.001Z</time><ele>29.56</ele></trkpt><trkpt lat="36.903577" lon="127.000024"><time>2026-09-27T00:42:25.001Z</time><ele>29.21</ele></trkpt><trkpt lat="36.903417" lon="126.999746"><time>2026-09-27T00:42:26.001Z</time><ele>29.13</ele></trkpt><trkpt lat="36.903261" lon="126.999458"><time>2026-09-27T00:42:27.001Z</time><ele>29.42</ele></trkpt><trkpt lat="36.903115" lon="126.999176"><time>2026-09-27T00:42:28.001Z</time><ele>28.59</ele></trkpt><trkpt lat="36.902968" lon="126.998886"><time>2026-09-27T00:42:29.001Z</time><ele>28.38</ele></trkpt><trkpt lat="36.902828" lon="126.998596"><time>2026-09-27T00:42:30.001Z</time><ele>28.1</ele></trkpt><trkpt lat="36.902693" lon="126.998309"><time>2026-09-27T00:42:31.001Z</time><ele>27.53</ele></trkpt><trkpt lat="36.902557" lon="126.998017"><time>2026-09-27T00:42:32.001Z</time><ele>27.96</ele></trkpt><trkpt lat="36.90243" lon="126.997726"><time>2026-09-27T00:42:33.001Z</time><ele>27.5</ele></trkpt><trkpt lat="36.902307" lon="126.997441"><time>2026-09-27T00:42:34.001Z</time><ele>27</ele></trkpt><trkpt lat="36.902187" lon="126.997154"><time>2026-09-27T00:42:35.001Z</time><ele>27.08</ele></trkpt><trkpt lat="36.902071" lon="126.996864"><time>2026-09-27T00:42:36.001Z</time><ele>27.13</ele></trkpt><trkpt lat="36.901962" lon="126.996576"><time>2026-09-27T00:42:37.001Z</time><ele>27.93</ele></trkpt><trkpt lat="36.901859" lon="126.996294"><time>2026-09-27T00:42:38.001Z</time><ele>27.83</ele></trkpt><trkpt lat="36.901762" lon="126.996021"><time>2026-09-27T00:42:39.001Z</time><ele>27.65</ele></trkpt><trkpt lat="36.901665" lon="126.995742"><time>2026-09-27T00:42:40.001Z</time><ele>27.91</ele></trkpt><trkpt lat="36.901572" lon="126.995466"><time>2026-09-27T00:42:41.001Z</time><ele>28.38</ele></trkpt><trkpt lat="36.901481" lon="126.995191"><time>2026-09-27T00:42:42.001Z</time><ele>28.53</ele></trkpt><trkpt lat="36.901389" lon="126.994912"><time>2026-09-27T00:42:43.001Z</time><ele>28.88</ele></trkpt><trkpt lat="36.901295" lon="126.994632"><time>2026-09-27T00:42:44.001Z</time><ele>29.46</ele></trkpt><trkpt lat="36.901204" lon="126.994349"><time>2026-09-27T00:42:45.001Z</time><ele>29.49</ele></trkpt><trkpt lat="36.901111" lon="126.994067"><time>2026-09-27T00:42:46.001Z</time><ele>29.29</ele></trkpt><trkpt lat="36.901018" lon="126.99379"><time>2026-09-27T00:42:47.001Z</time><ele>29.47</ele></trkpt><trkpt lat="36.900929" lon="126.99352"><time>2026-09-27T00:42:48.001Z</time><ele>29.84</ele></trkpt><trkpt lat="36.900841" lon="126.993251"><time>2026-09-27T00:42:49.001Z</time><ele>29.47</ele></trkpt><trkpt lat="36.900755" lon="126.992974"><time>2026-09-27T00:42:50.001Z</time><ele>29.85</ele></trkpt><trkpt lat="36.900666" lon="126.992701"><time>2026-09-27T00:42:51.001Z</time><ele>29.96</ele></trkpt><trkpt lat="36.900576" lon="126.99243"><time>2026-09-27T00:42:52.000Z</time><ele>30.08</ele></trkpt><trkpt lat="36.900487" lon="126.992161"><time>2026-09-27T00:42:53.000Z</time><ele>30.1</ele></trkpt><trkpt lat="36.900399" lon="126.991896"><time>2026-09-27T00:42:54.000Z</time><ele>30.15</ele></trkpt><trkpt lat="36.900312" lon="126.991635"><time>2026-09-27T00:42:55.000Z</time><ele>30.46</ele></trkpt><trkpt lat="36.900224" lon="126.991375"><time>2026-09-27T00:42:56.000Z</time><ele>30.7</ele></trkpt><trkpt lat="36.900138" lon="126.991114"><time>2026-09-27T00:42:57.000Z</time><ele>30.82</ele></trkpt><trkpt lat="36.900054" lon="126.990855"><time>2026-09-27T00:42:58.000Z</time><ele>30.98</ele></trkpt><trkpt lat="36.899969" lon="126.990595"><time>2026-09-27T00:42:59.000Z</time><ele>31.55</ele></trkpt><trkpt lat="36.899885" lon="126.990333"><time>2026-09-27T00:43:00.000Z</time><ele>31.93</ele></trkpt><trkpt lat="36.899796" lon="126.990065"><time>2026-09-27T00:43:01.000Z</time><ele>32.62</ele></trkpt><trkpt lat="36.899709" lon="126.989798"><time>2026-09-27T00:43:02.000Z</time><ele>33.12</ele></trkpt><trkpt lat="36.899623" lon="126.989543"><time>2026-09-27T00:43:03.000Z</time><ele>33.39</ele></trkpt><trkpt lat="36.899536" lon="126.989288"><time>2026-09-27T00:43:04.000Z</time><ele>33.75</ele></trkpt><trkpt lat="36.899454" lon="126.989029"><time>2026-09-27T00:43:05.000Z</time><ele>34.15</ele></trkpt><trkpt lat="36.899368" lon="126.988767"><time>2026-09-27T00:43:06.000Z</time><ele>34.39</ele></trkpt><trkpt lat="36.899283" lon="126.988501"><time>2026-09-27T00:43:07.000Z</time><ele>35.14</ele></trkpt><trkpt lat="36.899199" lon="126.988243"><time>2026-09-27T00:43:08.000Z</time><ele>35.7</ele></trkpt><trkpt lat="36.899113" lon="126.987982"><time>2026-09-27T00:43:09.000Z</time><ele>36.36</ele></trkpt><trkpt lat="36.899027" lon="126.987729"><time>2026-09-27T00:43:10.000Z</time><ele>36.51</ele></trkpt><trkpt lat="36.898945" lon="126.987479"><time>2026-09-27T00:43:11.000Z</time><ele>37.21</ele></trkpt><trkpt lat="36.898861" lon="126.98723"><time>2026-09-27T00:43:12.000Z</time><ele>37.64</ele></trkpt><trkpt lat="36.898782" lon="126.986986"><time>2026-09-27T00:43:13.000Z</time><ele>38.25</ele></trkpt><trkpt lat="36.8987" lon="126.98674"><time>2026-09-27T00:43:14.000Z</time><ele>38.68</ele></trkpt><trkpt lat="36.898619" lon="126.986499"><time>2026-09-27T00:43:15.000Z</time><ele>39.61</ele></trkpt><trkpt lat="36.898539" lon="126.986262"><time>2026-09-27T00:43:16.000Z</time><ele>39.82</ele></trkpt><trkpt lat="36.898461" lon="126.986024"><time>2026-09-27T00:43:17.000Z</time><ele>40.57</ele></trkpt><trkpt lat="36.898384" lon="126.985787"><time>2026-09-27T00:43:18.000Z</time><ele>40.98</ele></trkpt><trkpt lat="36.898311" lon="126.985562"><time>2026-09-27T00:43:19.000Z</time><ele>41.56</ele></trkpt><trkpt lat="36.898237" lon="126.985337"><time>2026-09-27T00:43:20.000Z</time><ele>41.77</ele></trkpt><trkpt lat="36.898165" lon="126.985112"><time>2026-09-27T00:43:21.000Z</time><ele>42.5</ele></trkpt><trkpt lat="36.898091" lon="126.984888"><time>2026-09-27T00:43:22.000Z</time><ele>43</ele></trkpt><trkpt lat="36.898016" lon="126.984661"><time>2026-09-27T00:43:23.000Z</time><ele>43.27</ele></trkpt><trkpt lat="36.89794" lon="126.984434"><time>2026-09-27T00:43:24.000Z</time><ele>43.48</ele></trkpt><trkpt lat="36.897864" lon="126.984213"><time>2026-09-27T00:43:25.000Z</time><ele>43.39</ele></trkpt><trkpt lat="36.89779" lon="126.983986"><time>2026-09-27T00:43:26.000Z</time><ele>44.59</ele></trkpt><trkpt lat="36.897715" lon="126.983766"><time>2026-09-27T00:43:27.000Z</time><ele>44.41</ele></trkpt><trkpt lat="36.897648" lon="126.983561"><time>2026-09-27T00:43:28.000Z</time><ele>44.48</ele></trkpt><trkpt lat="36.897578" lon="126.983357"><time>2026-09-27T00:43:29.000Z</time><ele>44.31</ele></trkpt><trkpt lat="36.897512" lon="126.983147"><time>2026-09-27T00:43:30.000Z</time><ele>44.31</ele></trkpt><trkpt lat="36.897442" lon="126.982931"><time>2026-09-27T00:43:31.000Z</time><ele>44.44</ele></trkpt><trkpt lat="36.897374" lon="126.982717"><time>2026-09-27T00:43:32.000Z</time><ele>44.3</ele></trkpt><trkpt lat="36.897303" lon="126.982497"><time>2026-09-27T00:43:33.000Z</time><ele>44.14</ele></trkpt><trkpt lat="36.897232" lon="126.98228"><time>2026-09-27T00:43:34.000Z</time><ele>43.57</ele></trkpt><trkpt lat="36.89716" lon="126.982063"><time>2026-09-27T00:43:35.000Z</time><ele>43.32</ele></trkpt><trkpt lat="36.897087" lon="126.981836"><time>2026-09-27T00:43:36.000Z</time><ele>42.84</ele></trkpt><trkpt lat="36.897008" lon="126.981605"><time>2026-09-27T00:43:37.000Z</time><ele>42.53</ele></trkpt><trkpt lat="36.896924" lon="126.981357"><time>2026-09-27T00:43:38.000Z</time><ele>42.56</ele></trkpt><trkpt lat="36.896842" lon="126.981104"><time>2026-09-27T00:43:39.000Z</time><ele>42.42</ele></trkpt><trkpt lat="36.896774" lon="126.980842"><time>2026-09-27T00:43:40.000Z</time><ele>41.88</ele></trkpt><trkpt lat="36.896691" lon="126.980588"><time>2026-09-27T00:43:41.000Z</time><ele>40.96</ele></trkpt><trkpt lat="36.896607" lon="126.98033"><time>2026-09-27T00:43:42.000Z</time><ele>41.11</ele></trkpt><trkpt lat="36.896526" lon="126.980078"><time>2026-09-27T00:43:43.000Z</time><ele>40.55</ele></trkpt><trkpt lat="36.896443" lon="126.979825"><time>2026-09-27T00:43:44.000Z</time><ele>40.4</ele></trkpt><trkpt lat="36.896358" lon="126.979562"><time>2026-09-27T00:43:45.000Z</time><ele>40.41</ele></trkpt><trkpt lat="36.896272" lon="126.979297"><time>2026-09-27T00:43:46.000Z</time><ele>39.58</ele></trkpt><trkpt lat="36.896163" lon="126.979041"><time>2026-09-27T00:43:47.000Z</time><ele>38.81</ele></trkpt><trkpt lat="36.896079" lon="126.978781"><time>2026-09-27T00:43:48.000Z</time><ele>38.24</ele></trkpt><trkpt lat="36.895996" lon="126.978531"><time>2026-09-27T00:43:49.000Z</time><ele>37.62</ele></trkpt><trkpt lat="36.895921" lon="126.978286"><time>2026-09-27T00:43:50.000Z</time><ele>37.34</ele></trkpt><trkpt lat="36.895848" lon="126.978042"><time>2026-09-27T00:43:51.000Z</time><ele>36.44</ele></trkpt><trkpt lat="36.895779" lon="126.977794"><time>2026-09-27T00:43:52.001Z</time><ele>36.11</ele></trkpt><trkpt lat="36.895716" lon="126.977537"><time>2026-09-27T00:43:53.001Z</time><ele>35.01</ele></trkpt><trkpt lat="36.895663" lon="126.977262"><time>2026-09-27T00:43:54.001Z</time><ele>35.04</ele></trkpt><trkpt lat="36.895594" lon="126.976986"><time>2026-09-27T00:43:55.001Z</time><ele>34.4</ele></trkpt><trkpt lat="36.89552" lon="126.9767"><time>2026-09-27T00:43:56.001Z</time><ele>34.33</ele></trkpt><trkpt lat="36.895452" lon="126.976402"><time>2026-09-27T00:43:57.001Z</time><ele>34.29</ele></trkpt><trkpt lat="36.895384" lon="126.976095"><time>2026-09-27T00:43:58.001Z</time><ele>33.48</ele></trkpt><trkpt lat="36.895317" lon="126.975777"><time>2026-09-27T00:43:59.001Z</time><ele>33.41</ele></trkpt><trkpt lat="36.895254" lon="126.975454"><time>2026-09-27T00:44:00.001Z</time><ele>32.46</ele></trkpt><trkpt lat="36.895186" lon="126.975127"><time>2026-09-27T00:44:01.001Z</time><ele>32.04</ele></trkpt><trkpt lat="36.895117" lon="126.974798"><time>2026-09-27T00:44:02.001Z</time><ele>31.47</ele></trkpt><trkpt lat="36.895054" lon="126.974462"><time>2026-09-27T00:44:03.001Z</time><ele>31.64</ele></trkpt><trkpt lat="36.894999" lon="126.974123"><time>2026-09-27T00:44:04.001Z</time><ele>30.95</ele></trkpt><trkpt lat="36.894948" lon="126.973794"><time>2026-09-27T00:44:05.001Z</time><ele>29.61</ele></trkpt><trkpt lat="36.894894" lon="126.973463"><time>2026-09-27T00:44:06.001Z</time><ele>28.92</ele></trkpt><trkpt lat="36.894838" lon="126.973139"><time>2026-09-27T00:44:07.001Z</time><ele>27.97</ele></trkpt><trkpt lat="36.894787" lon="126.972816"><time>2026-09-27T00:44:08.001Z</time><ele>27.11</ele></trkpt><trkpt lat="36.894736" lon="126.972496"><time>2026-09-27T00:44:09.001Z</time><ele>26.71</ele></trkpt><trkpt lat="36.894683" lon="126.972174"><time>2026-09-27T00:44:10.001Z</time><ele>26.18</ele></trkpt><trkpt lat="36.894634" lon="126.971851"><time>2026-09-27T00:44:11.001Z</time><ele>26.35</ele></trkpt><trkpt lat="36.894584" lon="126.971527"><time>2026-09-27T00:44:12.001Z</time><ele>25.89</ele></trkpt><trkpt lat="36.894529" lon="126.971204"><time>2026-09-27T00:44:13.001Z</time><ele>25.64</ele></trkpt><trkpt lat="36.894476" lon="126.970879"><time>2026-09-27T00:44:14.001Z</time><ele>25.54</ele></trkpt><trkpt lat="36.894421" lon="126.970553"><time>2026-09-27T00:44:15.001Z</time><ele>25.49</ele></trkpt><trkpt lat="36.894368" lon="126.970229"><time>2026-09-27T00:44:16.001Z</time><ele>25.4</ele></trkpt><trkpt lat="36.894315" lon="126.969904"><time>2026-09-27T00:44:17.001Z</time><ele>25.06</ele></trkpt><trkpt lat="36.89426" lon="126.969576"><time>2026-09-27T00:44:18.001Z</time><ele>24.49</ele></trkpt><trkpt lat="36.894208" lon="126.969254"><time>2026-09-27T00:44:19.001Z</time><ele>24.54</ele></trkpt><trkpt lat="36.894156" lon="126.96893"><time>2026-09-27T00:44:20.001Z</time><ele>24.54</ele></trkpt><trkpt lat="36.894105" lon="126.968609"><time>2026-09-27T00:44:21.001Z</time><ele>24.83</ele></trkpt><trkpt lat="36.89405" lon="126.968286"><time>2026-09-27T00:44:22.001Z</time><ele>25.12</ele></trkpt><trkpt lat="36.893991" lon="126.96796"><time>2026-09-27T00:44:23.001Z</time><ele>25.07</ele></trkpt><trkpt lat="36.893929" lon="126.967638"><time>2026-09-27T00:44:24.001Z</time><ele>24.74</ele></trkpt><trkpt lat="36.893867" lon="126.967319"><time>2026-09-27T00:44:25.001Z</time><ele>24.69</ele></trkpt><trkpt lat="36.8938" lon="126.967003"><time>2026-09-27T00:44:26.001Z</time><ele>24.35</ele></trkpt><trkpt lat="36.893727" lon="126.966689"><time>2026-09-27T00:44:27.001Z</time><ele>24.08</ele></trkpt><trkpt lat="36.893651" lon="126.966374"><time>2026-09-27T00:44:28.001Z</time><ele>24.11</ele></trkpt><trkpt lat="36.893571" lon="126.966063"><time>2026-09-27T00:44:29.001Z</time><ele>23.75</ele></trkpt><trkpt lat="36.893489" lon="126.965753"><time>2026-09-27T00:44:30.001Z</time><ele>23.79</ele></trkpt><trkpt lat="36.893403" lon="126.965446"><time>2026-09-27T00:44:31.001Z</time><ele>23.74</ele></trkpt><trkpt lat="36.893318" lon="126.965144"><time>2026-09-27T00:44:32.001Z</time><ele>24.19</ele></trkpt><trkpt lat="36.893227" lon="126.964844"><time>2026-09-27T00:44:33.001Z</time><ele>23.84</ele></trkpt><trkpt lat="36.893133" lon="126.964545"><time>2026-09-27T00:44:34.001Z</time><ele>24</ele></trkpt><trkpt lat="36.893044" lon="126.964246"><time>2026-09-27T00:44:35.001Z</time><ele>24.16</ele></trkpt><trkpt lat="36.892956" lon="126.963946"><time>2026-09-27T00:44:36.001Z</time><ele>24.27</ele></trkpt><trkpt lat="36.892872" lon="126.963655"><time>2026-09-27T00:44:37.001Z</time><ele>24.46</ele></trkpt><trkpt lat="36.892787" lon="126.963368"><time>2026-09-27T00:44:38.001Z</time><ele>24.61</ele></trkpt><trkpt lat="36.8927" lon="126.96308"><time>2026-09-27T00:44:39.001Z</time><ele>24.39</ele></trkpt><trkpt lat="36.892614" lon="126.962791"><time>2026-09-27T00:44:40.001Z</time><ele>25</ele></trkpt><trkpt lat="36.89253" lon="126.962502"><time>2026-09-27T00:44:41.001Z</time><ele>24.89</ele></trkpt><trkpt lat="36.892447" lon="126.962221"><time>2026-09-27T00:44:42.001Z</time><ele>25.12</ele></trkpt><trkpt lat="36.892357" lon="126.961938"><time>2026-09-27T00:44:43.001Z</time><ele>25.6</ele></trkpt><trkpt lat="36.892265" lon="126.961651"><time>2026-09-27T00:44:44.001Z</time><ele>25.58</ele></trkpt><trkpt lat="36.89218" lon="126.961362"><time>2026-09-27T00:44:45.001Z</time><ele>25.42</ele></trkpt><trkpt lat="36.892095" lon="126.961067"><time>2026-09-27T00:44:46.001Z</time><ele>25.13</ele></trkpt><trkpt lat="36.892005" lon="126.960772"><time>2026-09-27T00:44:47.001Z</time><ele>25.32</ele></trkpt><trkpt lat="36.891918" lon="126.960481"><time>2026-09-27T00:44:48.001Z</time><ele>24.56</ele></trkpt><trkpt lat="36.89184" lon="126.960201"><time>2026-09-27T00:44:49.001Z</time><ele>24.4</ele></trkpt><trkpt lat="36.891759" lon="126.959921"><time>2026-09-27T00:44:50.001Z</time><ele>23.6</ele></trkpt><trkpt lat="36.891675" lon="126.95963"><time>2026-09-27T00:44:51.001Z</time><ele>24.01</ele></trkpt><trkpt lat="36.891591" lon="126.959337"><time>2026-09-27T00:44:52.001Z</time><ele>23.9</ele></trkpt><trkpt lat="36.891502" lon="126.959039"><time>2026-09-27T00:44:53.001Z</time><ele>23.75</ele></trkpt><trkpt lat="36.89141" lon="126.958735"><time>2026-09-27T00:44:54.001Z</time><ele>23.77</ele></trkpt><trkpt lat="36.891322" lon="126.958428"><time>2026-09-27T00:44:55.001Z</time><ele>23.95</ele></trkpt><trkpt lat="36.89123" lon="126.958118"><time>2026-09-27T00:44:56.001Z</time><ele>23.75</ele></trkpt><trkpt lat="36.891132" lon="126.957789"><time>2026-09-27T00:44:57.001Z</time><ele>23.99</ele></trkpt><trkpt lat="36.891032" lon="126.95745"><time>2026-09-27T00:44:58.000Z</time><ele>23.88</ele></trkpt><trkpt lat="36.890928" lon="126.957116"><time>2026-09-27T00:44:59.000Z</time><ele>24.21</ele></trkpt><trkpt lat="36.89083" lon="126.956786"><time>2026-09-27T00:45:00.000Z</time><ele>24.2</ele></trkpt><trkpt lat="36.890737" lon="126.956457"><time>2026-09-27T00:45:01.000Z</time><ele>23.78</ele></trkpt><trkpt lat="36.890642" lon="126.95613"><time>2026-09-27T00:45:02.000Z</time><ele>23.64</ele></trkpt><trkpt lat="36.890548" lon="126.955811"><time>2026-09-27T00:45:03.000Z</time><ele>23.41</ele></trkpt><trkpt lat="36.890454" lon="126.955498"><time>2026-09-27T00:45:04.000Z</time><ele>23.77</ele></trkpt><trkpt lat="36.890363" lon="126.955191"><time>2026-09-27T00:45:05.000Z</time><ele>23.83</ele></trkpt><trkpt lat="36.890273" lon="126.954887"><time>2026-09-27T00:45:06.000Z</time><ele>23.75</ele></trkpt><trkpt lat="36.890183" lon="126.954592"><time>2026-09-27T00:45:07.000Z</time><ele>23.01</ele></trkpt><trkpt lat="36.890092" lon="126.954291"><time>2026-09-27T00:45:08.000Z</time><ele>23.34</ele></trkpt><trkpt lat="36.890002" lon="126.95399"><time>2026-09-27T00:45:09.000Z</time><ele>22.93</ele></trkpt><trkpt lat="36.889913" lon="126.953681"><time>2026-09-27T00:45:10.000Z</time><ele>23.49</ele></trkpt><trkpt lat="36.88982" lon="126.953366"><time>2026-09-27T00:45:11.000Z</time><ele>23.2</ele></trkpt><trkpt lat="36.88973" lon="126.953053"><time>2026-09-27T00:45:12.000Z</time><ele>23.63</ele></trkpt><trkpt lat="36.889646" lon="126.952764"><time>2026-09-27T00:45:13.000Z</time><ele>23.19</ele></trkpt><trkpt lat="36.889576" lon="126.952489"><time>2026-09-27T00:45:14.000Z</time><ele>22.45</ele></trkpt><trkpt lat="36.889513" lon="126.952221"><time>2026-09-27T00:45:15.000Z</time><ele>22.47</ele></trkpt><trkpt lat="36.889458" lon="126.951962"><time>2026-09-27T00:45:16.000Z</time><ele>21.98</ele></trkpt><trkpt lat="36.889426" lon="126.951683"><time>2026-09-27T00:45:17.000Z</time><ele>22.41</ele></trkpt><trkpt lat="36.889366" lon="126.951423"><time>2026-09-27T00:45:18.000Z</time><ele>21.77</ele></trkpt><trkpt lat="36.88933" lon="126.951156"><time>2026-09-27T00:45:19.000Z</time><ele>22.24</ele></trkpt><trkpt lat="36.889296" lon="126.950878"><time>2026-09-27T00:45:20.000Z</time><ele>21.95</ele></trkpt><trkpt lat="36.889275" lon="126.950596"><time>2026-09-27T00:45:21.000Z</time><ele>21.66</ele></trkpt><trkpt lat="36.889258" lon="126.950303"><time>2026-09-27T00:45:22.000Z</time><ele>21.8</ele></trkpt><trkpt lat="36.889248" lon="126.950002"><time>2026-09-27T00:45:23.000Z</time><ele>21.29</ele></trkpt><trkpt lat="36.889245" lon="126.949707"><time>2026-09-27T00:45:24.000Z</time><ele>20.7</ele></trkpt><trkpt lat="36.88925" lon="126.94941"><time>2026-09-27T00:45:25.000Z</time><ele>20.39</ele></trkpt><trkpt lat="36.889258" lon="126.949111"><time>2026-09-27T00:45:26.000Z</time><ele>19.83</ele></trkpt><trkpt lat="36.889264" lon="126.948808"><time>2026-09-27T00:45:27.000Z</time><ele>19.51</ele></trkpt><trkpt lat="36.889275" lon="126.948506"><time>2026-09-27T00:45:28.000Z</time><ele>18.41</ele></trkpt><trkpt lat="36.889284" lon="126.948223"><time>2026-09-27T00:45:29.000Z</time><ele>18.38</ele></trkpt><trkpt lat="36.889286" lon="126.947945"><time>2026-09-27T00:45:30.000Z</time><ele>18.49</ele></trkpt><trkpt lat="36.889293" lon="126.947665"><time>2026-09-27T00:45:31.000Z</time><ele>18.59</ele></trkpt><trkpt lat="36.8893" lon="126.947379"><time>2026-09-27T00:45:32.000Z</time><ele>18.63</ele></trkpt><trkpt lat="36.889312" lon="126.947088"><time>2026-09-27T00:45:33.000Z</time><ele>17.75</ele></trkpt><trkpt lat="36.88932" lon="126.946791"><time>2026-09-27T00:45:34.000Z</time><ele>17.88</ele></trkpt><trkpt lat="36.889329" lon="126.946492"><time>2026-09-27T00:45:35.000Z</time><ele>17.73</ele></trkpt><trkpt lat="36.889338" lon="126.946181"><time>2026-09-27T00:45:36.000Z</time><ele>17.47</ele></trkpt><trkpt lat="36.889345" lon="126.945868"><time>2026-09-27T00:45:37.000Z</time><ele>17.28</ele></trkpt><trkpt lat="36.889353" lon="126.945554"><time>2026-09-27T00:45:38.000Z</time><ele>17.31</ele></trkpt><trkpt lat="36.88936" lon="126.945234"><time>2026-09-27T00:45:39.000Z</time><ele>17.49</ele></trkpt><trkpt lat="36.88937" lon="126.944913"><time>2026-09-27T00:45:40.000Z</time><ele>17.24</ele></trkpt><trkpt lat="36.889379" lon="126.944589"><time>2026-09-27T00:45:41.000Z</time><ele>17.24</ele></trkpt><trkpt lat="36.889388" lon="126.944265"><time>2026-09-27T00:45:42.000Z</time><ele>17.21</ele></trkpt><trkpt lat="36.889399" lon="126.943945"><time>2026-09-27T00:45:43.000Z</time><ele>17.61</ele></trkpt><trkpt lat="36.889407" lon="126.943627"><time>2026-09-27T00:45:44.000Z</time><ele>16.83</ele></trkpt><trkpt lat="36.88941" lon="126.943324"><time>2026-09-27T00:45:45.000Z</time><ele>17.75</ele></trkpt><trkpt lat="36.889415" lon="126.943028"><time>2026-09-27T00:45:46.000Z</time><ele>18.6</ele></trkpt><trkpt lat="36.889423" lon="126.942731"><time>2026-09-27T00:45:47.000Z</time><ele>18.63</ele></trkpt><trkpt lat="36.889431" lon="126.942429"><time>2026-09-27T00:45:48.000Z</time><ele>19.13</ele></trkpt><trkpt lat="36.889438" lon="126.942126"><time>2026-09-27T00:45:49.000Z</time><ele>20.02</ele></trkpt><trkpt lat="36.889444" lon="126.941819"><time>2026-09-27T00:45:50.000Z</time><ele>20.49</ele></trkpt><trkpt lat="36.889453" lon="126.941506"><time>2026-09-27T00:45:51.000Z</time><ele>20.67</ele></trkpt><trkpt lat="36.889462" lon="126.941188"><time>2026-09-27T00:45:52.000Z</time><ele>20.85</ele></trkpt><trkpt lat="36.889468" lon="126.940861"><time>2026-09-27T00:45:53.000Z</time><ele>21.53</ele></trkpt><trkpt lat="36.889477" lon="126.940538"><time>2026-09-27T00:45:54.000Z</time><ele>22.13</ele></trkpt><trkpt lat="36.889485" lon="126.940219"><time>2026-09-27T00:45:55.000Z</time><ele>21.75</ele></trkpt><trkpt lat="36.889494" lon="126.939893"><time>2026-09-27T00:45:56.000Z</time><ele>21.9</ele></trkpt><trkpt lat="36.889505" lon="126.93957"><time>2026-09-27T00:45:57.001Z</time><ele>21.66</ele></trkpt><trkpt lat="36.889511" lon="126.939247"><time>2026-09-27T00:45:58.001Z</time><ele>21.6</ele></trkpt><trkpt lat="36.889521" lon="126.938931"><time>2026-09-27T00:45:59.001Z</time><ele>21.49</ele></trkpt><trkpt lat="36.889529" lon="126.938629"><time>2026-09-27T00:46:00.001Z</time><ele>21.53</ele></trkpt><trkpt lat="36.889536" lon="126.938335"><time>2026-09-27T00:46:01.001Z</time><ele>20.72</ele></trkpt><trkpt lat="36.889543" lon="126.938042"><time>2026-09-27T00:46:02.001Z</time><ele>20.92</ele></trkpt><trkpt lat="36.889553" lon="126.937736"><time>2026-09-27T00:46:03.001Z</time><ele>20.61</ele></trkpt><trkpt lat="36.889562" lon="126.937427"><time>2026-09-27T00:46:04.001Z</time><ele>19.93</ele></trkpt><trkpt lat="36.889569" lon="126.937111"><time>2026-09-27T00:46:05.001Z</time><ele>19.12</ele></trkpt><trkpt lat="36.889576" lon="126.936796"><time>2026-09-27T00:46:06.001Z</time><ele>18.95</ele></trkpt><trkpt lat="36.889587" lon="126.93648"><time>2026-09-27T00:46:07.001Z</time><ele>18.48</ele></trkpt><trkpt lat="36.889592" lon="126.936159"><time>2026-09-27T00:46:08.001Z</time><ele>18.03</ele></trkpt><trkpt lat="36.889596" lon="126.93584"><time>2026-09-27T00:46:09.001Z</time><ele>17.65</ele></trkpt><trkpt lat="36.889604" lon="126.935526"><time>2026-09-27T00:46:10.001Z</time><ele>17.29</ele></trkpt><trkpt lat="36.88961" lon="126.935212"><time>2026-09-27T00:46:11.001Z</time><ele>16.62</ele></trkpt><trkpt lat="36.889619" lon="126.934902"><time>2026-09-27T00:46:12.001Z</time><ele>16.26</ele></trkpt><trkpt lat="36.889626" lon="126.934596"><time>2026-09-27T00:46:13.001Z</time><ele>16.96</ele></trkpt><trkpt lat="36.889634" lon="126.934287"><time>2026-09-27T00:46:14.001Z</time><ele>16.49</ele></trkpt><trkpt lat="36.889643" lon="126.933978"><time>2026-09-27T00:46:15.001Z</time><ele>16.83</ele></trkpt><trkpt lat="36.889647" lon="126.933672"><time>2026-09-27T00:46:16.001Z</time><ele>16.52</ele></trkpt><trkpt lat="36.889642" lon="126.933363"><time>2026-09-27T00:46:17.001Z</time><ele>16.4</ele></trkpt><trkpt lat="36.889635" lon="126.933057"><time>2026-09-27T00:46:18.001Z</time><ele>16.21</ele></trkpt><trkpt lat="36.889626" lon="126.932744"><time>2026-09-27T00:46:19.001Z</time><ele>16.71</ele></trkpt><trkpt lat="36.889612" lon="126.932432"><time>2026-09-27T00:46:20.001Z</time><ele>16.69</ele></trkpt><trkpt lat="36.889593" lon="126.932122"><time>2026-09-27T00:46:21.001Z</time><ele>16.82</ele></trkpt><trkpt lat="36.88957" lon="126.931813"><time>2026-09-27T00:46:22.001Z</time><ele>17.1</ele></trkpt><trkpt lat="36.889543" lon="126.931503"><time>2026-09-27T00:46:23.001Z</time><ele>17</ele></trkpt><trkpt lat="36.88951" lon="126.931194"><time>2026-09-27T00:46:24.001Z</time><ele>17.07</ele></trkpt><trkpt lat="36.889475" lon="126.930888"><time>2026-09-27T00:46:25.001Z</time><ele>17.49</ele></trkpt><trkpt lat="36.889444" lon="126.930605"><time>2026-09-27T00:46:26.001Z</time><ele>17.03</ele></trkpt><trkpt lat="36.889414" lon="126.930335"><time>2026-09-27T00:46:27.001Z</time><ele>17.26</ele></trkpt><trkpt lat="36.889381" lon="126.93007"><time>2026-09-27T00:46:28.001Z</time><ele>17.4</ele></trkpt><trkpt lat="36.889348" lon="126.92981"><time>2026-09-27T00:46:29.001Z</time><ele>17.04</ele></trkpt><trkpt lat="36.88932" lon="126.929548"><time>2026-09-27T00:46:30.001Z</time><ele>16.65</ele></trkpt><trkpt lat="36.88929" lon="126.929284"><time>2026-09-27T00:46:31.001Z</time><ele>16.47</ele></trkpt><trkpt lat="36.88926" lon="126.929015"><time>2026-09-27T00:46:32.001Z</time><ele>16.81</ele></trkpt><trkpt lat="36.889229" lon="126.928743"><time>2026-09-27T00:46:33.001Z</time><ele>16.69</ele></trkpt><trkpt lat="36.889197" lon="126.928472"><time>2026-09-27T00:46:34.001Z</time><ele>17.21</ele></trkpt><trkpt lat="36.889167" lon="126.92821"><time>2026-09-27T00:46:35.001Z</time><ele>17.19</ele></trkpt><trkpt lat="36.889138" lon="126.927955"><time>2026-09-27T00:46:36.001Z</time><ele>17.4</ele></trkpt><trkpt lat="36.889108" lon="126.927694"><time>2026-09-27T00:46:37.001Z</time><ele>16.9</ele></trkpt><trkpt lat="36.889078" lon="126.927429"><time>2026-09-27T00:46:38.001Z</time><ele>17.16</ele></trkpt><trkpt lat="36.889048" lon="126.927166"><time>2026-09-27T00:46:39.001Z</time><ele>17.14</ele></trkpt><trkpt lat="36.889019" lon="126.926898"><time>2026-09-27T00:46:40.001Z</time><ele>16.25</ele></trkpt><trkpt lat="36.888988" lon="126.926627"><time>2026-09-27T00:46:41.001Z</time><ele>16.26</ele></trkpt><trkpt lat="36.888958" lon="126.926357"><time>2026-09-27T00:46:42.001Z</time><ele>15.96</ele></trkpt><trkpt lat="36.888925" lon="126.926083"><time>2026-09-27T00:46:43.001Z</time><ele>15.87</ele></trkpt><trkpt lat="36.888895" lon="126.925829"><time>2026-09-27T00:46:44.001Z</time><ele>15.85</ele></trkpt><trkpt lat="36.888868" lon="126.925589"><time>2026-09-27T00:46:45.001Z</time><ele>15.63</ele></trkpt><trkpt lat="36.88884" lon="126.925347"><time>2026-09-27T00:46:46.001Z</time><ele>15.81</ele></trkpt><trkpt lat="36.888812" lon="126.925099"><time>2026-09-27T00:46:47.001Z</time><ele>15.74</ele></trkpt><trkpt lat="36.888785" lon="126.924849"><time>2026-09-27T00:46:48.001Z</time><ele>15.85</ele></trkpt><trkpt lat="36.888757" lon="126.9246"><time>2026-09-27T00:46:49.001Z</time><ele>15.37</ele></trkpt><trkpt lat="36.888729" lon="126.924346"><time>2026-09-27T00:46:50.001Z</time><ele>15.64</ele></trkpt><trkpt lat="36.8887" lon="126.924091"><time>2026-09-27T00:46:51.001Z</time><ele>15.25</ele></trkpt><trkpt lat="36.88867" lon="126.923839"><time>2026-09-27T00:46:52.001Z</time><ele>15.8</ele></trkpt><trkpt lat="36.888645" lon="126.923603"><time>2026-09-27T00:46:53.001Z</time><ele>15.77</ele></trkpt><trkpt lat="36.888616" lon="126.923366"><time>2026-09-27T00:46:54.001Z</time><ele>15.92</ele></trkpt><trkpt lat="36.888589" lon="126.923132"><time>2026-09-27T00:46:55.001Z</time><ele>15.78</ele></trkpt><trkpt lat="36.888562" lon="126.922891"><time>2026-09-27T00:46:56.001Z</time><ele>15.86</ele></trkpt><trkpt lat="36.888536" lon="126.922649"><time>2026-09-27T00:46:57.001Z</time><ele>16.34</ele></trkpt><trkpt lat="36.888509" lon="126.92241"><time>2026-09-27T00:46:58.001Z</time><ele>16.6</ele></trkpt><trkpt lat="36.888481" lon="126.922172"><time>2026-09-27T00:46:59.001Z</time><ele>16.82</ele></trkpt><trkpt lat="36.888453" lon="126.921934"><time>2026-09-27T00:47:00.001Z</time><ele>16.66</ele></trkpt><trkpt lat="36.888425" lon="126.921701"><time>2026-09-27T00:47:01.001Z</time><ele>17.13</ele></trkpt><trkpt lat="36.8884" lon="126.92148"><time>2026-09-27T00:47:02.001Z</time><ele>17.2</ele></trkpt><trkpt lat="36.888367" lon="126.92125"><time>2026-09-27T00:47:03.001Z</time><ele>17.73</ele></trkpt><trkpt lat="36.888325" lon="126.921024"><time>2026-09-27T00:47:04.000Z</time><ele>17.43</ele></trkpt><trkpt lat="36.888274" lon="126.920799"><time>2026-09-27T00:47:05.000Z</time><ele>17.83</ele></trkpt><trkpt lat="36.888214" lon="126.920584"><time>2026-09-27T00:47:06.000Z</time><ele>18.21</ele></trkpt><trkpt lat="36.888148" lon="126.920368"><time>2026-09-27T00:47:07.000Z</time><ele>17.95</ele></trkpt><trkpt lat="36.888073" lon="126.920152"><time>2026-09-27T00:47:08.000Z</time><ele>17.97</ele></trkpt><trkpt lat="36.887993" lon="126.919952"><time>2026-09-27T00:47:09.000Z</time><ele>17.79</ele></trkpt><trkpt lat="36.8879" lon="126.919752"><time>2026-09-27T00:47:10.000Z</time><ele>18.11</ele></trkpt><trkpt lat="36.887804" lon="126.919566"><time>2026-09-27T00:47:11.000Z</time><ele>17.36</ele></trkpt><trkpt lat="36.887704" lon="126.919387"><time>2026-09-27T00:47:12.000Z</time><ele>17.26</ele></trkpt><trkpt lat="36.887596" lon="126.919215"><time>2026-09-27T00:47:13.000Z</time><ele>16.82</ele></trkpt><trkpt lat="36.887481" lon="126.91905"><time>2026-09-27T00:47:14.000Z</time><ele>16.1</ele></trkpt><trkpt lat="36.887362" lon="126.918896"><time>2026-09-27T00:47:15.000Z</time><ele>15.47</ele></trkpt><trkpt lat="36.887239" lon="126.918741"><time>2026-09-27T00:47:16.000Z</time><ele>15.17</ele></trkpt><trkpt lat="36.887118" lon="126.918585"><time>2026-09-27T00:47:17.000Z</time><ele>15.01</ele></trkpt><trkpt lat="36.887017" lon="126.918424"><time>2026-09-27T00:47:18.000Z</time><ele>13.94</ele></trkpt><trkpt lat="36.8869" lon="126.918268"><time>2026-09-27T00:47:19.000Z</time><ele>14.14</ele></trkpt><trkpt lat="36.886781" lon="126.91811"><time>2026-09-27T00:47:20.000Z</time><ele>13.68</ele></trkpt><trkpt lat="36.886663" lon="126.917953"><time>2026-09-27T00:47:21.000Z</time><ele>13.91</ele></trkpt><trkpt lat="36.886545" lon="126.917797"><time>2026-09-27T00:47:22.000Z</time><ele>13.59</ele></trkpt><trkpt lat="36.886416" lon="126.917645"><time>2026-09-27T00:47:23.000Z</time><ele>13.31</ele></trkpt><trkpt lat="36.886295" lon="126.917467"><time>2026-09-27T00:47:24.000Z</time><ele>12.74</ele></trkpt><trkpt lat="36.886172" lon="126.917284"><time>2026-09-27T00:47:25.000Z</time><ele>12.2</ele></trkpt><trkpt lat="36.886058" lon="126.917109"><time>2026-09-27T00:47:26.000Z</time><ele>11.75</ele></trkpt><trkpt lat="36.885944" lon="126.916931"><time>2026-09-27T00:47:27.000Z</time><ele>11.94</ele></trkpt><trkpt lat="36.885831" lon="126.916743"><time>2026-09-27T00:47:28.000Z</time><ele>11.24</ele></trkpt><trkpt lat="36.88572" lon="126.916551"><time>2026-09-27T00:47:29.000Z</time><ele>10.54</ele></trkpt><trkpt lat="36.885626" lon="126.916333"><time>2026-09-27T00:47:30.000Z</time><ele>10.6</ele></trkpt><trkpt lat="36.88551" lon="126.916122"><time>2026-09-27T00:47:31.000Z</time><ele>11.23</ele></trkpt><trkpt lat="36.885395" lon="126.91591"><time>2026-09-27T00:47:32.000Z</time><ele>10.34</ele></trkpt><trkpt lat="36.885279" lon="126.9157"><time>2026-09-27T00:47:33.000Z</time><ele>10.05</ele></trkpt><trkpt lat="36.88517" lon="126.915483"><time>2026-09-27T00:47:34.000Z</time><ele>10.26</ele></trkpt><trkpt lat="36.885069" lon="126.915276"><time>2026-09-27T00:47:35.000Z</time><ele>10.78</ele></trkpt><trkpt lat="36.88497" lon="126.915074"><time>2026-09-27T00:47:36.000Z</time><ele>10.43</ele></trkpt><trkpt lat="36.884875" lon="126.914869"><time>2026-09-27T00:47:37.000Z</time><ele>10.32</ele></trkpt><trkpt lat="36.88478" lon="126.914663"><time>2026-09-27T00:47:38.000Z</time><ele>10.42</ele></trkpt><trkpt lat="36.884679" lon="126.914479"><time>2026-09-27T00:47:39.000Z</time><ele>10.6</ele></trkpt><trkpt lat="36.88459" lon="126.91429"><time>2026-09-27T00:47:40.000Z</time><ele>10.46</ele></trkpt><trkpt lat="36.884498" lon="126.914093"><time>2026-09-27T00:47:41.000Z</time><ele>10.92</ele></trkpt><trkpt lat="36.884405" lon="126.913895"><time>2026-09-27T00:47:42.000Z</time><ele>10.68</ele></trkpt><trkpt lat="36.884308" lon="126.913699"><time>2026-09-27T00:47:43.000Z</time><ele>10.69</ele></trkpt><trkpt lat="36.884207" lon="126.91351"><time>2026-09-27T00:47:44.000Z</time><ele>10.44</ele></trkpt><trkpt lat="36.884108" lon="126.913326"><time>2026-09-27T00:47:45.000Z</time><ele>10.52</ele></trkpt><trkpt lat="36.884007" lon="126.913136"><time>2026-09-27T00:47:46.000Z</time><ele>11.05</ele></trkpt><trkpt lat="36.883906" lon="126.912951"><time>2026-09-27T00:47:47.000Z</time><ele>10.78</ele></trkpt><trkpt lat="36.883804" lon="126.912774"><time>2026-09-27T00:47:48.000Z</time><ele>11</ele></trkpt><trkpt lat="36.8837" lon="126.912599"><time>2026-09-27T00:47:49.000Z</time><ele>11.38</ele></trkpt><trkpt lat="36.883592" lon="126.912422"><time>2026-09-27T00:47:50.000Z</time><ele>10.96</ele></trkpt><trkpt lat="36.883478" lon="126.912242"><time>2026-09-27T00:47:51.000Z</time><ele>11.03</ele></trkpt><trkpt lat="36.883364" lon="126.912063"><time>2026-09-27T00:47:52.000Z</time><ele>10.88</ele></trkpt><trkpt lat="36.883251" lon="126.911902"><time>2026-09-27T00:47:53.000Z</time><ele>10.46</ele></trkpt><trkpt lat="36.883135" lon="126.911742"><time>2026-09-27T00:47:54.000Z</time><ele>9.92</ele></trkpt><trkpt lat="36.883022" lon="126.911574"><time>2026-09-27T00:47:55.000Z</time><ele>10.48</ele></trkpt><trkpt lat="36.882903" lon="126.911408"><time>2026-09-27T00:47:56.000Z</time><ele>10.66</ele></trkpt><trkpt lat="36.882781" lon="126.911241"><time>2026-09-27T00:47:57.000Z</time><ele>11.12</ele></trkpt><trkpt lat="36.882665" lon="126.91108"><time>2026-09-27T00:47:58.000Z</time><ele>10.61</ele></trkpt><trkpt lat="36.882549" lon="126.910916"><time>2026-09-27T00:47:59.000Z</time><ele>11</ele></trkpt><trkpt lat="36.882438" lon="126.910758"><time>2026-09-27T00:48:00.000Z</time><ele>11.32</ele></trkpt><trkpt lat="36.88232" lon="126.910596"><time>2026-09-27T00:48:01.000Z</time><ele>11.45</ele></trkpt><trkpt lat="36.882206" lon="126.910442"><time>2026-09-27T00:48:02.000Z</time><ele>11.52</ele></trkpt><trkpt lat="36.882104" lon="126.910293"><time>2026-09-27T00:48:03.000Z</time><ele>11.68</ele></trkpt><trkpt lat="36.882004" lon="126.910152"><time>2026-09-27T00:48:04.000Z</time><ele>11.64</ele></trkpt><trkpt lat="36.881903" lon="126.910012"><time>2026-09-27T00:48:05.000Z</time><ele>11.64</ele></trkpt><trkpt lat="36.881802" lon="126.909874"><time>2026-09-27T00:48:06.000Z</time><ele>11.96</ele></trkpt><trkpt lat="36.8817" lon="126.909734"><time>2026-09-27T00:48:07.000Z</time><ele>11.66</ele></trkpt><trkpt lat="36.881598" lon="126.909587"><time>2026-09-27T00:48:08.001Z</time><ele>11.53</ele></trkpt><trkpt lat="36.88149" lon="126.909437"><time>2026-09-27T00:48:09.001Z</time><ele>11.08</ele></trkpt><trkpt lat="36.881379" lon="126.909282"><time>2026-09-27T00:48:10.001Z</time><ele>11.31</ele></trkpt><trkpt lat="36.881273" lon="126.909139"><time>2026-09-27T00:48:11.001Z</time><ele>10.94</ele></trkpt><trkpt lat="36.881174" lon="126.909"><time>2026-09-27T00:48:12.001Z</time><ele>10.22</ele></trkpt><trkpt lat="36.881069" lon="126.908849"><time>2026-09-27T00:48:13.001Z</time><ele>10.49</ele></trkpt><trkpt lat="36.880967" lon="126.908698"><time>2026-09-27T00:48:14.001Z</time><ele>10.43</ele></trkpt><trkpt lat="36.880861" lon="126.908548"><time>2026-09-27T00:48:15.001Z</time><ele>10</ele></trkpt><trkpt lat="36.880759" lon="126.908397"><time>2026-09-27T00:48:16.001Z</time><ele>9.43</ele></trkpt><trkpt lat="36.88065" lon="126.908243"><time>2026-09-27T00:48:17.001Z</time><ele>9.38</ele></trkpt><trkpt lat="36.880543" lon="126.908088"><time>2026-09-27T00:48:18.001Z</time><ele>9.36</ele></trkpt><trkpt lat="36.88043" lon="126.907933"><time>2026-09-27T00:48:19.001Z</time><ele>9.38</ele></trkpt><trkpt lat="36.880303" lon="126.90776"><time>2026-09-27T00:48:20.001Z</time><ele>8.9</ele></trkpt><trkpt lat="36.880168" lon="126.907573"><time>2026-09-27T00:48:21.001Z</time><ele>8.69</ele></trkpt><trkpt lat="36.880029" lon="126.907374"><time>2026-09-27T00:48:22.001Z</time><ele>8.34</ele></trkpt><trkpt lat="36.879894" lon="126.907167"><time>2026-09-27T00:48:23.001Z</time><ele>8.45</ele></trkpt><trkpt lat="36.879764" lon="126.906951"><time>2026-09-27T00:48:24.001Z</time><ele>8.94</ele></trkpt><trkpt lat="36.879643" lon="126.906734"><time>2026-09-27T00:48:25.001Z</time><ele>9.51</ele></trkpt><trkpt lat="36.879541" lon="126.906526"><time>2026-09-27T00:48:26.001Z</time><ele>9.44</ele></trkpt><trkpt lat="36.879445" lon="126.906306"><time>2026-09-27T00:48:27.001Z</time><ele>10.29</ele></trkpt><trkpt lat="36.879361" lon="126.906083"><time>2026-09-27T00:48:28.001Z</time><ele>10.51</ele></trkpt><trkpt lat="36.879288" lon="126.905849"><time>2026-09-27T00:48:29.001Z</time><ele>10.07</ele></trkpt><trkpt lat="36.879221" lon="126.905589"><time>2026-09-27T00:48:30.001Z</time><ele>10.76</ele></trkpt><trkpt lat="36.879146" lon="126.905319"><time>2026-09-27T00:48:31.001Z</time><ele>11.03</ele></trkpt><trkpt lat="36.879078" lon="126.905046"><time>2026-09-27T00:48:32.001Z</time><ele>11.47</ele></trkpt><trkpt lat="36.879018" lon="126.904775"><time>2026-09-27T00:48:33.001Z</time><ele>11.15</ele></trkpt><trkpt lat="36.878964" lon="126.904512"><time>2026-09-27T00:48:34.001Z</time><ele>11.17</ele></trkpt><trkpt lat="36.878905" lon="126.904244"><time>2026-09-27T00:48:35.001Z</time><ele>11.51</ele></trkpt><trkpt lat="36.878848" lon="126.903974"><time>2026-09-27T00:48:36.001Z</time><ele>10.72</ele></trkpt><trkpt lat="36.87879" lon="126.903703"><time>2026-09-27T00:48:37.001Z</time><ele>10.71</ele></trkpt><trkpt lat="36.878726" lon="126.903422"><time>2026-09-27T00:48:38.001Z</time><ele>10.38</ele></trkpt><trkpt lat="36.878657" lon="126.903125"><time>2026-09-27T00:48:39.001Z</time><ele>10.14</ele></trkpt><trkpt lat="36.87859" lon="126.902822"><time>2026-09-27T00:48:40.001Z</time><ele>10.19</ele></trkpt><trkpt lat="36.878516" lon="126.902518"><time>2026-09-27T00:48:41.001Z</time><ele>9.81</ele></trkpt><trkpt lat="36.878436" lon="126.902212"><time>2026-09-27T00:48:42.001Z</time><ele>10</ele></trkpt><trkpt lat="36.878361" lon="126.901926"><time>2026-09-27T00:48:43.001Z</time><ele>10.25</ele></trkpt><trkpt lat="36.878296" lon="126.901649"><time>2026-09-27T00:48:44.001Z</time><ele>10.33</ele></trkpt><trkpt lat="36.878234" lon="126.901364"><time>2026-09-27T00:48:45.001Z</time><ele>10.61</ele></trkpt><trkpt lat="36.878172" lon="126.901096"><time>2026-09-27T00:48:46.001Z</time><ele>9.95</ele></trkpt><trkpt lat="36.878109" lon="126.900829"><time>2026-09-27T00:48:47.001Z</time><ele>10.53</ele></trkpt><trkpt lat="36.87805" lon="126.90056"><time>2026-09-27T00:48:48.001Z</time><ele>10.34</ele></trkpt><trkpt lat="36.877991" lon="126.900291"><time>2026-09-27T00:48:49.001Z</time><ele>10.24</ele></trkpt><trkpt lat="36.877932" lon="126.900028"><time>2026-09-27T00:48:50.001Z</time><ele>10.23</ele></trkpt><trkpt lat="36.877877" lon="126.899763"><time>2026-09-27T00:48:51.001Z</time><ele>10.16</ele></trkpt><trkpt lat="36.877821" lon="126.899494"><time>2026-09-27T00:48:52.001Z</time><ele>9.79</ele></trkpt><trkpt lat="36.877761" lon="126.899223"><time>2026-09-27T00:48:53.001Z</time><ele>9.32</ele></trkpt><trkpt lat="36.877702" lon="126.89895"><time>2026-09-27T00:48:54.001Z</time><ele>9.58</ele></trkpt><trkpt lat="36.877645" lon="126.898663"><time>2026-09-27T00:48:55.001Z</time><ele>9.21</ele></trkpt><trkpt lat="36.877595" lon="126.898352"><time>2026-09-27T00:48:56.001Z</time><ele>9.58</ele></trkpt><trkpt lat="36.877527" lon="126.898036"><time>2026-09-27T00:48:57.001Z</time><ele>9.93</ele></trkpt><trkpt lat="36.877445" lon="126.897709"><time>2026-09-27T00:48:58.001Z</time><ele>9.85</ele></trkpt><trkpt lat="36.877379" lon="126.897368"><time>2026-09-27T00:48:59.001Z</time><ele>10.48</ele></trkpt><trkpt lat="36.877303" lon="126.897029"><time>2026-09-27T00:49:00.001Z</time><ele>10.84</ele></trkpt><trkpt lat="36.877225" lon="126.896717"><time>2026-09-27T00:49:01.001Z</time><ele>10.35</ele></trkpt><trkpt lat="36.877151" lon="126.896416"><time>2026-09-27T00:49:02.001Z</time><ele>10.34</ele></trkpt><trkpt lat="36.877075" lon="126.896116"><time>2026-09-27T00:49:03.001Z</time><ele>11.62</ele></trkpt><trkpt lat="36.876991" lon="126.895836"><time>2026-09-27T00:49:04.001Z</time><ele>11.51</ele></trkpt><trkpt lat="36.876894" lon="126.895558"><time>2026-09-27T00:49:05.001Z</time><ele>11.68</ele></trkpt><trkpt lat="36.876783" lon="126.895288"><time>2026-09-27T00:49:06.001Z</time><ele>11.38</ele></trkpt><trkpt lat="36.876657" lon="126.89503"><time>2026-09-27T00:49:07.001Z</time><ele>11.24</ele></trkpt><trkpt lat="36.876521" lon="126.894779"><time>2026-09-27T00:49:08.001Z</time><ele>10.89</ele></trkpt><trkpt lat="36.876378" lon="126.894537"><time>2026-09-27T00:49:09.001Z</time><ele>10.53</ele></trkpt><trkpt lat="36.876231" lon="126.894313"><time>2026-09-27T00:49:10.000Z</time><ele>9.91</ele></trkpt><trkpt lat="36.876086" lon="126.89411"><time>2026-09-27T00:49:11.000Z</time><ele>8.63</ele></trkpt><trkpt lat="36.875936" lon="126.893904"><time>2026-09-27T00:49:12.000Z</time><ele>8.23</ele></trkpt><trkpt lat="36.875786" lon="126.893708"><time>2026-09-27T00:49:13.000Z</time><ele>7.48</ele></trkpt><trkpt lat="36.875641" lon="126.893527"><time>2026-09-27T00:49:14.000Z</time><ele>7.59</ele></trkpt><trkpt lat="36.875608" lon="126.893228"><time>2026-09-27T00:49:15.000Z</time><ele>7.28</ele></trkpt><trkpt lat="36.875477" lon="126.893056"><time>2026-09-27T00:49:16.000Z</time><ele>7.21</ele></trkpt><trkpt lat="36.875355" lon="126.892892"><time>2026-09-27T00:49:17.000Z</time><ele>6.63</ele></trkpt><trkpt lat="36.875238" lon="126.892734"><time>2026-09-27T00:49:18.000Z</time><ele>6.43</ele></trkpt><trkpt lat="36.875129" lon="126.892586"><time>2026-09-27T00:49:19.000Z</time><ele>5.87</ele></trkpt><trkpt lat="36.875026" lon="126.892445"><time>2026-09-27T00:49:20.000Z</time><ele>5.89</ele></trkpt><trkpt lat="36.874929" lon="126.892313"><time>2026-09-27T00:49:21.000Z</time><ele>6.2</ele></trkpt><trkpt lat="36.87484" lon="126.892192"><time>2026-09-27T00:49:22.000Z</time><ele>5.57</ele></trkpt><trkpt lat="36.874661" lon="126.892199"><time>2026-09-27T00:49:23.000Z</time><ele>6.06</ele></trkpt><trkpt lat="36.87459" lon="126.892103"><time>2026-09-27T00:49:24.000Z</time><ele>6.28</ele></trkpt><trkpt lat="36.874525" lon="126.892013"><time>2026-09-27T00:49:25.000Z</time><ele>6.83</ele></trkpt><trkpt lat="36.874468" lon="126.891939"><time>2026-09-27T00:49:26.000Z</time><ele>7.11</ele></trkpt><trkpt lat="36.874419" lon="126.891871"><time>2026-09-27T00:49:27.000Z</time><ele>6.81</ele></trkpt><trkpt lat="36.874374" lon="126.891806"><time>2026-09-27T00:49:28.000Z</time><ele>6.97</ele></trkpt><trkpt lat="36.874338" lon="126.891755"><time>2026-09-27T00:49:29.000Z</time><ele>6.61</ele></trkpt><trkpt lat="36.874305" lon="126.891705"><time>2026-09-27T00:49:30.000Z</time><ele>6.36</ele></trkpt><trkpt lat="36.874277" lon="126.891658"><time>2026-09-27T00:49:31.000Z</time><ele>6.17</ele></trkpt><trkpt lat="36.874224" lon="126.891586"><time>2026-09-27T00:49:33.000Z</time><ele>5.93</ele></trkpt><trkpt lat="36.874161" lon="126.891503"><time>2026-09-27T00:49:35.000Z</time><ele>5.3</ele></trkpt><trkpt lat="36.874128" lon="126.891452"><time>2026-09-27T00:49:36.000Z</time><ele>5.61</ele></trkpt><trkpt lat="36.874091" lon="126.891392"><time>2026-09-27T00:49:37.000Z</time><ele>5.52</ele></trkpt><trkpt lat="36.874039" lon="126.891327"><time>2026-09-27T00:49:38.000Z</time><ele>5.66</ele></trkpt><trkpt lat="36.87399" lon="126.891252"><time>2026-09-27T00:49:39.000Z</time><ele>5.44</ele></trkpt><trkpt lat="36.873928" lon="126.891168"><time>2026-09-27T00:49:40.000Z</time><ele>5.6</ele></trkpt><trkpt lat="36.873862" lon="126.891078"><time>2026-09-27T00:49:41.000Z</time><ele>6.19</ele></trkpt><trkpt lat="36.873788" lon="126.890975"><time>2026-09-27T00:49:42.000Z</time><ele>6.42</ele></trkpt><trkpt lat="36.873714" lon="126.890867"><time>2026-09-27T00:49:43.000Z</time><ele>6.71</ele></trkpt><trkpt lat="36.873638" lon="126.890758"><time>2026-09-27T00:49:44.000Z</time><ele>7.05</ele></trkpt><trkpt lat="36.873569" lon="126.890649"><time>2026-09-27T00:49:45.000Z</time><ele>6.99</ele></trkpt><trkpt lat="36.873493" lon="126.890534"><time>2026-09-27T00:49:46.000Z</time><ele>7.06</ele></trkpt><trkpt lat="36.873415" lon="126.890408"><time>2026-09-27T00:49:47.000Z</time><ele>7.4</ele></trkpt><trkpt lat="36.873339" lon="126.890277"><time>2026-09-27T00:49:48.000Z</time><ele>7.14</ele></trkpt><trkpt lat="36.873261" lon="126.890143"><time>2026-09-27T00:49:49.000Z</time><ele>7.62</ele></trkpt><trkpt lat="36.87319" lon="126.890015"><time>2026-09-27T00:49:50.000Z</time><ele>7.73</ele></trkpt><trkpt lat="36.873124" lon="126.88989"><time>2026-09-27T00:49:51.000Z</time><ele>8.03</ele></trkpt><trkpt lat="36.873059" lon="126.889756"><time>2026-09-27T00:49:52.000Z</time><ele>8.35</ele></trkpt><trkpt lat="36.872994" lon="126.889619"><time>2026-09-27T00:49:53.000Z</time><ele>8.12</ele></trkpt><trkpt lat="36.872927" lon="126.889471"><time>2026-09-27T00:49:54.000Z</time><ele>8.52</ele></trkpt><trkpt lat="36.872863" lon="126.889314"><time>2026-09-27T00:49:55.000Z</time><ele>9.03</ele></trkpt><trkpt lat="36.872797" lon="126.889144"><time>2026-09-27T00:49:56.000Z</time><ele>9.49</ele></trkpt><trkpt lat="36.872732" lon="126.888968"><time>2026-09-27T00:49:57.000Z</time><ele>9.58</ele></trkpt><trkpt lat="36.87267" lon="126.888776"><time>2026-09-27T00:49:58.000Z</time><ele>11.1</ele></trkpt><trkpt lat="36.872607" lon="126.888574"><time>2026-09-27T00:49:59.000Z</time><ele>12.39</ele></trkpt><trkpt lat="36.872544" lon="126.888367"><time>2026-09-27T00:50:00.000Z</time><ele>12.34</ele></trkpt><trkpt lat="36.872488" lon="126.888148"><time>2026-09-27T00:50:01.000Z</time><ele>12.46</ele></trkpt><trkpt lat="36.872434" lon="126.887923"><time>2026-09-27T00:50:02.000Z</time><ele>13.32</ele></trkpt><trkpt lat="36.87238" lon="126.8877"><time>2026-09-27T00:50:03.000Z</time><ele>13.52</ele></trkpt><trkpt lat="36.872328" lon="126.887478"><time>2026-09-27T00:50:04.000Z</time><ele>13.71</ele></trkpt><trkpt lat="36.872277" lon="126.887259"><time>2026-09-27T00:50:05.000Z</time><ele>13.67</ele></trkpt><trkpt lat="36.872226" lon="126.887036"><time>2026-09-27T00:50:06.000Z</time><ele>13.88</ele></trkpt><trkpt lat="36.872174" lon="126.886814"><time>2026-09-27T00:50:07.000Z</time><ele>14.8</ele></trkpt><trkpt lat="36.872122" lon="126.886591"><time>2026-09-27T00:50:08.000Z</time><ele>15.56</ele></trkpt><trkpt lat="36.872066" lon="126.886367"><time>2026-09-27T00:50:09.000Z</time><ele>15.68</ele></trkpt><trkpt lat="36.872015" lon="126.886144"><time>2026-09-27T00:50:10.000Z</time><ele>15.06</ele></trkpt><trkpt lat="36.87196" lon="126.885918"><time>2026-09-27T00:50:11.000Z</time><ele>15.42</ele></trkpt><trkpt lat="36.871905" lon="126.885692"><time>2026-09-27T00:50:12.000Z</time><ele>15.64</ele></trkpt><trkpt lat="36.871854" lon="126.885469"><time>2026-09-27T00:50:13.001Z</time><ele>15.87</ele></trkpt><trkpt lat="36.871804" lon="126.885241"><time>2026-09-27T00:50:14.001Z</time><ele>15.57</ele></trkpt><trkpt lat="36.871749" lon="126.885008"><time>2026-09-27T00:50:15.001Z</time><ele>16.01</ele></trkpt><trkpt lat="36.871688" lon="126.884769"><time>2026-09-27T00:50:16.001Z</time><ele>16.66</ele></trkpt><trkpt lat="36.87163" lon="126.884519"><time>2026-09-27T00:50:17.001Z</time><ele>17.4</ele></trkpt><trkpt lat="36.87157" lon="126.884263"><time>2026-09-27T00:50:18.001Z</time><ele>17.96</ele></trkpt><trkpt lat="36.87151" lon="126.883999"><time>2026-09-27T00:50:19.001Z</time><ele>17.99</ele></trkpt><trkpt lat="36.871454" lon="126.883728"><time>2026-09-27T00:50:20.001Z</time><ele>18.69</ele></trkpt><trkpt lat="36.871399" lon="126.883451"><time>2026-09-27T00:50:21.001Z</time><ele>18.78</ele></trkpt><trkpt lat="36.871349" lon="126.883179"><time>2026-09-27T00:50:22.001Z</time><ele>19.48</ele></trkpt><trkpt lat="36.871303" lon="126.882873"><time>2026-09-27T00:50:23.001Z</time><ele>19.66</ele></trkpt><trkpt lat="36.871272" lon="126.882577"><time>2026-09-27T00:50:24.001Z</time><ele>19.91</ele></trkpt><trkpt lat="36.871248" lon="126.882278"><time>2026-09-27T00:50:25.001Z</time><ele>19.47</ele></trkpt><trkpt lat="36.871235" lon="126.881984"><time>2026-09-27T00:50:26.001Z</time><ele>19.2</ele></trkpt><trkpt lat="36.871232" lon="126.881688"><time>2026-09-27T00:50:27.001Z</time><ele>19.39</ele></trkpt><trkpt lat="36.871233" lon="126.88139"><time>2026-09-27T00:50:28.001Z</time><ele>19.17</ele></trkpt><trkpt lat="36.871246" lon="126.88109"><time>2026-09-27T00:50:29.001Z</time><ele>18.85</ele></trkpt><trkpt lat="36.871272" lon="126.880792"><time>2026-09-27T00:50:30.001Z</time><ele>18.74</ele></trkpt><trkpt lat="36.87131" lon="126.880494"><time>2026-09-27T00:50:31.001Z</time><ele>18.16</ele></trkpt><trkpt lat="36.871352" lon="126.880196"><time>2026-09-27T00:50:32.001Z</time><ele>17.31</ele></trkpt><trkpt lat="36.8714" lon="126.879894"><time>2026-09-27T00:50:33.001Z</time><ele>16.75</ele></trkpt><trkpt lat="36.871457" lon="126.879591"><time>2026-09-27T00:50:34.001Z</time><ele>15.76</ele></trkpt><trkpt lat="36.871532" lon="126.879286"><time>2026-09-27T00:50:35.001Z</time><ele>15.15</ele></trkpt><trkpt lat="36.871617" lon="126.878979"><time>2026-09-27T00:50:36.001Z</time><ele>14.61</ele></trkpt><trkpt lat="36.871712" lon="126.878668"><time>2026-09-27T00:50:37.001Z</time><ele>14.54</ele></trkpt><trkpt lat="36.871819" lon="126.878364"><time>2026-09-27T00:50:38.001Z</time><ele>13.56</ele></trkpt><trkpt lat="36.871934" lon="126.878061"><time>2026-09-27T00:50:39.001Z</time><ele>13.26</ele></trkpt><trkpt lat="36.872062" lon="126.877767"><time>2026-09-27T00:50:40.001Z</time><ele>12.28</ele></trkpt><trkpt lat="36.872193" lon="126.877474"><time>2026-09-27T00:50:41.001Z</time><ele>13.12</ele></trkpt><trkpt lat="36.872334" lon="126.877193"><time>2026-09-27T00:50:42.001Z</time><ele>13.23</ele></trkpt><trkpt lat="36.872479" lon="126.876919"><time>2026-09-27T00:50:43.001Z</time><ele>12.56</ele></trkpt><trkpt lat="36.872623" lon="126.876645"><time>2026-09-27T00:50:44.001Z</time><ele>12.14</ele></trkpt><trkpt lat="36.872762" lon="126.876365"><time>2026-09-27T00:50:45.001Z</time><ele>12.71</ele></trkpt><trkpt lat="36.872895" lon="126.876089"><time>2026-09-27T00:50:46.001Z</time><ele>13.34</ele></trkpt><trkpt lat="36.873024" lon="126.875812"><time>2026-09-27T00:50:47.001Z</time><ele>13.85</ele></trkpt><trkpt lat="36.873156" lon="126.875532"><time>2026-09-27T00:50:48.001Z</time><ele>14.16</ele></trkpt><trkpt lat="36.873288" lon="126.875271"><time>2026-09-27T00:50:49.001Z</time><ele>14.71</ele></trkpt><trkpt lat="36.873421" lon="126.875016"><time>2026-09-27T00:50:50.001Z</time><ele>15.34</ele></trkpt><trkpt lat="36.873555" lon="126.874753"><time>2026-09-27T00:50:51.001Z</time><ele>16.23</ele></trkpt><trkpt lat="36.873686" lon="126.874492"><time>2026-09-27T00:50:52.001Z</time><ele>16.73</ele></trkpt><trkpt lat="36.873814" lon="126.874239"><time>2026-09-27T00:50:53.001Z</time><ele>17.07</ele></trkpt><trkpt lat="36.873942" lon="126.873985"><time>2026-09-27T00:50:54.001Z</time><ele>17.48</ele></trkpt><trkpt lat="36.874072" lon="126.873731"><time>2026-09-27T00:50:55.001Z</time><ele>18.23</ele></trkpt><trkpt lat="36.874204" lon="126.873473"><time>2026-09-27T00:50:56.001Z</time><ele>18.03</ele></trkpt><trkpt lat="36.874334" lon="126.873222"><time>2026-09-27T00:50:57.001Z</time><ele>17.91</ele></trkpt><trkpt lat="36.874462" lon="126.872974"><time>2026-09-27T00:50:58.001Z</time><ele>18.57</ele></trkpt><trkpt lat="36.874587" lon="126.872729"><time>2026-09-27T00:50:59.001Z</time><ele>18.69</ele></trkpt><trkpt lat="36.874709" lon="126.872495"><time>2026-09-27T00:51:00.001Z</time><ele>19.05</ele></trkpt><trkpt lat="36.874826" lon="126.87227"><time>2026-09-27T00:51:01.001Z</time><ele>19</ele></trkpt><trkpt lat="36.874942" lon="126.872052"><time>2026-09-27T00:51:02.001Z</time><ele>18.87</ele></trkpt><trkpt lat="36.875056" lon="126.871841"><time>2026-09-27T00:51:03.001Z</time><ele>19.37</ele></trkpt><trkpt lat="36.875182" lon="126.871626"><time>2026-09-27T00:51:04.001Z</time><ele>19.3</ele></trkpt><trkpt lat="36.87532" lon="126.871395"><time>2026-09-27T00:51:05.001Z</time><ele>19.26</ele></trkpt><trkpt lat="36.875442" lon="126.871138"><time>2026-09-27T00:51:06.001Z</time><ele>19.56</ele></trkpt><trkpt lat="36.875577" lon="126.870871"><time>2026-09-27T00:51:07.001Z</time><ele>19.49</ele></trkpt><trkpt lat="36.875724" lon="126.870599"><time>2026-09-27T00:51:08.001Z</time><ele>19.3</ele></trkpt><trkpt lat="36.875861" lon="126.870317"><time>2026-09-27T00:51:09.001Z</time><ele>19.15</ele></trkpt><trkpt lat="36.875992" lon="126.87005"><time>2026-09-27T00:51:10.001Z</time><ele>19.25</ele></trkpt><trkpt lat="36.876126" lon="126.869789"><time>2026-09-27T00:51:11.001Z</time><ele>19.8</ele></trkpt><trkpt lat="36.876263" lon="126.869532"><time>2026-09-27T00:51:12.001Z</time><ele>19.54</ele></trkpt><trkpt lat="36.876402" lon="126.869272"><time>2026-09-27T00:51:13.001Z</time><ele>18.5</ele></trkpt><trkpt lat="36.876533" lon="126.869016"><time>2026-09-27T00:51:14.001Z</time><ele>18.29</ele></trkpt><trkpt lat="36.876664" lon="126.868756"><time>2026-09-27T00:51:15.001Z</time><ele>18.25</ele></trkpt><trkpt lat="36.876798" lon="126.868495"><time>2026-09-27T00:51:16.000Z</time><ele>18.13</ele></trkpt><trkpt lat="36.876931" lon="126.86823"><time>2026-09-27T00:51:17.000Z</time><ele>17.22</ele></trkpt><trkpt lat="36.877067" lon="126.867959"><time>2026-09-27T00:51:18.000Z</time><ele>17.2</ele></trkpt><trkpt lat="36.877209" lon="126.86769"><time>2026-09-27T00:51:19.000Z</time><ele>16.7</ele></trkpt><trkpt lat="36.877354" lon="126.867414"><time>2026-09-27T00:51:20.000Z</time><ele>16.19</ele></trkpt><trkpt lat="36.877499" lon="126.867134"><time>2026-09-27T00:51:21.000Z</time><ele>16</ele></trkpt><trkpt lat="36.877642" lon="126.866856"><time>2026-09-27T00:51:22.000Z</time><ele>15.3</ele></trkpt><trkpt lat="36.877786" lon="126.866574"><time>2026-09-27T00:51:23.000Z</time><ele>14.97</ele></trkpt><trkpt lat="36.877925" lon="126.866296"><time>2026-09-27T00:51:24.000Z</time><ele>14.73</ele></trkpt><trkpt lat="36.878058" lon="126.866011"><time>2026-09-27T00:51:25.000Z</time><ele>14.99</ele></trkpt><trkpt lat="36.878192" lon="126.865725"><time>2026-09-27T00:51:26.000Z</time><ele>15.03</ele></trkpt><trkpt lat="36.878333" lon="126.865446"><time>2026-09-27T00:51:27.000Z</time><ele>14.71</ele></trkpt><trkpt lat="36.878471" lon="126.86517"><time>2026-09-27T00:51:28.000Z</time><ele>14.13</ele></trkpt><trkpt lat="36.878607" lon="126.864893"><time>2026-09-27T00:51:29.000Z</time><ele>14.33</ele></trkpt><trkpt lat="36.878738" lon="126.864612"><time>2026-09-27T00:51:30.000Z</time><ele>14.15</ele></trkpt><trkpt lat="36.878862" lon="126.864326"><time>2026-09-27T00:51:31.000Z</time><ele>13.9</ele></trkpt><trkpt lat="36.878983" lon="126.864039"><time>2026-09-27T00:51:32.000Z</time><ele>13.77</ele></trkpt><trkpt lat="36.879097" lon="126.863747"><time>2026-09-27T00:51:33.000Z</time><ele>14.04</ele></trkpt><trkpt lat="36.879209" lon="126.863454"><time>2026-09-27T00:51:34.000Z</time><ele>13.88</ele></trkpt><trkpt lat="36.879318" lon="126.863162"><time>2026-09-27T00:51:35.000Z</time><ele>13.9</ele></trkpt><trkpt lat="36.879425" lon="126.862867"><time>2026-09-27T00:51:36.000Z</time><ele>13.94</ele></trkpt><trkpt lat="36.879525" lon="126.862568"><time>2026-09-27T00:51:37.000Z</time><ele>13.89</ele></trkpt><trkpt lat="36.879622" lon="126.862275"><time>2026-09-27T00:51:38.000Z</time><ele>14.02</ele></trkpt><trkpt lat="36.879706" lon="126.861978"><time>2026-09-27T00:51:39.000Z</time><ele>14.14</ele></trkpt><trkpt lat="36.87978" lon="126.861685"><time>2026-09-27T00:51:40.000Z</time><ele>14.62</ele></trkpt><trkpt lat="36.879856" lon="126.861398"><time>2026-09-27T00:51:41.000Z</time><ele>14.94</ele></trkpt><trkpt lat="36.879929" lon="126.861107"><time>2026-09-27T00:51:42.000Z</time><ele>15.24</ele></trkpt><trkpt lat="36.880001" lon="126.860811"><time>2026-09-27T00:51:43.000Z</time><ele>15.48</ele></trkpt><trkpt lat="36.880068" lon="126.860541"><time>2026-09-27T00:51:44.000Z</time><ele>15.66</ele></trkpt><trkpt lat="36.880133" lon="126.860281"><time>2026-09-27T00:51:45.000Z</time><ele>15.31</ele></trkpt><trkpt lat="36.880195" lon="126.860035"><time>2026-09-27T00:51:46.000Z</time><ele>15.65</ele></trkpt><trkpt lat="36.880255" lon="126.859798"><time>2026-09-27T00:51:47.000Z</time><ele>15.6</ele></trkpt><trkpt lat="36.880316" lon="126.859555"><time>2026-09-27T00:51:48.000Z</time><ele>15.86</ele></trkpt><trkpt lat="36.880378" lon="126.859308"><time>2026-09-27T00:51:49.000Z</time><ele>15.99</ele></trkpt><trkpt lat="36.880438" lon="126.859063"><time>2026-09-27T00:51:50.000Z</time><ele>15.97</ele></trkpt><trkpt lat="36.880498" lon="126.858832"><time>2026-09-27T00:51:51.000Z</time><ele>16.19</ele></trkpt><trkpt lat="36.880558" lon="126.858597"><time>2026-09-27T00:51:52.000Z</time><ele>16.47</ele></trkpt><trkpt lat="36.880622" lon="126.858363"><time>2026-09-27T00:51:53.000Z</time><ele>16.32</ele></trkpt><trkpt lat="36.8807" lon="126.858123"><time>2026-09-27T00:51:54.000Z</time><ele>16.07</ele></trkpt><trkpt lat="36.880786" lon="126.857863"><time>2026-09-27T00:51:55.000Z</time><ele>15.92</ele></trkpt><trkpt lat="36.880856" lon="126.857581"><time>2026-09-27T00:51:56.000Z</time><ele>16.27</ele></trkpt><trkpt lat="36.880923" lon="126.857287"><time>2026-09-27T00:51:57.000Z</time><ele>15.86</ele></trkpt><trkpt lat="36.880994" lon="126.857002"><time>2026-09-27T00:51:58.000Z</time><ele>16.06</ele></trkpt><trkpt lat="36.881067" lon="126.856706"><time>2026-09-27T00:51:59.000Z</time><ele>15.59</ele></trkpt><trkpt lat="36.881139" lon="126.856403"><time>2026-09-27T00:52:00.000Z</time><ele>16.09</ele></trkpt><trkpt lat="36.881212" lon="126.856096"><time>2026-09-27T00:52:01.000Z</time><ele>16.38</ele></trkpt><trkpt lat="36.881292" lon="126.855797"><time>2026-09-27T00:52:02.000Z</time><ele>16.21</ele></trkpt><trkpt lat="36.881363" lon="126.855516"><time>2026-09-27T00:52:03.000Z</time><ele>15.89</ele></trkpt><trkpt lat="36.881434" lon="126.855239"><time>2026-09-27T00:52:04.000Z</time><ele>15.25</ele></trkpt><trkpt lat="36.881505" lon="126.854957"><time>2026-09-27T00:52:05.000Z</time><ele>14.77</ele></trkpt><trkpt lat="36.881578" lon="126.854676"><time>2026-09-27T00:52:06.000Z</time><ele>14.45</ele></trkpt><trkpt lat="36.88165" lon="126.854402"><time>2026-09-27T00:52:07.000Z</time><ele>13.41</ele></trkpt><trkpt lat="36.88172" lon="126.854131"><time>2026-09-27T00:52:08.000Z</time><ele>13.13</ele></trkpt><trkpt lat="36.881785" lon="126.853866"><time>2026-09-27T00:52:09.000Z</time><ele>12.89</ele></trkpt><trkpt lat="36.881851" lon="126.853605"><time>2026-09-27T00:52:10.000Z</time><ele>12.73</ele></trkpt><trkpt lat="36.881914" lon="126.853353"><time>2026-09-27T00:52:11.000Z</time><ele>12.53</ele></trkpt><trkpt lat="36.88198" lon="126.853094"><time>2026-09-27T00:52:12.000Z</time><ele>12.63</ele></trkpt><trkpt lat="36.882048" lon="126.852841"><time>2026-09-27T00:52:13.000Z</time><ele>12.09</ele></trkpt><trkpt lat="36.882111" lon="126.852591"><time>2026-09-27T00:52:14.000Z</time><ele>11.8</ele></trkpt><trkpt lat="36.882171" lon="126.852346"><time>2026-09-27T00:52:15.000Z</time><ele>11.79</ele></trkpt><trkpt lat="36.882232" lon="126.852106"><time>2026-09-27T00:52:16.000Z</time><ele>11.75</ele></trkpt><trkpt lat="36.882293" lon="126.851863"><time>2026-09-27T00:52:17.000Z</time><ele>11.35</ele></trkpt><trkpt lat="36.882355" lon="126.851622"><time>2026-09-27T00:52:18.000Z</time><ele>11.44</ele></trkpt><trkpt lat="36.882415" lon="126.851381"><time>2026-09-27T00:52:19.000Z</time><ele>11.29</ele></trkpt><trkpt lat="36.882472" lon="126.851152"><time>2026-09-27T00:52:20.001Z</time><ele>11.1</ele></trkpt><trkpt lat="36.882526" lon="126.85094"><time>2026-09-27T00:52:21.001Z</time><ele>10.68</ele></trkpt><trkpt lat="36.882583" lon="126.850724"><time>2026-09-27T00:52:22.001Z</time><ele>10.71</ele></trkpt><trkpt lat="36.882639" lon="126.850506"><time>2026-09-27T00:52:23.001Z</time><ele>10.55</ele></trkpt><trkpt lat="36.882693" lon="126.850291"><time>2026-09-27T00:52:24.001Z</time><ele>10.26</ele></trkpt><trkpt lat="36.882748" lon="126.850084"><time>2026-09-27T00:52:25.001Z</time><ele>10.06</ele></trkpt><trkpt lat="36.882798" lon="126.849884"><time>2026-09-27T00:52:26.001Z</time><ele>10.46</ele></trkpt><trkpt lat="36.882846" lon="126.849694"><time>2026-09-27T00:52:27.001Z</time><ele>10.3</ele></trkpt><trkpt lat="36.882893" lon="126.84949"><time>2026-09-27T00:52:28.001Z</time><ele>10.63</ele></trkpt><trkpt lat="36.882946" lon="126.849288"><time>2026-09-27T00:52:29.001Z</time><ele>10.79</ele></trkpt><trkpt lat="36.882999" lon="126.849084"><time>2026-09-27T00:52:30.001Z</time><ele>10.56</ele></trkpt><trkpt lat="36.883051" lon="126.848878"><time>2026-09-27T00:52:31.001Z</time><ele>11.03</ele></trkpt><trkpt lat="36.883106" lon="126.848669"><time>2026-09-27T00:52:32.001Z</time><ele>10.68</ele></trkpt><trkpt lat="36.883159" lon="126.848449"><time>2026-09-27T00:52:33.001Z</time><ele>10.88</ele></trkpt><trkpt lat="36.883219" lon="126.848232"><time>2026-09-27T00:52:34.001Z</time><ele>10.56</ele></trkpt><trkpt lat="36.883276" lon="126.848007"><time>2026-09-27T00:52:35.001Z</time><ele>10.57</ele></trkpt><trkpt lat="36.883332" lon="126.847779"><time>2026-09-27T00:52:36.001Z</time><ele>10.86</ele></trkpt><trkpt lat="36.883392" lon="126.847553"><time>2026-09-27T00:52:37.001Z</time><ele>10.85</ele></trkpt><trkpt lat="36.883451" lon="126.847324"><time>2026-09-27T00:52:38.001Z</time><ele>10.69</ele></trkpt><trkpt lat="36.88351" lon="126.84709"><time>2026-09-27T00:52:39.001Z</time><ele>10.33</ele></trkpt><trkpt lat="36.883568" lon="126.846853"><time>2026-09-27T00:52:40.001Z</time><ele>10.15</ele></trkpt><trkpt lat="36.883626" lon="126.846615"><time>2026-09-27T00:52:41.001Z</time><ele>9.97</ele></trkpt><trkpt lat="36.883687" lon="126.846367"><time>2026-09-27T00:52:42.001Z</time><ele>9.83</ele></trkpt><trkpt lat="36.883754" lon="126.846112"><time>2026-09-27T00:52:43.001Z</time><ele>9.67</ele></trkpt><trkpt lat="36.883823" lon="126.845845"><time>2026-09-27T00:52:44.001Z</time><ele>9.26</ele></trkpt><trkpt lat="36.883895" lon="126.845563"><time>2026-09-27T00:52:45.001Z</time><ele>9.36</ele></trkpt><trkpt lat="36.883968" lon="126.845275"><time>2026-09-27T00:52:46.001Z</time><ele>9.28</ele></trkpt><trkpt lat="36.884039" lon="126.844983"><time>2026-09-27T00:52:47.001Z</time><ele>9.7</ele></trkpt><trkpt lat="36.884109" lon="126.844695"><time>2026-09-27T00:52:48.001Z</time><ele>10.14</ele></trkpt><trkpt lat="36.884184" lon="126.844409"><time>2026-09-27T00:52:49.001Z</time><ele>10.12</ele></trkpt><trkpt lat="36.884255" lon="126.844111"><time>2026-09-27T00:52:50.001Z</time><ele>10.09</ele></trkpt><trkpt lat="36.884321" lon="126.84383"><time>2026-09-27T00:52:51.001Z</time><ele>11.05</ele></trkpt><trkpt lat="36.884392" lon="126.843552"><time>2026-09-27T00:52:52.001Z</time><ele>10.98</ele></trkpt><trkpt lat="36.884458" lon="126.843248"><time>2026-09-27T00:52:53.001Z</time><ele>11.44</ele></trkpt><trkpt lat="36.884522" lon="126.842928"><time>2026-09-27T00:52:54.001Z</time><ele>11.49</ele></trkpt><trkpt lat="36.884595" lon="126.84259"><time>2026-09-27T00:52:55.001Z</time><ele>12.62</ele></trkpt><trkpt lat="36.884682" lon="126.842245"><time>2026-09-27T00:52:56.001Z</time><ele>12.94</ele></trkpt><trkpt lat="36.884771" lon="126.841884"><time>2026-09-27T00:52:57.001Z</time><ele>13.56</ele></trkpt><trkpt lat="36.88486" lon="126.841521"><time>2026-09-27T00:52:58.001Z</time><ele>14.07</ele></trkpt><trkpt lat="36.88495" lon="126.841173"><time>2026-09-27T00:52:59.001Z</time><ele>13.86</ele></trkpt><trkpt lat="36.885041" lon="126.840822"><time>2026-09-27T00:53:00.001Z</time><ele>14.45</ele></trkpt><trkpt lat="36.885145" lon="126.840473"><time>2026-09-27T00:53:01.001Z</time><ele>14.48</ele></trkpt><trkpt lat="36.885247" lon="126.840115"><time>2026-09-27T00:53:02.001Z</time><ele>14.55</ele></trkpt><trkpt lat="36.885336" lon="126.839748"><time>2026-09-27T00:53:03.001Z</time><ele>15.59</ele></trkpt><trkpt lat="36.88542" lon="126.839378"><time>2026-09-27T00:53:04.001Z</time><ele>16.48</ele></trkpt><trkpt lat="36.885507" lon="126.83902"><time>2026-09-27T00:53:05.001Z</time><ele>16.94</ele></trkpt><trkpt lat="36.885591" lon="126.838683"><time>2026-09-27T00:53:06.001Z</time><ele>17.79</ele></trkpt><trkpt lat="36.88567" lon="126.838351"><time>2026-09-27T00:53:07.001Z</time><ele>18.51</ele></trkpt><trkpt lat="36.885748" lon="126.838025"><time>2026-09-27T00:53:08.001Z</time><ele>19.18</ele></trkpt><trkpt lat="36.885828" lon="126.837703"><time>2026-09-27T00:53:09.001Z</time><ele>19.25</ele></trkpt><trkpt lat="36.885913" lon="126.837393"><time>2026-09-27T00:53:10.001Z</time><ele>19.18</ele></trkpt><trkpt lat="36.885993" lon="126.837074"><time>2026-09-27T00:53:11.001Z</time><ele>19.79</ele></trkpt><trkpt lat="36.886074" lon="126.836756"><time>2026-09-27T00:53:12.001Z</time><ele>20.01</ele></trkpt><trkpt lat="36.886755" lon="126.834099"><time>2026-09-27T00:53:21.001Z</time><ele>21.8</ele></trkpt><trkpt lat="36.886813" lon="126.833872"><time>2026-09-27T00:53:22.000Z</time><ele>21.73</ele></trkpt><trkpt lat="36.886864" lon="126.833671"><time>2026-09-27T00:53:23.000Z</time><ele>21.15</ele></trkpt><trkpt lat="36.886908" lon="126.833486"><time>2026-09-27T00:53:24.000Z</time><ele>20.76</ele></trkpt><trkpt lat="36.886952" lon="126.833318"><time>2026-09-27T00:53:25.000Z</time><ele>20.36</ele></trkpt><trkpt lat="36.886991" lon="126.83316"><time>2026-09-27T00:53:26.000Z</time><ele>20.16</ele></trkpt><trkpt lat="36.887031" lon="126.833014"><time>2026-09-27T00:53:27.000Z</time><ele>19.45</ele></trkpt><trkpt lat="36.887069" lon="126.832875"><time>2026-09-27T00:53:28.000Z</time><ele>18.93</ele></trkpt><trkpt lat="36.887108" lon="126.832732"><time>2026-09-27T00:53:29.000Z</time><ele>18.4</ele></trkpt><trkpt lat="36.887148" lon="126.832575"><time>2026-09-27T00:53:30.000Z</time><ele>18.01</ele></trkpt><trkpt lat="36.887188" lon="126.832424"><time>2026-09-27T00:53:31.000Z</time><ele>16.93</ele></trkpt><trkpt lat="36.887224" lon="126.832282"><time>2026-09-27T00:53:32.000Z</time><ele>16.17</ele></trkpt><trkpt lat="36.887258" lon="126.832145"><time>2026-09-27T00:53:33.000Z</time><ele>15.24</ele></trkpt><trkpt lat="36.887289" lon="126.832015"><time>2026-09-27T00:53:34.000Z</time><ele>14.48</ele></trkpt><trkpt lat="36.887316" lon="126.831895"><time>2026-09-27T00:53:35.000Z</time><ele>13.89</ele></trkpt><trkpt lat="36.887339" lon="126.831791"><time>2026-09-27T00:53:36.000Z</time><ele>13.51</ele></trkpt><trkpt lat="36.887361" lon="126.831712"><time>2026-09-27T00:53:37.000Z</time><ele>13</ele></trkpt><trkpt lat="36.887382" lon="126.831635"><time>2026-09-27T00:53:38.000Z</time><ele>12.62</ele></trkpt><trkpt lat="36.887403" lon="126.831567"><time>2026-09-27T00:53:39.000Z</time><ele>12.78</ele></trkpt><trkpt lat="36.887429" lon="126.831498"><time>2026-09-27T00:53:40.000Z</time><ele>12.53</ele></trkpt><trkpt lat="36.887471" lon="126.831421"><time>2026-09-27T00:53:41.000Z</time><ele>13.01</ele></trkpt><trkpt lat="36.887526" lon="126.831354"><time>2026-09-27T00:53:42.000Z</time><ele>13.15</ele></trkpt><trkpt lat="36.887596" lon="126.831312"><time>2026-09-27T00:53:43.000Z</time><ele>13.51</ele></trkpt><trkpt lat="36.887662" lon="126.831303"><time>2026-09-27T00:53:44.000Z</time><ele>13.55</ele></trkpt><trkpt lat="36.887724" lon="126.831291"><time>2026-09-27T00:53:45.000Z</time><ele>13.46</ele></trkpt><trkpt lat="36.887769" lon="126.831248"><time>2026-09-27T00:53:46.000Z</time><ele>13.82</ele></trkpt><trkpt lat="36.887794" lon="126.831179"><time>2026-09-27T00:53:47.000Z</time><ele>14.24</ele></trkpt><trkpt lat="36.887802" lon="126.83109"><time>2026-09-27T00:53:48.000Z</time><ele>14.68</ele></trkpt><trkpt lat="36.887803" lon="126.830994"><time>2026-09-27T00:53:49.000Z</time><ele>14.85</ele></trkpt><trkpt lat="36.887821" lon="126.830891"><time>2026-09-27T00:53:50.000Z</time><ele>15.02</ele></trkpt><trkpt lat="36.887846" lon="126.830796"><time>2026-09-27T00:53:51.000Z</time><ele>15.26</ele></trkpt><trkpt lat="36.888157" lon="126.82963"><time>2026-09-27T00:53:59.000Z</time><ele>15.48</ele></trkpt><trkpt lat="36.888178" lon="126.829483"><time>2026-09-27T00:54:00.000Z</time><ele>15.85</ele></trkpt><trkpt lat="36.888184" lon="126.829342"><time>2026-09-27T00:54:01.000Z</time><ele>15.98</ele></trkpt><trkpt lat="36.888184" lon="126.829211"><time>2026-09-27T00:54:02.000Z</time><ele>15.33</ele></trkpt><trkpt lat="36.888178" lon="126.829083"><time>2026-09-27T00:54:03.000Z</time><ele>15.35</ele></trkpt><trkpt lat="36.888173" lon="126.828962"><time>2026-09-27T00:54:04.000Z</time><ele>15.03</ele></trkpt><trkpt lat="36.888172" lon="126.828849"><time>2026-09-27T00:54:05.000Z</time><ele>14.5</ele></trkpt><trkpt lat="36.888171" lon="126.82873"><time>2026-09-27T00:54:06.000Z</time><ele>14.69</ele></trkpt><trkpt lat="36.888175" lon="126.828625"><time>2026-09-27T00:54:07.000Z</time><ele>13.76</ele></trkpt><trkpt lat="36.888183" lon="126.82852"><time>2026-09-27T00:54:08.000Z</time><ele>13.67</ele></trkpt><trkpt lat="36.888198" lon="126.828399"><time>2026-09-27T00:54:09.000Z</time><ele>13.24</ele></trkpt><trkpt lat="36.888223" lon="126.828258"><time>2026-09-27T00:54:10.000Z</time><ele>12.99</ele></trkpt><trkpt lat="36.888268" lon="126.828133"><time>2026-09-27T00:54:11.000Z</time><ele>13.02</ele></trkpt><trkpt lat="36.88831" lon="126.827986"><time>2026-09-27T00:54:12.000Z</time><ele>12.71</ele></trkpt><trkpt lat="36.888359" lon="126.827831"><time>2026-09-27T00:54:13.000Z</time><ele>12.56</ele></trkpt><trkpt lat="36.888395" lon="126.827664"><time>2026-09-27T00:54:14.000Z</time><ele>13.04</ele></trkpt><trkpt lat="36.888428" lon="126.827507"><time>2026-09-27T00:54:15.000Z</time><ele>13.21</ele></trkpt><trkpt lat="36.888473" lon="126.827339"><time>2026-09-27T00:54:16.000Z</time><ele>12.84</ele></trkpt><trkpt lat="36.888506" lon="126.82717"><time>2026-09-27T00:54:17.000Z</time><ele>13.69</ele></trkpt><trkpt lat="36.888546" lon="126.827023"><time>2026-09-27T00:54:18.000Z</time><ele>13.76</ele></trkpt><trkpt lat="36.88858" lon="126.826883"><time>2026-09-27T00:54:19.000Z</time><ele>13.44</ele></trkpt><trkpt lat="36.888614" lon="126.826746"><time>2026-09-27T00:54:20.000Z</time><ele>13.3</ele></trkpt><trkpt lat="36.888647" lon="126.826623"><time>2026-09-27T00:54:21.000Z</time><ele>13.02</ele></trkpt><trkpt lat="36.888678" lon="126.826502"><time>2026-09-27T00:54:22.000Z</time><ele>12.82</ele></trkpt><trkpt lat="36.888706" lon="126.826381"><time>2026-09-27T00:54:23.000Z</time><ele>12.89</ele></trkpt><trkpt lat="36.888731" lon="126.826263"><time>2026-09-27T00:54:24.000Z</time><ele>13.13</ele></trkpt><trkpt lat="36.888751" lon="126.826148"><time>2026-09-27T00:54:25.000Z</time><ele>13.19</ele></trkpt><trkpt lat="36.888759" lon="126.826035"><time>2026-09-27T00:54:26.000Z</time><ele>13.48</ele></trkpt><trkpt lat="36.888747" lon="126.825932"><time>2026-09-27T00:54:27.001Z</time><ele>13.43</ele></trkpt><trkpt lat="36.888727" lon="126.825831"><time>2026-09-27T00:54:28.001Z</time><ele>13.16</ele></trkpt><trkpt lat="36.888701" lon="126.825745"><time>2026-09-27T00:54:29.001Z</time><ele>13.19</ele></trkpt><trkpt lat="36.888672" lon="126.825671"><time>2026-09-27T00:54:30.001Z</time><ele>12.95</ele></trkpt><trkpt lat="36.888634" lon="126.825585"><time>2026-09-27T00:54:31.001Z</time><ele>12.92</ele></trkpt><trkpt lat="36.888589" lon="126.825498"><time>2026-09-27T00:54:32.001Z</time><ele>12.31</ele></trkpt><trkpt lat="36.888544" lon="126.825403"><time>2026-09-27T00:54:33.001Z</time><ele>12.82</ele></trkpt><trkpt lat="36.888497" lon="126.825331"><time>2026-09-27T00:54:34.001Z</time><ele>12.41</ele></trkpt><trkpt lat="36.888464" lon="126.82525"><time>2026-09-27T00:54:35.001Z</time><ele>11.93</ele></trkpt><trkpt lat="36.888459" lon="126.825182"><time>2026-09-27T00:54:36.001Z</time><ele>12.67</ele></trkpt><trkpt lat="36.888506" lon="126.82511"><time>2026-09-27T00:54:37.001Z</time><ele>13.12</ele></trkpt><trkpt lat="36.888576" lon="126.825073"><time>2026-09-27T00:54:38.001Z</time><ele>13.74</ele></trkpt><trkpt lat="36.88868" lon="126.825061"><time>2026-09-27T00:54:39.001Z</time><ele>13.61</ele></trkpt><trkpt lat="36.888793" lon="126.825057"><time>2026-09-27T00:54:40.001Z</time><ele>13.7</ele></trkpt><trkpt lat="36.888889" lon="126.825055"><time>2026-09-27T00:54:41.001Z</time><ele>13.95</ele></trkpt><trkpt lat="36.888969" lon="126.82506"><time>2026-09-27T00:54:42.001Z</time><ele>14.63</ele></trkpt><trkpt lat="36.889045" lon="126.825057"><time>2026-09-27T00:54:43.001Z</time><ele>14.93</ele></trkpt><trkpt lat="36.889133" lon="126.825047"><time>2026-09-27T00:54:44.001Z</time><ele>15.33</ele></trkpt><trkpt lat="36.889239" lon="126.825027"><time>2026-09-27T00:54:45.001Z</time><ele>16.25</ele></trkpt><trkpt lat="36.889333" lon="126.825019"><time>2026-09-27T00:54:46.001Z</time><ele>16.29</ele></trkpt><trkpt lat="36.889417" lon="126.82502"><time>2026-09-27T00:54:47.001Z</time><ele>16.23</ele></trkpt><trkpt lat="36.889498" lon="126.825014"><time>2026-09-27T00:54:48.001Z</time><ele>16.25</ele></trkpt><trkpt lat="36.889568" lon="126.825009"><time>2026-09-27T00:54:49.001Z</time><ele>16.46</ele></trkpt><trkpt lat="36.889626" lon="126.825001"><time>2026-09-27T00:54:50.001Z</time><ele>16.83</ele></trkpt><trkpt lat="36.889671" lon="126.824991"><time>2026-09-27T00:54:51.001Z</time><ele>16.65</ele></trkpt><trkpt lat="36.889744" lon="126.824968"><time>2026-09-27T00:54:53.001Z</time><ele>16.06</ele></trkpt><trkpt lat="36.889828" lon="126.824944"><time>2026-09-27T00:54:55.001Z</time><ele>16.04</ele></trkpt><trkpt lat="36.889882" lon="126.824924"><time>2026-09-27T00:54:56.001Z</time><ele>16.26</ele></trkpt><trkpt lat="36.889934" lon="126.824916"><time>2026-09-27T00:54:57.001Z</time><ele>16.84</ele></trkpt><trkpt lat="36.889986" lon="126.82491"><time>2026-09-27T00:54:58.001Z</time><ele>16.7</ele></trkpt><trkpt lat="36.890063" lon="126.824903"><time>2026-09-27T00:55:00.001Z</time><ele>16.84</ele></trkpt><trkpt lat="36.890124" lon="126.824858"><time>2026-09-27T00:55:02.001Z</time><ele>17.27</ele></trkpt><trkpt lat="36.890181" lon="126.824778"><time>2026-09-27T00:55:04.001Z</time><ele>17.03</ele></trkpt><trkpt lat="36.890227" lon="126.824751"><time>2026-09-27T00:55:05.001Z</time><ele>16.94</ele></trkpt><trkpt lat="36.890266" lon="126.824688"><time>2026-09-27T00:55:06.001Z</time><ele>16.99</ele></trkpt><trkpt lat="36.890293" lon="126.824616"><time>2026-09-27T00:55:07.001Z</time><ele>16.7</ele></trkpt><trkpt lat="36.890336" lon="126.824584"><time>2026-09-27T00:55:08.001Z</time><ele>16.98</ele></trkpt><trkpt lat="36.890363" lon="126.824526"><time>2026-09-27T00:55:09.001Z</time><ele>16.91</ele></trkpt><trkpt lat="36.890408" lon="126.824482"><time>2026-09-27T00:55:10.001Z</time><ele>17.2</ele></trkpt><trkpt lat="36.890447" lon="126.824433"><time>2026-09-27T00:55:11.001Z</time><ele>17.16</ele></trkpt><trkpt lat="36.89049" lon="126.824381"><time>2026-09-27T00:55:12.001Z</time><ele>16.94</ele></trkpt><trkpt lat="36.890515" lon="126.824329"><time>2026-09-27T00:55:13.001Z</time><ele>16.82</ele></trkpt><trkpt lat="36.890548" lon="126.824285"><time>2026-09-27T00:55:14.001Z</time><ele>16.53</ele></trkpt><trkpt lat="36.890569" lon="126.824221"><time>2026-09-27T00:55:15.001Z</time><ele>16.31</ele></trkpt><trkpt lat="36.890599" lon="126.824178"><time>2026-09-27T00:55:16.001Z</time><ele>15.67</ele></trkpt><trkpt lat="36.890643" lon="126.824112"><time>2026-09-27T00:55:18.001Z</time><ele>14.91</ele></trkpt><trkpt lat="36.890681" lon="126.824055"><time>2026-09-27T00:55:20.001Z</time><ele>14.78</ele></trkpt><trkpt lat="36.890727" lon="126.823999"><time>2026-09-27T00:55:22.001Z</time><ele>14.77</ele></trkpt><trkpt lat="36.890755" lon="126.823951"><time>2026-09-27T00:55:23.001Z</time><ele>14.83</ele></trkpt><trkpt lat="36.890787" lon="126.823901"><time>2026-09-27T00:55:24.001Z</time><ele>14.82</ele></trkpt><trkpt lat="36.890842" lon="126.823824"><time>2026-09-27T00:55:26.001Z</time><ele>14.79</ele></trkpt><trkpt lat="36.89089" lon="126.823747"><time>2026-09-27T00:55:28.000Z</time><ele>15.28</ele></trkpt><trkpt lat="36.890942" lon="126.823666"><time>2026-09-27T00:55:30.000Z</time><ele>15.75</ele></trkpt><trkpt lat="36.891001" lon="126.823588"><time>2026-09-27T00:55:32.000Z</time><ele>16.71</ele></trkpt><trkpt lat="36.891044" lon="126.823516"><time>2026-09-27T00:55:34.000Z</time><ele>16.51</ele></trkpt><trkpt lat="36.891087" lon="126.823451"><time>2026-09-27T00:55:36.000Z</time><ele>16.44</ele></trkpt><trkpt lat="36.891122" lon="126.823389"><time>2026-09-27T00:55:38.000Z</time><ele>16.37</ele></trkpt><trkpt lat="36.891161" lon="126.823327"><time>2026-09-27T00:55:40.000Z</time><ele>15.96</ele></trkpt><trkpt lat="36.891198" lon="126.823268"><time>2026-09-27T00:55:42.000Z</time><ele>15.81</ele></trkpt><trkpt lat="36.891244" lon="126.823188"><time>2026-09-27T00:55:44.000Z</time><ele>15.65</ele></trkpt><trkpt lat="36.891274" lon="126.82314"><time>2026-09-27T00:55:45.000Z</time><ele>15.54</ele></trkpt><trkpt lat="36.891305" lon="126.8231"><time>2026-09-27T00:55:46.000Z</time><ele>15.4</ele></trkpt><trkpt lat="36.89135" lon="126.823022"><time>2026-09-27T00:55:48.000Z</time><ele>14.87</ele></trkpt><trkpt lat="36.891409" lon="126.822941"><time>2026-09-27T00:55:50.000Z</time><ele>14.76</ele></trkpt><trkpt lat="36.891467" lon="126.822864"><time>2026-09-27T00:55:52.000Z</time><ele>15.01</ele></trkpt><trkpt lat="36.891527" lon="126.822788"><time>2026-09-27T00:55:54.000Z</time><ele>15.36</ele></trkpt><trkpt lat="36.89157" lon="126.822727"><time>2026-09-27T00:55:56.000Z</time><ele>15.32</ele></trkpt><trkpt lat="36.891602" lon="126.822664"><time>2026-09-27T00:55:58.000Z</time><ele>15.06</ele></trkpt><trkpt lat="36.891679" lon="126.822908"><time>2026-09-27T00:56:14.000Z</time><ele>12.32</ele></trkpt><trkpt lat="36.891655" lon="126.822962"><time>2026-09-27T00:56:16.000Z</time><ele>12.19</ele></trkpt><trkpt lat="36.891633" lon="126.82302"><time>2026-09-27T00:56:18.000Z</time><ele>11.95</ele></trkpt><trkpt lat="36.89162" lon="126.822962"><time>2026-09-27T00:58:14.000Z</time><ele>19.32</ele></trkpt><trkpt lat="36.89163" lon="126.823021"><time>2026-09-27T00:58:36.000Z</time><ele>9.18</ele></trkpt><trkpt lat="36.891676" lon="126.822981"><time>2026-09-27T00:58:45.001Z</time><ele>8.91</ele></trkpt><trkpt lat="36.8917" lon="126.822921"><time>2026-09-27T00:58:49.001Z</time><ele>9.05</ele></trkpt><trkpt lat="36.891709" lon="126.822854"><time>2026-09-27T00:58:54.001Z</time><ele>8.73</ele></trkpt><trkpt lat="36.891714" lon="126.822788"><time>2026-09-27T00:58:59.001Z</time><ele>8.54</ele></trkpt><trkpt lat="36.891721" lon="126.822721"><time>2026-09-27T00:59:05.001Z</time><ele>8.5</ele></trkpt><trkpt lat="36.89176" lon="126.822684"><time>2026-09-27T00:59:11.001Z</time><ele>9.24</ele></trkpt><trkpt lat="36.89181" lon="126.822662"><time>2026-09-27T00:59:21.001Z</time><ele>9.89</ele></trkpt><trkpt lat="36.891821" lon="126.82272"><time>2026-09-27T01:00:41.000Z</time><ele>8.09</ele></trkpt><trkpt lat="36.891808" lon="126.82278"><time>2026-09-27T01:00:46.000Z</time><ele>7.56</ele></trkpt><trkpt lat="36.891851" lon="126.822827"><time>2026-09-27T01:00:52.001Z</time><ele>7.05</ele></trkpt><trkpt lat="36.89189" lon="126.82287"><time>2026-09-27T01:00:56.001Z</time><ele>7.58</ele></trkpt><trkpt lat="36.891901" lon="126.822791"><time>2026-09-27T01:01:09.001Z</time><ele>7.45</ele></trkpt><trkpt lat="36.891858" lon="126.822811"><time>2026-09-27T01:01:39.001Z</time><ele>7.65</ele></trkpt><trkpt lat="36.891951" lon="126.822854"><time>2026-09-27T01:01:48.000Z</time><ele>7.56</ele></trkpt><trkpt lat="36.891915" lon="126.822819"><time>2026-09-27T01:01:52.000Z</time><ele>7.6</ele></trkpt><trkpt lat="36.891915" lon="126.822882"><time>2026-09-27T01:01:56.000Z</time><ele>7.75</ele></trkpt><trkpt lat="36.891864" lon="126.822896"><time>2026-09-27T01:02:03.000Z</time><ele>7.06</ele></trkpt><trkpt lat="36.891847" lon="126.822955"><time>2026-09-27T01:02:08.000Z</time><ele>7.27</ele></trkpt><trkpt lat="36.891866" lon="126.822893"><time>2026-09-27T01:02:15.000Z</time><ele>7.37</ele></trkpt><trkpt lat="36.891846" lon="126.82283"><time>2026-09-27T01:02:21.000Z</time><ele>8.15</ele></trkpt><trkpt lat="36.891839" lon="126.822773"><time>2026-09-27T01:02:27.000Z</time><ele>9.61</ele></trkpt><trkpt lat="36.891849" lon="126.822712"><time>2026-09-27T01:02:33.000Z</time><ele>9.8</ele></trkpt><trkpt lat="36.891868" lon="126.822656"><time>2026-09-27T01:02:38.000Z</time><ele>9.72</ele></trkpt><trkpt lat="36.891902" lon="126.822606"><time>2026-09-27T01:02:44.000Z</time><ele>10.41</ele></trkpt><trkpt lat="36.891945" lon="126.822581"><time>2026-09-27T01:02:49.000Z</time><ele>10.44</ele></trkpt><trkpt lat="36.891992" lon="126.822563"><time>2026-09-27T01:02:53.000Z</time><ele>9.14</ele></trkpt><trkpt lat="36.89204" lon="126.822574"><time>2026-09-27T01:02:59.001Z</time><ele>9.23</ele></trkpt><trkpt lat="36.89209" lon="126.822605"><time>2026-09-27T01:03:04.001Z</time><ele>8.93</ele></trkpt><trkpt lat="36.892125" lon="126.822643"><time>2026-09-27T01:03:08.001Z</time><ele>7.98</ele></trkpt><trkpt lat="36.892162" lon="126.822676"><time>2026-09-27T01:03:12.001Z</time><ele>7.36</ele></trkpt><trkpt lat="36.892205" lon="126.822705"><time>2026-09-27T01:03:16.001Z</time><ele>8.07</ele></trkpt><trkpt lat="36.892243" lon="126.822757"><time>2026-09-27T01:03:21.001Z</time><ele>8.13</ele></trkpt><trkpt lat="36.892283" lon="126.822795"><time>2026-09-27T01:03:27.001Z</time><ele>8.79</ele></trkpt><trkpt lat="36.892327" lon="126.822835"><time>2026-09-27T01:03:32.001Z</time><ele>8.1</ele></trkpt><trkpt lat="36.892369" lon="126.822885"><time>2026-09-27T01:03:37.001Z</time><ele>7.8</ele></trkpt><trkpt lat="36.89241" lon="126.822913"><time>2026-09-27T01:03:41.001Z</time><ele>7.53</ele></trkpt><trkpt lat="36.89245" lon="126.822944"><time>2026-09-27T01:03:46.001Z</time><ele>7.66</ele></trkpt><trkpt lat="36.89249" lon="126.822972"><time>2026-09-27T01:03:50.001Z</time><ele>7.06</ele></trkpt><trkpt lat="36.892534" lon="126.823002"><time>2026-09-27T01:03:55.000Z</time><ele>7.36</ele></trkpt><trkpt lat="36.892564" lon="126.823054"><time>2026-09-27T01:04:00.000Z</time><ele>6.72</ele></trkpt><trkpt lat="36.892557" lon="126.823112"><time>2026-09-27T01:04:06.000Z</time><ele>5.91</ele></trkpt><trkpt lat="36.892571" lon="126.823168"><time>2026-09-27T01:04:12.000Z</time><ele>6.18</ele></trkpt><trkpt lat="36.892551" lon="126.823225"><time>2026-09-27T01:04:17.000Z</time><ele>6.56</ele></trkpt><trkpt lat="36.892537" lon="126.823284"><time>2026-09-27T01:04:23.000Z</time><ele>6.13</ele></trkpt><trkpt lat="36.892537" lon="126.823346"><time>2026-09-27T01:04:28.000Z</time><ele>5.02</ele></trkpt><trkpt lat="36.892536" lon="126.823415"><time>2026-09-27T01:04:33.000Z</time><ele>5.42</ele></trkpt><trkpt lat="36.892544" lon="126.823472"><time>2026-09-27T01:04:42.000Z</time><ele>5.81</ele></trkpt><trkpt lat="36.892539" lon="126.823533"><time>2026-09-27T01:04:51.001Z</time><ele>5.79</ele></trkpt><trkpt lat="36.892538" lon="126.823589"><time>2026-09-27T01:05:43.001Z</time><ele>5.49</ele></trkpt><trkpt lat="36.892531" lon="126.823531"><time>2026-09-27T01:06:25.000Z</time><ele>6.29</ele></trkpt><trkpt lat="36.892502" lon="126.823488"><time>2026-09-27T01:06:35.000Z</time><ele>5.03</ele></trkpt><trkpt lat="36.892453" lon="126.823466"><time>2026-09-27T01:06:40.000Z</time><ele>4.92</ele></trkpt><trkpt lat="36.892393" lon="126.823468"><time>2026-09-27T01:06:44.000Z</time><ele>4.39</ele></trkpt><trkpt lat="36.892341" lon="126.823458"><time>2026-09-27T01:06:49.000Z</time><ele>5.74</ele></trkpt><trkpt lat="36.892293" lon="126.823449"><time>2026-09-27T01:06:53.000Z</time><ele>5.88</ele></trkpt><trkpt lat="36.892241" lon="126.823445"><time>2026-09-27T01:06:58.001Z</time><ele>6.85</ele></trkpt><trkpt lat="36.892186" lon="126.823434"><time>2026-09-27T01:07:03.001Z</time><ele>7.27</ele></trkpt><trkpt lat="36.892139" lon="126.823411"><time>2026-09-27T01:07:08.001Z</time><ele>7.7</ele></trkpt><trkpt lat="36.892094" lon="126.823397"><time>2026-09-27T01:07:12.001Z</time><ele>7.41</ele></trkpt><trkpt lat="36.892052" lon="126.823355"><time>2026-09-27T01:07:17.001Z</time><ele>8.11</ele></trkpt><trkpt lat="36.892012" lon="126.82331"><time>2026-09-27T01:07:22.001Z</time><ele>8.19</ele></trkpt><trkpt lat="36.891981" lon="126.823257"><time>2026-09-27T01:07:27.001Z</time><ele>8.72</ele></trkpt><trkpt lat="36.891971" lon="126.823187"><time>2026-09-27T01:07:32.001Z</time><ele>8.77</ele></trkpt><trkpt lat="36.891947" lon="126.823137"><time>2026-09-27T01:07:36.001Z</time><ele>8.66</ele></trkpt><trkpt lat="36.891914" lon="126.823098"><time>2026-09-27T01:07:40.001Z</time><ele>8.91</ele></trkpt><trkpt lat="36.891864" lon="126.823082"><time>2026-09-27T01:07:45.001Z</time><ele>8.98</ele></trkpt><trkpt lat="36.891812" lon="126.823079"><time>2026-09-27T01:07:49.001Z</time><ele>8.86</ele></trkpt><trkpt lat="36.891763" lon="126.823096"><time>2026-09-27T01:07:54.001Z</time><ele>10.26</ele></trkpt><trkpt lat="36.891715" lon="126.823074"><time>2026-09-27T01:08:01.001Z</time><ele>9.6</ele></trkpt><trkpt lat="36.891671" lon="126.823056"><time>2026-09-27T01:08:06.000Z</time><ele>9.49</ele></trkpt><trkpt lat="36.891636" lon="126.823018"><time>2026-09-27T01:09:05.000Z</time><ele>8.27</ele></trkpt><trkpt lat="36.891663" lon="126.82297"><time>2026-09-27T01:12:07.001Z</time><ele>7.66</ele></trkpt><trkpt lat="36.891676" lon="126.822717"><time>2026-09-27T01:13:30.001Z</time><ele>9.1</ele></trkpt><trkpt lat="36.891666" lon="126.82264"><time>2026-09-27T01:13:32.001Z</time><ele>9.05</ele></trkpt><trkpt lat="36.891698" lon="126.822558"><time>2026-09-27T01:13:34.001Z</time><ele>8.83</ele></trkpt><trkpt lat="36.891701" lon="126.822499"><time>2026-09-27T01:13:35.001Z</time><ele>8.93</ele></trkpt><trkpt lat="36.891668" lon="126.822456"><time>2026-09-27T01:13:37.001Z</time><ele>9.5</ele></trkpt><trkpt lat="36.891627" lon="126.822406"><time>2026-09-27T01:13:39.001Z</time><ele>8.31</ele></trkpt><trkpt lat="36.891572" lon="126.822342"><time>2026-09-27T01:13:41.001Z</time><ele>7.97</ele></trkpt><trkpt lat="36.891534" lon="126.822297"><time>2026-09-27T01:13:42.001Z</time><ele>7.78</ele></trkpt><trkpt lat="36.891502" lon="126.822254"><time>2026-09-27T01:13:43.001Z</time><ele>7.97</ele></trkpt><trkpt lat="36.891459" lon="126.822218"><time>2026-09-27T01:13:44.001Z</time><ele>8.65</ele></trkpt><trkpt lat="36.891414" lon="126.822211"><time>2026-09-27T01:13:45.001Z</time><ele>8.54</ele></trkpt><trkpt lat="36.89137" lon="126.822245"><time>2026-09-27T01:13:46.001Z</time><ele>8.61</ele></trkpt><trkpt lat="36.891316" lon="126.822316"><time>2026-09-27T01:13:47.001Z</time><ele>7.64</ele></trkpt><trkpt lat="36.891188" lon="126.822419"><time>2026-09-27T01:13:49.001Z</time><ele>7.97</ele></trkpt><trkpt lat="36.891136" lon="126.822482"><time>2026-09-27T01:13:50.001Z</time><ele>8.04</ele></trkpt><trkpt lat="36.891095" lon="126.822531"><time>2026-09-27T01:13:51.001Z</time><ele>8.35</ele></trkpt><trkpt lat="36.891056" lon="126.822578"><time>2026-09-27T01:13:52.001Z</time><ele>8.37</ele></trkpt><trkpt lat="36.891017" lon="126.822625"><time>2026-09-27T01:13:53.001Z</time><ele>8.5</ele></trkpt><trkpt lat="36.890975" lon="126.822676"><time>2026-09-27T01:13:54.001Z</time><ele>8.57</ele></trkpt><trkpt lat="36.89093" lon="126.82273"><time>2026-09-27T01:13:55.001Z</time><ele>9.12</ele></trkpt><trkpt lat="36.890888" lon="126.822781"><time>2026-09-27T01:13:56.001Z</time><ele>9.2</ele></trkpt><trkpt lat="36.89085" lon="126.822827"><time>2026-09-27T01:13:57.001Z</time><ele>8.86</ele></trkpt><trkpt lat="36.890707" lon="126.82302"><time>2026-09-27T01:14:00.001Z</time><ele>8.79</ele></trkpt><trkpt lat="36.890648" lon="126.823098"><time>2026-09-27T01:14:01.001Z</time><ele>9.03</ele></trkpt><trkpt lat="36.89059" lon="126.823168"><time>2026-09-27T01:14:02.001Z</time><ele>9.23</ele></trkpt><trkpt lat="36.890538" lon="126.823229"><time>2026-09-27T01:14:03.001Z</time><ele>9.31</ele></trkpt><trkpt lat="36.890486" lon="126.823294"><time>2026-09-27T01:14:04.001Z</time><ele>9.1</ele></trkpt><trkpt lat="36.890432" lon="126.823352"><time>2026-09-27T01:14:05.001Z</time><ele>9.29</ele></trkpt><trkpt lat="36.890382" lon="126.823423"><time>2026-09-27T01:14:06.001Z</time><ele>9.4</ele></trkpt><trkpt lat="36.890311" lon="126.823504"><time>2026-09-27T01:14:07.001Z</time><ele>9.4</ele></trkpt><trkpt lat="36.890233" lon="126.823585"><time>2026-09-27T01:14:08.001Z</time><ele>9.51</ele></trkpt><trkpt lat="36.890164" lon="126.823651"><time>2026-09-27T01:14:09.001Z</time><ele>9.76</ele></trkpt><trkpt lat="36.890125" lon="126.823697"><time>2026-09-27T01:14:10.001Z</time><ele>9.2</ele></trkpt><trkpt lat="36.890095" lon="126.82374"><time>2026-09-27T01:14:11.001Z</time><ele>9</ele></trkpt><trkpt lat="36.890049" lon="126.823789"><time>2026-09-27T01:14:12.001Z</time><ele>8.64</ele></trkpt><trkpt lat="36.889992" lon="126.82385"><time>2026-09-27T01:14:13.001Z</time><ele>8.42</ele></trkpt><trkpt lat="36.889942" lon="126.823917"><time>2026-09-27T01:14:14.001Z</time><ele>8.3</ele></trkpt><trkpt lat="36.889889" lon="126.823987"><time>2026-09-27T01:14:15.001Z</time><ele>8.39</ele></trkpt><trkpt lat="36.889837" lon="126.824061"><time>2026-09-27T01:14:16.001Z</time><ele>8.21</ele></trkpt><trkpt lat="36.889778" lon="126.824139"><time>2026-09-27T01:14:17.001Z</time><ele>8.36</ele></trkpt><trkpt lat="36.889714" lon="126.824211"><time>2026-09-27T01:14:18.001Z</time><ele>8.17</ele></trkpt><trkpt lat="36.889659" lon="126.824279"><time>2026-09-27T01:14:19.001Z</time><ele>8.32</ele></trkpt><trkpt lat="36.889614" lon="126.824338"><time>2026-09-27T01:14:20.001Z</time><ele>8.44</ele></trkpt><trkpt lat="36.889578" lon="126.824387"><time>2026-09-27T01:14:21.001Z</time><ele>8.8</ele></trkpt><trkpt lat="36.889516" lon="126.824466"><time>2026-09-27T01:14:23.000Z</time><ele>9.32</ele></trkpt><trkpt lat="36.889475" lon="126.824548"><time>2026-09-27T01:14:25.000Z</time><ele>9.41</ele></trkpt><trkpt lat="36.889435" lon="126.824576"><time>2026-09-27T01:14:26.000Z</time><ele>9.49</ele></trkpt><trkpt lat="36.88948" lon="126.824689"><time>2026-09-27T01:14:27.000Z</time><ele>9.27</ele></trkpt><trkpt lat="36.889513" lon="126.824757"><time>2026-09-27T01:14:28.000Z</time><ele>9.17</ele></trkpt><trkpt lat="36.889546" lon="126.824818"><time>2026-09-27T01:14:29.000Z</time><ele>9.27</ele></trkpt><trkpt lat="36.889555" lon="126.824912"><time>2026-09-27T01:14:31.000Z</time><ele>8.82</ele></trkpt><trkpt lat="36.889458" lon="126.824965"><time>2026-09-27T01:14:33.000Z</time><ele>8.79</ele></trkpt><trkpt lat="36.889386" lon="126.824971"><time>2026-09-27T01:14:34.000Z</time><ele>9.09</ele></trkpt><trkpt lat="36.889312" lon="126.824977"><time>2026-09-27T01:14:35.000Z</time><ele>9.63</ele></trkpt><trkpt lat="36.889231" lon="126.824983"><time>2026-09-27T01:14:36.000Z</time><ele>9.7</ele></trkpt><trkpt lat="36.889145" lon="126.824989"><time>2026-09-27T01:14:37.000Z</time><ele>9.75</ele></trkpt><trkpt lat="36.889062" lon="126.825009"><time>2026-09-27T01:14:38.000Z</time><ele>10.1</ele></trkpt><trkpt lat="36.888989" lon="126.825003"><time>2026-09-27T01:14:39.000Z</time><ele>10.31</ele></trkpt><trkpt lat="36.888922" lon="126.824995"><time>2026-09-27T01:14:40.000Z</time><ele>10.63</ele></trkpt><trkpt lat="36.888867" lon="126.825001"><time>2026-09-27T01:14:41.000Z</time><ele>10.88</ele></trkpt><trkpt lat="36.888803" lon="126.824994"><time>2026-09-27T01:14:42.000Z</time><ele>11.01</ele></trkpt><trkpt lat="36.888733" lon="126.824987"><time>2026-09-27T01:14:43.000Z</time><ele>11.12</ele></trkpt><trkpt lat="36.888663" lon="126.824986"><time>2026-09-27T01:14:44.000Z</time><ele>10.89</ele></trkpt><trkpt lat="36.888603" lon="126.824989"><time>2026-09-27T01:14:45.000Z</time><ele>11.24</ele></trkpt><trkpt lat="36.888552" lon="126.824993"><time>2026-09-27T01:14:46.000Z</time><ele>11.21</ele></trkpt><trkpt lat="36.888498" lon="126.824998"><time>2026-09-27T01:14:47.000Z</time><ele>11.57</ele></trkpt><trkpt lat="36.888449" lon="126.825013"><time>2026-09-27T01:14:48.000Z</time><ele>11.54</ele></trkpt><trkpt lat="36.888394" lon="126.825092"><time>2026-09-27T01:14:50.000Z</time><ele>11.84</ele></trkpt><trkpt lat="36.888391" lon="126.825157"><time>2026-09-27T01:14:51.000Z</time><ele>11.58</ele></trkpt><trkpt lat="36.888447" lon="126.825305"><time>2026-09-27T01:14:53.000Z</time><ele>11.15</ele></trkpt><trkpt lat="36.888494" lon="126.825378"><time>2026-09-27T01:14:54.000Z</time><ele>10.95</ele></trkpt><trkpt lat="36.888545" lon="126.825458"><time>2026-09-27T01:14:55.000Z</time><ele>10.77</ele></trkpt><trkpt lat="36.888596" lon="126.825543"><time>2026-09-27T01:14:56.000Z</time><ele>10.99</ele></trkpt><trkpt lat="36.888636" lon="126.825637"><time>2026-09-27T01:14:57.000Z</time><ele>10.85</ele></trkpt><trkpt lat="36.88867" lon="126.825737"><time>2026-09-27T01:14:58.000Z</time><ele>10.76</ele></trkpt><trkpt lat="36.888691" lon="126.825842"><time>2026-09-27T01:14:59.000Z</time><ele>10.63</ele></trkpt><trkpt lat="36.888704" lon="126.825951"><time>2026-09-27T01:15:00.000Z</time><ele>10.57</ele></trkpt><trkpt lat="36.888712" lon="126.826056"><time>2026-09-27T01:15:01.000Z</time><ele>10.4</ele></trkpt><trkpt lat="36.888706" lon="126.826149"><time>2026-09-27T01:15:02.000Z</time><ele>10.75</ele></trkpt><trkpt lat="36.88868" lon="126.826256"><time>2026-09-27T01:15:03.000Z</time><ele>10.9</ele></trkpt><trkpt lat="36.888652" lon="126.826368"><time>2026-09-27T01:15:04.000Z</time><ele>10.95</ele></trkpt><trkpt lat="36.888617" lon="126.826481"><time>2026-09-27T01:15:05.000Z</time><ele>11.07</ele></trkpt><trkpt lat="36.888585" lon="126.826597"><time>2026-09-27T01:15:06.000Z</time><ele>11.06</ele></trkpt><trkpt lat="36.888553" lon="126.826711"><time>2026-09-27T01:15:07.000Z</time><ele>10.59</ele></trkpt><trkpt lat="36.888524" lon="126.826816"><time>2026-09-27T01:15:08.000Z</time><ele>10.15</ele></trkpt><trkpt lat="36.888506" lon="126.826923"><time>2026-09-27T01:15:09.000Z</time><ele>9.22</ele></trkpt><trkpt lat="36.888481" lon="126.827034"><time>2026-09-27T01:15:10.000Z</time><ele>8.1</ele></trkpt><trkpt lat="36.888458" lon="126.82715"><time>2026-09-27T01:15:11.000Z</time><ele>7.05</ele></trkpt><trkpt lat="36.888425" lon="126.827275"><time>2026-09-27T01:15:12.000Z</time><ele>6.09</ele></trkpt><trkpt lat="36.888394" lon="126.827407"><time>2026-09-27T01:15:13.000Z</time><ele>5.46</ele></trkpt><trkpt lat="36.888363" lon="126.827542"><time>2026-09-27T01:15:14.000Z</time><ele>4.45</ele></trkpt><trkpt lat="36.888329" lon="126.82768"><time>2026-09-27T01:15:15.000Z</time><ele>3.95</ele></trkpt><trkpt lat="36.888296" lon="126.827821"><time>2026-09-27T01:15:16.000Z</time><ele>3.48</ele></trkpt><trkpt lat="36.888258" lon="126.827972"><time>2026-09-27T01:15:17.000Z</time><ele>3.19</ele></trkpt><trkpt lat="36.888218" lon="126.828137"><time>2026-09-27T01:15:18.000Z</time><ele>3</ele></trkpt><trkpt lat="36.888185" lon="126.828293"><time>2026-09-27T01:15:19.000Z</time><ele>2.63</ele></trkpt><trkpt lat="36.888162" lon="126.828436"><time>2026-09-27T01:15:20.000Z</time><ele>2.52</ele></trkpt><trkpt lat="36.888143" lon="126.828597"><time>2026-09-27T01:15:21.000Z</time><ele>2.53</ele></trkpt><trkpt lat="36.888143" lon="126.828742"><time>2026-09-27T01:15:22.000Z</time><ele>2.58</ele></trkpt><trkpt lat="36.888146" lon="126.828894"><time>2026-09-27T01:15:23.000Z</time><ele>2.28</ele></trkpt><trkpt lat="36.888153" lon="126.829053"><time>2026-09-27T01:15:24.000Z</time><ele>2.38</ele></trkpt><trkpt lat="36.888154" lon="126.829212"><time>2026-09-27T01:15:25.000Z</time><ele>2.32</ele></trkpt><trkpt lat="36.888151" lon="126.829365"><time>2026-09-27T01:15:26.000Z</time><ele>2.39</ele></trkpt><trkpt lat="36.888134" lon="126.829525"><time>2026-09-27T01:15:27.001Z</time><ele>2.42</ele></trkpt><trkpt lat="36.888106" lon="126.829685"><time>2026-09-27T01:15:28.001Z</time><ele>2.66</ele></trkpt><trkpt lat="36.88807" lon="126.829843"><time>2026-09-27T01:15:29.001Z</time><ele>2.31</ele></trkpt><trkpt lat="36.888028" lon="126.829992"><time>2026-09-27T01:15:30.001Z</time><ele>2.85</ele></trkpt><trkpt lat="36.88799" lon="126.830138"><time>2026-09-27T01:15:31.001Z</time><ele>2.64</ele></trkpt><trkpt lat="36.887957" lon="126.83028"><time>2026-09-27T01:15:32.001Z</time><ele>2.41</ele></trkpt><trkpt lat="36.887925" lon="126.83042"><time>2026-09-27T01:15:33.001Z</time><ele>2.31</ele></trkpt><trkpt lat="36.887894" lon="126.830547"><time>2026-09-27T01:15:34.001Z</time><ele>2.16</ele></trkpt><trkpt lat="36.887864" lon="126.830662"><time>2026-09-27T01:15:35.001Z</time><ele>1.95</ele></trkpt><trkpt lat="36.887838" lon="126.830765"><time>2026-09-27T01:15:36.001Z</time><ele>1.96</ele></trkpt><trkpt lat="36.887812" lon="126.830843"><time>2026-09-27T01:15:37.001Z</time><ele>1.87</ele></trkpt><trkpt lat="36.887768" lon="126.830906"><time>2026-09-27T01:15:38.001Z</time><ele>1.91</ele></trkpt><trkpt lat="36.887711" lon="126.830943"><time>2026-09-27T01:15:39.001Z</time><ele>2.35</ele></trkpt><trkpt lat="36.887654" lon="126.830969"><time>2026-09-27T01:15:40.001Z</time><ele>2.34</ele></trkpt><trkpt lat="36.887596" lon="126.831003"><time>2026-09-27T01:15:41.001Z</time><ele>2.45</ele></trkpt><trkpt lat="36.88755" lon="126.831067"><time>2026-09-27T01:15:42.001Z</time><ele>2.65</ele></trkpt><trkpt lat="36.887524" lon="126.831148"><time>2026-09-27T01:15:43.001Z</time><ele>2.58</ele></trkpt><trkpt lat="36.887514" lon="126.831238"><time>2026-09-27T01:15:44.001Z</time><ele>2.32</ele></trkpt><trkpt lat="36.887477" lon="126.831326"><time>2026-09-27T01:15:45.001Z</time><ele>1.84</ele></trkpt><trkpt lat="36.887405" lon="126.831407"><time>2026-09-27T01:15:46.001Z</time><ele>2.18</ele></trkpt><trkpt lat="36.887335" lon="126.831488"><time>2026-09-27T01:15:47.001Z</time><ele>2.42</ele></trkpt><trkpt lat="36.887275" lon="126.831581"><time>2026-09-27T01:15:48.001Z</time><ele>2.39</ele></trkpt><trkpt lat="36.887221" lon="126.831685"><time>2026-09-27T01:15:49.001Z</time><ele>2.6</ele></trkpt><trkpt lat="36.887167" lon="126.831797"><time>2026-09-27T01:15:50.001Z</time><ele>2.4</ele></trkpt><trkpt lat="36.887106" lon="126.831915"><time>2026-09-27T01:15:51.001Z</time><ele>2.36</ele></trkpt><trkpt lat="36.887045" lon="126.832033"><time>2026-09-27T01:15:52.001Z</time><ele>2.89</ele></trkpt><trkpt lat="36.886984" lon="126.832152"><time>2026-09-27T01:15:53.001Z</time><ele>3.19</ele></trkpt><trkpt lat="36.886921" lon="126.832274"><time>2026-09-27T01:15:54.001Z</time><ele>2.88</ele></trkpt><trkpt lat="36.886859" lon="126.8324"><time>2026-09-27T01:15:55.001Z</time><ele>2.95</ele></trkpt><trkpt lat="36.8868" lon="126.83253"><time>2026-09-27T01:15:56.001Z</time><ele>3.31</ele></trkpt><trkpt lat="36.88674" lon="126.832659"><time>2026-09-27T01:15:57.001Z</time><ele>3</ele></trkpt><trkpt lat="36.886678" lon="126.832795"><time>2026-09-27T01:15:58.001Z</time><ele>3.8</ele></trkpt><trkpt lat="36.886672" lon="126.832948"><time>2026-09-27T01:15:59.001Z</time><ele>3.35</ele></trkpt><trkpt lat="36.886666" lon="126.833099"><time>2026-09-27T01:16:00.001Z</time><ele>3.64</ele></trkpt><trkpt lat="36.886664" lon="126.833253"><time>2026-09-27T01:16:01.001Z</time><ele>3.85</ele></trkpt><trkpt lat="36.886656" lon="126.833411"><time>2026-09-27T01:16:02.001Z</time><ele>4.14</ele></trkpt><trkpt lat="36.886646" lon="126.833569"><time>2026-09-27T01:16:03.001Z</time><ele>4.89</ele></trkpt><trkpt lat="36.886631" lon="126.833736"><time>2026-09-27T01:16:04.001Z</time><ele>5.83</ele></trkpt><trkpt lat="36.886609" lon="126.83391"><time>2026-09-27T01:16:05.001Z</time><ele>5.92</ele></trkpt><trkpt lat="36.886576" lon="126.834091"><time>2026-09-27T01:16:06.001Z</time><ele>6.48</ele></trkpt><trkpt lat="36.886349" lon="126.835252"><time>2026-09-27T01:16:11.001Z</time><ele>6.6</ele></trkpt><trkpt lat="36.886279" lon="126.835535"><time>2026-09-27T01:16:12.001Z</time><ele>6.77</ele></trkpt><trkpt lat="36.88621" lon="126.835824"><time>2026-09-27T01:16:13.001Z</time><ele>6.84</ele></trkpt><trkpt lat="36.886134" lon="126.836123"><time>2026-09-27T01:16:14.001Z</time><ele>7.14</ele></trkpt><trkpt lat="36.886055" lon="126.836431"><time>2026-09-27T01:16:15.001Z</time><ele>7.2</ele></trkpt><trkpt lat="36.885975" lon="126.836744"><time>2026-09-27T01:16:16.001Z</time><ele>7.95</ele></trkpt><trkpt lat="36.885899" lon="126.837047"><time>2026-09-27T01:16:17.001Z</time><ele>7.8</ele></trkpt><trkpt lat="36.88583" lon="126.837337"><time>2026-09-27T01:16:18.001Z</time><ele>7.51</ele></trkpt><trkpt lat="36.885761" lon="126.837622"><time>2026-09-27T01:16:19.001Z</time><ele>7.57</ele></trkpt><trkpt lat="36.885694" lon="126.837905"><time>2026-09-27T01:16:20.001Z</time><ele>7.36</ele></trkpt><trkpt lat="36.885623" lon="126.838182"><time>2026-09-27T01:16:21.001Z</time><ele>7.34</ele></trkpt><trkpt lat="36.885551" lon="126.838462"><time>2026-09-27T01:16:22.001Z</time><ele>7.38</ele></trkpt><trkpt lat="36.885477" lon="126.838741"><time>2026-09-27T01:16:23.001Z</time><ele>7.55</ele></trkpt><trkpt lat="36.885407" lon="126.839019"><time>2026-09-27T01:16:24.001Z</time><ele>7.68</ele></trkpt><trkpt lat="36.88534" lon="126.839294"><time>2026-09-27T01:16:25.001Z</time><ele>7.5</ele></trkpt><trkpt lat="36.885274" lon="126.839565"><time>2026-09-27T01:16:26.001Z</time><ele>7.71</ele></trkpt><trkpt lat="36.885208" lon="126.839837"><time>2026-09-27T01:16:27.001Z</time><ele>7.69</ele></trkpt><trkpt lat="36.885141" lon="126.840104"><time>2026-09-27T01:16:27.999Z</time><ele>7.64</ele></trkpt><trkpt lat="36.885073" lon="126.84037"><time>2026-09-27T01:16:28.999Z</time><ele>7.69</ele></trkpt><trkpt lat="36.885008" lon="126.840634"><time>2026-09-27T01:16:30.000Z</time><ele>7.67</ele></trkpt><trkpt lat="36.884942" lon="126.840896"><time>2026-09-27T01:16:31.000Z</time><ele>7.91</ele></trkpt><trkpt lat="36.884875" lon="126.841156"><time>2026-09-27T01:16:32.000Z</time><ele>8.14</ele></trkpt><trkpt lat="36.884808" lon="126.841419"><time>2026-09-27T01:16:33.000Z</time><ele>7.91</ele></trkpt><trkpt lat="36.884739" lon="126.841683"><time>2026-09-27T01:16:34.000Z</time><ele>7.92</ele></trkpt><trkpt lat="36.884671" lon="126.841949"><time>2026-09-27T01:16:35.000Z</time><ele>8.11</ele></trkpt><trkpt lat="36.884603" lon="126.842215"><time>2026-09-27T01:16:36.000Z</time><ele>8.22</ele></trkpt><trkpt lat="36.884537" lon="126.842478"><time>2026-09-27T01:16:37.000Z</time><ele>8.17</ele></trkpt><trkpt lat="36.884471" lon="126.842742"><time>2026-09-27T01:16:38.000Z</time><ele>8.2</ele></trkpt><trkpt lat="36.884406" lon="126.843009"><time>2026-09-27T01:16:39.000Z</time><ele>8.21</ele></trkpt><trkpt lat="36.884337" lon="126.84328"><time>2026-09-27T01:16:40.000Z</time><ele>8.01</ele></trkpt><trkpt lat="36.884267" lon="126.843565"><time>2026-09-27T01:16:41.000Z</time><ele>8.13</ele></trkpt><trkpt lat="36.884191" lon="126.843867"><time>2026-09-27T01:16:42.000Z</time><ele>8.13</ele></trkpt><trkpt lat="36.884115" lon="126.844179"><time>2026-09-27T01:16:43.000Z</time><ele>8.24</ele></trkpt><trkpt lat="36.884034" lon="126.844496"><time>2026-09-27T01:16:44.000Z</time><ele>8.14</ele></trkpt><trkpt lat="36.883944" lon="126.844825"><time>2026-09-27T01:16:45.000Z</time><ele>8.43</ele></trkpt><trkpt lat="36.883861" lon="126.845159"><time>2026-09-27T01:16:46.000Z</time><ele>8.29</ele></trkpt><trkpt lat="36.883777" lon="126.845503"><time>2026-09-27T01:16:47.000Z</time><ele>8.22</ele></trkpt><trkpt lat="36.883684" lon="126.845851"><time>2026-09-27T01:16:48.000Z</time><ele>8.46</ele></trkpt><trkpt lat="36.883586" lon="126.846202"><time>2026-09-27T01:16:49.000Z</time><ele>8.79</ele></trkpt><trkpt lat="36.883497" lon="126.846559"><time>2026-09-27T01:16:50.000Z</time><ele>8.53</ele></trkpt><trkpt lat="36.883415" lon="126.846925"><time>2026-09-27T01:16:51.000Z</time><ele>8.24</ele></trkpt><trkpt lat="36.883327" lon="126.847282"><time>2026-09-27T01:16:52.000Z</time><ele>8.37</ele></trkpt><trkpt lat="36.883233" lon="126.84764"><time>2026-09-27T01:16:53.000Z</time><ele>8.29</ele></trkpt><trkpt lat="36.88314" lon="126.847997"><time>2026-09-27T01:16:54.000Z</time><ele>8.41</ele></trkpt><trkpt lat="36.883053" lon="126.848354"><time>2026-09-27T01:16:55.000Z</time><ele>8.26</ele></trkpt><trkpt lat="36.882966" lon="126.848711"><time>2026-09-27T01:16:56.000Z</time><ele>7.91</ele></trkpt><trkpt lat="36.882876" lon="126.849064"><time>2026-09-27T01:16:57.000Z</time><ele>7.72</ele></trkpt><trkpt lat="36.882786" lon="126.849419"><time>2026-09-27T01:16:58.000Z</time><ele>7.42</ele></trkpt><trkpt lat="36.882699" lon="126.849764"><time>2026-09-27T01:16:59.000Z</time><ele>7.48</ele></trkpt><trkpt lat="36.88261" lon="126.850106"><time>2026-09-27T01:17:00.000Z</time><ele>7.44</ele></trkpt><trkpt lat="36.882525" lon="126.850449"><time>2026-09-27T01:17:01.000Z</time><ele>7.89</ele></trkpt><trkpt lat="36.88244" lon="126.850788"><time>2026-09-27T01:17:02.000Z</time><ele>7.66</ele></trkpt><trkpt lat="36.882353" lon="126.851127"><time>2026-09-27T01:17:03.000Z</time><ele>7.73</ele></trkpt><trkpt lat="36.882269" lon="126.851459"><time>2026-09-27T01:17:04.000Z</time><ele>7.6</ele></trkpt><trkpt lat="36.882187" lon="126.851783"><time>2026-09-27T01:17:05.000Z</time><ele>7.5</ele></trkpt><trkpt lat="36.882106" lon="126.852102"><time>2026-09-27T01:17:06.000Z</time><ele>7.05</ele></trkpt><trkpt lat="36.882025" lon="126.852419"><time>2026-09-27T01:17:07.000Z</time><ele>7.43</ele></trkpt><trkpt lat="36.881944" lon="126.852731"><time>2026-09-27T01:17:08.000Z</time><ele>7.34</ele></trkpt><trkpt lat="36.881864" lon="126.853044"><time>2026-09-27T01:17:09.000Z</time><ele>7.41</ele></trkpt><trkpt lat="36.881787" lon="126.853356"><time>2026-09-27T01:17:10.000Z</time><ele>7.22</ele></trkpt><trkpt lat="36.881709" lon="126.853667"><time>2026-09-27T01:17:11.000Z</time><ele>7.14</ele></trkpt><trkpt lat="36.881632" lon="126.853972"><time>2026-09-27T01:17:12.000Z</time><ele>6.77</ele></trkpt><trkpt lat="36.881556" lon="126.854272"><time>2026-09-27T01:17:13.000Z</time><ele>6.98</ele></trkpt><trkpt lat="36.881481" lon="126.854573"><time>2026-09-27T01:17:14.000Z</time><ele>6.75</ele></trkpt><trkpt lat="36.881403" lon="126.854873"><time>2026-09-27T01:17:15.000Z</time><ele>7.1</ele></trkpt><trkpt lat="36.881331" lon="126.855161"><time>2026-09-27T01:17:16.000Z</time><ele>6.74</ele></trkpt><trkpt lat="36.881265" lon="126.85543"><time>2026-09-27T01:17:17.000Z</time><ele>6.83</ele></trkpt><trkpt lat="36.881202" lon="126.855687"><time>2026-09-27T01:17:18.000Z</time><ele>6.64</ele></trkpt><trkpt lat="36.881137" lon="126.855948"><time>2026-09-27T01:17:19.000Z</time><ele>6.78</ele></trkpt><trkpt lat="36.881073" lon="126.856197"><time>2026-09-27T01:17:20.000Z</time><ele>7.16</ele></trkpt><trkpt lat="36.881009" lon="126.856452"><time>2026-09-27T01:17:21.000Z</time><ele>6.93</ele></trkpt><trkpt lat="36.880944" lon="126.856703"><time>2026-09-27T01:17:22.000Z</time><ele>6.81</ele></trkpt><trkpt lat="36.880883" lon="126.856943"><time>2026-09-27T01:17:23.000Z</time><ele>6.59</ele></trkpt><trkpt lat="36.880825" lon="126.857174"><time>2026-09-27T01:17:24.000Z</time><ele>7.14</ele></trkpt><trkpt lat="36.880768" lon="126.857408"><time>2026-09-27T01:17:25.000Z</time><ele>6.69</ele></trkpt><trkpt lat="36.880707" lon="126.857638"><time>2026-09-27T01:17:26.000Z</time><ele>6.69</ele></trkpt><trkpt lat="36.880651" lon="126.857871"><time>2026-09-27T01:17:27.000Z</time><ele>6.7</ele></trkpt><trkpt lat="36.880593" lon="126.858107"><time>2026-09-27T01:17:28.000Z</time><ele>6.43</ele></trkpt><trkpt lat="36.880532" lon="126.85834"><time>2026-09-27T01:17:29.000Z</time><ele>6.19</ele></trkpt><trkpt lat="36.880477" lon="126.858573"><time>2026-09-27T01:17:30.000Z</time><ele>5.68</ele></trkpt><trkpt lat="36.880422" lon="126.858804"><time>2026-09-27T01:17:31.000Z</time><ele>5.35</ele></trkpt><trkpt lat="36.880369" lon="126.859022"><time>2026-09-27T01:17:32.000Z</time><ele>4.84</ele></trkpt><trkpt lat="36.880314" lon="126.85924"><time>2026-09-27T01:17:33.000Z</time><ele>4.53</ele></trkpt><trkpt lat="36.880258" lon="126.85946"><time>2026-09-27T01:17:34.001Z</time><ele>4.29</ele></trkpt><trkpt lat="36.880202" lon="126.859678"><time>2026-09-27T01:17:35.001Z</time><ele>4.07</ele></trkpt><trkpt lat="36.88015" lon="126.859888"><time>2026-09-27T01:17:36.001Z</time><ele>3.76</ele></trkpt><trkpt lat="36.8801" lon="126.860091"><time>2026-09-27T01:17:37.001Z</time><ele>3.58</ele></trkpt><trkpt lat="36.88005" lon="126.860298"><time>2026-09-27T01:17:38.001Z</time><ele>3.47</ele></trkpt><trkpt lat="36.879999" lon="126.8605"><time>2026-09-27T01:17:39.001Z</time><ele>3.66</ele></trkpt><trkpt lat="36.879946" lon="126.860692"><time>2026-09-27T01:17:40.001Z</time><ele>3.97</ele></trkpt><trkpt lat="36.879898" lon="126.860881"><time>2026-09-27T01:17:41.001Z</time><ele>4.29</ele></trkpt><trkpt lat="36.879851" lon="126.861066"><time>2026-09-27T01:17:42.001Z</time><ele>4.66</ele></trkpt><trkpt lat="36.879803" lon="126.861242"><time>2026-09-27T01:17:43.001Z</time><ele>4.88</ele></trkpt><trkpt lat="36.879757" lon="126.861415"><time>2026-09-27T01:17:44.001Z</time><ele>5.16</ele></trkpt><trkpt lat="36.879709" lon="126.8616"><time>2026-09-27T01:17:45.001Z</time><ele>5.29</ele></trkpt><trkpt lat="36.879661" lon="126.861785"><time>2026-09-27T01:17:46.001Z</time><ele>5.67</ele></trkpt><trkpt lat="36.879614" lon="126.861972"><time>2026-09-27T01:17:47.001Z</time><ele>5.82</ele></trkpt><trkpt lat="36.87956" lon="126.862162"><time>2026-09-27T01:17:48.001Z</time><ele>6.11</ele></trkpt><trkpt lat="36.879506" lon="126.862354"><time>2026-09-27T01:17:49.001Z</time><ele>6.12</ele></trkpt><trkpt lat="36.879443" lon="126.862552"><time>2026-09-27T01:17:50.001Z</time><ele>6.32</ele></trkpt><trkpt lat="36.879377" lon="126.862748"><time>2026-09-27T01:17:51.001Z</time><ele>6.33</ele></trkpt><trkpt lat="36.879314" lon="126.862941"><time>2026-09-27T01:17:52.001Z</time><ele>6.26</ele></trkpt><trkpt lat="36.879252" lon="126.863126"><time>2026-09-27T01:17:53.001Z</time><ele>6.27</ele></trkpt><trkpt lat="36.879189" lon="126.863308"><time>2026-09-27T01:17:54.001Z</time><ele>6.33</ele></trkpt><trkpt lat="36.879123" lon="126.863483"><time>2026-09-27T01:17:55.001Z</time><ele>6.44</ele></trkpt><trkpt lat="36.879062" lon="126.863647"><time>2026-09-27T01:17:56.001Z</time><ele>6.61</ele></trkpt><trkpt lat="36.879001" lon="126.863807"><time>2026-09-27T01:17:57.001Z</time><ele>7</ele></trkpt><trkpt lat="36.878937" lon="126.863962"><time>2026-09-27T01:17:58.001Z</time><ele>7.04</ele></trkpt><trkpt lat="36.878869" lon="126.864124"><time>2026-09-27T01:17:59.001Z</time><ele>6.72</ele></trkpt><trkpt lat="36.878799" lon="126.864291"><time>2026-09-27T01:18:00.001Z</time><ele>6.72</ele></trkpt><trkpt lat="36.878721" lon="126.864474"><time>2026-09-27T01:18:01.001Z</time><ele>6.67</ele></trkpt><trkpt lat="36.878637" lon="126.864661"><time>2026-09-27T01:18:02.001Z</time><ele>6.83</ele></trkpt><trkpt lat="36.878544" lon="126.864865"><time>2026-09-27T01:18:03.001Z</time><ele>6.99</ele></trkpt><trkpt lat="36.878447" lon="126.865076"><time>2026-09-27T01:18:04.001Z</time><ele>7.22</ele></trkpt><trkpt lat="36.878347" lon="126.865278"><time>2026-09-27T01:18:05.001Z</time><ele>7.35</ele></trkpt><trkpt lat="36.878246" lon="126.865473"><time>2026-09-27T01:18:06.001Z</time><ele>7.36</ele></trkpt><trkpt lat="36.878145" lon="126.865672"><time>2026-09-27T01:18:07.001Z</time><ele>7.54</ele></trkpt><trkpt lat="36.878049" lon="126.865868"><time>2026-09-27T01:18:08.001Z</time><ele>7.9</ele></trkpt><trkpt lat="36.877949" lon="126.866063"><time>2026-09-27T01:18:09.001Z</time><ele>8.35</ele></trkpt><trkpt lat="36.877847" lon="126.866256"><time>2026-09-27T01:18:10.001Z</time><ele>8.43</ele></trkpt><trkpt lat="36.877745" lon="126.866449"><time>2026-09-27T01:18:11.001Z</time><ele>8.42</ele></trkpt><trkpt lat="36.877644" lon="126.866648"><time>2026-09-27T01:18:12.001Z</time><ele>8.28</ele></trkpt><trkpt lat="36.877537" lon="126.866854"><time>2026-09-27T01:18:13.001Z</time><ele>8.57</ele></trkpt><trkpt lat="36.877428" lon="126.867062"><time>2026-09-27T01:18:14.001Z</time><ele>8.77</ele></trkpt><trkpt lat="36.877322" lon="126.867296"><time>2026-09-27T01:18:15.001Z</time><ele>9.29</ele></trkpt><trkpt lat="36.87722" lon="126.867548"><time>2026-09-27T01:18:16.001Z</time><ele>9.69</ele></trkpt><trkpt lat="36.877082" lon="126.867797"><time>2026-09-27T01:18:17.001Z</time><ele>10.36</ele></trkpt><trkpt lat="36.87695" lon="126.868064"><time>2026-09-27T01:18:18.001Z</time><ele>10.39</ele></trkpt><trkpt lat="36.876809" lon="126.868339"><time>2026-09-27T01:18:19.001Z</time><ele>10.5</ele></trkpt><trkpt lat="36.876662" lon="126.868623"><time>2026-09-27T01:18:20.001Z</time><ele>10.66</ele></trkpt><trkpt lat="36.876516" lon="126.868924"><time>2026-09-27T01:18:21.001Z</time><ele>10.57</ele></trkpt><trkpt lat="36.876358" lon="126.869226"><time>2026-09-27T01:18:22.001Z</time><ele>10.95</ele></trkpt><trkpt lat="36.876195" lon="126.869537"><time>2026-09-27T01:18:23.001Z</time><ele>11.56</ele></trkpt><trkpt lat="36.876033" lon="126.869859"><time>2026-09-27T01:18:24.001Z</time><ele>11.74</ele></trkpt><trkpt lat="36.875868" lon="126.870185"><time>2026-09-27T01:18:25.001Z</time><ele>11.31</ele></trkpt><trkpt lat="36.875698" lon="126.870517"><time>2026-09-27T01:18:26.001Z</time><ele>11.16</ele></trkpt><trkpt lat="36.875525" lon="126.870852"><time>2026-09-27T01:18:27.001Z</time><ele>10.96</ele></trkpt><trkpt lat="36.875355" lon="126.871185"><time>2026-09-27T01:18:28.001Z</time><ele>10.63</ele></trkpt><trkpt lat="36.875188" lon="126.871508"><time>2026-09-27T01:18:29.001Z</time><ele>10.76</ele></trkpt><trkpt lat="36.875019" lon="126.871829"><time>2026-09-27T01:18:30.001Z</time><ele>10.62</ele></trkpt><trkpt lat="36.87486" lon="126.872141"><time>2026-09-27T01:18:31.001Z</time><ele>10.26</ele></trkpt><trkpt lat="36.874703" lon="126.872449"><time>2026-09-27T01:18:32.001Z</time><ele>9.88</ele></trkpt><trkpt lat="36.874544" lon="126.872749"><time>2026-09-27T01:18:33.001Z</time><ele>9.36</ele></trkpt><trkpt lat="36.874389" lon="126.873048"><time>2026-09-27T01:18:34.000Z</time><ele>9.32</ele></trkpt><trkpt lat="36.874236" lon="126.873343"><time>2026-09-27T01:18:35.000Z</time><ele>9.14</ele></trkpt><trkpt lat="36.874083" lon="126.873642"><time>2026-09-27T01:18:36.000Z</time><ele>8.81</ele></trkpt><trkpt lat="36.873932" lon="126.873938"><time>2026-09-27T01:18:37.000Z</time><ele>8.76</ele></trkpt><trkpt lat="36.873781" lon="126.874237"><time>2026-09-27T01:18:38.000Z</time><ele>8.84</ele></trkpt><trkpt lat="36.873629" lon="126.874538"><time>2026-09-27T01:18:39.000Z</time><ele>8.63</ele></trkpt><trkpt lat="36.873473" lon="126.874839"><time>2026-09-27T01:18:40.000Z</time><ele>8.39</ele></trkpt><trkpt lat="36.873317" lon="126.875141"><time>2026-09-27T01:18:41.000Z</time><ele>8.26</ele></trkpt><trkpt lat="36.873158" lon="126.87544"><time>2026-09-27T01:18:42.000Z</time><ele>8.75</ele></trkpt><trkpt lat="36.873006" lon="126.87574"><time>2026-09-27T01:18:43.000Z</time><ele>8.29</ele></trkpt><trkpt lat="36.872852" lon="126.87604"><time>2026-09-27T01:18:44.000Z</time><ele>8.33</ele></trkpt><trkpt lat="36.872695" lon="126.876337"><time>2026-09-27T01:18:45.000Z</time><ele>8.32</ele></trkpt><trkpt lat="36.872545" lon="126.876633"><time>2026-09-27T01:18:46.000Z</time><ele>8.32</ele></trkpt><trkpt lat="36.872396" lon="126.876924"><time>2026-09-27T01:18:47.000Z</time><ele>8.24</ele></trkpt><trkpt lat="36.872249" lon="126.877215"><time>2026-09-27T01:18:48.000Z</time><ele>8.62</ele></trkpt><trkpt lat="36.872108" lon="126.877509"><time>2026-09-27T01:18:49.000Z</time><ele>8.45</ele></trkpt><trkpt lat="36.871972" lon="126.8778"><time>2026-09-27T01:18:50.000Z</time><ele>7.93</ele></trkpt><trkpt lat="36.871848" lon="126.878089"><time>2026-09-27T01:18:51.000Z</time><ele>7.14</ele></trkpt><trkpt lat="36.871732" lon="126.878381"><time>2026-09-27T01:18:52.000Z</time><ele>7.45</ele></trkpt><trkpt lat="36.871633" lon="126.878677"><time>2026-09-27T01:18:53.000Z</time><ele>7.54</ele></trkpt><trkpt lat="36.871546" lon="126.878972"><time>2026-09-27T01:18:54.000Z</time><ele>7.98</ele></trkpt><trkpt lat="36.871465" lon="126.879267"><time>2026-09-27T01:18:55.000Z</time><ele>8.6</ele></trkpt><trkpt lat="36.871394" lon="126.879564"><time>2026-09-27T01:18:56.000Z</time><ele>9.28</ele></trkpt><trkpt lat="36.871334" lon="126.879864"><time>2026-09-27T01:18:57.000Z</time><ele>10.18</ele></trkpt><trkpt lat="36.871286" lon="126.880159"><time>2026-09-27T01:18:58.000Z</time><ele>11.33</ele></trkpt><trkpt lat="36.871246" lon="126.880447"><time>2026-09-27T01:18:59.000Z</time><ele>12.29</ele></trkpt><trkpt lat="36.871212" lon="126.880742"><time>2026-09-27T01:19:00.000Z</time><ele>12.81</ele></trkpt><trkpt lat="36.871189" lon="126.881043"><time>2026-09-27T01:19:01.000Z</time><ele>13.6</ele></trkpt><trkpt lat="36.871173" lon="126.881349"><time>2026-09-27T01:19:02.000Z</time><ele>14.32</ele></trkpt><trkpt lat="36.871167" lon="126.881658"><time>2026-09-27T01:19:03.000Z</time><ele>14.77</ele></trkpt><trkpt lat="36.87117" lon="126.88197"><time>2026-09-27T01:19:04.000Z</time><ele>15.41</ele></trkpt><trkpt lat="36.871184" lon="126.882286"><time>2026-09-27T01:19:05.000Z</time><ele>16.22</ele></trkpt><trkpt lat="36.871209" lon="126.882606"><time>2026-09-27T01:19:06.000Z</time><ele>17.01</ele></trkpt><trkpt lat="36.871247" lon="126.882926"><time>2026-09-27T01:19:07.000Z</time><ele>17.24</ele></trkpt><trkpt lat="36.871295" lon="126.883256"><time>2026-09-27T01:19:08.000Z</time><ele>17.53</ele></trkpt><trkpt lat="36.871355" lon="126.883583"><time>2026-09-27T01:19:09.000Z</time><ele>17.41</ele></trkpt><trkpt lat="36.871424" lon="126.883914"><time>2026-09-27T01:19:10.000Z</time><ele>17.47</ele></trkpt><trkpt lat="36.8715" lon="126.88424"><time>2026-09-27T01:19:11.000Z</time><ele>17.02</ele></trkpt><trkpt lat="36.871578" lon="126.884563"><time>2026-09-27T01:19:12.000Z</time><ele>16.46</ele></trkpt><trkpt lat="36.871655" lon="126.884876"><time>2026-09-27T01:19:13.000Z</time><ele>15.9</ele></trkpt><trkpt lat="36.87173" lon="126.885185"><time>2026-09-27T01:19:14.000Z</time><ele>15.5</ele></trkpt><trkpt lat="36.871804" lon="126.885493"><time>2026-09-27T01:19:15.000Z</time><ele>15.02</ele></trkpt><trkpt lat="36.871877" lon="126.885801"><time>2026-09-27T01:19:16.000Z</time><ele>14.56</ele></trkpt><trkpt lat="36.871949" lon="126.886107"><time>2026-09-27T01:19:17.000Z</time><ele>14.21</ele></trkpt><trkpt lat="36.872019" lon="126.886408"><time>2026-09-27T01:19:18.000Z</time><ele>13.15</ele></trkpt><trkpt lat="36.872088" lon="126.886713"><time>2026-09-27T01:19:19.000Z</time><ele>13.24</ele></trkpt><trkpt lat="36.872161" lon="126.887012"><time>2026-09-27T01:19:20.000Z</time><ele>12.92</ele></trkpt><trkpt lat="36.872231" lon="126.887317"><time>2026-09-27T01:19:21.000Z</time><ele>12.93</ele></trkpt><trkpt lat="36.872302" lon="126.887617"><time>2026-09-27T01:19:22.000Z</time><ele>12.75</ele></trkpt><trkpt lat="36.872371" lon="126.88792"><time>2026-09-27T01:19:23.000Z</time><ele>12.41</ele></trkpt><trkpt lat="36.872439" lon="126.888206"><time>2026-09-27T01:19:24.000Z</time><ele>12.25</ele></trkpt><trkpt lat="36.87251" lon="126.888476"><time>2026-09-27T01:19:25.000Z</time><ele>12.2</ele></trkpt><trkpt lat="36.872582" lon="126.888728"><time>2026-09-27T01:19:26.000Z</time><ele>11.75</ele></trkpt><trkpt lat="36.872656" lon="126.888957"><time>2026-09-27T01:19:27.000Z</time><ele>10.67</ele></trkpt><trkpt lat="36.872728" lon="126.889176"><time>2026-09-27T01:19:28.001Z</time><ele>11.05</ele></trkpt><trkpt lat="36.872798" lon="126.889366"><time>2026-09-27T01:19:29.001Z</time><ele>10.63</ele></trkpt><trkpt lat="36.872864" lon="126.889532"><time>2026-09-27T01:19:30.001Z</time><ele>10.46</ele></trkpt><trkpt lat="36.872928" lon="126.889673"><time>2026-09-27T01:19:31.001Z</time><ele>9.85</ele></trkpt><trkpt lat="36.872984" lon="126.889799"><time>2026-09-27T01:19:32.001Z</time><ele>9.23</ele></trkpt><trkpt lat="36.87304" lon="126.889902"><time>2026-09-27T01:19:33.001Z</time><ele>8.57</ele></trkpt><trkpt lat="36.873082" lon="126.889987"><time>2026-09-27T01:19:34.001Z</time><ele>8.43</ele></trkpt><trkpt lat="36.873113" lon="126.890048"><time>2026-09-27T01:19:35.001Z</time><ele>8.33</ele></trkpt><trkpt lat="36.873148" lon="126.890105"><time>2026-09-27T01:19:37.001Z</time><ele>8.19</ele></trkpt><trkpt lat="36.873172" lon="126.890171"><time>2026-09-27T01:20:13.001Z</time><ele>10.01</ele></trkpt><trkpt lat="36.873204" lon="126.890217"><time>2026-09-27T01:20:14.001Z</time><ele>9.96</ele></trkpt><trkpt lat="36.873239" lon="126.89028"><time>2026-09-27T01:20:15.001Z</time><ele>9.93</ele></trkpt><trkpt lat="36.87328" lon="126.890349"><time>2026-09-27T01:20:16.001Z</time><ele>10.09</ele></trkpt><trkpt lat="36.873326" lon="126.890428"><time>2026-09-27T01:20:17.001Z</time><ele>10.06</ele></trkpt><trkpt lat="36.87337" lon="126.890496"><time>2026-09-27T01:20:18.001Z</time><ele>9.9</ele></trkpt><trkpt lat="36.873416" lon="126.890565"><time>2026-09-27T01:20:19.001Z</time><ele>9.85</ele></trkpt><trkpt lat="36.873471" lon="126.890645"><time>2026-09-27T01:20:20.001Z</time><ele>9.79</ele></trkpt><trkpt lat="36.873529" lon="126.890736"><time>2026-09-27T01:20:21.001Z</time><ele>9.74</ele></trkpt><trkpt lat="36.873595" lon="126.890841"><time>2026-09-27T01:20:22.001Z</time><ele>9.72</ele></trkpt><trkpt lat="36.873669" lon="126.890943"><time>2026-09-27T01:20:23.001Z</time><ele>9.69</ele></trkpt><trkpt lat="36.873747" lon="126.891049"><time>2026-09-27T01:20:24.001Z</time><ele>9.44</ele></trkpt><trkpt lat="36.873824" lon="126.891155"><time>2026-09-27T01:20:25.001Z</time><ele>9.2</ele></trkpt><trkpt lat="36.873908" lon="126.891269"><time>2026-09-27T01:20:26.001Z</time><ele>8.97</ele></trkpt><trkpt lat="36.873995" lon="126.891393"><time>2026-09-27T01:20:27.001Z</time><ele>8.98</ele></trkpt><trkpt lat="36.874088" lon="126.891519"><time>2026-09-27T01:20:28.001Z</time><ele>8.9</ele></trkpt><trkpt lat="36.874495" lon="126.892068"><time>2026-09-27T01:20:32.001Z</time><ele>8.57</ele></trkpt><trkpt lat="36.874603" lon="126.892216"><time>2026-09-27T01:20:33.001Z</time><ele>8.4</ele></trkpt><trkpt lat="36.874715" lon="126.892368"><time>2026-09-27T01:20:34.001Z</time><ele>8.37</ele></trkpt><trkpt lat="36.874828" lon="126.892516"><time>2026-09-27T01:20:35.001Z</time><ele>8.2</ele></trkpt><trkpt lat="36.874934" lon="126.892662"><time>2026-09-27T01:20:36.001Z</time><ele>7.67</ele></trkpt><trkpt lat="36.875045" lon="126.892806"><time>2026-09-27T01:20:37.001Z</time><ele>7.68</ele></trkpt><trkpt lat="36.875153" lon="126.892956"><time>2026-09-27T01:20:38.001Z</time><ele>7.98</ele></trkpt><trkpt lat="36.875267" lon="126.893108"><time>2026-09-27T01:20:39.001Z</time><ele>7.9</ele></trkpt><trkpt lat="36.875382" lon="126.893263"><time>2026-09-27T01:20:40.000Z</time><ele>7.73</ele></trkpt><trkpt lat="36.875497" lon="126.893421"><time>2026-09-27T01:20:41.000Z</time><ele>7.53</ele></trkpt><trkpt lat="36.875614" lon="126.893584"><time>2026-09-27T01:20:42.000Z</time><ele>7.54</ele></trkpt><trkpt lat="36.875724" lon="126.893738"><time>2026-09-27T01:20:43.000Z</time><ele>7.27</ele></trkpt><trkpt lat="36.875829" lon="126.893882"><time>2026-09-27T01:20:44.000Z</time><ele>7.3</ele></trkpt><trkpt lat="36.875935" lon="126.894033"><time>2026-09-27T01:20:45.000Z</time><ele>7.23</ele></trkpt><trkpt lat="36.876042" lon="126.894181"><time>2026-09-27T01:20:46.000Z</time><ele>7.34</ele></trkpt><trkpt lat="36.876146" lon="126.894329"><time>2026-09-27T01:20:47.000Z</time><ele>7.28</ele></trkpt><trkpt lat="36.876243" lon="126.894476"><time>2026-09-27T01:20:48.000Z</time><ele>7.04</ele></trkpt><trkpt lat="36.876333" lon="126.894619"><time>2026-09-27T01:20:49.000Z</time><ele>7.22</ele></trkpt><trkpt lat="36.876423" lon="126.894762"><time>2026-09-27T01:20:50.000Z</time><ele>7.24</ele></trkpt><trkpt lat="36.876505" lon="126.894906"><time>2026-09-27T01:20:51.000Z</time><ele>7.22</ele></trkpt><trkpt lat="36.876581" lon="126.895053"><time>2026-09-27T01:20:52.000Z</time><ele>7.35</ele></trkpt><trkpt lat="36.876657" lon="126.8952"><time>2026-09-27T01:20:53.000Z</time><ele>7.5</ele></trkpt><trkpt lat="36.876725" lon="126.895354"><time>2026-09-27T01:20:54.000Z</time><ele>7.43</ele></trkpt><trkpt lat="36.876787" lon="126.8955"><time>2026-09-27T01:20:55.000Z</time><ele>7.39</ele></trkpt><trkpt lat="36.876842" lon="126.895642"><time>2026-09-27T01:20:56.000Z</time><ele>7.39</ele></trkpt><trkpt lat="36.876891" lon="126.895776"><time>2026-09-27T01:20:57.000Z</time><ele>7.61</ele></trkpt><trkpt lat="36.876935" lon="126.895906"><time>2026-09-27T01:20:58.000Z</time><ele>7.32</ele></trkpt><trkpt lat="36.876973" lon="126.896036"><time>2026-09-27T01:20:59.000Z</time><ele>7.56</ele></trkpt><trkpt lat="36.877008" lon="126.896154"><time>2026-09-27T01:21:00.000Z</time><ele>7.47</ele></trkpt><trkpt lat="36.877037" lon="126.896272"><time>2026-09-27T01:21:01.000Z</time><ele>7.78</ele></trkpt><trkpt lat="36.877065" lon="126.896382"><time>2026-09-27T01:21:02.000Z</time><ele>7.82</ele></trkpt><trkpt lat="36.877092" lon="126.896489"><time>2026-09-27T01:21:03.000Z</time><ele>8.02</ele></trkpt><trkpt lat="36.877119" lon="126.896602"><time>2026-09-27T01:21:04.000Z</time><ele>8.37</ele></trkpt><trkpt lat="36.877144" lon="126.896718"><time>2026-09-27T01:21:05.000Z</time><ele>8.41</ele></trkpt><trkpt lat="36.877172" lon="126.896842"><time>2026-09-27T01:21:06.000Z</time><ele>8.98</ele></trkpt><trkpt lat="36.877201" lon="126.896976"><time>2026-09-27T01:21:07.000Z</time><ele>9.42</ele></trkpt><trkpt lat="36.877227" lon="126.897122"><time>2026-09-27T01:21:08.000Z</time><ele>9.61</ele></trkpt><trkpt lat="36.877257" lon="126.897276"><time>2026-09-27T01:21:09.000Z</time><ele>9.76</ele></trkpt><trkpt lat="36.877291" lon="126.897434"><time>2026-09-27T01:21:10.000Z</time><ele>9.67</ele></trkpt><trkpt lat="36.877327" lon="126.897603"><time>2026-09-27T01:21:11.000Z</time><ele>9.57</ele></trkpt><trkpt lat="36.877364" lon="126.897776"><time>2026-09-27T01:21:12.000Z</time><ele>9.59</ele></trkpt><trkpt lat="36.877403" lon="126.897953"><time>2026-09-27T01:21:13.000Z</time><ele>9.47</ele></trkpt><trkpt lat="36.877447" lon="126.898139"><time>2026-09-27T01:21:14.000Z</time><ele>8.95</ele></trkpt><trkpt lat="36.877491" lon="126.898334"><time>2026-09-27T01:21:15.000Z</time><ele>8.74</ele></trkpt><trkpt lat="36.877532" lon="126.89854"><time>2026-09-27T01:21:16.000Z</time><ele>9.08</ele></trkpt><trkpt lat="36.877572" lon="126.898752"><time>2026-09-27T01:21:17.000Z</time><ele>9.28</ele></trkpt><trkpt lat="36.877613" lon="126.898956"><time>2026-09-27T01:21:18.000Z</time><ele>9.12</ele></trkpt><trkpt lat="36.877656" lon="126.89916"><time>2026-09-27T01:21:19.000Z</time><ele>8.71</ele></trkpt><trkpt lat="36.877703" lon="126.89937"><time>2026-09-27T01:21:20.000Z</time><ele>8.67</ele></trkpt><trkpt lat="36.877752" lon="126.899581"><time>2026-09-27T01:21:21.000Z</time><ele>8.22</ele></trkpt><trkpt lat="36.877801" lon="126.899789"><time>2026-09-27T01:21:22.000Z</time><ele>8.03</ele></trkpt><trkpt lat="36.877852" lon="126.900001"><time>2026-09-27T01:21:23.000Z</time><ele>8.08</ele></trkpt><trkpt lat="36.877905" lon="126.90022"><time>2026-09-27T01:21:24.000Z</time><ele>8.2</ele></trkpt><trkpt lat="36.877956" lon="126.90044"><time>2026-09-27T01:21:25.000Z</time><ele>8.02</ele></trkpt><trkpt lat="36.878006" lon="126.900663"><time>2026-09-27T01:21:26.001Z</time><ele>7.8</ele></trkpt><trkpt lat="36.878055" lon="126.900882"><time>2026-09-27T01:21:27.001Z</time><ele>7.95</ele></trkpt><trkpt lat="36.878104" lon="126.901097"><time>2026-09-27T01:21:28.001Z</time><ele>7.88</ele></trkpt><trkpt lat="36.878154" lon="126.901313"><time>2026-09-27T01:21:29.001Z</time><ele>7.96</ele></trkpt><trkpt lat="36.8782" lon="126.90153"><time>2026-09-27T01:21:30.001Z</time><ele>7.9</ele></trkpt><trkpt lat="36.878247" lon="126.901742"><time>2026-09-27T01:21:31.001Z</time><ele>8.02</ele></trkpt><trkpt lat="36.878292" lon="126.901946"><time>2026-09-27T01:21:32.001Z</time><ele>9.21</ele></trkpt><trkpt lat="36.878349" lon="126.902159"><time>2026-09-27T01:21:33.001Z</time><ele>7.28</ele></trkpt><trkpt lat="36.878397" lon="126.902384"><time>2026-09-27T01:21:34.001Z</time><ele>7.36</ele></trkpt><trkpt lat="36.878448" lon="126.902613"><time>2026-09-27T01:21:35.001Z</time><ele>7.29</ele></trkpt><trkpt lat="36.878502" lon="126.902846"><time>2026-09-27T01:21:36.001Z</time><ele>6.9</ele></trkpt><trkpt lat="36.878558" lon="126.903088"><time>2026-09-27T01:21:37.001Z</time><ele>6.82</ele></trkpt><trkpt lat="36.878611" lon="126.903346"><time>2026-09-27T01:21:38.001Z</time><ele>7.51</ele></trkpt><trkpt lat="36.878668" lon="126.903603"><time>2026-09-27T01:21:39.001Z</time><ele>6.6</ele></trkpt><trkpt lat="36.878725" lon="126.903865"><time>2026-09-27T01:21:40.001Z</time><ele>6.96</ele></trkpt><trkpt lat="36.878786" lon="126.904131"><time>2026-09-27T01:21:41.001Z</time><ele>6.91</ele></trkpt><trkpt lat="36.878847" lon="126.904401"><time>2026-09-27T01:21:42.001Z</time><ele>7</ele></trkpt><trkpt lat="36.878907" lon="126.90467"><time>2026-09-27T01:21:43.001Z</time><ele>7.47</ele></trkpt><trkpt lat="36.878968" lon="126.904933"><time>2026-09-27T01:21:44.001Z</time><ele>7.63</ele></trkpt><trkpt lat="36.87903" lon="126.90519"><time>2026-09-27T01:21:45.001Z</time><ele>7.38</ele></trkpt><trkpt lat="36.879089" lon="126.905442"><time>2026-09-27T01:21:46.001Z</time><ele>7.39</ele></trkpt><trkpt lat="36.879155" lon="126.905692"><time>2026-09-27T01:21:47.001Z</time><ele>7.55</ele></trkpt><trkpt lat="36.879233" lon="126.905938"><time>2026-09-27T01:21:48.001Z</time><ele>8.21</ele></trkpt><trkpt lat="36.87932" lon="126.906171"><time>2026-09-27T01:21:49.001Z</time><ele>7.39</ele></trkpt><trkpt lat="36.879411" lon="126.906383"><time>2026-09-27T01:21:50.001Z</time><ele>7.58</ele></trkpt><trkpt lat="36.879505" lon="126.906598"><time>2026-09-27T01:21:51.001Z</time><ele>8.31</ele></trkpt><trkpt lat="36.879605" lon="126.906801"><time>2026-09-27T01:21:52.001Z</time><ele>8.15</ele></trkpt><trkpt lat="36.879711" lon="126.906994"><time>2026-09-27T01:21:53.001Z</time><ele>7.08</ele></trkpt><trkpt lat="36.879824" lon="126.90718"><time>2026-09-27T01:21:54.001Z</time><ele>7.08</ele></trkpt><trkpt lat="36.879936" lon="126.907368"><time>2026-09-27T01:21:55.001Z</time><ele>8.13</ele></trkpt><trkpt lat="36.880048" lon="126.907556"><time>2026-09-27T01:21:56.001Z</time><ele>8.1</ele></trkpt><trkpt lat="36.880164" lon="126.907745"><time>2026-09-27T01:21:57.001Z</time><ele>8.26</ele></trkpt><trkpt lat="36.880288" lon="126.907932"><time>2026-09-27T01:21:58.001Z</time><ele>7.7</ele></trkpt><trkpt lat="36.880421" lon="126.908122"><time>2026-09-27T01:21:59.001Z</time><ele>7.66</ele></trkpt><trkpt lat="36.880561" lon="126.908313"><time>2026-09-27T01:22:00.001Z</time><ele>8.21</ele></trkpt><trkpt lat="36.8807" lon="126.908507"><time>2026-09-27T01:22:01.001Z</time><ele>8.65</ele></trkpt><trkpt lat="36.880839" lon="126.908701"><time>2026-09-27T01:22:02.001Z</time><ele>8.78</ele></trkpt><trkpt lat="36.880981" lon="126.908888"><time>2026-09-27T01:22:03.001Z</time><ele>8.65</ele></trkpt><trkpt lat="36.881114" lon="126.909057"><time>2026-09-27T01:22:04.001Z</time><ele>8.43</ele></trkpt><trkpt lat="36.881237" lon="126.909223"><time>2026-09-27T01:22:05.001Z</time><ele>8.22</ele></trkpt><trkpt lat="36.881355" lon="126.909391"><time>2026-09-27T01:22:06.001Z</time><ele>7.84</ele></trkpt><trkpt lat="36.881479" lon="126.909557"><time>2026-09-27T01:22:07.001Z</time><ele>7.76</ele></trkpt><trkpt lat="36.881602" lon="126.909733"><time>2026-09-27T01:22:08.001Z</time><ele>7.99</ele></trkpt><trkpt lat="36.881728" lon="126.909914"><time>2026-09-27T01:22:09.001Z</time><ele>8.63</ele></trkpt><trkpt lat="36.881856" lon="126.910089"><time>2026-09-27T01:22:10.001Z</time><ele>8.59</ele></trkpt><trkpt lat="36.881977" lon="126.910259"><time>2026-09-27T01:22:11.001Z</time><ele>9.73</ele></trkpt><trkpt lat="36.882097" lon="126.910423"><time>2026-09-27T01:22:12.001Z</time><ele>9.48</ele></trkpt><trkpt lat="36.882215" lon="126.910589"><time>2026-09-27T01:22:13.001Z</time><ele>9.65</ele></trkpt><trkpt lat="36.882332" lon="126.910749"><time>2026-09-27T01:22:14.001Z</time><ele>9.07</ele></trkpt><trkpt lat="36.882447" lon="126.910909"><time>2026-09-27T01:22:15.001Z</time><ele>8.71</ele></trkpt><trkpt lat="36.88256" lon="126.911068"><time>2026-09-27T01:22:16.001Z</time><ele>9.29</ele></trkpt><trkpt lat="36.882665" lon="126.911238"><time>2026-09-27T01:22:17.001Z</time><ele>10.82</ele></trkpt><trkpt lat="36.882769" lon="126.911382"><time>2026-09-27T01:22:18.001Z</time><ele>10.67</ele></trkpt><trkpt lat="36.882867" lon="126.911526"><time>2026-09-27T01:22:19.001Z</time><ele>11.03</ele></trkpt><trkpt lat="36.882964" lon="126.911665"><time>2026-09-27T01:22:20.001Z</time><ele>10.45</ele></trkpt><trkpt lat="36.883049" lon="126.911804"><time>2026-09-27T01:22:21.001Z</time><ele>10.51</ele></trkpt><trkpt lat="36.883132" lon="126.91194"><time>2026-09-27T01:22:22.001Z</time><ele>9.96</ele></trkpt><trkpt lat="36.88321" lon="126.912073"><time>2026-09-27T01:22:23.001Z</time><ele>10.79</ele></trkpt><trkpt lat="36.883288" lon="126.91219"><time>2026-09-27T01:22:24.001Z</time><ele>10.94</ele></trkpt><trkpt lat="36.883365" lon="126.912314"><time>2026-09-27T01:22:25.001Z</time><ele>11.5</ele></trkpt><trkpt lat="36.883448" lon="126.912435"><time>2026-09-27T01:22:26.001Z</time><ele>11.39</ele></trkpt><trkpt lat="36.883534" lon="126.912567"><time>2026-09-27T01:22:27.001Z</time><ele>11.32</ele></trkpt><trkpt lat="36.883621" lon="126.912704"><time>2026-09-27T01:22:28.001Z</time><ele>11.98</ele></trkpt><trkpt lat="36.883707" lon="126.912847"><time>2026-09-27T01:22:29.001Z</time><ele>12.38</ele></trkpt><trkpt lat="36.883792" lon="126.912991"><time>2026-09-27T01:22:30.001Z</time><ele>13.3</ele></trkpt><trkpt lat="36.883876" lon="126.913136"><time>2026-09-27T01:22:31.001Z</time><ele>13.07</ele></trkpt><trkpt lat="36.883951" lon="126.913279"><time>2026-09-27T01:22:32.001Z</time><ele>12.53</ele></trkpt><trkpt lat="36.884034" lon="126.913424"><time>2026-09-27T01:22:33.001Z</time><ele>12.28</ele></trkpt><trkpt lat="36.884111" lon="126.913567"><time>2026-09-27T01:22:34.001Z</time><ele>13.08</ele></trkpt><trkpt lat="36.884117" lon="126.913774"><time>2026-09-27T01:22:35.001Z</time><ele>13.46</ele></trkpt><trkpt lat="36.88415" lon="126.913952"><time>2026-09-27T01:22:36.001Z</time><ele>13.4</ele></trkpt><trkpt lat="36.884167" lon="126.914145"><time>2026-09-27T01:22:37.001Z</time><ele>13.65</ele></trkpt><trkpt lat="36.884173" lon="126.914336"><time>2026-09-27T01:22:38.001Z</time><ele>13.79</ele></trkpt><trkpt lat="36.884166" lon="126.914521"><time>2026-09-27T01:22:39.001Z</time><ele>14.16</ele></trkpt><trkpt lat="36.884135" lon="126.914695"><time>2026-09-27T01:22:40.001Z</time><ele>14.06</ele></trkpt><trkpt lat="36.884108" lon="126.914873"><time>2026-09-27T01:22:41.001Z</time><ele>13.54</ele></trkpt><trkpt lat="36.884088" lon="126.915037"><time>2026-09-27T01:22:42.001Z</time><ele>12.95</ele></trkpt><trkpt lat="36.884067" lon="126.915193"><time>2026-09-27T01:22:43.002Z</time><ele>12.45</ele></trkpt><trkpt lat="36.884056" lon="126.915342"><time>2026-09-27T01:22:44.002Z</time><ele>11.47</ele></trkpt><trkpt lat="36.884053" lon="126.915508"><time>2026-09-27T01:22:45.002Z</time><ele>11.3</ele></trkpt><trkpt lat="36.884068" lon="126.915675"><time>2026-09-27T01:22:46.000Z</time><ele>11.38</ele></trkpt><trkpt lat="36.884102" lon="126.915837"><time>2026-09-27T01:22:47.000Z</time><ele>10.87</ele></trkpt><trkpt lat="36.884147" lon="126.915997"><time>2026-09-27T01:22:48.000Z</time><ele>10.93</ele></trkpt><trkpt lat="36.884209" lon="126.916139"><time>2026-09-27T01:22:49.000Z</time><ele>11.38</ele></trkpt><trkpt lat="36.884279" lon="126.916268"><time>2026-09-27T01:22:50.000Z</time><ele>11.61</ele></trkpt><trkpt lat="36.884362" lon="126.916386"><time>2026-09-27T01:22:51.000Z</time><ele>11.12</ele></trkpt><trkpt lat="36.884445" lon="126.916477"><time>2026-09-27T01:22:52.000Z</time><ele>12.36</ele></trkpt><trkpt lat="36.884556" lon="126.916553"><time>2026-09-27T01:22:53.000Z</time><ele>12.87</ele></trkpt><trkpt lat="36.88466" lon="126.916619"><time>2026-09-27T01:22:54.000Z</time><ele>13.25</ele></trkpt><trkpt lat="36.884775" lon="126.91668"><time>2026-09-27T01:22:55.000Z</time><ele>14.06</ele></trkpt><trkpt lat="36.884895" lon="126.91672"><time>2026-09-27T01:22:56.000Z</time><ele>13.78</ele></trkpt><trkpt lat="36.885006" lon="126.916734"><time>2026-09-27T01:22:57.000Z</time><ele>14.96</ele></trkpt><trkpt lat="36.885117" lon="126.916729"><time>2026-09-27T01:22:58.000Z</time><ele>15.17</ele></trkpt><trkpt lat="36.885224" lon="126.916714"><time>2026-09-27T01:22:59.000Z</time><ele>16.95</ele></trkpt><trkpt lat="36.88532" lon="126.916691"><time>2026-09-27T01:23:00.000Z</time><ele>16.61</ele></trkpt><trkpt lat="36.885418" lon="126.916663"><time>2026-09-27T01:23:01.000Z</time><ele>17.03</ele></trkpt><trkpt lat="36.885512" lon="126.916619"><time>2026-09-27T01:23:02.000Z</time><ele>17.25</ele></trkpt><trkpt lat="36.885605" lon="126.916565"><time>2026-09-27T01:23:03.000Z</time><ele>17.84</ele></trkpt><trkpt lat="36.885688" lon="126.9165"><time>2026-09-27T01:23:04.000Z</time><ele>17.46</ele></trkpt><trkpt lat="36.885767" lon="126.916424"><time>2026-09-27T01:23:05.000Z</time><ele>17</ele></trkpt><trkpt lat="36.885844" lon="126.916335"><time>2026-09-27T01:23:06.000Z</time><ele>17.28</ele></trkpt><trkpt lat="36.885909" lon="126.916244"><time>2026-09-27T01:23:07.000Z</time><ele>16.84</ele></trkpt><trkpt lat="36.885972" lon="126.916142"><time>2026-09-27T01:23:08.000Z</time><ele>16.42</ele></trkpt><trkpt lat="36.88603" lon="126.916033"><time>2026-09-27T01:23:09.000Z</time><ele>15.47</ele></trkpt><trkpt lat="36.886082" lon="126.915916"><time>2026-09-27T01:23:10.000Z</time><ele>15.3</ele></trkpt><trkpt lat="36.886115" lon="126.915784"><time>2026-09-27T01:23:11.000Z</time><ele>14.8</ele></trkpt><trkpt lat="36.886141" lon="126.915639"><time>2026-09-27T01:23:12.000Z</time><ele>14.31</ele></trkpt><trkpt lat="36.886164" lon="126.915483"><time>2026-09-27T01:23:13.000Z</time><ele>14.48</ele></trkpt><trkpt lat="36.886185" lon="126.915321"><time>2026-09-27T01:23:14.000Z</time><ele>13.44</ele></trkpt><trkpt lat="36.886208" lon="126.915151"><time>2026-09-27T01:23:15.000Z</time><ele>12.29</ele></trkpt><trkpt lat="36.886243" lon="126.91498"><time>2026-09-27T01:23:16.000Z</time><ele>12.77</ele></trkpt><trkpt lat="36.886286" lon="126.914821"><time>2026-09-27T01:23:17.000Z</time><ele>12.16</ele></trkpt><trkpt lat="36.88634" lon="126.914664"><time>2026-09-27T01:23:18.000Z</time><ele>12.36</ele></trkpt><trkpt lat="36.886404" lon="126.914512"><time>2026-09-27T01:23:19.000Z</time><ele>11.63</ele></trkpt><trkpt lat="36.886477" lon="126.914371"><time>2026-09-27T01:23:20.000Z</time><ele>12.17</ele></trkpt><trkpt lat="36.886557" lon="126.914247"><time>2026-09-27T01:23:21.000Z</time><ele>12.27</ele></trkpt><trkpt lat="36.88664" lon="126.914134"><time>2026-09-27T01:23:22.000Z</time><ele>11.49</ele></trkpt><trkpt lat="36.886742" lon="126.914026"><time>2026-09-27T01:23:23.000Z</time><ele>10.9</ele></trkpt><trkpt lat="36.886831" lon="126.913884"><time>2026-09-27T01:23:24.000Z</time><ele>11.25</ele></trkpt><trkpt lat="36.886938" lon="126.913768"><time>2026-09-27T01:23:25.000Z</time><ele>10.6</ele></trkpt><trkpt lat="36.887096" lon="126.913706"><time>2026-09-27T01:23:26.000Z</time><ele>10.88</ele></trkpt><trkpt lat="36.887244" lon="126.913635"><time>2026-09-27T01:23:27.000Z</time><ele>10.99</ele></trkpt><trkpt lat="36.887386" lon="126.913544"><time>2026-09-27T01:23:28.000Z</time><ele>11.15</ele></trkpt><trkpt lat="36.887536" lon="126.913459"><time>2026-09-27T01:23:29.000Z</time><ele>11.15</ele></trkpt><trkpt lat="36.887696" lon="126.913378"><time>2026-09-27T01:23:30.000Z</time><ele>11.91</ele></trkpt><trkpt lat="36.887861" lon="126.913292"><time>2026-09-27T01:23:31.000Z</time><ele>11.51</ele></trkpt><trkpt lat="36.888035" lon="126.913206"><time>2026-09-27T01:23:32.000Z</time><ele>11.47</ele></trkpt><trkpt lat="36.888217" lon="126.913123"><time>2026-09-27T01:23:33.000Z</time><ele>11.29</ele></trkpt><trkpt lat="36.888407" lon="126.91305"><time>2026-09-27T01:23:34.001Z</time><ele>11.55</ele></trkpt><trkpt lat="36.888611" lon="126.912995"><time>2026-09-27T01:23:35.001Z</time><ele>11.77</ele></trkpt><trkpt lat="36.888819" lon="126.912952"><time>2026-09-27T01:23:36.001Z</time><ele>12.07</ele></trkpt><trkpt lat="36.889029" lon="126.91291"><time>2026-09-27T01:23:37.001Z</time><ele>12.5</ele></trkpt><trkpt lat="36.889242" lon="126.912867"><time>2026-09-27T01:23:38.001Z</time><ele>13.23</ele></trkpt><trkpt lat="36.88945" lon="126.912818"><time>2026-09-27T01:23:39.001Z</time><ele>12.99</ele></trkpt><trkpt lat="36.889658" lon="126.912772"><time>2026-09-27T01:23:40.001Z</time><ele>13.21</ele></trkpt><trkpt lat="36.889865" lon="126.912728"><time>2026-09-27T01:23:41.001Z</time><ele>13.25</ele></trkpt><trkpt lat="36.890075" lon="126.912686"><time>2026-09-27T01:23:42.001Z</time><ele>13.49</ele></trkpt><trkpt lat="36.890284" lon="126.91264"><time>2026-09-27T01:23:43.001Z</time><ele>13.2</ele></trkpt><trkpt lat="36.890493" lon="126.912592"><time>2026-09-27T01:23:44.001Z</time><ele>13.22</ele></trkpt><trkpt lat="36.890703" lon="126.912546"><time>2026-09-27T01:23:45.001Z</time><ele>13.12</ele></trkpt><trkpt lat="36.890912" lon="126.912503"><time>2026-09-27T01:23:46.001Z</time><ele>12.79</ele></trkpt><trkpt lat="36.891123" lon="126.912456"><time>2026-09-27T01:23:47.001Z</time><ele>12.83</ele></trkpt><trkpt lat="36.89134" lon="126.912407"><time>2026-09-27T01:23:48.001Z</time><ele>13.18</ele></trkpt><trkpt lat="36.891562" lon="126.91236"><time>2026-09-27T01:23:49.001Z</time><ele>12.9</ele></trkpt><trkpt lat="36.891785" lon="126.91231"><time>2026-09-27T01:23:50.001Z</time><ele>13</ele></trkpt><trkpt lat="36.892009" lon="126.91226"><time>2026-09-27T01:23:51.001Z</time><ele>12.92</ele></trkpt><trkpt lat="36.892237" lon="126.912209"><time>2026-09-27T01:23:52.001Z</time><ele>12.92</ele></trkpt><trkpt lat="36.892469" lon="126.912158"><time>2026-09-27T01:23:53.001Z</time><ele>13.62</ele></trkpt><trkpt lat="36.892709" lon="126.912103"><time>2026-09-27T01:23:54.001Z</time><ele>13.42</ele></trkpt><trkpt lat="36.892946" lon="126.912045"><time>2026-09-27T01:23:55.001Z</time><ele>12.91</ele></trkpt><trkpt lat="36.893185" lon="126.911992"><time>2026-09-27T01:23:56.001Z</time><ele>13.45</ele></trkpt><trkpt lat="36.89343" lon="126.911936"><time>2026-09-27T01:23:57.001Z</time><ele>12.65</ele></trkpt><trkpt lat="36.893675" lon="126.911882"><time>2026-09-27T01:23:58.001Z</time><ele>12.23</ele></trkpt><trkpt lat="36.893918" lon="126.911828"><time>2026-09-27T01:23:59.001Z</time><ele>12.81</ele></trkpt><trkpt lat="36.894165" lon="126.911779"><time>2026-09-27T01:24:00.001Z</time><ele>12.94</ele></trkpt><trkpt lat="36.89441" lon="126.911724"><time>2026-09-27T01:24:01.001Z</time><ele>13.07</ele></trkpt><trkpt lat="36.894657" lon="126.911669"><time>2026-09-27T01:24:02.001Z</time><ele>13.1</ele></trkpt><trkpt lat="36.894903" lon="126.911613"><time>2026-09-27T01:24:03.001Z</time><ele>12.7</ele></trkpt><trkpt lat="36.895154" lon="126.911562"><time>2026-09-27T01:24:04.001Z</time><ele>13.12</ele></trkpt><trkpt lat="36.895403" lon="126.911506"><time>2026-09-27T01:24:05.001Z</time><ele>13.1</ele></trkpt><trkpt lat="36.895652" lon="126.911447"><time>2026-09-27T01:24:06.001Z</time><ele>12.64</ele></trkpt><trkpt lat="36.895904" lon="126.911392"><time>2026-09-27T01:24:07.001Z</time><ele>12.73</ele></trkpt><trkpt lat="36.896154" lon="126.911338"><time>2026-09-27T01:24:08.001Z</time><ele>13.12</ele></trkpt><trkpt lat="36.896404" lon="126.91128"><time>2026-09-27T01:24:09.001Z</time><ele>13.61</ele></trkpt><trkpt lat="36.896656" lon="126.911222"><time>2026-09-27T01:24:10.001Z</time><ele>13.73</ele></trkpt><trkpt lat="36.896908" lon="126.911166"><time>2026-09-27T01:24:11.001Z</time><ele>13.61</ele></trkpt><trkpt lat="36.89716" lon="126.911115"><time>2026-09-27T01:24:12.001Z</time><ele>13.77</ele></trkpt><trkpt lat="36.897415" lon="126.911062"><time>2026-09-27T01:24:13.001Z</time><ele>14.1</ele></trkpt><trkpt lat="36.897667" lon="126.911007"><time>2026-09-27T01:24:14.001Z</time><ele>14.01</ele></trkpt><trkpt lat="36.897922" lon="126.910954"><time>2026-09-27T01:24:15.001Z</time><ele>14.52</ele></trkpt><trkpt lat="36.898174" lon="126.910896"><time>2026-09-27T01:24:16.001Z</time><ele>14.48</ele></trkpt><trkpt lat="36.898428" lon="126.910839"><time>2026-09-27T01:24:17.001Z</time><ele>14.55</ele></trkpt><trkpt lat="36.898685" lon="126.910782"><time>2026-09-27T01:24:18.001Z</time><ele>14.8</ele></trkpt><trkpt lat="36.898944" lon="126.910727"><time>2026-09-27T01:24:19.001Z</time><ele>15.57</ele></trkpt><trkpt lat="36.899201" lon="126.910672"><time>2026-09-27T01:24:20.001Z</time><ele>15.88</ele></trkpt><trkpt lat="36.89946" lon="126.910621"><time>2026-09-27T01:24:21.001Z</time><ele>16.23</ele></trkpt><trkpt lat="36.899717" lon="126.910565"><time>2026-09-27T01:24:22.001Z</time><ele>16.53</ele></trkpt><trkpt lat="36.899977" lon="126.910512"><time>2026-09-27T01:24:23.001Z</time><ele>16.78</ele></trkpt><trkpt lat="36.900234" lon="126.910454"><time>2026-09-27T01:24:24.001Z</time><ele>16.52</ele></trkpt><trkpt lat="36.900493" lon="126.910397"><time>2026-09-27T01:24:25.001Z</time><ele>16.57</ele></trkpt><trkpt lat="36.900757" lon="126.910339"><time>2026-09-27T01:24:26.001Z</time><ele>16.71</ele></trkpt><trkpt lat="36.901022" lon="126.91028"><time>2026-09-27T01:24:27.001Z</time><ele>16.58</ele></trkpt><trkpt lat="36.90129" lon="126.910222"><time>2026-09-27T01:24:28.001Z</time><ele>16.61</ele></trkpt><trkpt lat="36.901562" lon="126.910162"><time>2026-09-27T01:24:29.001Z</time><ele>16.49</ele></trkpt><trkpt lat="36.901832" lon="126.910103"><time>2026-09-27T01:24:30.001Z</time><ele>16.57</ele></trkpt><trkpt lat="36.902103" lon="126.91004"><time>2026-09-27T01:24:31.001Z</time><ele>15.98</ele></trkpt><trkpt lat="36.902369" lon="126.909979"><time>2026-09-27T01:24:32.001Z</time><ele>15.7</ele></trkpt><trkpt lat="36.902632" lon="126.90992"><time>2026-09-27T01:24:33.001Z</time><ele>15.52</ele></trkpt><trkpt lat="36.902893" lon="126.909859"><time>2026-09-27T01:24:34.001Z</time><ele>15.34</ele></trkpt><trkpt lat="36.903152" lon="126.909798"><time>2026-09-27T01:24:35.001Z</time><ele>14.85</ele></trkpt><trkpt lat="36.903411" lon="126.909739"><time>2026-09-27T01:24:36.001Z</time><ele>14.88</ele></trkpt><trkpt lat="36.903672" lon="126.909683"><time>2026-09-27T01:24:37.001Z</time><ele>15.15</ele></trkpt><trkpt lat="36.903929" lon="126.909623"><time>2026-09-27T01:24:38.001Z</time><ele>14.49</ele></trkpt><trkpt lat="36.904185" lon="126.909561"><time>2026-09-27T01:24:39.001Z</time><ele>13.85</ele></trkpt><trkpt lat="36.90444" lon="126.909504"><time>2026-09-27T01:24:40.001Z</time><ele>13.18</ele></trkpt><trkpt lat="36.904692" lon="126.909446"><time>2026-09-27T01:24:41.001Z</time><ele>12.84</ele></trkpt><trkpt lat="36.904932" lon="126.909399"><time>2026-09-27T01:24:42.001Z</time><ele>13.24</ele></trkpt><trkpt lat="36.905155" lon="126.909346"><time>2026-09-27T01:24:43.001Z</time><ele>12.89</ele></trkpt><trkpt lat="36.905366" lon="126.909298"><time>2026-09-27T01:24:44.001Z</time><ele>12.58</ele></trkpt><trkpt lat="36.90557" lon="126.90925"><time>2026-09-27T01:24:45.001Z</time><ele>12.32</ele></trkpt><trkpt lat="36.905766" lon="126.909205"><time>2026-09-27T01:24:46.001Z</time><ele>12.05</ele></trkpt><trkpt lat="36.905951" lon="126.909163"><time>2026-09-27T01:24:47.001Z</time><ele>11.05</ele></trkpt><trkpt lat="36.906125" lon="126.909119"><time>2026-09-27T01:24:48.001Z</time><ele>10.59</ele></trkpt><trkpt lat="36.906296" lon="126.909086"><time>2026-09-27T01:24:49.001Z</time><ele>11.29</ele></trkpt><trkpt lat="36.906456" lon="126.909052"><time>2026-09-27T01:24:50.001Z</time><ele>11.22</ele></trkpt><trkpt lat="36.906608" lon="126.909025"><time>2026-09-27T01:24:51.001Z</time><ele>11.91</ele></trkpt><trkpt lat="36.906753" lon="126.908999"><time>2026-09-27T01:24:52.000Z</time><ele>11.83</ele></trkpt><trkpt lat="36.906892" lon="126.908979"><time>2026-09-27T01:24:53.000Z</time><ele>12.15</ele></trkpt><trkpt lat="36.907024" lon="126.908964"><time>2026-09-27T01:24:54.000Z</time><ele>12.54</ele></trkpt><trkpt lat="36.907152" lon="126.908951"><time>2026-09-27T01:24:55.000Z</time><ele>13.39</ele></trkpt><trkpt lat="36.907269" lon="126.908935"><time>2026-09-27T01:24:56.000Z</time><ele>13.19</ele></trkpt><trkpt lat="36.907382" lon="126.908922"><time>2026-09-27T01:24:57.000Z</time><ele>13.05</ele></trkpt><trkpt lat="36.907501" lon="126.908912"><time>2026-09-27T01:24:58.000Z</time><ele>13.13</ele></trkpt><trkpt lat="36.907609" lon="126.908905"><time>2026-09-27T01:24:59.000Z</time><ele>13.52</ele></trkpt><trkpt lat="36.907738" lon="126.908909"><time>2026-09-27T01:25:00.000Z</time><ele>14.1</ele></trkpt><trkpt lat="36.907877" lon="126.908905"><time>2026-09-27T01:25:01.000Z</time><ele>14.6</ele></trkpt><trkpt lat="36.908039" lon="126.908893"><time>2026-09-27T01:25:02.000Z</time><ele>14.86</ele></trkpt><trkpt lat="36.908214" lon="126.908889"><time>2026-09-27T01:25:03.000Z</time><ele>15.78</ele></trkpt><trkpt lat="36.908385" lon="126.908889"><time>2026-09-27T01:25:04.000Z</time><ele>16.39</ele></trkpt><trkpt lat="36.908546" lon="126.908894"><time>2026-09-27T01:25:05.000Z</time><ele>16.36</ele></trkpt><trkpt lat="36.908706" lon="126.908897"><time>2026-09-27T01:25:06.000Z</time><ele>17.14</ele></trkpt><trkpt lat="36.908872" lon="126.908905"><time>2026-09-27T01:25:07.000Z</time><ele>17.28</ele></trkpt><trkpt lat="36.909041" lon="126.908922"><time>2026-09-27T01:25:08.000Z</time><ele>17.73</ele></trkpt><trkpt lat="36.909214" lon="126.908944"><time>2026-09-27T01:25:09.000Z</time><ele>17.9</ele></trkpt><trkpt lat="36.909386" lon="126.908965"><time>2026-09-27T01:25:10.000Z</time><ele>18.4</ele></trkpt><trkpt lat="36.909552" lon="126.908988"><time>2026-09-27T01:25:11.000Z</time><ele>18.66</ele></trkpt><trkpt lat="36.909711" lon="126.909011"><time>2026-09-27T01:25:12.000Z</time><ele>18.76</ele></trkpt><trkpt lat="36.909871" lon="126.909041"><time>2026-09-27T01:25:13.000Z</time><ele>18.45</ele></trkpt><trkpt lat="36.910034" lon="126.909078"><time>2026-09-27T01:25:14.000Z</time><ele>18.56</ele></trkpt><trkpt lat="36.910196" lon="126.909111"><time>2026-09-27T01:25:15.000Z</time><ele>18.54</ele></trkpt><trkpt lat="36.910358" lon="126.909148"><time>2026-09-27T01:25:16.000Z</time><ele>18.71</ele></trkpt><trkpt lat="36.910523" lon="126.909188"><time>2026-09-27T01:25:17.000Z</time><ele>18.81</ele></trkpt><trkpt lat="36.910686" lon="126.909224"><time>2026-09-27T01:25:18.000Z</time><ele>18.94</ele></trkpt><trkpt lat="36.910849" lon="126.909262"><time>2026-09-27T01:25:19.000Z</time><ele>18.82</ele></trkpt><trkpt lat="36.91101" lon="126.9093"><time>2026-09-27T01:25:20.000Z</time><ele>18.92</ele></trkpt><trkpt lat="36.91117" lon="126.909337"><time>2026-09-27T01:25:21.000Z</time><ele>19.04</ele></trkpt><trkpt lat="36.911326" lon="126.909373"><time>2026-09-27T01:25:22.000Z</time><ele>19.09</ele></trkpt><trkpt lat="36.911482" lon="126.909405"><time>2026-09-27T01:25:23.000Z</time><ele>19.29</ele></trkpt><trkpt lat="36.911641" lon="126.909438"><time>2026-09-27T01:25:24.000Z</time><ele>19.65</ele></trkpt><trkpt lat="36.911795" lon="126.909473"><time>2026-09-27T01:25:25.000Z</time><ele>19.47</ele></trkpt><trkpt lat="36.911947" lon="126.909507"><time>2026-09-27T01:25:26.000Z</time><ele>18.72</ele></trkpt><trkpt lat="36.912102" lon="126.909543"><time>2026-09-27T01:25:27.000Z</time><ele>18.54</ele></trkpt><trkpt lat="36.912258" lon="126.909577"><time>2026-09-27T01:25:28.000Z</time><ele>18.18</ele></trkpt><trkpt lat="36.912418" lon="126.909613"><time>2026-09-27T01:25:29.000Z</time><ele>18.59</ele></trkpt><trkpt lat="36.912579" lon="126.909649"><time>2026-09-27T01:25:30.000Z</time><ele>18.71</ele></trkpt><trkpt lat="36.912742" lon="126.909681"><time>2026-09-27T01:25:31.000Z</time><ele>18.63</ele></trkpt><trkpt lat="36.912904" lon="126.909718"><time>2026-09-27T01:25:32.000Z</time><ele>18.81</ele></trkpt><trkpt lat="36.913055" lon="126.909755"><time>2026-09-27T01:25:33.000Z</time><ele>19.01</ele></trkpt><trkpt lat="36.913208" lon="126.909792"><time>2026-09-27T01:25:34.000Z</time><ele>19.03</ele></trkpt><trkpt lat="36.913363" lon="126.909829"><time>2026-09-27T01:25:35.000Z</time><ele>19.19</ele></trkpt><trkpt lat="36.913522" lon="126.909866"><time>2026-09-27T01:25:36.000Z</time><ele>19.82</ele></trkpt><trkpt lat="36.913682" lon="126.909899"><time>2026-09-27T01:25:37.000Z</time><ele>19.59</ele></trkpt><trkpt lat="36.913841" lon="126.909938"><time>2026-09-27T01:25:38.000Z</time><ele>20.62</ele></trkpt><trkpt lat="36.914004" lon="126.909971"><time>2026-09-27T01:25:39.001Z</time><ele>20.68</ele></trkpt><trkpt lat="36.914171" lon="126.910006"><time>2026-09-27T01:25:40.001Z</time><ele>20.93</ele></trkpt><trkpt lat="36.914337" lon="126.910042"><time>2026-09-27T01:25:41.001Z</time><ele>21.23</ele></trkpt><trkpt lat="36.914505" lon="126.910082"><time>2026-09-27T01:25:42.001Z</time><ele>21.95</ele></trkpt><trkpt lat="36.914669" lon="126.910123"><time>2026-09-27T01:25:43.001Z</time><ele>22.3</ele></trkpt><trkpt lat="36.91482" lon="126.910164"><time>2026-09-27T01:25:44.001Z</time><ele>23.39</ele></trkpt><trkpt lat="36.914964" lon="126.910201"><time>2026-09-27T01:25:45.001Z</time><ele>23.85</ele></trkpt><trkpt lat="36.91512" lon="126.91024"><time>2026-09-27T01:25:46.001Z</time><ele>24.5</ele></trkpt><trkpt lat="36.915281" lon="126.910279"><time>2026-09-27T01:25:47.001Z</time><ele>24.98</ele></trkpt><trkpt lat="36.915432" lon="126.910313"><time>2026-09-27T01:25:48.001Z</time><ele>25.73</ele></trkpt><trkpt lat="36.915579" lon="126.910349"><time>2026-09-27T01:25:49.001Z</time><ele>25.69</ele></trkpt><trkpt lat="36.915722" lon="126.91038"><time>2026-09-27T01:25:50.001Z</time><ele>25.7</ele></trkpt><trkpt lat="36.915857" lon="126.910421"><time>2026-09-27T01:25:51.001Z</time><ele>26.03</ele></trkpt><trkpt lat="36.915987" lon="126.91046"><time>2026-09-27T01:25:52.001Z</time><ele>26.54</ele></trkpt><trkpt lat="36.916115" lon="126.910507"><time>2026-09-27T01:25:53.001Z</time><ele>26.93</ele></trkpt><trkpt lat="36.916233" lon="126.910532"><time>2026-09-27T01:25:54.001Z</time><ele>27.09</ele></trkpt><trkpt lat="36.916365" lon="126.910559"><time>2026-09-27T01:25:55.001Z</time><ele>27.82</ele></trkpt><trkpt lat="36.916478" lon="126.910639"><time>2026-09-27T01:25:56.001Z</time><ele>28.17</ele></trkpt><trkpt lat="36.916584" lon="126.910691"><time>2026-09-27T01:25:57.001Z</time><ele>27.86</ele></trkpt><trkpt lat="36.916689" lon="126.910751"><time>2026-09-27T01:25:58.001Z</time><ele>26.99</ele></trkpt><trkpt lat="36.916793" lon="126.910806"><time>2026-09-27T01:25:59.001Z</time><ele>26.31</ele></trkpt><trkpt lat="36.916887" lon="126.910868"><time>2026-09-27T01:26:00.001Z</time><ele>25.44</ele></trkpt><trkpt lat="36.91697" lon="126.910929"><time>2026-09-27T01:26:01.001Z</time><ele>24.61</ele></trkpt><trkpt lat="36.917056" lon="126.910936"><time>2026-09-27T01:26:02.001Z</time><ele>23.58</ele></trkpt><trkpt lat="36.917132" lon="126.91098"><time>2026-09-27T01:26:03.001Z</time><ele>22.93</ele></trkpt><trkpt lat="36.917219" lon="126.91103"><time>2026-09-27T01:26:04.001Z</time><ele>22.34</ele></trkpt><trkpt lat="36.917304" lon="126.911101"><time>2026-09-27T01:26:05.001Z</time><ele>21.79</ele></trkpt><trkpt lat="36.917404" lon="126.911119"><time>2026-09-27T01:26:06.001Z</time><ele>21.95</ele></trkpt><trkpt lat="36.917495" lon="126.911109"><time>2026-09-27T01:26:07.001Z</time><ele>21.9</ele></trkpt><trkpt lat="36.917575" lon="126.911067"><time>2026-09-27T01:26:08.001Z</time><ele>21.67</ele></trkpt><trkpt lat="36.91764" lon="126.911005"><time>2026-09-27T01:26:09.001Z</time><ele>21.38</ele></trkpt><trkpt lat="36.917692" lon="126.910913"><time>2026-09-27T01:26:10.001Z</time><ele>21.45</ele></trkpt><trkpt lat="36.917721" lon="126.910816"><time>2026-09-27T01:26:11.001Z</time><ele>21.22</ele></trkpt><trkpt lat="36.917739" lon="126.910706"><time>2026-09-27T01:26:12.001Z</time><ele>21.24</ele></trkpt><trkpt lat="36.917766" lon="126.910581"><time>2026-09-27T01:26:13.001Z</time><ele>21.27</ele></trkpt><trkpt lat="36.917807" lon="126.910445"><time>2026-09-27T01:26:14.001Z</time><ele>21.51</ele></trkpt><trkpt lat="36.917854" lon="126.910294"><time>2026-09-27T01:26:15.001Z</time><ele>21.01</ele></trkpt><trkpt lat="36.917905" lon="126.910132"><time>2026-09-27T01:26:16.001Z</time><ele>20.37</ele></trkpt><trkpt lat="36.917962" lon="126.909966"><time>2026-09-27T01:26:17.001Z</time><ele>20.59</ele></trkpt><trkpt lat="36.918024" lon="126.909794"><time>2026-09-27T01:26:18.001Z</time><ele>20.01</ele></trkpt><trkpt lat="36.918203" lon="126.909259"><time>2026-09-27T01:26:21.001Z</time><ele>19.09</ele></trkpt><trkpt lat="36.918261" lon="126.909086"><time>2026-09-27T01:26:22.001Z</time><ele>18.93</ele></trkpt><trkpt lat="36.918313" lon="126.908911"><time>2026-09-27T01:26:23.001Z</time><ele>17.99</ele></trkpt><trkpt lat="36.91836" lon="126.908733"><time>2026-09-27T01:26:24.001Z</time><ele>17.35</ele></trkpt><trkpt lat="36.918397" lon="126.908548"><time>2026-09-27T01:26:25.001Z</time><ele>17.01</ele></trkpt><trkpt lat="36.918442" lon="126.90837"><time>2026-09-27T01:26:26.001Z</time><ele>17.23</ele></trkpt><trkpt lat="36.918478" lon="126.908193"><time>2026-09-27T01:26:27.001Z</time><ele>16.64</ele></trkpt><trkpt lat="36.918522" lon="126.908021"><time>2026-09-27T01:26:28.001Z</time><ele>16.02</ele></trkpt><trkpt lat="36.918536" lon="126.907854"><time>2026-09-27T01:26:29.001Z</time><ele>15.74</ele></trkpt><trkpt lat="36.918542" lon="126.907693"><time>2026-09-27T01:26:30.001Z</time><ele>15.62</ele></trkpt><trkpt lat="36.918546" lon="126.907543"><time>2026-09-27T01:26:31.001Z</time><ele>14.85</ele></trkpt><trkpt lat="36.918542" lon="126.907406"><time>2026-09-27T01:26:32.001Z</time><ele>14.25</ele></trkpt><trkpt lat="36.918525" lon="126.907265"><time>2026-09-27T01:26:33.001Z</time><ele>13.55</ele></trkpt><trkpt lat="36.918553" lon="126.907155"><time>2026-09-27T01:26:34.001Z</time><ele>13.36</ele></trkpt><trkpt lat="36.918612" lon="126.907059"><time>2026-09-27T01:26:35.001Z</time><ele>13.14</ele></trkpt><trkpt lat="36.918663" lon="126.906966"><time>2026-09-27T01:26:36.001Z</time><ele>12.86</ele></trkpt><trkpt lat="36.918733" lon="126.906881"><time>2026-09-27T01:26:37.001Z</time><ele>12.38</ele></trkpt><trkpt lat="36.918823" lon="126.906821"><time>2026-09-27T01:26:38.001Z</time><ele>13.04</ele></trkpt><trkpt lat="36.918882" lon="126.906691"><time>2026-09-27T01:26:39.001Z</time><ele>13.03</ele></trkpt><trkpt lat="36.919037" lon="126.906739"><time>2026-09-27T01:26:40.001Z</time><ele>13.23</ele></trkpt><trkpt lat="36.919152" lon="126.906726"><time>2026-09-27T01:26:41.001Z</time><ele>13.83</ele></trkpt><trkpt lat="36.919288" lon="126.906711"><time>2026-09-27T01:26:42.001Z</time><ele>15.41</ele></trkpt><trkpt lat="36.919436" lon="126.906692"><time>2026-09-27T01:26:43.001Z</time><ele>16.65</ele></trkpt><trkpt lat="36.919583" lon="126.906682"><time>2026-09-27T01:26:44.001Z</time><ele>17.07</ele></trkpt><trkpt lat="36.919728" lon="126.906661"><time>2026-09-27T01:26:45.001Z</time><ele>17.36</ele></trkpt><trkpt lat="36.919858" lon="126.906646"><time>2026-09-27T01:26:46.001Z</time><ele>17.43</ele></trkpt><trkpt lat="36.919982" lon="126.906629"><time>2026-09-27T01:26:47.001Z</time><ele>17.24</ele></trkpt><trkpt lat="36.920106" lon="126.906614"><time>2026-09-27T01:26:48.001Z</time><ele>17.26</ele></trkpt><trkpt lat="36.920235" lon="126.9066"><time>2026-09-27T01:26:49.001Z</time><ele>17.55</ele></trkpt><trkpt lat="36.920364" lon="126.906583"><time>2026-09-27T01:26:50.001Z</time><ele>17.63</ele></trkpt><trkpt lat="36.920494" lon="126.906566"><time>2026-09-27T01:26:51.001Z</time><ele>17.42</ele></trkpt><trkpt lat="36.920618" lon="126.906556"><time>2026-09-27T01:26:52.001Z</time><ele>17.85</ele></trkpt><trkpt lat="36.92074" lon="126.906546"><time>2026-09-27T01:26:53.001Z</time><ele>18.68</ele></trkpt><trkpt lat="36.920856" lon="126.906531"><time>2026-09-27T01:26:54.001Z</time><ele>18.39</ele></trkpt><trkpt lat="36.920968" lon="126.906524"><time>2026-09-27T01:26:55.001Z</time><ele>18.57</ele></trkpt><trkpt lat="36.921083" lon="126.906511"><time>2026-09-27T01:26:56.001Z</time><ele>18.77</ele></trkpt><trkpt lat="36.921193" lon="126.906498"><time>2026-09-27T01:26:57.001Z</time><ele>18.05</ele></trkpt><trkpt lat="36.921295" lon="126.906483"><time>2026-09-27T01:26:58.000Z</time><ele>17.71</ele></trkpt><trkpt lat="36.921401" lon="126.906479"><time>2026-09-27T01:26:59.000Z</time><ele>18.3</ele></trkpt><trkpt lat="36.921499" lon="126.906469"><time>2026-09-27T01:27:00.000Z</time><ele>18.42</ele></trkpt><trkpt lat="36.921599" lon="126.906456"><time>2026-09-27T01:27:01.000Z</time><ele>18.86</ele></trkpt><trkpt lat="36.921711" lon="126.906444"><time>2026-09-27T01:27:02.000Z</time><ele>19.25</ele></trkpt><trkpt lat="36.921831" lon="126.90643"><time>2026-09-27T01:27:03.000Z</time><ele>19.85</ele></trkpt><trkpt lat="36.921956" lon="126.90642"><time>2026-09-27T01:27:04.000Z</time><ele>20.68</ele></trkpt><trkpt lat="36.92209" lon="126.906405"><time>2026-09-27T01:27:05.000Z</time><ele>20.46</ele></trkpt><trkpt lat="36.922231" lon="126.90639"><time>2026-09-27T01:27:06.000Z</time><ele>21.39</ele></trkpt><trkpt lat="36.922385" lon="126.906381"><time>2026-09-27T01:27:07.000Z</time><ele>20.96</ele></trkpt><trkpt lat="36.923321" lon="126.906262"><time>2026-09-27T01:27:12.000Z</time><ele>20.05</ele></trkpt><trkpt lat="36.923533" lon="126.906238"><time>2026-09-27T01:27:13.000Z</time><ele>19.17</ele></trkpt><trkpt lat="36.92375" lon="126.906215"><time>2026-09-27T01:27:14.000Z</time><ele>19.24</ele></trkpt><trkpt lat="36.923968" lon="126.90618"><time>2026-09-27T01:27:15.000Z</time><ele>19.52</ele></trkpt><trkpt lat="36.924194" lon="126.906138"><time>2026-09-27T01:27:16.000Z</time><ele>19.73</ele></trkpt><trkpt lat="36.924423" lon="126.906092"><time>2026-09-27T01:27:17.000Z</time><ele>19.79</ele></trkpt><trkpt lat="36.924652" lon="126.906046"><time>2026-09-27T01:27:18.000Z</time><ele>20.33</ele></trkpt><trkpt lat="36.924883" lon="126.905986"><time>2026-09-27T01:27:19.000Z</time><ele>20.75</ele></trkpt><trkpt lat="36.925129" lon="126.905933"><time>2026-09-27T01:27:20.000Z</time><ele>20.41</ele></trkpt><trkpt lat="36.925377" lon="126.905859"><time>2026-09-27T01:27:21.000Z</time><ele>19.26</ele></trkpt><trkpt lat="36.925622" lon="126.905783"><time>2026-09-27T01:27:22.000Z</time><ele>18.3</ele></trkpt><trkpt lat="36.925863" lon="126.9057"><time>2026-09-27T01:27:23.000Z</time><ele>17.63</ele></trkpt><trkpt lat="36.926103" lon="126.905608"><time>2026-09-27T01:27:24.000Z</time><ele>16.76</ele></trkpt><trkpt lat="36.926341" lon="126.905515"><time>2026-09-27T01:27:25.000Z</time><ele>16.55</ele></trkpt><trkpt lat="36.926577" lon="126.905421"><time>2026-09-27T01:27:26.000Z</time><ele>17.52</ele></trkpt><trkpt lat="36.926808" lon="126.905319"><time>2026-09-27T01:27:27.000Z</time><ele>18.34</ele></trkpt><trkpt lat="36.927036" lon="126.905212"><time>2026-09-27T01:27:28.000Z</time><ele>18.96</ele></trkpt><trkpt lat="36.927263" lon="126.905103"><time>2026-09-27T01:27:29.000Z</time><ele>19.84</ele></trkpt><trkpt lat="36.927487" lon="126.904991"><time>2026-09-27T01:27:30.000Z</time><ele>20.66</ele></trkpt><trkpt lat="36.927705" lon="126.904873"><time>2026-09-27T01:27:31.000Z</time><ele>20.15</ele></trkpt><trkpt lat="36.927921" lon="126.904751"><time>2026-09-27T01:27:32.000Z</time><ele>20.23</ele></trkpt><trkpt lat="36.928137" lon="126.904627"><time>2026-09-27T01:27:33.000Z</time><ele>20.72</ele></trkpt><trkpt lat="36.928349" lon="126.904501"><time>2026-09-27T01:27:34.000Z</time><ele>20.84</ele></trkpt><trkpt lat="36.928551" lon="126.904347"><time>2026-09-27T01:27:35.000Z</time><ele>20.53</ele></trkpt><trkpt lat="36.928759" lon="126.904205"><time>2026-09-27T01:27:36.000Z</time><ele>20.16</ele></trkpt><trkpt lat="36.928973" lon="126.90408"><time>2026-09-27T01:27:37.000Z</time><ele>19.16</ele></trkpt><trkpt lat="36.929176" lon="126.903923"><time>2026-09-27T01:27:38.000Z</time><ele>17.88</ele></trkpt><trkpt lat="36.929373" lon="126.903743"><time>2026-09-27T01:27:39.000Z</time><ele>16.85</ele></trkpt><trkpt lat="36.92958" lon="126.903578"><time>2026-09-27T01:27:40.000Z</time><ele>15.98</ele></trkpt><trkpt lat="36.929795" lon="126.903414"><time>2026-09-27T01:27:41.000Z</time><ele>15.06</ele></trkpt><trkpt lat="36.930009" lon="126.903235"><time>2026-09-27T01:27:42.000Z</time><ele>14.36</ele></trkpt><trkpt lat="36.930218" lon="126.903042"><time>2026-09-27T01:27:43.000Z</time><ele>13.75</ele></trkpt><trkpt lat="36.930427" lon="126.902843"><time>2026-09-27T01:27:44.000Z</time><ele>13.49</ele></trkpt><trkpt lat="36.930631" lon="126.902637"><time>2026-09-27T01:27:45.000Z</time><ele>12.75</ele></trkpt><trkpt lat="36.93083" lon="126.902431"><time>2026-09-27T01:27:46.001Z</time><ele>12.52</ele></trkpt><trkpt lat="36.931026" lon="126.902225"><time>2026-09-27T01:27:47.001Z</time><ele>12.19</ele></trkpt><trkpt lat="36.93122" lon="126.902016"><time>2026-09-27T01:27:48.001Z</time><ele>11.91</ele></trkpt><trkpt lat="36.931409" lon="126.901802"><time>2026-09-27T01:27:49.001Z</time><ele>12.03</ele></trkpt><trkpt lat="36.931592" lon="126.901584"><time>2026-09-27T01:27:50.001Z</time><ele>11.93</ele></trkpt><trkpt lat="36.931775" lon="126.901359"><time>2026-09-27T01:27:51.001Z</time><ele>12.15</ele></trkpt><trkpt lat="36.93195" lon="126.90113"><time>2026-09-27T01:27:52.001Z</time><ele>12.27</ele></trkpt><trkpt lat="36.932119" lon="126.900896"><time>2026-09-27T01:27:53.001Z</time><ele>12.23</ele></trkpt><trkpt lat="36.932284" lon="126.900667"><time>2026-09-27T01:27:54.001Z</time><ele>12.24</ele></trkpt><trkpt lat="36.932441" lon="126.900437"><time>2026-09-27T01:27:55.001Z</time><ele>12.24</ele></trkpt><trkpt lat="36.932597" lon="126.900209"><time>2026-09-27T01:27:56.001Z</time><ele>12.51</ele></trkpt><trkpt lat="36.932742" lon="126.899987"><time>2026-09-27T01:27:57.001Z</time><ele>12.38</ele></trkpt><trkpt lat="36.932879" lon="126.89977"><time>2026-09-27T01:27:58.001Z</time><ele>12.57</ele></trkpt><trkpt lat="36.933007" lon="126.89955"><time>2026-09-27T01:27:59.001Z</time><ele>12.29</ele></trkpt><trkpt lat="36.933133" lon="126.899331"><time>2026-09-27T01:28:00.001Z</time><ele>12.33</ele></trkpt><trkpt lat="36.933259" lon="126.899112"><time>2026-09-27T01:28:01.001Z</time><ele>11.82</ele></trkpt><trkpt lat="36.933385" lon="126.898885"><time>2026-09-27T01:28:02.001Z</time><ele>11.72</ele></trkpt><trkpt lat="36.933508" lon="126.898654"><time>2026-09-27T01:28:03.001Z</time><ele>11.37</ele></trkpt><trkpt lat="36.933626" lon="126.898417"><time>2026-09-27T01:28:04.001Z</time><ele>11.41</ele></trkpt><trkpt lat="36.933743" lon="126.898177"><time>2026-09-27T01:28:05.001Z</time><ele>11.15</ele></trkpt><trkpt lat="36.933862" lon="126.897932"><time>2026-09-27T01:28:06.001Z</time><ele>10.81</ele></trkpt><trkpt lat="36.934341" lon="126.896876"><time>2026-09-27T01:28:10.001Z</time><ele>11.34</ele></trkpt><trkpt lat="36.93446" lon="126.896635"><time>2026-09-27T01:28:11.001Z</time><ele>11.33</ele></trkpt><trkpt lat="36.934564" lon="126.896417"><time>2026-09-27T01:28:12.001Z</time><ele>10.68</ele></trkpt><trkpt lat="36.934667" lon="126.896206"><time>2026-09-27T01:28:13.001Z</time><ele>11.13</ele></trkpt><trkpt lat="36.934763" lon="126.896021"><time>2026-09-27T01:28:14.001Z</time><ele>11.48</ele></trkpt><trkpt lat="36.934852" lon="126.89585"><time>2026-09-27T01:28:15.001Z</time><ele>11.27</ele></trkpt><trkpt lat="36.934935" lon="126.895685"><time>2026-09-27T01:28:16.001Z</time><ele>11.31</ele></trkpt><trkpt lat="36.935022" lon="126.895521"><time>2026-09-27T01:28:17.001Z</time><ele>11.16</ele></trkpt><trkpt lat="36.935102" lon="126.895362"><time>2026-09-27T01:28:18.001Z</time><ele>11.09</ele></trkpt><trkpt lat="36.935182" lon="126.895209"><time>2026-09-27T01:28:19.001Z</time><ele>11.49</ele></trkpt><trkpt lat="36.935262" lon="126.89506"><time>2026-09-27T01:28:20.001Z</time><ele>11.87</ele></trkpt><trkpt lat="36.935337" lon="126.894914"><time>2026-09-27T01:28:21.001Z</time><ele>12.02</ele></trkpt><trkpt lat="36.935412" lon="126.894764"><time>2026-09-27T01:28:22.001Z</time><ele>12.09</ele></trkpt><trkpt lat="36.935487" lon="126.894608"><time>2026-09-27T01:28:23.001Z</time><ele>12.1</ele></trkpt><trkpt lat="36.935561" lon="126.894452"><time>2026-09-27T01:28:24.001Z</time><ele>12.17</ele></trkpt><trkpt lat="36.935636" lon="126.894296"><time>2026-09-27T01:28:25.001Z</time><ele>12.12</ele></trkpt><trkpt lat="36.935714" lon="126.894138"><time>2026-09-27T01:28:26.001Z</time><ele>12.15</ele></trkpt><trkpt lat="36.935791" lon="126.893984"><time>2026-09-27T01:28:27.001Z</time><ele>12.31</ele></trkpt><trkpt lat="36.935873" lon="126.893826"><time>2026-09-27T01:28:28.001Z</time><ele>12.54</ele></trkpt><trkpt lat="36.935951" lon="126.893665"><time>2026-09-27T01:28:29.001Z</time><ele>12.84</ele></trkpt><trkpt lat="36.93603" lon="126.8935"><time>2026-09-27T01:28:30.001Z</time><ele>13.16</ele></trkpt><trkpt lat="36.936107" lon="126.893333"><time>2026-09-27T01:28:31.001Z</time><ele>13.33</ele></trkpt><trkpt lat="36.936187" lon="126.893167"><time>2026-09-27T01:28:32.001Z</time><ele>13.52</ele></trkpt><trkpt lat="36.936269" lon="126.892994"><time>2026-09-27T01:28:33.001Z</time><ele>13.89</ele></trkpt><trkpt lat="36.936351" lon="126.892822"><time>2026-09-27T01:28:34.001Z</time><ele>14.24</ele></trkpt><trkpt lat="36.936427" lon="126.892646"><time>2026-09-27T01:28:35.001Z</time><ele>14.26</ele></trkpt><trkpt lat="36.936493" lon="126.892466"><time>2026-09-27T01:28:36.001Z</time><ele>14.56</ele></trkpt><trkpt lat="36.936561" lon="126.892287"><time>2026-09-27T01:28:37.001Z</time><ele>14.81</ele></trkpt><trkpt lat="36.936637" lon="126.892112"><time>2026-09-27T01:28:38.001Z</time><ele>15.24</ele></trkpt><trkpt lat="36.936716" lon="126.89194"><time>2026-09-27T01:28:39.001Z</time><ele>15.3</ele></trkpt><trkpt lat="36.936796" lon="126.89177"><time>2026-09-27T01:28:40.001Z</time><ele>15.29</ele></trkpt><trkpt lat="36.936877" lon="126.891605"><time>2026-09-27T01:28:41.001Z</time><ele>15.44</ele></trkpt><trkpt lat="36.936949" lon="126.891451"><time>2026-09-27T01:28:42.001Z</time><ele>15.17</ele></trkpt><trkpt lat="36.93702" lon="126.891301"><time>2026-09-27T01:28:43.001Z</time><ele>15.75</ele></trkpt><trkpt lat="36.937086" lon="126.89116"><time>2026-09-27T01:28:44.001Z</time><ele>15.81</ele></trkpt><trkpt lat="36.937148" lon="126.891024"><time>2026-09-27T01:28:45.001Z</time><ele>15.53</ele></trkpt><trkpt lat="36.93721" lon="126.890899"><time>2026-09-27T01:28:46.001Z</time><ele>16.55</ele></trkpt><trkpt lat="36.937271" lon="126.890779"><time>2026-09-27T01:28:47.001Z</time><ele>16.5</ele></trkpt><trkpt lat="36.937325" lon="126.890666"><time>2026-09-27T01:28:48.001Z</time><ele>16.14</ele></trkpt><trkpt lat="36.937376" lon="126.890562"><time>2026-09-27T01:28:49.001Z</time><ele>16.18</ele></trkpt><trkpt lat="36.937424" lon="126.890461"><time>2026-09-27T01:28:50.001Z</time><ele>16.19</ele></trkpt><trkpt lat="36.937466" lon="126.89037"><time>2026-09-27T01:28:51.001Z</time><ele>16.09</ele></trkpt><trkpt lat="36.937508" lon="126.890285"><time>2026-09-27T01:28:52.001Z</time><ele>16.01</ele></trkpt><trkpt lat="36.937546" lon="126.890211"><time>2026-09-27T01:28:53.001Z</time><ele>15.7</ele></trkpt><trkpt lat="36.937584" lon="126.890143"><time>2026-09-27T01:28:54.001Z</time><ele>15.63</ele></trkpt><trkpt lat="36.937618" lon="126.890081"><time>2026-09-27T01:28:55.001Z</time><ele>15.25</ele></trkpt><trkpt lat="36.937645" lon="126.890025"><time>2026-09-27T01:28:56.001Z</time><ele>15.32</ele></trkpt><trkpt lat="36.937673" lon="126.889981"><time>2026-09-27T01:28:57.001Z</time><ele>15.2</ele></trkpt><trkpt lat="36.937696" lon="126.889922"><time>2026-09-27T01:28:59.001Z</time><ele>14.74</ele></trkpt><trkpt lat="36.937718" lon="126.889828"><time>2026-09-27T01:29:45.000Z</time><ele>13.06</ele></trkpt><trkpt lat="36.937753" lon="126.889752"><time>2026-09-27T01:29:46.000Z</time><ele>13.67</ele></trkpt><trkpt lat="36.937801" lon="126.889656"><time>2026-09-27T01:29:47.000Z</time><ele>13.69</ele></trkpt><trkpt lat="36.937857" lon="126.889533"><time>2026-09-27T01:29:48.000Z</time><ele>13.87</ele></trkpt><trkpt lat="36.937922" lon="126.889395"><time>2026-09-27T01:29:49.000Z</time><ele>13.94</ele></trkpt><trkpt lat="36.937998" lon="126.88924"><time>2026-09-27T01:29:50.000Z</time><ele>13.86</ele></trkpt><trkpt lat="36.938078" lon="126.889074"><time>2026-09-27T01:29:51.000Z</time><ele>14.66</ele></trkpt><trkpt lat="36.938163" lon="126.888898"><time>2026-09-27T01:29:52.000Z</time><ele>14.76</ele></trkpt><trkpt lat="36.938248" lon="126.888723"><time>2026-09-27T01:29:53.001Z</time><ele>14.56</ele></trkpt><trkpt lat="36.938335" lon="126.888545"><time>2026-09-27T01:29:54.001Z</time><ele>14.72</ele></trkpt><trkpt lat="36.938421" lon="126.888357"><time>2026-09-27T01:29:55.001Z</time><ele>14.59</ele></trkpt><trkpt lat="36.938516" lon="126.888166"><time>2026-09-27T01:29:56.001Z</time><ele>14.91</ele></trkpt><trkpt lat="36.938609" lon="126.887972"><time>2026-09-27T01:29:57.001Z</time><ele>14.63</ele></trkpt><trkpt lat="36.938704" lon="126.887782"><time>2026-09-27T01:29:58.001Z</time><ele>14.95</ele></trkpt><trkpt lat="36.938791" lon="126.887599"><time>2026-09-27T01:29:59.001Z</time><ele>14.27</ele></trkpt><trkpt lat="36.938873" lon="126.887428"><time>2026-09-27T01:30:00.001Z</time><ele>14.96</ele></trkpt><trkpt lat="36.938955" lon="126.887257"><time>2026-09-27T01:30:01.001Z</time><ele>14.69</ele></trkpt><trkpt lat="36.939038" lon="126.88708"><time>2026-09-27T01:30:02.001Z</time><ele>13.71</ele></trkpt><trkpt lat="36.93912" lon="126.886903"><time>2026-09-27T01:30:03.001Z</time><ele>13.75</ele></trkpt><trkpt lat="36.939207" lon="126.886723"><time>2026-09-27T01:30:04.001Z</time><ele>13.5</ele></trkpt><trkpt lat="36.939297" lon="126.886544"><time>2026-09-27T01:30:05.001Z</time><ele>13.23</ele></trkpt><trkpt lat="36.939385" lon="126.886365"><time>2026-09-27T01:30:06.001Z</time><ele>12.72</ele></trkpt><trkpt lat="36.939467" lon="126.886195"><time>2026-09-27T01:30:07.001Z</time><ele>12.6</ele></trkpt><trkpt lat="36.939548" lon="126.886029"><time>2026-09-27T01:30:08.001Z</time><ele>13.2</ele></trkpt><trkpt lat="36.939628" lon="126.885863"><time>2026-09-27T01:30:09.001Z</time><ele>12.83</ele></trkpt><trkpt lat="36.93971" lon="126.885695"><time>2026-09-27T01:30:10.001Z</time><ele>11.97</ele></trkpt><trkpt lat="36.939798" lon="126.885527"><time>2026-09-27T01:30:11.001Z</time><ele>12.14</ele></trkpt><trkpt lat="36.939883" lon="126.88535"><time>2026-09-27T01:30:12.001Z</time><ele>11.71</ele></trkpt><trkpt lat="36.939968" lon="126.885174"><time>2026-09-27T01:30:13.001Z</time><ele>11.77</ele></trkpt><trkpt lat="36.940056" lon="126.884995"><time>2026-09-27T01:30:14.001Z</time><ele>11.81</ele></trkpt><trkpt lat="36.940138" lon="126.884817"><time>2026-09-27T01:30:15.001Z</time><ele>11.52</ele></trkpt><trkpt lat="36.940221" lon="126.884645"><time>2026-09-27T01:30:16.001Z</time><ele>11.57</ele></trkpt><trkpt lat="36.940303" lon="126.884479"><time>2026-09-27T01:30:17.001Z</time><ele>11.49</ele></trkpt><trkpt lat="36.940385" lon="126.884313"><time>2026-09-27T01:30:18.001Z</time><ele>11.83</ele></trkpt><trkpt lat="36.940468" lon="126.884146"><time>2026-09-27T01:30:19.001Z</time><ele>11.77</ele></trkpt><trkpt lat="36.940547" lon="126.883975"><time>2026-09-27T01:30:20.001Z</time><ele>11.65</ele></trkpt><trkpt lat="36.940624" lon="126.883804"><time>2026-09-27T01:30:21.001Z</time><ele>11.25</ele></trkpt><trkpt lat="36.940705" lon="126.883635"><time>2026-09-27T01:30:22.001Z</time><ele>11.03</ele></trkpt><trkpt lat="36.940788" lon="126.883465"><time>2026-09-27T01:30:23.001Z</time><ele>11.13</ele></trkpt><trkpt lat="36.940869" lon="126.883291"><time>2026-09-27T01:30:24.001Z</time><ele>10.88</ele></trkpt><trkpt lat="36.940953" lon="126.883111"><time>2026-09-27T01:30:25.001Z</time><ele>11.2</ele></trkpt><trkpt lat="36.941038" lon="126.882919"><time>2026-09-27T01:30:26.001Z</time><ele>11.04</ele></trkpt><trkpt lat="36.941126" lon="126.88272"><time>2026-09-27T01:30:27.001Z</time><ele>10.75</ele></trkpt><trkpt lat="36.941228" lon="126.882509"><time>2026-09-27T01:30:28.001Z</time><ele>10.98</ele></trkpt><trkpt lat="36.94134" lon="126.882284"><time>2026-09-27T01:30:29.001Z</time><ele>11.2</ele></trkpt><trkpt lat="36.941453" lon="126.882046"><time>2026-09-27T01:30:30.001Z</time><ele>11.38</ele></trkpt><trkpt lat="36.941571" lon="126.881801"><time>2026-09-27T01:30:31.001Z</time><ele>11.57</ele></trkpt><trkpt lat="36.941696" lon="126.881546"><time>2026-09-27T01:30:32.001Z</time><ele>12.34</ele></trkpt><trkpt lat="36.941823" lon="126.881286"><time>2026-09-27T01:30:33.001Z</time><ele>12.82</ele></trkpt><trkpt lat="36.941952" lon="126.881019"><time>2026-09-27T01:30:34.001Z</time><ele>12.65</ele></trkpt><trkpt lat="36.942082" lon="126.880752"><time>2026-09-27T01:30:35.001Z</time><ele>13.09</ele></trkpt><trkpt lat="36.942209" lon="126.880482"><time>2026-09-27T01:30:36.001Z</time><ele>13.2</ele></trkpt><trkpt lat="36.942337" lon="126.88021"><time>2026-09-27T01:30:37.001Z</time><ele>12.73</ele></trkpt><trkpt lat="36.942463" lon="126.879949"><time>2026-09-27T01:30:38.001Z</time><ele>12.86</ele></trkpt><trkpt lat="36.942585" lon="126.879696"><time>2026-09-27T01:30:39.001Z</time><ele>13.01</ele></trkpt><trkpt lat="36.942702" lon="126.879447"><time>2026-09-27T01:30:40.001Z</time><ele>12.74</ele></trkpt><trkpt lat="36.942816" lon="126.879203"><time>2026-09-27T01:30:41.001Z</time><ele>12.18</ele></trkpt><trkpt lat="36.942935" lon="126.87896"><time>2026-09-27T01:30:42.001Z</time><ele>11.98</ele></trkpt><trkpt lat="36.943047" lon="126.878718"><time>2026-09-27T01:30:43.001Z</time><ele>11.42</ele></trkpt><trkpt lat="36.943165" lon="126.878466"><time>2026-09-27T01:30:44.001Z</time><ele>11.48</ele></trkpt><trkpt lat="36.943282" lon="126.878215"><time>2026-09-27T01:30:45.001Z</time><ele>11.54</ele></trkpt><trkpt lat="36.943406" lon="126.877965"><time>2026-09-27T01:30:46.001Z</time><ele>11.12</ele></trkpt><trkpt lat="36.94353" lon="126.877703"><time>2026-09-27T01:30:47.001Z</time><ele>11.71</ele></trkpt><trkpt lat="36.943658" lon="126.877437"><time>2026-09-27T01:30:48.001Z</time><ele>12.16</ele></trkpt><trkpt lat="36.943788" lon="126.877171"><time>2026-09-27T01:30:49.001Z</time><ele>12.39</ele></trkpt><trkpt lat="36.94392" lon="126.876891"><time>2026-09-27T01:30:50.001Z</time><ele>12.38</ele></trkpt><trkpt lat="36.944053" lon="126.876621"><time>2026-09-27T01:30:51.001Z</time><ele>12.71</ele></trkpt><trkpt lat="36.944185" lon="126.876351"><time>2026-09-27T01:30:52.001Z</time><ele>13.14</ele></trkpt><trkpt lat="36.944315" lon="126.876077"><time>2026-09-27T01:30:53.001Z</time><ele>13.39</ele></trkpt><trkpt lat="36.944446" lon="126.875809"><time>2026-09-27T01:30:54.001Z</time><ele>14.06</ele></trkpt><trkpt lat="36.944573" lon="126.875535"><time>2026-09-27T01:30:55.001Z</time><ele>13.82</ele></trkpt><trkpt lat="36.944707" lon="126.875258"><time>2026-09-27T01:30:56.001Z</time><ele>14.25</ele></trkpt><trkpt lat="36.944842" lon="126.874979"><time>2026-09-27T01:30:57.001Z</time><ele>14.21</ele></trkpt><trkpt lat="36.944975" lon="126.874696"><time>2026-09-27T01:30:58.001Z</time><ele>13.7</ele></trkpt><trkpt lat="36.945107" lon="126.874415"><time>2026-09-27T01:30:59.001Z</time><ele>13.48</ele></trkpt><trkpt lat="36.945238" lon="126.874138"><time>2026-09-27T01:31:00.001Z</time><ele>13.19</ele></trkpt><trkpt lat="36.945369" lon="126.873862"><time>2026-09-27T01:31:01.001Z</time><ele>12.64</ele></trkpt><trkpt lat="36.945499" lon="126.873589"><time>2026-09-27T01:31:02.001Z</time><ele>12.21</ele></trkpt><trkpt lat="36.945632" lon="126.873315"><time>2026-09-27T01:31:03.001Z</time><ele>11.73</ele></trkpt><trkpt lat="36.945763" lon="126.873041"><time>2026-09-27T01:31:04.001Z</time><ele>11.23</ele></trkpt><trkpt lat="36.945891" lon="126.872764"><time>2026-09-27T01:31:05.001Z</time><ele>10.06</ele></trkpt><trkpt lat="36.946021" lon="126.87249"><time>2026-09-27T01:31:06.001Z</time><ele>10.38</ele></trkpt><trkpt lat="36.946153" lon="126.872216"><time>2026-09-27T01:31:07.001Z</time><ele>10.45</ele></trkpt><trkpt lat="36.946287" lon="126.871942"><time>2026-09-27T01:31:08.001Z</time><ele>11.55</ele></trkpt><trkpt lat="36.946411" lon="126.871676"><time>2026-09-27T01:31:09.001Z</time><ele>11.52</ele></trkpt><trkpt lat="36.94653" lon="126.87143"><time>2026-09-27T01:31:10.000Z</time><ele>11.59</ele></trkpt><trkpt lat="36.946644" lon="126.871199"><time>2026-09-27T01:31:11.000Z</time><ele>11.6</ele></trkpt><trkpt lat="36.94675" lon="126.870972"><time>2026-09-27T01:31:12.000Z</time><ele>11.05</ele></trkpt><trkpt lat="36.946854" lon="126.870756"><time>2026-09-27T01:31:13.000Z</time><ele>10.93</ele></trkpt><trkpt lat="36.946961" lon="126.870537"><time>2026-09-27T01:31:14.000Z</time><ele>10.67</ele></trkpt><trkpt lat="36.947061" lon="126.870317"><time>2026-09-27T01:31:15.000Z</time><ele>10.7</ele></trkpt><trkpt lat="36.947166" lon="126.870099"><time>2026-09-27T01:31:16.000Z</time><ele>10.4</ele></trkpt><trkpt lat="36.947272" lon="126.869873"><time>2026-09-27T01:31:17.000Z</time><ele>10.11</ele></trkpt><trkpt lat="36.94738" lon="126.869651"><time>2026-09-27T01:31:18.000Z</time><ele>10.3</ele></trkpt><trkpt lat="36.947484" lon="126.869429"><time>2026-09-27T01:31:19.000Z</time><ele>9.81</ele></trkpt><trkpt lat="36.947595" lon="126.869207"><time>2026-09-27T01:31:20.000Z</time><ele>9.94</ele></trkpt><trkpt lat="36.947713" lon="126.868988"><time>2026-09-27T01:31:21.000Z</time><ele>10.6</ele></trkpt><trkpt lat="36.947819" lon="126.868764"><time>2026-09-27T01:31:22.000Z</time><ele>10.2</ele></trkpt><trkpt lat="36.94792" lon="126.868539"><time>2026-09-27T01:31:23.000Z</time><ele>9.22</ele></trkpt><trkpt lat="36.948027" lon="126.868312"><time>2026-09-27T01:31:24.000Z</time><ele>8.97</ele></trkpt><trkpt lat="36.948135" lon="126.868088"><time>2026-09-27T01:31:25.000Z</time><ele>8.66</ele></trkpt><trkpt lat="36.948243" lon="126.867865"><time>2026-09-27T01:31:26.000Z</time><ele>8.22</ele></trkpt><trkpt lat="36.948349" lon="126.867639"><time>2026-09-27T01:31:27.000Z</time><ele>7.75</ele></trkpt><trkpt lat="36.948456" lon="126.867416"><time>2026-09-27T01:31:28.000Z</time><ele>7.67</ele></trkpt><trkpt lat="36.948563" lon="126.867197"><time>2026-09-27T01:31:29.000Z</time><ele>7.56</ele></trkpt><trkpt lat="36.948671" lon="126.866976"><time>2026-09-27T01:31:30.000Z</time><ele>7.52</ele></trkpt><trkpt lat="36.948775" lon="126.866757"><time>2026-09-27T01:31:31.000Z</time><ele>7.84</ele></trkpt><trkpt lat="36.948877" lon="126.866534"><time>2026-09-27T01:31:32.000Z</time><ele>7.99</ele></trkpt><trkpt lat="36.948989" lon="126.866313"><time>2026-09-27T01:31:33.000Z</time><ele>8.29</ele></trkpt><trkpt lat="36.94911" lon="126.866092"><time>2026-09-27T01:31:34.000Z</time><ele>8.84</ele></trkpt><trkpt lat="36.949235" lon="126.865863"><time>2026-09-27T01:31:35.000Z</time><ele>8.47</ele></trkpt><trkpt lat="36.94938" lon="126.865637"><time>2026-09-27T01:31:36.000Z</time><ele>9.59</ele></trkpt><trkpt lat="36.94953" lon="126.865408"><time>2026-09-27T01:31:37.000Z</time><ele>10.14</ele></trkpt><trkpt lat="36.949688" lon="126.865183"><time>2026-09-27T01:31:38.000Z</time><ele>10.22</ele></trkpt><trkpt lat="36.949849" lon="126.864959"><time>2026-09-27T01:31:39.000Z</time><ele>10.21</ele></trkpt><trkpt lat="36.95002" lon="126.864743"><time>2026-09-27T01:31:40.000Z</time><ele>10.62</ele></trkpt><trkpt lat="36.950203" lon="126.864537"><time>2026-09-27T01:31:41.000Z</time><ele>11.32</ele></trkpt><trkpt lat="36.950393" lon="126.864341"><time>2026-09-27T01:31:42.000Z</time><ele>11.49</ele></trkpt><trkpt lat="36.951131" lon="126.863602"><time>2026-09-27T01:31:46.000Z</time><ele>11.09</ele></trkpt><trkpt lat="36.951298" lon="126.863449"><time>2026-09-27T01:31:47.000Z</time><ele>10.55</ele></trkpt><trkpt lat="36.951464" lon="126.863311"><time>2026-09-27T01:31:48.000Z</time><ele>10.75</ele></trkpt><trkpt lat="36.951622" lon="126.863179"><time>2026-09-27T01:31:49.000Z</time><ele>11.06</ele></trkpt><trkpt lat="36.951768" lon="126.863051"><time>2026-09-27T01:31:50.000Z</time><ele>10.66</ele></trkpt><trkpt lat="36.951908" lon="126.862934"><time>2026-09-27T01:31:51.000Z</time><ele>10.88</ele></trkpt><trkpt lat="36.952039" lon="126.862822"><time>2026-09-27T01:31:52.000Z</time><ele>10.47</ele></trkpt><trkpt lat="36.952164" lon="126.862718"><time>2026-09-27T01:31:53.000Z</time><ele>10.49</ele></trkpt><trkpt lat="36.952283" lon="126.86262"><time>2026-09-27T01:31:54.000Z</time><ele>10</ele></trkpt><trkpt lat="36.952398" lon="126.862527"><time>2026-09-27T01:31:55.000Z</time><ele>10.08</ele></trkpt><trkpt lat="36.952506" lon="126.862441"><time>2026-09-27T01:31:56.000Z</time><ele>10.27</ele></trkpt><trkpt lat="36.952609" lon="126.862361"><time>2026-09-27T01:31:57.000Z</time><ele>10.26</ele></trkpt><trkpt lat="36.952707" lon="126.862282"><time>2026-09-27T01:31:58.000Z</time><ele>10.46</ele></trkpt><trkpt lat="36.9528" lon="126.862208"><time>2026-09-27T01:31:59.000Z</time><ele>10.56</ele></trkpt><trkpt lat="36.952885" lon="126.862135"><time>2026-09-27T01:32:00.000Z</time><ele>10.5</ele></trkpt><trkpt lat="36.952967" lon="126.862067"><time>2026-09-27T01:32:01.000Z</time><ele>10.85</ele></trkpt><trkpt lat="36.953044" lon="126.862005"><time>2026-09-27T01:32:02.000Z</time><ele>10.81</ele></trkpt><trkpt lat="36.953115" lon="126.861946"><time>2026-09-27T01:32:03.000Z</time><ele>11.01</ele></trkpt><trkpt lat="36.953187" lon="126.861881"><time>2026-09-27T01:32:04.000Z</time><ele>10.37</ele></trkpt><trkpt lat="36.953282" lon="126.861805"><time>2026-09-27T01:32:05.000Z</time><ele>11.12</ele></trkpt><trkpt lat="36.953391" lon="126.861717"><time>2026-09-27T01:32:06.001Z</time><ele>11.09</ele></trkpt><trkpt lat="36.953513" lon="126.861613"><time>2026-09-27T01:32:07.001Z</time><ele>11.2</ele></trkpt><trkpt lat="36.953647" lon="126.861503"><time>2026-09-27T01:32:08.001Z</time><ele>12.25</ele></trkpt><trkpt lat="36.953793" lon="126.861382"><time>2026-09-27T01:32:09.001Z</time><ele>11.92</ele></trkpt><trkpt lat="36.953952" lon="126.861258"><time>2026-09-27T01:32:10.001Z</time><ele>12.59</ele></trkpt><trkpt lat="36.954111" lon="126.861114"><time>2026-09-27T01:32:11.001Z</time><ele>12.5</ele></trkpt><trkpt lat="36.954289" lon="126.86097"><time>2026-09-27T01:32:12.001Z</time><ele>12.66</ele></trkpt><trkpt lat="36.954472" lon="126.860809"><time>2026-09-27T01:32:13.001Z</time><ele>12.08</ele></trkpt><trkpt lat="36.954665" lon="126.860649"><time>2026-09-27T01:32:14.001Z</time><ele>12.69</ele></trkpt><trkpt lat="36.95486" lon="126.860488"><time>2026-09-27T01:32:15.001Z</time><ele>13.69</ele></trkpt><trkpt lat="36.955055" lon="126.860316"><time>2026-09-27T01:32:16.001Z</time><ele>14.12</ele></trkpt><trkpt lat="36.95525" lon="126.860147"><time>2026-09-27T01:32:17.001Z</time><ele>15.04</ele></trkpt><trkpt lat="36.955431" lon="126.859982"><time>2026-09-27T01:32:18.001Z</time><ele>14.85</ele></trkpt><trkpt lat="36.955612" lon="126.859824"><time>2026-09-27T01:32:19.001Z</time><ele>14.99</ele></trkpt><trkpt lat="36.955801" lon="126.85967"><time>2026-09-27T01:32:20.001Z</time><ele>15.79</ele></trkpt><trkpt lat="36.955979" lon="126.859524"><time>2026-09-27T01:32:21.001Z</time><ele>15.97</ele></trkpt><trkpt lat="36.956142" lon="126.859381"><time>2026-09-27T01:32:22.001Z</time><ele>15.58</ele></trkpt><trkpt lat="36.956307" lon="126.859242"><time>2026-09-27T01:32:23.001Z</time><ele>15.78</ele></trkpt><trkpt lat="36.956473" lon="126.859104"><time>2026-09-27T01:32:24.001Z</time><ele>15.78</ele></trkpt><trkpt lat="36.956636" lon="126.858965"><time>2026-09-27T01:32:25.001Z</time><ele>15.51</ele></trkpt><trkpt lat="36.956806" lon="126.858822"><time>2026-09-27T01:32:26.001Z</time><ele>15.61</ele></trkpt><trkpt lat="36.956976" lon="126.858678"><time>2026-09-27T01:32:27.001Z</time><ele>15.78</ele></trkpt><trkpt lat="36.957147" lon="126.858531"><time>2026-09-27T01:32:28.001Z</time><ele>15.72</ele></trkpt><trkpt lat="36.95731" lon="126.858387"><time>2026-09-27T01:32:29.001Z</time><ele>15.39</ele></trkpt><trkpt lat="36.957478" lon="126.858251"><time>2026-09-27T01:32:30.001Z</time><ele>15.72</ele></trkpt><trkpt lat="36.957647" lon="126.85811"><time>2026-09-27T01:32:31.001Z</time><ele>15.83</ele></trkpt><trkpt lat="36.957821" lon="126.857969"><time>2026-09-27T01:32:32.001Z</time><ele>16.12</ele></trkpt><trkpt lat="36.957998" lon="126.857824"><time>2026-09-27T01:32:33.001Z</time><ele>16.29</ele></trkpt><trkpt lat="36.958177" lon="126.857673"><time>2026-09-27T01:32:34.001Z</time><ele>16.36</ele></trkpt><trkpt lat="36.958355" lon="126.857515"><time>2026-09-27T01:32:35.001Z</time><ele>15.86</ele></trkpt><trkpt lat="36.958546" lon="126.85736"><time>2026-09-27T01:32:36.001Z</time><ele>16.97</ele></trkpt><trkpt lat="36.958734" lon="126.8572"><time>2026-09-27T01:32:37.001Z</time><ele>16.86</ele></trkpt><trkpt lat="36.958927" lon="126.857042"><time>2026-09-27T01:32:38.001Z</time><ele>17.29</ele></trkpt><trkpt lat="36.959116" lon="126.856883"><time>2026-09-27T01:32:39.001Z</time><ele>17.92</ele></trkpt><trkpt lat="36.959302" lon="126.856724"><time>2026-09-27T01:32:40.001Z</time><ele>19.23</ele></trkpt><trkpt lat="36.959492" lon="126.856569"><time>2026-09-27T01:32:41.001Z</time><ele>20.09</ele></trkpt><trkpt lat="36.959674" lon="126.856412"><time>2026-09-27T01:32:42.001Z</time><ele>20.43</ele></trkpt><trkpt lat="36.959851" lon="126.856264"><time>2026-09-27T01:32:43.001Z</time><ele>21.62</ele></trkpt><trkpt lat="36.960015" lon="126.856132"><time>2026-09-27T01:32:44.001Z</time><ele>22.22</ele></trkpt><trkpt lat="36.960174" lon="126.856004"><time>2026-09-27T01:32:45.001Z</time><ele>22.56</ele></trkpt><trkpt lat="36.96033" lon="126.855872"><time>2026-09-27T01:32:46.001Z</time><ele>22.66</ele></trkpt><trkpt lat="36.960487" lon="126.855741"><time>2026-09-27T01:32:47.001Z</time><ele>23.37</ele></trkpt><trkpt lat="36.960645" lon="126.855609"><time>2026-09-27T01:32:48.001Z</time><ele>22.72</ele></trkpt><trkpt lat="36.960804" lon="126.855479"><time>2026-09-27T01:32:49.001Z</time><ele>23.25</ele></trkpt><trkpt lat="36.960958" lon="126.855347"><time>2026-09-27T01:32:50.001Z</time><ele>23.21</ele></trkpt><trkpt lat="36.961114" lon="126.855216"><time>2026-09-27T01:32:51.001Z</time><ele>23.48</ele></trkpt><trkpt lat="36.961272" lon="126.855081"><time>2026-09-27T01:32:52.001Z</time><ele>23.61</ele></trkpt><trkpt lat="36.961431" lon="126.854947"><time>2026-09-27T01:32:53.001Z</time><ele>23.45</ele></trkpt><trkpt lat="36.96159" lon="126.854813"><time>2026-09-27T01:32:54.001Z</time><ele>23.32</ele></trkpt><trkpt lat="36.961749" lon="126.854682"><time>2026-09-27T01:32:55.001Z</time><ele>23.75</ele></trkpt><trkpt lat="36.961893" lon="126.854523"><time>2026-09-27T01:32:56.001Z</time><ele>24</ele></trkpt><trkpt lat="36.962049" lon="126.854397"><time>2026-09-27T01:32:57.001Z</time><ele>23.5</ele></trkpt><trkpt lat="36.962213" lon="126.854289"><time>2026-09-27T01:32:58.001Z</time><ele>24.64</ele></trkpt><trkpt lat="36.96236" lon="126.854141"><time>2026-09-27T01:32:59.001Z</time><ele>25.52</ele></trkpt><trkpt lat="36.962519" lon="126.854028"><time>2026-09-27T01:33:00.001Z</time><ele>25.16</ele></trkpt><trkpt lat="36.962666" lon="126.853885"><time>2026-09-27T01:33:01.001Z</time><ele>27.47</ele></trkpt><trkpt lat="36.962816" lon="126.853783"><time>2026-09-27T01:33:02.001Z</time><ele>28.03</ele></trkpt><trkpt lat="36.962963" lon="126.853654"><time>2026-09-27T01:33:03.001Z</time><ele>27.95</ele></trkpt><trkpt lat="36.963117" lon="126.85352"><time>2026-09-27T01:33:04.001Z</time><ele>28.09</ele></trkpt><trkpt lat="36.963278" lon="126.853383"><time>2026-09-27T01:33:05.001Z</time><ele>28.29</ele></trkpt><trkpt lat="36.96344" lon="126.853251"><time>2026-09-27T01:33:06.001Z</time><ele>28.9</ele></trkpt><trkpt lat="36.963593" lon="126.853107"><time>2026-09-27T01:33:07.001Z</time><ele>28.42</ele></trkpt><trkpt lat="36.963751" lon="126.852975"><time>2026-09-27T01:33:08.001Z</time><ele>28.43</ele></trkpt><trkpt lat="36.963905" lon="126.852846"><time>2026-09-27T01:33:09.001Z</time><ele>28.5</ele></trkpt><trkpt lat="36.964047" lon="126.85272"><time>2026-09-27T01:33:10.001Z</time><ele>27.92</ele></trkpt><trkpt lat="36.964179" lon="126.852597"><time>2026-09-27T01:33:11.001Z</time><ele>26.97</ele></trkpt><trkpt lat="36.964304" lon="126.852479"><time>2026-09-27T01:33:12.001Z</time><ele>27.17</ele></trkpt><trkpt lat="36.964423" lon="126.852367"><time>2026-09-27T01:33:13.001Z</time><ele>26.67</ele></trkpt><trkpt lat="36.964542" lon="126.852256"><time>2026-09-27T01:33:14.001Z</time><ele>27</ele></trkpt><trkpt lat="36.964657" lon="126.852149"><time>2026-09-27T01:33:15.001Z</time><ele>25.23</ele></trkpt><trkpt lat="36.964775" lon="126.852038"><time>2026-09-27T01:33:16.000Z</time><ele>23.78</ele></trkpt><trkpt lat="36.964904" lon="126.851932"><time>2026-09-27T01:33:17.000Z</time><ele>22.84</ele></trkpt><trkpt lat="36.965032" lon="126.851807"><time>2026-09-27T01:33:18.000Z</time><ele>21.98</ele></trkpt><trkpt lat="36.965149" lon="126.851663"><time>2026-09-27T01:33:19.000Z</time><ele>21.63</ele></trkpt><trkpt lat="36.965272" lon="126.851537"><time>2026-09-27T01:33:20.000Z</time><ele>21.02</ele></trkpt><trkpt lat="36.96539" lon="126.851414"><time>2026-09-27T01:33:21.000Z</time><ele>20.04</ele></trkpt><trkpt lat="36.965503" lon="126.851297"><time>2026-09-27T01:33:22.000Z</time><ele>18.93</ele></trkpt><trkpt lat="36.965613" lon="126.851184"><time>2026-09-27T01:33:23.000Z</time><ele>17.05</ele></trkpt><trkpt lat="36.965728" lon="126.851079"><time>2026-09-27T01:33:24.000Z</time><ele>15.44</ele></trkpt><trkpt lat="36.965834" lon="126.850959"><time>2026-09-27T01:33:25.000Z</time><ele>13.89</ele></trkpt><trkpt lat="36.965942" lon="126.850854"><time>2026-09-27T01:33:26.000Z</time><ele>12.89</ele></trkpt><trkpt lat="36.966036" lon="126.850747"><time>2026-09-27T01:33:27.000Z</time><ele>11.91</ele></trkpt><trkpt lat="36.966121" lon="126.850643"><time>2026-09-27T01:33:28.000Z</time><ele>10.62</ele></trkpt><trkpt lat="36.966189" lon="126.850547"><time>2026-09-27T01:33:29.000Z</time><ele>9.15</ele></trkpt><trkpt lat="36.966257" lon="126.850464"><time>2026-09-27T01:33:30.000Z</time><ele>8.29</ele></trkpt><trkpt lat="36.966312" lon="126.850387"><time>2026-09-27T01:33:31.000Z</time><ele>7</ele></trkpt><trkpt lat="36.966371" lon="126.850336"><time>2026-09-27T01:33:32.000Z</time><ele>6.52</ele></trkpt><trkpt lat="36.966416" lon="126.850287"><time>2026-09-27T01:33:33.000Z</time><ele>5.76</ele></trkpt><trkpt lat="36.96648" lon="126.850258"><time>2026-09-27T01:33:34.000Z</time><ele>5.2</ele></trkpt><trkpt lat="36.966542" lon="126.850187"><time>2026-09-27T01:33:35.000Z</time><ele>4.92</ele></trkpt><trkpt lat="36.966649" lon="126.850219"><time>2026-09-27T01:33:36.000Z</time><ele>5.22</ele></trkpt><trkpt lat="36.966732" lon="126.850268"><time>2026-09-27T01:33:37.000Z</time><ele>5.89</ele></trkpt><trkpt lat="36.966759" lon="126.850491"><time>2026-09-27T01:33:38.000Z</time><ele>6.59</ele></trkpt><trkpt lat="36.966817" lon="126.850601"><time>2026-09-27T01:33:39.000Z</time><ele>6.88</ele></trkpt><trkpt lat="36.966897" lon="126.850726"><time>2026-09-27T01:33:40.000Z</time><ele>6.41</ele></trkpt><trkpt lat="36.966987" lon="126.850861"><time>2026-09-27T01:33:41.000Z</time><ele>5.81</ele></trkpt><trkpt lat="36.967075" lon="126.851003"><time>2026-09-27T01:33:42.000Z</time><ele>6.66</ele></trkpt><trkpt lat="36.967162" lon="126.851136"><time>2026-09-27T01:33:43.000Z</time><ele>6.61</ele></trkpt><trkpt lat="36.96724" lon="126.851264"><time>2026-09-27T01:33:44.000Z</time><ele>6.8</ele></trkpt><trkpt lat="36.967318" lon="126.851394"><time>2026-09-27T01:33:45.000Z</time><ele>7</ele></trkpt><trkpt lat="36.967399" lon="126.851523"><time>2026-09-27T01:33:46.000Z</time><ele>6.32</ele></trkpt><trkpt lat="36.96748" lon="126.851654"><time>2026-09-27T01:33:47.000Z</time><ele>5.8</ele></trkpt><trkpt lat="36.967564" lon="126.851789"><time>2026-09-27T01:33:48.000Z</time><ele>5.95</ele></trkpt><trkpt lat="36.967653" lon="126.851931"><time>2026-09-27T01:33:49.000Z</time><ele>6.34</ele></trkpt><trkpt lat="36.967739" lon="126.852077"><time>2026-09-27T01:33:50.000Z</time><ele>6.63</ele></trkpt><trkpt lat="36.96783" lon="126.852224"><time>2026-09-27T01:33:51.000Z</time><ele>6.63</ele></trkpt><trkpt lat="36.967921" lon="126.852371"><time>2026-09-27T01:33:52.000Z</time><ele>6.75</ele></trkpt><trkpt lat="36.968008" lon="126.852506"><time>2026-09-27T01:33:53.000Z</time><ele>6.37</ele></trkpt><trkpt lat="36.968091" lon="126.852644"><time>2026-09-27T01:33:54.000Z</time><ele>6.49</ele></trkpt><trkpt lat="36.968173" lon="126.85278"><time>2026-09-27T01:33:55.000Z</time><ele>6.71</ele></trkpt><trkpt lat="36.968259" lon="126.852919"><time>2026-09-27T01:33:56.000Z</time><ele>7.18</ele></trkpt><trkpt lat="36.968349" lon="126.853057"><time>2026-09-27T01:33:57.000Z</time><ele>6.89</ele></trkpt><trkpt lat="36.968439" lon="126.853199"><time>2026-09-27T01:33:58.000Z</time><ele>7.43</ele></trkpt><trkpt lat="36.968527" lon="126.853341"><time>2026-09-27T01:33:59.000Z</time><ele>7.76</ele></trkpt><trkpt lat="36.968613" lon="126.853483"><time>2026-09-27T01:34:00.000Z</time><ele>8.11</ele></trkpt><trkpt lat="36.968697" lon="126.853621"><time>2026-09-27T01:34:01.000Z</time><ele>8.06</ele></trkpt><trkpt lat="36.968777" lon="126.853756"><time>2026-09-27T01:34:02.000Z</time><ele>7.95</ele></trkpt><trkpt lat="36.968859" lon="126.853881"><time>2026-09-27T01:34:03.000Z</time><ele>7.79</ele></trkpt><trkpt lat="36.968941" lon="126.854007"><time>2026-09-27T01:34:04.000Z</time><ele>8.35</ele></trkpt><trkpt lat="36.96902" lon="126.854132"><time>2026-09-27T01:34:05.000Z</time><ele>7.92</ele></trkpt><trkpt lat="36.969097" lon="126.854262"><time>2026-09-27T01:34:06.000Z</time><ele>8.4</ele></trkpt><trkpt lat="36.969179" lon="126.85439"><time>2026-09-27T01:34:07.000Z</time><ele>8.33</ele></trkpt><trkpt lat="36.96926" lon="126.854525"><time>2026-09-27T01:34:08.000Z</time><ele>8.3</ele></trkpt><trkpt lat="36.969343" lon="126.854661"><time>2026-09-27T01:34:09.000Z</time><ele>8.17</ele></trkpt><trkpt lat="36.969427" lon="126.854795"><time>2026-09-27T01:34:10.000Z</time><ele>8.18</ele></trkpt><trkpt lat="36.96951" lon="126.854934"><time>2026-09-27T01:34:11.000Z</time><ele>8.64</ele></trkpt><trkpt lat="36.969592" lon="126.855067"><time>2026-09-27T01:34:12.001Z</time><ele>8.42</ele></trkpt><trkpt lat="36.969669" lon="126.855194"><time>2026-09-27T01:34:13.001Z</time><ele>8.09</ele></trkpt><trkpt lat="36.96975" lon="126.855315"><time>2026-09-27T01:34:14.001Z</time><ele>7.96</ele></trkpt><trkpt lat="36.96982" lon="126.855428"><time>2026-09-27T01:34:15.001Z</time><ele>7.78</ele></trkpt><trkpt lat="36.96989" lon="126.855542"><time>2026-09-27T01:34:16.001Z</time><ele>7.36</ele></trkpt><trkpt lat="36.969963" lon="126.855653"><time>2026-09-27T01:34:17.001Z</time><ele>7.25</ele></trkpt><trkpt lat="36.970034" lon="126.85577"><time>2026-09-27T01:34:18.001Z</time><ele>7.34</ele></trkpt><trkpt lat="36.97011" lon="126.855885"><time>2026-09-27T01:34:19.001Z</time><ele>7.43</ele></trkpt><trkpt lat="36.970185" lon="126.856003"><time>2026-09-27T01:34:20.001Z</time><ele>7.55</ele></trkpt><trkpt lat="36.970267" lon="126.856118"><time>2026-09-27T01:34:21.001Z</time><ele>7.4</ele></trkpt><trkpt lat="36.970347" lon="126.85624"><time>2026-09-27T01:34:22.001Z</time><ele>7.6</ele></trkpt><trkpt lat="36.970426" lon="126.856365"><time>2026-09-27T01:34:23.001Z</time><ele>7.64</ele></trkpt><trkpt lat="36.970507" lon="126.85649"><time>2026-09-27T01:34:24.001Z</time><ele>8.24</ele></trkpt><trkpt lat="36.970585" lon="126.856619"><time>2026-09-27T01:34:25.001Z</time><ele>8.51</ele></trkpt><trkpt lat="36.970661" lon="126.85674"><time>2026-09-27T01:34:26.001Z</time><ele>8.26</ele></trkpt><trkpt lat="36.970739" lon="126.856858"><time>2026-09-27T01:34:27.001Z</time><ele>8.44</ele></trkpt><trkpt lat="36.970811" lon="126.856966"><time>2026-09-27T01:34:28.001Z</time><ele>8.54</ele></trkpt><trkpt lat="36.970876" lon="126.857078"><time>2026-09-27T01:34:29.001Z</time><ele>8.7</ele></trkpt><trkpt lat="36.97094" lon="126.857187"><time>2026-09-27T01:34:30.001Z</time><ele>8.88</ele></trkpt><trkpt lat="36.971004" lon="126.857292"><time>2026-09-27T01:34:31.001Z</time><ele>9.24</ele></trkpt><trkpt lat="36.971068" lon="126.857395"><time>2026-09-27T01:34:32.001Z</time><ele>9.2</ele></trkpt><trkpt lat="36.971131" lon="126.857504"><time>2026-09-27T01:34:33.001Z</time><ele>9.33</ele></trkpt><trkpt lat="36.971197" lon="126.857612"><time>2026-09-27T01:34:34.001Z</time><ele>9.37</ele></trkpt><trkpt lat="36.971256" lon="126.857715"><time>2026-09-27T01:34:35.001Z</time><ele>9.25</ele></trkpt><trkpt lat="36.971317" lon="126.857813"><time>2026-09-27T01:34:36.001Z</time><ele>8.87</ele></trkpt><trkpt lat="36.971378" lon="126.857901"><time>2026-09-27T01:34:37.001Z</time><ele>8.68</ele></trkpt><trkpt lat="36.971551" lon="126.85818"><time>2026-09-27T01:34:40.001Z</time><ele>9.97</ele></trkpt><trkpt lat="36.971603" lon="126.858266"><time>2026-09-27T01:34:41.001Z</time><ele>9.65</ele></trkpt><trkpt lat="36.971653" lon="126.858348"><time>2026-09-27T01:34:42.001Z</time><ele>9.63</ele></trkpt><trkpt lat="36.971699" lon="126.858426"><time>2026-09-27T01:34:43.001Z</time><ele>9.53</ele></trkpt><trkpt lat="36.971745" lon="126.858496"><time>2026-09-27T01:34:44.001Z</time><ele>9.5</ele></trkpt><trkpt lat="36.971784" lon="126.858566"><time>2026-09-27T01:34:45.001Z</time><ele>9.83</ele></trkpt><trkpt lat="36.97182" lon="126.858624"><time>2026-09-27T01:34:46.001Z</time><ele>10.08</ele></trkpt><trkpt lat="36.971852" lon="126.858673"><time>2026-09-27T01:34:47.001Z</time><ele>9.84</ele></trkpt><trkpt lat="36.971882" lon="126.858715"><time>2026-09-27T01:34:48.001Z</time><ele>9.73</ele></trkpt><trkpt lat="36.971928" lon="126.85879"><time>2026-09-27T01:34:50.001Z</time><ele>9.12</ele></trkpt><trkpt lat="36.971966" lon="126.85885"><time>2026-09-27T01:34:52.001Z</time><ele>9.5</ele></trkpt><trkpt lat="36.972004" lon="126.858922"><time>2026-09-27T01:34:55.001Z</time><ele>10.61</ele></trkpt><trkpt lat="36.972062" lon="126.859011"><time>2026-09-27T01:34:57.001Z</time><ele>11.41</ele></trkpt><trkpt lat="36.972097" lon="126.859067"><time>2026-09-27T01:34:58.001Z</time><ele>11.77</ele></trkpt><trkpt lat="36.97214" lon="126.859134"><time>2026-09-27T01:34:59.001Z</time><ele>12.22</ele></trkpt><trkpt lat="36.972189" lon="126.859212"><time>2026-09-27T01:35:00.001Z</time><ele>12.43</ele></trkpt><trkpt lat="36.972235" lon="126.859293"><time>2026-09-27T01:35:01.001Z</time><ele>12.59</ele></trkpt><trkpt lat="36.97228" lon="126.85937"><time>2026-09-27T01:35:02.001Z</time><ele>12.89</ele></trkpt><trkpt lat="36.972319" lon="126.859429"><time>2026-09-27T01:35:03.001Z</time><ele>12.91</ele></trkpt><trkpt lat="36.972355" lon="126.859484"><time>2026-09-27T01:35:04.001Z</time><ele>12.95</ele></trkpt><trkpt lat="36.972392" lon="126.859534"><time>2026-09-27T01:35:05.001Z</time><ele>12.1</ele></trkpt><trkpt lat="36.972425" lon="126.859587"><time>2026-09-27T01:35:06.001Z</time><ele>11.96</ele></trkpt><trkpt lat="36.972456" lon="126.859639"><time>2026-09-27T01:35:07.001Z</time><ele>11.88</ele></trkpt><trkpt lat="36.972486" lon="126.859688"><time>2026-09-27T01:35:08.001Z</time><ele>11.26</ele></trkpt><trkpt lat="36.972513" lon="126.859734"><time>2026-09-27T01:35:09.001Z</time><ele>11.22</ele></trkpt><trkpt lat="36.972565" lon="126.859823"><time>2026-09-27T01:35:11.001Z</time><ele>11.5</ele></trkpt><trkpt lat="36.972591" lon="126.859875"><time>2026-09-27T01:35:12.001Z</time><ele>11.49</ele></trkpt><trkpt lat="36.972616" lon="126.859922"><time>2026-09-27T01:35:13.001Z</time><ele>11.2</ele></trkpt><trkpt lat="36.972653" lon="126.859989"><time>2026-09-27T01:35:15.001Z</time><ele>10.67</ele></trkpt><trkpt lat="36.972706" lon="126.860042"><time>2026-09-27T01:36:03.000Z</time><ele>17.79</ele></trkpt><trkpt lat="36.972739" lon="126.860096"><time>2026-09-27T01:36:04.000Z</time><ele>17.64</ele></trkpt><trkpt lat="36.97278" lon="126.860162"><time>2026-09-27T01:36:05.000Z</time><ele>18.05</ele></trkpt><trkpt lat="36.972828" lon="126.860239"><time>2026-09-27T01:36:06.000Z</time><ele>17.73</ele></trkpt><trkpt lat="36.972884" lon="126.860331"><time>2026-09-27T01:36:07.000Z</time><ele>17.76</ele></trkpt><trkpt lat="36.972942" lon="126.860428"><time>2026-09-27T01:36:08.000Z</time><ele>17.58</ele></trkpt><trkpt lat="36.973013" lon="126.860541"><time>2026-09-27T01:36:09.000Z</time><ele>17.86</ele></trkpt><trkpt lat="36.973087" lon="126.860659"><time>2026-09-27T01:36:10.000Z</time><ele>17.96</ele></trkpt><trkpt lat="36.973157" lon="126.860771"><time>2026-09-27T01:36:11.000Z</time><ele>17.53</ele></trkpt><trkpt lat="36.973208" lon="126.860878"><time>2026-09-27T01:36:12.000Z</time><ele>17.07</ele></trkpt><trkpt lat="36.973266" lon="126.860972"><time>2026-09-27T01:36:13.000Z</time><ele>17.22</ele></trkpt><trkpt lat="36.973326" lon="126.861062"><time>2026-09-27T01:36:14.000Z</time><ele>17.2</ele></trkpt><trkpt lat="36.973389" lon="126.86117"><time>2026-09-27T01:36:15.000Z</time><ele>17.15</ele></trkpt><trkpt lat="36.973457" lon="126.861277"><time>2026-09-27T01:36:16.000Z</time><ele>17.04</ele></trkpt><trkpt lat="36.973547" lon="126.861375"><time>2026-09-27T01:36:17.001Z</time><ele>16.64</ele></trkpt><trkpt lat="36.973624" lon="126.861496"><time>2026-09-27T01:36:18.001Z</time><ele>15.97</ele></trkpt><trkpt lat="36.973703" lon="126.861622"><time>2026-09-27T01:36:19.001Z</time><ele>16.27</ele></trkpt><trkpt lat="36.973788" lon="126.861756"><time>2026-09-27T01:36:20.001Z</time><ele>16.19</ele></trkpt><trkpt lat="36.973875" lon="126.861892"><time>2026-09-27T01:36:21.001Z</time><ele>15.75</ele></trkpt><trkpt lat="36.973959" lon="126.862034"><time>2026-09-27T01:36:22.001Z</time><ele>15.61</ele></trkpt><trkpt lat="36.974041" lon="126.862181"><time>2026-09-27T01:36:23.001Z</time><ele>15.65</ele></trkpt><trkpt lat="36.97412" lon="126.862308"><time>2026-09-27T01:36:24.001Z</time><ele>15.26</ele></trkpt><trkpt lat="36.974196" lon="126.862428"><time>2026-09-27T01:36:25.001Z</time><ele>15.06</ele></trkpt><trkpt lat="36.974282" lon="126.862551"><time>2026-09-27T01:36:26.001Z</time><ele>15.66</ele></trkpt><trkpt lat="36.974383" lon="126.862669"><time>2026-09-27T01:36:27.001Z</time><ele>15.66</ele></trkpt><trkpt lat="36.974498" lon="126.862767"><time>2026-09-27T01:36:28.001Z</time><ele>15</ele></trkpt><trkpt lat="36.97462" lon="126.862859"><time>2026-09-27T01:36:29.001Z</time><ele>15.22</ele></trkpt><trkpt lat="36.974761" lon="126.862945"><time>2026-09-27T01:36:30.001Z</time><ele>15.29</ele></trkpt><trkpt lat="36.974908" lon="126.862981"><time>2026-09-27T01:36:31.001Z</time><ele>16.09</ele></trkpt><trkpt lat="36.97506" lon="126.863024"><time>2026-09-27T01:36:32.001Z</time><ele>15.39</ele></trkpt><trkpt lat="36.975215" lon="126.863034"><time>2026-09-27T01:36:33.001Z</time><ele>15.63</ele></trkpt><trkpt lat="36.975361" lon="126.863027"><time>2026-09-27T01:36:34.001Z</time><ele>15.42</ele></trkpt><trkpt lat="36.975509" lon="126.863013"><time>2026-09-27T01:36:35.001Z</time><ele>15.16</ele></trkpt><trkpt lat="36.975661" lon="126.862985"><time>2026-09-27T01:36:36.001Z</time><ele>15.47</ele></trkpt><trkpt lat="36.975812" lon="126.862908"><time>2026-09-27T01:36:37.001Z</time><ele>15.22</ele></trkpt><trkpt lat="36.97596" lon="126.862821"><time>2026-09-27T01:36:38.001Z</time><ele>14.66</ele></trkpt><trkpt lat="36.97611" lon="126.862721"><time>2026-09-27T01:36:39.001Z</time><ele>14.43</ele></trkpt><trkpt lat="36.976258" lon="126.862609"><time>2026-09-27T01:36:40.001Z</time><ele>14.77</ele></trkpt><trkpt lat="36.976407" lon="126.862496"><time>2026-09-27T01:36:41.001Z</time><ele>14.55</ele></trkpt><trkpt lat="36.976547" lon="126.862395"><time>2026-09-27T01:36:42.001Z</time><ele>14.55</ele></trkpt><trkpt lat="36.976672" lon="126.86228"><time>2026-09-27T01:36:43.001Z</time><ele>14.5</ele></trkpt><trkpt lat="36.976811" lon="126.862177"><time>2026-09-27T01:36:44.001Z</time><ele>15.14</ele></trkpt><trkpt lat="36.976948" lon="126.862075"><time>2026-09-27T01:36:45.001Z</time><ele>14.83</ele></trkpt><trkpt lat="36.977085" lon="126.861973"><time>2026-09-27T01:36:46.001Z</time><ele>14.78</ele></trkpt><trkpt lat="36.977235" lon="126.861885"><time>2026-09-27T01:36:47.001Z</time><ele>14.51</ele></trkpt><trkpt lat="36.977375" lon="126.861779"><time>2026-09-27T01:36:48.001Z</time><ele>14.15</ele></trkpt><trkpt lat="36.977519" lon="126.861671"><time>2026-09-27T01:36:49.001Z</time><ele>14.24</ele></trkpt><trkpt lat="36.977665" lon="126.86156"><time>2026-09-27T01:36:50.001Z</time><ele>14.05</ele></trkpt><trkpt lat="36.977813" lon="126.86145"><time>2026-09-27T01:36:51.001Z</time><ele>13.98</ele></trkpt><trkpt lat="36.977956" lon="126.861343"><time>2026-09-27T01:36:52.001Z</time><ele>13.56</ele></trkpt><trkpt lat="36.978093" lon="126.861238"><time>2026-09-27T01:36:53.001Z</time><ele>13.42</ele></trkpt><trkpt lat="36.978238" lon="126.86113"><time>2026-09-27T01:36:54.001Z</time><ele>13.29</ele></trkpt><trkpt lat="36.978385" lon="126.861028"><time>2026-09-27T01:36:55.001Z</time><ele>13.34</ele></trkpt><trkpt lat="36.97852" lon="126.860904"><time>2026-09-27T01:36:56.001Z</time><ele>13.92</ele></trkpt><trkpt lat="36.978667" lon="126.860794"><time>2026-09-27T01:36:57.001Z</time><ele>14.05</ele></trkpt><trkpt lat="36.978811" lon="126.860686"><time>2026-09-27T01:36:58.001Z</time><ele>13.42</ele></trkpt><trkpt lat="36.978957" lon="126.860578"><time>2026-09-27T01:36:59.001Z</time><ele>13.36</ele></trkpt><trkpt lat="36.979102" lon="126.860469"><time>2026-09-27T01:37:00.001Z</time><ele>13.49</ele></trkpt><trkpt lat="36.979245" lon="126.860361"><time>2026-09-27T01:37:01.001Z</time><ele>13.04</ele></trkpt><trkpt lat="36.979392" lon="126.860252"><time>2026-09-27T01:37:02.001Z</time><ele>13.31</ele></trkpt><trkpt lat="36.979541" lon="126.86014"><time>2026-09-27T01:37:03.001Z</time><ele>13.8</ele></trkpt><trkpt lat="36.97969" lon="126.860029"><time>2026-09-27T01:37:04.001Z</time><ele>13.55</ele></trkpt><trkpt lat="36.97984" lon="126.859917"><time>2026-09-27T01:37:05.001Z</time><ele>13.68</ele></trkpt><trkpt lat="36.979986" lon="126.859807"><time>2026-09-27T01:37:06.001Z</time><ele>13.26</ele></trkpt><trkpt lat="36.980136" lon="126.859696"><time>2026-09-27T01:37:07.001Z</time><ele>13.48</ele></trkpt><trkpt lat="36.980289" lon="126.859582"><time>2026-09-27T01:37:08.001Z</time><ele>13.01</ele></trkpt><trkpt lat="36.980444" lon="126.859467"><time>2026-09-27T01:37:09.001Z</time><ele>13.38</ele></trkpt><trkpt lat="36.980596" lon="126.859354"><time>2026-09-27T01:37:10.001Z</time><ele>12.52</ele></trkpt><trkpt lat="36.980757" lon="126.859254"><time>2026-09-27T01:37:11.001Z</time><ele>12.53</ele></trkpt><trkpt lat="36.980912" lon="126.859138"><time>2026-09-27T01:37:12.001Z</time><ele>12.46</ele></trkpt><trkpt lat="36.981072" lon="126.859019"><time>2026-09-27T01:37:13.001Z</time><ele>12.43</ele></trkpt><trkpt lat="36.981231" lon="126.858905"><time>2026-09-27T01:37:14.001Z</time><ele>12.66</ele></trkpt><trkpt lat="36.981379" lon="126.858791"><time>2026-09-27T01:37:15.001Z</time><ele>11.8</ele></trkpt><trkpt lat="36.981521" lon="126.858682"><time>2026-09-27T01:37:16.001Z</time><ele>10.69</ele></trkpt><trkpt lat="36.981663" lon="126.858579"><time>2026-09-27T01:37:17.001Z</time><ele>10.9</ele></trkpt><trkpt lat="36.981802" lon="126.858476"><time>2026-09-27T01:37:18.001Z</time><ele>10.78</ele></trkpt><trkpt lat="36.981935" lon="126.85838"><time>2026-09-27T01:37:19.001Z</time><ele>10.91</ele></trkpt><trkpt lat="36.982058" lon="126.858266"><time>2026-09-27T01:37:20.001Z</time><ele>11.12</ele></trkpt><trkpt lat="36.982185" lon="126.858172"><time>2026-09-27T01:37:21.001Z</time><ele>11.14</ele></trkpt><trkpt lat="36.982313" lon="126.858076"><time>2026-09-27T01:37:22.001Z</time><ele>11.38</ele></trkpt><trkpt lat="36.982442" lon="126.857981"><time>2026-09-27T01:37:23.001Z</time><ele>10.69</ele></trkpt><trkpt lat="36.982572" lon="126.857907"><time>2026-09-27T01:37:24.001Z</time><ele>10.76</ele></trkpt><trkpt lat="36.982685" lon="126.8578"><time>2026-09-27T01:37:25.001Z</time><ele>11.41</ele></trkpt><trkpt lat="36.982799" lon="126.857715"><time>2026-09-27T01:37:26.001Z</time><ele>10.93</ele></trkpt><trkpt lat="36.982908" lon="126.857634"><time>2026-09-27T01:37:27.001Z</time><ele>10.93</ele></trkpt><trkpt lat="36.98301" lon="126.857559"><time>2026-09-27T01:37:28.000Z</time><ele>10.48</ele></trkpt><trkpt lat="36.983119" lon="126.857474"><time>2026-09-27T01:37:29.000Z</time><ele>10.81</ele></trkpt><trkpt lat="36.983229" lon="126.857391"><time>2026-09-27T01:37:30.000Z</time><ele>10.71</ele></trkpt><trkpt lat="36.983332" lon="126.857313"><time>2026-09-27T01:37:31.000Z</time><ele>10.4</ele></trkpt><trkpt lat="36.983431" lon="126.857237"><time>2026-09-27T01:37:32.000Z</time><ele>10.29</ele></trkpt><trkpt lat="36.983528" lon="126.857164"><time>2026-09-27T01:37:33.000Z</time><ele>10.75</ele></trkpt><trkpt lat="36.983617" lon="126.857097"><time>2026-09-27T01:37:34.000Z</time><ele>10.88</ele></trkpt><trkpt lat="36.983702" lon="126.857033"><time>2026-09-27T01:37:35.000Z</time><ele>10.59</ele></trkpt><trkpt lat="36.983772" lon="126.856964"><time>2026-09-27T01:37:36.000Z</time><ele>11.11</ele></trkpt><trkpt lat="36.98383" lon="126.85691"><time>2026-09-27T01:37:37.000Z</time><ele>11.07</ele></trkpt><trkpt lat="36.983884" lon="126.856868"><time>2026-09-27T01:37:38.000Z</time><ele>10.95</ele></trkpt><trkpt lat="36.983949" lon="126.856822"><time>2026-09-27T01:37:40.000Z</time><ele>11.44</ele></trkpt><trkpt lat="36.983995" lon="126.856836"><time>2026-09-27T01:38:24.001Z</time><ele>20.52</ele></trkpt><trkpt lat="36.984073" lon="126.856777"><time>2026-09-27T01:38:26.001Z</time><ele>19.72</ele></trkpt><trkpt lat="36.984138" lon="126.856731"><time>2026-09-27T01:38:27.001Z</time><ele>19.59</ele></trkpt><trkpt lat="36.984209" lon="126.856678"><time>2026-09-27T01:38:28.001Z</time><ele>19.51</ele></trkpt><trkpt lat="36.984291" lon="126.856618"><time>2026-09-27T01:38:29.001Z</time><ele>19.13</ele></trkpt><trkpt lat="36.984384" lon="126.85655"><time>2026-09-27T01:38:30.001Z</time><ele>18.97</ele></trkpt><trkpt lat="36.984481" lon="126.856471"><time>2026-09-27T01:38:31.001Z</time><ele>18.25</ele></trkpt><trkpt lat="36.984591" lon="126.856389"><time>2026-09-27T01:38:32.001Z</time><ele>17.84</ele></trkpt><trkpt lat="36.984711" lon="126.856301"><time>2026-09-27T01:38:33.001Z</time><ele>18.28</ele></trkpt><trkpt lat="36.984834" lon="126.856206"><time>2026-09-27T01:38:34.001Z</time><ele>17.72</ele></trkpt><trkpt lat="36.984968" lon="126.856107"><time>2026-09-27T01:38:35.001Z</time><ele>18.26</ele></trkpt><trkpt lat="36.985107" lon="126.856002"><time>2026-09-27T01:38:36.001Z</time><ele>18.38</ele></trkpt><trkpt lat="36.98525" lon="126.855892"><time>2026-09-27T01:38:37.001Z</time><ele>17.78</ele></trkpt><trkpt lat="36.985398" lon="126.855778"><time>2026-09-27T01:38:38.001Z</time><ele>17.73</ele></trkpt><trkpt lat="36.985553" lon="126.855663"><time>2026-09-27T01:38:39.001Z</time><ele>17.16</ele></trkpt><trkpt lat="36.985711" lon="126.855554"><time>2026-09-27T01:38:40.001Z</time><ele>17.82</ele></trkpt><trkpt lat="36.985856" lon="126.855444"><time>2026-09-27T01:38:41.001Z</time><ele>17.65</ele></trkpt><trkpt lat="36.986004" lon="126.855332"><time>2026-09-27T01:38:42.001Z</time><ele>17.2</ele></trkpt><trkpt lat="36.986158" lon="126.855222"><time>2026-09-27T01:38:43.001Z</time><ele>18.53</ele></trkpt><trkpt lat="36.986309" lon="126.855105"><time>2026-09-27T01:38:44.001Z</time><ele>18.51</ele></trkpt><trkpt lat="36.986469" lon="126.854985"><time>2026-09-27T01:38:45.001Z</time><ele>18.1</ele></trkpt><trkpt lat="36.986629" lon="126.854867"><time>2026-09-27T01:38:46.001Z</time><ele>18.19</ele></trkpt><trkpt lat="36.986791" lon="126.854747"><time>2026-09-27T01:38:47.001Z</time><ele>19.21</ele></trkpt><trkpt lat="36.986957" lon="126.854619"><time>2026-09-27T01:38:48.001Z</time><ele>18.79</ele></trkpt><trkpt lat="36.987119" lon="126.854494"><time>2026-09-27T01:38:49.001Z</time><ele>18.88</ele></trkpt><trkpt lat="36.987281" lon="126.85437"><time>2026-09-27T01:38:50.001Z</time><ele>18.42</ele></trkpt><trkpt lat="36.987448" lon="126.854246"><time>2026-09-27T01:38:51.001Z</time><ele>18.68</ele></trkpt><trkpt lat="36.987613" lon="126.854131"><time>2026-09-27T01:38:52.001Z</time><ele>19.63</ele></trkpt><trkpt lat="36.987775" lon="126.854016"><time>2026-09-27T01:38:53.001Z</time><ele>19.83</ele></trkpt><trkpt lat="36.98794" lon="126.853899"><time>2026-09-27T01:38:54.001Z</time><ele>19.97</ele></trkpt><trkpt lat="36.988094" lon="126.853774"><time>2026-09-27T01:38:55.001Z</time><ele>19.07</ele></trkpt><trkpt lat="36.988254" lon="126.853654"><time>2026-09-27T01:38:56.001Z</time><ele>19.32</ele></trkpt><trkpt lat="36.98842" lon="126.853534"><time>2026-09-27T01:38:57.001Z</time><ele>19.16</ele></trkpt><trkpt lat="36.98858" lon="126.853411"><time>2026-09-27T01:38:58.001Z</time><ele>16.98</ele></trkpt><trkpt lat="36.988739" lon="126.853291"><time>2026-09-27T01:38:59.001Z</time><ele>17.82</ele></trkpt><trkpt lat="36.988902" lon="126.853174"><time>2026-09-27T01:39:00.001Z</time><ele>18.31</ele></trkpt><trkpt lat="36.989064" lon="126.853053"><time>2026-09-27T01:39:01.001Z</time><ele>17.33</ele></trkpt><trkpt lat="36.989221" lon="126.852932"><time>2026-09-27T01:39:02.001Z</time><ele>16.7</ele></trkpt><trkpt lat="36.989379" lon="126.852818"><time>2026-09-27T01:39:03.001Z</time><ele>17.08</ele></trkpt><trkpt lat="36.98953" lon="126.852687"><time>2026-09-27T01:39:04.001Z</time><ele>17.42</ele></trkpt><trkpt lat="36.989679" lon="126.852575"><time>2026-09-27T01:39:05.001Z</time><ele>17.13</ele></trkpt><trkpt lat="36.989828" lon="126.852465"><time>2026-09-27T01:39:06.001Z</time><ele>18.13</ele></trkpt><trkpt lat="36.989975" lon="126.852357"><time>2026-09-27T01:39:07.001Z</time><ele>17.92</ele></trkpt><trkpt lat="36.990124" lon="126.852248"><time>2026-09-27T01:39:08.001Z</time><ele>17.83</ele></trkpt><trkpt lat="36.990274" lon="126.852139"><time>2026-09-27T01:39:09.001Z</time><ele>17.07</ele></trkpt><trkpt lat="36.990419" lon="126.852032"><time>2026-09-27T01:39:10.001Z</time><ele>16.49</ele></trkpt><trkpt lat="36.990556" lon="126.851932"><time>2026-09-27T01:39:11.001Z</time><ele>16.27</ele></trkpt><trkpt lat="36.990689" lon="126.851835"><time>2026-09-27T01:39:12.001Z</time><ele>14.7</ele></trkpt><trkpt lat="36.990813" lon="126.851744"><time>2026-09-27T01:39:13.001Z</time><ele>15.59</ele></trkpt><trkpt lat="36.99093" lon="126.851658"><time>2026-09-27T01:39:14.001Z</time><ele>15.36</ele></trkpt><trkpt lat="36.991042" lon="126.851576"><time>2026-09-27T01:39:15.001Z</time><ele>15.09</ele></trkpt><trkpt lat="36.991136" lon="126.851489"><time>2026-09-27T01:39:16.001Z</time><ele>15.04</ele></trkpt><trkpt lat="36.991226" lon="126.851406"><time>2026-09-27T01:39:17.001Z</time><ele>14.72</ele></trkpt><trkpt lat="36.991298" lon="126.85131"><time>2026-09-27T01:39:18.001Z</time><ele>14.51</ele></trkpt><trkpt lat="36.991364" lon="126.851223"><time>2026-09-27T01:39:19.001Z</time><ele>13.99</ele></trkpt><trkpt lat="36.991425" lon="126.851142"><time>2026-09-27T01:39:20.001Z</time><ele>12.76</ele></trkpt><trkpt lat="36.991525" lon="126.85111"><time>2026-09-27T01:39:21.001Z</time><ele>13</ele></trkpt><trkpt lat="36.991591" lon="126.851073"><time>2026-09-27T01:39:22.001Z</time><ele>13.24</ele></trkpt><trkpt lat="36.991662" lon="126.851053"><time>2026-09-27T01:39:23.001Z</time><ele>13.22</ele></trkpt><trkpt lat="36.991739" lon="126.851055"><time>2026-09-27T01:39:24.001Z</time><ele>14.01</ele></trkpt><trkpt lat="36.99181" lon="126.851076"><time>2026-09-27T01:39:25.001Z</time><ele>14.62</ele></trkpt><trkpt lat="36.991882" lon="126.851116"><time>2026-09-27T01:39:26.001Z</time><ele>15.88</ele></trkpt><trkpt lat="36.991954" lon="126.851164"><time>2026-09-27T01:39:27.001Z</time><ele>16.66</ele></trkpt><trkpt lat="36.992034" lon="126.851219"><time>2026-09-27T01:39:28.001Z</time><ele>17.77</ele></trkpt><trkpt lat="36.992118" lon="126.851276"><time>2026-09-27T01:39:29.001Z</time><ele>18.11</ele></trkpt><trkpt lat="36.992211" lon="126.851325"><time>2026-09-27T01:39:30.001Z</time><ele>19.12</ele></trkpt><trkpt lat="36.992304" lon="126.85138"><time>2026-09-27T01:39:31.001Z</time><ele>19.35</ele></trkpt><trkpt lat="36.992392" lon="126.851457"><time>2026-09-27T01:39:32.001Z</time><ele>20.73</ele></trkpt><trkpt lat="36.992481" lon="126.851533"><time>2026-09-27T01:39:33.001Z</time><ele>22.48</ele></trkpt><trkpt lat="36.992573" lon="126.851605"><time>2026-09-27T01:39:34.000Z</time><ele>24.3</ele></trkpt><trkpt lat="36.992656" lon="126.851674"><time>2026-09-27T01:39:35.000Z</time><ele>25.33</ele></trkpt><trkpt lat="36.992737" lon="126.851743"><time>2026-09-27T01:39:36.000Z</time><ele>26.63</ele></trkpt><trkpt lat="36.992818" lon="126.851806"><time>2026-09-27T01:39:37.000Z</time><ele>28.01</ele></trkpt><trkpt lat="36.992898" lon="126.851866"><time>2026-09-27T01:39:38.000Z</time><ele>28.52</ele></trkpt><trkpt lat="36.992983" lon="126.851924"><time>2026-09-27T01:39:39.000Z</time><ele>29.83</ele></trkpt><trkpt lat="36.993068" lon="126.851986"><time>2026-09-27T01:39:40.000Z</time><ele>30.95</ele></trkpt><trkpt lat="36.993155" lon="126.852042"><time>2026-09-27T01:39:41.000Z</time><ele>31.16</ele></trkpt><trkpt lat="36.993242" lon="126.852108"><time>2026-09-27T01:39:42.000Z</time><ele>32.05</ele></trkpt><trkpt lat="36.993323" lon="126.852159"><time>2026-09-27T01:39:43.000Z</time><ele>32.82</ele></trkpt><trkpt lat="36.993391" lon="126.852214"><time>2026-09-27T01:39:44.000Z</time><ele>32.63</ele></trkpt><trkpt lat="36.993457" lon="126.852256"><time>2026-09-27T01:39:45.000Z</time><ele>32.88</ele></trkpt><trkpt lat="36.993515" lon="126.852304"><time>2026-09-27T01:39:46.000Z</time><ele>32.97</ele></trkpt><trkpt lat="36.993564" lon="126.852333"><time>2026-09-27T01:39:47.000Z</time><ele>33.15</ele></trkpt><trkpt lat="36.993605" lon="126.852368"><time>2026-09-27T01:39:48.000Z</time><ele>33.17</ele></trkpt><trkpt lat="36.993667" lon="126.852396"><time>2026-09-27T01:39:50.000Z</time><ele>33.24</ele></trkpt><trkpt lat="36.993709" lon="126.85244"><time>2026-09-27T01:40:17.000Z</time><ele>27.54</ele></trkpt><trkpt lat="36.993749" lon="126.852471"><time>2026-09-27T01:40:18.000Z</time><ele>27.68</ele></trkpt><trkpt lat="36.993795" lon="126.852521"><time>2026-09-27T01:40:19.000Z</time><ele>28.59</ele></trkpt><trkpt lat="36.993849" lon="126.852532"><time>2026-09-27T01:40:20.000Z</time><ele>29.81</ele></trkpt><trkpt lat="36.993901" lon="126.85257"><time>2026-09-27T01:40:21.000Z</time><ele>30.2</ele></trkpt><trkpt lat="36.99395" lon="126.852624"><time>2026-09-27T01:40:22.000Z</time><ele>30.66</ele></trkpt><trkpt lat="36.994012" lon="126.852614"><time>2026-09-27T01:40:23.000Z</time><ele>30.92</ele></trkpt><trkpt lat="36.994073" lon="126.852581"><time>2026-09-27T01:40:24.000Z</time><ele>31.07</ele></trkpt><trkpt lat="36.994128" lon="126.852521"><time>2026-09-27T01:40:25.000Z</time><ele>30.96</ele></trkpt><trkpt lat="36.994167" lon="126.852424"><time>2026-09-27T01:40:26.000Z</time><ele>31.08</ele></trkpt><trkpt lat="36.994196" lon="126.852317"><time>2026-09-27T01:40:27.000Z</time><ele>31.19</ele></trkpt><trkpt lat="36.994223" lon="126.852212"><time>2026-09-27T01:40:28.000Z</time><ele>30.57</ele></trkpt><trkpt lat="36.994257" lon="126.852088"><time>2026-09-27T01:40:29.000Z</time><ele>31.04</ele></trkpt><trkpt lat="36.994288" lon="126.851971"><time>2026-09-27T01:40:30.001Z</time><ele>30.29</ele></trkpt><trkpt lat="36.994314" lon="126.851856"><time>2026-09-27T01:40:31.001Z</time><ele>29.65</ele></trkpt><trkpt lat="36.994339" lon="126.851725"><time>2026-09-27T01:40:32.001Z</time><ele>30.11</ele></trkpt><trkpt lat="36.994368" lon="126.851593"><time>2026-09-27T01:40:33.001Z</time><ele>29.86</ele></trkpt><trkpt lat="36.994395" lon="126.851472"><time>2026-09-27T01:40:34.001Z</time><ele>29.47</ele></trkpt><trkpt lat="36.994424" lon="126.851357"><time>2026-09-27T01:40:35.001Z</time><ele>29.61</ele></trkpt><trkpt lat="36.99445" lon="126.851248"><time>2026-09-27T01:40:36.001Z</time><ele>29.14</ele></trkpt><trkpt lat="36.994468" lon="126.85116"><time>2026-09-27T01:40:37.001Z</time><ele>29.29</ele></trkpt><trkpt lat="36.99449" lon="126.851086"><time>2026-09-27T01:40:38.001Z</time><ele>29.63</ele></trkpt><trkpt lat="36.994503" lon="126.851025"><time>2026-09-27T01:40:39.001Z</time><ele>29.25</ele></trkpt><trkpt lat="36.994523" lon="126.850934"><time>2026-09-27T01:40:41.001Z</time><ele>29.64</ele></trkpt><trkpt lat="36.994537" lon="126.850878"><time>2026-09-27T01:40:44.001Z</time><ele>30.67</ele></trkpt><trkpt lat="36.994543" lon="126.850792"><time>2026-09-27T01:41:07.001Z</time><ele>35.93</ele></trkpt><trkpt lat="36.994553" lon="126.850735"><time>2026-09-27T01:41:08.001Z</time><ele>36.13</ele></trkpt><trkpt lat="36.994564" lon="126.850671"><time>2026-09-27T01:41:09.001Z</time><ele>35.81</ele></trkpt><trkpt lat="36.994586" lon="126.850588"><time>2026-09-27T01:41:10.001Z</time><ele>35.21</ele></trkpt><trkpt lat="36.994608" lon="126.850491"><time>2026-09-27T01:41:11.001Z</time><ele>34.82</ele></trkpt><trkpt lat="36.994646" lon="126.850389"><time>2026-09-27T01:41:12.001Z</time><ele>34.88</ele></trkpt><trkpt lat="36.994671" lon="126.850268"><time>2026-09-27T01:41:13.001Z</time><ele>34.43</ele></trkpt><trkpt lat="36.994692" lon="126.850152"><time>2026-09-27T01:41:14.001Z</time><ele>33.89</ele></trkpt><trkpt lat="36.994714" lon="126.850024"><time>2026-09-27T01:41:15.001Z</time><ele>33.15</ele></trkpt><trkpt lat="36.994741" lon="126.849888"><time>2026-09-27T01:41:16.001Z</time><ele>32.85</ele></trkpt><trkpt lat="36.994764" lon="126.849747"><time>2026-09-27T01:41:17.001Z</time><ele>32.75</ele></trkpt><trkpt lat="36.994786" lon="126.849597"><time>2026-09-27T01:41:18.001Z</time><ele>31.86</ele></trkpt><trkpt lat="36.994809" lon="126.849432"><time>2026-09-27T01:41:19.001Z</time><ele>31.56</ele></trkpt><trkpt lat="36.994836" lon="126.849253"><time>2026-09-27T01:41:20.001Z</time><ele>31.28</ele></trkpt><trkpt lat="36.994864" lon="126.849067"><time>2026-09-27T01:41:21.001Z</time><ele>30.47</ele></trkpt><trkpt lat="36.994905" lon="126.848871"><time>2026-09-27T01:41:22.001Z</time><ele>29.96</ele></trkpt><trkpt lat="36.994949" lon="126.848664"><time>2026-09-27T01:41:23.001Z</time><ele>29.52</ele></trkpt><trkpt lat="36.994984" lon="126.848473"><time>2026-09-27T01:41:24.001Z</time><ele>27.7</ele></trkpt><trkpt lat="36.995058" lon="126.848224"><time>2026-09-27T01:41:25.001Z</time><ele>27.01</ele></trkpt><trkpt lat="36.995131" lon="126.847982"><time>2026-09-27T01:41:26.001Z</time><ele>25.66</ele></trkpt><trkpt lat="36.995231" lon="126.84773"><time>2026-09-27T01:41:27.001Z</time><ele>25.38</ele></trkpt><trkpt lat="36.995352" lon="126.84747"><time>2026-09-27T01:41:28.001Z</time><ele>24.66</ele></trkpt><trkpt lat="36.995487" lon="126.847205"><time>2026-09-27T01:41:29.001Z</time><ele>23.33</ele></trkpt><trkpt lat="36.995639" lon="126.84694"><time>2026-09-27T01:41:30.001Z</time><ele>22.06</ele></trkpt><trkpt lat="36.995805" lon="126.846675"><time>2026-09-27T01:41:31.001Z</time><ele>20.83</ele></trkpt><trkpt lat="36.995982" lon="126.846407"><time>2026-09-27T01:41:32.001Z</time><ele>19.72</ele></trkpt><trkpt lat="36.996155" lon="126.846129"><time>2026-09-27T01:41:33.001Z</time><ele>18.25</ele></trkpt><trkpt lat="36.996324" lon="126.845858"><time>2026-09-27T01:41:34.001Z</time><ele>17.72</ele></trkpt><trkpt lat="36.996489" lon="126.845591"><time>2026-09-27T01:41:35.001Z</time><ele>16.42</ele></trkpt><trkpt lat="36.996655" lon="126.845328"><time>2026-09-27T01:41:36.001Z</time><ele>16.31</ele></trkpt><trkpt lat="36.996824" lon="126.845066"><time>2026-09-27T01:41:37.001Z</time><ele>16.62</ele></trkpt><trkpt lat="36.996987" lon="126.844808"><time>2026-09-27T01:41:38.001Z</time><ele>16.07</ele></trkpt><trkpt lat="36.99715" lon="126.844541"><time>2026-09-27T01:41:39.001Z</time><ele>15.59</ele></trkpt><trkpt lat="36.997315" lon="126.844268"><time>2026-09-27T01:41:40.000Z</time><ele>15.51</ele></trkpt><trkpt lat="36.997485" lon="126.843994"><time>2026-09-27T01:41:41.000Z</time><ele>15.29</ele></trkpt><trkpt lat="36.997657" lon="126.843716"><time>2026-09-27T01:41:42.000Z</time><ele>16</ele></trkpt><trkpt lat="36.997826" lon="126.843435"><time>2026-09-27T01:41:43.000Z</time><ele>16.01</ele></trkpt><trkpt lat="36.998003" lon="126.843154"><time>2026-09-27T01:41:44.000Z</time><ele>16.35</ele></trkpt><trkpt lat="36.998179" lon="126.842874"><time>2026-09-27T01:41:45.000Z</time><ele>15.54</ele></trkpt><trkpt lat="36.998361" lon="126.842592"><time>2026-09-27T01:41:46.000Z</time><ele>15.6</ele></trkpt><trkpt lat="36.998539" lon="126.84231"><time>2026-09-27T01:41:47.000Z</time><ele>15.72</ele></trkpt><trkpt lat="36.99872" lon="126.842024"><time>2026-09-27T01:41:48.000Z</time><ele>15.83</ele></trkpt><trkpt lat="36.998903" lon="126.841739"><time>2026-09-27T01:41:49.000Z</time><ele>16.8</ele></trkpt><trkpt lat="36.999084" lon="126.841456"><time>2026-09-27T01:41:50.000Z</time><ele>16.52</ele></trkpt><trkpt lat="36.999276" lon="126.841179"><time>2026-09-27T01:41:51.000Z</time><ele>16.79</ele></trkpt><trkpt lat="36.999473" lon="126.840907"><time>2026-09-27T01:41:52.000Z</time><ele>16.79</ele></trkpt><trkpt lat="36.999678" lon="126.84065"><time>2026-09-27T01:41:53.000Z</time><ele>17.31</ele></trkpt><trkpt lat="36.999889" lon="126.840401"><time>2026-09-27T01:41:54.000Z</time><ele>17.99</ele></trkpt><trkpt lat="37.000102" lon="126.84015"><time>2026-09-27T01:41:55.000Z</time><ele>17.91</ele></trkpt><trkpt lat="37.000315" lon="126.8399"><time>2026-09-27T01:41:56.000Z</time><ele>18.13</ele></trkpt><trkpt lat="37.000528" lon="126.839649"><time>2026-09-27T01:41:57.000Z</time><ele>17.92</ele></trkpt><trkpt lat="37.000745" lon="126.8394"><time>2026-09-27T01:41:58.000Z</time><ele>17.89</ele></trkpt><trkpt lat="37.000956" lon="126.839152"><time>2026-09-27T01:41:59.000Z</time><ele>17.48</ele></trkpt><trkpt lat="37.001147" lon="126.838921"><time>2026-09-27T01:42:00.000Z</time><ele>17.34</ele></trkpt><trkpt lat="37.001329" lon="126.838696"><time>2026-09-27T01:42:01.000Z</time><ele>17.04</ele></trkpt><trkpt lat="37.001486" lon="126.83847"><time>2026-09-27T01:42:02.000Z</time><ele>16.21</ele></trkpt><trkpt lat="37.001625" lon="126.83823"><time>2026-09-27T01:42:03.000Z</time><ele>15.96</ele></trkpt><trkpt lat="37.001753" lon="126.837975"><time>2026-09-27T01:42:04.000Z</time><ele>16.09</ele></trkpt><trkpt lat="37.00186" lon="126.837707"><time>2026-09-27T01:42:05.000Z</time><ele>15.46</ele></trkpt><trkpt lat="37.001947" lon="126.837421"><time>2026-09-27T01:42:06.000Z</time><ele>14.91</ele></trkpt><trkpt lat="37.002017" lon="126.83712"><time>2026-09-27T01:42:07.000Z</time><ele>14.11</ele></trkpt><trkpt lat="37.002077" lon="126.836804"><time>2026-09-27T01:42:08.000Z</time><ele>13.68</ele></trkpt><trkpt lat="37.002134" lon="126.836482"><time>2026-09-27T01:42:09.000Z</time><ele>13.42</ele></trkpt><trkpt lat="37.002188" lon="126.836152"><time>2026-09-27T01:42:10.000Z</time><ele>13.44</ele></trkpt><trkpt lat="37.002241" lon="126.835818"><time>2026-09-27T01:42:11.000Z</time><ele>13</ele></trkpt><trkpt lat="37.002303" lon="126.835479"><time>2026-09-27T01:42:12.000Z</time><ele>13.29</ele></trkpt><trkpt lat="37.002362" lon="126.835138"><time>2026-09-27T01:42:13.000Z</time><ele>13.22</ele></trkpt><trkpt lat="37.002422" lon="126.834791"><time>2026-09-27T01:42:14.000Z</time><ele>13.14</ele></trkpt><trkpt lat="37.002481" lon="126.834438"><time>2026-09-27T01:42:15.000Z</time><ele>13.11</ele></trkpt><trkpt lat="37.002535" lon="126.834081"><time>2026-09-27T01:42:16.000Z</time><ele>12.98</ele></trkpt><trkpt lat="37.002595" lon="126.833723"><time>2026-09-27T01:42:17.000Z</time><ele>13.3</ele></trkpt><trkpt lat="37.00266" lon="126.833364"><time>2026-09-27T01:42:18.000Z</time><ele>13.47</ele></trkpt><trkpt lat="37.002721" lon="126.833025"><time>2026-09-27T01:42:19.000Z</time><ele>14.17</ele></trkpt><trkpt lat="37.002779" lon="126.832712"><time>2026-09-27T01:42:20.000Z</time><ele>14.11</ele></trkpt><trkpt lat="37.002839" lon="126.832401"><time>2026-09-27T01:42:21.000Z</time><ele>14.78</ele></trkpt><trkpt lat="37.002919" lon="126.832098"><time>2026-09-27T01:42:22.000Z</time><ele>15.21</ele></trkpt><trkpt lat="37.00302" lon="126.831802"><time>2026-09-27T01:42:23.000Z</time><ele>15.74</ele></trkpt><trkpt lat="37.003141" lon="126.831518"><time>2026-09-27T01:42:24.000Z</time><ele>16.74</ele></trkpt><trkpt lat="37.003266" lon="126.83124"><time>2026-09-27T01:42:25.000Z</time><ele>16.94</ele></trkpt><trkpt lat="37.003394" lon="126.830964"><time>2026-09-27T01:42:26.000Z</time><ele>17.2</ele></trkpt><trkpt lat="37.003523" lon="126.830683"><time>2026-09-27T01:42:27.000Z</time><ele>17.3</ele></trkpt><trkpt lat="37.003653" lon="126.830396"><time>2026-09-27T01:42:28.000Z</time><ele>17.2</ele></trkpt><trkpt lat="37.003792" lon="126.830102"><time>2026-09-27T01:42:29.000Z</time><ele>17.06</ele></trkpt><trkpt lat="37.003924" lon="126.829802"><time>2026-09-27T01:42:30.000Z</time><ele>16.79</ele></trkpt><trkpt lat="37.004056" lon="126.829498"><time>2026-09-27T01:42:31.000Z</time><ele>16.23</ele></trkpt><trkpt lat="37.004193" lon="126.829201"><time>2026-09-27T01:42:32.000Z</time><ele>16.06</ele></trkpt><trkpt lat="37.004319" lon="126.828925"><time>2026-09-27T01:42:33.000Z</time><ele>15.64</ele></trkpt><trkpt lat="37.004433" lon="126.828665"><time>2026-09-27T01:42:34.000Z</time><ele>14.43</ele></trkpt><trkpt lat="37.004547" lon="126.828409"><time>2026-09-27T01:42:35.000Z</time><ele>13.56</ele></trkpt><trkpt lat="37.004661" lon="126.828155"><time>2026-09-27T01:42:36.000Z</time><ele>13.14</ele></trkpt><trkpt lat="37.004772" lon="126.827907"><time>2026-09-27T01:42:37.000Z</time><ele>12.63</ele></trkpt><trkpt lat="37.004884" lon="126.827662"><time>2026-09-27T01:42:38.000Z</time><ele>12.27</ele></trkpt><trkpt lat="37.004992" lon="126.827416"><time>2026-09-27T01:42:39.000Z</time><ele>11.72</ele></trkpt><trkpt lat="37.005089" lon="126.827169"><time>2026-09-27T01:42:40.001Z</time><ele>11.07</ele></trkpt><trkpt lat="37.005189" lon="126.826924"><time>2026-09-27T01:42:41.001Z</time><ele>11.17</ele></trkpt><trkpt lat="37.005281" lon="126.82668"><time>2026-09-27T01:42:42.001Z</time><ele>11.03</ele></trkpt><trkpt lat="37.005365" lon="126.826438"><time>2026-09-27T01:42:43.001Z</time><ele>11.06</ele></trkpt><trkpt lat="37.005452" lon="126.826199"><time>2026-09-27T01:42:44.001Z</time><ele>11.19</ele></trkpt><trkpt lat="37.005534" lon="126.825962"><time>2026-09-27T01:42:45.001Z</time><ele>11.27</ele></trkpt><trkpt lat="37.005617" lon="126.825723"><time>2026-09-27T01:42:46.001Z</time><ele>10.98</ele></trkpt><trkpt lat="37.005701" lon="126.825484"><time>2026-09-27T01:42:47.001Z</time><ele>10.95</ele></trkpt><trkpt lat="37.005781" lon="126.825241"><time>2026-09-27T01:42:48.001Z</time><ele>10.8</ele></trkpt><trkpt lat="37.005862" lon="126.825"><time>2026-09-27T01:42:49.001Z</time><ele>10.97</ele></trkpt><trkpt lat="37.005945" lon="126.824748"><time>2026-09-27T01:42:50.001Z</time><ele>10.47</ele></trkpt><trkpt lat="37.006027" lon="126.824498"><time>2026-09-27T01:42:51.001Z</time><ele>10.16</ele></trkpt><trkpt lat="37.006109" lon="126.824243"><time>2026-09-27T01:42:52.001Z</time><ele>9.85</ele></trkpt><trkpt lat="37.006192" lon="126.823988"><time>2026-09-27T01:42:53.001Z</time><ele>9.61</ele></trkpt><trkpt lat="37.006273" lon="126.823731"><time>2026-09-27T01:42:54.001Z</time><ele>9.97</ele></trkpt><trkpt lat="37.006354" lon="126.823478"><time>2026-09-27T01:42:55.001Z</time><ele>9.74</ele></trkpt><trkpt lat="37.006434" lon="126.823233"><time>2026-09-27T01:42:56.001Z</time><ele>9.56</ele></trkpt><trkpt lat="37.006512" lon="126.822993"><time>2026-09-27T01:42:57.001Z</time><ele>9.67</ele></trkpt><trkpt lat="37.006591" lon="126.822757"><time>2026-09-27T01:42:58.001Z</time><ele>9.79</ele></trkpt><trkpt lat="37.007094" lon="126.82125"><time>2026-09-27T01:43:05.001Z</time><ele>9.71</ele></trkpt><trkpt lat="37.007157" lon="126.82108"><time>2026-09-27T01:43:06.001Z</time><ele>9.71</ele></trkpt><trkpt lat="37.007215" lon="126.820923"><time>2026-09-27T01:43:07.001Z</time><ele>10.12</ele></trkpt><trkpt lat="37.007268" lon="126.820771"><time>2026-09-27T01:43:08.001Z</time><ele>10.56</ele></trkpt><trkpt lat="37.007317" lon="126.820628"><time>2026-09-27T01:43:09.001Z</time><ele>10.59</ele></trkpt><trkpt lat="37.007359" lon="126.820493"><time>2026-09-27T01:43:10.001Z</time><ele>9.88</ele></trkpt><trkpt lat="37.007405" lon="126.820367"><time>2026-09-27T01:43:11.001Z</time><ele>9.86</ele></trkpt><trkpt lat="37.007455" lon="126.820253"><time>2026-09-27T01:43:12.001Z</time><ele>10.53</ele></trkpt><trkpt lat="37.007508" lon="126.820147"><time>2026-09-27T01:43:13.001Z</time><ele>11.09</ele></trkpt><trkpt lat="37.007549" lon="126.820049"><time>2026-09-27T01:43:14.001Z</time><ele>11.57</ele></trkpt><trkpt lat="37.007584" lon="126.819958"><time>2026-09-27T01:43:15.001Z</time><ele>11.86</ele></trkpt><trkpt lat="37.007619" lon="126.819875"><time>2026-09-27T01:43:16.001Z</time><ele>12.01</ele></trkpt><trkpt lat="37.007659" lon="126.819799"><time>2026-09-27T01:43:17.001Z</time><ele>12.56</ele></trkpt><trkpt lat="37.007697" lon="126.819736"><time>2026-09-27T01:43:18.001Z</time><ele>13.1</ele></trkpt><trkpt lat="37.007727" lon="126.819682"><time>2026-09-27T01:43:19.001Z</time><ele>13.32</ele></trkpt><trkpt lat="37.007755" lon="126.819635"><time>2026-09-27T01:43:20.001Z</time><ele>13.71</ele></trkpt><trkpt lat="37.007794" lon="126.819566"><time>2026-09-27T01:43:22.001Z</time><ele>14.37</ele></trkpt><trkpt lat="37.007828" lon="126.81951"><time>2026-09-27T01:43:24.001Z</time><ele>14.89</ele></trkpt><trkpt lat="37.007872" lon="126.819418"><time>2026-09-27T01:43:26.001Z</time><ele>15.3</ele></trkpt><trkpt lat="37.007912" lon="126.819356"><time>2026-09-27T01:43:27.001Z</time><ele>15.46</ele></trkpt><trkpt lat="37.007946" lon="126.819295"><time>2026-09-27T01:43:28.001Z</time><ele>15.69</ele></trkpt><trkpt lat="37.007989" lon="126.819219"><time>2026-09-27T01:43:29.001Z</time><ele>15.86</ele></trkpt><trkpt lat="37.008043" lon="126.81912"><time>2026-09-27T01:43:30.001Z</time><ele>16.16</ele></trkpt><trkpt lat="37.008107" lon="126.819015"><time>2026-09-27T01:43:31.001Z</time><ele>16.19</ele></trkpt><trkpt lat="37.008181" lon="126.818917"><time>2026-09-27T01:43:32.001Z</time><ele>16.34</ele></trkpt><trkpt lat="37.008263" lon="126.818807"><time>2026-09-27T01:43:33.001Z</time><ele>16.28</ele></trkpt><trkpt lat="37.008358" lon="126.818691"><time>2026-09-27T01:43:34.001Z</time><ele>16.74</ele></trkpt><trkpt lat="37.008459" lon="126.81858"><time>2026-09-27T01:43:35.001Z</time><ele>17</ele></trkpt><trkpt lat="37.008566" lon="126.818463"><time>2026-09-27T01:43:36.001Z</time><ele>17.23</ele></trkpt><trkpt lat="37.008682" lon="126.818343"><time>2026-09-27T01:43:37.001Z</time><ele>17.21</ele></trkpt><trkpt lat="37.008807" lon="126.81823"><time>2026-09-27T01:43:38.001Z</time><ele>17.54</ele></trkpt><trkpt lat="37.008936" lon="126.818121"><time>2026-09-27T01:43:39.001Z</time><ele>17.81</ele></trkpt><trkpt lat="37.009074" lon="126.818011"><time>2026-09-27T01:43:40.001Z</time><ele>17.67</ele></trkpt><trkpt lat="37.009219" lon="126.817903"><time>2026-09-27T01:43:41.001Z</time><ele>17.99</ele></trkpt><trkpt lat="37.009367" lon="126.817795"><time>2026-09-27T01:43:42.001Z</time><ele>18.07</ele></trkpt><trkpt lat="37.009521" lon="126.817687"><time>2026-09-27T01:43:43.001Z</time><ele>18.45</ele></trkpt><trkpt lat="37.009677" lon="126.817573"><time>2026-09-27T01:43:44.001Z</time><ele>19.45</ele></trkpt><trkpt lat="37.009833" lon="126.817458"><time>2026-09-27T01:43:45.001Z</time><ele>19.15</ele></trkpt><trkpt lat="37.009996" lon="126.817346"><time>2026-09-27T01:43:46.000Z</time><ele>20.33</ele></trkpt><trkpt lat="37.010159" lon="126.817233"><time>2026-09-27T01:43:47.000Z</time><ele>20.11</ele></trkpt><trkpt lat="37.010327" lon="126.817114"><time>2026-09-27T01:43:48.000Z</time><ele>20.13</ele></trkpt><trkpt lat="37.010494" lon="126.816995"><time>2026-09-27T01:43:49.000Z</time><ele>19.95</ele></trkpt><trkpt lat="37.010664" lon="126.816872"><time>2026-09-27T01:43:50.000Z</time><ele>19.44</ele></trkpt><trkpt lat="37.010835" lon="126.816747"><time>2026-09-27T01:43:51.000Z</time><ele>19.41</ele></trkpt><trkpt lat="37.011008" lon="126.816624"><time>2026-09-27T01:43:52.000Z</time><ele>19.51</ele></trkpt><trkpt lat="37.011181" lon="126.816502"><time>2026-09-27T01:43:53.000Z</time><ele>19.55</ele></trkpt><trkpt lat="37.011354" lon="126.816376"><time>2026-09-27T01:43:54.000Z</time><ele>19.33</ele></trkpt><trkpt lat="37.011528" lon="126.81625"><time>2026-09-27T01:43:55.000Z</time><ele>19.54</ele></trkpt><trkpt lat="37.011705" lon="126.816125"><time>2026-09-27T01:43:56.000Z</time><ele>19.82</ele></trkpt><trkpt lat="37.011884" lon="126.816"><time>2026-09-27T01:43:57.000Z</time><ele>20.05</ele></trkpt><trkpt lat="37.012062" lon="126.815874"><time>2026-09-27T01:43:58.000Z</time><ele>20.03</ele></trkpt><trkpt lat="37.01224" lon="126.815748"><time>2026-09-27T01:43:59.000Z</time><ele>19.9</ele></trkpt><trkpt lat="37.012421" lon="126.815623"><time>2026-09-27T01:44:00.000Z</time><ele>19.89</ele></trkpt><trkpt lat="37.0126" lon="126.815493"><time>2026-09-27T01:44:01.000Z</time><ele>19.84</ele></trkpt><trkpt lat="37.01278" lon="126.815364"><time>2026-09-27T01:44:02.000Z</time><ele>20.11</ele></trkpt><trkpt lat="37.01296" lon="126.815234"><time>2026-09-27T01:44:03.000Z</time><ele>19.83</ele></trkpt><trkpt lat="37.013141" lon="126.815105"><time>2026-09-27T01:44:04.000Z</time><ele>20.11</ele></trkpt><trkpt lat="37.013323" lon="126.814975"><time>2026-09-27T01:44:05.000Z</time><ele>20.09</ele></trkpt><trkpt lat="37.013505" lon="126.814845"><time>2026-09-27T01:44:06.000Z</time><ele>19.93</ele></trkpt><trkpt lat="37.013687" lon="126.814719"><time>2026-09-27T01:44:07.000Z</time><ele>20.39</ele></trkpt><trkpt lat="37.013867" lon="126.814588"><time>2026-09-27T01:44:08.000Z</time><ele>19.82</ele></trkpt><trkpt lat="37.014048" lon="126.814456"><time>2026-09-27T01:44:09.000Z</time><ele>19.67</ele></trkpt><trkpt lat="37.01423" lon="126.814326"><time>2026-09-27T01:44:10.000Z</time><ele>19.6</ele></trkpt><trkpt lat="37.014414" lon="126.814198"><time>2026-09-27T01:44:11.000Z</time><ele>19.31</ele></trkpt><trkpt lat="37.014595" lon="126.814066"><time>2026-09-27T01:44:12.000Z</time><ele>18.74</ele></trkpt><trkpt lat="37.014779" lon="126.813935"><time>2026-09-27T01:44:13.000Z</time><ele>18.75</ele></trkpt><trkpt lat="37.014966" lon="126.813804"><time>2026-09-27T01:44:14.000Z</time><ele>18.91</ele></trkpt><trkpt lat="37.015151" lon="126.813673"><time>2026-09-27T01:44:15.000Z</time><ele>18.94</ele></trkpt><trkpt lat="37.015338" lon="126.813541"><time>2026-09-27T01:44:16.000Z</time><ele>19.03</ele></trkpt><trkpt lat="37.015527" lon="126.813412"><time>2026-09-27T01:44:17.000Z</time><ele>18.98</ele></trkpt><trkpt lat="37.015717" lon="126.813282"><time>2026-09-27T01:44:18.000Z</time><ele>18.61</ele></trkpt><trkpt lat="37.015907" lon="126.813144"><time>2026-09-27T01:44:19.000Z</time><ele>18.36</ele></trkpt><trkpt lat="37.0161" lon="126.813002"><time>2026-09-27T01:44:20.000Z</time><ele>18.37</ele></trkpt><trkpt lat="37.016299" lon="126.812861"><time>2026-09-27T01:44:21.000Z</time><ele>18.85</ele></trkpt><trkpt lat="37.016502" lon="126.812719"><time>2026-09-27T01:44:22.000Z</time><ele>18.63</ele></trkpt><trkpt lat="37.016708" lon="126.812576"><time>2026-09-27T01:44:23.000Z</time><ele>18.38</ele></trkpt><trkpt lat="37.016915" lon="126.81243"><time>2026-09-27T01:44:24.000Z</time><ele>18.5</ele></trkpt><trkpt lat="37.017125" lon="126.81228"><time>2026-09-27T01:44:25.000Z</time><ele>18.42</ele></trkpt><trkpt lat="37.017337" lon="126.81213"><time>2026-09-27T01:44:26.000Z</time><ele>18.32</ele></trkpt><trkpt lat="37.017551" lon="126.811982"><time>2026-09-27T01:44:27.000Z</time><ele>18.65</ele></trkpt><trkpt lat="37.017765" lon="126.811832"><time>2026-09-27T01:44:28.000Z</time><ele>18.65</ele></trkpt><trkpt lat="37.017981" lon="126.811678"><time>2026-09-27T01:44:29.000Z</time><ele>18.4</ele></trkpt><trkpt lat="37.018196" lon="126.811526"><time>2026-09-27T01:44:30.000Z</time><ele>18.22</ele></trkpt><trkpt lat="37.018408" lon="126.811372"><time>2026-09-27T01:44:31.000Z</time><ele>17.77</ele></trkpt><trkpt lat="37.01862" lon="126.811221"><time>2026-09-27T01:44:32.000Z</time><ele>18.04</ele></trkpt><trkpt lat="37.018834" lon="126.811073"><time>2026-09-27T01:44:33.000Z</time><ele>17.79</ele></trkpt><trkpt lat="37.019046" lon="126.810925"><time>2026-09-27T01:44:34.000Z</time><ele>17.39</ele></trkpt><trkpt lat="37.019257" lon="126.810777"><time>2026-09-27T01:44:35.000Z</time><ele>17.37</ele></trkpt><trkpt lat="37.019465" lon="126.810626"><time>2026-09-27T01:44:36.000Z</time><ele>16.85</ele></trkpt><trkpt lat="37.019676" lon="126.810475"><time>2026-09-27T01:44:37.000Z</time><ele>16.6</ele></trkpt><trkpt lat="37.019886" lon="126.810327"><time>2026-09-27T01:44:38.000Z</time><ele>16.16</ele></trkpt><trkpt lat="37.020099" lon="126.810179"><time>2026-09-27T01:44:39.000Z</time><ele>15.65</ele></trkpt><trkpt lat="37.020304" lon="126.810032"><time>2026-09-27T01:44:40.000Z</time><ele>15.59</ele></trkpt><trkpt lat="37.020497" lon="126.809896"><time>2026-09-27T01:44:41.000Z</time><ele>15.4</ele></trkpt><trkpt lat="37.020688" lon="126.809763"><time>2026-09-27T01:44:42.000Z</time><ele>15.25</ele></trkpt><trkpt lat="37.020877" lon="126.809628"><time>2026-09-27T01:44:43.001Z</time><ele>14.93</ele></trkpt><trkpt lat="37.02107" lon="126.809493"><time>2026-09-27T01:44:44.001Z</time><ele>14.52</ele></trkpt><trkpt lat="37.021263" lon="126.809366"><time>2026-09-27T01:44:45.001Z</time><ele>14.48</ele></trkpt><trkpt lat="37.021457" lon="126.809247"><time>2026-09-27T01:44:46.001Z</time><ele>14.28</ele></trkpt><trkpt lat="37.021653" lon="126.809133"><time>2026-09-27T01:44:47.001Z</time><ele>14.62</ele></trkpt><trkpt lat="37.021844" lon="126.809026"><time>2026-09-27T01:44:48.001Z</time><ele>14.42</ele></trkpt><trkpt lat="37.022029" lon="126.808923"><time>2026-09-27T01:44:49.001Z</time><ele>14.29</ele></trkpt><trkpt lat="37.022209" lon="126.808826"><time>2026-09-27T01:44:50.001Z</time><ele>13.85</ele></trkpt><trkpt lat="37.022381" lon="126.808738"><time>2026-09-27T01:44:51.001Z</time><ele>13.49</ele></trkpt><trkpt lat="37.022553" lon="126.808653"><time>2026-09-27T01:44:52.001Z</time><ele>13.25</ele></trkpt><trkpt lat="37.022728" lon="126.808567"><time>2026-09-27T01:44:53.001Z</time><ele>13.21</ele></trkpt><trkpt lat="37.022908" lon="126.808481"><time>2026-09-27T01:44:54.001Z</time><ele>13.09</ele></trkpt><trkpt lat="37.023088" lon="126.808401"><time>2026-09-27T01:44:55.001Z</time><ele>12.49</ele></trkpt><trkpt lat="37.023263" lon="126.80833"><time>2026-09-27T01:44:56.001Z</time><ele>12.67</ele></trkpt><trkpt lat="37.023427" lon="126.808261"><time>2026-09-27T01:44:57.001Z</time><ele>12.02</ele></trkpt><trkpt lat="37.023582" lon="126.808204"><time>2026-09-27T01:44:58.001Z</time><ele>12.4</ele></trkpt><trkpt lat="37.023732" lon="126.808149"><time>2026-09-27T01:44:59.001Z</time><ele>12.25</ele></trkpt><trkpt lat="37.023879" lon="126.808101"><time>2026-09-27T01:45:00.001Z</time><ele>12.65</ele></trkpt><trkpt lat="37.024019" lon="126.808055"><time>2026-09-27T01:45:01.001Z</time><ele>12.46</ele></trkpt><trkpt lat="37.024152" lon="126.808007"><time>2026-09-27T01:45:02.001Z</time><ele>12.38</ele></trkpt><trkpt lat="37.024292" lon="126.80795"><time>2026-09-27T01:45:03.001Z</time><ele>12.19</ele></trkpt><trkpt lat="37.024447" lon="126.807902"><time>2026-09-27T01:45:04.001Z</time><ele>12.76</ele></trkpt><trkpt lat="37.0246" lon="126.807861"><time>2026-09-27T01:45:05.001Z</time><ele>12.44</ele></trkpt><trkpt lat="37.024745" lon="126.807829"><time>2026-09-27T01:45:06.001Z</time><ele>12.79</ele></trkpt><trkpt lat="37.024887" lon="126.80779"><time>2026-09-27T01:45:07.001Z</time><ele>12.81</ele></trkpt><trkpt lat="37.025046" lon="126.807751"><time>2026-09-27T01:45:08.001Z</time><ele>11.85</ele></trkpt><trkpt lat="37.025195" lon="126.807725"><time>2026-09-27T01:45:09.001Z</time><ele>12.05</ele></trkpt><trkpt lat="37.025325" lon="126.807695"><time>2026-09-27T01:45:10.001Z</time><ele>11.28</ele></trkpt><trkpt lat="37.025435" lon="126.807677"><time>2026-09-27T01:45:11.001Z</time><ele>11.28</ele></trkpt><trkpt lat="37.025521" lon="126.807656"><time>2026-09-27T01:45:12.001Z</time><ele>10.9</ele></trkpt><trkpt lat="37.025586" lon="126.807623"><time>2026-09-27T01:45:13.001Z</time><ele>10.82</ele></trkpt><trkpt lat="37.025641" lon="126.807567"><time>2026-09-27T01:45:14.001Z</time><ele>10.69</ele></trkpt><trkpt lat="37.025678" lon="126.807479"><time>2026-09-27T01:45:15.001Z</time><ele>10.84</ele></trkpt><trkpt lat="37.025688" lon="126.807364"><time>2026-09-27T01:45:16.001Z</time><ele>10.54</ele></trkpt><trkpt lat="37.025678" lon="126.807231"><time>2026-09-27T01:45:17.001Z</time><ele>10.5</ele></trkpt><trkpt lat="37.025673" lon="126.80708"><time>2026-09-27T01:45:18.001Z</time><ele>10.3</ele></trkpt><trkpt lat="37.025683" lon="126.806911"><time>2026-09-27T01:45:19.001Z</time><ele>10.47</ele></trkpt><trkpt lat="37.025678" lon="126.806732"><time>2026-09-27T01:45:20.001Z</time><ele>9.96</ele></trkpt><trkpt lat="37.025689" lon="126.806547"><time>2026-09-27T01:45:21.001Z</time><ele>9.48</ele></trkpt><trkpt lat="37.025711" lon="126.80635"><time>2026-09-27T01:45:22.001Z</time><ele>8.93</ele></trkpt><trkpt lat="37.02575" lon="126.806161"><time>2026-09-27T01:45:23.001Z</time><ele>8.79</ele></trkpt><trkpt lat="37.025795" lon="126.805982"><time>2026-09-27T01:45:24.001Z</time><ele>8.75</ele></trkpt><trkpt lat="37.025858" lon="126.805795"><time>2026-09-27T01:45:25.001Z</time><ele>8.89</ele></trkpt><trkpt lat="37.02593" lon="126.805617"><time>2026-09-27T01:45:26.001Z</time><ele>8.19</ele></trkpt><trkpt lat="37.026011" lon="126.805455"><time>2026-09-27T01:45:27.001Z</time><ele>8.54</ele></trkpt><trkpt lat="37.026105" lon="126.805308"><time>2026-09-27T01:45:28.001Z</time><ele>8.95</ele></trkpt><trkpt lat="37.026203" lon="126.805165"><time>2026-09-27T01:45:29.001Z</time><ele>8.67</ele></trkpt><trkpt lat="37.026311" lon="126.805025"><time>2026-09-27T01:45:30.001Z</time><ele>8.73</ele></trkpt><trkpt lat="37.026418" lon="126.804883"><time>2026-09-27T01:45:31.001Z</time><ele>8.74</ele></trkpt><trkpt lat="37.026527" lon="126.804735"><time>2026-09-27T01:45:32.001Z</time><ele>9.15</ele></trkpt><trkpt lat="37.026629" lon="126.804595"><time>2026-09-27T01:45:33.001Z</time><ele>8.99</ele></trkpt><trkpt lat="37.026724" lon="126.804464"><time>2026-09-27T01:45:34.001Z</time><ele>9.09</ele></trkpt><trkpt lat="37.026817" lon="126.804331"><time>2026-09-27T01:45:35.001Z</time><ele>9.29</ele></trkpt><trkpt lat="37.026909" lon="126.804202"><time>2026-09-27T01:45:36.001Z</time><ele>9.19</ele></trkpt><trkpt lat="37.027007" lon="126.804074"><time>2026-09-27T01:45:37.001Z</time><ele>9.41</ele></trkpt><trkpt lat="37.027107" lon="126.803942"><time>2026-09-27T01:45:38.001Z</time><ele>9.73</ele></trkpt><trkpt lat="37.027208" lon="126.803805"><time>2026-09-27T01:45:39.001Z</time><ele>9.73</ele></trkpt><trkpt lat="37.027302" lon="126.803676"><time>2026-09-27T01:45:40.001Z</time><ele>9.9</ele></trkpt><trkpt lat="37.027397" lon="126.803547"><time>2026-09-27T01:45:41.001Z</time><ele>10.22</ele></trkpt><trkpt lat="37.027496" lon="126.803412"><time>2026-09-27T01:45:42.001Z</time><ele>10.34</ele></trkpt><trkpt lat="37.027598" lon="126.803275"><time>2026-09-27T01:45:43.001Z</time><ele>10.38</ele></trkpt><trkpt lat="37.027708" lon="126.803134"><time>2026-09-27T01:45:44.001Z</time><ele>10.66</ele></trkpt><trkpt lat="37.027816" lon="126.80299"><time>2026-09-27T01:45:45.001Z</time><ele>10.63</ele></trkpt><trkpt lat="37.027916" lon="126.802853"><time>2026-09-27T01:45:46.001Z</time><ele>10.5</ele></trkpt><trkpt lat="37.028016" lon="126.802715"><time>2026-09-27T01:45:47.001Z</time><ele>10.55</ele></trkpt><trkpt lat="37.028114" lon="126.802576"><time>2026-09-27T01:45:48.001Z</time><ele>10.67</ele></trkpt><trkpt lat="37.028211" lon="126.802442"><time>2026-09-27T01:45:49.001Z</time><ele>10.8</ele></trkpt><trkpt lat="37.028305" lon="126.802317"><time>2026-09-27T01:45:50.001Z</time><ele>10.94</ele></trkpt><trkpt lat="37.028395" lon="126.8022"><time>2026-09-27T01:45:51.001Z</time><ele>11.23</ele></trkpt><trkpt lat="37.028477" lon="126.802089"><time>2026-09-27T01:45:52.000Z</time><ele>11.24</ele></trkpt><trkpt lat="37.028558" lon="126.801983"><time>2026-09-27T01:45:53.000Z</time><ele>11.55</ele></trkpt><trkpt lat="37.028635" lon="126.801885"><time>2026-09-27T01:45:54.000Z</time><ele>11.55</ele></trkpt><trkpt lat="37.028708" lon="126.801791"><time>2026-09-27T01:45:55.000Z</time><ele>11.44</ele></trkpt><trkpt lat="37.028782" lon="126.8017"><time>2026-09-27T01:45:56.000Z</time><ele>11.26</ele></trkpt><trkpt lat="37.02886" lon="126.801603"><time>2026-09-27T01:45:57.000Z</time><ele>11.34</ele></trkpt><trkpt lat="37.02894" lon="126.801503"><time>2026-09-27T01:45:58.000Z</time><ele>11.34</ele></trkpt><trkpt lat="37.029023" lon="126.8014"><time>2026-09-27T01:45:59.000Z</time><ele>11.57</ele></trkpt><trkpt lat="37.029108" lon="126.801294"><time>2026-09-27T01:46:00.000Z</time><ele>11.19</ele></trkpt><trkpt lat="37.029199" lon="126.801185"><time>2026-09-27T01:46:01.000Z</time><ele>11.33</ele></trkpt><trkpt lat="37.02929" lon="126.801072"><time>2026-09-27T01:46:02.000Z</time><ele>11.1</ele></trkpt><trkpt lat="37.029383" lon="126.800954"><time>2026-09-27T01:46:03.000Z</time><ele>11.01</ele></trkpt><trkpt lat="37.029474" lon="126.800833"><time>2026-09-27T01:46:04.000Z</time><ele>10.94</ele></trkpt><trkpt lat="37.029573" lon="126.800709"><time>2026-09-27T01:46:05.000Z</time><ele>10.71</ele></trkpt><trkpt lat="37.029671" lon="126.800583"><time>2026-09-27T01:46:06.000Z</time><ele>10.39</ele></trkpt><trkpt lat="37.029773" lon="126.800458"><time>2026-09-27T01:46:07.000Z</time><ele>10.44</ele></trkpt><trkpt lat="37.029865" lon="126.800337"><time>2026-09-27T01:46:08.000Z</time><ele>10.13</ele></trkpt><trkpt lat="37.029952" lon="126.800222"><time>2026-09-27T01:46:09.000Z</time><ele>9.65</ele></trkpt><trkpt lat="37.030039" lon="126.800111"><time>2026-09-27T01:46:10.000Z</time><ele>9.78</ele></trkpt><trkpt lat="37.030114" lon="126.800013"><time>2026-09-27T01:46:11.000Z</time><ele>9.69</ele></trkpt><trkpt lat="37.030178" lon="126.79993"><time>2026-09-27T01:46:12.000Z</time><ele>9.77</ele></trkpt><trkpt lat="37.030241" lon="126.799855"><time>2026-09-27T01:46:13.000Z</time><ele>10.08</ele></trkpt><trkpt lat="37.030295" lon="126.799791"><time>2026-09-27T01:46:14.000Z</time><ele>10.07</ele></trkpt><trkpt lat="37.030334" lon="126.799718"><time>2026-09-27T01:46:15.000Z</time><ele>9.98</ele></trkpt><trkpt lat="37.030381" lon="126.799677"><time>2026-09-27T01:46:16.000Z</time><ele>9.84</ele></trkpt><trkpt lat="37.030436" lon="126.799661"><time>2026-09-27T01:46:17.000Z</time><ele>9.88</ele></trkpt><trkpt lat="37.03048" lon="126.799631"><time>2026-09-27T01:46:18.000Z</time><ele>10.09</ele></trkpt><trkpt lat="37.030516" lon="126.799598"><time>2026-09-27T01:46:19.000Z</time><ele>10.23</ele></trkpt><trkpt lat="37.030544" lon="126.799549"><time>2026-09-27T01:46:20.000Z</time><ele>10.24</ele></trkpt><trkpt lat="37.030566" lon="126.799482"><time>2026-09-27T01:46:21.000Z</time><ele>10.27</ele></trkpt><trkpt lat="37.030589" lon="126.799412"><time>2026-09-27T01:46:22.000Z</time><ele>10.35</ele></trkpt><trkpt lat="37.030592" lon="126.799325"><time>2026-09-27T01:46:23.000Z</time><ele>10.51</ele></trkpt><trkpt lat="37.030629" lon="126.799263"><time>2026-09-27T01:46:24.000Z</time><ele>10.67</ele></trkpt><trkpt lat="37.030721" lon="126.799243"><time>2026-09-27T01:46:25.000Z</time><ele>10.98</ele></trkpt><trkpt lat="37.030776" lon="126.799179"><time>2026-09-27T01:46:26.000Z</time><ele>11.04</ele></trkpt><trkpt lat="37.030834" lon="126.799109"><time>2026-09-27T01:46:27.000Z</time><ele>11.21</ele></trkpt><trkpt lat="37.030896" lon="126.799031"><time>2026-09-27T01:46:28.000Z</time><ele>11.44</ele></trkpt><trkpt lat="37.030957" lon="126.798947"><time>2026-09-27T01:46:29.000Z</time><ele>11.28</ele></trkpt><trkpt lat="37.031026" lon="126.798859"><time>2026-09-27T01:46:30.000Z</time><ele>11.39</ele></trkpt><trkpt lat="37.031095" lon="126.798772"><time>2026-09-27T01:46:31.000Z</time><ele>11.33</ele></trkpt><trkpt lat="37.031167" lon="126.798686"><time>2026-09-27T01:46:32.000Z</time><ele>11.51</ele></trkpt><trkpt lat="37.031243" lon="126.798598"><time>2026-09-27T01:46:33.000Z</time><ele>11.5</ele></trkpt><trkpt lat="37.031314" lon="126.798512"><time>2026-09-27T01:46:34.000Z</time><ele>11.68</ele></trkpt><trkpt lat="37.031382" lon="126.798428"><time>2026-09-27T01:46:35.000Z</time><ele>11.75</ele></trkpt><trkpt lat="37.031448" lon="126.798349"><time>2026-09-27T01:46:36.000Z</time><ele>12.07</ele></trkpt><trkpt lat="37.031512" lon="126.798272"><time>2026-09-27T01:46:37.000Z</time><ele>11.76</ele></trkpt><trkpt lat="37.031583" lon="126.798183"><time>2026-09-27T01:46:38.000Z</time><ele>11.56</ele></trkpt><trkpt lat="37.031652" lon="126.798092"><time>2026-09-27T01:46:39.000Z</time><ele>10.92</ele></trkpt><trkpt lat="37.031727" lon="126.798"><time>2026-09-27T01:46:40.000Z</time><ele>10.59</ele></trkpt><trkpt lat="37.031793" lon="126.797916"><time>2026-09-27T01:46:41.000Z</time><ele>10.39</ele></trkpt><trkpt lat="37.031856" lon="126.797837"><time>2026-09-27T01:46:42.000Z</time><ele>10.22</ele></trkpt><trkpt lat="37.031919" lon="126.797754"><time>2026-09-27T01:46:43.000Z</time><ele>9.94</ele></trkpt><trkpt lat="37.031997" lon="126.797665"><time>2026-09-27T01:46:44.000Z</time><ele>9.88</ele></trkpt><trkpt lat="37.032068" lon="126.797578"><time>2026-09-27T01:46:45.000Z</time><ele>9.98</ele></trkpt><trkpt lat="37.032125" lon="126.797503"><time>2026-09-27T01:46:46.000Z</time><ele>9.41</ele></trkpt><trkpt lat="37.032196" lon="126.797419"><time>2026-09-27T01:46:47.000Z</time><ele>9.75</ele></trkpt><trkpt lat="37.032271" lon="126.797328"><time>2026-09-27T01:46:48.000Z</time><ele>9.88</ele></trkpt><trkpt lat="37.032353" lon="126.797235"><time>2026-09-27T01:46:49.000Z</time><ele>10.2</ele></trkpt><trkpt lat="37.03244" lon="126.797137"><time>2026-09-27T01:46:50.000Z</time><ele>10.7</ele></trkpt><trkpt lat="37.032541" lon="126.797036"><time>2026-09-27T01:46:51.000Z</time><ele>10.49</ele></trkpt><trkpt lat="37.032637" lon="126.796905"><time>2026-09-27T01:46:52.000Z</time><ele>10.79</ele></trkpt><trkpt lat="37.03276" lon="126.796776"><time>2026-09-27T01:46:53.001Z</time><ele>10.94</ele></trkpt><trkpt lat="37.032887" lon="126.796626"><time>2026-09-27T01:46:54.001Z</time><ele>11.47</ele></trkpt><trkpt lat="37.033026" lon="126.796454"><time>2026-09-27T01:46:55.001Z</time><ele>11.66</ele></trkpt><trkpt lat="37.033178" lon="126.796268"><time>2026-09-27T01:46:56.001Z</time><ele>11.47</ele></trkpt><trkpt lat="37.033337" lon="126.796068"><time>2026-09-27T01:46:57.001Z</time><ele>11.31</ele></trkpt><trkpt lat="37.033499" lon="126.79587"><time>2026-09-27T01:46:58.001Z</time><ele>11.3</ele></trkpt><trkpt lat="37.03365" lon="126.795687"><time>2026-09-27T01:46:59.001Z</time><ele>11.47</ele></trkpt><trkpt lat="37.033802" lon="126.795498"><time>2026-09-27T01:47:00.001Z</time><ele>11.18</ele></trkpt><trkpt lat="37.033957" lon="126.795308"><time>2026-09-27T01:47:01.001Z</time><ele>11.29</ele></trkpt><trkpt lat="37.034117" lon="126.795111"><time>2026-09-27T01:47:02.001Z</time><ele>11.53</ele></trkpt><trkpt lat="37.034264" lon="126.794927"><time>2026-09-27T01:47:03.001Z</time><ele>11.51</ele></trkpt><trkpt lat="37.034391" lon="126.794768"><time>2026-09-27T01:47:04.001Z</time><ele>11.01</ele></trkpt><trkpt lat="37.034505" lon="126.794634"><time>2026-09-27T01:47:05.001Z</time><ele>11.1</ele></trkpt><trkpt lat="37.034612" lon="126.794504"><time>2026-09-27T01:47:06.001Z</time><ele>10.74</ele></trkpt><trkpt lat="37.034731" lon="126.794364"><time>2026-09-27T01:47:07.001Z</time><ele>10.97</ele></trkpt><trkpt lat="37.034849" lon="126.794209"><time>2026-09-27T01:47:08.001Z</time><ele>11.2</ele></trkpt><trkpt lat="37.034978" lon="126.794036"><time>2026-09-27T01:47:09.001Z</time><ele>11.08</ele></trkpt><trkpt lat="37.035113" lon="126.793855"><time>2026-09-27T01:47:10.001Z</time><ele>11.75</ele></trkpt><trkpt lat="37.035252" lon="126.793677"><time>2026-09-27T01:47:11.001Z</time><ele>12.26</ele></trkpt><trkpt lat="37.036155" lon="126.792579"><time>2026-09-27T01:47:17.001Z</time><ele>12.23</ele></trkpt><trkpt lat="37.036292" lon="126.792409"><time>2026-09-27T01:47:18.001Z</time><ele>12.42</ele></trkpt><trkpt lat="37.036423" lon="126.792254"><time>2026-09-27T01:47:19.001Z</time><ele>12.03</ele></trkpt><trkpt lat="37.036544" lon="126.792122"><time>2026-09-27T01:47:20.001Z</time><ele>12.41</ele></trkpt><trkpt lat="37.036646" lon="126.792034"><time>2026-09-27T01:47:21.001Z</time><ele>12.45</ele></trkpt><trkpt lat="37.036733" lon="126.791968"><time>2026-09-27T01:47:22.001Z</time><ele>12.42</ele></trkpt><trkpt lat="37.036823" lon="126.791903"><time>2026-09-27T01:47:23.001Z</time><ele>12.54</ele></trkpt><trkpt lat="37.036918" lon="126.791841"><time>2026-09-27T01:47:24.001Z</time><ele>12.33</ele></trkpt><trkpt lat="37.037029" lon="126.791787"><time>2026-09-27T01:47:25.001Z</time><ele>13</ele></trkpt><trkpt lat="37.037131" lon="126.791741"><time>2026-09-27T01:47:26.001Z</time><ele>13.22</ele></trkpt><trkpt lat="37.03723" lon="126.791696"><time>2026-09-27T01:47:27.001Z</time><ele>12.82</ele></trkpt><trkpt lat="37.037346" lon="126.791663"><time>2026-09-27T01:47:28.001Z</time><ele>12.73</ele></trkpt><trkpt lat="37.037456" lon="126.791633"><time>2026-09-27T01:47:29.001Z</time><ele>12.57</ele></trkpt><trkpt lat="37.037575" lon="126.791613"><time>2026-09-27T01:47:30.001Z</time><ele>12.92</ele></trkpt><trkpt lat="37.037699" lon="126.791607"><time>2026-09-27T01:47:31.001Z</time><ele>13.1</ele></trkpt><trkpt lat="37.03783" lon="126.791603"><time>2026-09-27T01:47:32.001Z</time><ele>13.09</ele></trkpt><trkpt lat="37.037967" lon="126.791601"><time>2026-09-27T01:47:33.001Z</time><ele>12.59</ele></trkpt><trkpt lat="37.03811" lon="126.791602"><time>2026-09-27T01:47:34.001Z</time><ele>12.21</ele></trkpt><trkpt lat="37.038248" lon="126.791584"><time>2026-09-27T01:47:35.001Z</time><ele>11.97</ele></trkpt><trkpt lat="37.03839" lon="126.791542"><time>2026-09-27T01:47:36.001Z</time><ele>11.8</ele></trkpt><trkpt lat="37.038527" lon="126.791488"><time>2026-09-27T01:47:37.001Z</time><ele>11.31</ele></trkpt><trkpt lat="37.038664" lon="126.791424"><time>2026-09-27T01:47:38.001Z</time><ele>11.23</ele></trkpt><trkpt lat="37.0388" lon="126.791349"><time>2026-09-27T01:47:39.001Z</time><ele>11.63</ele></trkpt><trkpt lat="37.038936" lon="126.791272"><time>2026-09-27T01:47:40.001Z</time><ele>11.53</ele></trkpt><trkpt lat="37.039069" lon="126.7912"><time>2026-09-27T01:47:41.001Z</time><ele>11.42</ele></trkpt><trkpt lat="37.039196" lon="126.791136"><time>2026-09-27T01:47:42.001Z</time><ele>11.49</ele></trkpt><trkpt lat="37.039317" lon="126.791072"><time>2026-09-27T01:47:43.001Z</time><ele>11.97</ele></trkpt><trkpt lat="37.039429" lon="126.791017"><time>2026-09-27T01:47:44.001Z</time><ele>11.85</ele></trkpt><trkpt lat="37.039538" lon="126.790961"><time>2026-09-27T01:47:45.001Z</time><ele>11.73</ele></trkpt><trkpt lat="37.039643" lon="126.790906"><time>2026-09-27T01:47:46.001Z</time><ele>11.83</ele></trkpt><trkpt lat="37.039735" lon="126.790842"><time>2026-09-27T01:47:47.001Z</time><ele>11.56</ele></trkpt><trkpt lat="37.039821" lon="126.790767"><time>2026-09-27T01:47:48.001Z</time><ele>11.23</ele></trkpt><trkpt lat="37.039901" lon="126.790684"><time>2026-09-27T01:47:49.001Z</time><ele>10.39</ele></trkpt><trkpt lat="37.039995" lon="126.790584"><time>2026-09-27T01:47:50.001Z</time><ele>10.9</ele></trkpt><trkpt lat="37.040076" lon="126.790472"><time>2026-09-27T01:47:51.001Z</time><ele>10.83</ele></trkpt><trkpt lat="37.040143" lon="126.790368"><time>2026-09-27T01:47:52.001Z</time><ele>10.1</ele></trkpt><trkpt lat="37.040202" lon="126.790272"><time>2026-09-27T01:47:53.001Z</time><ele>11.04</ele></trkpt><trkpt lat="37.040255" lon="126.790189"><time>2026-09-27T01:47:54.001Z</time><ele>11.81</ele></trkpt><trkpt lat="37.040286" lon="126.790123"><time>2026-09-27T01:47:55.001Z</time><ele>11.92</ele></trkpt><trkpt lat="37.040315" lon="126.790067"><time>2026-09-27T01:47:56.001Z</time><ele>12.01</ele></trkpt><trkpt lat="37.040349" lon="126.789996"><time>2026-09-27T01:47:58.000Z</time><ele>12.29</ele></trkpt><trkpt lat="37.040352" lon="126.789938"><time>2026-09-27T01:48:04.000Z</time><ele>14.13</ele></trkpt><trkpt lat="37.040365" lon="126.789883"><time>2026-09-27T01:48:05.000Z</time><ele>14.49</ele></trkpt><trkpt lat="37.040381" lon="126.789811"><time>2026-09-27T01:48:06.000Z</time><ele>14.64</ele></trkpt><trkpt lat="37.040398" lon="126.78972"><time>2026-09-27T01:48:07.000Z</time><ele>15.04</ele></trkpt><trkpt lat="37.040428" lon="126.789618"><time>2026-09-27T01:48:08.000Z</time><ele>15.43</ele></trkpt><trkpt lat="37.040436" lon="126.789491"><time>2026-09-27T01:48:09.000Z</time><ele>15.97</ele></trkpt><trkpt lat="37.040434" lon="126.789348"><time>2026-09-27T01:48:10.000Z</time><ele>16.29</ele></trkpt><trkpt lat="37.040417" lon="126.789195"><time>2026-09-27T01:48:11.000Z</time><ele>17.18</ele></trkpt><trkpt lat="37.040383" lon="126.789027"><time>2026-09-27T01:48:12.000Z</time><ele>17.1</ele></trkpt><trkpt lat="37.040346" lon="126.788844"><time>2026-09-27T01:48:13.000Z</time><ele>17.15</ele></trkpt><trkpt lat="37.040315" lon="126.788652"><time>2026-09-27T01:48:14.000Z</time><ele>17.67</ele></trkpt><trkpt lat="37.040289" lon="126.788455"><time>2026-09-27T01:48:15.000Z</time><ele>17.67</ele></trkpt><trkpt lat="37.040262" lon="126.788251"><time>2026-09-27T01:48:16.000Z</time><ele>18.21</ele></trkpt><trkpt lat="37.040233" lon="126.788045"><time>2026-09-27T01:48:17.000Z</time><ele>19.34</ele></trkpt><trkpt lat="37.040202" lon="126.787842"><time>2026-09-27T01:48:18.000Z</time><ele>19.71</ele></trkpt><trkpt lat="37.040174" lon="126.787659"><time>2026-09-27T01:48:19.000Z</time><ele>20</ele></trkpt><trkpt lat="37.040146" lon="126.787487"><time>2026-09-27T01:48:20.000Z</time><ele>20.3</ele></trkpt><trkpt lat="37.040121" lon="126.787328"><time>2026-09-27T01:48:21.000Z</time><ele>20.18</ele></trkpt><trkpt lat="37.040098" lon="126.787174"><time>2026-09-27T01:48:22.000Z</time><ele>20.2</ele></trkpt><trkpt lat="37.040078" lon="126.787013"><time>2026-09-27T01:48:23.000Z</time><ele>20.73</ele></trkpt><trkpt lat="37.040055" lon="126.786848"><time>2026-09-27T01:48:24.000Z</time><ele>21.1</ele></trkpt><trkpt lat="37.04003" lon="126.786689"><time>2026-09-27T01:48:25.000Z</time><ele>20.79</ele></trkpt><trkpt lat="37.040008" lon="126.786547"><time>2026-09-27T01:48:26.000Z</time><ele>20.81</ele></trkpt><trkpt lat="37.039992" lon="126.786419"><time>2026-09-27T01:48:27.000Z</time><ele>20.65</ele></trkpt><trkpt lat="37.039974" lon="126.786276"><time>2026-09-27T01:48:28.000Z</time><ele>20.89</ele></trkpt><trkpt lat="37.039963" lon="126.786127"><time>2026-09-27T01:48:29.000Z</time><ele>21.59</ele></trkpt><trkpt lat="37.039978" lon="126.785969"><time>2026-09-27T01:48:30.000Z</time><ele>22.97</ele></trkpt><trkpt lat="37.040006" lon="126.785823"><time>2026-09-27T01:48:31.000Z</time><ele>23.68</ele></trkpt><trkpt lat="37.04006" lon="126.785713"><time>2026-09-27T01:48:32.000Z</time><ele>24.59</ele></trkpt><trkpt lat="37.04011" lon="126.785619"><time>2026-09-27T01:48:33.000Z</time><ele>25.46</ele></trkpt><trkpt lat="37.040141" lon="126.785514"><time>2026-09-27T01:48:34.000Z</time><ele>26.06</ele></trkpt><trkpt lat="37.04017" lon="126.785401"><time>2026-09-27T01:48:35.000Z</time><ele>26.88</ele></trkpt><trkpt lat="37.040182" lon="126.785282"><time>2026-09-27T01:48:36.000Z</time><ele>27.01</ele></trkpt><trkpt lat="37.040184" lon="126.785168"><time>2026-09-27T01:48:37.000Z</time><ele>27.63</ele></trkpt><trkpt lat="37.04018" lon="126.785035"><time>2026-09-27T01:48:38.000Z</time><ele>27.98</ele></trkpt><trkpt lat="37.040171" lon="126.784897"><time>2026-09-27T01:48:39.000Z</time><ele>27.23</ele></trkpt><trkpt lat="37.040159" lon="126.784772"><time>2026-09-27T01:48:40.000Z</time><ele>27.14</ele></trkpt><trkpt lat="37.040146" lon="126.78464"><time>2026-09-27T01:48:41.000Z</time><ele>26.76</ele></trkpt><trkpt lat="37.040123" lon="126.784491"><time>2026-09-27T01:48:42.000Z</time><ele>26.49</ele></trkpt><trkpt lat="37.0401" lon="126.784323"><time>2026-09-27T01:48:43.000Z</time><ele>26.65</ele></trkpt><trkpt lat="37.040076" lon="126.784151"><time>2026-09-27T01:48:44.000Z</time><ele>25.92</ele></trkpt><trkpt lat="37.040056" lon="126.783993"><time>2026-09-27T01:48:45.000Z</time><ele>25.69</ele></trkpt><trkpt lat="37.040036" lon="126.783825"><time>2026-09-27T01:48:46.000Z</time><ele>25.92</ele></trkpt><trkpt lat="37.040026" lon="126.783651"><time>2026-09-27T01:48:47.000Z</time><ele>26.07</ele></trkpt><trkpt lat="37.040017" lon="126.783468"><time>2026-09-27T01:48:48.000Z</time><ele>26.06</ele></trkpt><trkpt lat="37.040001" lon="126.783284"><time>2026-09-27T01:48:49.000Z</time><ele>26.13</ele></trkpt><trkpt lat="37.039979" lon="126.783092"><time>2026-09-27T01:48:50.000Z</time><ele>25.32</ele></trkpt><trkpt lat="37.039958" lon="126.782914"><time>2026-09-27T01:48:51.000Z</time><ele>25.33</ele></trkpt><trkpt lat="37.039945" lon="126.782741"><time>2026-09-27T01:48:52.000Z</time><ele>24.89</ele></trkpt><trkpt lat="37.039926" lon="126.782572"><time>2026-09-27T01:48:53.000Z</time><ele>24.25</ele></trkpt><trkpt lat="37.039903" lon="126.782399"><time>2026-09-27T01:48:54.000Z</time><ele>23.52</ele></trkpt><trkpt lat="37.039884" lon="126.782226"><time>2026-09-27T01:48:55.000Z</time><ele>23.2</ele></trkpt><trkpt lat="37.039865" lon="126.782056"><time>2026-09-27T01:48:56.000Z</time><ele>22.8</ele></trkpt><trkpt lat="37.039851" lon="126.78189"><time>2026-09-27T01:48:57.000Z</time><ele>22.34</ele></trkpt><trkpt lat="37.039841" lon="126.781719"><time>2026-09-27T01:48:58.000Z</time><ele>22.26</ele></trkpt><trkpt lat="37.039832" lon="126.781542"><time>2026-09-27T01:48:59.001Z</time><ele>21.82</ele></trkpt><trkpt lat="37.039827" lon="126.78136"><time>2026-09-27T01:49:00.001Z</time><ele>21.83</ele></trkpt><trkpt lat="37.039819" lon="126.781175"><time>2026-09-27T01:49:01.001Z</time><ele>21.42</ele></trkpt><trkpt lat="37.039808" lon="126.781"><time>2026-09-27T01:49:02.001Z</time><ele>21.09</ele></trkpt><trkpt lat="37.039799" lon="126.780832"><time>2026-09-27T01:49:03.001Z</time><ele>21.37</ele></trkpt><trkpt lat="37.039794" lon="126.780672"><time>2026-09-27T01:49:04.001Z</time><ele>21.14</ele></trkpt><trkpt lat="37.039788" lon="126.780525"><time>2026-09-27T01:49:05.001Z</time><ele>21.14</ele></trkpt><trkpt lat="37.039782" lon="126.780398"><time>2026-09-27T01:49:06.001Z</time><ele>21.49</ele></trkpt><trkpt lat="37.039772" lon="126.780288"><time>2026-09-27T01:49:07.001Z</time><ele>21.23</ele></trkpt><trkpt lat="37.039765" lon="126.780181"><time>2026-09-27T01:49:08.001Z</time><ele>21.23</ele></trkpt><trkpt lat="37.039764" lon="126.780052"><time>2026-09-27T01:49:09.001Z</time><ele>21.15</ele></trkpt><trkpt lat="37.039761" lon="126.779911"><time>2026-09-27T01:49:10.001Z</time><ele>21.47</ele></trkpt><trkpt lat="37.039752" lon="126.779774"><time>2026-09-27T01:49:11.001Z</time><ele>21.88</ele></trkpt><trkpt lat="37.039745" lon="126.779649"><time>2026-09-27T01:49:12.001Z</time><ele>21.71</ele></trkpt><trkpt lat="37.03974" lon="126.779508"><time>2026-09-27T01:49:13.001Z</time><ele>21.63</ele></trkpt><trkpt lat="37.039732" lon="126.779357"><time>2026-09-27T01:49:14.001Z</time><ele>22.29</ele></trkpt><trkpt lat="37.039716" lon="126.779202"><time>2026-09-27T01:49:15.001Z</time><ele>22.68</ele></trkpt><trkpt lat="37.039688" lon="126.779044"><time>2026-09-27T01:49:16.001Z</time><ele>22.8</ele></trkpt><trkpt lat="37.039655" lon="126.778879"><time>2026-09-27T01:49:17.001Z</time><ele>23.02</ele></trkpt><trkpt lat="37.039613" lon="126.778713"><time>2026-09-27T01:49:18.001Z</time><ele>22.79</ele></trkpt><trkpt lat="37.039567" lon="126.778542"><time>2026-09-27T01:49:19.001Z</time><ele>23</ele></trkpt><trkpt lat="37.039522" lon="126.778375"><time>2026-09-27T01:49:20.001Z</time><ele>23.38</ele></trkpt><trkpt lat="37.039483" lon="126.778223"><time>2026-09-27T01:49:21.001Z</time><ele>23.18</ele></trkpt><trkpt lat="37.039444" lon="126.77808"><time>2026-09-27T01:49:22.001Z</time><ele>23.61</ele></trkpt><trkpt lat="37.039409" lon="126.777952"><time>2026-09-27T01:49:23.001Z</time><ele>23.89</ele></trkpt><trkpt lat="37.039374" lon="126.777828"><time>2026-09-27T01:49:24.001Z</time><ele>23.95</ele></trkpt><trkpt lat="37.039346" lon="126.777719"><time>2026-09-27T01:49:25.001Z</time><ele>24.48</ele></trkpt><trkpt lat="37.039317" lon="126.777625"><time>2026-09-27T01:49:26.001Z</time><ele>24.32</ele></trkpt><trkpt lat="37.039291" lon="126.777531"><time>2026-09-27T01:49:27.001Z</time><ele>24.42</ele></trkpt><trkpt lat="37.039267" lon="126.777427"><time>2026-09-27T01:49:28.001Z</time><ele>24.61</ele></trkpt><trkpt lat="37.03924" lon="126.777316"><time>2026-09-27T01:49:29.001Z</time><ele>24.66</ele></trkpt><trkpt lat="37.039209" lon="126.777196"><time>2026-09-27T01:49:30.001Z</time><ele>24.59</ele></trkpt><trkpt lat="37.039175" lon="126.777068"><time>2026-09-27T01:49:31.001Z</time><ele>24.67</ele></trkpt><trkpt lat="37.039141" lon="126.776942"><time>2026-09-27T01:49:32.001Z</time><ele>24.17</ele></trkpt><trkpt lat="37.039105" lon="126.776822"><time>2026-09-27T01:49:33.001Z</time><ele>23.71</ele></trkpt><trkpt lat="37.039071" lon="126.776694"><time>2026-09-27T01:49:34.001Z</time><ele>23.24</ele></trkpt><trkpt lat="37.039039" lon="126.776563"><time>2026-09-27T01:49:35.001Z</time><ele>22.68</ele></trkpt><trkpt lat="37.03901" lon="126.776425"><time>2026-09-27T01:49:36.001Z</time><ele>22.28</ele></trkpt><trkpt lat="37.038989" lon="126.776279"><time>2026-09-27T01:49:37.001Z</time><ele>21.57</ele></trkpt><trkpt lat="37.038979" lon="126.776127"><time>2026-09-27T01:49:38.001Z</time><ele>20.57</ele></trkpt><trkpt lat="37.038972" lon="126.775966"><time>2026-09-27T01:49:39.001Z</time><ele>20.25</ele></trkpt><trkpt lat="37.038958" lon="126.775802"><time>2026-09-27T01:49:40.001Z</time><ele>20.18</ele></trkpt><trkpt lat="37.03894" lon="126.775637"><time>2026-09-27T01:49:41.001Z</time><ele>19.99</ele></trkpt><trkpt lat="37.03892" lon="126.77548"><time>2026-09-27T01:49:42.001Z</time><ele>19.81</ele></trkpt><trkpt lat="37.038896" lon="126.775333"><time>2026-09-27T01:49:43.001Z</time><ele>19.14</ele></trkpt><trkpt lat="37.038861" lon="126.775199"><time>2026-09-27T01:49:44.001Z</time><ele>19.6</ele></trkpt><trkpt lat="37.038818" lon="126.775072"><time>2026-09-27T01:49:45.001Z</time><ele>19.5</ele></trkpt><trkpt lat="37.038786" lon="126.774928"><time>2026-09-27T01:49:46.001Z</time><ele>19.25</ele></trkpt><trkpt lat="37.038731" lon="126.774796"><time>2026-09-27T01:49:47.001Z</time><ele>19.01</ele></trkpt><trkpt lat="37.038673" lon="126.774675"><time>2026-09-27T01:49:48.001Z</time><ele>18.98</ele></trkpt><trkpt lat="37.038608" lon="126.774553"><time>2026-09-27T01:49:49.001Z</time><ele>19.22</ele></trkpt><trkpt lat="37.038549" lon="126.774446"><time>2026-09-27T01:49:50.001Z</time><ele>19.13</ele></trkpt><trkpt lat="37.038495" lon="126.774347"><time>2026-09-27T01:49:51.001Z</time><ele>19.19</ele></trkpt><trkpt lat="37.03848" lon="126.774211"><time>2026-09-27T01:49:52.001Z</time><ele>19.65</ele></trkpt><trkpt lat="37.038481" lon="126.774067"><time>2026-09-27T01:49:53.001Z</time><ele>19.58</ele></trkpt><trkpt lat="37.038515" lon="126.773918"><time>2026-09-27T01:49:54.001Z</time><ele>20.45</ele></trkpt><trkpt lat="37.03857" lon="126.773776"><time>2026-09-27T01:49:55.001Z</time><ele>21.4</ele></trkpt><trkpt lat="37.038656" lon="126.773656"><time>2026-09-27T01:49:56.001Z</time><ele>22.34</ele></trkpt><trkpt lat="37.038744" lon="126.773546"><time>2026-09-27T01:49:57.001Z</time><ele>23.1</ele></trkpt><trkpt lat="37.038823" lon="126.773448"><time>2026-09-27T01:49:58.001Z</time><ele>23.37</ele></trkpt><trkpt lat="37.038889" lon="126.773358"><time>2026-09-27T01:49:59.001Z</time><ele>23.79</ele></trkpt><trkpt lat="37.038954" lon="126.773269"><time>2026-09-27T01:50:00.001Z</time><ele>24.45</ele></trkpt><trkpt lat="37.039016" lon="126.773181"><time>2026-09-27T01:50:01.001Z</time><ele>24.89</ele></trkpt><trkpt lat="37.039074" lon="126.773103"><time>2026-09-27T01:50:02.001Z</time><ele>25.66</ele></trkpt><trkpt lat="37.039125" lon="126.773028"><time>2026-09-27T01:50:03.001Z</time><ele>26.03</ele></trkpt><trkpt lat="37.039178" lon="126.772941"><time>2026-09-27T01:50:04.000Z</time><ele>26.42</ele></trkpt><trkpt lat="37.039235" lon="126.772845"><time>2026-09-27T01:50:05.000Z</time><ele>26.95</ele></trkpt><trkpt lat="37.039283" lon="126.77274"><time>2026-09-27T01:50:06.000Z</time><ele>26.91</ele></trkpt><trkpt lat="37.03933" lon="126.772629"><time>2026-09-27T01:50:07.000Z</time><ele>26.84</ele></trkpt><trkpt lat="37.039398" lon="126.772511"><time>2026-09-27T01:50:08.000Z</time><ele>28.15</ele></trkpt><trkpt lat="37.039467" lon="126.772393"><time>2026-09-27T01:50:09.000Z</time><ele>28.3</ele></trkpt><trkpt lat="37.039532" lon="126.772269"><time>2026-09-27T01:50:10.000Z</time><ele>28.69</ele></trkpt><trkpt lat="37.039603" lon="126.772142"><time>2026-09-27T01:50:11.000Z</time><ele>29.5</ele></trkpt><trkpt lat="37.03967" lon="126.772009"><time>2026-09-27T01:50:12.000Z</time><ele>29.28</ele></trkpt><trkpt lat="37.039724" lon="126.771871"><time>2026-09-27T01:50:13.000Z</time><ele>28.97</ele></trkpt><trkpt lat="37.039765" lon="126.771739"><time>2026-09-27T01:50:14.000Z</time><ele>29.05</ele></trkpt><trkpt lat="37.039802" lon="126.77161"><time>2026-09-27T01:50:15.000Z</time><ele>27.88</ele></trkpt><trkpt lat="37.039848" lon="126.771474"><time>2026-09-27T01:50:16.000Z</time><ele>27.78</ele></trkpt><trkpt lat="37.039886" lon="126.771349"><time>2026-09-27T01:50:17.000Z</time><ele>27.48</ele></trkpt><trkpt lat="37.039922" lon="126.771231"><time>2026-09-27T01:50:18.000Z</time><ele>27.04</ele></trkpt><trkpt lat="37.039957" lon="126.771121"><time>2026-09-27T01:50:19.000Z</time><ele>26.86</ele></trkpt><trkpt lat="37.039993" lon="126.771015"><time>2026-09-27T01:50:20.000Z</time><ele>27.33</ele></trkpt><trkpt lat="37.040043" lon="126.770923"><time>2026-09-27T01:50:21.000Z</time><ele>27.23</ele></trkpt><trkpt lat="37.040063" lon="126.770837"><time>2026-09-27T01:50:22.000Z</time><ele>26.89</ele></trkpt><trkpt lat="37.040153" lon="126.770769"><time>2026-09-27T01:50:23.000Z</time><ele>26.85</ele></trkpt><trkpt lat="37.040244" lon="126.770751"><time>2026-09-27T01:50:24.000Z</time><ele>26.67</ele></trkpt><trkpt lat="37.040325" lon="126.770738"><time>2026-09-27T01:50:25.000Z</time><ele>26.39</ele></trkpt><trkpt lat="37.040415" lon="126.77081"><time>2026-09-27T01:50:26.000Z</time><ele>26.25</ele></trkpt><trkpt lat="37.040511" lon="126.770835"><time>2026-09-27T01:50:27.000Z</time><ele>26.37</ele></trkpt><trkpt lat="37.040616" lon="126.770822"><time>2026-09-27T01:50:28.000Z</time><ele>26.04</ele></trkpt><trkpt lat="37.040725" lon="126.770795"><time>2026-09-27T01:50:29.000Z</time><ele>26.21</ele></trkpt><trkpt lat="37.040828" lon="126.770761"><time>2026-09-27T01:50:30.000Z</time><ele>25.68</ele></trkpt><trkpt lat="37.040928" lon="126.770725"><time>2026-09-27T01:50:31.000Z</time><ele>25.15</ele></trkpt><trkpt lat="37.04103" lon="126.770701"><time>2026-09-27T01:50:32.000Z</time><ele>25.54</ele></trkpt><trkpt lat="37.041128" lon="126.770697"><time>2026-09-27T01:50:33.000Z</time><ele>26.31</ele></trkpt><trkpt lat="37.041239" lon="126.770706"><time>2026-09-27T01:50:34.000Z</time><ele>26.65</ele></trkpt><trkpt lat="37.041352" lon="126.770758"><time>2026-09-27T01:50:35.000Z</time><ele>27.57</ele></trkpt><trkpt lat="37.041452" lon="126.770833"><time>2026-09-27T01:50:36.000Z</time><ele>27.39</ele></trkpt><trkpt lat="37.041543" lon="126.770931"><time>2026-09-27T01:50:37.000Z</time><ele>27.65</ele></trkpt><trkpt lat="37.041622" lon="126.771029"><time>2026-09-27T01:50:38.000Z</time><ele>27.78</ele></trkpt><trkpt lat="37.041701" lon="126.771107"><time>2026-09-27T01:50:39.000Z</time><ele>27.64</ele></trkpt><trkpt lat="37.041791" lon="126.771181"><time>2026-09-27T01:50:40.000Z</time><ele>27.42</ele></trkpt><trkpt lat="37.041894" lon="126.771257"><time>2026-09-27T01:50:41.000Z</time><ele>28.24</ele></trkpt><trkpt lat="37.042009" lon="126.771317"><time>2026-09-27T01:50:42.000Z</time><ele>27.9</ele></trkpt><trkpt lat="37.042133" lon="126.771358"><time>2026-09-27T01:50:43.000Z</time><ele>28.58</ele></trkpt><trkpt lat="37.042258" lon="126.77138"><time>2026-09-27T01:50:44.000Z</time><ele>28.3</ele></trkpt><trkpt lat="37.042384" lon="126.771386"><time>2026-09-27T01:50:45.000Z</time><ele>28.69</ele></trkpt><trkpt lat="37.042511" lon="126.77137"><time>2026-09-27T01:50:46.000Z</time><ele>28.43</ele></trkpt><trkpt lat="37.04262" lon="126.771331"><time>2026-09-27T01:50:47.000Z</time><ele>28.11</ele></trkpt><trkpt lat="37.042725" lon="126.771277"><time>2026-09-27T01:50:48.000Z</time><ele>27.92</ele></trkpt><trkpt lat="37.042824" lon="126.771204"><time>2026-09-27T01:50:49.000Z</time><ele>27.8</ele></trkpt><trkpt lat="37.042919" lon="126.771117"><time>2026-09-27T01:50:50.000Z</time><ele>27.65</ele></trkpt><trkpt lat="37.043012" lon="126.771007"><time>2026-09-27T01:50:51.000Z</time><ele>28.6</ele></trkpt><trkpt lat="37.043087" lon="126.770891"><time>2026-09-27T01:50:52.000Z</time><ele>28.41</ele></trkpt><trkpt lat="37.043144" lon="126.770759"><time>2026-09-27T01:50:53.000Z</time><ele>28.11</ele></trkpt><trkpt lat="37.043186" lon="126.770611"><time>2026-09-27T01:50:54.000Z</time><ele>27.84</ele></trkpt><trkpt lat="37.043223" lon="126.770458"><time>2026-09-27T01:50:55.000Z</time><ele>27.57</ele></trkpt><trkpt lat="37.04327" lon="126.770302"><time>2026-09-27T01:50:56.000Z</time><ele>27.56</ele></trkpt><trkpt lat="37.043325" lon="126.770144"><time>2026-09-27T01:50:57.000Z</time><ele>27.24</ele></trkpt><trkpt lat="37.043394" lon="126.769991"><time>2026-09-27T01:50:58.001Z</time><ele>26.87</ele></trkpt><trkpt lat="37.043467" lon="126.769841"><time>2026-09-27T01:50:59.001Z</time><ele>26.3</ele></trkpt><trkpt lat="37.043543" lon="126.769689"><time>2026-09-27T01:51:00.001Z</time><ele>26.63</ele></trkpt><trkpt lat="37.043625" lon="126.769529"><time>2026-09-27T01:51:01.001Z</time><ele>26.55</ele></trkpt><trkpt lat="37.043704" lon="126.769364"><time>2026-09-27T01:51:02.001Z</time><ele>27.37</ele></trkpt><trkpt lat="37.043782" lon="126.7692"><time>2026-09-27T01:51:03.001Z</time><ele>26.44</ele></trkpt><trkpt lat="37.043862" lon="126.769041"><time>2026-09-27T01:51:04.001Z</time><ele>26.94</ele></trkpt><trkpt lat="37.043943" lon="126.768875"><time>2026-09-27T01:51:05.001Z</time><ele>26.69</ele></trkpt><trkpt lat="37.044025" lon="126.768711"><time>2026-09-27T01:51:06.001Z</time><ele>27.18</ele></trkpt><trkpt lat="37.044107" lon="126.768546"><time>2026-09-27T01:51:07.001Z</time><ele>26.81</ele></trkpt><trkpt lat="37.044183" lon="126.768392"><time>2026-09-27T01:51:08.001Z</time><ele>26.91</ele></trkpt><trkpt lat="37.044262" lon="126.768248"><time>2026-09-27T01:51:09.001Z</time><ele>26.99</ele></trkpt><trkpt lat="37.044357" lon="126.768109"><time>2026-09-27T01:51:10.001Z</time><ele>26.48</ele></trkpt><trkpt lat="37.044465" lon="126.767984"><time>2026-09-27T01:51:11.001Z</time><ele>26.38</ele></trkpt><trkpt lat="37.04459" lon="126.767878"><time>2026-09-27T01:51:12.001Z</time><ele>26.88</ele></trkpt><trkpt lat="37.044719" lon="126.767792"><time>2026-09-27T01:51:13.001Z</time><ele>27.53</ele></trkpt><trkpt lat="37.044849" lon="126.767717"><time>2026-09-27T01:51:14.001Z</time><ele>26.78</ele></trkpt><trkpt lat="37.044989" lon="126.767657"><time>2026-09-27T01:51:15.001Z</time><ele>26.31</ele></trkpt><trkpt lat="37.045139" lon="126.767617"><time>2026-09-27T01:51:16.001Z</time><ele>27.32</ele></trkpt><trkpt lat="37.04529" lon="126.767589"><time>2026-09-27T01:51:17.001Z</time><ele>27.06</ele></trkpt><trkpt lat="37.045434" lon="126.767575"><time>2026-09-27T01:51:18.001Z</time><ele>26.69</ele></trkpt><trkpt lat="37.045569" lon="126.767562"><time>2026-09-27T01:51:19.001Z</time><ele>26.61</ele></trkpt><trkpt lat="37.04569" lon="126.76754"><time>2026-09-27T01:51:20.001Z</time><ele>25.63</ele></trkpt><trkpt lat="37.045808" lon="126.767521"><time>2026-09-27T01:51:21.001Z</time><ele>25.43</ele></trkpt><trkpt lat="37.045921" lon="126.767507"><time>2026-09-27T01:51:22.001Z</time><ele>25.23</ele></trkpt><trkpt lat="37.046029" lon="126.767506"><time>2026-09-27T01:51:23.001Z</time><ele>25.41</ele></trkpt><trkpt lat="37.046139" lon="126.767521"><time>2026-09-27T01:51:24.001Z</time><ele>25.73</ele></trkpt><trkpt lat="37.046255" lon="126.767547"><time>2026-09-27T01:51:25.001Z</time><ele>26.13</ele></trkpt><trkpt lat="37.046367" lon="126.767586"><time>2026-09-27T01:51:26.001Z</time><ele>26.1</ele></trkpt><trkpt lat="37.046466" lon="126.767632"><time>2026-09-27T01:51:27.001Z</time><ele>26.79</ele></trkpt><trkpt lat="37.046575" lon="126.767669"><time>2026-09-27T01:51:28.001Z</time><ele>28.16</ele></trkpt><trkpt lat="37.046682" lon="126.767707"><time>2026-09-27T01:51:29.001Z</time><ele>28.51</ele></trkpt><trkpt lat="37.046803" lon="126.767744"><time>2026-09-27T01:51:30.001Z</time><ele>29.04</ele></trkpt><trkpt lat="37.046922" lon="126.767798"><time>2026-09-27T01:51:31.001Z</time><ele>29.5</ele></trkpt><trkpt lat="37.047053" lon="126.767836"><time>2026-09-27T01:51:32.001Z</time><ele>28.83</ele></trkpt><trkpt lat="37.047187" lon="126.767879"><time>2026-09-27T01:51:33.001Z</time><ele>28.28</ele></trkpt><trkpt lat="37.047318" lon="126.767924"><time>2026-09-27T01:51:34.001Z</time><ele>27.34</ele></trkpt><trkpt lat="37.047445" lon="126.767969"><time>2026-09-27T01:51:35.001Z</time><ele>26.64</ele></trkpt><trkpt lat="37.047575" lon="126.768008"><time>2026-09-27T01:51:36.001Z</time><ele>25.64</ele></trkpt><trkpt lat="37.047707" lon="126.768046"><time>2026-09-27T01:51:37.001Z</time><ele>25</ele></trkpt><trkpt lat="37.047831" lon="126.768074"><time>2026-09-27T01:51:38.001Z</time><ele>23.95</ele></trkpt><trkpt lat="37.047954" lon="126.768086"><time>2026-09-27T01:51:39.001Z</time><ele>23.27</ele></trkpt><trkpt lat="37.048074" lon="126.768078"><time>2026-09-27T01:51:40.001Z</time><ele>22.2</ele></trkpt><trkpt lat="37.048184" lon="126.768051"><time>2026-09-27T01:51:41.001Z</time><ele>21.65</ele></trkpt><trkpt lat="37.048282" lon="126.768015"><time>2026-09-27T01:51:42.001Z</time><ele>20.17</ele></trkpt><trkpt lat="37.048376" lon="126.767977"><time>2026-09-27T01:51:43.001Z</time><ele>19.69</ele></trkpt><trkpt lat="37.048467" lon="126.767925"><time>2026-09-27T01:51:44.001Z</time><ele>18.34</ele></trkpt><trkpt lat="37.04856" lon="126.767873"><time>2026-09-27T01:51:45.001Z</time><ele>17.62</ele></trkpt><trkpt lat="37.04865" lon="126.767819"><time>2026-09-27T01:51:46.001Z</time><ele>17.3</ele></trkpt><trkpt lat="37.048731" lon="126.767773"><time>2026-09-27T01:51:47.001Z</time><ele>16.74</ele></trkpt><trkpt lat="37.048801" lon="126.767733"><time>2026-09-27T01:51:48.001Z</time><ele>16.23</ele></trkpt><trkpt lat="37.048877" lon="126.767703"><time>2026-09-27T01:51:49.001Z</time><ele>15.52</ele></trkpt><trkpt lat="37.04896" lon="126.767675"><time>2026-09-27T01:51:50.001Z</time><ele>15.61</ele></trkpt><trkpt lat="37.049042" lon="126.767649"><time>2026-09-27T01:51:51.001Z</time><ele>15.46</ele></trkpt><trkpt lat="37.049125" lon="126.767624"><time>2026-09-27T01:51:52.001Z</time><ele>15.19</ele></trkpt><trkpt lat="37.049214" lon="126.767601"><time>2026-09-27T01:51:53.001Z</time><ele>14.72</ele></trkpt><trkpt lat="37.049302" lon="126.767581"><time>2026-09-27T01:51:54.001Z</time><ele>14.64</ele></trkpt><trkpt lat="37.049385" lon="126.767566"><time>2026-09-27T01:51:55.001Z</time><ele>15.08</ele></trkpt><trkpt lat="37.049474" lon="126.767547"><time>2026-09-27T01:51:56.001Z</time><ele>15.1</ele></trkpt><trkpt lat="37.049558" lon="126.767523"><time>2026-09-27T01:51:57.001Z</time><ele>14.84</ele></trkpt><trkpt lat="37.049639" lon="126.767505"><time>2026-09-27T01:51:58.001Z</time><ele>14.65</ele></trkpt><trkpt lat="37.049717" lon="126.767453"><time>2026-09-27T01:51:59.001Z</time><ele>15.23</ele></trkpt><trkpt lat="37.04979" lon="126.76746"><time>2026-09-27T01:52:00.001Z</time><ele>15.18</ele></trkpt><trkpt lat="37.04987" lon="126.767479"><time>2026-09-27T01:52:01.001Z</time><ele>15.26</ele></trkpt><trkpt lat="37.050003" lon="126.76763"><time>2026-09-27T01:52:03.001Z</time><ele>14.65</ele></trkpt><trkpt lat="37.050068" lon="126.767675"><time>2026-09-27T01:52:04.001Z</time><ele>13.46</ele></trkpt><trkpt lat="37.05014" lon="126.767659"><time>2026-09-27T01:52:05.001Z</time><ele>12.57</ele></trkpt><trkpt lat="37.0502" lon="126.767664"><time>2026-09-27T01:52:06.001Z</time><ele>12.19</ele></trkpt><trkpt lat="37.050256" lon="126.767629"><time>2026-09-27T01:52:07.001Z</time><ele>12.49</ele></trkpt><trkpt lat="37.050314" lon="126.76757"><time>2026-09-27T01:52:08.001Z</time><ele>12.66</ele></trkpt><trkpt lat="37.050359" lon="126.767491"><time>2026-09-27T01:52:09.001Z</time><ele>13.05</ele></trkpt><trkpt lat="37.050372" lon="126.767394"><time>2026-09-27T01:52:10.000Z</time><ele>13.31</ele></trkpt><trkpt lat="37.050387" lon="126.767286"><time>2026-09-27T01:52:11.000Z</time><ele>13.35</ele></trkpt><trkpt lat="37.050464" lon="126.767175"><time>2026-09-27T01:52:13.000Z</time><ele>13.63</ele></trkpt><trkpt lat="37.050521" lon="126.767101"><time>2026-09-27T01:52:15.000Z</time><ele>15.03</ele></trkpt><trkpt lat="37.050583" lon="126.767121"><time>2026-09-27T01:52:19.000Z</time><ele>16.82</ele></trkpt><trkpt lat="37.05053" lon="126.767089"><time>2026-09-27T01:52:24.000Z</time><ele>17.24</ele></trkpt><trkpt lat="37.050561" lon="126.767048"><time>2026-09-27T01:54:26.000Z</time><ele>2.43</ele></trkpt><trkpt lat="37.050603" lon="126.767082"><time>2026-09-27T01:54:28.000Z</time><ele>2.38</ele></trkpt><trkpt lat="37.050571" lon="126.767037"><time>2026-09-27T01:54:30.000Z</time><ele>5.84</ele></trkpt><trkpt lat="37.050512" lon="126.767011"><time>2026-09-27T01:54:33.000Z</time><ele>8.96</ele></trkpt><trkpt lat="37.050464" lon="126.767054"><time>2026-09-27T01:54:34.000Z</time><ele>9.19</ele></trkpt><trkpt lat="37.05053" lon="126.767066"><time>2026-09-27T01:54:35.000Z</time><ele>9.54</ele></trkpt><trkpt lat="37.050497" lon="126.767132"><time>2026-09-27T01:54:36.000Z</time><ele>9.49</ele></trkpt><trkpt lat="37.050561" lon="126.767219"><time>2026-09-27T01:54:38.000Z</time><ele>10.15</ele></trkpt><trkpt lat="37.050578" lon="126.767166"><time>2026-09-27T01:54:53.000Z</time><ele>11.04</ele></trkpt><trkpt lat="37.050623" lon="126.767196"><time>2026-09-27T01:55:02.000Z</time><ele>10.76</ele></trkpt><trkpt lat="37.050604" lon="126.76714"><time>2026-09-27T01:55:06.000Z</time><ele>10.94</ele></trkpt><trkpt lat="37.050643" lon="126.767197"><time>2026-09-27T01:55:08.000Z</time><ele>10.67</ele></trkpt><trkpt lat="37.05061" lon="126.767158"><time>2026-09-27T01:57:05.000Z</time><ele>10.52</ele></trkpt><trkpt lat="37.050638" lon="126.767202"><time>2026-09-27T01:58:42.000Z</time><ele>9.92</ele></trkpt><trkpt lat="37.050673" lon="126.767135"><time>2026-09-27T01:59:57.001Z</time><ele>11.07</ele></trkpt><trkpt lat="37.050705" lon="126.767069"><time>2026-09-27T01:59:58.001Z</time><ele>11.25</ele></trkpt><trkpt lat="37.050734" lon="126.766991"><time>2026-09-27T01:59:59.001Z</time><ele>11.82</ele></trkpt><trkpt lat="37.050804" lon="126.766786"><time>2026-09-27T02:00:01.001Z</time><ele>12.18</ele></trkpt><trkpt lat="37.050839" lon="126.766702"><time>2026-09-27T02:00:02.001Z</time><ele>12.27</ele></trkpt><trkpt lat="37.05088" lon="126.766624"><time>2026-09-27T02:00:03.001Z</time><ele>11.89</ele></trkpt><trkpt lat="37.05094" lon="126.766552"><time>2026-09-27T02:00:04.001Z</time><ele>12.23</ele></trkpt><trkpt lat="37.050983" lon="126.766477"><time>2026-09-27T02:00:05.001Z</time><ele>12.42</ele></trkpt><trkpt lat="37.05104" lon="126.766396"><time>2026-09-27T02:00:06.001Z</time><ele>12.68</ele></trkpt><trkpt lat="37.051088" lon="126.766314"><time>2026-09-27T02:00:07.001Z</time><ele>12.7</ele></trkpt><trkpt lat="37.051146" lon="126.766219"><time>2026-09-27T02:00:08.001Z</time><ele>12.28</ele></trkpt><trkpt lat="37.0512" lon="126.766132"><time>2026-09-27T02:00:09.001Z</time><ele>9.97</ele></trkpt><trkpt lat="37.051254" lon="126.766044"><time>2026-09-27T02:00:10.001Z</time><ele>10.08</ele></trkpt><trkpt lat="37.051302" lon="126.765954"><time>2026-09-27T02:00:11.001Z</time><ele>10.55</ele></trkpt><trkpt lat="37.051356" lon="126.765856"><time>2026-09-27T02:00:12.001Z</time><ele>9.97</ele></trkpt><trkpt lat="37.051417" lon="126.765753"><time>2026-09-27T02:00:13.001Z</time><ele>9.53</ele></trkpt><trkpt lat="37.051474" lon="126.765662"><time>2026-09-27T02:00:14.001Z</time><ele>9.52</ele></trkpt><trkpt lat="37.051534" lon="126.765568"><time>2026-09-27T02:00:15.001Z</time><ele>9.12</ele></trkpt><trkpt lat="37.051595" lon="126.765481"><time>2026-09-27T02:00:16.001Z</time><ele>9.43</ele></trkpt><trkpt lat="37.051645" lon="126.765398"><time>2026-09-27T02:00:17.001Z</time><ele>9.61</ele></trkpt><trkpt lat="37.051688" lon="126.765328"><time>2026-09-27T02:00:18.001Z</time><ele>9.56</ele></trkpt><trkpt lat="37.051723" lon="126.76527"><time>2026-09-27T02:00:19.001Z</time><ele>9.11</ele></trkpt><trkpt lat="37.051752" lon="126.765218"><time>2026-09-27T02:00:20.001Z</time><ele>8.95</ele></trkpt><trkpt lat="37.051781" lon="126.765173"><time>2026-09-27T02:00:21.001Z</time><ele>9.39</ele></trkpt><trkpt lat="37.051844" lon="126.76508"><time>2026-09-27T02:00:23.001Z</time><ele>9.21</ele></trkpt><trkpt lat="37.051888" lon="126.765023"><time>2026-09-27T02:00:24.001Z</time><ele>9.27</ele></trkpt><trkpt lat="37.051924" lon="126.764962"><time>2026-09-27T02:00:25.001Z</time><ele>9.67</ele></trkpt><trkpt lat="37.051961" lon="126.764894"><time>2026-09-27T02:00:26.001Z</time><ele>9.81</ele></trkpt><trkpt lat="37.051998" lon="126.764827"><time>2026-09-27T02:00:27.001Z</time><ele>10</ele></trkpt><trkpt lat="37.052033" lon="126.764762"><time>2026-09-27T02:00:28.001Z</time><ele>9.75</ele></trkpt><trkpt lat="37.05208" lon="126.76469"><time>2026-09-27T02:00:29.001Z</time><ele>9.82</ele></trkpt><trkpt lat="37.052127" lon="126.764617"><time>2026-09-27T02:00:30.001Z</time><ele>10.05</ele></trkpt><trkpt lat="37.052176" lon="126.764541"><time>2026-09-27T02:00:31.001Z</time><ele>9.95</ele></trkpt><trkpt lat="37.052222" lon="126.764467"><time>2026-09-27T02:00:32.001Z</time><ele>9.7</ele></trkpt><trkpt lat="37.052274" lon="126.764395"><time>2026-09-27T02:00:33.001Z</time><ele>9.91</ele></trkpt><trkpt lat="37.052321" lon="126.764317"><time>2026-09-27T02:00:34.000Z</time><ele>9.82</ele></trkpt><trkpt lat="37.05237" lon="126.764236"><time>2026-09-27T02:00:35.000Z</time><ele>9.76</ele></trkpt><trkpt lat="37.052421" lon="126.764154"><time>2026-09-27T02:00:36.000Z</time><ele>9.91</ele></trkpt><trkpt lat="37.052468" lon="126.764077"><time>2026-09-27T02:00:37.000Z</time><ele>9.87</ele></trkpt><trkpt lat="37.052515" lon="126.763997"><time>2026-09-27T02:00:38.000Z</time><ele>9.67</ele></trkpt><trkpt lat="37.052575" lon="126.763914"><time>2026-09-27T02:00:39.000Z</time><ele>9.83</ele></trkpt><trkpt lat="37.052633" lon="126.763829"><time>2026-09-27T02:00:40.000Z</time><ele>10.02</ele></trkpt><trkpt lat="37.052696" lon="126.763732"><time>2026-09-27T02:00:41.000Z</time><ele>10.3</ele></trkpt><trkpt lat="37.052752" lon="126.763629"><time>2026-09-27T02:00:42.000Z</time><ele>10.14</ele></trkpt><trkpt lat="37.052818" lon="126.76353"><time>2026-09-27T02:00:43.000Z</time><ele>10.59</ele></trkpt><trkpt lat="37.052877" lon="126.763437"><time>2026-09-27T02:00:44.000Z</time><ele>10.66</ele></trkpt><trkpt lat="37.052936" lon="126.763352"><time>2026-09-27T02:00:45.000Z</time><ele>11.04</ele></trkpt><trkpt lat="37.052982" lon="126.763275"><time>2026-09-27T02:00:46.000Z</time><ele>11.06</ele></trkpt><trkpt lat="37.053024" lon="126.763201"><time>2026-09-27T02:00:47.000Z</time><ele>11.09</ele></trkpt><trkpt lat="37.053062" lon="126.763135"><time>2026-09-27T02:00:48.000Z</time><ele>11.31</ele></trkpt><trkpt lat="37.053096" lon="126.763076"><time>2026-09-27T02:00:49.000Z</time><ele>11.7</ele></trkpt><trkpt lat="37.05314" lon="126.763007"><time>2026-09-27T02:00:50.000Z</time><ele>11.77</ele></trkpt><trkpt lat="37.053185" lon="126.762939"><time>2026-09-27T02:00:51.000Z</time><ele>12.05</ele></trkpt><trkpt lat="37.053233" lon="126.762872"><time>2026-09-27T02:00:52.000Z</time><ele>12.32</ele></trkpt><trkpt lat="37.053283" lon="126.762795"><time>2026-09-27T02:00:53.000Z</time><ele>12.29</ele></trkpt><trkpt lat="37.05334" lon="126.762713"><time>2026-09-27T02:00:54.000Z</time><ele>12.46</ele></trkpt><trkpt lat="37.053394" lon="126.762628"><time>2026-09-27T02:00:55.000Z</time><ele>12.65</ele></trkpt><trkpt lat="37.05345" lon="126.762544"><time>2026-09-27T02:00:56.000Z</time><ele>12.81</ele></trkpt><trkpt lat="37.053517" lon="126.762453"><time>2026-09-27T02:00:57.000Z</time><ele>12.98</ele></trkpt><trkpt lat="37.053567" lon="126.762375"><time>2026-09-27T02:00:58.000Z</time><ele>13.19</ele></trkpt><trkpt lat="37.053598" lon="126.762307"><time>2026-09-27T02:00:59.000Z</time><ele>13.13</ele></trkpt><trkpt lat="37.053637" lon="126.762235"><time>2026-09-27T02:01:00.000Z</time><ele>12.85</ele></trkpt><trkpt lat="37.053671" lon="126.762153"><time>2026-09-27T02:01:01.000Z</time><ele>12.78</ele></trkpt><trkpt lat="37.053697" lon="126.762076"><time>2026-09-27T02:01:02.000Z</time><ele>12.47</ele></trkpt><trkpt lat="37.053725" lon="126.761999"><time>2026-09-27T02:01:03.000Z</time><ele>12.34</ele></trkpt><trkpt lat="37.053751" lon="126.761924"><time>2026-09-27T02:01:04.000Z</time><ele>12.24</ele></trkpt><trkpt lat="37.053772" lon="126.761844"><time>2026-09-27T02:01:05.000Z</time><ele>11.8</ele></trkpt><trkpt lat="37.053799" lon="126.761751"><time>2026-09-27T02:01:06.000Z</time><ele>11.42</ele></trkpt><trkpt lat="37.053823" lon="126.76166"><time>2026-09-27T02:01:07.000Z</time><ele>11.25</ele></trkpt><trkpt lat="37.053846" lon="126.761571"><time>2026-09-27T02:01:08.000Z</time><ele>10.92</ele></trkpt><trkpt lat="37.053864" lon="126.761478"><time>2026-09-27T02:01:09.000Z</time><ele>10.58</ele></trkpt><trkpt lat="37.053882" lon="126.761379"><time>2026-09-27T02:01:10.000Z</time><ele>10.23</ele></trkpt><trkpt lat="37.053895" lon="126.761278"><time>2026-09-27T02:01:11.000Z</time><ele>9.95</ele></trkpt><trkpt lat="37.05391" lon="126.761183"><time>2026-09-27T02:01:12.000Z</time><ele>9.66</ele></trkpt><trkpt lat="37.053923" lon="126.761093"><time>2026-09-27T02:01:13.000Z</time><ele>9.32</ele></trkpt><trkpt lat="37.053933" lon="126.761003"><time>2026-09-27T02:01:14.000Z</time><ele>9.12</ele></trkpt><trkpt lat="37.053944" lon="126.760916"><time>2026-09-27T02:01:15.000Z</time><ele>9.01</ele></trkpt><trkpt lat="37.053954" lon="126.760834"><time>2026-09-27T02:01:16.000Z</time><ele>8.94</ele></trkpt><trkpt lat="37.053968" lon="126.76076"><time>2026-09-27T02:01:17.000Z</time><ele>8.6</ele></trkpt><trkpt lat="37.053974" lon="126.760677"><time>2026-09-27T02:01:18.000Z</time><ele>8.55</ele></trkpt><trkpt lat="37.053982" lon="126.760592"><time>2026-09-27T02:01:19.000Z</time><ele>8.43</ele></trkpt><trkpt lat="37.05399" lon="126.760509"><time>2026-09-27T02:01:20.000Z</time><ele>8.42</ele></trkpt><trkpt lat="37.053997" lon="126.760428"><time>2026-09-27T02:01:21.000Z</time><ele>8.31</ele></trkpt><trkpt lat="37.054011" lon="126.76035"><time>2026-09-27T02:01:22.000Z</time><ele>8.57</ele></trkpt><trkpt lat="37.054019" lon="126.760267"><time>2026-09-27T02:01:23.000Z</time><ele>8.48</ele></trkpt><trkpt lat="37.054027" lon="126.760177"><time>2026-09-27T02:01:24.000Z</time><ele>8.45</ele></trkpt><trkpt lat="37.054041" lon="126.76008"><time>2026-09-27T02:01:25.000Z</time><ele>8.64</ele></trkpt><trkpt lat="37.054054" lon="126.759983"><time>2026-09-27T02:01:26.000Z</time><ele>8.79</ele></trkpt><trkpt lat="37.054066" lon="126.759874"><time>2026-09-27T02:01:27.000Z</time><ele>9.04</ele></trkpt><trkpt lat="37.054078" lon="126.759768"><time>2026-09-27T02:01:28.000Z</time><ele>9.15</ele></trkpt><trkpt lat="37.054096" lon="126.759664"><time>2026-09-27T02:01:29.000Z</time><ele>9.46</ele></trkpt><trkpt lat="37.054117" lon="126.759565"><time>2026-09-27T02:01:30.000Z</time><ele>9.41</ele></trkpt><trkpt lat="37.054144" lon="126.759465"><time>2026-09-27T02:01:31.000Z</time><ele>9.65</ele></trkpt><trkpt lat="37.05417" lon="126.75936"><time>2026-09-27T02:01:32.000Z</time><ele>9.75</ele></trkpt><trkpt lat="37.054199" lon="126.75925"><time>2026-09-27T02:01:33.000Z</time><ele>9.9</ele></trkpt><trkpt lat="37.054229" lon="126.759148"><time>2026-09-27T02:01:34.000Z</time><ele>9.93</ele></trkpt><trkpt lat="37.054259" lon="126.759052"><time>2026-09-27T02:01:35.000Z</time><ele>10.02</ele></trkpt><trkpt lat="37.054293" lon="126.758963"><time>2026-09-27T02:01:36.000Z</time><ele>10.71</ele></trkpt><trkpt lat="37.054328" lon="126.758884"><time>2026-09-27T02:01:37.001Z</time><ele>10.57</ele></trkpt><trkpt lat="37.054358" lon="126.758813"><time>2026-09-27T02:01:38.001Z</time><ele>10.37</ele></trkpt><trkpt lat="37.054386" lon="126.758745"><time>2026-09-27T02:01:39.001Z</time><ele>10.27</ele></trkpt><trkpt lat="37.054417" lon="126.758677"><time>2026-09-27T02:01:40.001Z</time><ele>10.57</ele></trkpt><trkpt lat="37.054455" lon="126.758607"><time>2026-09-27T02:01:41.001Z</time><ele>11.02</ele></trkpt><trkpt lat="37.054488" lon="126.758545"><time>2026-09-27T02:01:42.001Z</time><ele>10.59</ele></trkpt><trkpt lat="37.054519" lon="126.758486"><time>2026-09-27T02:01:43.001Z</time><ele>10.65</ele></trkpt><trkpt lat="37.054557" lon="126.758428"><time>2026-09-27T02:01:44.001Z</time><ele>10.25</ele></trkpt><trkpt lat="37.054591" lon="126.758369"><time>2026-09-27T02:01:45.001Z</time><ele>10.42</ele></trkpt><trkpt lat="37.054627" lon="126.758306"><time>2026-09-27T02:01:46.001Z</time><ele>10.22</ele></trkpt><trkpt lat="37.054665" lon="126.758239"><time>2026-09-27T02:01:47.001Z</time><ele>10.12</ele></trkpt><trkpt lat="37.054709" lon="126.758165"><time>2026-09-27T02:01:48.001Z</time><ele>10.18</ele></trkpt><trkpt lat="37.054762" lon="126.758085"><time>2026-09-27T02:01:49.001Z</time><ele>10.14</ele></trkpt><trkpt lat="37.05481" lon="126.758007"><time>2026-09-27T02:01:50.001Z</time><ele>10.17</ele></trkpt><trkpt lat="37.05486" lon="126.757931"><time>2026-09-27T02:01:51.001Z</time><ele>10.41</ele></trkpt><trkpt lat="37.05491" lon="126.757853"><time>2026-09-27T02:01:52.001Z</time><ele>10.5</ele></trkpt><trkpt lat="37.054967" lon="126.757775"><time>2026-09-27T02:01:53.001Z</time><ele>10.14</ele></trkpt><trkpt lat="37.055026" lon="126.757707"><time>2026-09-27T02:01:54.001Z</time><ele>10.48</ele></trkpt><trkpt lat="37.055081" lon="126.757634"><time>2026-09-27T02:01:55.001Z</time><ele>10.28</ele></trkpt><trkpt lat="37.055133" lon="126.757561"><time>2026-09-27T02:01:56.001Z</time><ele>10.49</ele></trkpt><trkpt lat="37.055191" lon="126.757484"><time>2026-09-27T02:01:57.001Z</time><ele>10.38</ele></trkpt><trkpt lat="37.055264" lon="126.75741"><time>2026-09-27T02:01:58.001Z</time><ele>10.5</ele></trkpt><trkpt lat="37.055344" lon="126.757322"><time>2026-09-27T02:01:59.001Z</time><ele>10.52</ele></trkpt><trkpt lat="37.05543" lon="126.757211"><time>2026-09-27T02:02:00.001Z</time><ele>10.67</ele></trkpt><trkpt lat="37.055509" lon="126.757094"><time>2026-09-27T02:02:01.001Z</time><ele>10.62</ele></trkpt><trkpt lat="37.055595" lon="126.756973"><time>2026-09-27T02:02:02.001Z</time><ele>10.55</ele></trkpt><trkpt lat="37.055679" lon="126.756848"><time>2026-09-27T02:02:03.001Z</time><ele>10.43</ele></trkpt><trkpt lat="37.055767" lon="126.756719"><time>2026-09-27T02:02:04.001Z</time><ele>9.94</ele></trkpt><trkpt lat="37.055855" lon="126.756589"><time>2026-09-27T02:02:05.001Z</time><ele>9.61</ele></trkpt><trkpt lat="37.055942" lon="126.756461"><time>2026-09-27T02:02:06.001Z</time><ele>9.41</ele></trkpt><trkpt lat="37.056025" lon="126.756343"><time>2026-09-27T02:02:07.001Z</time><ele>9.19</ele></trkpt><trkpt lat="37.056112" lon="126.756221"><time>2026-09-27T02:02:08.001Z</time><ele>9.55</ele></trkpt><trkpt lat="37.05621" lon="126.756087"><time>2026-09-27T02:02:09.001Z</time><ele>9.26</ele></trkpt><trkpt lat="37.056318" lon="126.755939"><time>2026-09-27T02:02:10.001Z</time><ele>9.41</ele></trkpt><trkpt lat="37.056436" lon="126.755781"><time>2026-09-27T02:02:11.001Z</time><ele>9.46</ele></trkpt><trkpt lat="37.056556" lon="126.755622"><time>2026-09-27T02:02:12.001Z</time><ele>9.45</ele></trkpt><trkpt lat="37.056687" lon="126.755458"><time>2026-09-27T02:02:13.001Z</time><ele>9.38</ele></trkpt><trkpt lat="37.056811" lon="126.755305"><time>2026-09-27T02:02:14.001Z</time><ele>9.43</ele></trkpt><trkpt lat="37.056926" lon="126.755158"><time>2026-09-27T02:02:15.001Z</time><ele>9.44</ele></trkpt><trkpt lat="37.057035" lon="126.755018"><time>2026-09-27T02:02:16.001Z</time><ele>9.55</ele></trkpt><trkpt lat="37.05714" lon="126.754885"><time>2026-09-27T02:02:17.001Z</time><ele>9.57</ele></trkpt><trkpt lat="37.057247" lon="126.754759"><time>2026-09-27T02:02:18.001Z</time><ele>9.55</ele></trkpt><trkpt lat="37.057352" lon="126.754643"><time>2026-09-27T02:02:19.001Z</time><ele>9.39</ele></trkpt><trkpt lat="37.057449" lon="126.754522"><time>2026-09-27T02:02:20.001Z</time><ele>9.35</ele></trkpt><trkpt lat="37.057544" lon="126.75439"><time>2026-09-27T02:02:21.001Z</time><ele>9.47</ele></trkpt><trkpt lat="37.057646" lon="126.75424"><time>2026-09-27T02:02:22.001Z</time><ele>9.63</ele></trkpt><trkpt lat="37.057762" lon="126.754084"><time>2026-09-27T02:02:23.001Z</time><ele>9.68</ele></trkpt><trkpt lat="37.057892" lon="126.753929"><time>2026-09-27T02:02:24.001Z</time><ele>9.86</ele></trkpt><trkpt lat="37.058015" lon="126.753756"><time>2026-09-27T02:02:25.001Z</time><ele>10.35</ele></trkpt><trkpt lat="37.058152" lon="126.753584"><time>2026-09-27T02:02:26.001Z</time><ele>10.31</ele></trkpt><trkpt lat="37.058295" lon="126.75341"><time>2026-09-27T02:02:27.001Z</time><ele>9.93</ele></trkpt><trkpt lat="37.058435" lon="126.753215"><time>2026-09-27T02:02:28.001Z</time><ele>10.17</ele></trkpt><trkpt lat="37.058593" lon="126.753027"><time>2026-09-27T02:02:29.001Z</time><ele>10.73</ele></trkpt><trkpt lat="37.058749" lon="126.752824"><time>2026-09-27T02:02:30.001Z</time><ele>11.12</ele></trkpt><trkpt lat="37.058909" lon="126.752616"><time>2026-09-27T02:02:31.001Z</time><ele>11.47</ele></trkpt><trkpt lat="37.059075" lon="126.752406"><time>2026-09-27T02:02:32.001Z</time><ele>11.97</ele></trkpt><trkpt lat="37.059238" lon="126.752195"><time>2026-09-27T02:02:33.001Z</time><ele>12.15</ele></trkpt><trkpt lat="37.059394" lon="126.751999"><time>2026-09-27T02:02:34.001Z</time><ele>11.96</ele></trkpt><trkpt lat="37.059547" lon="126.751807"><time>2026-09-27T02:02:35.001Z</time><ele>12.14</ele></trkpt><trkpt lat="37.05969" lon="126.751621"><time>2026-09-27T02:02:36.001Z</time><ele>12.45</ele></trkpt><trkpt lat="37.059839" lon="126.75143"><time>2026-09-27T02:02:37.001Z</time><ele>12.61</ele></trkpt><trkpt lat="37.059985" lon="126.751238"><time>2026-09-27T02:02:38.001Z</time><ele>12.5</ele></trkpt><trkpt lat="37.060134" lon="126.751042"><time>2026-09-27T02:02:39.001Z</time><ele>12.98</ele></trkpt><trkpt lat="37.060279" lon="126.75083"><time>2026-09-27T02:02:40.000Z</time><ele>13.03</ele></trkpt><trkpt lat="37.060433" lon="126.75062"><time>2026-09-27T02:02:41.000Z</time><ele>13.87</ele></trkpt><trkpt lat="37.060601" lon="126.750413"><time>2026-09-27T02:02:42.000Z</time><ele>13.87</ele></trkpt><trkpt lat="37.060763" lon="126.750199"><time>2026-09-27T02:02:43.000Z</time><ele>13.7</ele></trkpt><trkpt lat="37.06093" lon="126.749984"><time>2026-09-27T02:02:44.000Z</time><ele>13.83</ele></trkpt><trkpt lat="37.061093" lon="126.749772"><time>2026-09-27T02:02:45.000Z</time><ele>13.9</ele></trkpt><trkpt lat="37.061264" lon="126.749558"><time>2026-09-27T02:02:46.000Z</time><ele>14.01</ele></trkpt><trkpt lat="37.061434" lon="126.749345"><time>2026-09-27T02:02:47.000Z</time><ele>13.92</ele></trkpt><trkpt lat="37.061597" lon="126.749141"><time>2026-09-27T02:02:48.000Z</time><ele>14.02</ele></trkpt><trkpt lat="37.061759" lon="126.748943"><time>2026-09-27T02:02:49.000Z</time><ele>13.8</ele></trkpt><trkpt lat="37.061933" lon="126.748742"><time>2026-09-27T02:02:50.000Z</time><ele>13.96</ele></trkpt><trkpt lat="37.062106" lon="126.748537"><time>2026-09-27T02:02:51.000Z</time><ele>14</ele></trkpt><trkpt lat="37.062263" lon="126.748339"><time>2026-09-27T02:02:52.000Z</time><ele>13.97</ele></trkpt><trkpt lat="37.062411" lon="126.748147"><time>2026-09-27T02:02:53.000Z</time><ele>13.56</ele></trkpt><trkpt lat="37.06256" lon="126.747958"><time>2026-09-27T02:02:54.000Z</time><ele>13.45</ele></trkpt><trkpt lat="37.06271" lon="126.747773"><time>2026-09-27T02:02:55.000Z</time><ele>13.63</ele></trkpt><trkpt lat="37.062854" lon="126.747587"><time>2026-09-27T02:02:56.000Z</time><ele>13.16</ele></trkpt><trkpt lat="37.062992" lon="126.747408"><time>2026-09-27T02:02:57.000Z</time><ele>13.19</ele></trkpt><trkpt lat="37.063127" lon="126.747239"><time>2026-09-27T02:02:58.000Z</time><ele>13.31</ele></trkpt><trkpt lat="37.063258" lon="126.747077"><time>2026-09-27T02:02:59.000Z</time><ele>12.43</ele></trkpt><trkpt lat="37.063384" lon="126.746928"><time>2026-09-27T02:03:00.000Z</time><ele>11.76</ele></trkpt><trkpt lat="37.063504" lon="126.746776"><time>2026-09-27T02:03:01.000Z</time><ele>11.26</ele></trkpt><trkpt lat="37.063621" lon="126.746605"><time>2026-09-27T02:03:02.000Z</time><ele>10.56</ele></trkpt><trkpt lat="37.063746" lon="126.746421"><time>2026-09-27T02:03:03.000Z</time><ele>10.28</ele></trkpt><trkpt lat="37.063885" lon="126.74624"><time>2026-09-27T02:03:04.000Z</time><ele>9.99</ele></trkpt><trkpt lat="37.064029" lon="126.746052"><time>2026-09-27T02:03:05.000Z</time><ele>9.7</ele></trkpt><trkpt lat="37.06418" lon="126.745859"><time>2026-09-27T02:03:06.000Z</time><ele>9.63</ele></trkpt><trkpt lat="37.064333" lon="126.745665"><time>2026-09-27T02:03:07.000Z</time><ele>9.78</ele></trkpt><trkpt lat="37.064486" lon="126.745462"><time>2026-09-27T02:03:08.000Z</time><ele>9.95</ele></trkpt><trkpt lat="37.06464" lon="126.745263"><time>2026-09-27T02:03:09.000Z</time><ele>9.89</ele></trkpt><trkpt lat="37.064798" lon="126.745064"><time>2026-09-27T02:03:10.000Z</time><ele>10.14</ele></trkpt><trkpt lat="37.064959" lon="126.744859"><time>2026-09-27T02:03:11.000Z</time><ele>10.13</ele></trkpt><trkpt lat="37.065118" lon="126.744654"><time>2026-09-27T02:03:12.000Z</time><ele>10.2</ele></trkpt><trkpt lat="37.065285" lon="126.744446"><time>2026-09-27T02:03:13.000Z</time><ele>10.5</ele></trkpt><trkpt lat="37.065452" lon="126.744232"><time>2026-09-27T02:03:14.000Z</time><ele>10.56</ele></trkpt><trkpt lat="37.065624" lon="126.744016"><time>2026-09-27T02:03:15.000Z</time><ele>10.92</ele></trkpt><trkpt lat="37.065793" lon="126.743799"><time>2026-09-27T02:03:16.000Z</time><ele>11.15</ele></trkpt><trkpt lat="37.065966" lon="126.74358"><time>2026-09-27T02:03:17.000Z</time><ele>11.32</ele></trkpt><trkpt lat="37.066141" lon="126.743356"><time>2026-09-27T02:03:18.000Z</time><ele>11.21</ele></trkpt><trkpt lat="37.066313" lon="126.743131"><time>2026-09-27T02:03:19.000Z</time><ele>11.54</ele></trkpt><trkpt lat="37.066485" lon="126.74291"><time>2026-09-27T02:03:20.000Z</time><ele>11.5</ele></trkpt><trkpt lat="37.066654" lon="126.742692"><time>2026-09-27T02:03:21.000Z</time><ele>11.61</ele></trkpt><trkpt lat="37.066823" lon="126.74248"><time>2026-09-27T02:03:22.000Z</time><ele>11.59</ele></trkpt><trkpt lat="37.066992" lon="126.742269"><time>2026-09-27T02:03:23.000Z</time><ele>11.25</ele></trkpt><trkpt lat="37.067159" lon="126.742054"><time>2026-09-27T02:03:24.000Z</time><ele>11.14</ele></trkpt><trkpt lat="37.067323" lon="126.741837"><time>2026-09-27T02:03:25.000Z</time><ele>10.86</ele></trkpt><trkpt lat="37.067493" lon="126.74162"><time>2026-09-27T02:03:26.000Z</time><ele>10.76</ele></trkpt><trkpt lat="37.067665" lon="126.741402"><time>2026-09-27T02:03:27.000Z</time><ele>10.59</ele></trkpt><trkpt lat="37.067833" lon="126.741184"><time>2026-09-27T02:03:28.000Z</time><ele>10.78</ele></trkpt><trkpt lat="37.068004" lon="126.740964"><time>2026-09-27T02:03:29.000Z</time><ele>10.95</ele></trkpt><trkpt lat="37.068177" lon="126.740744"><time>2026-09-27T02:03:30.000Z</time><ele>11.11</ele></trkpt><trkpt lat="37.068347" lon="126.740524"><time>2026-09-27T02:03:31.000Z</time><ele>10.72</ele></trkpt><trkpt lat="37.068517" lon="126.740305"><time>2026-09-27T02:03:32.000Z</time><ele>10.78</ele></trkpt><trkpt lat="37.068683" lon="126.740096"><time>2026-09-27T02:03:33.000Z</time><ele>10.45</ele></trkpt><trkpt lat="37.068836" lon="126.739902"><time>2026-09-27T02:03:34.000Z</time><ele>10.35</ele></trkpt><trkpt lat="37.068991" lon="126.7397"><time>2026-09-27T02:03:35.000Z</time><ele>10.33</ele></trkpt><trkpt lat="37.069133" lon="126.739509"><time>2026-09-27T02:03:36.000Z</time><ele>9.99</ele></trkpt><trkpt lat="37.06927" lon="126.739333"><time>2026-09-27T02:03:37.000Z</time><ele>10.04</ele></trkpt><trkpt lat="37.069406" lon="126.739158"><time>2026-09-27T02:03:38.000Z</time><ele>10.03</ele></trkpt><trkpt lat="37.069538" lon="126.738992"><time>2026-09-27T02:03:39.000Z</time><ele>9.63</ele></trkpt><trkpt lat="37.069671" lon="126.738834"><time>2026-09-27T02:03:40.000Z</time><ele>9.34</ele></trkpt><trkpt lat="37.069797" lon="126.738688"><time>2026-09-27T02:03:41.000Z</time><ele>9.14</ele></trkpt><trkpt lat="37.069917" lon="126.738546"><time>2026-09-27T02:03:42.000Z</time><ele>8.86</ele></trkpt><trkpt lat="37.070035" lon="126.738396"><time>2026-09-27T02:03:43.000Z</time><ele>8.7</ele></trkpt><trkpt lat="37.070149" lon="126.738237"><time>2026-09-27T02:03:44.000Z</time><ele>9.13</ele></trkpt><trkpt lat="37.070263" lon="126.738061"><time>2026-09-27T02:03:45.000Z</time><ele>8.99</ele></trkpt><trkpt lat="37.070399" lon="126.737889"><time>2026-09-27T02:03:46.001Z</time><ele>9.3</ele></trkpt><trkpt lat="37.070538" lon="126.737714"><time>2026-09-27T02:03:47.001Z</time><ele>9.27</ele></trkpt><trkpt lat="37.070682" lon="126.737539"><time>2026-09-27T02:03:48.001Z</time><ele>9.54</ele></trkpt><trkpt lat="37.070821" lon="126.737355"><time>2026-09-27T02:03:49.001Z</time><ele>9.98</ele></trkpt><trkpt lat="37.070969" lon="126.737162"><time>2026-09-27T02:03:50.001Z</time><ele>10.06</ele></trkpt><trkpt lat="37.071117" lon="126.736973"><time>2026-09-27T02:03:51.001Z</time><ele>10.43</ele></trkpt><trkpt lat="37.071269" lon="126.736783"><time>2026-09-27T02:03:52.001Z</time><ele>11.18</ele></trkpt><trkpt lat="37.071417" lon="126.736597"><time>2026-09-27T02:03:53.001Z</time><ele>11.61</ele></trkpt><trkpt lat="37.071548" lon="126.736425"><time>2026-09-27T02:03:54.001Z</time><ele>12.08</ele></trkpt><trkpt lat="37.071677" lon="126.736257"><time>2026-09-27T02:03:55.001Z</time><ele>11.3</ele></trkpt><trkpt lat="37.07181" lon="126.736088"><time>2026-09-27T02:03:56.001Z</time><ele>11.02</ele></trkpt><trkpt lat="37.071947" lon="126.735914"><time>2026-09-27T02:03:57.001Z</time><ele>10.87</ele></trkpt><trkpt lat="37.072077" lon="126.735739"><time>2026-09-27T02:03:58.001Z</time><ele>10.52</ele></trkpt><trkpt lat="37.072213" lon="126.735566"><time>2026-09-27T02:03:59.001Z</time><ele>10.47</ele></trkpt><trkpt lat="37.072351" lon="126.735403"><time>2026-09-27T02:04:00.001Z</time><ele>10.56</ele></trkpt><trkpt lat="37.072486" lon="126.735235"><time>2026-09-27T02:04:01.001Z</time><ele>10.59</ele></trkpt><trkpt lat="37.072615" lon="126.735067"><time>2026-09-27T02:04:02.001Z</time><ele>10.49</ele></trkpt><trkpt lat="37.072743" lon="126.734904"><time>2026-09-27T02:04:03.001Z</time><ele>10.84</ele></trkpt><trkpt lat="37.072864" lon="126.734749"><time>2026-09-27T02:04:04.001Z</time><ele>10.52</ele></trkpt><trkpt lat="37.072984" lon="126.734595"><time>2026-09-27T02:04:05.001Z</time><ele>10.24</ele></trkpt><trkpt lat="37.073105" lon="126.734457"><time>2026-09-27T02:04:06.001Z</time><ele>10.12</ele></trkpt><trkpt lat="37.073224" lon="126.734326"><time>2026-09-27T02:04:07.001Z</time><ele>10.06</ele></trkpt><trkpt lat="37.073334" lon="126.734183"><time>2026-09-27T02:04:08.001Z</time><ele>9.95</ele></trkpt><trkpt lat="37.073444" lon="126.734025"><time>2026-09-27T02:04:09.001Z</time><ele>10.03</ele></trkpt><trkpt lat="37.073564" lon="126.733862"><time>2026-09-27T02:04:10.001Z</time><ele>9.89</ele></trkpt><trkpt lat="37.073694" lon="126.733705"><time>2026-09-27T02:04:11.001Z</time><ele>9.78</ele></trkpt><trkpt lat="37.073828" lon="126.733534"><time>2026-09-27T02:04:12.001Z</time><ele>9.74</ele></trkpt><trkpt lat="37.073966" lon="126.733347"><time>2026-09-27T02:04:13.001Z</time><ele>9.97</ele></trkpt><trkpt lat="37.074103" lon="126.733151"><time>2026-09-27T02:04:14.001Z</time><ele>10.25</ele></trkpt><trkpt lat="37.074252" lon="126.732961"><time>2026-09-27T02:04:15.001Z</time><ele>10.73</ele></trkpt><trkpt lat="37.074401" lon="126.732767"><time>2026-09-27T02:04:16.001Z</time><ele>11.22</ele></trkpt><trkpt lat="37.074548" lon="126.732572"><time>2026-09-27T02:04:17.001Z</time><ele>11.72</ele></trkpt><trkpt lat="37.074695" lon="126.732379"><time>2026-09-27T02:04:18.001Z</time><ele>12</ele></trkpt><trkpt lat="37.074839" lon="126.732184"><time>2026-09-27T02:04:19.001Z</time><ele>12.03</ele></trkpt><trkpt lat="37.074984" lon="126.731997"><time>2026-09-27T02:04:20.001Z</time><ele>12.69</ele></trkpt><trkpt lat="37.075126" lon="126.73182"><time>2026-09-27T02:04:21.001Z</time><ele>13.1</ele></trkpt><trkpt lat="37.075269" lon="126.731635"><time>2026-09-27T02:04:22.001Z</time><ele>13.47</ele></trkpt><trkpt lat="37.075411" lon="126.731447"><time>2026-09-27T02:04:23.001Z</time><ele>13.63</ele></trkpt><trkpt lat="37.075553" lon="126.731265"><time>2026-09-27T02:04:24.001Z</time><ele>13.49</ele></trkpt><trkpt lat="37.0757" lon="126.73108"><time>2026-09-27T02:04:25.001Z</time><ele>13.23</ele></trkpt><trkpt lat="37.075837" lon="126.730909"><time>2026-09-27T02:04:26.001Z</time><ele>13.32</ele></trkpt><trkpt lat="37.075968" lon="126.730743"><time>2026-09-27T02:04:27.001Z</time><ele>12.58</ele></trkpt><trkpt lat="37.076089" lon="126.730581"><time>2026-09-27T02:04:28.001Z</time><ele>12.06</ele></trkpt><trkpt lat="37.076208" lon="126.730424"><time>2026-09-27T02:04:29.001Z</time><ele>11.02</ele></trkpt><trkpt lat="37.076326" lon="126.73028"><time>2026-09-27T02:04:30.001Z</time><ele>10.47</ele></trkpt><trkpt lat="37.076435" lon="126.730143"><time>2026-09-27T02:04:31.001Z</time><ele>10.09</ele></trkpt><trkpt lat="37.076541" lon="126.730006"><time>2026-09-27T02:04:32.001Z</time><ele>9.76</ele></trkpt><trkpt lat="37.076649" lon="126.729866"><time>2026-09-27T02:04:33.001Z</time><ele>9.37</ele></trkpt><trkpt lat="37.076765" lon="126.729717"><time>2026-09-27T02:04:34.001Z</time><ele>9.32</ele></trkpt><trkpt lat="37.076883" lon="126.729564"><time>2026-09-27T02:04:35.001Z</time><ele>9.31</ele></trkpt><trkpt lat="37.077" lon="126.729407"><time>2026-09-27T02:04:36.001Z</time><ele>9.02</ele></trkpt><trkpt lat="37.077123" lon="126.729253"><time>2026-09-27T02:04:37.001Z</time><ele>8.8</ele></trkpt><trkpt lat="37.077251" lon="126.729096"><time>2026-09-27T02:04:38.001Z</time><ele>8.81</ele></trkpt><trkpt lat="37.077379" lon="126.728934"><time>2026-09-27T02:04:39.001Z</time><ele>8.63</ele></trkpt><trkpt lat="37.077503" lon="126.728774"><time>2026-09-27T02:04:40.001Z</time><ele>8.49</ele></trkpt><trkpt lat="37.077631" lon="126.728608"><time>2026-09-27T02:04:41.001Z</time><ele>8.62</ele></trkpt><trkpt lat="37.077761" lon="126.728442"><time>2026-09-27T02:04:42.001Z</time><ele>8.77</ele></trkpt><trkpt lat="37.077896" lon="126.728269"><time>2026-09-27T02:04:43.001Z</time><ele>8.87</ele></trkpt><trkpt lat="37.078035" lon="126.728091"><time>2026-09-27T02:04:44.001Z</time><ele>8.98</ele></trkpt><trkpt lat="37.078179" lon="126.727911"><time>2026-09-27T02:04:45.001Z</time><ele>8.91</ele></trkpt><trkpt lat="37.07832" lon="126.727731"><time>2026-09-27T02:04:46.000Z</time><ele>8.97</ele></trkpt><trkpt lat="37.078464" lon="126.727547"><time>2026-09-27T02:04:47.000Z</time><ele>9.43</ele></trkpt><trkpt lat="37.078607" lon="126.727362"><time>2026-09-27T02:04:48.000Z</time><ele>9.82</ele></trkpt><trkpt lat="37.078749" lon="126.727181"><time>2026-09-27T02:04:49.000Z</time><ele>9.81</ele></trkpt><trkpt lat="37.078893" lon="126.727002"><time>2026-09-27T02:04:50.000Z</time><ele>10.29</ele></trkpt><trkpt lat="37.079035" lon="126.72682"><time>2026-09-27T02:04:51.000Z</time><ele>10.81</ele></trkpt><trkpt lat="37.079179" lon="126.726637"><time>2026-09-27T02:04:52.000Z</time><ele>11.35</ele></trkpt><trkpt lat="37.079322" lon="126.726455"><time>2026-09-27T02:04:53.000Z</time><ele>11.66</ele></trkpt><trkpt lat="37.079467" lon="126.726267"><time>2026-09-27T02:04:54.000Z</time><ele>11.82</ele></trkpt><trkpt lat="37.079615" lon="126.726076"><time>2026-09-27T02:04:55.000Z</time><ele>11.83</ele></trkpt><trkpt lat="37.079765" lon="126.725885"><time>2026-09-27T02:04:56.000Z</time><ele>11.71</ele></trkpt><trkpt lat="37.079919" lon="126.725688"><time>2026-09-27T02:04:57.000Z</time><ele>11.74</ele></trkpt><trkpt lat="37.080079" lon="126.725484"><time>2026-09-27T02:04:58.000Z</time><ele>11.92</ele></trkpt><trkpt lat="37.080241" lon="126.725274"><time>2026-09-27T02:04:59.000Z</time><ele>11.92</ele></trkpt><trkpt lat="37.080407" lon="126.725057"><time>2026-09-27T02:05:00.000Z</time><ele>11.72</ele></trkpt><trkpt lat="37.080582" lon="126.724836"><time>2026-09-27T02:05:01.000Z</time><ele>11.95</ele></trkpt><trkpt lat="37.080758" lon="126.724613"><time>2026-09-27T02:05:02.000Z</time><ele>11.88</ele></trkpt><trkpt lat="37.080934" lon="126.724389"><time>2026-09-27T02:05:03.000Z</time><ele>11.87</ele></trkpt><trkpt lat="37.08111" lon="126.724162"><time>2026-09-27T02:05:04.000Z</time><ele>11.96</ele></trkpt><trkpt lat="37.081286" lon="126.723933"><time>2026-09-27T02:05:05.000Z</time><ele>12.07</ele></trkpt><trkpt lat="37.081462" lon="126.723706"><time>2026-09-27T02:05:06.000Z</time><ele>12.15</ele></trkpt><trkpt lat="37.081643" lon="126.723477"><time>2026-09-27T02:05:07.000Z</time><ele>12.25</ele></trkpt><trkpt lat="37.081821" lon="126.723247"><time>2026-09-27T02:05:08.000Z</time><ele>12.28</ele></trkpt><trkpt lat="37.082004" lon="126.723016"><time>2026-09-27T02:05:09.000Z</time><ele>12.4</ele></trkpt><trkpt lat="37.082184" lon="126.722786"><time>2026-09-27T02:05:10.000Z</time><ele>12.58</ele></trkpt><trkpt lat="37.08236" lon="126.722562"><time>2026-09-27T02:05:11.000Z</time><ele>12.61</ele></trkpt><trkpt lat="37.082533" lon="126.722344"><time>2026-09-27T02:05:12.000Z</time><ele>12.99</ele></trkpt><trkpt lat="37.082699" lon="126.722128"><time>2026-09-27T02:05:13.000Z</time><ele>12.92</ele></trkpt><trkpt lat="37.08287" lon="126.721907"><time>2026-09-27T02:05:14.000Z</time><ele>12.89</ele></trkpt><trkpt lat="37.083044" lon="126.721682"><time>2026-09-27T02:05:15.000Z</time><ele>12.99</ele></trkpt><trkpt lat="37.083221" lon="126.721456"><time>2026-09-27T02:05:16.000Z</time><ele>12.91</ele></trkpt><trkpt lat="37.083392" lon="126.721235"><time>2026-09-27T02:05:17.000Z</time><ele>12.89</ele></trkpt><trkpt lat="37.083563" lon="126.721018"><time>2026-09-27T02:05:18.000Z</time><ele>12.97</ele></trkpt><trkpt lat="37.083732" lon="126.720801"><time>2026-09-27T02:05:19.000Z</time><ele>13.01</ele></trkpt><trkpt lat="37.083899" lon="126.720584"><time>2026-09-27T02:05:20.000Z</time><ele>12.84</ele></trkpt><trkpt lat="37.084067" lon="126.720366"><time>2026-09-27T02:05:21.000Z</time><ele>12.91</ele></trkpt><trkpt lat="37.084241" lon="126.720143"><time>2026-09-27T02:05:22.000Z</time><ele>13.1</ele></trkpt><trkpt lat="37.084413" lon="126.719924"><time>2026-09-27T02:05:23.000Z</time><ele>13.16</ele></trkpt><trkpt lat="37.084584" lon="126.71971"><time>2026-09-27T02:05:24.000Z</time><ele>13.33</ele></trkpt><trkpt lat="37.084747" lon="126.719499"><time>2026-09-27T02:05:25.000Z</time><ele>13.26</ele></trkpt><trkpt lat="37.084911" lon="126.719287"><time>2026-09-27T02:05:26.000Z</time><ele>13.06</ele></trkpt><trkpt lat="37.085076" lon="126.719075"><time>2026-09-27T02:05:27.000Z</time><ele>13.02</ele></trkpt><trkpt lat="37.08524" lon="126.718859"><time>2026-09-27T02:05:28.000Z</time><ele>12.88</ele></trkpt><trkpt lat="37.085402" lon="126.718647"><time>2026-09-27T02:05:29.000Z</time><ele>12.69</ele></trkpt><trkpt lat="37.085557" lon="126.718448"><time>2026-09-27T02:05:30.000Z</time><ele>12.48</ele></trkpt><trkpt lat="37.085703" lon="126.718261"><time>2026-09-27T02:05:31.000Z</time><ele>12.32</ele></trkpt><trkpt lat="37.085854" lon="126.718066"><time>2026-09-27T02:05:32.000Z</time><ele>12.46</ele></trkpt><trkpt lat="37.085999" lon="126.717879"><time>2026-09-27T02:05:33.000Z</time><ele>12.28</ele></trkpt><trkpt lat="37.086149" lon="126.717686"><time>2026-09-27T02:05:34.000Z</time><ele>13.36</ele></trkpt><trkpt lat="37.086294" lon="126.717495"><time>2026-09-27T02:05:35.000Z</time><ele>13.55</ele></trkpt><trkpt lat="37.086451" lon="126.717305"><time>2026-09-27T02:05:36.000Z</time><ele>14.2</ele></trkpt><trkpt lat="37.0866" lon="126.71712"><time>2026-09-27T02:05:37.000Z</time><ele>14.03</ele></trkpt><trkpt lat="37.086753" lon="126.716927"><time>2026-09-27T02:05:38.000Z</time><ele>14.53</ele></trkpt><trkpt lat="37.086908" lon="126.716732"><time>2026-09-27T02:05:39.000Z</time><ele>15.07</ele></trkpt><trkpt lat="37.087063" lon="126.716537"><time>2026-09-27T02:05:40.000Z</time><ele>15.51</ele></trkpt><trkpt lat="37.087219" lon="126.716339"><time>2026-09-27T02:05:41.000Z</time><ele>15.56</ele></trkpt><trkpt lat="37.087372" lon="126.716143"><time>2026-09-27T02:05:42.000Z</time><ele>15.37</ele></trkpt><trkpt lat="37.087527" lon="126.715947"><time>2026-09-27T02:05:43.000Z</time><ele>16</ele></trkpt><trkpt lat="37.087675" lon="126.715758"><time>2026-09-27T02:05:44.000Z</time><ele>16.09</ele></trkpt><trkpt lat="37.087829" lon="126.715569"><time>2026-09-27T02:05:45.000Z</time><ele>15.96</ele></trkpt><trkpt lat="37.087978" lon="126.715381"><time>2026-09-27T02:05:46.000Z</time><ele>15.91</ele></trkpt><trkpt lat="37.088134" lon="126.715208"><time>2026-09-27T02:05:47.001Z</time><ele>16.23</ele></trkpt><trkpt lat="37.088289" lon="126.715031"><time>2026-09-27T02:05:48.001Z</time><ele>16.36</ele></trkpt><trkpt lat="37.088434" lon="126.714846"><time>2026-09-27T02:05:49.001Z</time><ele>16.28</ele></trkpt><trkpt lat="37.088578" lon="126.714669"><time>2026-09-27T02:05:50.001Z</time><ele>16.13</ele></trkpt><trkpt lat="37.088717" lon="126.714505"><time>2026-09-27T02:05:51.001Z</time><ele>16.42</ele></trkpt><trkpt lat="37.08884" lon="126.714344"><time>2026-09-27T02:05:52.001Z</time><ele>15.26</ele></trkpt><trkpt lat="37.088965" lon="126.714188"><time>2026-09-27T02:05:53.001Z</time><ele>14.54</ele></trkpt><trkpt lat="37.089086" lon="126.714022"><time>2026-09-27T02:05:54.001Z</time><ele>13.82</ele></trkpt><trkpt lat="37.089205" lon="126.713838"><time>2026-09-27T02:05:55.001Z</time><ele>13.14</ele></trkpt><trkpt lat="37.089348" lon="126.713644"><time>2026-09-27T02:05:56.001Z</time><ele>12.86</ele></trkpt><trkpt lat="37.089499" lon="126.713452"><time>2026-09-27T02:05:57.001Z</time><ele>12.87</ele></trkpt><trkpt lat="37.089654" lon="126.713246"><time>2026-09-27T02:05:58.001Z</time><ele>12.92</ele></trkpt><trkpt lat="37.089817" lon="126.71304"><time>2026-09-27T02:05:59.001Z</time><ele>13.27</ele></trkpt><trkpt lat="37.089984" lon="126.712834"><time>2026-09-27T02:06:00.001Z</time><ele>13.64</ele></trkpt><trkpt lat="37.09014" lon="126.712632"><time>2026-09-27T02:06:01.001Z</time><ele>13.24</ele></trkpt><trkpt lat="37.090288" lon="126.712438"><time>2026-09-27T02:06:02.001Z</time><ele>13.47</ele></trkpt><trkpt lat="37.090442" lon="126.712241"><time>2026-09-27T02:06:03.001Z</time><ele>13.63</ele></trkpt><trkpt lat="37.090603" lon="126.712041"><time>2026-09-27T02:06:04.001Z</time><ele>13.74</ele></trkpt><trkpt lat="37.090763" lon="126.711838"><time>2026-09-27T02:06:05.001Z</time><ele>13.59</ele></trkpt><trkpt lat="37.090925" lon="126.711628"><time>2026-09-27T02:06:06.001Z</time><ele>13.94</ele></trkpt><trkpt lat="37.091086" lon="126.711419"><time>2026-09-27T02:06:07.001Z</time><ele>14.12</ele></trkpt><trkpt lat="37.091252" lon="126.711217"><time>2026-09-27T02:06:08.001Z</time><ele>14.21</ele></trkpt><trkpt lat="37.091404" lon="126.711028"><time>2026-09-27T02:06:09.001Z</time><ele>14.22</ele></trkpt><trkpt lat="37.091546" lon="126.710846"><time>2026-09-27T02:06:10.001Z</time><ele>14.13</ele></trkpt><trkpt lat="37.091684" lon="126.710672"><time>2026-09-27T02:06:11.001Z</time><ele>14.17</ele></trkpt><trkpt lat="37.091818" lon="126.710485"><time>2026-09-27T02:06:12.001Z</time><ele>14.34</ele></trkpt><trkpt lat="37.091947" lon="126.710281"><time>2026-09-27T02:06:13.001Z</time><ele>14.06</ele></trkpt><trkpt lat="37.092096" lon="126.710084"><time>2026-09-27T02:06:14.001Z</time><ele>14.39</ele></trkpt><trkpt lat="37.092232" lon="126.709909"><time>2026-09-27T02:06:15.001Z</time><ele>13.94</ele></trkpt><trkpt lat="37.09236" lon="126.709743"><time>2026-09-27T02:06:16.001Z</time><ele>14.03</ele></trkpt><trkpt lat="37.092484" lon="126.709581"><time>2026-09-27T02:06:17.001Z</time><ele>13.57</ele></trkpt><trkpt lat="37.0926" lon="126.709433"><time>2026-09-27T02:06:18.001Z</time><ele>13.53</ele></trkpt><trkpt lat="37.09271" lon="126.709289"><time>2026-09-27T02:06:19.001Z</time><ele>13.09</ele></trkpt><trkpt lat="37.092814" lon="126.709157"><time>2026-09-27T02:06:20.001Z</time><ele>12.65</ele></trkpt><trkpt lat="37.09292" lon="126.709024"><time>2026-09-27T02:06:21.001Z</time><ele>12.23</ele></trkpt><trkpt lat="37.093029" lon="126.708882"><time>2026-09-27T02:06:22.001Z</time><ele>11.65</ele></trkpt><trkpt lat="37.093148" lon="126.70873"><time>2026-09-27T02:06:23.001Z</time><ele>11.63</ele></trkpt><trkpt lat="37.09327" lon="126.708577"><time>2026-09-27T02:06:24.001Z</time><ele>11.26</ele></trkpt><trkpt lat="37.093395" lon="126.708417"><time>2026-09-27T02:06:25.001Z</time><ele>11.05</ele></trkpt><trkpt lat="37.093524" lon="126.708248"><time>2026-09-27T02:06:26.001Z</time><ele>11.03</ele></trkpt><trkpt lat="37.093656" lon="126.708077"><time>2026-09-27T02:06:27.001Z</time><ele>10.49</ele></trkpt><trkpt lat="37.093789" lon="126.707906"><time>2026-09-27T02:06:28.001Z</time><ele>10.47</ele></trkpt><trkpt lat="37.093922" lon="126.707736"><time>2026-09-27T02:06:29.001Z</time><ele>10.1</ele></trkpt><trkpt lat="37.094058" lon="126.707565"><time>2026-09-27T02:06:30.001Z</time><ele>9.77</ele></trkpt><trkpt lat="37.094195" lon="126.707391"><time>2026-09-27T02:06:31.001Z</time><ele>9.53</ele></trkpt><trkpt lat="37.094332" lon="126.707216"><time>2026-09-27T02:06:32.001Z</time><ele>9.53</ele></trkpt><trkpt lat="37.094463" lon="126.707042"><time>2026-09-27T02:06:33.001Z</time><ele>9.78</ele></trkpt><trkpt lat="37.0946" lon="126.706868"><time>2026-09-27T02:06:34.001Z</time><ele>9.95</ele></trkpt><trkpt lat="37.094738" lon="126.706693"><time>2026-09-27T02:06:35.001Z</time><ele>9.69</ele></trkpt><trkpt lat="37.094868" lon="126.706529"><time>2026-09-27T02:06:36.001Z</time><ele>9.85</ele></trkpt><trkpt lat="37.094986" lon="126.706375"><time>2026-09-27T02:06:37.001Z</time><ele>10.03</ele></trkpt><trkpt lat="37.095096" lon="126.706235"><time>2026-09-27T02:06:38.001Z</time><ele>10.07</ele></trkpt><trkpt lat="37.095191" lon="126.706112"><time>2026-09-27T02:06:39.001Z</time><ele>10.05</ele></trkpt><trkpt lat="37.095264" lon="126.706016"><time>2026-09-27T02:06:40.001Z</time><ele>10.31</ele></trkpt><trkpt lat="37.095327" lon="126.705935"><time>2026-09-27T02:06:41.001Z</time><ele>10.46</ele></trkpt><trkpt lat="37.095394" lon="126.705852"><time>2026-09-27T02:06:42.001Z</time><ele>10.24</ele></trkpt><trkpt lat="37.095471" lon="126.705753"><time>2026-09-27T02:06:43.001Z</time><ele>10.27</ele></trkpt><trkpt lat="37.095561" lon="126.705642"><time>2026-09-27T02:06:44.001Z</time><ele>10.63</ele></trkpt><trkpt lat="37.095661" lon="126.705517"><time>2026-09-27T02:06:45.001Z</time><ele>10.68</ele></trkpt><trkpt lat="37.095768" lon="126.70538"><time>2026-09-27T02:06:46.001Z</time><ele>10.99</ele></trkpt><trkpt lat="37.095883" lon="126.70523"><time>2026-09-27T02:06:47.001Z</time><ele>10.73</ele></trkpt><trkpt lat="37.096006" lon="126.705073"><time>2026-09-27T02:06:48.001Z</time><ele>10.72</ele></trkpt><trkpt lat="37.096137" lon="126.704901"><time>2026-09-27T02:06:49.001Z</time><ele>10.71</ele></trkpt><trkpt lat="37.096275" lon="126.704725"><time>2026-09-27T02:06:50.001Z</time><ele>10.43</ele></trkpt><trkpt lat="37.096419" lon="126.70454"><time>2026-09-27T02:06:51.001Z</time><ele>10.47</ele></trkpt><trkpt lat="37.09657" lon="126.704347"><time>2026-09-27T02:06:52.000Z</time><ele>10.73</ele></trkpt><trkpt lat="37.096723" lon="126.704149"><time>2026-09-27T02:06:53.000Z</time><ele>11.1</ele></trkpt><trkpt lat="37.096878" lon="126.703953"><time>2026-09-27T02:06:54.000Z</time><ele>11.56</ele></trkpt><trkpt lat="37.097028" lon="126.703759"><time>2026-09-27T02:06:55.000Z</time><ele>11.74</ele></trkpt><trkpt lat="37.09718" lon="126.703568"><time>2026-09-27T02:06:56.000Z</time><ele>12.07</ele></trkpt><trkpt lat="37.097328" lon="126.703379"><time>2026-09-27T02:06:57.000Z</time><ele>12.51</ele></trkpt><trkpt lat="37.097476" lon="126.703191"><time>2026-09-27T02:06:58.000Z</time><ele>12.37</ele></trkpt><trkpt lat="37.097622" lon="126.703005"><time>2026-09-27T02:06:59.000Z</time><ele>12.62</ele></trkpt><trkpt lat="37.097767" lon="126.702814"><time>2026-09-27T02:07:00.000Z</time><ele>12.15</ele></trkpt><trkpt lat="37.097911" lon="126.702626"><time>2026-09-27T02:07:01.000Z</time><ele>12.46</ele></trkpt><trkpt lat="37.098056" lon="126.702438"><time>2026-09-27T02:07:02.000Z</time><ele>12.65</ele></trkpt><trkpt lat="37.098203" lon="126.702249"><time>2026-09-27T02:07:03.000Z</time><ele>12.59</ele></trkpt><trkpt lat="37.098347" lon="126.702064"><time>2026-09-27T02:07:04.000Z</time><ele>12.63</ele></trkpt><trkpt lat="37.09849" lon="126.701878"><time>2026-09-27T02:07:05.000Z</time><ele>12.35</ele></trkpt><trkpt lat="37.098631" lon="126.701694"><time>2026-09-27T02:07:06.000Z</time><ele>12.15</ele></trkpt><trkpt lat="37.098774" lon="126.701511"><time>2026-09-27T02:07:07.000Z</time><ele>12.32</ele></trkpt><trkpt lat="37.098918" lon="126.701327"><time>2026-09-27T02:07:08.000Z</time><ele>12.42</ele></trkpt><trkpt lat="37.09906" lon="126.701143"><time>2026-09-27T02:07:09.000Z</time><ele>12.76</ele></trkpt><trkpt lat="37.099204" lon="126.700957"><time>2026-09-27T02:07:10.000Z</time><ele>12.64</ele></trkpt><trkpt lat="37.099352" lon="126.700768"><time>2026-09-27T02:07:11.000Z</time><ele>12.42</ele></trkpt><trkpt lat="37.099499" lon="126.700581"><time>2026-09-27T02:07:12.000Z</time><ele>12.32</ele></trkpt><trkpt lat="37.099647" lon="126.700393"><time>2026-09-27T02:07:13.000Z</time><ele>12.28</ele></trkpt><trkpt lat="37.099798" lon="126.700203"><time>2026-09-27T02:07:14.000Z</time><ele>12.24</ele></trkpt><trkpt lat="37.099949" lon="126.700012"><time>2026-09-27T02:07:15.000Z</time><ele>12.35</ele></trkpt><trkpt lat="37.100098" lon="126.699822"><time>2026-09-27T02:07:16.000Z</time><ele>12.24</ele></trkpt><trkpt lat="37.100246" lon="126.699629"><time>2026-09-27T02:07:17.000Z</time><ele>12.07</ele></trkpt><trkpt lat="37.10039" lon="126.699444"><time>2026-09-27T02:07:18.000Z</time><ele>12.02</ele></trkpt><trkpt lat="37.100525" lon="126.699275"><time>2026-09-27T02:07:19.000Z</time><ele>12.08</ele></trkpt><trkpt lat="37.100654" lon="126.699114"><time>2026-09-27T02:07:20.000Z</time><ele>12.27</ele></trkpt><trkpt lat="37.100765" lon="126.698957"><time>2026-09-27T02:07:21.000Z</time><ele>10.9</ele></trkpt><trkpt lat="37.100879" lon="126.698801"><time>2026-09-27T02:07:22.000Z</time><ele>10.01</ele></trkpt><trkpt lat="37.101008" lon="126.698663"><time>2026-09-27T02:07:23.000Z</time><ele>9.09</ele></trkpt><trkpt lat="37.101121" lon="126.698518"><time>2026-09-27T02:07:24.000Z</time><ele>8.71</ele></trkpt><trkpt lat="37.101226" lon="126.698384"><time>2026-09-27T02:07:25.000Z</time><ele>8.39</ele></trkpt><trkpt lat="37.10133" lon="126.69825"><time>2026-09-27T02:07:26.000Z</time><ele>7.76</ele></trkpt><trkpt lat="37.101425" lon="126.698127"><time>2026-09-27T02:07:27.000Z</time><ele>7.84</ele></trkpt><trkpt lat="37.101521" lon="126.697977"><time>2026-09-27T02:07:28.000Z</time><ele>8.22</ele></trkpt><trkpt lat="37.101638" lon="126.697836"><time>2026-09-27T02:07:29.000Z</time><ele>8.79</ele></trkpt><trkpt lat="37.101769" lon="126.697683"><time>2026-09-27T02:07:30.000Z</time><ele>9.24</ele></trkpt><trkpt lat="37.101902" lon="126.697524"><time>2026-09-27T02:07:31.000Z</time><ele>9.76</ele></trkpt><trkpt lat="37.102027" lon="126.697362"><time>2026-09-27T02:07:32.000Z</time><ele>10.14</ele></trkpt><trkpt lat="37.102162" lon="126.697196"><time>2026-09-27T02:07:33.000Z</time><ele>11.02</ele></trkpt><trkpt lat="37.102297" lon="126.697027"><time>2026-09-27T02:07:34.000Z</time><ele>11.24</ele></trkpt><trkpt lat="37.102433" lon="126.696853"><time>2026-09-27T02:07:35.000Z</time><ele>11.35</ele></trkpt><trkpt lat="37.102563" lon="126.696679"><time>2026-09-27T02:07:36.000Z</time><ele>11.5</ele></trkpt><trkpt lat="37.102698" lon="126.696504"><time>2026-09-27T02:07:37.000Z</time><ele>11.86</ele></trkpt><trkpt lat="37.102834" lon="126.696334"><time>2026-09-27T02:07:38.000Z</time><ele>12.29</ele></trkpt><trkpt lat="37.102968" lon="126.696158"><time>2026-09-27T02:07:39.000Z</time><ele>12.07</ele></trkpt><trkpt lat="37.103102" lon="126.69599"><time>2026-09-27T02:07:40.000Z</time><ele>12.55</ele></trkpt><trkpt lat="37.103225" lon="126.695831"><time>2026-09-27T02:07:41.000Z</time><ele>11.9</ele></trkpt><trkpt lat="37.103351" lon="126.695674"><time>2026-09-27T02:07:42.000Z</time><ele>12.08</ele></trkpt><trkpt lat="37.10348" lon="126.69551"><time>2026-09-27T02:07:43.000Z</time><ele>11.9</ele></trkpt><trkpt lat="37.103604" lon="126.695346"><time>2026-09-27T02:07:44.000Z</time><ele>12.57</ele></trkpt><trkpt lat="37.103737" lon="126.695176"><time>2026-09-27T02:07:45.000Z</time><ele>13.09</ele></trkpt><trkpt lat="37.103872" lon="126.695007"><time>2026-09-27T02:07:46.000Z</time><ele>13.63</ele></trkpt><trkpt lat="37.104008" lon="126.694834"><time>2026-09-27T02:07:47.001Z</time><ele>14.04</ele></trkpt><trkpt lat="37.104142" lon="126.694657"><time>2026-09-27T02:07:48.001Z</time><ele>14.04</ele></trkpt><trkpt lat="37.10428" lon="126.69448"><time>2026-09-27T02:07:49.001Z</time><ele>14.28</ele></trkpt><trkpt lat="37.104416" lon="126.694308"><time>2026-09-27T02:07:50.001Z</time><ele>14.74</ele></trkpt><trkpt lat="37.104552" lon="126.694136"><time>2026-09-27T02:07:51.001Z</time><ele>14.67</ele></trkpt><trkpt lat="37.104696" lon="126.693952"><time>2026-09-27T02:07:52.001Z</time><ele>14.78</ele></trkpt><trkpt lat="37.104847" lon="126.693762"><time>2026-09-27T02:07:53.001Z</time><ele>15.24</ele></trkpt><trkpt lat="37.105002" lon="126.693568"><time>2026-09-27T02:07:54.001Z</time><ele>15.15</ele></trkpt><trkpt lat="37.105158" lon="126.693369"><time>2026-09-27T02:07:55.001Z</time><ele>15.05</ele></trkpt><trkpt lat="37.105318" lon="126.693169"><time>2026-09-27T02:07:56.001Z</time><ele>15.39</ele></trkpt><trkpt lat="37.105466" lon="126.692977"><time>2026-09-27T02:07:57.001Z</time><ele>15.22</ele></trkpt><trkpt lat="37.105604" lon="126.692796"><time>2026-09-27T02:07:58.001Z</time><ele>15.01</ele></trkpt><trkpt lat="37.105742" lon="126.692615"><time>2026-09-27T02:07:59.001Z</time><ele>14.61</ele></trkpt><trkpt lat="37.105884" lon="126.692435"><time>2026-09-27T02:08:00.001Z</time><ele>14.56</ele></trkpt><trkpt lat="37.106027" lon="126.692252"><time>2026-09-27T02:08:01.001Z</time><ele>14.58</ele></trkpt><trkpt lat="37.106168" lon="126.692065"><time>2026-09-27T02:08:02.001Z</time><ele>14.54</ele></trkpt><trkpt lat="37.106315" lon="126.691883"><time>2026-09-27T02:08:03.001Z</time><ele>14.24</ele></trkpt><trkpt lat="37.106472" lon="126.691711"><time>2026-09-27T02:08:04.001Z</time><ele>14.29</ele></trkpt><trkpt lat="37.106627" lon="126.69154"><time>2026-09-27T02:08:05.001Z</time><ele>14.78</ele></trkpt><trkpt lat="37.106772" lon="126.69137"><time>2026-09-27T02:08:06.001Z</time><ele>14.74</ele></trkpt><trkpt lat="37.1069" lon="126.691203"><time>2026-09-27T02:08:07.001Z</time><ele>14.94</ele></trkpt><trkpt lat="37.107006" lon="126.691053"><time>2026-09-27T02:08:08.001Z</time><ele>14.71</ele></trkpt><trkpt lat="37.107097" lon="126.690942"><time>2026-09-27T02:08:09.001Z</time><ele>14.54</ele></trkpt><trkpt lat="37.107171" lon="126.690861"><time>2026-09-27T02:08:10.001Z</time><ele>13.95</ele></trkpt><trkpt lat="37.107224" lon="126.690808"><time>2026-09-27T02:08:11.001Z</time><ele>13.88</ele></trkpt><trkpt lat="37.107259" lon="126.690766"><time>2026-09-27T02:08:12.001Z</time><ele>13.97</ele></trkpt><trkpt lat="37.107296" lon="126.690713"><time>2026-09-27T02:08:13.001Z</time><ele>14.06</ele></trkpt><trkpt lat="37.107331" lon="126.690659"><time>2026-09-27T02:08:14.001Z</time><ele>14.28</ele></trkpt><trkpt lat="37.107362" lon="126.690603"><time>2026-09-27T02:08:15.001Z</time><ele>14.46</ele></trkpt><trkpt lat="37.107402" lon="126.690538"><time>2026-09-27T02:08:16.001Z</time><ele>14.56</ele></trkpt><trkpt lat="37.107467" lon="126.690443"><time>2026-09-27T02:08:17.001Z</time><ele>15.09</ele></trkpt><trkpt lat="37.107539" lon="126.69033"><time>2026-09-27T02:08:18.001Z</time><ele>15.3</ele></trkpt><trkpt lat="37.107628" lon="126.690192"><time>2026-09-27T02:08:19.001Z</time><ele>14.91</ele></trkpt><trkpt lat="37.107744" lon="126.690052"><time>2026-09-27T02:08:20.001Z</time><ele>15.02</ele></trkpt><trkpt lat="37.107873" lon="126.689897"><time>2026-09-27T02:08:21.001Z</time><ele>15</ele></trkpt><trkpt lat="37.10801" lon="126.689724"><time>2026-09-27T02:08:22.001Z</time><ele>15.56</ele></trkpt><trkpt lat="37.108152" lon="126.68954"><time>2026-09-27T02:08:23.001Z</time><ele>15.95</ele></trkpt><trkpt lat="37.108296" lon="126.689354"><time>2026-09-27T02:08:24.001Z</time><ele>16.14</ele></trkpt><trkpt lat="37.108437" lon="126.689179"><time>2026-09-27T02:08:25.001Z</time><ele>16.66</ele></trkpt><trkpt lat="37.10857" lon="126.689013"><time>2026-09-27T02:08:26.001Z</time><ele>16.88</ele></trkpt><trkpt lat="37.108695" lon="126.688851"><time>2026-09-27T02:08:27.001Z</time><ele>16.72</ele></trkpt><trkpt lat="37.108822" lon="126.688683"><time>2026-09-27T02:08:28.001Z</time><ele>16.76</ele></trkpt><trkpt lat="37.108956" lon="126.688513"><time>2026-09-27T02:08:29.001Z</time><ele>17.05</ele></trkpt><trkpt lat="37.109087" lon="126.688339"><time>2026-09-27T02:08:30.001Z</time><ele>17.17</ele></trkpt><trkpt lat="37.109222" lon="126.688167"><time>2026-09-27T02:08:31.001Z</time><ele>17.19</ele></trkpt><trkpt lat="37.109357" lon="126.687997"><time>2026-09-27T02:08:32.001Z</time><ele>18.02</ele></trkpt><trkpt lat="37.109491" lon="126.687828"><time>2026-09-27T02:08:33.001Z</time><ele>18.16</ele></trkpt><trkpt lat="37.109612" lon="126.687664"><time>2026-09-27T02:08:34.001Z</time><ele>17.18</ele></trkpt><trkpt lat="37.109737" lon="126.687505"><time>2026-09-27T02:08:35.001Z</time><ele>17.62</ele></trkpt><trkpt lat="37.109861" lon="126.68735"><time>2026-09-27T02:08:36.001Z</time><ele>17.46</ele></trkpt><trkpt lat="37.109982" lon="126.687191"><time>2026-09-27T02:08:37.001Z</time><ele>16.6</ele></trkpt><trkpt lat="37.11011" lon="126.687027"><time>2026-09-27T02:08:38.001Z</time><ele>16.41</ele></trkpt><trkpt lat="37.110237" lon="126.68686"><time>2026-09-27T02:08:39.001Z</time><ele>16.15</ele></trkpt><trkpt lat="37.110364" lon="126.686694"><time>2026-09-27T02:08:40.001Z</time><ele>15.71</ele></trkpt><trkpt lat="37.110492" lon="126.686531"><time>2026-09-27T02:08:41.001Z</time><ele>15.71</ele></trkpt><trkpt lat="37.110609" lon="126.686382"><time>2026-09-27T02:08:42.001Z</time><ele>15.5</ele></trkpt><trkpt lat="37.110729" lon="126.686231"><time>2026-09-27T02:08:43.001Z</time><ele>15.1</ele></trkpt><trkpt lat="37.110841" lon="126.686086"><time>2026-09-27T02:08:44.001Z</time><ele>14.41</ele></trkpt><trkpt lat="37.110962" lon="126.685937"><time>2026-09-27T02:08:45.001Z</time><ele>14.22</ele></trkpt><trkpt lat="37.111077" lon="126.685792"><time>2026-09-27T02:08:46.001Z</time><ele>14.44</ele></trkpt><trkpt lat="37.111189" lon="126.685655"><time>2026-09-27T02:08:47.001Z</time><ele>14.35</ele></trkpt><trkpt lat="37.111287" lon="126.685526"><time>2026-09-27T02:08:48.001Z</time><ele>13.47</ele></trkpt><trkpt lat="37.111388" lon="126.685404"><time>2026-09-27T02:08:49.001Z</time><ele>13.26</ele></trkpt><trkpt lat="37.111488" lon="126.685287"><time>2026-09-27T02:08:50.001Z</time><ele>12.65</ele></trkpt><trkpt lat="37.111567" lon="126.685178"><time>2026-09-27T02:08:51.001Z</time><ele>12.27</ele></trkpt><trkpt lat="37.111652" lon="126.685064"><time>2026-09-27T02:08:52.001Z</time><ele>12.12</ele></trkpt><trkpt lat="37.11174" lon="126.684948"><time>2026-09-27T02:08:53.001Z</time><ele>12.52</ele></trkpt><trkpt lat="37.111833" lon="126.684837"><time>2026-09-27T02:08:54.001Z</time><ele>12.19</ele></trkpt><trkpt lat="37.111911" lon="126.684736"><time>2026-09-27T02:08:55.001Z</time><ele>12.82</ele></trkpt><trkpt lat="37.111989" lon="126.68464"><time>2026-09-27T02:08:56.001Z</time><ele>12.91</ele></trkpt><trkpt lat="37.112073" lon="126.68454"><time>2026-09-27T02:08:57.001Z</time><ele>13.16</ele></trkpt><trkpt lat="37.112163" lon="126.684431"><time>2026-09-27T02:08:58.000Z</time><ele>13.27</ele></trkpt><trkpt lat="37.112254" lon="126.684323"><time>2026-09-27T02:08:59.000Z</time><ele>13.56</ele></trkpt><trkpt lat="37.112352" lon="126.684217"><time>2026-09-27T02:09:00.000Z</time><ele>13.79</ele></trkpt><trkpt lat="37.112458" lon="126.684126"><time>2026-09-27T02:09:01.000Z</time><ele>14.73</ele></trkpt><trkpt lat="37.112577" lon="126.684046"><time>2026-09-27T02:09:02.000Z</time><ele>15</ele></trkpt><trkpt lat="37.1127" lon="126.683987"><time>2026-09-27T02:09:03.000Z</time><ele>14.84</ele></trkpt><trkpt lat="37.112832" lon="126.683947"><time>2026-09-27T02:09:04.000Z</time><ele>15.2</ele></trkpt><trkpt lat="37.112956" lon="126.683925"><time>2026-09-27T02:09:05.000Z</time><ele>15.18</ele></trkpt><trkpt lat="37.11309" lon="126.683908"><time>2026-09-27T02:09:06.000Z</time><ele>15.36</ele></trkpt><trkpt lat="37.113223" lon="126.683902"><time>2026-09-27T02:09:07.000Z</time><ele>15.46</ele></trkpt><trkpt lat="37.113361" lon="126.683908"><time>2026-09-27T02:09:08.000Z</time><ele>15.57</ele></trkpt><trkpt lat="37.113503" lon="126.683918"><time>2026-09-27T02:09:09.000Z</time><ele>15.18</ele></trkpt><trkpt lat="37.113644" lon="126.683932"><time>2026-09-27T02:09:10.000Z</time><ele>15.49</ele></trkpt><trkpt lat="37.113791" lon="126.683945"><time>2026-09-27T02:09:11.000Z</time><ele>15.93</ele></trkpt><trkpt lat="37.113936" lon="126.683959"><time>2026-09-27T02:09:12.000Z</time><ele>16.42</ele></trkpt><trkpt lat="37.114084" lon="126.683971"><time>2026-09-27T02:09:13.000Z</time><ele>16.58</ele></trkpt><trkpt lat="37.114229" lon="126.683974"><time>2026-09-27T02:09:14.000Z</time><ele>16.91</ele></trkpt><trkpt lat="37.114364" lon="126.683983"><time>2026-09-27T02:09:15.000Z</time><ele>16.96</ele></trkpt><trkpt lat="37.114492" lon="126.683995"><time>2026-09-27T02:09:16.000Z</time><ele>17.69</ele></trkpt><trkpt lat="37.114615" lon="126.684008"><time>2026-09-27T02:09:17.000Z</time><ele>17.92</ele></trkpt><trkpt lat="37.114734" lon="126.684019"><time>2026-09-27T02:09:18.000Z</time><ele>18.13</ele></trkpt><trkpt lat="37.114851" lon="126.684025"><time>2026-09-27T02:09:19.000Z</time><ele>18.08</ele></trkpt><trkpt lat="37.114974" lon="126.684031"><time>2026-09-27T02:09:20.000Z</time><ele>17.97</ele></trkpt><trkpt lat="37.115098" lon="126.684038"><time>2026-09-27T02:09:21.000Z</time><ele>17.66</ele></trkpt><trkpt lat="37.115209" lon="126.684042"><time>2026-09-27T02:09:22.000Z</time><ele>17.67</ele></trkpt><trkpt lat="37.115322" lon="126.684042"><time>2026-09-27T02:09:23.000Z</time><ele>16.89</ele></trkpt><trkpt lat="37.115427" lon="126.68405"><time>2026-09-27T02:09:24.000Z</time><ele>16.78</ele></trkpt><trkpt lat="37.11553" lon="126.684059"><time>2026-09-27T02:09:25.000Z</time><ele>16.62</ele></trkpt><trkpt lat="37.115628" lon="126.684062"><time>2026-09-27T02:09:26.000Z</time><ele>16.26</ele></trkpt><trkpt lat="37.115709" lon="126.684065"><time>2026-09-27T02:09:27.000Z</time><ele>15.74</ele></trkpt><trkpt lat="37.115789" lon="126.684066"><time>2026-09-27T02:09:28.000Z</time><ele>15.43</ele></trkpt><trkpt lat="37.115877" lon="126.684077"><time>2026-09-27T02:09:29.000Z</time><ele>15.7</ele></trkpt><trkpt lat="37.115959" lon="126.684089"><time>2026-09-27T02:09:30.000Z</time><ele>15.59</ele></trkpt><trkpt lat="37.116048" lon="126.684105"><time>2026-09-27T02:09:31.000Z</time><ele>15.35</ele></trkpt><trkpt lat="37.116135" lon="126.684129"><time>2026-09-27T02:09:32.000Z</time><ele>15.2</ele></trkpt><trkpt lat="37.116209" lon="126.684154"><time>2026-09-27T02:09:33.000Z</time><ele>14.67</ele></trkpt><trkpt lat="37.116269" lon="126.684178"><time>2026-09-27T02:09:34.000Z</time><ele>14.5</ele></trkpt><trkpt lat="37.11632" lon="126.684201"><time>2026-09-27T02:09:35.000Z</time><ele>13.99</ele></trkpt><trkpt lat="37.116366" lon="126.684225"><time>2026-09-27T02:09:36.000Z</time><ele>13.81</ele></trkpt><trkpt lat="37.116422" lon="126.68427"><time>2026-09-27T02:09:38.000Z</time><ele>12.68</ele></trkpt><trkpt lat="37.11646" lon="126.684303"><time>2026-09-27T02:09:40.000Z</time><ele>11.69</ele></trkpt><trkpt lat="37.116497" lon="126.684344"><time>2026-09-27T02:09:45.000Z</time><ele>14.41</ele></trkpt><trkpt lat="37.116565" lon="126.684381"><time>2026-09-27T02:10:05.001Z</time><ele>16.1</ele></trkpt><trkpt lat="37.116613" lon="126.684421"><time>2026-09-27T02:10:06.001Z</time><ele>15.96</ele></trkpt><trkpt lat="37.116673" lon="126.684492"><time>2026-09-27T02:10:07.001Z</time><ele>15.25</ele></trkpt><trkpt lat="37.116722" lon="126.684597"><time>2026-09-27T02:10:08.001Z</time><ele>14.86</ele></trkpt><trkpt lat="37.116889" lon="126.684999"><time>2026-09-27T02:10:11.001Z</time><ele>12.76</ele></trkpt><trkpt lat="37.116939" lon="126.685165"><time>2026-09-27T02:10:12.001Z</time><ele>13.19</ele></trkpt><trkpt lat="37.116996" lon="126.685335"><time>2026-09-27T02:10:13.001Z</time><ele>12.23</ele></trkpt><trkpt lat="37.117053" lon="126.685513"><time>2026-09-27T02:10:14.001Z</time><ele>11.33</ele></trkpt><trkpt lat="37.117112" lon="126.685699"><time>2026-09-27T02:10:15.001Z</time><ele>11.2</ele></trkpt><trkpt lat="37.117172" lon="126.685893"><time>2026-09-27T02:10:16.001Z</time><ele>11</ele></trkpt><trkpt lat="37.117232" lon="126.686079"><time>2026-09-27T02:10:17.001Z</time><ele>10.88</ele></trkpt><trkpt lat="37.117294" lon="126.686267"><time>2026-09-27T02:10:18.001Z</time><ele>10.05</ele></trkpt><trkpt lat="37.117359" lon="126.686459"><time>2026-09-27T02:10:19.001Z</time><ele>9.1</ele></trkpt><trkpt lat="37.117421" lon="126.68666"><time>2026-09-27T02:10:20.001Z</time><ele>8.63</ele></trkpt><trkpt lat="37.117489" lon="126.68688"><time>2026-09-27T02:10:21.001Z</time><ele>8.66</ele></trkpt><trkpt lat="37.117563" lon="126.687113"><time>2026-09-27T02:10:22.001Z</time><ele>8.35</ele></trkpt><trkpt lat="37.11764" lon="126.687352"><time>2026-09-27T02:10:23.001Z</time><ele>7.92</ele></trkpt><trkpt lat="37.117713" lon="126.687588"><time>2026-09-27T02:10:24.001Z</time><ele>8</ele></trkpt><trkpt lat="37.117789" lon="126.687812"><time>2026-09-27T02:10:25.001Z</time><ele>7.2</ele></trkpt><trkpt lat="37.117862" lon="126.68802"><time>2026-09-27T02:10:26.001Z</time><ele>6.76</ele></trkpt><trkpt lat="37.117929" lon="126.688217"><time>2026-09-27T02:10:27.001Z</time><ele>7.15</ele></trkpt><trkpt lat="37.118005" lon="126.688396"><time>2026-09-27T02:10:28.001Z</time><ele>6.29</ele></trkpt><trkpt lat="37.118088" lon="126.688563"><time>2026-09-27T02:10:29.001Z</time><ele>5.81</ele></trkpt><trkpt lat="37.118173" lon="126.688734"><time>2026-09-27T02:10:30.001Z</time><ele>6.37</ele></trkpt><trkpt lat="37.11826" lon="126.688903"><time>2026-09-27T02:10:31.001Z</time><ele>6.81</ele></trkpt><trkpt lat="37.118357" lon="126.689069"><time>2026-09-27T02:10:32.001Z</time><ele>7.43</ele></trkpt><trkpt lat="37.118468" lon="126.689227"><time>2026-09-27T02:10:33.001Z</time><ele>7.82</ele></trkpt><trkpt lat="37.118596" lon="126.689377"><time>2026-09-27T02:10:34.001Z</time><ele>8.05</ele></trkpt><trkpt lat="37.118731" lon="126.689529"><time>2026-09-27T02:10:35.001Z</time><ele>8.26</ele></trkpt><trkpt lat="37.118869" lon="126.689678"><time>2026-09-27T02:10:36.001Z</time><ele>8.89</ele></trkpt><trkpt lat="37.119013" lon="126.689816"><time>2026-09-27T02:10:37.001Z</time><ele>8.95</ele></trkpt><trkpt lat="37.119162" lon="126.689942"><time>2026-09-27T02:10:38.001Z</time><ele>9.34</ele></trkpt><trkpt lat="37.119324" lon="126.690048"><time>2026-09-27T02:10:39.001Z</time><ele>10.01</ele></trkpt><trkpt lat="37.119498" lon="126.690147"><time>2026-09-27T02:10:40.001Z</time><ele>10.27</ele></trkpt><trkpt lat="37.119675" lon="126.690237"><time>2026-09-27T02:10:41.001Z</time><ele>10.98</ele></trkpt><trkpt lat="37.119861" lon="126.690315"><time>2026-09-27T02:10:42.001Z</time><ele>11.58</ele></trkpt><trkpt lat="37.120046" lon="126.690376"><time>2026-09-27T02:10:43.001Z</time><ele>11.55</ele></trkpt><trkpt lat="37.120222" lon="126.690423"><time>2026-09-27T02:10:44.001Z</time><ele>11.44</ele></trkpt><trkpt lat="37.120403" lon="126.690469"><time>2026-09-27T02:10:45.001Z</time><ele>11.75</ele></trkpt><trkpt lat="37.120585" lon="126.690515"><time>2026-09-27T02:10:46.001Z</time><ele>12.39</ele></trkpt><trkpt lat="37.120768" lon="126.690559"><time>2026-09-27T02:10:47.001Z</time><ele>13.01</ele></trkpt><trkpt lat="37.120956" lon="126.690599"><time>2026-09-27T02:10:48.001Z</time><ele>13.38</ele></trkpt><trkpt lat="37.121144" lon="126.690638"><time>2026-09-27T02:10:49.001Z</time><ele>14.11</ele></trkpt><trkpt lat="37.12133" lon="126.690677"><time>2026-09-27T02:10:50.001Z</time><ele>14.41</ele></trkpt><trkpt lat="37.121508" lon="126.690721"><time>2026-09-27T02:10:51.001Z</time><ele>14.81</ele></trkpt><trkpt lat="37.121678" lon="126.69077"><time>2026-09-27T02:10:52.001Z</time><ele>16.78</ele></trkpt><trkpt lat="37.121851" lon="126.690811"><time>2026-09-27T02:10:53.001Z</time><ele>17.51</ele></trkpt><trkpt lat="37.12202" lon="126.690848"><time>2026-09-27T02:10:54.001Z</time><ele>17.77</ele></trkpt><trkpt lat="37.122186" lon="126.690883"><time>2026-09-27T02:10:55.001Z</time><ele>18.19</ele></trkpt><trkpt lat="37.122356" lon="126.690916"><time>2026-09-27T02:10:56.001Z</time><ele>18.13</ele></trkpt><trkpt lat="37.122518" lon="126.690953"><time>2026-09-27T02:10:57.001Z</time><ele>18.22</ele></trkpt><trkpt lat="37.122684" lon="126.690992"><time>2026-09-27T02:10:58.001Z</time><ele>18.47</ele></trkpt><trkpt lat="37.122841" lon="126.691028"><time>2026-09-27T02:10:59.001Z</time><ele>18.78</ele></trkpt><trkpt lat="37.122993" lon="126.691059"><time>2026-09-27T02:11:00.001Z</time><ele>19.3</ele></trkpt><trkpt lat="37.123146" lon="126.69109"><time>2026-09-27T02:11:01.001Z</time><ele>19.31</ele></trkpt><trkpt lat="37.123299" lon="126.691123"><time>2026-09-27T02:11:02.001Z</time><ele>19.36</ele></trkpt><trkpt lat="37.12345" lon="126.691161"><time>2026-09-27T02:11:03.001Z</time><ele>20.39</ele></trkpt><trkpt lat="37.123597" lon="126.691202"><time>2026-09-27T02:11:04.000Z</time><ele>20.64</ele></trkpt><trkpt lat="37.123746" lon="126.691235"><time>2026-09-27T02:11:05.000Z</time><ele>20.87</ele></trkpt><trkpt lat="37.123898" lon="126.691262"><time>2026-09-27T02:11:06.000Z</time><ele>20.73</ele></trkpt><trkpt lat="37.124054" lon="126.691297"><time>2026-09-27T02:11:07.000Z</time><ele>21.79</ele></trkpt><trkpt lat="37.124213" lon="126.691335"><time>2026-09-27T02:11:08.000Z</time><ele>21.71</ele></trkpt><trkpt lat="37.124369" lon="126.691369"><time>2026-09-27T02:11:09.000Z</time><ele>22.14</ele></trkpt><trkpt lat="37.124525" lon="126.691397"><time>2026-09-27T02:11:10.000Z</time><ele>23.16</ele></trkpt><trkpt lat="37.124666" lon="126.691429"><time>2026-09-27T02:11:11.000Z</time><ele>22.31</ele></trkpt><trkpt lat="37.124807" lon="126.691462"><time>2026-09-27T02:11:12.000Z</time><ele>22.43</ele></trkpt><trkpt lat="37.124956" lon="126.691498"><time>2026-09-27T02:11:13.000Z</time><ele>22.56</ele></trkpt><trkpt lat="37.12511" lon="126.691529"><time>2026-09-27T02:11:14.000Z</time><ele>21.55</ele></trkpt><trkpt lat="37.125266" lon="126.691562"><time>2026-09-27T02:11:15.000Z</time><ele>20.77</ele></trkpt><trkpt lat="37.125424" lon="126.691602"><time>2026-09-27T02:11:16.000Z</time><ele>21.04</ele></trkpt><trkpt lat="37.125587" lon="126.691641"><time>2026-09-27T02:11:17.000Z</time><ele>20.59</ele></trkpt><trkpt lat="37.12576" lon="126.69168"><time>2026-09-27T02:11:18.000Z</time><ele>20.73</ele></trkpt><trkpt lat="37.125941" lon="126.691723"><time>2026-09-27T02:11:19.000Z</time><ele>19.63</ele></trkpt><trkpt lat="37.126129" lon="126.691773"><time>2026-09-27T02:11:20.000Z</time><ele>19.33</ele></trkpt><trkpt lat="37.126323" lon="126.691831"><time>2026-09-27T02:11:21.000Z</time><ele>19.11</ele></trkpt><trkpt lat="37.126519" lon="126.691891"><time>2026-09-27T02:11:22.000Z</time><ele>18.16</ele></trkpt><trkpt lat="37.126712" lon="126.691953"><time>2026-09-27T02:11:23.000Z</time><ele>17.08</ele></trkpt><trkpt lat="37.126907" lon="126.692016"><time>2026-09-27T02:11:24.000Z</time><ele>15.84</ele></trkpt><trkpt lat="37.127107" lon="126.692088"><time>2026-09-27T02:11:25.000Z</time><ele>15.04</ele></trkpt><trkpt lat="37.127308" lon="126.692167"><time>2026-09-27T02:11:26.000Z</time><ele>13.75</ele></trkpt><trkpt lat="37.127494" lon="126.692244"><time>2026-09-27T02:11:27.000Z</time><ele>12.96</ele></trkpt><trkpt lat="37.127676" lon="126.692325"><time>2026-09-27T02:11:28.000Z</time><ele>12.44</ele></trkpt><trkpt lat="37.127859" lon="126.692413"><time>2026-09-27T02:11:29.000Z</time><ele>12.52</ele></trkpt><trkpt lat="37.128039" lon="126.692506"><time>2026-09-27T02:11:30.000Z</time><ele>12.64</ele></trkpt><trkpt lat="37.128212" lon="126.6926"><time>2026-09-27T02:11:31.000Z</time><ele>12.54</ele></trkpt><trkpt lat="37.128379" lon="126.692693"><time>2026-09-27T02:11:32.000Z</time><ele>13.1</ele></trkpt><trkpt lat="37.128549" lon="126.692787"><time>2026-09-27T02:11:33.000Z</time><ele>13.68</ele></trkpt><trkpt lat="37.128707" lon="126.692879"><time>2026-09-27T02:11:34.000Z</time><ele>13.8</ele></trkpt><trkpt lat="37.128856" lon="126.692974"><time>2026-09-27T02:11:35.000Z</time><ele>14.12</ele></trkpt><trkpt lat="37.129004" lon="126.693066"><time>2026-09-27T02:11:36.000Z</time><ele>13.55</ele></trkpt><trkpt lat="37.129144" lon="126.693159"><time>2026-09-27T02:11:37.000Z</time><ele>13.66</ele></trkpt><trkpt lat="37.129283" lon="126.693256"><time>2026-09-27T02:11:38.000Z</time><ele>13.12</ele></trkpt><trkpt lat="37.129424" lon="126.693358"><time>2026-09-27T02:11:39.000Z</time><ele>13.01</ele></trkpt><trkpt lat="37.129566" lon="126.693465"><time>2026-09-27T02:11:40.000Z</time><ele>11.98</ele></trkpt><trkpt lat="37.129714" lon="126.693578"><time>2026-09-27T02:11:41.000Z</time><ele>11.79</ele></trkpt><trkpt lat="37.129868" lon="126.693696"><time>2026-09-27T02:11:42.000Z</time><ele>11.72</ele></trkpt><trkpt lat="37.130024" lon="126.693839"><time>2026-09-27T02:11:43.000Z</time><ele>10.85</ele></trkpt><trkpt lat="37.130182" lon="126.694003"><time>2026-09-27T02:11:44.000Z</time><ele>10.22</ele></trkpt><trkpt lat="37.130363" lon="126.694149"><time>2026-09-27T02:11:45.000Z</time><ele>9.86</ele></trkpt><trkpt lat="37.130545" lon="126.694312"><time>2026-09-27T02:11:46.000Z</time><ele>10.27</ele></trkpt><trkpt lat="37.130731" lon="126.694493"><time>2026-09-27T02:11:47.000Z</time><ele>9.93</ele></trkpt><trkpt lat="37.130921" lon="126.694668"><time>2026-09-27T02:11:48.000Z</time><ele>9.19</ele></trkpt><trkpt lat="37.131118" lon="126.694852"><time>2026-09-27T02:11:49.000Z</time><ele>9.35</ele></trkpt><trkpt lat="37.131322" lon="126.695036"><time>2026-09-27T02:11:50.000Z</time><ele>9.58</ele></trkpt><trkpt lat="37.131532" lon="126.695228"><time>2026-09-27T02:11:51.000Z</time><ele>9.91</ele></trkpt><trkpt lat="37.131743" lon="126.695423"><time>2026-09-27T02:11:52.000Z</time><ele>10.38</ele></trkpt><trkpt lat="37.131954" lon="126.695615"><time>2026-09-27T02:11:53.000Z</time><ele>10.76</ele></trkpt><trkpt lat="37.132157" lon="126.695807"><time>2026-09-27T02:11:54.000Z</time><ele>11.51</ele></trkpt><trkpt lat="37.132367" lon="126.695999"><time>2026-09-27T02:11:55.000Z</time><ele>11.94</ele></trkpt><trkpt lat="37.132579" lon="126.696191"><time>2026-09-27T02:11:56.000Z</time><ele>12.64</ele></trkpt><trkpt lat="37.132791" lon="126.696383"><time>2026-09-27T02:11:57.001Z</time><ele>13.72</ele></trkpt><trkpt lat="37.133003" lon="126.696577"><time>2026-09-27T02:11:58.001Z</time><ele>14.01</ele></trkpt><trkpt lat="37.133213" lon="126.696773"><time>2026-09-27T02:11:59.001Z</time><ele>15.29</ele></trkpt><trkpt lat="37.133415" lon="126.69696"><time>2026-09-27T02:12:00.001Z</time><ele>15.78</ele></trkpt><trkpt lat="37.1336" lon="126.697136"><time>2026-09-27T02:12:01.001Z</time><ele>16.81</ele></trkpt><trkpt lat="37.133774" lon="126.6973"><time>2026-09-27T02:12:02.001Z</time><ele>18.06</ele></trkpt><trkpt lat="37.133937" lon="126.69745"><time>2026-09-27T02:12:03.001Z</time><ele>18.24</ele></trkpt><trkpt lat="37.134089" lon="126.697592"><time>2026-09-27T02:12:04.001Z</time><ele>19.08</ele></trkpt><trkpt lat="37.134232" lon="126.697719"><time>2026-09-27T02:12:05.001Z</time><ele>19.4</ele></trkpt><trkpt lat="37.134369" lon="126.697843"><time>2026-09-27T02:12:06.001Z</time><ele>19.53</ele></trkpt><trkpt lat="37.134508" lon="126.697968"><time>2026-09-27T02:12:07.001Z</time><ele>19.97</ele></trkpt><trkpt lat="37.134653" lon="126.698097"><time>2026-09-27T02:12:08.001Z</time><ele>20.59</ele></trkpt><trkpt lat="37.134801" lon="126.698234"><time>2026-09-27T02:12:09.001Z</time><ele>22.99</ele></trkpt><trkpt lat="37.134955" lon="126.698359"><time>2026-09-27T02:12:10.001Z</time><ele>23.35</ele></trkpt><trkpt lat="37.135105" lon="126.698485"><time>2026-09-27T02:12:11.001Z</time><ele>22.31</ele></trkpt><trkpt lat="37.135247" lon="126.698605"><time>2026-09-27T02:12:12.001Z</time><ele>21.99</ele></trkpt><trkpt lat="37.135389" lon="126.698721"><time>2026-09-27T02:12:13.001Z</time><ele>21.57</ele></trkpt><trkpt lat="37.135536" lon="126.698849"><time>2026-09-27T02:12:14.001Z</time><ele>21.38</ele></trkpt><trkpt lat="37.135678" lon="126.698986"><time>2026-09-27T02:12:15.001Z</time><ele>20.24</ele></trkpt><trkpt lat="37.135817" lon="126.699144"><time>2026-09-27T02:12:16.001Z</time><ele>19.39</ele></trkpt><trkpt lat="37.135962" lon="126.699309"><time>2026-09-27T02:12:17.001Z</time><ele>19.12</ele></trkpt><trkpt lat="37.136105" lon="126.699487"><time>2026-09-27T02:12:18.001Z</time><ele>20.58</ele></trkpt><trkpt lat="37.136253" lon="126.699655"><time>2026-09-27T02:12:19.001Z</time><ele>19.44</ele></trkpt><trkpt lat="37.1364" lon="126.699822"><time>2026-09-27T02:12:20.001Z</time><ele>18.78</ele></trkpt><trkpt lat="37.136538" lon="126.699994"><time>2026-09-27T02:12:21.001Z</time><ele>17.24</ele></trkpt><trkpt lat="37.136679" lon="126.700165"><time>2026-09-27T02:12:22.001Z</time><ele>16.05</ele></trkpt><trkpt lat="37.13684" lon="126.700339"><time>2026-09-27T02:12:23.001Z</time><ele>15.24</ele></trkpt><trkpt lat="37.136991" lon="126.700525"><time>2026-09-27T02:12:24.001Z</time><ele>14.37</ele></trkpt><trkpt lat="37.137138" lon="126.700713"><time>2026-09-27T02:12:25.001Z</time><ele>13.99</ele></trkpt><trkpt lat="37.137283" lon="126.700898"><time>2026-09-27T02:12:26.001Z</time><ele>13.14</ele></trkpt><trkpt lat="37.137428" lon="126.701084"><time>2026-09-27T02:12:27.001Z</time><ele>13.57</ele></trkpt><trkpt lat="37.137571" lon="126.701262"><time>2026-09-27T02:12:28.001Z</time><ele>13.59</ele></trkpt><trkpt lat="37.137715" lon="126.701438"><time>2026-09-27T02:12:29.001Z</time><ele>13.6</ele></trkpt><trkpt lat="37.137862" lon="126.701606"><time>2026-09-27T02:12:30.001Z</time><ele>13.84</ele></trkpt><trkpt lat="37.13802" lon="126.701762"><time>2026-09-27T02:12:31.001Z</time><ele>14.84</ele></trkpt><trkpt lat="37.138194" lon="126.701906"><time>2026-09-27T02:12:32.001Z</time><ele>14.73</ele></trkpt><trkpt lat="37.138359" lon="126.702019"><time>2026-09-27T02:12:33.001Z</time><ele>15.39</ele></trkpt><trkpt lat="37.138519" lon="126.702111"><time>2026-09-27T02:12:34.001Z</time><ele>16.27</ele></trkpt><trkpt lat="37.138688" lon="126.702185"><time>2026-09-27T02:12:35.001Z</time><ele>16.56</ele></trkpt><trkpt lat="37.13886" lon="126.70224"><time>2026-09-27T02:12:36.001Z</time><ele>17.27</ele></trkpt><trkpt lat="37.139019" lon="126.702279"><time>2026-09-27T02:12:37.001Z</time><ele>17.87</ele></trkpt><trkpt lat="37.139169" lon="126.702315"><time>2026-09-27T02:12:38.001Z</time><ele>18.19</ele></trkpt><trkpt lat="37.139309" lon="126.702352"><time>2026-09-27T02:12:39.001Z</time><ele>18.92</ele></trkpt><trkpt lat="37.139446" lon="126.702381"><time>2026-09-27T02:12:40.001Z</time><ele>19.57</ele></trkpt><trkpt lat="37.139585" lon="126.702394"><time>2026-09-27T02:12:41.001Z</time><ele>19.51</ele></trkpt><trkpt lat="37.139712" lon="126.702401"><time>2026-09-27T02:12:42.001Z</time><ele>20.15</ele></trkpt><trkpt lat="37.139815" lon="126.702403"><time>2026-09-27T02:12:43.001Z</time><ele>20.56</ele></trkpt><trkpt lat="37.139924" lon="126.702402"><time>2026-09-27T02:12:44.001Z</time><ele>20.01</ele></trkpt><trkpt lat="37.140044" lon="126.702404"><time>2026-09-27T02:12:45.001Z</time><ele>20.86</ele></trkpt><trkpt lat="37.14017" lon="126.702405"><time>2026-09-27T02:12:46.001Z</time><ele>20.94</ele></trkpt><trkpt lat="37.140312" lon="126.702403"><time>2026-09-27T02:12:47.001Z</time><ele>21.11</ele></trkpt><trkpt lat="37.14045" lon="126.702406"><time>2026-09-27T02:12:48.001Z</time><ele>21.39</ele></trkpt><trkpt lat="37.140575" lon="126.702413"><time>2026-09-27T02:12:49.001Z</time><ele>21.43</ele></trkpt><trkpt lat="37.140707" lon="126.702411"><time>2026-09-27T02:12:50.001Z</time><ele>21.27</ele></trkpt><trkpt lat="37.140859" lon="126.702413"><time>2026-09-27T02:12:51.001Z</time><ele>21.48</ele></trkpt><trkpt lat="37.141018" lon="126.702412"><time>2026-09-27T02:12:52.001Z</time><ele>21.53</ele></trkpt><trkpt lat="37.141184" lon="126.702413"><time>2026-09-27T02:12:53.001Z</time><ele>22.06</ele></trkpt><trkpt lat="37.141358" lon="126.702414"><time>2026-09-27T02:12:54.001Z</time><ele>21.64</ele></trkpt><trkpt lat="37.141541" lon="126.702418"><time>2026-09-27T02:12:55.001Z</time><ele>21.69</ele></trkpt><trkpt lat="37.141717" lon="126.702418"><time>2026-09-27T02:12:56.001Z</time><ele>21.59</ele></trkpt><trkpt lat="37.141892" lon="126.702419"><time>2026-09-27T02:12:57.001Z</time><ele>21.7</ele></trkpt><trkpt lat="37.142072" lon="126.70241"><time>2026-09-27T02:12:58.001Z</time><ele>21.39</ele></trkpt><trkpt lat="37.142259" lon="126.702387"><time>2026-09-27T02:12:59.001Z</time><ele>21.15</ele></trkpt><trkpt lat="37.142442" lon="126.702356"><time>2026-09-27T02:13:00.001Z</time><ele>21.11</ele></trkpt><trkpt lat="37.142621" lon="126.702316"><time>2026-09-27T02:13:01.001Z</time><ele>20.37</ele></trkpt><trkpt lat="37.142797" lon="126.702265"><time>2026-09-27T02:13:02.001Z</time><ele>19.87</ele></trkpt><trkpt lat="37.142973" lon="126.702202"><time>2026-09-27T02:13:03.001Z</time><ele>19.21</ele></trkpt><trkpt lat="37.143149" lon="126.702125"><time>2026-09-27T02:13:04.001Z</time><ele>18.69</ele></trkpt><trkpt lat="37.143328" lon="126.702037"><time>2026-09-27T02:13:05.001Z</time><ele>18.14</ele></trkpt><trkpt lat="37.143504" lon="126.701935"><time>2026-09-27T02:13:06.001Z</time><ele>17.65</ele></trkpt><trkpt lat="37.143679" lon="126.701823"><time>2026-09-27T02:13:07.001Z</time><ele>16.8</ele></trkpt><trkpt lat="37.143839" lon="126.701711"><time>2026-09-27T02:13:08.001Z</time><ele>15.6</ele></trkpt><trkpt lat="37.143991" lon="126.7016"><time>2026-09-27T02:13:09.001Z</time><ele>14.8</ele></trkpt><trkpt lat="37.144136" lon="126.701483"><time>2026-09-27T02:13:10.000Z</time><ele>14.56</ele></trkpt><trkpt lat="37.144284" lon="126.701358"><time>2026-09-27T02:13:11.000Z</time><ele>13.54</ele></trkpt><trkpt lat="37.144443" lon="126.701235"><time>2026-09-27T02:13:12.000Z</time><ele>12.91</ele></trkpt><trkpt lat="37.144605" lon="126.701113"><time>2026-09-27T02:13:13.000Z</time><ele>11.9</ele></trkpt><trkpt lat="37.144777" lon="126.701003"><time>2026-09-27T02:13:14.000Z</time><ele>11.64</ele></trkpt><trkpt lat="37.144956" lon="126.700902"><time>2026-09-27T02:13:15.000Z</time><ele>10.62</ele></trkpt><trkpt lat="37.14514" lon="126.70082"><time>2026-09-27T02:13:16.000Z</time><ele>10.36</ele></trkpt><trkpt lat="37.145332" lon="126.700761"><time>2026-09-27T02:13:17.000Z</time><ele>10.55</ele></trkpt><trkpt lat="37.145537" lon="126.700723"><time>2026-09-27T02:13:18.000Z</time><ele>11.11</ele></trkpt><trkpt lat="37.145721" lon="126.700705"><time>2026-09-27T02:13:19.000Z</time><ele>11.63</ele></trkpt><trkpt lat="37.145891" lon="126.700702"><time>2026-09-27T02:13:20.000Z</time><ele>11.13</ele></trkpt><trkpt lat="37.14604" lon="126.700709"><time>2026-09-27T02:13:21.000Z</time><ele>10.65</ele></trkpt><trkpt lat="37.146177" lon="126.700723"><time>2026-09-27T02:13:22.000Z</time><ele>10.21</ele></trkpt><trkpt lat="37.146299" lon="126.700738"><time>2026-09-27T02:13:23.000Z</time><ele>9.96</ele></trkpt><trkpt lat="37.14641" lon="126.700752"><time>2026-09-27T02:13:24.000Z</time><ele>9.44</ele></trkpt><trkpt lat="37.146505" lon="126.700765"><time>2026-09-27T02:13:25.000Z</time><ele>8.82</ele></trkpt><trkpt lat="37.14659" lon="126.700774"><time>2026-09-27T02:13:26.000Z</time><ele>8.32</ele></trkpt><trkpt lat="37.146667" lon="126.700782"><time>2026-09-27T02:13:27.000Z</time><ele>7.69</ele></trkpt><trkpt lat="37.14674" lon="126.700796"><time>2026-09-27T02:13:28.000Z</time><ele>7.53</ele></trkpt><trkpt lat="37.146809" lon="126.700805"><time>2026-09-27T02:13:29.000Z</time><ele>7.25</ele></trkpt><trkpt lat="37.146874" lon="126.70081"><time>2026-09-27T02:13:30.000Z</time><ele>7.48</ele></trkpt><trkpt lat="37.146928" lon="126.700816"><time>2026-09-27T02:13:31.000Z</time><ele>7.51</ele></trkpt><trkpt lat="37.146974" lon="126.700824"><time>2026-09-27T02:13:32.000Z</time><ele>7.62</ele></trkpt><trkpt lat="37.147027" lon="126.700835"><time>2026-09-27T02:13:34.000Z</time><ele>8.2</ele></trkpt><trkpt lat="37.147079" lon="126.700845"><time>2026-09-27T02:13:57.000Z</time><ele>10.41</ele></trkpt><trkpt lat="37.147137" lon="126.700853"><time>2026-09-27T02:13:58.000Z</time><ele>10.43</ele></trkpt><trkpt lat="37.147203" lon="126.700862"><time>2026-09-27T02:13:59.000Z</time><ele>10.63</ele></trkpt><trkpt lat="37.147286" lon="126.700872"><time>2026-09-27T02:14:00.000Z</time><ele>10.65</ele></trkpt><trkpt lat="37.147377" lon="126.700879"><time>2026-09-27T02:14:01.000Z</time><ele>10.89</ele></trkpt><trkpt lat="37.147488" lon="126.700885"><time>2026-09-27T02:14:02.000Z</time><ele>10.73</ele></trkpt><trkpt lat="37.147611" lon="126.700892"><time>2026-09-27T02:14:03.000Z</time><ele>10.92</ele></trkpt><trkpt lat="37.147746" lon="126.7009"><time>2026-09-27T02:14:04.001Z</time><ele>11.19</ele></trkpt><trkpt lat="37.147894" lon="126.70091"><time>2026-09-27T02:14:05.001Z</time><ele>11.34</ele></trkpt><trkpt lat="37.148053" lon="126.700922"><time>2026-09-27T02:14:06.001Z</time><ele>11.61</ele></trkpt><trkpt lat="37.148218" lon="126.700936"><time>2026-09-27T02:14:07.001Z</time><ele>12.05</ele></trkpt><trkpt lat="37.148395" lon="126.700945"><time>2026-09-27T02:14:08.001Z</time><ele>12.91</ele></trkpt><trkpt lat="37.148579" lon="126.70095"><time>2026-09-27T02:14:09.001Z</time><ele>13.39</ele></trkpt><trkpt lat="37.148767" lon="126.700954"><time>2026-09-27T02:14:10.001Z</time><ele>14.55</ele></trkpt><trkpt lat="37.148955" lon="126.700942"><time>2026-09-27T02:14:11.001Z</time><ele>15.58</ele></trkpt><trkpt lat="37.149152" lon="126.700917"><time>2026-09-27T02:14:12.001Z</time><ele>16.63</ele></trkpt><trkpt lat="37.149346" lon="126.700904"><time>2026-09-27T02:14:13.001Z</time><ele>17.26</ele></trkpt><trkpt lat="37.149539" lon="126.700895"><time>2026-09-27T02:14:14.001Z</time><ele>17.61</ele></trkpt><trkpt lat="37.149723" lon="126.700889"><time>2026-09-27T02:14:15.001Z</time><ele>18.06</ele></trkpt><trkpt lat="37.149905" lon="126.700879"><time>2026-09-27T02:14:16.001Z</time><ele>17.81</ele></trkpt><trkpt lat="37.150076" lon="126.70087"><time>2026-09-27T02:14:17.001Z</time><ele>18.52</ele></trkpt><trkpt lat="37.150235" lon="126.700854"><time>2026-09-27T02:14:18.001Z</time><ele>17.75</ele></trkpt><trkpt lat="37.150722" lon="126.700803"><time>2026-09-27T02:14:21.001Z</time><ele>16.59</ele></trkpt><trkpt lat="37.150875" lon="126.700788"><time>2026-09-27T02:14:22.001Z</time><ele>16.75</ele></trkpt><trkpt lat="37.151025" lon="126.700768"><time>2026-09-27T02:14:23.001Z</time><ele>15.72</ele></trkpt><trkpt lat="37.151167" lon="126.700747"><time>2026-09-27T02:14:24.001Z</time><ele>14.73</ele></trkpt><trkpt lat="37.151304" lon="126.700722"><time>2026-09-27T02:14:25.001Z</time><ele>14.33</ele></trkpt><trkpt lat="37.151429" lon="126.700689"><time>2026-09-27T02:14:26.001Z</time><ele>14.22</ele></trkpt><trkpt lat="37.151552" lon="126.700675"><time>2026-09-27T02:14:27.001Z</time><ele>13.98</ele></trkpt><trkpt lat="37.151657" lon="126.700672"><time>2026-09-27T02:14:28.001Z</time><ele>13.57</ele></trkpt><trkpt lat="37.151749" lon="126.700668"><time>2026-09-27T02:14:29.001Z</time><ele>13.19</ele></trkpt><trkpt lat="37.151826" lon="126.700654"><time>2026-09-27T02:14:30.001Z</time><ele>12.95</ele></trkpt><trkpt lat="37.151885" lon="126.700661"><time>2026-09-27T02:14:31.001Z</time><ele>12.76</ele></trkpt><trkpt lat="37.151933" lon="126.700465"><time>2026-09-27T02:14:33.001Z</time><ele>12.45</ele></trkpt><trkpt lat="37.15193" lon="126.700358"><time>2026-09-27T02:14:34.001Z</time><ele>12.24</ele></trkpt><trkpt lat="37.151916" lon="126.700234"><time>2026-09-27T02:14:35.001Z</time><ele>11.4</ele></trkpt><trkpt lat="37.1519" lon="126.700098"><time>2026-09-27T02:14:36.001Z</time><ele>10.93</ele></trkpt><trkpt lat="37.15191" lon="126.699949"><time>2026-09-27T02:14:37.001Z</time><ele>10.21</ele></trkpt><trkpt lat="37.151946" lon="126.699798"><time>2026-09-27T02:14:38.001Z</time><ele>10.6</ele></trkpt><trkpt lat="37.151974" lon="126.699666"><time>2026-09-27T02:14:39.001Z</time><ele>10.17</ele></trkpt><trkpt lat="37.151997" lon="126.699528"><time>2026-09-27T02:14:40.001Z</time><ele>10.11</ele></trkpt><trkpt lat="37.152019" lon="126.699389"><time>2026-09-27T02:14:41.001Z</time><ele>10.06</ele></trkpt><trkpt lat="37.152031" lon="126.699258"><time>2026-09-27T02:14:42.001Z</time><ele>9.99</ele></trkpt><trkpt lat="37.152043" lon="126.699142"><time>2026-09-27T02:14:43.001Z</time><ele>9.7</ele></trkpt><trkpt lat="37.152057" lon="126.699032"><time>2026-09-27T02:14:44.001Z</time><ele>9.5</ele></trkpt><trkpt lat="37.152068" lon="126.698928"><time>2026-09-27T02:14:45.001Z</time><ele>9.14</ele></trkpt><trkpt lat="37.152066" lon="126.698829"><time>2026-09-27T02:14:46.001Z</time><ele>8.91</ele></trkpt><trkpt lat="37.152051" lon="126.698738"><time>2026-09-27T02:14:47.001Z</time><ele>8.97</ele></trkpt><trkpt lat="37.152068" lon="126.69867"><time>2026-09-27T02:14:48.001Z</time><ele>8.9</ele></trkpt><trkpt lat="37.151998" lon="126.698522"><time>2026-09-27T02:14:49.001Z</time><ele>9.02</ele></trkpt><trkpt lat="37.151927" lon="126.698448"><time>2026-09-27T02:14:50.001Z</time><ele>8.84</ele></trkpt><trkpt lat="37.151847" lon="126.698363"><time>2026-09-27T02:14:51.001Z</time><ele>9.3</ele></trkpt><trkpt lat="37.151762" lon="126.698274"><time>2026-09-27T02:14:52.001Z</time><ele>9.59</ele></trkpt><trkpt lat="37.151678" lon="126.698185"><time>2026-09-27T02:14:53.001Z</time><ele>9.12</ele></trkpt><trkpt lat="37.151605" lon="126.698108"><time>2026-09-27T02:14:54.001Z</time><ele>9.37</ele></trkpt><trkpt lat="37.151536" lon="126.698036"><time>2026-09-27T02:14:55.001Z</time><ele>9.17</ele></trkpt><trkpt lat="37.151476" lon="126.697972"><time>2026-09-27T02:14:56.001Z</time><ele>8.97</ele></trkpt><trkpt lat="37.151439" lon="126.697905"><time>2026-09-27T02:14:57.001Z</time><ele>9.14</ele></trkpt><trkpt lat="37.151425" lon="126.697844"><time>2026-09-27T02:14:58.001Z</time><ele>8.94</ele></trkpt><trkpt lat="37.151481" lon="126.697723"><time>2026-09-27T02:14:59.001Z</time><ele>9.24</ele></trkpt><trkpt lat="37.151544" lon="126.697642"><time>2026-09-27T02:15:00.001Z</time><ele>9.65</ele></trkpt><trkpt lat="37.151606" lon="126.697549"><time>2026-09-27T02:15:01.001Z</time><ele>9.65</ele></trkpt><trkpt lat="37.151671" lon="126.69744"><time>2026-09-27T02:15:02.001Z</time><ele>10.02</ele></trkpt><trkpt lat="37.151743" lon="126.697314"><time>2026-09-27T02:15:03.001Z</time><ele>10.44</ele></trkpt><trkpt lat="37.151819" lon="126.697174"><time>2026-09-27T02:15:04.001Z</time><ele>10.67</ele></trkpt><trkpt lat="37.1524" lon="126.69619"><time>2026-09-27T02:15:10.001Z</time><ele>10.38</ele></trkpt><trkpt lat="37.152504" lon="126.696028"><time>2026-09-27T02:15:11.001Z</time><ele>10.71</ele></trkpt><trkpt lat="37.152598" lon="126.695878"><time>2026-09-27T02:15:12.001Z</time><ele>10.7</ele></trkpt><trkpt lat="37.152679" lon="126.695736"><time>2026-09-27T02:15:13.001Z</time><ele>10.44</ele></trkpt><trkpt lat="37.152763" lon="126.695602"><time>2026-09-27T02:15:14.001Z</time><ele>10.49</ele></trkpt><trkpt lat="37.152847" lon="126.695478"><time>2026-09-27T02:15:15.001Z</time><ele>10.79</ele></trkpt><trkpt lat="37.152926" lon="126.695359"><time>2026-09-27T02:15:16.000Z</time><ele>10.97</ele></trkpt><trkpt lat="37.153005" lon="126.69524"><time>2026-09-27T02:15:17.000Z</time><ele>11.07</ele></trkpt><trkpt lat="37.153084" lon="126.695115"><time>2026-09-27T02:15:18.000Z</time><ele>11.15</ele></trkpt><trkpt lat="37.153166" lon="126.694978"><time>2026-09-27T02:15:19.000Z</time><ele>11.26</ele></trkpt><trkpt lat="37.153254" lon="126.694837"><time>2026-09-27T02:15:20.000Z</time><ele>11.47</ele></trkpt><trkpt lat="37.153348" lon="126.694694"><time>2026-09-27T02:15:21.000Z</time><ele>11.79</ele></trkpt><trkpt lat="37.153444" lon="126.694549"><time>2026-09-27T02:15:22.000Z</time><ele>11.38</ele></trkpt><trkpt lat="37.153548" lon="126.694397"><time>2026-09-27T02:15:23.000Z</time><ele>11.29</ele></trkpt><trkpt lat="37.153648" lon="126.694253"><time>2026-09-27T02:15:24.000Z</time><ele>11.27</ele></trkpt><trkpt lat="37.153745" lon="126.694124"><time>2026-09-27T02:15:25.000Z</time><ele>11.4</ele></trkpt><trkpt lat="37.153842" lon="126.693996"><time>2026-09-27T02:15:26.000Z</time><ele>11.49</ele></trkpt><trkpt lat="37.153916" lon="126.693848"><time>2026-09-27T02:15:27.000Z</time><ele>11.61</ele></trkpt><trkpt lat="37.153962" lon="126.693684"><time>2026-09-27T02:15:28.000Z</time><ele>11.87</ele></trkpt><trkpt lat="37.154009" lon="126.693517"><time>2026-09-27T02:15:29.000Z</time><ele>11.57</ele></trkpt><trkpt lat="37.154069" lon="126.693355"><time>2026-09-27T02:15:30.000Z</time><ele>11.26</ele></trkpt><trkpt lat="37.154165" lon="126.693213"><time>2026-09-27T02:15:31.000Z</time><ele>10.94</ele></trkpt><trkpt lat="37.154283" lon="126.693093"><time>2026-09-27T02:15:32.000Z</time><ele>10.89</ele></trkpt><trkpt lat="37.154418" lon="126.692992"><time>2026-09-27T02:15:33.000Z</time><ele>11.29</ele></trkpt><trkpt lat="37.15457" lon="126.692912"><time>2026-09-27T02:15:34.000Z</time><ele>12.15</ele></trkpt><trkpt lat="37.154715" lon="126.692833"><time>2026-09-27T02:15:35.000Z</time><ele>12.6</ele></trkpt><trkpt lat="37.154853" lon="126.692743"><time>2026-09-27T02:15:36.000Z</time><ele>12.51</ele></trkpt><trkpt lat="37.154984" lon="126.692649"><time>2026-09-27T02:15:37.000Z</time><ele>12.23</ele></trkpt><trkpt lat="37.155113" lon="126.692556"><time>2026-09-27T02:15:38.000Z</time><ele>12.07</ele></trkpt><trkpt lat="37.15524" lon="126.692463"><time>2026-09-27T02:15:39.000Z</time><ele>11.99</ele></trkpt><trkpt lat="37.155363" lon="126.69237"><time>2026-09-27T02:15:40.000Z</time><ele>11.7</ele></trkpt><trkpt lat="37.155486" lon="126.692276"><time>2026-09-27T02:15:41.000Z</time><ele>12.04</ele></trkpt><trkpt lat="37.155605" lon="126.692181"><time>2026-09-27T02:15:42.000Z</time><ele>11.99</ele></trkpt><trkpt lat="37.155724" lon="126.69209"><time>2026-09-27T02:15:43.000Z</time><ele>12.46</ele></trkpt><trkpt lat="37.155838" lon="126.692007"><time>2026-09-27T02:15:44.000Z</time><ele>12.61</ele></trkpt><trkpt lat="37.155946" lon="126.691931"><time>2026-09-27T02:15:45.000Z</time><ele>13.09</ele></trkpt><trkpt lat="37.156063" lon="126.69185"><time>2026-09-27T02:15:46.000Z</time><ele>13.45</ele></trkpt><trkpt lat="37.156178" lon="126.691774"><time>2026-09-27T02:15:47.000Z</time><ele>13.99</ele></trkpt><trkpt lat="37.156298" lon="126.69171"><time>2026-09-27T02:15:48.000Z</time><ele>14.55</ele></trkpt><trkpt lat="37.156425" lon="126.691657"><time>2026-09-27T02:15:49.000Z</time><ele>14.85</ele></trkpt><trkpt lat="37.156545" lon="126.691619"><time>2026-09-27T02:15:50.000Z</time><ele>14.46</ele></trkpt><trkpt lat="37.156661" lon="126.691595"><time>2026-09-27T02:15:51.000Z</time><ele>13.78</ele></trkpt><trkpt lat="37.156778" lon="126.691572"><time>2026-09-27T02:15:52.000Z</time><ele>12.99</ele></trkpt><trkpt lat="37.156898" lon="126.691558"><time>2026-09-27T02:15:53.000Z</time><ele>13.2</ele></trkpt><trkpt lat="37.157025" lon="126.69154"><time>2026-09-27T02:15:54.000Z</time><ele>12.65</ele></trkpt><trkpt lat="37.15714" lon="126.691522"><time>2026-09-27T02:15:55.000Z</time><ele>12.46</ele></trkpt><trkpt lat="37.157252" lon="126.691496"><time>2026-09-27T02:15:56.000Z</time><ele>12.25</ele></trkpt><trkpt lat="37.157364" lon="126.691445"><time>2026-09-27T02:15:57.000Z</time><ele>12.1</ele></trkpt><trkpt lat="37.157469" lon="126.691374"><time>2026-09-27T02:15:58.000Z</time><ele>11.88</ele></trkpt><trkpt lat="37.157569" lon="126.691289"><time>2026-09-27T02:15:59.000Z</time><ele>11.92</ele></trkpt><trkpt lat="37.157657" lon="126.691188"><time>2026-09-27T02:16:00.000Z</time><ele>11.8</ele></trkpt><trkpt lat="37.157734" lon="126.691066"><time>2026-09-27T02:16:01.000Z</time><ele>11.89</ele></trkpt><trkpt lat="37.157797" lon="126.690929"><time>2026-09-27T02:16:02.000Z</time><ele>11.72</ele></trkpt><trkpt lat="37.157851" lon="126.690788"><time>2026-09-27T02:16:03.000Z</time><ele>12.14</ele></trkpt><trkpt lat="37.157898" lon="126.690656"><time>2026-09-27T02:16:04.000Z</time><ele>11.36</ele></trkpt><trkpt lat="37.157948" lon="126.690522"><time>2026-09-27T02:16:05.000Z</time><ele>11</ele></trkpt><trkpt lat="37.158003" lon="126.69038"><time>2026-09-27T02:16:06.000Z</time><ele>10.63</ele></trkpt><trkpt lat="37.15806" lon="126.690235"><time>2026-09-27T02:16:07.000Z</time><ele>10.63</ele></trkpt><trkpt lat="37.158118" lon="126.69009"><time>2026-09-27T02:16:08.000Z</time><ele>10.12</ele></trkpt><trkpt lat="37.158177" lon="126.68994"><time>2026-09-27T02:16:09.000Z</time><ele>10.51</ele></trkpt><trkpt lat="37.158238" lon="126.689791"><time>2026-09-27T02:16:10.000Z</time><ele>10.51</ele></trkpt><trkpt lat="37.158295" lon="126.68964"><time>2026-09-27T02:16:11.000Z</time><ele>10.22</ele></trkpt><trkpt lat="37.158352" lon="126.689489"><time>2026-09-27T02:16:12.001Z</time><ele>10.15</ele></trkpt><trkpt lat="37.158405" lon="126.689347"><time>2026-09-27T02:16:13.001Z</time><ele>9.54</ele></trkpt><trkpt lat="37.158459" lon="126.689205"><time>2026-09-27T02:16:14.001Z</time><ele>9.54</ele></trkpt><trkpt lat="37.158514" lon="126.689055"><time>2026-09-27T02:16:15.001Z</time><ele>8.41</ele></trkpt><trkpt lat="37.158576" lon="126.688902"><time>2026-09-27T02:16:16.001Z</time><ele>8.34</ele></trkpt><trkpt lat="37.158637" lon="126.688741"><time>2026-09-27T02:16:17.001Z</time><ele>8.3</ele></trkpt><trkpt lat="37.1587" lon="126.688578"><time>2026-09-27T02:16:18.001Z</time><ele>8.57</ele></trkpt><trkpt lat="37.158764" lon="126.688412"><time>2026-09-27T02:16:19.001Z</time><ele>8.67</ele></trkpt><trkpt lat="37.158826" lon="126.688243"><time>2026-09-27T02:16:20.001Z</time><ele>8.75</ele></trkpt><trkpt lat="37.158887" lon="126.688078"><time>2026-09-27T02:16:21.001Z</time><ele>8.24</ele></trkpt><trkpt lat="37.15895" lon="126.687925"><time>2026-09-27T02:16:22.001Z</time><ele>8.48</ele></trkpt><trkpt lat="37.159011" lon="126.687768"><time>2026-09-27T02:16:23.001Z</time><ele>8.89</ele></trkpt><trkpt lat="37.159068" lon="126.687615"><time>2026-09-27T02:16:24.001Z</time><ele>9.03</ele></trkpt><trkpt lat="37.159124" lon="126.68746"><time>2026-09-27T02:16:25.001Z</time><ele>8.71</ele></trkpt><trkpt lat="37.159185" lon="126.687306"><time>2026-09-27T02:16:26.001Z</time><ele>8.95</ele></trkpt><trkpt lat="37.159247" lon="126.687153"><time>2026-09-27T02:16:27.001Z</time><ele>8.96</ele></trkpt><trkpt lat="37.159309" lon="126.686999"><time>2026-09-27T02:16:28.001Z</time><ele>8.96</ele></trkpt><trkpt lat="37.159368" lon="126.686843"><time>2026-09-27T02:16:29.001Z</time><ele>9.08</ele></trkpt><trkpt lat="37.159431" lon="126.686684"><time>2026-09-27T02:16:30.001Z</time><ele>9.15</ele></trkpt><trkpt lat="37.159495" lon="126.686524"><time>2026-09-27T02:16:31.001Z</time><ele>9.44</ele></trkpt><trkpt lat="37.159556" lon="126.686362"><time>2026-09-27T02:16:32.001Z</time><ele>9.7</ele></trkpt><trkpt lat="37.15962" lon="126.686198"><time>2026-09-27T02:16:33.001Z</time><ele>9.07</ele></trkpt><trkpt lat="37.159685" lon="126.686034"><time>2026-09-27T02:16:34.001Z</time><ele>9.36</ele></trkpt><trkpt lat="37.159747" lon="126.685869"><time>2026-09-27T02:16:35.001Z</time><ele>9.12</ele></trkpt><trkpt lat="37.15981" lon="126.685705"><time>2026-09-27T02:16:36.001Z</time><ele>9.37</ele></trkpt><trkpt lat="37.159872" lon="126.68554"><time>2026-09-27T02:16:37.001Z</time><ele>9.18</ele></trkpt><trkpt lat="37.159934" lon="126.685375"><time>2026-09-27T02:16:38.001Z</time><ele>9.21</ele></trkpt><trkpt lat="37.159996" lon="126.685213"><time>2026-09-27T02:16:39.001Z</time><ele>8.96</ele></trkpt><trkpt lat="37.160058" lon="126.685051"><time>2026-09-27T02:16:40.001Z</time><ele>8.78</ele></trkpt><trkpt lat="37.16012" lon="126.68489"><time>2026-09-27T02:16:41.001Z</time><ele>8.96</ele></trkpt><trkpt lat="37.16018" lon="126.684722"><time>2026-09-27T02:16:42.001Z</time><ele>8.3</ele></trkpt><trkpt lat="37.160245" lon="126.68456"><time>2026-09-27T02:16:43.001Z</time><ele>9.41</ele></trkpt><trkpt lat="37.160305" lon="126.684399"><time>2026-09-27T02:16:44.001Z</time><ele>9.69</ele></trkpt><trkpt lat="37.160361" lon="126.684239"><time>2026-09-27T02:16:45.001Z</time><ele>8.75</ele></trkpt><trkpt lat="37.160407" lon="126.684082"><time>2026-09-27T02:16:46.001Z</time><ele>8.82</ele></trkpt><trkpt lat="37.160443" lon="126.683931"><time>2026-09-27T02:16:47.001Z</time><ele>8.15</ele></trkpt><trkpt lat="37.160476" lon="126.683788"><time>2026-09-27T02:16:48.001Z</time><ele>7.82</ele></trkpt><trkpt lat="37.16051" lon="126.683649"><time>2026-09-27T02:16:49.001Z</time><ele>8.24</ele></trkpt><trkpt lat="37.160543" lon="126.683514"><time>2026-09-27T02:16:50.001Z</time><ele>8.14</ele></trkpt><trkpt lat="37.16058" lon="126.683389"><time>2026-09-27T02:16:51.001Z</time><ele>7.83</ele></trkpt><trkpt lat="37.160625" lon="126.68327"><time>2026-09-27T02:16:52.001Z</time><ele>6.68</ele></trkpt><trkpt lat="37.160673" lon="126.683157"><time>2026-09-27T02:16:53.001Z</time><ele>6.79</ele></trkpt><trkpt lat="37.160728" lon="126.683053"><time>2026-09-27T02:16:54.001Z</time><ele>6.65</ele></trkpt><trkpt lat="37.160791" lon="126.682961"><time>2026-09-27T02:16:55.001Z</time><ele>6.75</ele></trkpt><trkpt lat="37.160854" lon="126.682873"><time>2026-09-27T02:16:56.001Z</time><ele>7.16</ele></trkpt><trkpt lat="37.16092" lon="126.682796"><time>2026-09-27T02:16:57.001Z</time><ele>7.65</ele></trkpt><trkpt lat="37.160991" lon="126.682716"><time>2026-09-27T02:16:58.001Z</time><ele>7.84</ele></trkpt><trkpt lat="37.161074" lon="126.682641"><time>2026-09-27T02:16:59.001Z</time><ele>8.1</ele></trkpt><trkpt lat="37.161158" lon="126.682577"><time>2026-09-27T02:17:00.001Z</time><ele>8.66</ele></trkpt><trkpt lat="37.161256" lon="126.682521"><time>2026-09-27T02:17:01.001Z</time><ele>9.37</ele></trkpt><trkpt lat="37.161356" lon="126.682471"><time>2026-09-27T02:17:02.001Z</time><ele>9.89</ele></trkpt><trkpt lat="37.161459" lon="126.682435"><time>2026-09-27T02:17:03.001Z</time><ele>10.28</ele></trkpt><trkpt lat="37.161559" lon="126.682405"><time>2026-09-27T02:17:04.001Z</time><ele>10.47</ele></trkpt><trkpt lat="37.161659" lon="126.682371"><time>2026-09-27T02:17:05.001Z</time><ele>11.29</ele></trkpt><trkpt lat="37.16177" lon="126.682335"><time>2026-09-27T02:17:06.001Z</time><ele>11.68</ele></trkpt><trkpt lat="37.16189" lon="126.68232"><time>2026-09-27T02:17:07.001Z</time><ele>12.45</ele></trkpt><trkpt lat="37.162011" lon="126.682285"><time>2026-09-27T02:17:08.001Z</time><ele>13.38</ele></trkpt><trkpt lat="37.162131" lon="126.68224"><time>2026-09-27T02:17:09.001Z</time><ele>13.31</ele></trkpt><trkpt lat="37.162254" lon="126.682184"><time>2026-09-27T02:17:10.001Z</time><ele>14.21</ele></trkpt><trkpt lat="37.162365" lon="126.682112"><time>2026-09-27T02:17:11.001Z</time><ele>13.77</ele></trkpt><trkpt lat="37.162468" lon="126.682035"><time>2026-09-27T02:17:12.001Z</time><ele>12.82</ele></trkpt><trkpt lat="37.162573" lon="126.681948"><time>2026-09-27T02:17:13.001Z</time><ele>12.72</ele></trkpt><trkpt lat="37.162674" lon="126.681862"><time>2026-09-27T02:17:14.001Z</time><ele>12.24</ele></trkpt><trkpt lat="37.162758" lon="126.681777"><time>2026-09-27T02:17:15.001Z</time><ele>11.3</ele></trkpt><trkpt lat="37.162846" lon="126.681695"><time>2026-09-27T02:17:16.001Z</time><ele>10.57</ele></trkpt><trkpt lat="37.162933" lon="126.681616"><time>2026-09-27T02:17:17.001Z</time><ele>10.01</ele></trkpt><trkpt lat="37.163025" lon="126.681537"><time>2026-09-27T02:17:18.001Z</time><ele>10</ele></trkpt><trkpt lat="37.163118" lon="126.681449"><time>2026-09-27T02:17:19.001Z</time><ele>9.97</ele></trkpt><trkpt lat="37.163211" lon="126.681359"><time>2026-09-27T02:17:20.001Z</time><ele>9.38</ele></trkpt><trkpt lat="37.163307" lon="126.681269"><time>2026-09-27T02:17:21.001Z</time><ele>8.89</ele></trkpt><trkpt lat="37.163392" lon="126.681188"><time>2026-09-27T02:17:22.000Z</time><ele>8.81</ele></trkpt><trkpt lat="37.163477" lon="126.681111"><time>2026-09-27T02:17:23.000Z</time><ele>9.01</ele></trkpt><trkpt lat="37.163558" lon="126.681041"><time>2026-09-27T02:17:24.000Z</time><ele>9.76</ele></trkpt><trkpt lat="37.163643" lon="126.680966"><time>2026-09-27T02:17:25.000Z</time><ele>9.74</ele></trkpt><trkpt lat="37.163732" lon="126.680883"><time>2026-09-27T02:17:26.000Z</time><ele>10.18</ele></trkpt><trkpt lat="37.163826" lon="126.680797"><time>2026-09-27T02:17:27.000Z</time><ele>9.81</ele></trkpt><trkpt lat="37.163923" lon="126.680712"><time>2026-09-27T02:17:28.000Z</time><ele>9.91</ele></trkpt><trkpt lat="37.164017" lon="126.680626"><time>2026-09-27T02:17:29.000Z</time><ele>9.86</ele></trkpt><trkpt lat="37.164108" lon="126.680542"><time>2026-09-27T02:17:30.000Z</time><ele>9.09</ele></trkpt><trkpt lat="37.164196" lon="126.680458"><time>2026-09-27T02:17:31.000Z</time><ele>9.05</ele></trkpt><trkpt lat="37.164292" lon="126.680372"><time>2026-09-27T02:17:32.000Z</time><ele>8.74</ele></trkpt><trkpt lat="37.164367" lon="126.680264"><time>2026-09-27T02:17:33.000Z</time><ele>9.21</ele></trkpt><trkpt lat="37.164432" lon="126.680156"><time>2026-09-27T02:17:34.000Z</time><ele>8.95</ele></trkpt><trkpt lat="37.164486" lon="126.680046"><time>2026-09-27T02:17:35.000Z</time><ele>8.28</ele></trkpt><trkpt lat="37.164536" lon="126.679941"><time>2026-09-27T02:17:36.000Z</time><ele>8.44</ele></trkpt><trkpt lat="37.164579" lon="126.679828"><time>2026-09-27T02:17:37.000Z</time><ele>8.66</ele></trkpt><trkpt lat="37.164615" lon="126.679702"><time>2026-09-27T02:17:38.000Z</time><ele>8.34</ele></trkpt><trkpt lat="37.164643" lon="126.679573"><time>2026-09-27T02:17:39.000Z</time><ele>8.25</ele></trkpt><trkpt lat="37.164663" lon="126.679437"><time>2026-09-27T02:17:40.000Z</time><ele>8.14</ele></trkpt><trkpt lat="37.164672" lon="126.679298"><time>2026-09-27T02:17:41.000Z</time><ele>8.37</ele></trkpt><trkpt lat="37.16467" lon="126.679153"><time>2026-09-27T02:17:42.000Z</time><ele>8.04</ele></trkpt><trkpt lat="37.164666" lon="126.679007"><time>2026-09-27T02:17:43.000Z</time><ele>8.03</ele></trkpt><trkpt lat="37.164669" lon="126.67885"><time>2026-09-27T02:17:44.000Z</time><ele>8.4</ele></trkpt><trkpt lat="37.164676" lon="126.678695"><time>2026-09-27T02:17:45.000Z</time><ele>8.1</ele></trkpt><trkpt lat="37.16469" lon="126.678539"><time>2026-09-27T02:17:46.000Z</time><ele>7.75</ele></trkpt><trkpt lat="37.164706" lon="126.678381"><time>2026-09-27T02:17:47.000Z</time><ele>8.11</ele></trkpt><trkpt lat="37.164728" lon="126.67822"><time>2026-09-27T02:17:48.000Z</time><ele>8.33</ele></trkpt><trkpt lat="37.164758" lon="126.678065"><time>2026-09-27T02:17:49.000Z</time><ele>8.13</ele></trkpt><trkpt lat="37.164786" lon="126.677913"><time>2026-09-27T02:17:50.000Z</time><ele>7.53</ele></trkpt><trkpt lat="37.164824" lon="126.677762"><time>2026-09-27T02:17:51.000Z</time><ele>6.53</ele></trkpt><trkpt lat="37.164874" lon="126.677615"><time>2026-09-27T02:17:52.000Z</time><ele>7.39</ele></trkpt><trkpt lat="37.164923" lon="126.677464"><time>2026-09-27T02:17:53.000Z</time><ele>7.95</ele></trkpt><trkpt lat="37.164975" lon="126.677307"><time>2026-09-27T02:17:54.000Z</time><ele>7.47</ele></trkpt><trkpt lat="37.165033" lon="126.677156"><time>2026-09-27T02:17:55.000Z</time><ele>7.24</ele></trkpt><trkpt lat="37.165098" lon="126.677006"><time>2026-09-27T02:17:56.000Z</time><ele>7.68</ele></trkpt><trkpt lat="37.165169" lon="126.676859"><time>2026-09-27T02:17:57.000Z</time><ele>7.49</ele></trkpt><trkpt lat="37.165238" lon="126.676715"><time>2026-09-27T02:17:58.000Z</time><ele>7.97</ele></trkpt><trkpt lat="37.165309" lon="126.676573"><time>2026-09-27T02:17:59.000Z</time><ele>9.05</ele></trkpt><trkpt lat="37.165383" lon="126.676434"><time>2026-09-27T02:18:00.000Z</time><ele>9.43</ele></trkpt><trkpt lat="37.165455" lon="126.676307"><time>2026-09-27T02:18:01.000Z</time><ele>9.8</ele></trkpt><trkpt lat="37.165524" lon="126.676181"><time>2026-09-27T02:18:02.000Z</time><ele>10.56</ele></trkpt><trkpt lat="37.165597" lon="126.676058"><time>2026-09-27T02:18:03.000Z</time><ele>11.83</ele></trkpt><trkpt lat="37.165664" lon="126.675954"><time>2026-09-27T02:18:04.000Z</time><ele>12.63</ele></trkpt><trkpt lat="37.165731" lon="126.675858"><time>2026-09-27T02:18:05.000Z</time><ele>13.48</ele></trkpt><trkpt lat="37.165804" lon="126.675769"><time>2026-09-27T02:18:06.000Z</time><ele>14.49</ele></trkpt><trkpt lat="37.165869" lon="126.675678"><time>2026-09-27T02:18:07.000Z</time><ele>15.26</ele></trkpt><trkpt lat="37.165922" lon="126.675597"><time>2026-09-27T02:18:08.000Z</time><ele>16.08</ele></trkpt><trkpt lat="37.165962" lon="126.675519"><time>2026-09-27T02:18:09.000Z</time><ele>15.97</ele></trkpt><trkpt lat="37.166" lon="126.675456"><time>2026-09-27T02:18:10.000Z</time><ele>16.34</ele></trkpt><trkpt lat="37.166038" lon="126.675401"><time>2026-09-27T02:18:11.000Z</time><ele>16.28</ele></trkpt><trkpt lat="37.1661" lon="126.675334"><time>2026-09-27T02:18:13.000Z</time><ele>16.37</ele></trkpt><trkpt lat="37.166145" lon="126.675315"><time>2026-09-27T02:18:14.000Z</time><ele>16.58</ele></trkpt><trkpt lat="37.166246" lon="126.675409"><time>2026-09-27T02:18:16.000Z</time><ele>17.14</ele></trkpt><trkpt lat="37.166288" lon="126.675502"><time>2026-09-27T02:18:17.000Z</time><ele>16.54</ele></trkpt><trkpt lat="37.166342" lon="126.675596"><time>2026-09-27T02:18:18.000Z</time><ele>16.26</ele></trkpt><trkpt lat="37.166416" lon="126.67569"><time>2026-09-27T02:18:19.001Z</time><ele>15.14</ele></trkpt><trkpt lat="37.166496" lon="126.675797"><time>2026-09-27T02:18:20.001Z</time><ele>14.68</ele></trkpt><trkpt lat="37.166583" lon="126.675913"><time>2026-09-27T02:18:21.001Z</time><ele>14.36</ele></trkpt><trkpt lat="37.166671" lon="126.676035"><time>2026-09-27T02:18:22.001Z</time><ele>13.87</ele></trkpt><trkpt lat="37.166757" lon="126.676147"><time>2026-09-27T02:18:23.001Z</time><ele>13.15</ele></trkpt><trkpt lat="37.166838" lon="126.676268"><time>2026-09-27T02:18:24.001Z</time><ele>14.08</ele></trkpt><trkpt lat="37.166923" lon="126.676396"><time>2026-09-27T02:18:25.001Z</time><ele>14.11</ele></trkpt><trkpt lat="37.166995" lon="126.676525"><time>2026-09-27T02:18:26.001Z</time><ele>12.9</ele></trkpt><trkpt lat="37.167047" lon="126.676672"><time>2026-09-27T02:18:27.001Z</time><ele>12.2</ele></trkpt><trkpt lat="37.167091" lon="126.67683"><time>2026-09-27T02:18:28.001Z</time><ele>12.57</ele></trkpt><trkpt lat="37.167134" lon="126.676995"><time>2026-09-27T02:18:29.001Z</time><ele>12.22</ele></trkpt><trkpt lat="37.16718" lon="126.677164"><time>2026-09-27T02:18:30.001Z</time><ele>11.49</ele></trkpt><trkpt lat="37.167232" lon="126.67733"><time>2026-09-27T02:18:31.001Z</time><ele>10.33</ele></trkpt><trkpt lat="37.167287" lon="126.677493"><time>2026-09-27T02:18:32.001Z</time><ele>9.97</ele></trkpt><trkpt lat="37.167351" lon="126.677639"><time>2026-09-27T02:18:33.001Z</time><ele>9.69</ele></trkpt><trkpt lat="37.167429" lon="126.67777"><time>2026-09-27T02:18:34.001Z</time><ele>9.74</ele></trkpt><trkpt lat="37.167531" lon="126.677884"><time>2026-09-27T02:18:35.001Z</time><ele>9.77</ele></trkpt><trkpt lat="37.167631" lon="126.677988"><time>2026-09-27T02:18:36.001Z</time><ele>9.07</ele></trkpt><trkpt lat="37.167721" lon="126.678086"><time>2026-09-27T02:18:37.001Z</time><ele>9.32</ele></trkpt><trkpt lat="37.167806" lon="126.67816"><time>2026-09-27T02:18:38.001Z</time><ele>9.56</ele></trkpt><trkpt lat="37.167892" lon="126.678226"><time>2026-09-27T02:18:39.001Z</time><ele>9.24</ele></trkpt><trkpt lat="37.167989" lon="126.67829"><time>2026-09-27T02:18:40.001Z</time><ele>9.4</ele></trkpt><trkpt lat="37.168092" lon="126.678347"><time>2026-09-27T02:18:41.001Z</time><ele>9.7</ele></trkpt><trkpt lat="37.168189" lon="126.6784"><time>2026-09-27T02:18:42.001Z</time><ele>9.7</ele></trkpt><trkpt lat="37.16829" lon="126.678448"><time>2026-09-27T02:18:43.001Z</time><ele>10.37</ele></trkpt><trkpt lat="37.168391" lon="126.678473"><time>2026-09-27T02:18:44.001Z</time><ele>10.15</ele></trkpt><trkpt lat="37.16851" lon="126.678474"><time>2026-09-27T02:18:45.001Z</time><ele>10.72</ele></trkpt><trkpt lat="37.168646" lon="126.678448"><time>2026-09-27T02:18:46.001Z</time><ele>11.16</ele></trkpt><trkpt lat="37.168773" lon="126.67845"><time>2026-09-27T02:18:47.001Z</time><ele>11.47</ele></trkpt><trkpt lat="37.168898" lon="126.678431"><time>2026-09-27T02:18:48.001Z</time><ele>11.92</ele></trkpt><trkpt lat="37.169025" lon="126.678437"><time>2026-09-27T02:18:49.001Z</time><ele>11.72</ele></trkpt><trkpt lat="37.169156" lon="126.678459"><time>2026-09-27T02:18:50.001Z</time><ele>13.23</ele></trkpt><trkpt lat="37.169268" lon="126.678493"><time>2026-09-27T02:18:51.001Z</time><ele>13.42</ele></trkpt><trkpt lat="37.169371" lon="126.67855"><time>2026-09-27T02:18:52.001Z</time><ele>14.04</ele></trkpt><trkpt lat="37.169469" lon="126.678605"><time>2026-09-27T02:18:53.001Z</time><ele>14.29</ele></trkpt><trkpt lat="37.169542" lon="126.678675"><time>2026-09-27T02:18:54.001Z</time><ele>14.92</ele></trkpt><trkpt lat="37.169604" lon="126.678749"><time>2026-09-27T02:18:55.001Z</time><ele>14.42</ele></trkpt><trkpt lat="37.169663" lon="126.678822"><time>2026-09-27T02:18:56.001Z</time><ele>14.2</ele></trkpt><trkpt lat="37.16973" lon="126.678896"><time>2026-09-27T02:18:57.001Z</time><ele>13.85</ele></trkpt><trkpt lat="37.169794" lon="126.67897"><time>2026-09-27T02:18:58.001Z</time><ele>13.61</ele></trkpt><trkpt lat="37.169857" lon="126.679037"><time>2026-09-27T02:18:59.001Z</time><ele>13.39</ele></trkpt><trkpt lat="37.169928" lon="126.679095"><time>2026-09-27T02:19:00.001Z</time><ele>13.16</ele></trkpt><trkpt lat="37.169999" lon="126.679153"><time>2026-09-27T02:19:01.001Z</time><ele>13.09</ele></trkpt><trkpt lat="37.170084" lon="126.679204"><time>2026-09-27T02:19:02.001Z</time><ele>13.32</ele></trkpt><trkpt lat="37.170166" lon="126.679257"><time>2026-09-27T02:19:03.001Z</time><ele>13.01</ele></trkpt><trkpt lat="37.170249" lon="126.679312"><time>2026-09-27T02:19:04.001Z</time><ele>13.36</ele></trkpt><trkpt lat="37.170325" lon="126.679358"><time>2026-09-27T02:19:05.001Z</time><ele>13.56</ele></trkpt><trkpt lat="37.170406" lon="126.679398"><time>2026-09-27T02:19:06.001Z</time><ele>13.77</ele></trkpt><trkpt lat="37.170501" lon="126.679422"><time>2026-09-27T02:19:07.001Z</time><ele>14.08</ele></trkpt><trkpt lat="37.1706" lon="126.67945"><time>2026-09-27T02:19:08.001Z</time><ele>14.72</ele></trkpt><trkpt lat="37.170708" lon="126.679453"><time>2026-09-27T02:19:09.001Z</time><ele>14.52</ele></trkpt><trkpt lat="37.170822" lon="126.679453"><time>2026-09-27T02:19:10.001Z</time><ele>14.68</ele></trkpt><trkpt lat="37.170904" lon="126.679451"><time>2026-09-27T02:19:11.001Z</time><ele>18.3</ele></trkpt><trkpt lat="37.171029" lon="126.679449"><time>2026-09-27T02:19:12.001Z</time><ele>14.62</ele></trkpt><trkpt lat="37.171128" lon="126.679448"><time>2026-09-27T02:19:13.001Z</time><ele>15.12</ele></trkpt><trkpt lat="37.171232" lon="126.679438"><time>2026-09-27T02:19:14.001Z</time><ele>14.74</ele></trkpt><trkpt lat="37.171328" lon="126.679436"><time>2026-09-27T02:19:15.001Z</time><ele>14.62</ele></trkpt><trkpt lat="37.171419" lon="126.679448"><time>2026-09-27T02:19:16.001Z</time><ele>14.64</ele></trkpt><trkpt lat="37.171505" lon="126.679467"><time>2026-09-27T02:19:17.001Z</time><ele>14.49</ele></trkpt><trkpt lat="37.171602" lon="126.679489"><time>2026-09-27T02:19:18.001Z</time><ele>14.44</ele></trkpt><trkpt lat="37.171705" lon="126.679516"><time>2026-09-27T02:19:19.001Z</time><ele>14.37</ele></trkpt><trkpt lat="37.171808" lon="126.679553"><time>2026-09-27T02:19:20.001Z</time><ele>14.29</ele></trkpt><trkpt lat="37.171914" lon="126.679594"><time>2026-09-27T02:19:21.001Z</time><ele>14.3</ele></trkpt><trkpt lat="37.172024" lon="126.679645"><time>2026-09-27T02:19:22.001Z</time><ele>14.22</ele></trkpt><trkpt lat="37.172131" lon="126.679702"><time>2026-09-27T02:19:23.001Z</time><ele>15.38</ele></trkpt><trkpt lat="37.172853" lon="126.680005"><time>2026-09-27T02:19:29.000Z</time><ele>15.79</ele></trkpt><trkpt lat="37.17297" lon="126.680057"><time>2026-09-27T02:19:30.000Z</time><ele>16.23</ele></trkpt><trkpt lat="37.173083" lon="126.680111"><time>2026-09-27T02:19:31.000Z</time><ele>16.38</ele></trkpt><trkpt lat="37.173189" lon="126.680152"><time>2026-09-27T02:19:32.000Z</time><ele>16.14</ele></trkpt><trkpt lat="37.173281" lon="126.680195"><time>2026-09-27T02:19:33.000Z</time><ele>15.83</ele></trkpt><trkpt lat="37.173363" lon="126.680227"><time>2026-09-27T02:19:34.000Z</time><ele>15.34</ele></trkpt><trkpt lat="37.173433" lon="126.680261"><time>2026-09-27T02:19:35.000Z</time><ele>15.68</ele></trkpt><trkpt lat="37.173494" lon="126.680293"><time>2026-09-27T02:19:36.000Z</time><ele>16.8</ele></trkpt><trkpt lat="37.173555" lon="126.680316"><time>2026-09-27T02:19:37.000Z</time><ele>16.35</ele></trkpt><trkpt lat="37.173626" lon="126.680344"><time>2026-09-27T02:19:38.000Z</time><ele>16.58</ele></trkpt><trkpt lat="37.173706" lon="126.680381"><time>2026-09-27T02:19:39.000Z</time><ele>16.45</ele></trkpt><trkpt lat="37.173779" lon="126.68042"><time>2026-09-27T02:19:40.000Z</time><ele>16.55</ele></trkpt><trkpt lat="37.17385" lon="126.680458"><time>2026-09-27T02:19:41.000Z</time><ele>16.47</ele></trkpt><trkpt lat="37.173913" lon="126.680491"><time>2026-09-27T02:19:42.000Z</time><ele>16.16</ele></trkpt><trkpt lat="37.17397" lon="126.680529"><time>2026-09-27T02:19:43.000Z</time><ele>16.07</ele></trkpt><trkpt lat="37.174022" lon="126.68058"><time>2026-09-27T02:19:44.000Z</time><ele>15.72</ele></trkpt><trkpt lat="37.174093" lon="126.680618"><time>2026-09-27T02:19:45.000Z</time><ele>15.95</ele></trkpt><trkpt lat="37.174144" lon="126.680699"><time>2026-09-27T02:19:46.000Z</time><ele>15.33</ele></trkpt><trkpt lat="37.174172" lon="126.680789"><time>2026-09-27T02:19:47.000Z</time><ele>14.85</ele></trkpt><trkpt lat="37.174174" lon="126.680881"><time>2026-09-27T02:19:48.000Z</time><ele>14.31</ele></trkpt><trkpt lat="37.174192" lon="126.68096"><time>2026-09-27T02:19:49.000Z</time><ele>14.05</ele></trkpt><trkpt lat="37.174204" lon="126.681051"><time>2026-09-27T02:19:50.000Z</time><ele>13.31</ele></trkpt><trkpt lat="37.174211" lon="126.68114"><time>2026-09-27T02:19:51.000Z</time><ele>12.82</ele></trkpt><trkpt lat="37.17422" lon="126.68122"><time>2026-09-27T02:19:52.000Z</time><ele>12.63</ele></trkpt><trkpt lat="37.174233" lon="126.681282"><time>2026-09-27T02:19:53.000Z</time><ele>12.46</ele></trkpt><trkpt lat="37.174318" lon="126.681329"><time>2026-09-27T02:19:54.000Z</time><ele>11.93</ele></trkpt><trkpt lat="37.174403" lon="126.681359"><time>2026-09-27T02:19:55.000Z</time><ele>11.63</ele></trkpt><trkpt lat="37.174491" lon="126.681415"><time>2026-09-27T02:19:56.000Z</time><ele>11.85</ele></trkpt><trkpt lat="37.174579" lon="126.681496"><time>2026-09-27T02:19:57.000Z</time><ele>11.49</ele></trkpt><trkpt lat="37.174657" lon="126.681594"><time>2026-09-27T02:19:58.000Z</time><ele>11.94</ele></trkpt><trkpt lat="37.174737" lon="126.681708"><time>2026-09-27T02:19:59.000Z</time><ele>12.69</ele></trkpt><trkpt lat="37.174819" lon="126.681819"><time>2026-09-27T02:20:00.000Z</time><ele>13.57</ele></trkpt><trkpt lat="37.174913" lon="126.681925"><time>2026-09-27T02:20:01.000Z</time><ele>14.92</ele></trkpt><trkpt lat="37.175007" lon="126.682003"><time>2026-09-27T02:20:02.000Z</time><ele>15.34</ele></trkpt><trkpt lat="37.175092" lon="126.682062"><time>2026-09-27T02:20:03.000Z</time><ele>16.15</ele></trkpt><trkpt lat="37.17518" lon="126.682116"><time>2026-09-27T02:20:04.000Z</time><ele>16.57</ele></trkpt><trkpt lat="37.175266" lon="126.682156"><time>2026-09-27T02:20:05.000Z</time><ele>17.74</ele></trkpt><trkpt lat="37.175346" lon="126.682175"><time>2026-09-27T02:20:06.000Z</time><ele>18.57</ele></trkpt><trkpt lat="37.175426" lon="126.682197"><time>2026-09-27T02:20:07.000Z</time><ele>19.68</ele></trkpt><trkpt lat="37.175518" lon="126.682217"><time>2026-09-27T02:20:08.000Z</time><ele>21.06</ele></trkpt><trkpt lat="37.175612" lon="126.682227"><time>2026-09-27T02:20:09.000Z</time><ele>22.43</ele></trkpt><trkpt lat="37.175715" lon="126.68223"><time>2026-09-27T02:20:10.000Z</time><ele>23.6</ele></trkpt><trkpt lat="37.175831" lon="126.682235"><time>2026-09-27T02:20:11.000Z</time><ele>25.2</ele></trkpt><trkpt lat="37.175951" lon="126.682234"><time>2026-09-27T02:20:12.000Z</time><ele>26.44</ele></trkpt><trkpt lat="37.176073" lon="126.682235"><time>2026-09-27T02:20:13.000Z</time><ele>27.92</ele></trkpt><trkpt lat="37.176188" lon="126.682239"><time>2026-09-27T02:20:14.000Z</time><ele>29.51</ele></trkpt><trkpt lat="37.176301" lon="126.682253"><time>2026-09-27T02:20:15.000Z</time><ele>30.34</ele></trkpt><trkpt lat="37.176417" lon="126.682286"><time>2026-09-27T02:20:16.000Z</time><ele>31.52</ele></trkpt><trkpt lat="37.176526" lon="126.682338"><time>2026-09-27T02:20:17.000Z</time><ele>32.63</ele></trkpt><trkpt lat="37.17663" lon="126.682404"><time>2026-09-27T02:20:18.000Z</time><ele>33.9</ele></trkpt><trkpt lat="37.176746" lon="126.682484"><time>2026-09-27T02:20:19.000Z</time><ele>34.72</ele></trkpt><trkpt lat="37.176855" lon="126.682549"><time>2026-09-27T02:20:20.000Z</time><ele>35.42</ele></trkpt><trkpt lat="37.176964" lon="126.682593"><time>2026-09-27T02:20:21.000Z</time><ele>35.21</ele></trkpt><trkpt lat="37.177076" lon="126.682609"><time>2026-09-27T02:20:22.000Z</time><ele>34.98</ele></trkpt><trkpt lat="37.177186" lon="126.682594"><time>2026-09-27T02:20:23.000Z</time><ele>34.42</ele></trkpt><trkpt lat="37.177293" lon="126.682554"><time>2026-09-27T02:20:24.000Z</time><ele>33.61</ele></trkpt><trkpt lat="37.177397" lon="126.682482"><time>2026-09-27T02:20:25.001Z</time><ele>32.62</ele></trkpt><trkpt lat="37.177488" lon="126.682386"><time>2026-09-27T02:20:26.001Z</time><ele>32.53</ele></trkpt><trkpt lat="37.177568" lon="126.682266"><time>2026-09-27T02:20:27.001Z</time><ele>32.34</ele></trkpt><trkpt lat="37.177625" lon="126.682127"><time>2026-09-27T02:20:28.001Z</time><ele>32.2</ele></trkpt><trkpt lat="37.177667" lon="126.68197"><time>2026-09-27T02:20:29.001Z</time><ele>32.69</ele></trkpt><trkpt lat="37.177703" lon="126.681805"><time>2026-09-27T02:20:30.001Z</time><ele>33.15</ele></trkpt><trkpt lat="37.177731" lon="126.681633"><time>2026-09-27T02:20:31.001Z</time><ele>33.3</ele></trkpt><trkpt lat="37.177752" lon="126.681456"><time>2026-09-27T02:20:32.001Z</time><ele>34.23</ele></trkpt><trkpt lat="37.177767" lon="126.681277"><time>2026-09-27T02:20:33.001Z</time><ele>35.46</ele></trkpt><trkpt lat="37.177785" lon="126.681098"><time>2026-09-27T02:20:34.001Z</time><ele>36.23</ele></trkpt><trkpt lat="37.17781" lon="126.680924"><time>2026-09-27T02:20:35.001Z</time><ele>36.59</ele></trkpt><trkpt lat="37.177854" lon="126.680754"><time>2026-09-27T02:20:36.001Z</time><ele>37.17</ele></trkpt><trkpt lat="37.177912" lon="126.680596"><time>2026-09-27T02:20:37.001Z</time><ele>37.77</ele></trkpt><trkpt lat="37.177995" lon="126.680449"><time>2026-09-27T02:20:38.001Z</time><ele>37.94</ele></trkpt><trkpt lat="37.178089" lon="126.680318"><time>2026-09-27T02:20:39.001Z</time><ele>38.87</ele></trkpt><trkpt lat="37.178193" lon="126.680192"><time>2026-09-27T02:20:40.001Z</time><ele>39.32</ele></trkpt><trkpt lat="37.178299" lon="126.680074"><time>2026-09-27T02:20:41.001Z</time><ele>40.29</ele></trkpt><trkpt lat="37.178403" lon="126.679954"><time>2026-09-27T02:20:42.001Z</time><ele>40.36</ele></trkpt><trkpt lat="37.178506" lon="126.679833"><time>2026-09-27T02:20:43.001Z</time><ele>40.96</ele></trkpt><trkpt lat="37.178597" lon="126.679724"><time>2026-09-27T02:20:44.001Z</time><ele>41.67</ele></trkpt><trkpt lat="37.178677" lon="126.679626"><time>2026-09-27T02:20:45.001Z</time><ele>42.25</ele></trkpt><trkpt lat="37.178754" lon="126.67953"><time>2026-09-27T02:20:46.001Z</time><ele>43.44</ele></trkpt><trkpt lat="37.178833" lon="126.679428"><time>2026-09-27T02:20:47.001Z</time><ele>44.09</ele></trkpt><trkpt lat="37.178907" lon="126.679318"><time>2026-09-27T02:20:48.001Z</time><ele>45.54</ele></trkpt><trkpt lat="37.178972" lon="126.679199"><time>2026-09-27T02:20:49.001Z</time><ele>45.79</ele></trkpt><trkpt lat="37.179028" lon="126.679069"><time>2026-09-27T02:20:50.001Z</time><ele>45.39</ele></trkpt><trkpt lat="37.179082" lon="126.67894"><time>2026-09-27T02:20:51.001Z</time><ele>44.91</ele></trkpt><trkpt lat="37.179133" lon="126.678813"><time>2026-09-27T02:20:52.001Z</time><ele>44.68</ele></trkpt><trkpt lat="37.179174" lon="126.678671"><time>2026-09-27T02:20:53.001Z</time><ele>43.53</ele></trkpt><trkpt lat="37.179211" lon="126.67852"><time>2026-09-27T02:20:54.001Z</time><ele>42.88</ele></trkpt><trkpt lat="37.179237" lon="126.678376"><time>2026-09-27T02:20:55.001Z</time><ele>42.95</ele></trkpt><trkpt lat="37.179246" lon="126.678227"><time>2026-09-27T02:20:56.001Z</time><ele>43.1</ele></trkpt><trkpt lat="37.179247" lon="126.678073"><time>2026-09-27T02:20:57.001Z</time><ele>42.78</ele></trkpt><trkpt lat="37.179247" lon="126.677919"><time>2026-09-27T02:20:58.001Z</time><ele>42.56</ele></trkpt><trkpt lat="37.179247" lon="126.677761"><time>2026-09-27T02:20:59.001Z</time><ele>42.84</ele></trkpt><trkpt lat="37.17925" lon="126.677613"><time>2026-09-27T02:21:00.001Z</time><ele>42.53</ele></trkpt><trkpt lat="37.179253" lon="126.677474"><time>2026-09-27T02:21:01.001Z</time><ele>42.57</ele></trkpt><trkpt lat="37.179265" lon="126.677336"><time>2026-09-27T02:21:02.001Z</time><ele>41.97</ele></trkpt><trkpt lat="37.179294" lon="126.677208"><time>2026-09-27T02:21:03.001Z</time><ele>41.42</ele></trkpt><trkpt lat="37.179366" lon="126.677087"><time>2026-09-27T02:21:04.001Z</time><ele>42.17</ele></trkpt><trkpt lat="37.179462" lon="126.676979"><time>2026-09-27T02:21:05.001Z</time><ele>42.01</ele></trkpt><trkpt lat="37.179578" lon="126.676895"><time>2026-09-27T02:21:06.001Z</time><ele>42.07</ele></trkpt><trkpt lat="37.179706" lon="126.676833"><time>2026-09-27T02:21:07.001Z</time><ele>42.63</ele></trkpt><trkpt lat="37.179835" lon="126.67676"><time>2026-09-27T02:21:08.001Z</time><ele>42.18</ele></trkpt><trkpt lat="37.179948" lon="126.676684"><time>2026-09-27T02:21:09.001Z</time><ele>41.64</ele></trkpt><trkpt lat="37.180053" lon="126.676607"><time>2026-09-27T02:21:10.001Z</time><ele>40.75</ele></trkpt><trkpt lat="37.18014" lon="126.676549"><time>2026-09-27T02:21:11.001Z</time><ele>40.2</ele></trkpt><trkpt lat="37.180223" lon="126.676498"><time>2026-09-27T02:21:12.001Z</time><ele>40.06</ele></trkpt><trkpt lat="37.180312" lon="126.676444"><time>2026-09-27T02:21:13.001Z</time><ele>39.69</ele></trkpt><trkpt lat="37.18041" lon="126.676389"><time>2026-09-27T02:21:14.001Z</time><ele>39.29</ele></trkpt><trkpt lat="37.18051" lon="126.67633"><time>2026-09-27T02:21:15.001Z</time><ele>39</ele></trkpt><trkpt lat="37.180607" lon="126.676286"><time>2026-09-27T02:21:16.001Z</time><ele>39.59</ele></trkpt><trkpt lat="37.180703" lon="126.676249"><time>2026-09-27T02:21:17.001Z</time><ele>38.99</ele></trkpt><trkpt lat="37.180783" lon="126.676223"><time>2026-09-27T02:21:18.001Z</time><ele>38.4</ele></trkpt><trkpt lat="37.180855" lon="126.676206"><time>2026-09-27T02:21:19.001Z</time><ele>37.84</ele></trkpt><trkpt lat="37.180914" lon="126.676194"><time>2026-09-27T02:21:20.001Z</time><ele>38.01</ele></trkpt><trkpt lat="37.180965" lon="126.676174"><time>2026-09-27T02:21:21.001Z</time><ele>37.56</ele></trkpt><trkpt lat="37.181014" lon="126.676163"><time>2026-09-27T02:21:22.001Z</time><ele>37.14</ele></trkpt><trkpt lat="37.181067" lon="126.676147"><time>2026-09-27T02:21:23.001Z</time><ele>36.78</ele></trkpt><trkpt lat="37.181079" lon="126.675992"><time>2026-09-27T02:21:24.001Z</time><ele>36.89</ele></trkpt><trkpt lat="37.181069" lon="126.675883"><time>2026-09-27T02:21:25.001Z</time><ele>37.31</ele></trkpt><trkpt lat="37.181065" lon="126.675765"><time>2026-09-27T02:21:26.001Z</time><ele>36.66</ele></trkpt><trkpt lat="37.181071" lon="126.675624"><time>2026-09-27T02:21:27.001Z</time><ele>35.85</ele></trkpt><trkpt lat="37.181072" lon="126.675492"><time>2026-09-27T02:21:28.001Z</time><ele>35.56</ele></trkpt><trkpt lat="37.181075" lon="126.675362"><time>2026-09-27T02:21:29.001Z</time><ele>34.83</ele></trkpt><trkpt lat="37.181079" lon="126.675233"><time>2026-09-27T02:21:30.001Z</time><ele>34.3</ele></trkpt><trkpt lat="37.18109" lon="126.675094"><time>2026-09-27T02:21:31.001Z</time><ele>33.19</ele></trkpt><trkpt lat="37.181103" lon="126.674951"><time>2026-09-27T02:21:32.001Z</time><ele>32.71</ele></trkpt><trkpt lat="37.181132" lon="126.674801"><time>2026-09-27T02:21:33.001Z</time><ele>32.04</ele></trkpt><trkpt lat="37.181181" lon="126.674656"><time>2026-09-27T02:21:34.000Z</time><ele>31.66</ele></trkpt><trkpt lat="37.181242" lon="126.674509"><time>2026-09-27T02:21:35.000Z</time><ele>31.58</ele></trkpt><trkpt lat="37.181312" lon="126.674365"><time>2026-09-27T02:21:36.000Z</time><ele>30.93</ele></trkpt><trkpt lat="37.181401" lon="126.674227"><time>2026-09-27T02:21:37.000Z</time><ele>30.82</ele></trkpt><trkpt lat="37.181499" lon="126.674102"><time>2026-09-27T02:21:38.000Z</time><ele>30.46</ele></trkpt><trkpt lat="37.181607" lon="126.673997"><time>2026-09-27T02:21:39.000Z</time><ele>30.01</ele></trkpt><trkpt lat="37.181728" lon="126.673911"><time>2026-09-27T02:21:40.000Z</time><ele>29.39</ele></trkpt><trkpt lat="37.181842" lon="126.673849"><time>2026-09-27T02:21:41.000Z</time><ele>29.36</ele></trkpt><trkpt lat="37.181956" lon="126.673793"><time>2026-09-27T02:21:42.000Z</time><ele>29.36</ele></trkpt><trkpt lat="37.182077" lon="126.67374"><time>2026-09-27T02:21:43.000Z</time><ele>28.27</ele></trkpt><trkpt lat="37.182201" lon="126.673728"><time>2026-09-27T02:21:44.000Z</time><ele>28.01</ele></trkpt><trkpt lat="37.18231" lon="126.673734"><time>2026-09-27T02:21:45.000Z</time><ele>28.46</ele></trkpt><trkpt lat="37.1824" lon="126.673743"><time>2026-09-27T02:21:46.000Z</time><ele>28.06</ele></trkpt><trkpt lat="37.182478" lon="126.673751"><time>2026-09-27T02:21:47.000Z</time><ele>28.36</ele></trkpt><trkpt lat="37.182559" lon="126.673749"><time>2026-09-27T02:21:48.000Z</time><ele>28.88</ele></trkpt><trkpt lat="37.182636" lon="126.673744"><time>2026-09-27T02:21:49.000Z</time><ele>29.3</ele></trkpt><trkpt lat="37.182696" lon="126.673745"><time>2026-09-27T02:21:50.000Z</time><ele>29.39</ele></trkpt><trkpt lat="37.18279" lon="126.67373"><time>2026-09-27T02:21:52.000Z</time><ele>30.37</ele></trkpt><trkpt lat="37.182866" lon="126.673711"><time>2026-09-27T02:21:53.000Z</time><ele>30.83</ele></trkpt><trkpt lat="37.182946" lon="126.673712"><time>2026-09-27T02:21:54.000Z</time><ele>30.94</ele></trkpt><trkpt lat="37.18302" lon="126.673719"><time>2026-09-27T02:21:55.000Z</time><ele>31.35</ele></trkpt><trkpt lat="37.183113" lon="126.673721"><time>2026-09-27T02:21:56.000Z</time><ele>31.58</ele></trkpt><trkpt lat="37.183223" lon="126.673711"><time>2026-09-27T02:21:57.000Z</time><ele>31.98</ele></trkpt><trkpt lat="37.183336" lon="126.673712"><time>2026-09-27T02:21:58.000Z</time><ele>31.16</ele></trkpt><trkpt lat="37.183436" lon="126.67372"><time>2026-09-27T02:21:59.000Z</time><ele>30.66</ele></trkpt><trkpt lat="37.183532" lon="126.673725"><time>2026-09-27T02:22:00.000Z</time><ele>30.26</ele></trkpt><trkpt lat="37.183641" lon="126.673721"><time>2026-09-27T02:22:01.000Z</time><ele>30.66</ele></trkpt><trkpt lat="37.183733" lon="126.673715"><time>2026-09-27T02:22:02.000Z</time><ele>30.76</ele></trkpt><trkpt lat="37.183837" lon="126.673714"><time>2026-09-27T02:22:03.000Z</time><ele>30.51</ele></trkpt><trkpt lat="37.183946" lon="126.673717"><time>2026-09-27T02:22:04.000Z</time><ele>29.83</ele></trkpt><trkpt lat="37.184052" lon="126.673719"><time>2026-09-27T02:22:05.000Z</time><ele>29.12</ele></trkpt><trkpt lat="37.184157" lon="126.673718"><time>2026-09-27T02:22:06.000Z</time><ele>28.83</ele></trkpt><trkpt lat="37.184268" lon="126.673714"><time>2026-09-27T02:22:07.000Z</time><ele>27.4</ele></trkpt><trkpt lat="37.184384" lon="126.673711"><time>2026-09-27T02:22:08.000Z</time><ele>26.75</ele></trkpt><trkpt lat="37.1845" lon="126.673712"><time>2026-09-27T02:22:09.000Z</time><ele>26.25</ele></trkpt><trkpt lat="37.184618" lon="126.673711"><time>2026-09-27T02:22:10.000Z</time><ele>25.54</ele></trkpt><trkpt lat="37.184736" lon="126.673705"><time>2026-09-27T02:22:11.000Z</time><ele>24.74</ele></trkpt><trkpt lat="37.184841" lon="126.673702"><time>2026-09-27T02:22:12.000Z</time><ele>22.66</ele></trkpt><trkpt lat="37.184944" lon="126.673707"><time>2026-09-27T02:22:13.000Z</time><ele>23.42</ele></trkpt><trkpt lat="37.185048" lon="126.673707"><time>2026-09-27T02:22:14.000Z</time><ele>23.24</ele></trkpt><trkpt lat="37.185141" lon="126.673708"><time>2026-09-27T02:22:15.000Z</time><ele>22.79</ele></trkpt><trkpt lat="37.185227" lon="126.673721"><time>2026-09-27T02:22:16.000Z</time><ele>23.18</ele></trkpt><trkpt lat="37.185272" lon="126.673729"><time>2026-09-27T02:22:17.000Z</time><ele>24.22</ele></trkpt><trkpt lat="37.185317" lon="126.673714"><time>2026-09-27T02:22:37.001Z</time><ele>24.32</ele></trkpt><trkpt lat="37.185411" lon="126.673711"><time>2026-09-27T02:23:45.000Z</time><ele>22.73</ele></trkpt><trkpt lat="37.185494" lon="126.673721"><time>2026-09-27T02:23:46.000Z</time><ele>22.89</ele></trkpt><trkpt lat="37.185562" lon="126.67365"><time>2026-09-27T02:23:47.000Z</time><ele>23.03</ele></trkpt><trkpt lat="37.185612" lon="126.67355"><time>2026-09-27T02:23:48.000Z</time><ele>23.25</ele></trkpt><trkpt lat="37.185639" lon="126.673429"><time>2026-09-27T02:23:49.000Z</time><ele>22.95</ele></trkpt><trkpt lat="37.185652" lon="126.673294"><time>2026-09-27T02:23:50.000Z</time><ele>22.43</ele></trkpt><trkpt lat="37.185661" lon="126.673142"><time>2026-09-27T02:23:51.000Z</time><ele>22.39</ele></trkpt><trkpt lat="37.185651" lon="126.672987"><time>2026-09-27T02:23:52.000Z</time><ele>22.15</ele></trkpt><trkpt lat="37.185651" lon="126.672821"><time>2026-09-27T02:23:53.000Z</time><ele>21.92</ele></trkpt><trkpt lat="37.185651" lon="126.672641"><time>2026-09-27T02:23:54.000Z</time><ele>21.63</ele></trkpt><trkpt lat="37.185648" lon="126.672468"><time>2026-09-27T02:23:55.000Z</time><ele>21.48</ele></trkpt><trkpt lat="37.185651" lon="126.672318"><time>2026-09-27T02:23:56.000Z</time><ele>20.96</ele></trkpt><trkpt lat="37.185651" lon="126.672176"><time>2026-09-27T02:23:57.000Z</time><ele>20.29</ele></trkpt><trkpt lat="37.185662" lon="126.672028"><time>2026-09-27T02:23:58.000Z</time><ele>19.33</ele></trkpt><trkpt lat="37.185649" lon="126.671892"><time>2026-09-27T02:23:59.000Z</time><ele>19.3</ele></trkpt><trkpt lat="37.18565" lon="126.67176"><time>2026-09-27T02:24:00.000Z</time><ele>19.03</ele></trkpt><trkpt lat="37.18565" lon="126.67163"><time>2026-09-27T02:24:01.000Z</time><ele>18.92</ele></trkpt><trkpt lat="37.185651" lon="126.671517"><time>2026-09-27T02:24:02.000Z</time><ele>17.89</ele></trkpt><trkpt lat="37.185651" lon="126.671427"><time>2026-09-27T02:24:03.000Z</time><ele>16.9</ele></trkpt><trkpt lat="37.185651" lon="126.671358"><time>2026-09-27T02:24:04.000Z</time><ele>16.77</ele></trkpt><trkpt lat="37.18593" lon="126.671323"><time>2026-09-27T02:24:06.000Z</time><ele>17.95</ele></trkpt><trkpt lat="37.186031" lon="126.671306"><time>2026-09-27T02:24:07.000Z</time><ele>20.46</ele></trkpt><trkpt lat="37.186144" lon="126.671306"><time>2026-09-27T02:24:08.000Z</time><ele>21.29</ele></trkpt><trkpt lat="37.186278" lon="126.671307"><time>2026-09-27T02:24:09.000Z</time><ele>22.12</ele></trkpt><trkpt lat="37.186416" lon="126.671308"><time>2026-09-27T02:24:10.000Z</time><ele>22.06</ele></trkpt><trkpt lat="37.186537" lon="126.671308"><time>2026-09-27T02:24:11.000Z</time><ele>24.06</ele></trkpt><trkpt lat="37.186689" lon="126.671316"><time>2026-09-27T02:24:12.000Z</time><ele>22.84</ele></trkpt><trkpt lat="37.186832" lon="126.671322"><time>2026-09-27T02:24:13.000Z</time><ele>23.17</ele></trkpt><trkpt lat="37.18697" lon="126.671319"><time>2026-09-27T02:24:14.000Z</time><ele>23.4</ele></trkpt><trkpt lat="37.187111" lon="126.671317"><time>2026-09-27T02:24:15.000Z</time><ele>23.21</ele></trkpt><trkpt lat="37.18725" lon="126.671316"><time>2026-09-27T02:24:16.000Z</time><ele>23.19</ele></trkpt><trkpt lat="37.1874" lon="126.671315"><time>2026-09-27T02:24:17.000Z</time><ele>22.98</ele></trkpt><trkpt lat="37.187544" lon="126.671309"><time>2026-09-27T02:24:18.000Z</time><ele>23.13</ele></trkpt><trkpt lat="37.187681" lon="126.671313"><time>2026-09-27T02:24:19.000Z</time><ele>23.3</ele></trkpt><trkpt lat="37.187818" lon="126.671316"><time>2026-09-27T02:24:20.000Z</time><ele>23.84</ele></trkpt><trkpt lat="37.187937" lon="126.671315"><time>2026-09-27T02:24:21.000Z</time><ele>24.56</ele></trkpt><trkpt lat="37.18805" lon="126.671318"><time>2026-09-27T02:24:22.000Z</time><ele>23.83</ele></trkpt><trkpt lat="37.188155" lon="126.671312"><time>2026-09-27T02:24:23.000Z</time><ele>23.89</ele></trkpt><trkpt lat="37.188247" lon="126.671307"><time>2026-09-27T02:24:24.000Z</time><ele>23.54</ele></trkpt><trkpt lat="37.188327" lon="126.671304"><time>2026-09-27T02:24:25.000Z</time><ele>23.81</ele></trkpt><trkpt lat="37.188406" lon="126.671273"><time>2026-09-27T02:24:26.000Z</time><ele>24.96</ele></trkpt><trkpt lat="37.188482" lon="126.671259"><time>2026-09-27T02:24:27.000Z</time><ele>25.06</ele></trkpt><trkpt lat="37.188544" lon="126.671245"><time>2026-09-27T02:24:28.000Z</time><ele>24.21</ele></trkpt><trkpt lat="37.188596" lon="126.671234"><time>2026-09-27T02:24:29.000Z</time><ele>23.68</ele></trkpt><trkpt lat="37.188641" lon="126.671224"><time>2026-09-27T02:24:30.000Z</time><ele>23.06</ele></trkpt><trkpt lat="37.188726" lon="126.671201"><time>2026-09-27T02:24:32.000Z</time><ele>21.83</ele></trkpt><trkpt lat="37.188777" lon="126.671187"><time>2026-09-27T02:24:34.000Z</time><ele>20.48</ele></trkpt><trkpt lat="37.188842" lon="126.671167"><time>2026-09-27T02:25:19.001Z</time><ele>17.79</ele></trkpt><trkpt lat="37.188903" lon="126.671144"><time>2026-09-27T02:25:20.001Z</time><ele>17.81</ele></trkpt><trkpt lat="37.188978" lon="126.671115"><time>2026-09-27T02:25:21.001Z</time><ele>17.74</ele></trkpt><trkpt lat="37.189057" lon="126.67107"><time>2026-09-27T02:25:22.001Z</time><ele>17.34</ele></trkpt><trkpt lat="37.189151" lon="126.67103"><time>2026-09-27T02:25:23.001Z</time><ele>17.26</ele></trkpt><trkpt lat="37.18925" lon="126.670978"><time>2026-09-27T02:25:24.001Z</time><ele>16.92</ele></trkpt><trkpt lat="37.189361" lon="126.670919"><time>2026-09-27T02:25:25.001Z</time><ele>16.57</ele></trkpt><trkpt lat="37.189482" lon="126.670861"><time>2026-09-27T02:25:26.001Z</time><ele>16.12</ele></trkpt><trkpt lat="37.189593" lon="126.670777"><time>2026-09-27T02:25:27.001Z</time><ele>15.47</ele></trkpt><trkpt lat="37.18969" lon="126.670689"><time>2026-09-27T02:25:28.001Z</time><ele>15.32</ele></trkpt><trkpt lat="37.189794" lon="126.670589"><time>2026-09-27T02:25:29.001Z</time><ele>15.22</ele></trkpt><trkpt lat="37.189898" lon="126.670479"><time>2026-09-27T02:25:30.001Z</time><ele>15.04</ele></trkpt><trkpt lat="37.190005" lon="126.670354"><time>2026-09-27T02:25:31.001Z</time><ele>15.21</ele></trkpt><trkpt lat="37.190108" lon="126.670211"><time>2026-09-27T02:25:32.001Z</time><ele>14.85</ele></trkpt><trkpt lat="37.190207" lon="126.670054"><time>2026-09-27T02:25:33.001Z</time><ele>14.61</ele></trkpt><trkpt lat="37.190311" lon="126.669883"><time>2026-09-27T02:25:34.001Z</time><ele>14.38</ele></trkpt><trkpt lat="37.190413" lon="126.669705"><time>2026-09-27T02:25:35.001Z</time><ele>13.91</ele></trkpt><trkpt lat="37.19052" lon="126.669523"><time>2026-09-27T02:25:36.001Z</time><ele>13.9</ele></trkpt><trkpt lat="37.190636" lon="126.669333"><time>2026-09-27T02:25:37.001Z</time><ele>14.35</ele></trkpt><trkpt lat="37.190752" lon="126.669135"><time>2026-09-27T02:25:38.001Z</time><ele>13.88</ele></trkpt><trkpt lat="37.190871" lon="126.668931"><time>2026-09-27T02:25:39.001Z</time><ele>13.76</ele></trkpt><trkpt lat="37.190991" lon="126.668723"><time>2026-09-27T02:25:40.001Z</time><ele>13.73</ele></trkpt><trkpt lat="37.191116" lon="126.66851"><time>2026-09-27T02:25:41.001Z</time><ele>13.73</ele></trkpt><trkpt lat="37.19124" lon="126.668297"><time>2026-09-27T02:25:42.001Z</time><ele>14.23</ele></trkpt><trkpt lat="37.191356" lon="126.6681"><time>2026-09-27T02:25:43.001Z</time><ele>13.43</ele></trkpt><trkpt lat="37.191499" lon="126.667857"><time>2026-09-27T02:25:44.001Z</time><ele>12.56</ele></trkpt><trkpt lat="37.191627" lon="126.667643"><time>2026-09-27T02:25:45.001Z</time><ele>12.38</ele></trkpt><trkpt lat="37.191745" lon="126.667439"><time>2026-09-27T02:25:46.000Z</time><ele>12.09</ele></trkpt><trkpt lat="37.191857" lon="126.667239"><time>2026-09-27T02:25:47.000Z</time><ele>11.64</ele></trkpt><trkpt lat="37.191972" lon="126.667032"><time>2026-09-27T02:25:48.000Z</time><ele>11.67</ele></trkpt><trkpt lat="37.192094" lon="126.666824"><time>2026-09-27T02:25:49.000Z</time><ele>11.21</ele></trkpt><trkpt lat="37.192218" lon="126.666614"><time>2026-09-27T02:25:50.000Z</time><ele>10.42</ele></trkpt><trkpt lat="37.192337" lon="126.666399"><time>2026-09-27T02:25:51.000Z</time><ele>10.19</ele></trkpt><trkpt lat="37.192442" lon="126.666169"><time>2026-09-27T02:25:52.000Z</time><ele>10.28</ele></trkpt><trkpt lat="37.192523" lon="126.665925"><time>2026-09-27T02:25:53.000Z</time><ele>10.49</ele></trkpt><trkpt lat="37.192593" lon="126.665673"><time>2026-09-27T02:25:54.000Z</time><ele>10.44</ele></trkpt><trkpt lat="37.192647" lon="126.665417"><time>2026-09-27T02:25:55.000Z</time><ele>10.83</ele></trkpt><trkpt lat="37.192682" lon="126.665163"><time>2026-09-27T02:25:56.000Z</time><ele>11.03</ele></trkpt><trkpt lat="37.192701" lon="126.664909"><time>2026-09-27T02:25:57.000Z</time><ele>11.15</ele></trkpt><trkpt lat="37.192702" lon="126.66466"><time>2026-09-27T02:25:58.000Z</time><ele>11.65</ele></trkpt><trkpt lat="37.19269" lon="126.664412"><time>2026-09-27T02:25:59.000Z</time><ele>11.65</ele></trkpt><trkpt lat="37.192661" lon="126.664164"><time>2026-09-27T02:26:00.000Z</time><ele>10.95</ele></trkpt><trkpt lat="37.192612" lon="126.663924"><time>2026-09-27T02:26:01.000Z</time><ele>11.26</ele></trkpt><trkpt lat="37.192553" lon="126.663686"><time>2026-09-27T02:26:02.000Z</time><ele>11.54</ele></trkpt><trkpt lat="37.192491" lon="126.663449"><time>2026-09-27T02:26:03.000Z</time><ele>11.93</ele></trkpt><trkpt lat="37.192431" lon="126.6632"><time>2026-09-27T02:26:04.000Z</time><ele>11.66</ele></trkpt><trkpt lat="37.192364" lon="126.662938"><time>2026-09-27T02:26:05.000Z</time><ele>12.93</ele></trkpt><trkpt lat="37.192297" lon="126.662649"><time>2026-09-27T02:26:06.000Z</time><ele>13.99</ele></trkpt><trkpt lat="37.192212" lon="126.66237"><time>2026-09-27T02:26:07.000Z</time><ele>15.04</ele></trkpt><trkpt lat="37.192113" lon="126.662096"><time>2026-09-27T02:26:08.000Z</time><ele>17.04</ele></trkpt><trkpt lat="37.192026" lon="126.661847"><time>2026-09-27T02:26:09.000Z</time><ele>18.73</ele></trkpt><trkpt lat="37.191952" lon="126.661628"><time>2026-09-27T02:26:10.000Z</time><ele>18.6</ele></trkpt><trkpt lat="37.191886" lon="126.661441"><time>2026-09-27T02:26:11.000Z</time><ele>17.34</ele></trkpt><trkpt lat="37.19182" lon="126.661239"><time>2026-09-27T02:26:12.000Z</time><ele>16.46</ele></trkpt><trkpt lat="37.191755" lon="126.661035"><time>2026-09-27T02:26:13.000Z</time><ele>16.14</ele></trkpt><trkpt lat="37.191687" lon="126.66083"><time>2026-09-27T02:26:14.000Z</time><ele>16.38</ele></trkpt><trkpt lat="37.19161" lon="126.660629"><time>2026-09-27T02:26:15.000Z</time><ele>16.66</ele></trkpt><trkpt lat="37.19153" lon="126.660425"><time>2026-09-27T02:26:16.000Z</time><ele>17.39</ele></trkpt><trkpt lat="37.191445" lon="126.660213"><time>2026-09-27T02:26:17.000Z</time><ele>17.83</ele></trkpt><trkpt lat="37.191347" lon="126.660014"><time>2026-09-27T02:26:18.000Z</time><ele>17.39</ele></trkpt><trkpt lat="37.191227" lon="126.659823"><time>2026-09-27T02:26:19.000Z</time><ele>16.35</ele></trkpt><trkpt lat="37.191105" lon="126.659633"><time>2026-09-27T02:26:20.000Z</time><ele>15.49</ele></trkpt><trkpt lat="37.190991" lon="126.659432"><time>2026-09-27T02:26:21.000Z</time><ele>15.03</ele></trkpt><trkpt lat="37.190871" lon="126.659235"><time>2026-09-27T02:26:22.000Z</time><ele>14.37</ele></trkpt><trkpt lat="37.190749" lon="126.659035"><time>2026-09-27T02:26:23.000Z</time><ele>13.53</ele></trkpt><trkpt lat="37.190628" lon="126.65883"><time>2026-09-27T02:26:24.000Z</time><ele>13.15</ele></trkpt><trkpt lat="37.190508" lon="126.658629"><time>2026-09-27T02:26:25.000Z</time><ele>12.68</ele></trkpt><trkpt lat="37.190393" lon="126.658448"><time>2026-09-27T02:26:26.000Z</time><ele>12.29</ele></trkpt><trkpt lat="37.190293" lon="126.658263"><time>2026-09-27T02:26:27.000Z</time><ele>11.82</ele></trkpt><trkpt lat="37.190207" lon="126.658062"><time>2026-09-27T02:26:28.000Z</time><ele>11.31</ele></trkpt><trkpt lat="37.19013" lon="126.657848"><time>2026-09-27T02:26:29.000Z</time><ele>10.82</ele></trkpt><trkpt lat="37.190064" lon="126.657626"><time>2026-09-27T02:26:30.000Z</time><ele>10.5</ele></trkpt><trkpt lat="37.190025" lon="126.657406"><time>2026-09-27T02:26:31.000Z</time><ele>10.29</ele></trkpt><trkpt lat="37.19" lon="126.657212"><time>2026-09-27T02:26:32.000Z</time><ele>10.16</ele></trkpt><trkpt lat="37.189972" lon="126.657049"><time>2026-09-27T02:26:33.000Z</time><ele>9.17</ele></trkpt><trkpt lat="37.18994" lon="126.656907"><time>2026-09-27T02:26:34.000Z</time><ele>9.35</ele></trkpt><trkpt lat="37.189919" lon="126.656776"><time>2026-09-27T02:26:35.000Z</time><ele>9.31</ele></trkpt><trkpt lat="37.189907" lon="126.656633"><time>2026-09-27T02:26:36.000Z</time><ele>9.29</ele></trkpt><trkpt lat="37.189904" lon="126.65647"><time>2026-09-27T02:26:37.000Z</time><ele>9.86</ele></trkpt><trkpt lat="37.189903" lon="126.656303"><time>2026-09-27T02:26:38.000Z</time><ele>9.11</ele></trkpt><trkpt lat="37.1899" lon="126.656161"><time>2026-09-27T02:26:39.000Z</time><ele>9.06</ele></trkpt><trkpt lat="37.189898" lon="126.656037"><time>2026-09-27T02:26:40.000Z</time><ele>8.87</ele></trkpt><trkpt lat="37.189903" lon="126.655942"><time>2026-09-27T02:26:41.000Z</time><ele>8.77</ele></trkpt><trkpt lat="37.189906" lon="126.65588"><time>2026-09-27T02:26:42.000Z</time><ele>8.65</ele></trkpt><trkpt lat="37.189911" lon="126.65579"><time>2026-09-27T02:26:50.001Z</time><ele>8.54</ele></trkpt><trkpt lat="37.189897" lon="126.655702"><time>2026-09-27T02:26:52.001Z</time><ele>9.01</ele></trkpt><trkpt lat="37.189858" lon="126.655644"><time>2026-09-27T02:26:53.001Z</time><ele>8.99</ele></trkpt><trkpt lat="37.189793" lon="126.655601"><time>2026-09-27T02:26:54.001Z</time><ele>8.81</ele></trkpt><trkpt lat="37.189712" lon="126.655556"><time>2026-09-27T02:26:55.001Z</time><ele>8.83</ele></trkpt><trkpt lat="37.189627" lon="126.655489"><time>2026-09-27T02:26:56.001Z</time><ele>9.12</ele></trkpt><trkpt lat="37.189532" lon="126.655402"><time>2026-09-27T02:26:57.001Z</time><ele>8.8</ele></trkpt><trkpt lat="37.189433" lon="126.655292"><time>2026-09-27T02:26:58.001Z</time><ele>8.96</ele></trkpt><trkpt lat="37.189309" lon="126.655181"><time>2026-09-27T02:26:59.001Z</time><ele>9.33</ele></trkpt><trkpt lat="37.189184" lon="126.655061"><time>2026-09-27T02:27:00.001Z</time><ele>9.13</ele></trkpt><trkpt lat="37.18907" lon="126.654946"><time>2026-09-27T02:27:01.001Z</time><ele>9.02</ele></trkpt><trkpt lat="37.188947" lon="126.65483"><time>2026-09-27T02:27:02.001Z</time><ele>9.24</ele></trkpt><trkpt lat="37.188837" lon="126.654728"><time>2026-09-27T02:27:03.001Z</time><ele>8.73</ele></trkpt><trkpt lat="37.188735" lon="126.654631"><time>2026-09-27T02:27:04.001Z</time><ele>8.37</ele></trkpt><trkpt lat="37.18863" lon="126.654529"><time>2026-09-27T02:27:05.001Z</time><ele>8.58</ele></trkpt><trkpt lat="37.188519" lon="126.654422"><time>2026-09-27T02:27:06.001Z</time><ele>8.44</ele></trkpt><trkpt lat="37.188391" lon="126.654297"><time>2026-09-27T02:27:07.001Z</time><ele>8.66</ele></trkpt><trkpt lat="37.18825" lon="126.654161"><time>2026-09-27T02:27:08.001Z</time><ele>8.92</ele></trkpt><trkpt lat="37.187902" lon="126.653827"><time>2026-09-27T02:27:11.001Z</time><ele>8.43</ele></trkpt><trkpt lat="37.1878" lon="126.653732"><time>2026-09-27T02:27:12.001Z</time><ele>8.3</ele></trkpt><trkpt lat="37.187701" lon="126.653639"><time>2026-09-27T02:27:13.001Z</time><ele>8.48</ele></trkpt><trkpt lat="37.187612" lon="126.653552"><time>2026-09-27T02:27:14.001Z</time><ele>8.62</ele></trkpt><trkpt lat="37.187528" lon="126.653473"><time>2026-09-27T02:27:15.001Z</time><ele>8.65</ele></trkpt><trkpt lat="37.187465" lon="126.653417"><time>2026-09-27T02:27:16.001Z</time><ele>8.3</ele></trkpt><trkpt lat="37.187395" lon="126.653349"><time>2026-09-27T02:27:17.001Z</time><ele>8.29</ele></trkpt><trkpt lat="37.187313" lon="126.653268"><time>2026-09-27T02:27:18.001Z</time><ele>8.79</ele></trkpt><trkpt lat="37.187229" lon="126.653188"><time>2026-09-27T02:27:19.001Z</time><ele>9.01</ele></trkpt><trkpt lat="37.187153" lon="126.653122"><time>2026-09-27T02:27:20.001Z</time><ele>8.91</ele></trkpt><trkpt lat="37.187087" lon="126.653059"><time>2026-09-27T02:27:21.001Z</time><ele>8.75</ele></trkpt><trkpt lat="37.187024" lon="126.652993"><time>2026-09-27T02:27:22.001Z</time><ele>8.74</ele></trkpt><trkpt lat="37.186957" lon="126.652932"><time>2026-09-27T02:27:23.001Z</time><ele>8.75</ele></trkpt><trkpt lat="37.186891" lon="126.652865"><time>2026-09-27T02:27:24.001Z</time><ele>8.68</ele></trkpt><trkpt lat="37.186813" lon="126.652796"><time>2026-09-27T02:27:25.001Z</time><ele>8.08</ele></trkpt><trkpt lat="37.186738" lon="126.652721"><time>2026-09-27T02:27:26.001Z</time><ele>8.42</ele></trkpt><trkpt lat="37.186672" lon="126.652658"><time>2026-09-27T02:27:27.001Z</time><ele>8.41</ele></trkpt><trkpt lat="37.186621" lon="126.652603"><time>2026-09-27T02:27:28.001Z</time><ele>8.27</ele></trkpt><trkpt lat="37.186578" lon="126.65253"><time>2026-09-27T02:27:30.001Z</time><ele>7.16</ele></trkpt><trkpt lat="37.186598" lon="126.652425"><time>2026-09-27T02:27:32.001Z</time><ele>7.28</ele></trkpt><trkpt lat="37.186647" lon="126.652355"><time>2026-09-27T02:27:33.001Z</time><ele>7.79</ele></trkpt><trkpt lat="37.186695" lon="126.652291"><time>2026-09-27T02:27:34.001Z</time><ele>8.09</ele></trkpt><trkpt lat="37.186732" lon="126.652238"><time>2026-09-27T02:27:35.001Z</time><ele>8.29</ele></trkpt><trkpt lat="37.186783" lon="126.652148"><time>2026-09-27T02:27:37.001Z</time><ele>9.01</ele></trkpt><trkpt lat="37.186812" lon="126.652086"><time>2026-09-27T02:27:38.001Z</time><ele>9.29</ele></trkpt><trkpt lat="37.186831" lon="126.652028"><time>2026-09-27T02:27:39.001Z</time><ele>10.15</ele></trkpt><trkpt lat="37.186597" lon="126.651693"><time>2026-09-27T02:27:46.001Z</time><ele>11.41</ele></trkpt><trkpt lat="37.186542" lon="126.65165"><time>2026-09-27T02:27:47.001Z</time><ele>11.07</ele></trkpt><trkpt lat="37.186494" lon="126.651612"><time>2026-09-27T02:27:48.001Z</time><ele>10.59</ele></trkpt><trkpt lat="37.186457" lon="126.651575"><time>2026-09-27T02:27:49.001Z</time><ele>10.45</ele></trkpt><trkpt lat="37.186418" lon="126.6515"><time>2026-09-27T02:27:51.001Z</time><ele>9.56</ele></trkpt><trkpt lat="37.186443" lon="126.651424"><time>2026-09-27T02:27:53.000Z</time><ele>9.5</ele></trkpt><trkpt lat="37.186487" lon="126.651405"><time>2026-09-27T02:27:54.000Z</time><ele>9.61</ele></trkpt><trkpt lat="37.186509" lon="126.651355"><time>2026-09-27T02:27:56.000Z</time><ele>9.28</ele></trkpt><trkpt lat="37.186657" lon="126.651514"><time>2026-09-27T02:28:02.000Z</time><ele>7.37</ele></trkpt><trkpt lat="37.186723" lon="126.651554"><time>2026-09-27T02:28:05.000Z</time><ele>7.92</ele></trkpt><trkpt lat="37.186764" lon="126.651608"><time>2026-09-27T02:28:07.000Z</time><ele>7.88</ele></trkpt><trkpt lat="37.186785" lon="126.651671"><time>2026-09-27T02:28:09.000Z</time><ele>7.58</ele></trkpt><trkpt lat="37.186753" lon="126.65175"><time>2026-09-27T02:28:11.000Z</time><ele>7.26</ele></trkpt><trkpt lat="37.186698" lon="126.651798"><time>2026-09-27T02:28:13.000Z</time><ele>7.35</ele></trkpt><trkpt lat="37.186724" lon="126.651875"><time>2026-09-27T02:28:16.000Z</time><ele>7.33</ele></trkpt><trkpt lat="37.186763" lon="126.651908"><time>2026-09-27T02:28:17.000Z</time><ele>7.35</ele></trkpt><trkpt lat="37.186804" lon="126.651972"><time>2026-09-27T02:28:19.000Z</time><ele>7.84</ele></trkpt><trkpt lat="37.1868" lon="126.652041"><time>2026-09-27T02:28:20.000Z</time><ele>7.84</ele></trkpt><trkpt lat="37.18671" lon="126.652167"><time>2026-09-27T02:28:22.000Z</time><ele>8.38</ele></trkpt><trkpt lat="37.186668" lon="126.652231"><time>2026-09-27T02:28:23.000Z</time><ele>8.45</ele></trkpt><trkpt lat="37.186639" lon="126.652288"><time>2026-09-27T02:28:24.000Z</time><ele>8.64</ele></trkpt><trkpt lat="37.186607" lon="126.652354"><time>2026-09-27T02:28:25.000Z</time><ele>9.26</ele></trkpt><trkpt lat="37.186568" lon="126.652417"><time>2026-09-27T02:28:26.000Z</time><ele>9.72</ele></trkpt><trkpt lat="37.186533" lon="126.652464"><time>2026-09-27T02:28:27.000Z</time><ele>9.69</ele></trkpt><trkpt lat="37.186175" lon="126.652186"><time>2026-09-27T02:28:33.000Z</time><ele>8.75</ele></trkpt><trkpt lat="37.1861" lon="126.652117"><time>2026-09-27T02:28:34.000Z</time><ele>8.69</ele></trkpt><trkpt lat="37.186036" lon="126.65206"><time>2026-09-27T02:28:35.000Z</time><ele>8.49</ele></trkpt><trkpt lat="37.18598" lon="126.652008"><time>2026-09-27T02:28:36.000Z</time><ele>8.62</ele></trkpt><trkpt lat="37.185932" lon="126.651963"><time>2026-09-27T02:28:37.000Z</time><ele>8.47</ele></trkpt><trkpt lat="37.185878" lon="126.651905"><time>2026-09-27T02:28:38.000Z</time><ele>7.87</ele></trkpt><trkpt lat="37.185819" lon="126.651841"><time>2026-09-27T02:28:39.000Z</time><ele>8.67</ele></trkpt><trkpt lat="37.185776" lon="126.651795"><time>2026-09-27T02:28:40.000Z</time><ele>8.66</ele></trkpt><trkpt lat="37.185736" lon="126.651758"><time>2026-09-27T02:28:41.000Z</time><ele>8.4</ele></trkpt><trkpt lat="37.185693" lon="126.651699"><time>2026-09-27T02:28:43.000Z</time><ele>8.55</ele></trkpt><trkpt lat="37.185704" lon="126.651642"><time>2026-09-27T02:28:46.000Z</time><ele>7.94</ele></trkpt><trkpt lat="37.185783" lon="126.651423"><time>2026-09-27T02:28:50.000Z</time><ele>9.01</ele></trkpt><trkpt lat="37.186465" lon="126.651442"><time>2026-09-27T02:28:57.000Z</time><ele>8.91</ele></trkpt><trkpt lat="37.186514" lon="126.65136"><time>2026-09-27T02:28:59.001Z</time><ele>9.11</ele></trkpt><trkpt lat="37.186338" lon="126.65095"><time>2026-09-27T02:29:06.001Z</time><ele>9.54</ele></trkpt><trkpt lat="37.186296" lon="126.650885"><time>2026-09-27T02:29:09.001Z</time><ele>8.94</ele></trkpt><trkpt lat="37.186253" lon="126.650848"><time>2026-09-27T02:29:12.001Z</time><ele>8.07</ele></trkpt><trkpt lat="37.186208" lon="126.650877"><time>2026-09-27T02:29:53.001Z</time><ele>10.57</ele></trkpt><trkpt lat="37.186251" lon="126.650855"><time>2026-09-27T02:30:14.000Z</time><ele>9.41</ele></trkpt><trkpt lat="37.186216" lon="126.650816"><time>2026-09-27T02:34:17.000Z</time><ele>6.47</ele></trkpt><trkpt lat="37.186179" lon="126.650775"><time>2026-09-27T02:34:29.000Z</time><ele>6.28</ele></trkpt><trkpt lat="37.186218" lon="126.650818"><time>2026-09-27T02:37:38.001Z</time><ele>6.56</ele></trkpt><trkpt lat="37.186188" lon="126.650883"><time>2026-09-27T02:41:29.001Z</time><ele>4.11</ele></trkpt><trkpt lat="37.186152" lon="126.650969"><time>2026-09-27T02:41:31.001Z</time><ele>3.73</ele></trkpt><trkpt lat="37.186114" lon="126.651057"><time>2026-09-27T02:41:33.001Z</time><ele>4.39</ele></trkpt><trkpt lat="37.186065" lon="126.651126"><time>2026-09-27T02:41:35.001Z</time><ele>4.32</ele></trkpt><trkpt lat="37.186016" lon="126.651195"><time>2026-09-27T02:41:37.001Z</time><ele>4.81</ele></trkpt><trkpt lat="37.185959" lon="126.651232"><time>2026-09-27T02:41:39.001Z</time><ele>5.74</ele></trkpt><trkpt lat="37.185899" lon="126.651186"><time>2026-09-27T02:41:41.001Z</time><ele>6.63</ele></trkpt><trkpt lat="37.185871" lon="126.651139"><time>2026-09-27T02:41:42.001Z</time><ele>6.69</ele></trkpt><trkpt lat="37.185814" lon="126.651062"><time>2026-09-27T02:41:44.001Z</time><ele>6.78</ele></trkpt><trkpt lat="37.185756" lon="126.651008"><time>2026-09-27T02:41:46.001Z</time><ele>7.25</ele></trkpt><trkpt lat="37.185702" lon="126.650943"><time>2026-09-27T02:41:48.001Z</time><ele>7.25</ele></trkpt><trkpt lat="37.18554" lon="126.650618"><time>2026-09-27T02:41:59.001Z</time><ele>7.04</ele></trkpt><trkpt lat="37.185576" lon="126.650578"><time>2026-09-27T02:42:01.001Z</time><ele>6.87</ele></trkpt><trkpt lat="37.185533" lon="126.650519"><time>2026-09-27T02:42:04.001Z</time><ele>6.1</ele></trkpt><trkpt lat="37.185504" lon="126.650568"><time>2026-09-27T02:42:06.001Z</time><ele>5.85</ele></trkpt><trkpt lat="37.185506" lon="126.650629"><time>2026-09-27T02:42:08.001Z</time><ele>4.58</ele></trkpt><trkpt lat="37.185549" lon="126.650667"><time>2026-09-27T02:42:10.001Z</time><ele>4.7</ele></trkpt><trkpt lat="37.185503" lon="126.650675"><time>2026-09-27T02:42:42.999Z</time><ele>5.7</ele></trkpt><trkpt lat="37.185499" lon="126.650734"><time>2026-09-27T02:42:47.999Z</time><ele>4.26</ele></trkpt><trkpt lat="37.185508" lon="126.650795"><time>2026-09-27T02:42:55.000Z</time><ele>5.35</ele></trkpt><trkpt lat="37.185523" lon="126.650853"><time>2026-09-27T02:42:59.000Z</time><ele>6.27</ele></trkpt><trkpt lat="37.185533" lon="126.650919"><time>2026-09-27T02:43:02.000Z</time><ele>7.22</ele></trkpt><trkpt lat="37.185495" lon="126.650993"><time>2026-09-27T02:43:06.000Z</time><ele>7.55</ele></trkpt><trkpt lat="37.185529" lon="126.651039"><time>2026-09-27T02:43:11.000Z</time><ele>9.14</ele></trkpt><trkpt lat="37.185534" lon="126.651109"><time>2026-09-27T02:43:14.000Z</time><ele>9.8</ele></trkpt><trkpt lat="37.185501" lon="126.65115"><time>2026-09-27T02:43:18.000Z</time><ele>8.86</ele></trkpt><trkpt lat="37.185573" lon="126.651026"><time>2026-09-27T02:43:28.000Z</time><ele>12.2</ele></trkpt><trkpt lat="37.185691" lon="126.650819"><time>2026-09-27T02:51:40.009Z</time><ele>7.48</ele></trkpt><trkpt lat="37.185636" lon="126.650882"><time>2026-09-27T02:51:42.009Z</time><ele>7.75</ele></trkpt><trkpt lat="37.185604" lon="126.650953"><time>2026-09-27T02:51:44.001Z</time><ele>8.42</ele></trkpt><trkpt lat="37.185622" lon="126.650896"><time>2026-09-27T02:52:03.000Z</time><ele>8.58</ele></trkpt><trkpt lat="37.185629" lon="126.650829"><time>2026-09-27T02:52:10.000Z</time><ele>8.58</ele></trkpt><trkpt lat="37.18563" lon="126.650757"><time>2026-09-27T02:52:17.000Z</time><ele>7.3</ele></trkpt><trkpt lat="37.185597" lon="126.650717"><time>2026-09-27T02:52:21.001Z</time><ele>7.48</ele></trkpt><trkpt lat="37.185575" lon="126.650663"><time>2026-09-27T02:52:31.001Z</time><ele>6.67</ele></trkpt><trkpt lat="37.185536" lon="126.650629"><time>2026-09-27T02:56:03.000Z</time><ele>5.76</ele></trkpt><trkpt lat="37.185475" lon="126.650685"><time>2026-09-27T02:56:39.001Z</time><ele>5.74</ele></trkpt><trkpt lat="37.185461" lon="126.65077"><time>2026-09-27T02:56:41.001Z</time><ele>6.15</ele></trkpt><trkpt lat="37.185502" lon="126.650845"><time>2026-09-27T02:56:43.001Z</time><ele>6.44</ele></trkpt><trkpt lat="37.185534" lon="126.650885"><time>2026-09-27T02:56:44.001Z</time><ele>6.71</ele></trkpt><trkpt lat="37.185597" lon="126.65094"><time>2026-09-27T02:56:46.001Z</time><ele>7.07</ele></trkpt><trkpt lat="37.185656" lon="126.650987"><time>2026-09-27T02:56:48.001Z</time><ele>7.29</ele></trkpt><trkpt lat="37.185734" lon="126.651046"><time>2026-09-27T02:56:50.001Z</time><ele>7.46</ele></trkpt><trkpt lat="37.185772" lon="126.651088"><time>2026-09-27T02:56:51.001Z</time><ele>7.46</ele></trkpt><trkpt lat="37.185794" lon="126.651414"><time>2026-09-27T02:56:56.001Z</time><ele>7.66</ele></trkpt><trkpt lat="37.185756" lon="126.651451"><time>2026-09-27T02:56:57.001Z</time><ele>7.62</ele></trkpt><trkpt lat="37.18572" lon="126.651496"><time>2026-09-27T02:56:58.001Z</time><ele>7.87</ele></trkpt><trkpt lat="37.18569" lon="126.651541"><time>2026-09-27T02:56:59.001Z</time><ele>7.72</ele></trkpt><trkpt lat="37.185652" lon="126.651593"><time>2026-09-27T02:57:01.001Z</time><ele>7.85</ele></trkpt><trkpt lat="37.185634" lon="126.651647"><time>2026-09-27T02:57:03.001Z</time><ele>7.88</ele></trkpt><trkpt lat="37.185643" lon="126.651704"><time>2026-09-27T02:57:04.001Z</time><ele>8.13</ele></trkpt><trkpt lat="37.185691" lon="126.65177"><time>2026-09-27T02:57:05.001Z</time><ele>8.15</ele></trkpt><trkpt lat="37.185741" lon="126.651827"><time>2026-09-27T02:57:06.001Z</time><ele>8.35</ele></trkpt><trkpt lat="37.185795" lon="126.651897"><time>2026-09-27T02:57:07.001Z</time><ele>8.32</ele></trkpt><trkpt lat="37.185857" lon="126.651958"><time>2026-09-27T02:57:08.001Z</time><ele>8.27</ele></trkpt><trkpt lat="37.185921" lon="126.652018"><time>2026-09-27T02:57:09.001Z</time><ele>8.37</ele></trkpt><trkpt lat="37.185989" lon="126.652081"><time>2026-09-27T02:57:10.001Z</time><ele>8.42</ele></trkpt><trkpt lat="37.186057" lon="126.652138"><time>2026-09-27T02:57:11.001Z</time><ele>8.5</ele></trkpt><trkpt lat="37.186126" lon="126.652201"><time>2026-09-27T02:57:12.001Z</time><ele>8.45</ele></trkpt><trkpt lat="37.18619" lon="126.652259"><time>2026-09-27T02:57:13.001Z</time><ele>8.57</ele></trkpt><trkpt lat="37.186241" lon="126.652307"><time>2026-09-27T02:57:14.001Z</time><ele>8.6</ele></trkpt><trkpt lat="37.186294" lon="126.652354"><time>2026-09-27T02:57:15.001Z</time><ele>8.58</ele></trkpt><trkpt lat="37.186356" lon="126.652407"><time>2026-09-27T02:57:16.001Z</time><ele>8.37</ele></trkpt><trkpt lat="37.186413" lon="126.652459"><time>2026-09-27T02:57:17.001Z</time><ele>8.64</ele></trkpt><trkpt lat="37.186455" lon="126.652513"><time>2026-09-27T02:57:18.001Z</time><ele>9.07</ele></trkpt><trkpt lat="37.186498" lon="126.652568"><time>2026-09-27T02:57:19.001Z</time><ele>9.24</ele></trkpt><trkpt lat="37.186557" lon="126.652618"><time>2026-09-27T02:57:20.001Z</time><ele>9.36</ele></trkpt><trkpt lat="37.186608" lon="126.652665"><time>2026-09-27T02:57:21.001Z</time><ele>9.23</ele></trkpt><trkpt lat="37.186658" lon="126.652711"><time>2026-09-27T02:57:22.001Z</time><ele>9.36</ele></trkpt><trkpt lat="37.186701" lon="126.65275"><time>2026-09-27T02:57:23.001Z</time><ele>9.2</ele></trkpt><trkpt lat="37.186763" lon="126.652808"><time>2026-09-27T02:57:25.001Z</time><ele>8.99</ele></trkpt><trkpt lat="37.186826" lon="126.652875"><time>2026-09-27T02:57:27.001Z</time><ele>9.03</ele></trkpt><trkpt lat="37.186886" lon="126.65294"><time>2026-09-27T02:57:29.001Z</time><ele>9.11</ele></trkpt><trkpt lat="37.18693" lon="126.652976"><time>2026-09-27T02:57:30.001Z</time><ele>9.35</ele></trkpt><trkpt lat="37.186992" lon="126.653011"><time>2026-09-27T02:57:31.001Z</time><ele>9.36</ele></trkpt><trkpt lat="37.187063" lon="126.653065"><time>2026-09-27T02:57:32.001Z</time><ele>9.49</ele></trkpt><trkpt lat="37.187129" lon="126.65313"><time>2026-09-27T02:57:33.001Z</time><ele>9.57</ele></trkpt><trkpt lat="37.187193" lon="126.653192"><time>2026-09-27T02:57:34.001Z</time><ele>9.48</ele></trkpt><trkpt lat="37.187263" lon="126.653265"><time>2026-09-27T02:57:35.001Z</time><ele>9.46</ele></trkpt><trkpt lat="37.187329" lon="126.653339"><time>2026-09-27T02:57:36.001Z</time><ele>9.41</ele></trkpt><trkpt lat="37.187385" lon="126.653404"><time>2026-09-27T02:57:37.001Z</time><ele>9.42</ele></trkpt><trkpt lat="37.187432" lon="126.653461"><time>2026-09-27T02:57:38.001Z</time><ele>9.29</ele></trkpt><trkpt lat="37.187482" lon="126.653514"><time>2026-09-27T02:57:39.001Z</time><ele>9.35</ele></trkpt><trkpt lat="37.187541" lon="126.653572"><time>2026-09-27T02:57:40.001Z</time><ele>9.34</ele></trkpt><trkpt lat="37.187605" lon="126.653635"><time>2026-09-27T02:57:41.001Z</time><ele>9.24</ele></trkpt><trkpt lat="37.187673" lon="126.653703"><time>2026-09-27T02:57:42.001Z</time><ele>9.15</ele></trkpt><trkpt lat="37.187741" lon="126.653771"><time>2026-09-27T02:57:43.001Z</time><ele>9.29</ele></trkpt><trkpt lat="37.187812" lon="126.653841"><time>2026-09-27T02:57:44.001Z</time><ele>9.37</ele></trkpt><trkpt lat="37.187887" lon="126.653901"><time>2026-09-27T02:57:45.001Z</time><ele>9.56</ele></trkpt><trkpt lat="37.187948" lon="126.653955"><time>2026-09-27T02:57:46.001Z</time><ele>9.66</ele></trkpt><trkpt lat="37.188006" lon="126.654011"><time>2026-09-27T02:57:47.001Z</time><ele>9.7</ele></trkpt><trkpt lat="37.188062" lon="126.654061"><time>2026-09-27T02:57:48.001Z</time><ele>9.84</ele></trkpt><trkpt lat="37.188116" lon="126.654116"><time>2026-09-27T02:57:49.002Z</time><ele>9.83</ele></trkpt><trkpt lat="37.188175" lon="126.654177"><time>2026-09-27T02:57:50.002Z</time><ele>9.83</ele></trkpt><trkpt lat="37.188237" lon="126.654233"><time>2026-09-27T02:57:51.002Z</time><ele>9.51</ele></trkpt><trkpt lat="37.188307" lon="126.6543"><time>2026-09-27T02:57:52.002Z</time><ele>9.36</ele></trkpt><trkpt lat="37.188379" lon="126.654368"><time>2026-09-27T02:57:53.002Z</time><ele>9.11</ele></trkpt><trkpt lat="37.188456" lon="126.654441"><time>2026-09-27T02:57:54.002Z</time><ele>9.1</ele></trkpt><trkpt lat="37.188534" lon="126.654514"><time>2026-09-27T02:57:55.002Z</time><ele>8.86</ele></trkpt><trkpt lat="37.188612" lon="126.65459"><time>2026-09-27T02:57:56.002Z</time><ele>8.96</ele></trkpt><trkpt lat="37.18868" lon="126.654659"><time>2026-09-27T02:57:57.002Z</time><ele>9.08</ele></trkpt><trkpt lat="37.188743" lon="126.65472"><time>2026-09-27T02:57:58.002Z</time><ele>8.86</ele></trkpt><trkpt lat="37.188812" lon="126.654785"><time>2026-09-27T02:57:59.002Z</time><ele>9.18</ele></trkpt><trkpt lat="37.188883" lon="126.65486"><time>2026-09-27T02:58:00.002Z</time><ele>9.18</ele></trkpt><trkpt lat="37.188961" lon="126.654933"><time>2026-09-27T02:58:01.002Z</time><ele>9.19</ele></trkpt><trkpt lat="37.189043" lon="126.655004"><time>2026-09-27T02:58:02.000Z</time><ele>9.19</ele></trkpt><trkpt lat="37.189122" lon="126.655079"><time>2026-09-27T02:58:03.000Z</time><ele>8.69</ele></trkpt><trkpt lat="37.189204" lon="126.655156"><time>2026-09-27T02:58:04.000Z</time><ele>8.68</ele></trkpt><trkpt lat="37.189278" lon="126.65523"><time>2026-09-27T02:58:05.000Z</time><ele>8.59</ele></trkpt><trkpt lat="37.189353" lon="126.655299"><time>2026-09-27T02:58:06.000Z</time><ele>8.74</ele></trkpt><trkpt lat="37.189418" lon="126.655364"><time>2026-09-27T02:58:07.000Z</time><ele>8.59</ele></trkpt><trkpt lat="37.189481" lon="126.655423"><time>2026-09-27T02:58:08.000Z</time><ele>8.76</ele></trkpt><trkpt lat="37.189548" lon="126.655485"><time>2026-09-27T02:58:09.000Z</time><ele>8.55</ele></trkpt><trkpt lat="37.189612" lon="126.655546"><time>2026-09-27T02:58:10.000Z</time><ele>8.45</ele></trkpt><trkpt lat="37.189691" lon="126.655604"><time>2026-09-27T02:58:11.000Z</time><ele>8.69</ele></trkpt><trkpt lat="37.189775" lon="126.655649"><time>2026-09-27T02:58:12.000Z</time><ele>8.86</ele></trkpt><trkpt lat="37.189863" lon="126.655682"><time>2026-09-27T02:58:13.000Z</time><ele>9</ele></trkpt><trkpt lat="37.189953" lon="126.655702"><time>2026-09-27T02:58:14.000Z</time><ele>8.96</ele></trkpt><trkpt lat="37.190041" lon="126.65572"><time>2026-09-27T02:58:15.000Z</time><ele>9.12</ele></trkpt><trkpt lat="37.190123" lon="126.655739"><time>2026-09-27T02:58:16.000Z</time><ele>9.18</ele></trkpt><trkpt lat="37.190202" lon="126.655759"><time>2026-09-27T02:58:17.000Z</time><ele>9.27</ele></trkpt><trkpt lat="37.190275" lon="126.655779"><time>2026-09-27T02:58:18.000Z</time><ele>9.18</ele></trkpt><trkpt lat="37.190344" lon="126.6558"><time>2026-09-27T02:58:19.000Z</time><ele>9.03</ele></trkpt><trkpt lat="37.190412" lon="126.65582"><time>2026-09-27T02:58:20.000Z</time><ele>8.89</ele></trkpt><trkpt lat="37.190477" lon="126.655839"><time>2026-09-27T02:58:21.000Z</time><ele>8.93</ele></trkpt><trkpt lat="37.190551" lon="126.655867"><time>2026-09-27T02:58:22.000Z</time><ele>8.87</ele></trkpt><trkpt lat="37.190622" lon="126.655906"><time>2026-09-27T02:58:23.000Z</time><ele>8.79</ele></trkpt><trkpt lat="37.190703" lon="126.655904"><time>2026-09-27T02:58:24.000Z</time><ele>8.69</ele></trkpt><trkpt lat="37.190772" lon="126.655944"><time>2026-09-27T02:58:25.000Z</time><ele>8.85</ele></trkpt><trkpt lat="37.190825" lon="126.656046"><time>2026-09-27T02:58:26.000Z</time><ele>8.98</ele></trkpt><trkpt lat="37.190879" lon="126.656107"><time>2026-09-27T02:58:27.000Z</time><ele>9.24</ele></trkpt><trkpt lat="37.190927" lon="126.656184"><time>2026-09-27T02:58:28.000Z</time><ele>9.29</ele></trkpt><trkpt lat="37.190978" lon="126.656282"><time>2026-09-27T02:58:29.000Z</time><ele>9.07</ele></trkpt><trkpt lat="37.191024" lon="126.656393"><time>2026-09-27T02:58:30.000Z</time><ele>8.93</ele></trkpt><trkpt lat="37.191074" lon="126.65652"><time>2026-09-27T02:58:31.000Z</time><ele>8.7</ele></trkpt><trkpt lat="37.191121" lon="126.656652"><time>2026-09-27T02:58:32.000Z</time><ele>9.07</ele></trkpt><trkpt lat="37.191192" lon="126.656815"><time>2026-09-27T02:58:33.000Z</time><ele>8.9</ele></trkpt><trkpt lat="37.191278" lon="126.656981"><time>2026-09-27T02:58:34.000Z</time><ele>9.18</ele></trkpt><trkpt lat="37.191366" lon="126.657159"><time>2026-09-27T02:58:35.000Z</time><ele>8.9</ele></trkpt><trkpt lat="37.191467" lon="126.657332"><time>2026-09-27T02:58:36.000Z</time><ele>9</ele></trkpt><trkpt lat="37.191573" lon="126.657485"><time>2026-09-27T02:58:37.000Z</time><ele>9.18</ele></trkpt><trkpt lat="37.191683" lon="126.657634"><time>2026-09-27T02:58:38.000Z</time><ele>9.11</ele></trkpt><trkpt lat="37.191801" lon="126.657772"><time>2026-09-27T02:58:39.000Z</time><ele>8.82</ele></trkpt><trkpt lat="37.191916" lon="126.657887"><time>2026-09-27T02:58:40.000Z</time><ele>8.74</ele></trkpt><trkpt lat="37.192024" lon="126.657988"><time>2026-09-27T02:58:41.000Z</time><ele>8.52</ele></trkpt><trkpt lat="37.192136" lon="126.658077"><time>2026-09-27T02:58:42.000Z</time><ele>8.27</ele></trkpt><trkpt lat="37.192247" lon="126.658155"><time>2026-09-27T02:58:43.000Z</time><ele>8.2</ele></trkpt><trkpt lat="37.192351" lon="126.658227"><time>2026-09-27T02:58:44.000Z</time><ele>7.94</ele></trkpt><trkpt lat="37.192443" lon="126.65829"><time>2026-09-27T02:58:45.000Z</time><ele>7.84</ele></trkpt><trkpt lat="37.192531" lon="126.658346"><time>2026-09-27T02:58:46.000Z</time><ele>7.8</ele></trkpt><trkpt lat="37.192603" lon="126.658392"><time>2026-09-27T02:58:47.000Z</time><ele>7.66</ele></trkpt><trkpt lat="37.192658" lon="126.658426"><time>2026-09-27T02:58:48.000Z</time><ele>7.64</ele></trkpt><trkpt lat="37.192699" lon="126.658453"><time>2026-09-27T02:58:49.000Z</time><ele>7.76</ele></trkpt><trkpt lat="37.192742" lon="126.658481"><time>2026-09-27T02:58:50.000Z</time><ele>7.93</ele></trkpt><trkpt lat="37.192806" lon="126.658521"><time>2026-09-27T02:58:51.000Z</time><ele>8.17</ele></trkpt><trkpt lat="37.192885" lon="126.658562"><time>2026-09-27T02:58:52.000Z</time><ele>8.17</ele></trkpt><trkpt lat="37.192974" lon="126.658615"><time>2026-09-27T02:58:53.001Z</time><ele>8.24</ele></trkpt><trkpt lat="37.193075" lon="126.658678"><time>2026-09-27T02:58:54.001Z</time><ele>8.3</ele></trkpt><trkpt lat="37.193183" lon="126.658747"><time>2026-09-27T02:58:55.001Z</time><ele>8.17</ele></trkpt><trkpt lat="37.193297" lon="126.658819"><time>2026-09-27T02:58:56.001Z</time><ele>8.64</ele></trkpt><trkpt lat="37.193419" lon="126.658895"><time>2026-09-27T02:58:57.001Z</time><ele>9.21</ele></trkpt><trkpt lat="37.193543" lon="126.658978"><time>2026-09-27T02:58:58.001Z</time><ele>9.12</ele></trkpt><trkpt lat="37.19367" lon="126.659074"><time>2026-09-27T02:58:59.001Z</time><ele>9.28</ele></trkpt><trkpt lat="37.1938" lon="126.659179"><time>2026-09-27T02:59:00.001Z</time><ele>9.48</ele></trkpt><trkpt lat="37.193929" lon="126.659299"><time>2026-09-27T02:59:01.001Z</time><ele>9.48</ele></trkpt><trkpt lat="37.194057" lon="126.65943"><time>2026-09-27T02:59:02.001Z</time><ele>9.74</ele></trkpt><trkpt lat="37.194188" lon="126.659567"><time>2026-09-27T02:59:03.001Z</time><ele>10.15</ele></trkpt><trkpt lat="37.194317" lon="126.659709"><time>2026-09-27T02:59:04.001Z</time><ele>10.42</ele></trkpt><trkpt lat="37.194437" lon="126.659855"><time>2026-09-27T02:59:05.001Z</time><ele>10.17</ele></trkpt><trkpt lat="37.194548" lon="126.660024"><time>2026-09-27T02:59:06.001Z</time><ele>10.12</ele></trkpt><trkpt lat="37.19465" lon="126.660202"><time>2026-09-27T02:59:07.001Z</time><ele>9.6</ele></trkpt><trkpt lat="37.194752" lon="126.660384"><time>2026-09-27T02:59:08.001Z</time><ele>9.98</ele></trkpt><trkpt lat="37.194853" lon="126.660576"><time>2026-09-27T02:59:09.001Z</time><ele>10.19</ele></trkpt><trkpt lat="37.194945" lon="126.660777"><time>2026-09-27T02:59:10.001Z</time><ele>9.9</ele></trkpt><trkpt lat="37.19503" lon="126.660988"><time>2026-09-27T02:59:11.001Z</time><ele>9.76</ele></trkpt><trkpt lat="37.195104" lon="126.661206"><time>2026-09-27T02:59:12.001Z</time><ele>9.97</ele></trkpt><trkpt lat="37.195176" lon="126.661434"><time>2026-09-27T02:59:13.001Z</time><ele>10.02</ele></trkpt><trkpt lat="37.195236" lon="126.661665"><time>2026-09-27T02:59:14.001Z</time><ele>10.14</ele></trkpt><trkpt lat="37.195287" lon="126.661902"><time>2026-09-27T02:59:15.001Z</time><ele>10.04</ele></trkpt><trkpt lat="37.195334" lon="126.662147"><time>2026-09-27T02:59:16.001Z</time><ele>9.97</ele></trkpt><trkpt lat="37.195385" lon="126.662396"><time>2026-09-27T02:59:17.001Z</time><ele>9.97</ele></trkpt><trkpt lat="37.195435" lon="126.662647"><time>2026-09-27T02:59:18.001Z</time><ele>9.92</ele></trkpt><trkpt lat="37.195465" lon="126.662901"><time>2026-09-27T02:59:19.001Z</time><ele>9.93</ele></trkpt><trkpt lat="37.195525" lon="126.66315"><time>2026-09-27T02:59:20.001Z</time><ele>10.45</ele></trkpt><trkpt lat="37.195566" lon="126.663397"><time>2026-09-27T02:59:21.001Z</time><ele>10.54</ele></trkpt><trkpt lat="37.195596" lon="126.663641"><time>2026-09-27T02:59:22.001Z</time><ele>10.49</ele></trkpt><trkpt lat="37.195603" lon="126.663882"><time>2026-09-27T02:59:23.001Z</time><ele>10.51</ele></trkpt><trkpt lat="37.195614" lon="126.66413"><time>2026-09-27T02:59:24.001Z</time><ele>10.42</ele></trkpt><trkpt lat="37.19563" lon="126.664375"><time>2026-09-27T02:59:25.001Z</time><ele>10.03</ele></trkpt><trkpt lat="37.195627" lon="126.66462"><time>2026-09-27T02:59:26.001Z</time><ele>9.49</ele></trkpt><trkpt lat="37.195621" lon="126.664864"><time>2026-09-27T02:59:27.001Z</time><ele>9.19</ele></trkpt><trkpt lat="37.195607" lon="126.665109"><time>2026-09-27T02:59:28.001Z</time><ele>8.87</ele></trkpt><trkpt lat="37.195585" lon="126.665356"><time>2026-09-27T02:59:29.001Z</time><ele>8.57</ele></trkpt><trkpt lat="37.195555" lon="126.665606"><time>2026-09-27T02:59:30.001Z</time><ele>8.45</ele></trkpt><trkpt lat="37.195519" lon="126.665858"><time>2026-09-27T02:59:31.001Z</time><ele>8.55</ele></trkpt><trkpt lat="37.195473" lon="126.666112"><time>2026-09-27T02:59:32.001Z</time><ele>9.09</ele></trkpt><trkpt lat="37.195413" lon="126.666363"><time>2026-09-27T02:59:33.001Z</time><ele>8.91</ele></trkpt><trkpt lat="37.195345" lon="126.666613"><time>2026-09-27T02:59:34.001Z</time><ele>8.47</ele></trkpt><trkpt lat="37.195277" lon="126.666869"><time>2026-09-27T02:59:35.001Z</time><ele>8.54</ele></trkpt><trkpt lat="37.195208" lon="126.667127"><time>2026-09-27T02:59:36.001Z</time><ele>7.98</ele></trkpt><trkpt lat="37.195137" lon="126.667385"><time>2026-09-27T02:59:37.001Z</time><ele>7.94</ele></trkpt><trkpt lat="37.195062" lon="126.667643"><time>2026-09-27T02:59:38.001Z</time><ele>8.1</ele></trkpt><trkpt lat="37.19499" lon="126.667904"><time>2026-09-27T02:59:39.001Z</time><ele>7.71</ele></trkpt><trkpt lat="37.194919" lon="126.668164"><time>2026-09-27T02:59:40.001Z</time><ele>7.11</ele></trkpt><trkpt lat="37.194848" lon="126.668426"><time>2026-09-27T02:59:41.001Z</time><ele>7.11</ele></trkpt><trkpt lat="37.194778" lon="126.668685"><time>2026-09-27T02:59:42.001Z</time><ele>6.7</ele></trkpt><trkpt lat="37.194706" lon="126.668943"><time>2026-09-27T02:59:43.001Z</time><ele>6.47</ele></trkpt><trkpt lat="37.194635" lon="126.669202"><time>2026-09-27T02:59:44.001Z</time><ele>6.55</ele></trkpt><trkpt lat="37.194562" lon="126.669461"><time>2026-09-27T02:59:45.001Z</time><ele>6.83</ele></trkpt><trkpt lat="37.194493" lon="126.66972"><time>2026-09-27T02:59:46.001Z</time><ele>7.52</ele></trkpt><trkpt lat="37.194425" lon="126.669981"><time>2026-09-27T02:59:47.001Z</time><ele>7.12</ele></trkpt><trkpt lat="37.194356" lon="126.670242"><time>2026-09-27T02:59:48.001Z</time><ele>6.93</ele></trkpt><trkpt lat="37.194288" lon="126.670503"><time>2026-09-27T02:59:49.001Z</time><ele>7.14</ele></trkpt><trkpt lat="37.194217" lon="126.670755"><time>2026-09-27T02:59:50.001Z</time><ele>7.37</ele></trkpt><trkpt lat="37.194142" lon="126.670984"><time>2026-09-27T02:59:51.001Z</time><ele>7.69</ele></trkpt><trkpt lat="37.194069" lon="126.671201"><time>2026-09-27T02:59:52.001Z</time><ele>7.36</ele></trkpt><trkpt lat="37.193992" lon="126.671412"><time>2026-09-27T02:59:53.001Z</time><ele>7.43</ele></trkpt><trkpt lat="37.19391" lon="126.67162"><time>2026-09-27T02:59:54.001Z</time><ele>6.98</ele></trkpt><trkpt lat="37.193818" lon="126.671818"><time>2026-09-27T02:59:55.001Z</time><ele>7.38</ele></trkpt><trkpt lat="37.193711" lon="126.672005"><time>2026-09-27T02:59:56.001Z</time><ele>7.67</ele></trkpt><trkpt lat="37.193591" lon="126.672189"><time>2026-09-27T02:59:57.001Z</time><ele>8.05</ele></trkpt><trkpt lat="37.193462" lon="126.672369"><time>2026-09-27T02:59:58.001Z</time><ele>7.95</ele></trkpt><trkpt lat="37.193324" lon="126.672544"><time>2026-09-27T02:59:59.001Z</time><ele>7.95</ele></trkpt><trkpt lat="37.19317" lon="126.672704"><time>2026-09-27T03:00:00.001Z</time><ele>8.16</ele></trkpt><trkpt lat="37.193001" lon="126.672845"><time>2026-09-27T03:00:01.001Z</time><ele>8.45</ele></trkpt><trkpt lat="37.192822" lon="126.67297"><time>2026-09-27T03:00:02.001Z</time><ele>8.79</ele></trkpt><trkpt lat="37.192626" lon="126.673064"><time>2026-09-27T03:00:03.001Z</time><ele>9.39</ele></trkpt><trkpt lat="37.192434" lon="126.673156"><time>2026-09-27T03:00:04.001Z</time><ele>10.08</ele></trkpt><trkpt lat="37.192238" lon="126.673241"><time>2026-09-27T03:00:05.001Z</time><ele>10.51</ele></trkpt><trkpt lat="37.192045" lon="126.673342"><time>2026-09-27T03:00:06.001Z</time><ele>11.08</ele></trkpt><trkpt lat="37.191842" lon="126.67341"><time>2026-09-27T03:00:07.002Z</time><ele>11.83</ele></trkpt><trkpt lat="37.191641" lon="126.673482"><time>2026-09-27T03:00:08.000Z</time><ele>12.33</ele></trkpt><trkpt lat="37.191445" lon="126.673576"><time>2026-09-27T03:00:09.000Z</time><ele>12.52</ele></trkpt><trkpt lat="37.19125" lon="126.673677"><time>2026-09-27T03:00:10.000Z</time><ele>13.5</ele></trkpt><trkpt lat="37.191059" lon="126.673791"><time>2026-09-27T03:00:11.000Z</time><ele>13.85</ele></trkpt><trkpt lat="37.190876" lon="126.673924"><time>2026-09-27T03:00:12.000Z</time><ele>13.93</ele></trkpt><trkpt lat="37.190703" lon="126.674076"><time>2026-09-27T03:00:13.000Z</time><ele>13.92</ele></trkpt><trkpt lat="37.19054" lon="126.674251"><time>2026-09-27T03:00:14.000Z</time><ele>13.58</ele></trkpt><trkpt lat="37.190384" lon="126.674443"><time>2026-09-27T03:00:15.000Z</time><ele>13.1</ele></trkpt><trkpt lat="37.190234" lon="126.67465"><time>2026-09-27T03:00:16.000Z</time><ele>12.36</ele></trkpt><trkpt lat="37.190095" lon="126.67488"><time>2026-09-27T03:00:17.000Z</time><ele>11.73</ele></trkpt><trkpt lat="37.189981" lon="126.675127"><time>2026-09-27T03:00:18.000Z</time><ele>10.76</ele></trkpt><trkpt lat="37.189894" lon="126.675384"><time>2026-09-27T03:00:19.000Z</time><ele>9.19</ele></trkpt><trkpt lat="37.189822" lon="126.675654"><time>2026-09-27T03:00:20.000Z</time><ele>7.99</ele></trkpt><trkpt lat="37.189751" lon="126.675928"><time>2026-09-27T03:00:21.000Z</time><ele>7.09</ele></trkpt><trkpt lat="37.189695" lon="126.676208"><time>2026-09-27T03:00:22.000Z</time><ele>6.82</ele></trkpt><trkpt lat="37.189662" lon="126.676493"><time>2026-09-27T03:00:23.000Z</time><ele>6.68</ele></trkpt><trkpt lat="37.189641" lon="126.676782"><time>2026-09-27T03:00:24.000Z</time><ele>6.23</ele></trkpt><trkpt lat="37.189625" lon="126.67707"><time>2026-09-27T03:00:25.000Z</time><ele>6.59</ele></trkpt><trkpt lat="37.189496" lon="126.679624"><time>2026-09-27T03:00:34.000Z</time><ele>7.99</ele></trkpt><trkpt lat="37.189481" lon="126.679888"><time>2026-09-27T03:00:35.000Z</time><ele>7.74</ele></trkpt><trkpt lat="37.189467" lon="126.680134"><time>2026-09-27T03:00:36.000Z</time><ele>7.69</ele></trkpt><trkpt lat="37.189453" lon="126.680355"><time>2026-09-27T03:00:37.000Z</time><ele>8.04</ele></trkpt><trkpt lat="37.189437" lon="126.680552"><time>2026-09-27T03:00:38.000Z</time><ele>7.73</ele></trkpt><trkpt lat="37.189419" lon="126.680729"><time>2026-09-27T03:00:39.000Z</time><ele>7.63</ele></trkpt><trkpt lat="37.189402" lon="126.680883"><time>2026-09-27T03:00:40.000Z</time><ele>7.4</ele></trkpt><trkpt lat="37.189383" lon="126.681015"><time>2026-09-27T03:00:41.000Z</time><ele>7.24</ele></trkpt><trkpt lat="37.189369" lon="126.681127"><time>2026-09-27T03:00:42.000Z</time><ele>7.03</ele></trkpt><trkpt lat="37.189355" lon="126.681226"><time>2026-09-27T03:00:43.000Z</time><ele>7.06</ele></trkpt><trkpt lat="37.189342" lon="126.681317"><time>2026-09-27T03:00:44.000Z</time><ele>6.61</ele></trkpt><trkpt lat="37.189332" lon="126.681395"><time>2026-09-27T03:00:45.000Z</time><ele>6.86</ele></trkpt><trkpt lat="37.18932" lon="126.681467"><time>2026-09-27T03:00:46.000Z</time><ele>6.92</ele></trkpt><trkpt lat="37.18931" lon="126.681522"><time>2026-09-27T03:00:47.000Z</time><ele>6.95</ele></trkpt><trkpt lat="37.189288" lon="126.681608"><time>2026-09-27T03:00:49.000Z</time><ele>6.96</ele></trkpt><trkpt lat="37.189288" lon="126.681694"><time>2026-09-27T03:01:06.001Z</time><ele>7.3</ele></trkpt><trkpt lat="37.189297" lon="126.681762"><time>2026-09-27T03:01:49.001Z</time><ele>8.6</ele></trkpt><trkpt lat="37.189273" lon="126.681871"><time>2026-09-27T03:01:51.001Z</time><ele>8.64</ele></trkpt><trkpt lat="37.18925" lon="126.681951"><time>2026-09-27T03:01:52.001Z</time><ele>8.62</ele></trkpt><trkpt lat="37.189225" lon="126.682055"><time>2026-09-27T03:01:53.001Z</time><ele>8.83</ele></trkpt><trkpt lat="37.189195" lon="126.682173"><time>2026-09-27T03:01:54.001Z</time><ele>8.7</ele></trkpt><trkpt lat="37.189166" lon="126.682308"><time>2026-09-27T03:01:55.001Z</time><ele>8.98</ele></trkpt><trkpt lat="37.189126" lon="126.682467"><time>2026-09-27T03:01:56.001Z</time><ele>8.99</ele></trkpt><trkpt lat="37.189079" lon="126.68264"><time>2026-09-27T03:01:57.001Z</time><ele>8.58</ele></trkpt><trkpt lat="37.189017" lon="126.682829"><time>2026-09-27T03:01:58.001Z</time><ele>9.13</ele></trkpt><trkpt lat="37.188946" lon="126.683036"><time>2026-09-27T03:01:59.001Z</time><ele>9.25</ele></trkpt><trkpt lat="37.188857" lon="126.683248"><time>2026-09-27T03:02:00.001Z</time><ele>9.59</ele></trkpt><trkpt lat="37.188745" lon="126.683471"><time>2026-09-27T03:02:01.001Z</time><ele>9.85</ele></trkpt><trkpt lat="37.188639" lon="126.683716"><time>2026-09-27T03:02:02.001Z</time><ele>9.5</ele></trkpt><trkpt lat="37.18854" lon="126.683982"><time>2026-09-27T03:02:03.001Z</time><ele>10.09</ele></trkpt><trkpt lat="37.188432" lon="126.684244"><time>2026-09-27T03:02:04.001Z</time><ele>10.21</ele></trkpt><trkpt lat="37.188324" lon="126.684502"><time>2026-09-27T03:02:05.001Z</time><ele>10.48</ele></trkpt><trkpt lat="37.18823" lon="126.68474"><time>2026-09-27T03:02:06.001Z</time><ele>10.71</ele></trkpt><trkpt lat="37.188145" lon="126.684976"><time>2026-09-27T03:02:07.001Z</time><ele>10.78</ele></trkpt><trkpt lat="37.188061" lon="126.685219"><time>2026-09-27T03:02:08.001Z</time><ele>11.44</ele></trkpt><trkpt lat="37.187996" lon="126.685469"><time>2026-09-27T03:02:09.001Z</time><ele>11.91</ele></trkpt><trkpt lat="37.187939" lon="126.685727"><time>2026-09-27T03:02:10.001Z</time><ele>11.44</ele></trkpt><trkpt lat="37.187889" lon="126.685996"><time>2026-09-27T03:02:11.001Z</time><ele>12.06</ele></trkpt><trkpt lat="37.187853" lon="126.686277"><time>2026-09-27T03:02:12.001Z</time><ele>13.13</ele></trkpt><trkpt lat="37.187834" lon="126.686565"><time>2026-09-27T03:02:13.001Z</time><ele>13.27</ele></trkpt><trkpt lat="37.187827" lon="126.686855"><time>2026-09-27T03:02:14.000Z</time><ele>13.46</ele></trkpt><trkpt lat="37.187828" lon="126.687148"><time>2026-09-27T03:02:15.000Z</time><ele>13.74</ele></trkpt><trkpt lat="37.187849" lon="126.687441"><time>2026-09-27T03:02:16.000Z</time><ele>13.96</ele></trkpt><trkpt lat="37.187888" lon="126.687737"><time>2026-09-27T03:02:17.000Z</time><ele>14.45</ele></trkpt><trkpt lat="37.187941" lon="126.688033"><time>2026-09-27T03:02:18.000Z</time><ele>14.61</ele></trkpt><trkpt lat="37.188014" lon="126.68833"><time>2026-09-27T03:02:19.000Z</time><ele>14.63</ele></trkpt><trkpt lat="37.188099" lon="126.688625"><time>2026-09-27T03:02:20.000Z</time><ele>14.28</ele></trkpt><trkpt lat="37.188198" lon="126.688918"><time>2026-09-27T03:02:21.000Z</time><ele>14.52</ele></trkpt><trkpt lat="37.188306" lon="126.689214"><time>2026-09-27T03:02:22.000Z</time><ele>14.7</ele></trkpt><trkpt lat="37.18842" lon="126.689505"><time>2026-09-27T03:02:23.000Z</time><ele>14.96</ele></trkpt><trkpt lat="37.188527" lon="126.689795"><time>2026-09-27T03:02:24.000Z</time><ele>15.35</ele></trkpt><trkpt lat="37.188641" lon="126.690093"><time>2026-09-27T03:02:25.000Z</time><ele>15.82</ele></trkpt><trkpt lat="37.188758" lon="126.690401"><time>2026-09-27T03:02:26.000Z</time><ele>16.1</ele></trkpt><trkpt lat="37.188876" lon="126.690712"><time>2026-09-27T03:02:27.000Z</time><ele>16.22</ele></trkpt><trkpt lat="37.188992" lon="126.691021"><time>2026-09-27T03:02:28.000Z</time><ele>16.2</ele></trkpt><trkpt lat="37.189108" lon="126.691332"><time>2026-09-27T03:02:29.000Z</time><ele>16.34</ele></trkpt><trkpt lat="37.189228" lon="126.69164"><time>2026-09-27T03:02:30.000Z</time><ele>16.51</ele></trkpt><trkpt lat="37.189344" lon="126.69195"><time>2026-09-27T03:02:31.000Z</time><ele>17.26</ele></trkpt><trkpt lat="37.189461" lon="126.692258"><time>2026-09-27T03:02:32.000Z</time><ele>17.61</ele></trkpt><trkpt lat="37.189579" lon="126.692568"><time>2026-09-27T03:02:33.000Z</time><ele>18.52</ele></trkpt><trkpt lat="37.189698" lon="126.692879"><time>2026-09-27T03:02:34.000Z</time><ele>19.37</ele></trkpt><trkpt lat="37.189815" lon="126.69319"><time>2026-09-27T03:02:35.000Z</time><ele>20.28</ele></trkpt><trkpt lat="37.189933" lon="126.6935"><time>2026-09-27T03:02:36.000Z</time><ele>21.21</ele></trkpt><trkpt lat="37.190054" lon="126.693812"><time>2026-09-27T03:02:37.000Z</time><ele>22.13</ele></trkpt><trkpt lat="37.190173" lon="126.694122"><time>2026-09-27T03:02:38.000Z</time><ele>23.69</ele></trkpt><trkpt lat="37.190287" lon="126.694428"><time>2026-09-27T03:02:39.000Z</time><ele>25.1</ele></trkpt><trkpt lat="37.190403" lon="126.694735"><time>2026-09-27T03:02:40.000Z</time><ele>26.6</ele></trkpt><trkpt lat="37.190519" lon="126.695039"><time>2026-09-27T03:02:41.000Z</time><ele>27.34</ele></trkpt><trkpt lat="37.190628" lon="126.695334"><time>2026-09-27T03:02:42.000Z</time><ele>28.43</ele></trkpt><trkpt lat="37.19073" lon="126.695623"><time>2026-09-27T03:02:43.000Z</time><ele>29.31</ele></trkpt><trkpt lat="37.190826" lon="126.695908"><time>2026-09-27T03:02:44.000Z</time><ele>30.08</ele></trkpt><trkpt lat="37.190912" lon="126.696198"><time>2026-09-27T03:02:45.000Z</time><ele>31.05</ele></trkpt><trkpt lat="37.190988" lon="126.696493"><time>2026-09-27T03:02:46.000Z</time><ele>31.96</ele></trkpt><trkpt lat="37.19106" lon="126.69679"><time>2026-09-27T03:02:47.000Z</time><ele>32.74</ele></trkpt><trkpt lat="37.191121" lon="126.697089"><time>2026-09-27T03:02:48.000Z</time><ele>33.46</ele></trkpt><trkpt lat="37.191174" lon="126.697392"><time>2026-09-27T03:02:49.000Z</time><ele>34.63</ele></trkpt><trkpt lat="37.191217" lon="126.6977"><time>2026-09-27T03:02:50.000Z</time><ele>35.06</ele></trkpt><trkpt lat="37.191248" lon="126.698011"><time>2026-09-27T03:02:51.000Z</time><ele>35.7</ele></trkpt><trkpt lat="37.191274" lon="126.698326"><time>2026-09-27T03:02:52.000Z</time><ele>36.62</ele></trkpt><trkpt lat="37.191291" lon="126.698643"><time>2026-09-27T03:02:53.000Z</time><ele>37.51</ele></trkpt><trkpt lat="37.191297" lon="126.698964"><time>2026-09-27T03:02:54.000Z</time><ele>37.93</ele></trkpt><trkpt lat="37.191291" lon="126.699286"><time>2026-09-27T03:02:55.000Z</time><ele>38.68</ele></trkpt><trkpt lat="37.191272" lon="126.699608"><time>2026-09-27T03:02:56.000Z</time><ele>39.21</ele></trkpt><trkpt lat="37.19125" lon="126.699928"><time>2026-09-27T03:02:57.000Z</time><ele>39.9</ele></trkpt><trkpt lat="37.191219" lon="126.700248"><time>2026-09-27T03:02:58.000Z</time><ele>40.57</ele></trkpt><trkpt lat="37.191175" lon="126.700567"><time>2026-09-27T03:02:59.000Z</time><ele>41.08</ele></trkpt><trkpt lat="37.191121" lon="126.700881"><time>2026-09-27T03:03:00.000Z</time><ele>41.43</ele></trkpt><trkpt lat="37.191057" lon="126.701195"><time>2026-09-27T03:03:01.000Z</time><ele>42.47</ele></trkpt><trkpt lat="37.190984" lon="126.701505"><time>2026-09-27T03:03:02.000Z</time><ele>43.54</ele></trkpt><trkpt lat="37.19091" lon="126.70181"><time>2026-09-27T03:03:03.000Z</time><ele>44.3</ele></trkpt><trkpt lat="37.190836" lon="126.702113"><time>2026-09-27T03:03:04.001Z</time><ele>44.96</ele></trkpt><trkpt lat="37.190757" lon="126.702414"><time>2026-09-27T03:03:05.001Z</time><ele>45.21</ele></trkpt><trkpt lat="37.190667" lon="126.702713"><time>2026-09-27T03:03:06.001Z</time><ele>45.04</ele></trkpt><trkpt lat="37.190571" lon="126.703013"><time>2026-09-27T03:03:07.001Z</time><ele>45.21</ele></trkpt><trkpt lat="37.190472" lon="126.703316"><time>2026-09-27T03:03:08.001Z</time><ele>44.99</ele></trkpt><trkpt lat="37.190369" lon="126.703631"><time>2026-09-27T03:03:09.001Z</time><ele>44.49</ele></trkpt><trkpt lat="37.190267" lon="126.703951"><time>2026-09-27T03:03:10.001Z</time><ele>44.22</ele></trkpt><trkpt lat="37.19016" lon="126.704284"><time>2026-09-27T03:03:11.001Z</time><ele>44.07</ele></trkpt><trkpt lat="37.190053" lon="126.70463"><time>2026-09-27T03:03:12.012Z</time><ele>43.74</ele></trkpt><trkpt lat="37.189946" lon="126.704976"><time>2026-09-27T03:03:13.011Z</time><ele>43.56</ele></trkpt><trkpt lat="37.189839" lon="126.705325"><time>2026-09-27T03:03:14.015Z</time><ele>43.6</ele></trkpt><trkpt lat="37.18973" lon="126.705671"><time>2026-09-27T03:03:15.014Z</time><ele>43.31</ele></trkpt><trkpt lat="37.188319" lon="126.710159"><time>2026-09-27T03:03:28.001Z</time><ele>36.5</ele></trkpt><trkpt lat="37.188223" lon="126.71049"><time>2026-09-27T03:03:29.001Z</time><ele>36.5</ele></trkpt><trkpt lat="37.188073" lon="126.710871"><time>2026-09-27T03:03:30.001Z</time><ele>41.53</ele></trkpt><trkpt lat="37.188017" lon="126.7112"><time>2026-09-27T03:03:31.001Z</time><ele>40.69</ele></trkpt><trkpt lat="37.187984" lon="126.711525"><time>2026-09-27T03:03:32.001Z</time><ele>39.31</ele></trkpt><trkpt lat="37.187967" lon="126.711845"><time>2026-09-27T03:03:33.001Z</time><ele>39.3</ele></trkpt><trkpt lat="37.187969" lon="126.712147"><time>2026-09-27T03:03:34.001Z</time><ele>39.32</ele></trkpt><trkpt lat="37.187984" lon="126.712451"><time>2026-09-27T03:03:35.001Z</time><ele>39.61</ele></trkpt><trkpt lat="37.188018" lon="126.712754"><time>2026-09-27T03:03:36.001Z</time><ele>39.6</ele></trkpt><trkpt lat="37.188072" lon="126.713052"><time>2026-09-27T03:03:37.001Z</time><ele>39.35</ele></trkpt><trkpt lat="37.188138" lon="126.713352"><time>2026-09-27T03:03:38.001Z</time><ele>40.53</ele></trkpt><trkpt lat="37.18822" lon="126.713644"><time>2026-09-27T03:03:39.001Z</time><ele>41.12</ele></trkpt><trkpt lat="37.188321" lon="126.713919"><time>2026-09-27T03:03:40.001Z</time><ele>41.12</ele></trkpt><trkpt lat="37.188433" lon="126.714184"><time>2026-09-27T03:03:41.001Z</time><ele>41.32</ele></trkpt><trkpt lat="37.18856" lon="126.714437"><time>2026-09-27T03:03:42.001Z</time><ele>42.04</ele></trkpt><trkpt lat="37.1887" lon="126.714676"><time>2026-09-27T03:03:43.001Z</time><ele>42.63</ele></trkpt><trkpt lat="37.188845" lon="126.714902"><time>2026-09-27T03:03:44.001Z</time><ele>42.95</ele></trkpt><trkpt lat="37.189004" lon="126.715115"><time>2026-09-27T03:03:45.001Z</time><ele>43.6</ele></trkpt><trkpt lat="37.189171" lon="126.715317"><time>2026-09-27T03:03:46.001Z</time><ele>43.87</ele></trkpt><trkpt lat="37.189344" lon="126.715505"><time>2026-09-27T03:03:47.001Z</time><ele>44.78</ele></trkpt><trkpt lat="37.189527" lon="126.715677"><time>2026-09-27T03:03:48.001Z</time><ele>45.23</ele></trkpt><trkpt lat="37.189723" lon="126.715837"><time>2026-09-27T03:03:49.001Z</time><ele>46.31</ele></trkpt><trkpt lat="37.189928" lon="126.715987"><time>2026-09-27T03:03:50.001Z</time><ele>47.27</ele></trkpt><trkpt lat="37.190134" lon="126.71614"><time>2026-09-27T03:03:51.001Z</time><ele>47.72</ele></trkpt><trkpt lat="37.190346" lon="126.716283"><time>2026-09-27T03:03:52.001Z</time><ele>48.22</ele></trkpt><trkpt lat="37.190564" lon="126.716416"><time>2026-09-27T03:03:53.001Z</time><ele>48.87</ele></trkpt><trkpt lat="37.190788" lon="126.716555"><time>2026-09-27T03:03:54.001Z</time><ele>49.6</ele></trkpt><trkpt lat="37.191018" lon="126.716692"><time>2026-09-27T03:03:55.001Z</time><ele>50.18</ele></trkpt><trkpt lat="37.19125" lon="126.716832"><time>2026-09-27T03:03:56.001Z</time><ele>51.15</ele></trkpt><trkpt lat="37.191482" lon="126.716975"><time>2026-09-27T03:03:57.001Z</time><ele>52.1</ele></trkpt><trkpt lat="37.191718" lon="126.717121"><time>2026-09-27T03:03:58.001Z</time><ele>53.17</ele></trkpt><trkpt lat="37.191953" lon="126.717264"><time>2026-09-27T03:03:59.001Z</time><ele>54.01</ele></trkpt><trkpt lat="37.19219" lon="126.717405"><time>2026-09-27T03:04:00.001Z</time><ele>55.14</ele></trkpt><trkpt lat="37.192432" lon="126.717548"><time>2026-09-27T03:04:01.001Z</time><ele>56.17</ele></trkpt><trkpt lat="37.192673" lon="126.71769"><time>2026-09-27T03:04:02.001Z</time><ele>57.01</ele></trkpt><trkpt lat="37.192913" lon="126.717836"><time>2026-09-27T03:04:03.001Z</time><ele>58</ele></trkpt><trkpt lat="37.19315" lon="126.71798"><time>2026-09-27T03:04:04.001Z</time><ele>58.81</ele></trkpt><trkpt lat="37.193379" lon="126.71812"><time>2026-09-27T03:04:05.001Z</time><ele>58.93</ele></trkpt><trkpt lat="37.193602" lon="126.718259"><time>2026-09-27T03:04:06.001Z</time><ele>59.11</ele></trkpt><trkpt lat="37.193812" lon="126.718384"><time>2026-09-27T03:04:07.001Z</time><ele>59.69</ele></trkpt><trkpt lat="37.19532" lon="126.719332"><time>2026-09-27T03:04:15.002Z</time><ele>55.88</ele></trkpt><trkpt lat="37.195465" lon="126.719434"><time>2026-09-27T03:04:16.002Z</time><ele>55.34</ele></trkpt><trkpt lat="37.195601" lon="126.719526"><time>2026-09-27T03:04:17.002Z</time><ele>55.04</ele></trkpt><trkpt lat="37.195713" lon="126.719609"><time>2026-09-27T03:04:18.002Z</time><ele>53.88</ele></trkpt><trkpt lat="37.195818" lon="126.719694"><time>2026-09-27T03:04:19.002Z</time><ele>53.5</ele></trkpt><trkpt lat="37.195918" lon="126.719775"><time>2026-09-27T03:04:20.000Z</time><ele>52.54</ele></trkpt><trkpt lat="37.196012" lon="126.719849"><time>2026-09-27T03:04:21.000Z</time><ele>51.92</ele></trkpt><trkpt lat="37.196092" lon="126.719915"><time>2026-09-27T03:04:22.000Z</time><ele>51.61</ele></trkpt><trkpt lat="37.196167" lon="126.719976"><time>2026-09-27T03:04:23.000Z</time><ele>51.38</ele></trkpt><trkpt lat="37.196238" lon="126.720033"><time>2026-09-27T03:04:24.000Z</time><ele>51.16</ele></trkpt><trkpt lat="37.196302" lon="126.720086"><time>2026-09-27T03:04:25.000Z</time><ele>50.97</ele></trkpt><trkpt lat="37.196361" lon="126.720135"><time>2026-09-27T03:04:26.000Z</time><ele>50.43</ele></trkpt><trkpt lat="37.196404" lon="126.720172"><time>2026-09-27T03:04:27.000Z</time><ele>50.18</ele></trkpt><trkpt lat="37.196441" lon="126.720205"><time>2026-09-27T03:04:28.000Z</time><ele>50.19</ele></trkpt><trkpt lat="37.196492" lon="126.72025"><time>2026-09-27T03:04:30.000Z</time><ele>49.63</ele></trkpt><trkpt lat="37.196548" lon="126.720295"><time>2026-09-27T03:04:33.000Z</time><ele>49.8</ele></trkpt><trkpt lat="37.19663" lon="126.720366"><time>2026-09-27T03:04:35.000Z</time><ele>49.45</ele></trkpt><trkpt lat="37.196685" lon="126.720412"><time>2026-09-27T03:04:36.000Z</time><ele>49.27</ele></trkpt><trkpt lat="37.196747" lon="126.720473"><time>2026-09-27T03:04:37.000Z</time><ele>48.89</ele></trkpt><trkpt lat="37.196815" lon="126.720542"><time>2026-09-27T03:04:38.000Z</time><ele>48.58</ele></trkpt><trkpt lat="37.19689" lon="126.720615"><time>2026-09-27T03:04:39.000Z</time><ele>48.31</ele></trkpt><trkpt lat="37.196974" lon="126.720695"><time>2026-09-27T03:04:40.000Z</time><ele>47.79</ele></trkpt><trkpt lat="37.197059" lon="126.720773"><time>2026-09-27T03:04:41.000Z</time><ele>47.3</ele></trkpt><trkpt lat="37.197148" lon="126.720858"><time>2026-09-27T03:04:42.000Z</time><ele>47.21</ele></trkpt><trkpt lat="37.197243" lon="126.72095"><time>2026-09-27T03:04:43.000Z</time><ele>46.83</ele></trkpt><trkpt lat="37.197339" lon="126.721047"><time>2026-09-27T03:04:44.000Z</time><ele>46.12</ele></trkpt><trkpt lat="37.197432" lon="126.721143"><time>2026-09-27T03:04:45.000Z</time><ele>45.73</ele></trkpt><trkpt lat="37.197524" lon="126.721235"><time>2026-09-27T03:04:46.000Z</time><ele>45.13</ele></trkpt><trkpt lat="37.197611" lon="126.721316"><time>2026-09-27T03:04:47.000Z</time><ele>43.95</ele></trkpt><trkpt lat="37.197698" lon="126.721399"><time>2026-09-27T03:04:48.000Z</time><ele>43.8</ele></trkpt><trkpt lat="37.197788" lon="126.721481"><time>2026-09-27T03:04:49.000Z</time><ele>43.62</ele></trkpt><trkpt lat="37.197875" lon="126.721562"><time>2026-09-27T03:04:50.000Z</time><ele>43.6</ele></trkpt><trkpt lat="37.197948" lon="126.721627"><time>2026-09-27T03:04:51.000Z</time><ele>42.45</ele></trkpt><trkpt lat="37.198006" lon="126.72168"><time>2026-09-27T03:04:52.000Z</time><ele>42.36</ele></trkpt><trkpt lat="37.19806" lon="126.721729"><time>2026-09-27T03:04:53.000Z</time><ele>42.22</ele></trkpt><trkpt lat="37.198107" lon="126.721771"><time>2026-09-27T03:04:54.000Z</time><ele>41.84</ele></trkpt><trkpt lat="37.198152" lon="126.721811"><time>2026-09-27T03:04:55.000Z</time><ele>41.77</ele></trkpt><trkpt lat="37.198219" lon="126.721866"><time>2026-09-27T03:04:57.000Z</time><ele>41.47</ele></trkpt><trkpt lat="37.198284" lon="126.721921"><time>2026-09-27T03:04:59.000Z</time><ele>41.39</ele></trkpt><trkpt lat="37.198362" lon="126.721988"><time>2026-09-27T03:05:01.000Z</time><ele>40.81</ele></trkpt><trkpt lat="37.198416" lon="126.722028"><time>2026-09-27T03:05:02.000Z</time><ele>40.69</ele></trkpt><trkpt lat="37.198476" lon="126.722075"><time>2026-09-27T03:05:03.000Z</time><ele>40.21</ele></trkpt><trkpt lat="37.198538" lon="126.722122"><time>2026-09-27T03:05:04.000Z</time><ele>39.91</ele></trkpt><trkpt lat="37.198612" lon="126.722174"><time>2026-09-27T03:05:05.000Z</time><ele>39.76</ele></trkpt><trkpt lat="37.198692" lon="126.722228"><time>2026-09-27T03:05:06.000Z</time><ele>38.93</ele></trkpt><trkpt lat="37.198782" lon="126.722286"><time>2026-09-27T03:05:07.000Z</time><ele>39.29</ele></trkpt><trkpt lat="37.19888" lon="126.722352"><time>2026-09-27T03:05:08.001Z</time><ele>38.89</ele></trkpt><trkpt lat="37.198983" lon="126.722416"><time>2026-09-27T03:05:09.001Z</time><ele>38.68</ele></trkpt><trkpt lat="37.199093" lon="126.722493"><time>2026-09-27T03:05:10.001Z</time><ele>37.81</ele></trkpt><trkpt lat="37.199204" lon="126.72257"><time>2026-09-27T03:05:11.001Z</time><ele>37.51</ele></trkpt><trkpt lat="37.199322" lon="126.722643"><time>2026-09-27T03:05:12.001Z</time><ele>37.34</ele></trkpt><trkpt lat="37.199442" lon="126.722713"><time>2026-09-27T03:05:13.001Z</time><ele>36.77</ele></trkpt><trkpt lat="37.199575" lon="126.722787"><time>2026-09-27T03:05:14.001Z</time><ele>36.36</ele></trkpt><trkpt lat="37.199713" lon="126.722864"><time>2026-09-27T03:05:15.001Z</time><ele>36.06</ele></trkpt><trkpt lat="37.199857" lon="126.722937"><time>2026-09-27T03:05:16.001Z</time><ele>35.78</ele></trkpt><trkpt lat="37.200006" lon="126.723011"><time>2026-09-27T03:05:17.001Z</time><ele>35.22</ele></trkpt><trkpt lat="37.200147" lon="126.723085"><time>2026-09-27T03:05:18.001Z</time><ele>34.58</ele></trkpt><trkpt lat="37.200281" lon="126.723159"><time>2026-09-27T03:05:19.001Z</time><ele>33.88</ele></trkpt><trkpt lat="37.200415" lon="126.723238"><time>2026-09-27T03:05:20.001Z</time><ele>33.97</ele></trkpt><trkpt lat="37.200551" lon="126.723325"><time>2026-09-27T03:05:21.001Z</time><ele>33.88</ele></trkpt><trkpt lat="37.20069" lon="126.723405"><time>2026-09-27T03:05:22.001Z</time><ele>33.72</ele></trkpt><trkpt lat="37.200819" lon="126.723487"><time>2026-09-27T03:05:23.001Z</time><ele>33.62</ele></trkpt><trkpt lat="37.200944" lon="126.723564"><time>2026-09-27T03:05:24.001Z</time><ele>33.67</ele></trkpt><trkpt lat="37.201067" lon="126.723644"><time>2026-09-27T03:05:25.001Z</time><ele>33.8</ele></trkpt><trkpt lat="37.201194" lon="126.72373"><time>2026-09-27T03:05:26.001Z</time><ele>34.3</ele></trkpt><trkpt lat="37.201321" lon="126.72382"><time>2026-09-27T03:05:27.001Z</time><ele>34.33</ele></trkpt><trkpt lat="37.20145" lon="126.723911"><time>2026-09-27T03:05:28.001Z</time><ele>34.9</ele></trkpt><trkpt lat="37.201574" lon="126.723996"><time>2026-09-27T03:05:29.001Z</time><ele>35.81</ele></trkpt><trkpt lat="37.201691" lon="126.724082"><time>2026-09-27T03:05:30.001Z</time><ele>35.14</ele></trkpt><trkpt lat="37.201805" lon="126.724173"><time>2026-09-27T03:05:31.001Z</time><ele>34.66</ele></trkpt><trkpt lat="37.201923" lon="126.72426"><time>2026-09-27T03:05:32.001Z</time><ele>34.46</ele></trkpt><trkpt lat="37.202045" lon="126.724357"><time>2026-09-27T03:05:33.001Z</time><ele>34.8</ele></trkpt><trkpt lat="37.20217" lon="126.724453"><time>2026-09-27T03:05:34.001Z</time><ele>34.75</ele></trkpt><trkpt lat="37.202295" lon="126.724545"><time>2026-09-27T03:05:35.001Z</time><ele>35.06</ele></trkpt><trkpt lat="37.202422" lon="126.724641"><time>2026-09-27T03:05:36.001Z</time><ele>34.73</ele></trkpt><trkpt lat="37.202553" lon="126.724737"><time>2026-09-27T03:05:37.001Z</time><ele>34.47</ele></trkpt><trkpt lat="37.202674" lon="126.724826"><time>2026-09-27T03:05:38.001Z</time><ele>34.18</ele></trkpt><trkpt lat="37.202795" lon="126.724915"><time>2026-09-27T03:05:39.001Z</time><ele>33.99</ele></trkpt><trkpt lat="37.202916" lon="126.725006"><time>2026-09-27T03:05:40.001Z</time><ele>33.36</ele></trkpt><trkpt lat="37.20304" lon="126.725096"><time>2026-09-27T03:05:41.001Z</time><ele>33.14</ele></trkpt><trkpt lat="37.203168" lon="126.725192"><time>2026-09-27T03:05:42.001Z</time><ele>33.16</ele></trkpt><trkpt lat="37.203295" lon="126.725285"><time>2026-09-27T03:05:43.001Z</time><ele>33.15</ele></trkpt><trkpt lat="37.203428" lon="126.725381"><time>2026-09-27T03:05:44.001Z</time><ele>33.02</ele></trkpt><trkpt lat="37.20356" lon="126.725481"><time>2026-09-27T03:05:45.001Z</time><ele>32.96</ele></trkpt><trkpt lat="37.203689" lon="126.725579"><time>2026-09-27T03:05:46.001Z</time><ele>32.26</ele></trkpt><trkpt lat="37.203819" lon="126.725677"><time>2026-09-27T03:05:47.001Z</time><ele>32.08</ele></trkpt><trkpt lat="37.203954" lon="126.725779"><time>2026-09-27T03:05:48.001Z</time><ele>31.38</ele></trkpt><trkpt lat="37.20409" lon="126.725879"><time>2026-09-27T03:05:49.001Z</time><ele>31.17</ele></trkpt><trkpt lat="37.204224" lon="126.725975"><time>2026-09-27T03:05:50.001Z</time><ele>30.4</ele></trkpt><trkpt lat="37.20435" lon="126.726072"><time>2026-09-27T03:05:51.001Z</time><ele>30.07</ele></trkpt><trkpt lat="37.204473" lon="126.726165"><time>2026-09-27T03:05:52.001Z</time><ele>29.75</ele></trkpt><trkpt lat="37.204593" lon="126.726255"><time>2026-09-27T03:05:53.001Z</time><ele>28.93</ele></trkpt><trkpt lat="37.204716" lon="126.726346"><time>2026-09-27T03:05:54.001Z</time><ele>28.41</ele></trkpt><trkpt lat="37.204846" lon="126.726441"><time>2026-09-27T03:05:55.001Z</time><ele>28.07</ele></trkpt><trkpt lat="37.20498" lon="126.726541"><time>2026-09-27T03:05:56.001Z</time><ele>27.43</ele></trkpt><trkpt lat="37.205104" lon="126.726636"><time>2026-09-27T03:05:57.001Z</time><ele>27.32</ele></trkpt><trkpt lat="37.205225" lon="126.72673"><time>2026-09-27T03:05:58.001Z</time><ele>27.06</ele></trkpt><trkpt lat="37.205349" lon="126.726824"><time>2026-09-27T03:05:59.001Z</time><ele>26.6</ele></trkpt><trkpt lat="37.205479" lon="126.726925"><time>2026-09-27T03:06:00.001Z</time><ele>25.93</ele></trkpt><trkpt lat="37.205612" lon="126.727028"><time>2026-09-27T03:06:01.001Z</time><ele>25.45</ele></trkpt><trkpt lat="37.205746" lon="126.727141"><time>2026-09-27T03:06:02.001Z</time><ele>24.86</ele></trkpt><trkpt lat="37.205879" lon="126.727251"><time>2026-09-27T03:06:03.001Z</time><ele>24.74</ele></trkpt><trkpt lat="37.206012" lon="126.727361"><time>2026-09-27T03:06:04.001Z</time><ele>24.13</ele></trkpt><trkpt lat="37.206139" lon="126.727469"><time>2026-09-27T03:06:05.001Z</time><ele>23.86</ele></trkpt><trkpt lat="37.20626" lon="126.727575"><time>2026-09-27T03:06:06.001Z</time><ele>23.89</ele></trkpt><trkpt lat="37.206375" lon="126.72768"><time>2026-09-27T03:06:07.001Z</time><ele>23.12</ele></trkpt><trkpt lat="37.206486" lon="126.727782"><time>2026-09-27T03:06:08.001Z</time><ele>22.84</ele></trkpt><trkpt lat="37.206599" lon="126.727882"><time>2026-09-27T03:06:09.001Z</time><ele>22.63</ele></trkpt><trkpt lat="37.206714" lon="126.727983"><time>2026-09-27T03:06:10.001Z</time><ele>22.25</ele></trkpt><trkpt lat="37.206829" lon="126.728092"><time>2026-09-27T03:06:11.001Z</time><ele>21.91</ele></trkpt><trkpt lat="37.20695" lon="126.728204"><time>2026-09-27T03:06:12.001Z</time><ele>22.3</ele></trkpt><trkpt lat="37.207068" lon="126.728321"><time>2026-09-27T03:06:13.001Z</time><ele>21.94</ele></trkpt><trkpt lat="37.207187" lon="126.728447"><time>2026-09-27T03:06:14.001Z</time><ele>21.96</ele></trkpt><trkpt lat="37.207315" lon="126.728579"><time>2026-09-27T03:06:15.001Z</time><ele>22.06</ele></trkpt><trkpt lat="37.207445" lon="126.728716"><time>2026-09-27T03:06:16.001Z</time><ele>21.24</ele></trkpt><trkpt lat="37.207573" lon="126.72886"><time>2026-09-27T03:06:17.001Z</time><ele>20.88</ele></trkpt><trkpt lat="37.207708" lon="126.729005"><time>2026-09-27T03:06:18.001Z</time><ele>20.45</ele></trkpt><trkpt lat="37.207842" lon="126.729153"><time>2026-09-27T03:06:19.002Z</time><ele>20.05</ele></trkpt><trkpt lat="37.207972" lon="126.729293"><time>2026-09-27T03:06:20.002Z</time><ele>19.67</ele></trkpt><trkpt lat="37.208099" lon="126.729428"><time>2026-09-27T03:06:21.002Z</time><ele>19.34</ele></trkpt><trkpt lat="37.208228" lon="126.729567"><time>2026-09-27T03:06:22.002Z</time><ele>18.83</ele></trkpt><trkpt lat="37.208358" lon="126.72971"><time>2026-09-27T03:06:23.002Z</time><ele>18.71</ele></trkpt><trkpt lat="37.208495" lon="126.729852"><time>2026-09-27T03:06:24.002Z</time><ele>18.63</ele></trkpt><trkpt lat="37.208639" lon="126.73"><time>2026-09-27T03:06:25.002Z</time><ele>18.24</ele></trkpt><trkpt lat="37.208794" lon="126.730157"><time>2026-09-27T03:06:26.000Z</time><ele>17.43</ele></trkpt><trkpt lat="37.208945" lon="126.730321"><time>2026-09-27T03:06:27.000Z</time><ele>17.13</ele></trkpt><trkpt lat="37.209099" lon="126.730486"><time>2026-09-27T03:06:28.000Z</time><ele>16.9</ele></trkpt><trkpt lat="37.209248" lon="126.73065"><time>2026-09-27T03:06:29.000Z</time><ele>16.48</ele></trkpt><trkpt lat="37.209395" lon="126.730806"><time>2026-09-27T03:06:30.000Z</time><ele>16.13</ele></trkpt><trkpt lat="37.209532" lon="126.730954"><time>2026-09-27T03:06:31.000Z</time><ele>15.5</ele></trkpt><trkpt lat="37.209662" lon="126.731098"><time>2026-09-27T03:06:32.000Z</time><ele>15.21</ele></trkpt><trkpt lat="37.209788" lon="126.731237"><time>2026-09-27T03:06:33.000Z</time><ele>14.97</ele></trkpt><trkpt lat="37.209912" lon="126.73137"><time>2026-09-27T03:06:34.000Z</time><ele>14.85</ele></trkpt><trkpt lat="37.210039" lon="126.731508"><time>2026-09-27T03:06:35.000Z</time><ele>14.73</ele></trkpt><trkpt lat="37.210164" lon="126.731648"><time>2026-09-27T03:06:36.000Z</time><ele>14.52</ele></trkpt><trkpt lat="37.210291" lon="126.731788"><time>2026-09-27T03:06:37.000Z</time><ele>14.34</ele></trkpt><trkpt lat="37.210416" lon="126.731923"><time>2026-09-27T03:06:38.000Z</time><ele>13.94</ele></trkpt><trkpt lat="37.210539" lon="126.732063"><time>2026-09-27T03:06:39.000Z</time><ele>13.81</ele></trkpt><trkpt lat="37.210663" lon="126.732206"><time>2026-09-27T03:06:40.000Z</time><ele>13.54</ele></trkpt><trkpt lat="37.21078" lon="126.732346"><time>2026-09-27T03:06:41.000Z</time><ele>13.27</ele></trkpt><trkpt lat="37.210894" lon="126.732484"><time>2026-09-27T03:06:42.000Z</time><ele>11.97</ele></trkpt><trkpt lat="37.211" lon="126.732625"><time>2026-09-27T03:06:43.000Z</time><ele>12.83</ele></trkpt><trkpt lat="37.211097" lon="126.732756"><time>2026-09-27T03:06:44.000Z</time><ele>12.89</ele></trkpt><trkpt lat="37.211188" lon="126.732885"><time>2026-09-27T03:06:45.000Z</time><ele>12.77</ele></trkpt><trkpt lat="37.211278" lon="126.73302"><time>2026-09-27T03:06:46.000Z</time><ele>12.83</ele></trkpt><trkpt lat="37.211368" lon="126.733163"><time>2026-09-27T03:06:47.000Z</time><ele>13</ele></trkpt><trkpt lat="37.211452" lon="126.733312"><time>2026-09-27T03:06:48.000Z</time><ele>13.02</ele></trkpt><trkpt lat="37.211528" lon="126.733455"><time>2026-09-27T03:06:49.000Z</time><ele>13.25</ele></trkpt><trkpt lat="37.211598" lon="126.733592"><time>2026-09-27T03:06:50.000Z</time><ele>12.96</ele></trkpt><trkpt lat="37.211663" lon="126.733727"><time>2026-09-27T03:06:51.000Z</time><ele>13.25</ele></trkpt><trkpt lat="37.211726" lon="126.733862"><time>2026-09-27T03:06:52.000Z</time><ele>12.85</ele></trkpt><trkpt lat="37.211788" lon="126.734008"><time>2026-09-27T03:06:53.000Z</time><ele>12.97</ele></trkpt><trkpt lat="37.211842" lon="126.734149"><time>2026-09-27T03:06:54.000Z</time><ele>13.37</ele></trkpt><trkpt lat="37.211895" lon="126.734294"><time>2026-09-27T03:06:55.000Z</time><ele>13.76</ele></trkpt><trkpt lat="37.211947" lon="126.734443"><time>2026-09-27T03:06:56.000Z</time><ele>13.71</ele></trkpt><trkpt lat="37.211995" lon="126.734594"><time>2026-09-27T03:06:57.000Z</time><ele>13.98</ele></trkpt><trkpt lat="37.212043" lon="126.734752"><time>2026-09-27T03:06:58.000Z</time><ele>13.93</ele></trkpt><trkpt lat="37.212086" lon="126.734914"><time>2026-09-27T03:06:59.000Z</time><ele>13.54</ele></trkpt><trkpt lat="37.212131" lon="126.735078"><time>2026-09-27T03:07:00.000Z</time><ele>13.21</ele></trkpt><trkpt lat="37.21217" lon="126.735245"><time>2026-09-27T03:07:01.000Z</time><ele>13.13</ele></trkpt><trkpt lat="37.212204" lon="126.73541"><time>2026-09-27T03:07:02.000Z</time><ele>12.44</ele></trkpt><trkpt lat="37.212232" lon="126.735582"><time>2026-09-27T03:07:03.000Z</time><ele>12.89</ele></trkpt><trkpt lat="37.212254" lon="126.735756"><time>2026-09-27T03:07:04.000Z</time><ele>13.21</ele></trkpt><trkpt lat="37.212278" lon="126.735922"><time>2026-09-27T03:07:05.000Z</time><ele>13.14</ele></trkpt><trkpt lat="37.212299" lon="126.736088"><time>2026-09-27T03:07:06.000Z</time><ele>13.49</ele></trkpt><trkpt lat="37.212317" lon="126.736263"><time>2026-09-27T03:07:07.000Z</time><ele>13.51</ele></trkpt><trkpt lat="37.212328" lon="126.736444"><time>2026-09-27T03:07:08.000Z</time><ele>13.4</ele></trkpt><trkpt lat="37.212336" lon="126.736629"><time>2026-09-27T03:07:09.000Z</time><ele>13.29</ele></trkpt><trkpt lat="37.212338" lon="126.73681"><time>2026-09-27T03:07:10.000Z</time><ele>12.89</ele></trkpt><trkpt lat="37.212335" lon="126.736992"><time>2026-09-27T03:07:11.000Z</time><ele>13.11</ele></trkpt><trkpt lat="37.212326" lon="126.73717"><time>2026-09-27T03:07:12.000Z</time><ele>13.54</ele></trkpt><trkpt lat="37.21232" lon="126.737346"><time>2026-09-27T03:07:13.000Z</time><ele>13.76</ele></trkpt><trkpt lat="37.212309" lon="126.737515"><time>2026-09-27T03:07:14.001Z</time><ele>13.77</ele></trkpt><trkpt lat="37.212297" lon="126.737683"><time>2026-09-27T03:07:15.001Z</time><ele>13.96</ele></trkpt><trkpt lat="37.212281" lon="126.73784"><time>2026-09-27T03:07:16.001Z</time><ele>13.88</ele></trkpt><trkpt lat="37.212263" lon="126.737989"><time>2026-09-27T03:07:17.001Z</time><ele>13.95</ele></trkpt><trkpt lat="37.212245" lon="126.73813"><time>2026-09-27T03:07:18.001Z</time><ele>13.66</ele></trkpt><trkpt lat="37.212229" lon="126.738272"><time>2026-09-27T03:07:19.001Z</time><ele>13.43</ele></trkpt><trkpt lat="37.212208" lon="126.738422"><time>2026-09-27T03:07:20.001Z</time><ele>13.47</ele></trkpt><trkpt lat="37.212189" lon="126.738578"><time>2026-09-27T03:07:21.001Z</time><ele>13.64</ele></trkpt><trkpt lat="37.21217" lon="126.738732"><time>2026-09-27T03:07:22.001Z</time><ele>13.46</ele></trkpt><trkpt lat="37.21215" lon="126.738893"><time>2026-09-27T03:07:23.001Z</time><ele>14.08</ele></trkpt><trkpt lat="37.212133" lon="126.739046"><time>2026-09-27T03:07:24.001Z</time><ele>14.14</ele></trkpt><trkpt lat="37.212118" lon="126.739202"><time>2026-09-27T03:07:25.001Z</time><ele>14.45</ele></trkpt><trkpt lat="37.2121" lon="126.739358"><time>2026-09-27T03:07:26.001Z</time><ele>14.38</ele></trkpt><trkpt lat="37.212085" lon="126.739509"><time>2026-09-27T03:07:27.001Z</time><ele>14.48</ele></trkpt><trkpt lat="37.212067" lon="126.739654"><time>2026-09-27T03:07:28.001Z</time><ele>15.09</ele></trkpt><trkpt lat="37.21205" lon="126.739796"><time>2026-09-27T03:07:29.001Z</time><ele>14.98</ele></trkpt><trkpt lat="37.212033" lon="126.739935"><time>2026-09-27T03:07:30.001Z</time><ele>14.79</ele></trkpt><trkpt lat="37.212018" lon="126.740079"><time>2026-09-27T03:07:31.001Z</time><ele>14.84</ele></trkpt><trkpt lat="37.212002" lon="126.740225"><time>2026-09-27T03:07:32.001Z</time><ele>14.59</ele></trkpt><trkpt lat="37.211984" lon="126.740378"><time>2026-09-27T03:07:33.001Z</time><ele>14.33</ele></trkpt><trkpt lat="37.211969" lon="126.740528"><time>2026-09-27T03:07:34.001Z</time><ele>14.39</ele></trkpt><trkpt lat="37.211951" lon="126.740679"><time>2026-09-27T03:07:35.001Z</time><ele>14.19</ele></trkpt><trkpt lat="37.211934" lon="126.740822"><time>2026-09-27T03:07:36.001Z</time><ele>14.13</ele></trkpt><trkpt lat="37.211916" lon="126.74097"><time>2026-09-27T03:07:37.001Z</time><ele>14.37</ele></trkpt><trkpt lat="37.2119" lon="126.741124"><time>2026-09-27T03:07:38.001Z</time><ele>13.98</ele></trkpt><trkpt lat="37.211881" lon="126.741285"><time>2026-09-27T03:07:39.001Z</time><ele>14.26</ele></trkpt><trkpt lat="37.211864" lon="126.74144"><time>2026-09-27T03:07:40.001Z</time><ele>13.88</ele></trkpt><trkpt lat="37.211846" lon="126.741604"><time>2026-09-27T03:07:41.001Z</time><ele>13.78</ele></trkpt><trkpt lat="37.211821" lon="126.741774"><time>2026-09-27T03:07:42.001Z</time><ele>14.42</ele></trkpt><trkpt lat="37.211797" lon="126.741939"><time>2026-09-27T03:07:43.001Z</time><ele>14.68</ele></trkpt><trkpt lat="37.211784" lon="126.742113"><time>2026-09-27T03:07:44.001Z</time><ele>14.06</ele></trkpt><trkpt lat="37.211767" lon="126.742288"><time>2026-09-27T03:07:45.001Z</time><ele>14.11</ele></trkpt><trkpt lat="37.211738" lon="126.742457"><time>2026-09-27T03:07:46.001Z</time><ele>14.25</ele></trkpt><trkpt lat="37.21172" lon="126.742632"><time>2026-09-27T03:07:47.001Z</time><ele>14.34</ele></trkpt><trkpt lat="37.211702" lon="126.742809"><time>2026-09-27T03:07:48.001Z</time><ele>14.31</ele></trkpt><trkpt lat="37.211683" lon="126.74298"><time>2026-09-27T03:07:49.001Z</time><ele>14.54</ele></trkpt><trkpt lat="37.211664" lon="126.743158"><time>2026-09-27T03:07:50.001Z</time><ele>14.39</ele></trkpt><trkpt lat="37.211643" lon="126.743341"><time>2026-09-27T03:07:51.001Z</time><ele>14.52</ele></trkpt><trkpt lat="37.211623" lon="126.74353"><time>2026-09-27T03:07:52.001Z</time><ele>14.25</ele></trkpt><trkpt lat="37.2116" lon="126.743719"><time>2026-09-27T03:07:53.001Z</time><ele>14.71</ele></trkpt><trkpt lat="37.211575" lon="126.743908"><time>2026-09-27T03:07:54.001Z</time><ele>14.66</ele></trkpt><trkpt lat="37.211554" lon="126.744105"><time>2026-09-27T03:07:55.001Z</time><ele>14.55</ele></trkpt><trkpt lat="37.211529" lon="126.74431"><time>2026-09-27T03:07:56.001Z</time><ele>14.66</ele></trkpt><trkpt lat="37.211505" lon="126.744517"><time>2026-09-27T03:07:57.001Z</time><ele>14.84</ele></trkpt><trkpt lat="37.211481" lon="126.744727"><time>2026-09-27T03:07:58.001Z</time><ele>14.65</ele></trkpt><trkpt lat="37.211454" lon="126.74494"><time>2026-09-27T03:07:59.001Z</time><ele>14.34</ele></trkpt><trkpt lat="37.211429" lon="126.745163"><time>2026-09-27T03:08:00.001Z</time><ele>14.06</ele></trkpt><trkpt lat="37.211401" lon="126.74539"><time>2026-09-27T03:08:01.001Z</time><ele>14.24</ele></trkpt><trkpt lat="37.211376" lon="126.745624"><time>2026-09-27T03:08:02.001Z</time><ele>14.16</ele></trkpt><trkpt lat="37.21135" lon="126.745861"><time>2026-09-27T03:08:03.001Z</time><ele>14.59</ele></trkpt><trkpt lat="37.211324" lon="126.746094"><time>2026-09-27T03:08:04.001Z</time><ele>15.29</ele></trkpt><trkpt lat="37.211297" lon="126.746308"><time>2026-09-27T03:08:05.001Z</time><ele>15.32</ele></trkpt><trkpt lat="37.21127" lon="126.746513"><time>2026-09-27T03:08:06.001Z</time><ele>16.18</ele></trkpt><trkpt lat="37.21124" lon="126.746709"><time>2026-09-27T03:08:07.001Z</time><ele>16.65</ele></trkpt><trkpt lat="37.211208" lon="126.746908"><time>2026-09-27T03:08:08.001Z</time><ele>16.62</ele></trkpt><trkpt lat="37.211182" lon="126.747095"><time>2026-09-27T03:08:09.001Z</time><ele>16.49</ele></trkpt><trkpt lat="37.211163" lon="126.747265"><time>2026-09-27T03:08:10.001Z</time><ele>17.35</ele></trkpt><trkpt lat="37.211149" lon="126.747402"><time>2026-09-27T03:08:11.001Z</time><ele>18.31</ele></trkpt><trkpt lat="37.211138" lon="126.747508"><time>2026-09-27T03:08:12.001Z</time><ele>19.29</ele></trkpt><trkpt lat="37.211131" lon="126.74759"><time>2026-09-27T03:08:13.001Z</time><ele>19.5</ele></trkpt><trkpt lat="37.211146" lon="126.747656"><time>2026-09-27T03:08:15.001Z</time><ele>19.68</ele></trkpt><trkpt lat="37.21113" lon="126.747766"><time>2026-09-27T03:08:52.000Z</time><ele>20.55</ele></trkpt><trkpt lat="37.21112" lon="126.747855"><time>2026-09-27T03:08:53.000Z</time><ele>20.78</ele></trkpt><trkpt lat="37.211112" lon="126.74797"><time>2026-09-27T03:08:54.000Z</time><ele>20.54</ele></trkpt><trkpt lat="37.211107" lon="126.748121"><time>2026-09-27T03:08:55.000Z</time><ele>20.45</ele></trkpt><trkpt lat="37.211099" lon="126.74829"><time>2026-09-27T03:08:56.000Z</time><ele>20.35</ele></trkpt><trkpt lat="37.211124" lon="126.748483"><time>2026-09-27T03:08:57.000Z</time><ele>20.25</ele></trkpt><trkpt lat="37.211125" lon="126.748694"><time>2026-09-27T03:08:58.000Z</time><ele>20.29</ele></trkpt><trkpt lat="37.211126" lon="126.748923"><time>2026-09-27T03:08:59.000Z</time><ele>20.68</ele></trkpt><trkpt lat="37.211128" lon="126.749165"><time>2026-09-27T03:09:00.000Z</time><ele>20.87</ele></trkpt><trkpt lat="37.211129" lon="126.749414"><time>2026-09-27T03:09:01.000Z</time><ele>20.99</ele></trkpt><trkpt lat="37.211135" lon="126.749663"><time>2026-09-27T03:09:02.000Z</time><ele>20.09</ele></trkpt><trkpt lat="37.211124" lon="126.749922"><time>2026-09-27T03:09:03.000Z</time><ele>20.14</ele></trkpt><trkpt lat="37.211137" lon="126.75018"><time>2026-09-27T03:09:04.000Z</time><ele>20.42</ele></trkpt><trkpt lat="37.211153" lon="126.750436"><time>2026-09-27T03:09:05.000Z</time><ele>20.81</ele></trkpt><trkpt lat="37.211169" lon="126.75069"><time>2026-09-27T03:09:06.000Z</time><ele>21.37</ele></trkpt><trkpt lat="37.21119" lon="126.750948"><time>2026-09-27T03:09:07.000Z</time><ele>21.13</ele></trkpt><trkpt lat="37.211216" lon="126.751213"><time>2026-09-27T03:09:08.000Z</time><ele>21.76</ele></trkpt><trkpt lat="37.211242" lon="126.751478"><time>2026-09-27T03:09:09.000Z</time><ele>22.23</ele></trkpt><trkpt lat="37.211266" lon="126.751743"><time>2026-09-27T03:09:10.000Z</time><ele>21.98</ele></trkpt><trkpt lat="37.211289" lon="126.75201"><time>2026-09-27T03:09:11.000Z</time><ele>22.16</ele></trkpt><trkpt lat="37.211311" lon="126.752272"><time>2026-09-27T03:09:12.000Z</time><ele>22.29</ele></trkpt><trkpt lat="37.211334" lon="126.752529"><time>2026-09-27T03:09:13.000Z</time><ele>22.53</ele></trkpt><trkpt lat="37.211355" lon="126.752786"><time>2026-09-27T03:09:14.000Z</time><ele>22.62</ele></trkpt><trkpt lat="37.211378" lon="126.753045"><time>2026-09-27T03:09:15.000Z</time><ele>21.85</ele></trkpt><trkpt lat="37.211401" lon="126.753313"><time>2026-09-27T03:09:16.000Z</time><ele>21.19</ele></trkpt><trkpt lat="37.211431" lon="126.753587"><time>2026-09-27T03:09:17.000Z</time><ele>20.91</ele></trkpt><trkpt lat="37.211471" lon="126.753871"><time>2026-09-27T03:09:18.000Z</time><ele>19.92</ele></trkpt><trkpt lat="37.211498" lon="126.754164"><time>2026-09-27T03:09:19.000Z</time><ele>19.35</ele></trkpt><trkpt lat="37.211517" lon="126.754451"><time>2026-09-27T03:09:20.000Z</time><ele>18.41</ele></trkpt><trkpt lat="37.21154" lon="126.754738"><time>2026-09-27T03:09:21.001Z</time><ele>18.34</ele></trkpt><trkpt lat="37.211565" lon="126.755022"><time>2026-09-27T03:09:22.001Z</time><ele>17.99</ele></trkpt><trkpt lat="37.211587" lon="126.755307"><time>2026-09-27T03:09:23.001Z</time><ele>17.9</ele></trkpt><trkpt lat="37.211611" lon="126.75559"><time>2026-09-27T03:09:24.001Z</time><ele>18.13</ele></trkpt><trkpt lat="37.211628" lon="126.755871"><time>2026-09-27T03:09:25.001Z</time><ele>18.72</ele></trkpt><trkpt lat="37.211649" lon="126.756146"><time>2026-09-27T03:09:26.001Z</time><ele>18.42</ele></trkpt><trkpt lat="37.211667" lon="126.756417"><time>2026-09-27T03:09:27.001Z</time><ele>18.9</ele></trkpt><trkpt lat="37.21168" lon="126.756672"><time>2026-09-27T03:09:28.001Z</time><ele>18.76</ele></trkpt><trkpt lat="37.211683" lon="126.756925"><time>2026-09-27T03:09:29.001Z</time><ele>18.51</ele></trkpt><trkpt lat="37.211672" lon="126.757172"><time>2026-09-27T03:09:30.001Z</time><ele>18.33</ele></trkpt><trkpt lat="37.211655" lon="126.757411"><time>2026-09-27T03:09:31.001Z</time><ele>17.65</ele></trkpt><trkpt lat="37.211628" lon="126.757645"><time>2026-09-27T03:09:32.001Z</time><ele>17.84</ele></trkpt><trkpt lat="37.211603" lon="126.757878"><time>2026-09-27T03:09:33.001Z</time><ele>18.28</ele></trkpt><trkpt lat="37.211572" lon="126.758113"><time>2026-09-27T03:09:34.001Z</time><ele>18.95</ele></trkpt><trkpt lat="37.211529" lon="126.758336"><time>2026-09-27T03:09:35.001Z</time><ele>18.28</ele></trkpt><trkpt lat="37.211474" lon="126.758545"><time>2026-09-27T03:09:36.001Z</time><ele>17.85</ele></trkpt><trkpt lat="37.211415" lon="126.758739"><time>2026-09-27T03:09:37.001Z</time><ele>17.13</ele></trkpt><trkpt lat="37.211355" lon="126.758925"><time>2026-09-27T03:09:38.001Z</time><ele>16.52</ele></trkpt><trkpt lat="37.211292" lon="126.759111"><time>2026-09-27T03:09:39.001Z</time><ele>16.41</ele></trkpt><trkpt lat="37.211228" lon="126.75929"><time>2026-09-27T03:09:40.001Z</time><ele>15.66</ele></trkpt><trkpt lat="37.211157" lon="126.759466"><time>2026-09-27T03:09:41.001Z</time><ele>15.22</ele></trkpt><trkpt lat="37.21108" lon="126.759635"><time>2026-09-27T03:09:42.001Z</time><ele>14.76</ele></trkpt><trkpt lat="37.211003" lon="126.759791"><time>2026-09-27T03:09:43.001Z</time><ele>14.47</ele></trkpt><trkpt lat="37.210925" lon="126.759952"><time>2026-09-27T03:09:44.001Z</time><ele>14.13</ele></trkpt><trkpt lat="37.210846" lon="126.760113"><time>2026-09-27T03:09:45.001Z</time><ele>13.39</ele></trkpt><trkpt lat="37.210761" lon="126.760289"><time>2026-09-27T03:09:46.001Z</time><ele>13.09</ele></trkpt><trkpt lat="37.210678" lon="126.760456"><time>2026-09-27T03:09:47.001Z</time><ele>13.5</ele></trkpt><trkpt lat="37.210595" lon="126.760621"><time>2026-09-27T03:09:48.001Z</time><ele>12.9</ele></trkpt><trkpt lat="37.210513" lon="126.760787"><time>2026-09-27T03:09:49.001Z</time><ele>12.15</ele></trkpt><trkpt lat="37.210422" lon="126.760968"><time>2026-09-27T03:09:50.001Z</time><ele>12.12</ele></trkpt><trkpt lat="37.21033" lon="126.761143"><time>2026-09-27T03:09:51.001Z</time><ele>10.7</ele></trkpt><trkpt lat="37.210242" lon="126.761314"><time>2026-09-27T03:09:52.001Z</time><ele>10.78</ele></trkpt><trkpt lat="37.210154" lon="126.761491"><time>2026-09-27T03:09:53.001Z</time><ele>11.24</ele></trkpt><trkpt lat="37.210067" lon="126.76166"><time>2026-09-27T03:09:54.001Z</time><ele>11.81</ele></trkpt><trkpt lat="37.209981" lon="126.761826"><time>2026-09-27T03:09:55.001Z</time><ele>11.63</ele></trkpt><trkpt lat="37.209897" lon="126.761989"><time>2026-09-27T03:09:56.001Z</time><ele>10.61</ele></trkpt><trkpt lat="37.209811" lon="126.762159"><time>2026-09-27T03:09:57.001Z</time><ele>10.54</ele></trkpt><trkpt lat="37.209723" lon="126.762324"><time>2026-09-27T03:09:58.001Z</time><ele>10.64</ele></trkpt><trkpt lat="37.209637" lon="126.762501"><time>2026-09-27T03:09:59.001Z</time><ele>10.69</ele></trkpt><trkpt lat="37.209548" lon="126.762669"><time>2026-09-27T03:10:00.001Z</time><ele>10.19</ele></trkpt><trkpt lat="37.209464" lon="126.762832"><time>2026-09-27T03:10:01.001Z</time><ele>10.23</ele></trkpt><trkpt lat="37.209383" lon="126.762991"><time>2026-09-27T03:10:02.001Z</time><ele>10.04</ele></trkpt><trkpt lat="37.209295" lon="126.763158"><time>2026-09-27T03:10:03.001Z</time><ele>10.62</ele></trkpt><trkpt lat="37.209207" lon="126.763321"><time>2026-09-27T03:10:04.001Z</time><ele>11.55</ele></trkpt><trkpt lat="37.209118" lon="126.763496"><time>2026-09-27T03:10:05.001Z</time><ele>11.99</ele></trkpt><trkpt lat="37.209027" lon="126.763679"><time>2026-09-27T03:10:06.001Z</time><ele>12.7</ele></trkpt><trkpt lat="37.208941" lon="126.763862"><time>2026-09-27T03:10:07.001Z</time><ele>12.68</ele></trkpt><trkpt lat="37.208851" lon="126.764041"><time>2026-09-27T03:10:08.001Z</time><ele>13.28</ele></trkpt><trkpt lat="37.208766" lon="126.764213"><time>2026-09-27T03:10:09.001Z</time><ele>13.16</ele></trkpt><trkpt lat="37.208684" lon="126.764392"><time>2026-09-27T03:10:10.001Z</time><ele>13.27</ele></trkpt><trkpt lat="37.208609" lon="126.764579"><time>2026-09-27T03:10:11.001Z</time><ele>13.79</ele></trkpt><trkpt lat="37.208531" lon="126.764771"><time>2026-09-27T03:10:12.001Z</time><ele>13.85</ele></trkpt><trkpt lat="37.208463" lon="126.764961"><time>2026-09-27T03:10:13.001Z</time><ele>13.94</ele></trkpt><trkpt lat="37.208397" lon="126.76515"><time>2026-09-27T03:10:14.001Z</time><ele>13.34</ele></trkpt><trkpt lat="37.208337" lon="126.765332"><time>2026-09-27T03:10:15.001Z</time><ele>13.21</ele></trkpt><trkpt lat="37.208276" lon="126.765519"><time>2026-09-27T03:10:16.001Z</time><ele>12.83</ele></trkpt><trkpt lat="37.20822" lon="126.765702"><time>2026-09-27T03:10:17.001Z</time><ele>12.76</ele></trkpt><trkpt lat="37.208165" lon="126.765885"><time>2026-09-27T03:10:18.001Z</time><ele>12.95</ele></trkpt><trkpt lat="37.208115" lon="126.766071"><time>2026-09-27T03:10:19.001Z</time><ele>12.82</ele></trkpt><trkpt lat="37.208057" lon="126.766261"><time>2026-09-27T03:10:20.001Z</time><ele>12.75</ele></trkpt><trkpt lat="37.207987" lon="126.766472"><time>2026-09-27T03:10:21.001Z</time><ele>12.62</ele></trkpt><trkpt lat="37.20794" lon="126.766708"><time>2026-09-27T03:10:22.001Z</time><ele>11.44</ele></trkpt><trkpt lat="37.207896" lon="126.766969"><time>2026-09-27T03:10:23.001Z</time><ele>11.42</ele></trkpt><trkpt lat="37.207858" lon="126.767233"><time>2026-09-27T03:10:24.001Z</time><ele>10.71</ele></trkpt><trkpt lat="37.207818" lon="126.76749"><time>2026-09-27T03:10:25.001Z</time><ele>10.09</ele></trkpt><trkpt lat="37.20778" lon="126.767749"><time>2026-09-27T03:10:26.001Z</time><ele>9.99</ele></trkpt><trkpt lat="37.207739" lon="126.768011"><time>2026-09-27T03:10:27.001Z</time><ele>9.62</ele></trkpt><trkpt lat="37.207701" lon="126.768275"><time>2026-09-27T03:10:28.001Z</time><ele>9.25</ele></trkpt><trkpt lat="37.207659" lon="126.768541"><time>2026-09-27T03:10:29.001Z</time><ele>8.79</ele></trkpt><trkpt lat="37.207615" lon="126.768797"><time>2026-09-27T03:10:30.001Z</time><ele>9.09</ele></trkpt><trkpt lat="37.207577" lon="126.769043"><time>2026-09-27T03:10:31.001Z</time><ele>9.45</ele></trkpt><trkpt lat="37.207547" lon="126.769298"><time>2026-09-27T03:10:32.002Z</time><ele>9.85</ele></trkpt><trkpt lat="37.207523" lon="126.769563"><time>2026-09-27T03:10:33.002Z</time><ele>9.58</ele></trkpt><trkpt lat="37.207476" lon="126.769823"><time>2026-09-27T03:10:34.002Z</time><ele>10.67</ele></trkpt><trkpt lat="37.207433" lon="126.770076"><time>2026-09-27T03:10:35.002Z</time><ele>10.63</ele></trkpt><trkpt lat="37.207394" lon="126.770329"><time>2026-09-27T03:10:36.002Z</time><ele>10.85</ele></trkpt><trkpt lat="37.207355" lon="126.770576"><time>2026-09-27T03:10:37.002Z</time><ele>10.63</ele></trkpt><trkpt lat="37.207313" lon="126.770825"><time>2026-09-27T03:10:38.000Z</time><ele>11.79</ele></trkpt><trkpt lat="37.207277" lon="126.771068"><time>2026-09-27T03:10:39.000Z</time><ele>11.63</ele></trkpt><trkpt lat="37.207239" lon="126.771314"><time>2026-09-27T03:10:40.000Z</time><ele>11.63</ele></trkpt><trkpt lat="37.207205" lon="126.771563"><time>2026-09-27T03:10:41.000Z</time><ele>11.85</ele></trkpt><trkpt lat="37.207173" lon="126.771807"><time>2026-09-27T03:10:42.000Z</time><ele>12.55</ele></trkpt><trkpt lat="37.207146" lon="126.772046"><time>2026-09-27T03:10:43.000Z</time><ele>12.38</ele></trkpt><trkpt lat="37.207114" lon="126.772281"><time>2026-09-27T03:10:44.000Z</time><ele>12.88</ele></trkpt><trkpt lat="37.207085" lon="126.772512"><time>2026-09-27T03:10:45.000Z</time><ele>12.64</ele></trkpt><trkpt lat="37.207063" lon="126.772753"><time>2026-09-27T03:10:46.000Z</time><ele>12.31</ele></trkpt><trkpt lat="37.207046" lon="126.773004"><time>2026-09-27T03:10:47.000Z</time><ele>12.35</ele></trkpt><trkpt lat="37.207028" lon="126.773248"><time>2026-09-27T03:10:48.000Z</time><ele>12.46</ele></trkpt><trkpt lat="37.207014" lon="126.773477"><time>2026-09-27T03:10:49.000Z</time><ele>12.52</ele></trkpt><trkpt lat="37.207001" lon="126.773702"><time>2026-09-27T03:10:50.000Z</time><ele>12.66</ele></trkpt><trkpt lat="37.206993" lon="126.773928"><time>2026-09-27T03:10:51.000Z</time><ele>12.3</ele></trkpt><trkpt lat="37.206989" lon="126.774138"><time>2026-09-27T03:10:52.000Z</time><ele>12.07</ele></trkpt><trkpt lat="37.206982" lon="126.774357"><time>2026-09-27T03:10:53.000Z</time><ele>11.82</ele></trkpt><trkpt lat="37.206971" lon="126.774585"><time>2026-09-27T03:10:54.000Z</time><ele>12.07</ele></trkpt><trkpt lat="37.206965" lon="126.774824"><time>2026-09-27T03:10:55.000Z</time><ele>12.02</ele></trkpt><trkpt lat="37.206958" lon="126.775071"><time>2026-09-27T03:10:56.000Z</time><ele>12.51</ele></trkpt><trkpt lat="37.206952" lon="126.775327"><time>2026-09-27T03:10:57.000Z</time><ele>12.46</ele></trkpt><trkpt lat="37.206939" lon="126.775591"><time>2026-09-27T03:10:58.000Z</time><ele>12.38</ele></trkpt><trkpt lat="37.206918" lon="126.775861"><time>2026-09-27T03:10:59.000Z</time><ele>13.01</ele></trkpt><trkpt lat="37.206899" lon="126.776133"><time>2026-09-27T03:11:00.000Z</time><ele>13.12</ele></trkpt><trkpt lat="37.206878" lon="126.776398"><time>2026-09-27T03:11:01.000Z</time><ele>13.61</ele></trkpt><trkpt lat="37.206856" lon="126.776654"><time>2026-09-27T03:11:02.000Z</time><ele>13.58</ele></trkpt><trkpt lat="37.206835" lon="126.776905"><time>2026-09-27T03:11:03.000Z</time><ele>13.75</ele></trkpt><trkpt lat="37.20681" lon="126.777148"><time>2026-09-27T03:11:04.000Z</time><ele>13.88</ele></trkpt><trkpt lat="37.206783" lon="126.777377"><time>2026-09-27T03:11:05.000Z</time><ele>13.56</ele></trkpt><trkpt lat="37.206758" lon="126.777605"><time>2026-09-27T03:11:06.000Z</time><ele>13.24</ele></trkpt><trkpt lat="37.206725" lon="126.777843"><time>2026-09-27T03:11:07.000Z</time><ele>13.26</ele></trkpt><trkpt lat="37.20669" lon="126.778081"><time>2026-09-27T03:11:08.000Z</time><ele>13.33</ele></trkpt><trkpt lat="37.206658" lon="126.778321"><time>2026-09-27T03:11:09.000Z</time><ele>13.23</ele></trkpt><trkpt lat="37.206622" lon="126.77856"><time>2026-09-27T03:11:10.000Z</time><ele>13.28</ele></trkpt><trkpt lat="37.206586" lon="126.778796"><time>2026-09-27T03:11:11.000Z</time><ele>13.17</ele></trkpt><trkpt lat="37.206544" lon="126.779038"><time>2026-09-27T03:11:12.000Z</time><ele>13.62</ele></trkpt><trkpt lat="37.206503" lon="126.779288"><time>2026-09-27T03:11:13.000Z</time><ele>13.96</ele></trkpt><trkpt lat="37.206462" lon="126.779527"><time>2026-09-27T03:11:14.000Z</time><ele>14.26</ele></trkpt><trkpt lat="37.206426" lon="126.779746"><time>2026-09-27T03:11:15.000Z</time><ele>14.18</ele></trkpt><trkpt lat="37.206388" lon="126.779959"><time>2026-09-27T03:11:16.000Z</time><ele>14.53</ele></trkpt><trkpt lat="37.206351" lon="126.780174"><time>2026-09-27T03:11:17.000Z</time><ele>14.12</ele></trkpt><trkpt lat="37.206308" lon="126.780396"><time>2026-09-27T03:11:18.000Z</time><ele>14.42</ele></trkpt><trkpt lat="37.206263" lon="126.780616"><time>2026-09-27T03:11:19.000Z</time><ele>14.17</ele></trkpt><trkpt lat="37.206211" lon="126.780829"><time>2026-09-27T03:11:20.000Z</time><ele>14.65</ele></trkpt><trkpt lat="37.206159" lon="126.781029"><time>2026-09-27T03:11:21.000Z</time><ele>14.7</ele></trkpt><trkpt lat="37.206111" lon="126.781223"><time>2026-09-27T03:11:22.000Z</time><ele>14.79</ele></trkpt><trkpt lat="37.206058" lon="126.781423"><time>2026-09-27T03:11:23.000Z</time><ele>14.55</ele></trkpt><trkpt lat="37.206004" lon="126.781624"><time>2026-09-27T03:11:24.000Z</time><ele>14.55</ele></trkpt><trkpt lat="37.205939" lon="126.781829"><time>2026-09-27T03:11:25.000Z</time><ele>14.21</ele></trkpt><trkpt lat="37.205867" lon="126.782037"><time>2026-09-27T03:11:26.000Z</time><ele>14.21</ele></trkpt><trkpt lat="37.205798" lon="126.782227"><time>2026-09-27T03:11:27.001Z</time><ele>13.87</ele></trkpt><trkpt lat="37.205728" lon="126.782413"><time>2026-09-27T03:11:28.001Z</time><ele>13.78</ele></trkpt><trkpt lat="37.205654" lon="126.7826"><time>2026-09-27T03:11:29.001Z</time><ele>13.83</ele></trkpt><trkpt lat="37.205571" lon="126.782786"><time>2026-09-27T03:11:30.001Z</time><ele>14.43</ele></trkpt><trkpt lat="37.20549" lon="126.782956"><time>2026-09-27T03:11:31.001Z</time><ele>14.38</ele></trkpt><trkpt lat="37.205404" lon="126.783124"><time>2026-09-27T03:11:32.001Z</time><ele>14.87</ele></trkpt><trkpt lat="37.205318" lon="126.783291"><time>2026-09-27T03:11:33.001Z</time><ele>15.38</ele></trkpt><trkpt lat="37.205236" lon="126.783459"><time>2026-09-27T03:11:34.001Z</time><ele>15.6</ele></trkpt><trkpt lat="37.205153" lon="126.78363"><time>2026-09-27T03:11:35.001Z</time><ele>15.86</ele></trkpt><trkpt lat="37.205063" lon="126.783802"><time>2026-09-27T03:11:36.001Z</time><ele>16.34</ele></trkpt><trkpt lat="37.204973" lon="126.783977"><time>2026-09-27T03:11:37.001Z</time><ele>17.38</ele></trkpt><trkpt lat="37.204882" lon="126.784151"><time>2026-09-27T03:11:38.001Z</time><ele>17.71</ele></trkpt><trkpt lat="37.204795" lon="126.784323"><time>2026-09-27T03:11:39.001Z</time><ele>18.23</ele></trkpt><trkpt lat="37.204712" lon="126.784477"><time>2026-09-27T03:11:40.001Z</time><ele>18.27</ele></trkpt><trkpt lat="37.204622" lon="126.784635"><time>2026-09-27T03:11:41.001Z</time><ele>19.24</ele></trkpt><trkpt lat="37.204535" lon="126.784791"><time>2026-09-27T03:11:42.001Z</time><ele>19.85</ele></trkpt><trkpt lat="37.204448" lon="126.784948"><time>2026-09-27T03:11:43.001Z</time><ele>20.48</ele></trkpt><trkpt lat="37.20436" lon="126.785107"><time>2026-09-27T03:11:44.001Z</time><ele>21.4</ele></trkpt><trkpt lat="37.204271" lon="126.785268"><time>2026-09-27T03:11:45.001Z</time><ele>22.32</ele></trkpt><trkpt lat="37.204186" lon="126.78542"><time>2026-09-27T03:11:46.001Z</time><ele>22.98</ele></trkpt><trkpt lat="37.204107" lon="126.785563"><time>2026-09-27T03:11:47.001Z</time><ele>23.85</ele></trkpt><trkpt lat="37.204032" lon="126.785696"><time>2026-09-27T03:11:48.001Z</time><ele>24.43</ele></trkpt><trkpt lat="37.203962" lon="126.785825"><time>2026-09-27T03:11:49.001Z</time><ele>24.53</ele></trkpt><trkpt lat="37.203897" lon="126.785951"><time>2026-09-27T03:11:50.001Z</time><ele>24.35</ele></trkpt><trkpt lat="37.203831" lon="126.786075"><time>2026-09-27T03:11:51.001Z</time><ele>25.18</ele></trkpt><trkpt lat="37.20377" lon="126.786186"><time>2026-09-27T03:11:52.001Z</time><ele>25.43</ele></trkpt><trkpt lat="37.203711" lon="126.786289"><time>2026-09-27T03:11:53.001Z</time><ele>25.74</ele></trkpt><trkpt lat="37.203656" lon="126.786385"><time>2026-09-27T03:11:54.001Z</time><ele>26.01</ele></trkpt><trkpt lat="37.203599" lon="126.786492"><time>2026-09-27T03:11:55.001Z</time><ele>26.52</ele></trkpt><trkpt lat="37.203544" lon="126.7866"><time>2026-09-27T03:11:56.001Z</time><ele>26.86</ele></trkpt><trkpt lat="37.203433" lon="126.786811"><time>2026-09-27T03:11:58.001Z</time><ele>27.83</ele></trkpt><trkpt lat="37.20338" lon="126.786903"><time>2026-09-27T03:11:59.001Z</time><ele>28.33</ele></trkpt><trkpt lat="37.203335" lon="126.786984"><time>2026-09-27T03:12:00.001Z</time><ele>28.59</ele></trkpt><trkpt lat="37.203294" lon="126.787053"><time>2026-09-27T03:12:01.001Z</time><ele>29.15</ele></trkpt><trkpt lat="37.203261" lon="126.78711"><time>2026-09-27T03:12:02.001Z</time><ele>29.32</ele></trkpt><trkpt lat="37.203233" lon="126.787159"><time>2026-09-27T03:12:03.001Z</time><ele>29.55</ele></trkpt><trkpt lat="37.203186" lon="126.787237"><time>2026-09-27T03:12:05.001Z</time><ele>29.98</ele></trkpt><trkpt lat="37.203134" lon="126.787322"><time>2026-09-27T03:12:07.001Z</time><ele>30.99</ele></trkpt><trkpt lat="37.203103" lon="126.787367"><time>2026-09-27T03:12:09.001Z</time><ele>32.17</ele></trkpt><trkpt lat="37.203056" lon="126.787427"><time>2026-09-27T03:12:58.000Z</time><ele>35.63</ele></trkpt><trkpt lat="37.203004" lon="126.787522"><time>2026-09-27T03:13:00.000Z</time><ele>35.79</ele></trkpt><trkpt lat="37.202967" lon="126.787594"><time>2026-09-27T03:13:02.000Z</time><ele>35.59</ele></trkpt><trkpt lat="37.202924" lon="126.787671"><time>2026-09-27T03:13:04.000Z</time><ele>35.7</ele></trkpt><trkpt lat="37.202889" lon="126.787736"><time>2026-09-27T03:13:06.000Z</time><ele>36.08</ele></trkpt><trkpt lat="37.202841" lon="126.787833"><time>2026-09-27T03:13:08.000Z</time><ele>36.34</ele></trkpt><trkpt lat="37.20281" lon="126.787893"><time>2026-09-27T03:13:09.000Z</time><ele>36.5</ele></trkpt><trkpt lat="37.202774" lon="126.787956"><time>2026-09-27T03:13:10.000Z</time><ele>36.84</ele></trkpt><trkpt lat="37.202738" lon="126.788024"><time>2026-09-27T03:13:11.000Z</time><ele>37.17</ele></trkpt><trkpt lat="37.202701" lon="126.788101"><time>2026-09-27T03:13:12.000Z</time><ele>37.42</ele></trkpt><trkpt lat="37.202666" lon="126.788171"><time>2026-09-27T03:13:13.000Z</time><ele>37.49</ele></trkpt><trkpt lat="37.20263" lon="126.788244"><time>2026-09-27T03:13:14.000Z</time><ele>37.52</ele></trkpt><trkpt lat="37.202595" lon="126.788311"><time>2026-09-27T03:13:15.000Z</time><ele>37.97</ele></trkpt><trkpt lat="37.202556" lon="126.788382"><time>2026-09-27T03:13:16.000Z</time><ele>38.39</ele></trkpt><trkpt lat="37.202525" lon="126.788448"><time>2026-09-27T03:13:17.000Z</time><ele>38.57</ele></trkpt><trkpt lat="37.202495" lon="126.788518"><time>2026-09-27T03:13:18.000Z</time><ele>38.62</ele></trkpt><trkpt lat="37.202468" lon="126.788598"><time>2026-09-27T03:13:19.000Z</time><ele>38.8</ele></trkpt><trkpt lat="37.20244" lon="126.78868"><time>2026-09-27T03:13:20.000Z</time><ele>39.23</ele></trkpt><trkpt lat="37.20241" lon="126.788763"><time>2026-09-27T03:13:21.000Z</time><ele>39.88</ele></trkpt><trkpt lat="37.202381" lon="126.78883"><time>2026-09-27T03:13:22.000Z</time><ele>39.93</ele></trkpt><trkpt lat="37.20235" lon="126.788914"><time>2026-09-27T03:13:23.000Z</time><ele>40.46</ele></trkpt><trkpt lat="37.20232" lon="126.789003"><time>2026-09-27T03:13:24.000Z</time><ele>41.09</ele></trkpt><trkpt lat="37.202297" lon="126.789097"><time>2026-09-27T03:13:25.000Z</time><ele>41.73</ele></trkpt><trkpt lat="37.202274" lon="126.789192"><time>2026-09-27T03:13:26.000Z</time><ele>42.06</ele></trkpt><trkpt lat="37.202249" lon="126.789295"><time>2026-09-27T03:13:27.000Z</time><ele>42.67</ele></trkpt><trkpt lat="37.202223" lon="126.789407"><time>2026-09-27T03:13:28.000Z</time><ele>43.13</ele></trkpt><trkpt lat="37.202201" lon="126.789523"><time>2026-09-27T03:13:29.000Z</time><ele>43.65</ele></trkpt><trkpt lat="37.202182" lon="126.789648"><time>2026-09-27T03:13:30.000Z</time><ele>44.32</ele></trkpt><trkpt lat="37.202164" lon="126.78978"><time>2026-09-27T03:13:31.001Z</time><ele>45.07</ele></trkpt><trkpt lat="37.202149" lon="126.789913"><time>2026-09-27T03:13:32.001Z</time><ele>45.2</ele></trkpt><trkpt lat="37.202137" lon="126.79005"><time>2026-09-27T03:13:33.001Z</time><ele>45.79</ele></trkpt><trkpt lat="37.202129" lon="126.790195"><time>2026-09-27T03:13:34.001Z</time><ele>45.66</ele></trkpt><trkpt lat="37.202126" lon="126.790344"><time>2026-09-27T03:13:35.001Z</time><ele>46.01</ele></trkpt><trkpt lat="37.202128" lon="126.790497"><time>2026-09-27T03:13:36.001Z</time><ele>45.91</ele></trkpt><trkpt lat="37.202133" lon="126.790651"><time>2026-09-27T03:13:37.001Z</time><ele>45.61</ele></trkpt><trkpt lat="37.202144" lon="126.790807"><time>2026-09-27T03:13:38.001Z</time><ele>45.83</ele></trkpt><trkpt lat="37.202282" lon="126.791775"><time>2026-09-27T03:13:43.001Z</time><ele>45.7</ele></trkpt><trkpt lat="37.202345" lon="126.791996"><time>2026-09-27T03:13:44.001Z</time><ele>46.54</ele></trkpt><trkpt lat="37.202403" lon="126.792226"><time>2026-09-27T03:13:45.001Z</time><ele>46.55</ele></trkpt><trkpt lat="37.202469" lon="126.792464"><time>2026-09-27T03:13:46.001Z</time><ele>46.14</ele></trkpt><trkpt lat="37.202539" lon="126.792707"><time>2026-09-27T03:13:47.001Z</time><ele>45.41</ele></trkpt><trkpt lat="37.202608" lon="126.792956"><time>2026-09-27T03:13:48.001Z</time><ele>44.35</ele></trkpt><trkpt lat="37.202668" lon="126.793207"><time>2026-09-27T03:13:49.001Z</time><ele>43.14</ele></trkpt><trkpt lat="37.202718" lon="126.793457"><time>2026-09-27T03:13:50.001Z</time><ele>42.94</ele></trkpt><trkpt lat="37.202761" lon="126.793699"><time>2026-09-27T03:13:51.001Z</time><ele>41.47</ele></trkpt><trkpt lat="37.202797" lon="126.793951"><time>2026-09-27T03:13:52.001Z</time><ele>40.66</ele></trkpt><trkpt lat="37.202826" lon="126.794204"><time>2026-09-27T03:13:53.001Z</time><ele>39.17</ele></trkpt><trkpt lat="37.202847" lon="126.794464"><time>2026-09-27T03:13:54.001Z</time><ele>37.47</ele></trkpt><trkpt lat="37.202861" lon="126.794732"><time>2026-09-27T03:13:55.001Z</time><ele>36.16</ele></trkpt><trkpt lat="37.202864" lon="126.795007"><time>2026-09-27T03:13:56.001Z</time><ele>35.28</ele></trkpt><trkpt lat="37.202861" lon="126.795273"><time>2026-09-27T03:13:57.001Z</time><ele>33.41</ele></trkpt><trkpt lat="37.202849" lon="126.795547"><time>2026-09-27T03:13:58.001Z</time><ele>32.34</ele></trkpt><trkpt lat="37.202838" lon="126.795825"><time>2026-09-27T03:13:59.001Z</time><ele>30.68</ele></trkpt><trkpt lat="37.202832" lon="126.796112"><time>2026-09-27T03:14:00.001Z</time><ele>30.11</ele></trkpt><trkpt lat="37.202816" lon="126.796406"><time>2026-09-27T03:14:01.001Z</time><ele>28.43</ele></trkpt><trkpt lat="37.202796" lon="126.796689"><time>2026-09-27T03:14:02.001Z</time><ele>27.05</ele></trkpt><trkpt lat="37.202775" lon="126.796958"><time>2026-09-27T03:14:03.001Z</time><ele>25.59</ele></trkpt><trkpt lat="37.20276" lon="126.797214"><time>2026-09-27T03:14:04.001Z</time><ele>24.16</ele></trkpt><trkpt lat="37.202744" lon="126.797464"><time>2026-09-27T03:14:05.001Z</time><ele>23.22</ele></trkpt><trkpt lat="37.202725" lon="126.797702"><time>2026-09-27T03:14:06.001Z</time><ele>22.26</ele></trkpt><trkpt lat="37.202714" lon="126.797949"><time>2026-09-27T03:14:07.001Z</time><ele>21.24</ele></trkpt><trkpt lat="37.202717" lon="126.798194"><time>2026-09-27T03:14:08.001Z</time><ele>19.86</ele></trkpt><trkpt lat="37.20273" lon="126.798425"><time>2026-09-27T03:14:09.001Z</time><ele>18.78</ele></trkpt><trkpt lat="37.20276" lon="126.798669"><time>2026-09-27T03:14:10.001Z</time><ele>17.21</ele></trkpt><trkpt lat="37.202801" lon="126.798923"><time>2026-09-27T03:14:11.001Z</time><ele>16.52</ele></trkpt><trkpt lat="37.202856" lon="126.79918"><time>2026-09-27T03:14:12.001Z</time><ele>15.8</ele></trkpt><trkpt lat="37.202928" lon="126.799433"><time>2026-09-27T03:14:13.001Z</time><ele>15.24</ele></trkpt><trkpt lat="37.203012" lon="126.799678"><time>2026-09-27T03:14:14.001Z</time><ele>15.14</ele></trkpt><trkpt lat="37.203105" lon="126.799919"><time>2026-09-27T03:14:15.001Z</time><ele>15.02</ele></trkpt><trkpt lat="37.20321" lon="126.800134"><time>2026-09-27T03:14:16.001Z</time><ele>15.11</ele></trkpt><trkpt lat="37.203329" lon="126.800348"><time>2026-09-27T03:14:17.001Z</time><ele>14.84</ele></trkpt><trkpt lat="37.203458" lon="126.80056"><time>2026-09-27T03:14:18.001Z</time><ele>14.66</ele></trkpt><trkpt lat="37.203594" lon="126.80077"><time>2026-09-27T03:14:19.001Z</time><ele>14.2</ele></trkpt><trkpt lat="37.203727" lon="126.800974"><time>2026-09-27T03:14:20.001Z</time><ele>14.18</ele></trkpt><trkpt lat="37.203851" lon="126.801168"><time>2026-09-27T03:14:21.001Z</time><ele>14.06</ele></trkpt><trkpt lat="37.203971" lon="126.801354"><time>2026-09-27T03:14:22.001Z</time><ele>14.02</ele></trkpt><trkpt lat="37.204093" lon="126.801541"><time>2026-09-27T03:14:23.001Z</time><ele>14.11</ele></trkpt><trkpt lat="37.204217" lon="126.801728"><time>2026-09-27T03:14:24.001Z</time><ele>14.54</ele></trkpt><trkpt lat="37.204335" lon="126.80191"><time>2026-09-27T03:14:25.001Z</time><ele>14.77</ele></trkpt><trkpt lat="37.204448" lon="126.802079"><time>2026-09-27T03:14:26.001Z</time><ele>15.01</ele></trkpt><trkpt lat="37.204554" lon="126.802235"><time>2026-09-27T03:14:27.001Z</time><ele>14.97</ele></trkpt><trkpt lat="37.204652" lon="126.802386"><time>2026-09-27T03:14:28.001Z</time><ele>15.06</ele></trkpt><trkpt lat="37.20475" lon="126.802536"><time>2026-09-27T03:14:29.001Z</time><ele>14.72</ele></trkpt><trkpt lat="37.204849" lon="126.80269"><time>2026-09-27T03:14:30.001Z</time><ele>14.43</ele></trkpt><trkpt lat="37.20495" lon="126.802844"><time>2026-09-27T03:14:31.001Z</time><ele>14.45</ele></trkpt><trkpt lat="37.205048" lon="126.802998"><time>2026-09-27T03:14:32.001Z</time><ele>14.49</ele></trkpt><trkpt lat="37.205145" lon="126.803154"><time>2026-09-27T03:14:33.001Z</time><ele>14.63</ele></trkpt><trkpt lat="37.205238" lon="126.803308"><time>2026-09-27T03:14:34.001Z</time><ele>15.22</ele></trkpt><trkpt lat="37.205329" lon="126.803455"><time>2026-09-27T03:14:35.001Z</time><ele>15.07</ele></trkpt><trkpt lat="37.205419" lon="126.803595"><time>2026-09-27T03:14:36.001Z</time><ele>15.25</ele></trkpt><trkpt lat="37.205514" lon="126.803731"><time>2026-09-27T03:14:37.001Z</time><ele>15.57</ele></trkpt><trkpt lat="37.205607" lon="126.803868"><time>2026-09-27T03:14:38.001Z</time><ele>16.36</ele></trkpt><trkpt lat="37.205697" lon="126.804007"><time>2026-09-27T03:14:39.001Z</time><ele>16.52</ele></trkpt><trkpt lat="37.205786" lon="126.804144"><time>2026-09-27T03:14:40.001Z</time><ele>16.82</ele></trkpt><trkpt lat="37.205876" lon="126.804283"><time>2026-09-27T03:14:41.001Z</time><ele>16.77</ele></trkpt><trkpt lat="37.205967" lon="126.804427"><time>2026-09-27T03:14:42.002Z</time><ele>17.59</ele></trkpt><trkpt lat="37.206064" lon="126.804577"><time>2026-09-27T03:14:43.002Z</time><ele>18.2</ele></trkpt><trkpt lat="37.206165" lon="126.804728"><time>2026-09-27T03:14:44.002Z</time><ele>18.13</ele></trkpt><trkpt lat="37.206268" lon="126.804884"><time>2026-09-27T03:14:45.002Z</time><ele>18.4</ele></trkpt><trkpt lat="37.206377" lon="126.805045"><time>2026-09-27T03:14:46.002Z</time><ele>18.46</ele></trkpt><trkpt lat="37.206486" lon="126.805212"><time>2026-09-27T03:14:47.002Z</time><ele>18.43</ele></trkpt><trkpt lat="37.206599" lon="126.805382"><time>2026-09-27T03:14:48.002Z</time><ele>18.78</ele></trkpt><trkpt lat="37.206717" lon="126.80556"><time>2026-09-27T03:14:49.002Z</time><ele>18.72</ele></trkpt><trkpt lat="37.206834" lon="126.805738"><time>2026-09-27T03:14:50.000Z</time><ele>18.95</ele></trkpt><trkpt lat="37.206957" lon="126.80592"><time>2026-09-27T03:14:51.000Z</time><ele>18.97</ele></trkpt><trkpt lat="37.207077" lon="126.806102"><time>2026-09-27T03:14:52.000Z</time><ele>19.1</ele></trkpt><trkpt lat="37.207195" lon="126.806285"><time>2026-09-27T03:14:53.000Z</time><ele>19.2</ele></trkpt><trkpt lat="37.207313" lon="126.806469"><time>2026-09-27T03:14:54.000Z</time><ele>19.33</ele></trkpt><trkpt lat="37.207431" lon="126.806657"><time>2026-09-27T03:14:55.000Z</time><ele>19.45</ele></trkpt><trkpt lat="37.207556" lon="126.806854"><time>2026-09-27T03:14:56.000Z</time><ele>19.81</ele></trkpt><trkpt lat="37.207685" lon="126.807052"><time>2026-09-27T03:14:57.000Z</time><ele>19.82</ele></trkpt><trkpt lat="37.207815" lon="126.807254"><time>2026-09-27T03:14:58.000Z</time><ele>19.98</ele></trkpt><trkpt lat="37.207947" lon="126.807459"><time>2026-09-27T03:14:59.000Z</time><ele>20.12</ele></trkpt><trkpt lat="37.208081" lon="126.807666"><time>2026-09-27T03:15:00.000Z</time><ele>20.35</ele></trkpt><trkpt lat="37.208221" lon="126.807881"><time>2026-09-27T03:15:01.000Z</time><ele>20.22</ele></trkpt><trkpt lat="37.208359" lon="126.808097"><time>2026-09-27T03:15:02.000Z</time><ele>20.24</ele></trkpt><trkpt lat="37.208493" lon="126.808317"><time>2026-09-27T03:15:03.000Z</time><ele>20.67</ele></trkpt><trkpt lat="37.208624" lon="126.808539"><time>2026-09-27T03:15:04.000Z</time><ele>20.83</ele></trkpt><trkpt lat="37.208754" lon="126.808756"><time>2026-09-27T03:15:05.000Z</time><ele>20.82</ele></trkpt><trkpt lat="37.208884" lon="126.808972"><time>2026-09-27T03:15:06.000Z</time><ele>21.13</ele></trkpt><trkpt lat="37.209015" lon="126.809189"><time>2026-09-27T03:15:07.000Z</time><ele>21.26</ele></trkpt><trkpt lat="37.209143" lon="126.809402"><time>2026-09-27T03:15:08.000Z</time><ele>21.3</ele></trkpt><trkpt lat="37.209266" lon="126.809612"><time>2026-09-27T03:15:09.000Z</time><ele>21.46</ele></trkpt><trkpt lat="37.20939" lon="126.809826"><time>2026-09-27T03:15:10.000Z</time><ele>21.49</ele></trkpt><trkpt lat="37.209512" lon="126.81004"><time>2026-09-27T03:15:11.000Z</time><ele>21.65</ele></trkpt><trkpt lat="37.209633" lon="126.810255"><time>2026-09-27T03:15:12.000Z</time><ele>21.76</ele></trkpt><trkpt lat="37.209757" lon="126.810472"><time>2026-09-27T03:15:13.000Z</time><ele>21.78</ele></trkpt><trkpt lat="37.209881" lon="126.81069"><time>2026-09-27T03:15:14.000Z</time><ele>21.95</ele></trkpt><trkpt lat="37.210007" lon="126.810912"><time>2026-09-27T03:15:15.000Z</time><ele>22.27</ele></trkpt><trkpt lat="37.210133" lon="126.811134"><time>2026-09-27T03:15:16.000Z</time><ele>22.28</ele></trkpt><trkpt lat="37.21026" lon="126.811357"><time>2026-09-27T03:15:17.000Z</time><ele>22.64</ele></trkpt><trkpt lat="37.210386" lon="126.811578"><time>2026-09-27T03:15:18.000Z</time><ele>23.24</ele></trkpt><trkpt lat="37.21051" lon="126.811798"><time>2026-09-27T03:15:19.000Z</time><ele>22.63</ele></trkpt><trkpt lat="37.210634" lon="126.812014"><time>2026-09-27T03:15:20.000Z</time><ele>23</ele></trkpt><trkpt lat="37.210758" lon="126.812232"><time>2026-09-27T03:15:21.000Z</time><ele>22.5</ele></trkpt><trkpt lat="37.210883" lon="126.812449"><time>2026-09-27T03:15:22.000Z</time><ele>22.78</ele></trkpt><trkpt lat="37.211722" lon="126.813813"><time>2026-09-27T03:15:29.000Z</time><ele>21.89</ele></trkpt><trkpt lat="37.211813" lon="126.813953"><time>2026-09-27T03:15:30.000Z</time><ele>21.18</ele></trkpt><trkpt lat="37.211902" lon="126.814086"><time>2026-09-27T03:15:31.000Z</time><ele>21.09</ele></trkpt><trkpt lat="37.211984" lon="126.81421"><time>2026-09-27T03:15:32.000Z</time><ele>20.89</ele></trkpt><trkpt lat="37.212056" lon="126.81432"><time>2026-09-27T03:15:33.000Z</time><ele>20.88</ele></trkpt><trkpt lat="37.212124" lon="126.814419"><time>2026-09-27T03:15:34.000Z</time><ele>20.85</ele></trkpt><trkpt lat="37.212185" lon="126.814507"><time>2026-09-27T03:15:35.000Z</time><ele>20.45</ele></trkpt><trkpt lat="37.212242" lon="126.814589"><time>2026-09-27T03:15:36.000Z</time><ele>20.57</ele></trkpt><trkpt lat="37.212296" lon="126.814668"><time>2026-09-27T03:15:37.001Z</time><ele>20.1</ele></trkpt><trkpt lat="37.212352" lon="126.814762"><time>2026-09-27T03:15:38.001Z</time><ele>20.05</ele></trkpt><trkpt lat="37.212407" lon="126.814873"><time>2026-09-27T03:15:39.001Z</time><ele>20.4</ele></trkpt><trkpt lat="37.212467" lon="126.814977"><time>2026-09-27T03:15:40.001Z</time><ele>20.65</ele></trkpt><trkpt lat="37.212524" lon="126.815061"><time>2026-09-27T03:15:41.001Z</time><ele>20.41</ele></trkpt><trkpt lat="37.212575" lon="126.815129"><time>2026-09-27T03:15:42.001Z</time><ele>20.12</ele></trkpt><trkpt lat="37.212618" lon="126.815188"><time>2026-09-27T03:15:43.001Z</time><ele>19.31</ele></trkpt><trkpt lat="37.212657" lon="126.815248"><time>2026-09-27T03:15:44.001Z</time><ele>19.62</ele></trkpt><trkpt lat="37.212691" lon="126.815301"><time>2026-09-27T03:15:45.001Z</time><ele>19.95</ele></trkpt><trkpt lat="37.212724" lon="126.815351"><time>2026-09-27T03:15:46.001Z</time><ele>20.09</ele></trkpt><trkpt lat="37.212779" lon="126.815431"><time>2026-09-27T03:15:48.001Z</time><ele>20.08</ele></trkpt><trkpt lat="37.21283" lon="126.815495"><time>2026-09-27T03:15:50.001Z</time><ele>19.52</ele></trkpt><trkpt lat="37.212881" lon="126.815567"><time>2026-09-27T03:15:52.001Z</time><ele>18.96</ele></trkpt><trkpt lat="37.212911" lon="126.815609"><time>2026-09-27T03:15:53.001Z</time><ele>19.04</ele></trkpt><trkpt lat="37.212943" lon="126.815658"><time>2026-09-27T03:15:55.001Z</time><ele>18.79</ele></trkpt><trkpt lat="37.212961" lon="126.815713"><time>2026-09-27T03:16:04.001Z</time><ele>20.36</ele></trkpt><trkpt lat="37.212994" lon="126.815772"><time>2026-09-27T03:17:09.000Z</time><ele>20.21</ele></trkpt><trkpt lat="37.213028" lon="126.81582"><time>2026-09-27T03:17:10.000Z</time><ele>20.32</ele></trkpt><trkpt lat="37.213075" lon="126.815878"><time>2026-09-27T03:17:11.000Z</time><ele>20.21</ele></trkpt><trkpt lat="37.213129" lon="126.815953"><time>2026-09-27T03:17:12.000Z</time><ele>20.17</ele></trkpt><trkpt lat="37.213189" lon="126.816037"><time>2026-09-27T03:17:13.000Z</time><ele>20.26</ele></trkpt><trkpt lat="37.213252" lon="126.816122"><time>2026-09-27T03:17:14.000Z</time><ele>20.23</ele></trkpt><trkpt lat="37.213315" lon="126.816206"><time>2026-09-27T03:17:15.000Z</time><ele>20.15</ele></trkpt><trkpt lat="37.213385" lon="126.816302"><time>2026-09-27T03:17:16.000Z</time><ele>20.01</ele></trkpt><trkpt lat="37.213457" lon="126.816401"><time>2026-09-27T03:17:17.000Z</time><ele>20.33</ele></trkpt><trkpt lat="37.213539" lon="126.816508"><time>2026-09-27T03:17:18.000Z</time><ele>20.47</ele></trkpt><trkpt lat="37.213623" lon="126.816619"><time>2026-09-27T03:17:19.000Z</time><ele>20.6</ele></trkpt><trkpt lat="37.213709" lon="126.816734"><time>2026-09-27T03:17:20.000Z</time><ele>20.76</ele></trkpt><trkpt lat="37.213799" lon="126.816858"><time>2026-09-27T03:17:21.000Z</time><ele>20.7</ele></trkpt><trkpt lat="37.213892" lon="126.816982"><time>2026-09-27T03:17:22.000Z</time><ele>20.72</ele></trkpt><trkpt lat="37.213986" lon="126.817102"><time>2026-09-27T03:17:23.000Z</time><ele>21.14</ele></trkpt><trkpt lat="37.214705" lon="126.81805"><time>2026-09-27T03:17:29.000Z</time><ele>23.09</ele></trkpt><trkpt lat="37.214844" lon="126.818239"><time>2026-09-27T03:17:30.000Z</time><ele>23.05</ele></trkpt><trkpt lat="37.214978" lon="126.818425"><time>2026-09-27T03:17:31.000Z</time><ele>23.3</ele></trkpt><trkpt lat="37.215112" lon="126.818611"><time>2026-09-27T03:17:32.000Z</time><ele>23.3</ele></trkpt><trkpt lat="37.215229" lon="126.818782"><time>2026-09-27T03:17:33.000Z</time><ele>23.39</ele></trkpt><trkpt lat="37.215342" lon="126.818943"><time>2026-09-27T03:17:34.000Z</time><ele>23.4</ele></trkpt><trkpt lat="37.215447" lon="126.8191"><time>2026-09-27T03:17:35.000Z</time><ele>23.78</ele></trkpt><trkpt lat="37.215541" lon="126.819251"><time>2026-09-27T03:17:36.000Z</time><ele>24.05</ele></trkpt><trkpt lat="37.215637" lon="126.8194"><time>2026-09-27T03:17:37.000Z</time><ele>24.26</ele></trkpt><trkpt lat="37.215735" lon="126.819553"><time>2026-09-27T03:17:38.000Z</time><ele>24.87</ele></trkpt><trkpt lat="37.215838" lon="126.81971"><time>2026-09-27T03:17:39.000Z</time><ele>24.88</ele></trkpt><trkpt lat="37.215938" lon="126.819873"><time>2026-09-27T03:17:40.000Z</time><ele>25.79</ele></trkpt><trkpt lat="37.216036" lon="126.820041"><time>2026-09-27T03:17:41.000Z</time><ele>25.92</ele></trkpt><trkpt lat="37.216138" lon="126.820217"><time>2026-09-27T03:17:42.000Z</time><ele>26.37</ele></trkpt><trkpt lat="37.216244" lon="126.8204"><time>2026-09-27T03:17:43.001Z</time><ele>26.89</ele></trkpt><trkpt lat="37.216357" lon="126.820595"><time>2026-09-27T03:17:44.001Z</time><ele>27.31</ele></trkpt><trkpt lat="37.21647" lon="126.820793"><time>2026-09-27T03:17:45.001Z</time><ele>28.13</ele></trkpt><trkpt lat="37.216578" lon="126.820984"><time>2026-09-27T03:17:46.001Z</time><ele>28.68</ele></trkpt><trkpt lat="37.216686" lon="126.821172"><time>2026-09-27T03:17:47.001Z</time><ele>29.31</ele></trkpt><trkpt lat="37.216789" lon="126.821365"><time>2026-09-27T03:17:48.001Z</time><ele>30</ele></trkpt><trkpt lat="37.216894" lon="126.821562"><time>2026-09-27T03:17:49.001Z</time><ele>30.63</ele></trkpt><trkpt lat="37.217001" lon="126.821768"><time>2026-09-27T03:17:50.001Z</time><ele>31.45</ele></trkpt><trkpt lat="37.217107" lon="126.82198"><time>2026-09-27T03:17:51.001Z</time><ele>32.06</ele></trkpt><trkpt lat="37.217217" lon="126.822202"><time>2026-09-27T03:17:52.001Z</time><ele>33.06</ele></trkpt><trkpt lat="37.217339" lon="126.82243"><time>2026-09-27T03:17:53.001Z</time><ele>33.46</ele></trkpt><trkpt lat="37.217464" lon="126.822671"><time>2026-09-27T03:17:54.001Z</time><ele>33.93</ele></trkpt><trkpt lat="37.217591" lon="126.822923"><time>2026-09-27T03:17:55.001Z</time><ele>34.61</ele></trkpt><trkpt lat="37.217717" lon="126.823173"><time>2026-09-27T03:17:56.001Z</time><ele>35.04</ele></trkpt><trkpt lat="37.217841" lon="126.823421"><time>2026-09-27T03:17:57.001Z</time><ele>35.69</ele></trkpt><trkpt lat="37.217968" lon="126.823673"><time>2026-09-27T03:17:58.001Z</time><ele>36.76</ele></trkpt><trkpt lat="37.218093" lon="126.823922"><time>2026-09-27T03:17:59.001Z</time><ele>37.37</ele></trkpt><trkpt lat="37.218222" lon="126.824171"><time>2026-09-27T03:18:00.001Z</time><ele>38.22</ele></trkpt><trkpt lat="37.21835" lon="126.824419"><time>2026-09-27T03:18:01.001Z</time><ele>39.03</ele></trkpt><trkpt lat="37.218476" lon="126.824664"><time>2026-09-27T03:18:02.001Z</time><ele>39.71</ele></trkpt><trkpt lat="37.218602" lon="126.824912"><time>2026-09-27T03:18:03.001Z</time><ele>40.25</ele></trkpt><trkpt lat="37.218721" lon="126.825145"><time>2026-09-27T03:18:04.001Z</time><ele>41.29</ele></trkpt><trkpt lat="37.21884" lon="126.825379"><time>2026-09-27T03:18:05.001Z</time><ele>41.98</ele></trkpt><trkpt lat="37.218959" lon="126.825612"><time>2026-09-27T03:18:06.001Z</time><ele>42.72</ele></trkpt><trkpt lat="37.219079" lon="126.825844"><time>2026-09-27T03:18:07.001Z</time><ele>43.41</ele></trkpt><trkpt lat="37.219196" lon="126.826076"><time>2026-09-27T03:18:08.001Z</time><ele>44.02</ele></trkpt><trkpt lat="37.219313" lon="126.826306"><time>2026-09-27T03:18:09.001Z</time><ele>44.67</ele></trkpt><trkpt lat="37.219433" lon="126.826541"><time>2026-09-27T03:18:10.001Z</time><ele>45.16</ele></trkpt><trkpt lat="37.219552" lon="126.826779"><time>2026-09-27T03:18:11.001Z</time><ele>46.02</ele></trkpt><trkpt lat="37.219672" lon="126.827012"><time>2026-09-27T03:18:12.001Z</time><ele>46.29</ele></trkpt><trkpt lat="37.21979" lon="126.827243"><time>2026-09-27T03:18:13.001Z</time><ele>46.87</ele></trkpt><trkpt lat="37.219906" lon="126.827473"><time>2026-09-27T03:18:14.001Z</time><ele>47.02</ele></trkpt><trkpt lat="37.220021" lon="126.827701"><time>2026-09-27T03:18:15.001Z</time><ele>47.15</ele></trkpt><trkpt lat="37.220135" lon="126.827927"><time>2026-09-27T03:18:16.001Z</time><ele>47.09</ele></trkpt><trkpt lat="37.220245" lon="126.828145"><time>2026-09-27T03:18:17.001Z</time><ele>46.65</ele></trkpt><trkpt lat="37.220352" lon="126.828361"><time>2026-09-27T03:18:18.001Z</time><ele>46.5</ele></trkpt><trkpt lat="37.22046" lon="126.828581"><time>2026-09-27T03:18:19.001Z</time><ele>46.22</ele></trkpt><trkpt lat="37.220561" lon="126.828807"><time>2026-09-27T03:18:20.001Z</time><ele>45.98</ele></trkpt><trkpt lat="37.220655" lon="126.829042"><time>2026-09-27T03:18:21.001Z</time><ele>45.86</ele></trkpt><trkpt lat="37.220739" lon="126.829283"><time>2026-09-27T03:18:22.001Z</time><ele>45.95</ele></trkpt><trkpt lat="37.220814" lon="126.829533"><time>2026-09-27T03:18:23.001Z</time><ele>45.67</ele></trkpt><trkpt lat="37.220881" lon="126.829788"><time>2026-09-27T03:18:24.001Z</time><ele>45.37</ele></trkpt><trkpt lat="37.220939" lon="126.83005"><time>2026-09-27T03:18:25.001Z</time><ele>44.8</ele></trkpt><trkpt lat="37.220989" lon="126.830316"><time>2026-09-27T03:18:26.001Z</time><ele>44.14</ele></trkpt><trkpt lat="37.22103" lon="126.830588"><time>2026-09-27T03:18:27.001Z</time><ele>43.12</ele></trkpt><trkpt lat="37.22106" lon="126.830863"><time>2026-09-27T03:18:28.001Z</time><ele>42.52</ele></trkpt><trkpt lat="37.221081" lon="126.831141"><time>2026-09-27T03:18:29.001Z</time><ele>41.85</ele></trkpt><trkpt lat="37.221096" lon="126.83142"><time>2026-09-27T03:18:30.001Z</time><ele>40.98</ele></trkpt><trkpt lat="37.221107" lon="126.83169"><time>2026-09-27T03:18:31.001Z</time><ele>40.61</ele></trkpt><trkpt lat="37.221118" lon="126.831944"><time>2026-09-27T03:18:32.001Z</time><ele>39.89</ele></trkpt><trkpt lat="37.22113" lon="126.83219"><time>2026-09-27T03:18:33.001Z</time><ele>38.98</ele></trkpt><trkpt lat="37.221141" lon="126.832438"><time>2026-09-27T03:18:34.001Z</time><ele>38.35</ele></trkpt><trkpt lat="37.221153" lon="126.832694"><time>2026-09-27T03:18:35.001Z</time><ele>37.65</ele></trkpt><trkpt lat="37.221165" lon="126.832952"><time>2026-09-27T03:18:36.001Z</time><ele>36.73</ele></trkpt><trkpt lat="37.221177" lon="126.8332"><time>2026-09-27T03:18:37.001Z</time><ele>36.22</ele></trkpt><trkpt lat="37.221193" lon="126.833456"><time>2026-09-27T03:18:38.001Z</time><ele>35.56</ele></trkpt><trkpt lat="37.221209" lon="126.833716"><time>2026-09-27T03:18:39.001Z</time><ele>34.93</ele></trkpt><trkpt lat="37.22122" lon="126.833981"><time>2026-09-27T03:18:40.001Z</time><ele>34.26</ele></trkpt><trkpt lat="37.221232" lon="126.834238"><time>2026-09-27T03:18:41.001Z</time><ele>33.95</ele></trkpt><trkpt lat="37.221251" lon="126.834488"><time>2026-09-27T03:18:42.001Z</time><ele>33.54</ele></trkpt><trkpt lat="37.221271" lon="126.834734"><time>2026-09-27T03:18:43.001Z</time><ele>33.34</ele></trkpt><trkpt lat="37.221297" lon="126.834972"><time>2026-09-27T03:18:44.001Z</time><ele>33.08</ele></trkpt><trkpt lat="37.221327" lon="126.835209"><time>2026-09-27T03:18:45.001Z</time><ele>33.18</ele></trkpt><trkpt lat="37.221356" lon="126.835438"><time>2026-09-27T03:18:46.001Z</time><ele>33.28</ele></trkpt><trkpt lat="37.221388" lon="126.835666"><time>2026-09-27T03:18:47.001Z</time><ele>33.1</ele></trkpt><trkpt lat="37.221422" lon="126.835889"><time>2026-09-27T03:18:48.001Z</time><ele>33.23</ele></trkpt><trkpt lat="37.22146" lon="126.836115"><time>2026-09-27T03:18:49.001Z</time><ele>33.49</ele></trkpt><trkpt lat="37.221499" lon="126.83634"><time>2026-09-27T03:18:50.001Z</time><ele>33.52</ele></trkpt><trkpt lat="37.221536" lon="126.836554"><time>2026-09-27T03:18:51.001Z</time><ele>33.83</ele></trkpt><trkpt lat="37.221572" lon="126.836754"><time>2026-09-27T03:18:52.001Z</time><ele>34.17</ele></trkpt><trkpt lat="37.221609" lon="126.83695"><time>2026-09-27T03:18:53.001Z</time><ele>34.62</ele></trkpt><trkpt lat="37.221645" lon="126.837141"><time>2026-09-27T03:18:54.002Z</time><ele>34.82</ele></trkpt><trkpt lat="37.221681" lon="126.837333"><time>2026-09-27T03:18:55.002Z</time><ele>35.03</ele></trkpt><trkpt lat="37.221713" lon="126.837515"><time>2026-09-27T03:18:56.002Z</time><ele>35.8</ele></trkpt><trkpt lat="37.221742" lon="126.837686"><time>2026-09-27T03:18:57.002Z</time><ele>36.08</ele></trkpt><trkpt lat="37.221771" lon="126.837838"><time>2026-09-27T03:18:58.002Z</time><ele>36.51</ele></trkpt><trkpt lat="37.2218" lon="126.837981"><time>2026-09-27T03:18:59.002Z</time><ele>37.44</ele></trkpt><trkpt lat="37.221825" lon="126.838119"><time>2026-09-27T03:19:00.002Z</time><ele>37.86</ele></trkpt><trkpt lat="37.221848" lon="126.838245"><time>2026-09-27T03:19:01.002Z</time><ele>37.5</ele></trkpt><trkpt lat="37.221869" lon="126.83836"><time>2026-09-27T03:19:02.000Z</time><ele>37.75</ele></trkpt><trkpt lat="37.221888" lon="126.838468"><time>2026-09-27T03:19:03.000Z</time><ele>38.41</ele></trkpt><trkpt lat="37.221905" lon="126.838566"><time>2026-09-27T03:19:04.000Z</time><ele>38.56</ele></trkpt><trkpt lat="37.221921" lon="126.838656"><time>2026-09-27T03:19:05.000Z</time><ele>39</ele></trkpt><trkpt lat="37.221938" lon="126.83874"><time>2026-09-27T03:19:06.000Z</time><ele>39.21</ele></trkpt><trkpt lat="37.221952" lon="126.838817"><time>2026-09-27T03:19:07.000Z</time><ele>39.25</ele></trkpt><trkpt lat="37.221964" lon="126.838886"><time>2026-09-27T03:19:08.000Z</time><ele>38.69</ele></trkpt><trkpt lat="37.221975" lon="126.83895"><time>2026-09-27T03:19:09.000Z</time><ele>38.8</ele></trkpt><trkpt lat="37.221985" lon="126.839006"><time>2026-09-27T03:19:10.000Z</time><ele>38.93</ele></trkpt><trkpt lat="37.222003" lon="126.839092"><time>2026-09-27T03:19:12.000Z</time><ele>38.91</ele></trkpt><trkpt lat="37.222014" lon="126.839167"><time>2026-09-27T03:19:15.000Z</time><ele>38.52</ele></trkpt><trkpt lat="37.222029" lon="126.839223"><time>2026-09-27T03:19:35.000Z</time><ele>37.9</ele></trkpt><trkpt lat="37.222045" lon="126.839306"><time>2026-09-27T03:19:37.000Z</time><ele>37.85</ele></trkpt><trkpt lat="37.222059" lon="126.839381"><time>2026-09-27T03:19:38.000Z</time><ele>37.55</ele></trkpt><trkpt lat="37.222074" lon="126.83946"><time>2026-09-27T03:19:39.000Z</time><ele>37.49</ele></trkpt><trkpt lat="37.222092" lon="126.839549"><time>2026-09-27T03:19:40.000Z</time><ele>37.54</ele></trkpt><trkpt lat="37.222111" lon="126.839647"><time>2026-09-27T03:19:41.000Z</time><ele>37.76</ele></trkpt><trkpt lat="37.222131" lon="126.839753"><time>2026-09-27T03:19:42.000Z</time><ele>37.88</ele></trkpt><trkpt lat="37.222152" lon="126.839864"><time>2026-09-27T03:19:43.000Z</time><ele>38.25</ele></trkpt><trkpt lat="37.222175" lon="126.839981"><time>2026-09-27T03:19:44.000Z</time><ele>38.81</ele></trkpt><trkpt lat="37.222201" lon="126.840105"><time>2026-09-27T03:19:45.000Z</time><ele>39.09</ele></trkpt><trkpt lat="37.222227" lon="126.840234"><time>2026-09-27T03:19:46.000Z</time><ele>38.94</ele></trkpt><trkpt lat="37.222256" lon="126.840373"><time>2026-09-27T03:19:47.000Z</time><ele>39.01</ele></trkpt><trkpt lat="37.22229" lon="126.840522"><time>2026-09-27T03:19:48.000Z</time><ele>39.3</ele></trkpt><trkpt lat="37.222321" lon="126.840674"><time>2026-09-27T03:19:49.000Z</time><ele>39.7</ele></trkpt><trkpt lat="37.222359" lon="126.840841"><time>2026-09-27T03:19:50.001Z</time><ele>40.01</ele></trkpt><trkpt lat="37.2224" lon="126.841015"><time>2026-09-27T03:19:51.001Z</time><ele>40.45</ele></trkpt><trkpt lat="37.222438" lon="126.841191"><time>2026-09-27T03:19:52.001Z</time><ele>40.83</ele></trkpt><trkpt lat="37.222478" lon="126.841364"><time>2026-09-27T03:19:53.001Z</time><ele>41.23</ele></trkpt><trkpt lat="37.222525" lon="126.84154"><time>2026-09-27T03:19:54.001Z</time><ele>40.82</ele></trkpt><trkpt lat="37.222568" lon="126.84172"><time>2026-09-27T03:19:55.001Z</time><ele>41.58</ele></trkpt><trkpt lat="37.222611" lon="126.841901"><time>2026-09-27T03:19:56.001Z</time><ele>41.57</ele></trkpt><trkpt lat="37.222656" lon="126.842082"><time>2026-09-27T03:19:57.001Z</time><ele>42.16</ele></trkpt><trkpt lat="37.222702" lon="126.842266"><time>2026-09-27T03:19:58.001Z</time><ele>42.27</ele></trkpt><trkpt lat="37.222746" lon="126.84245"><time>2026-09-27T03:19:59.001Z</time><ele>42.76</ele></trkpt><trkpt lat="37.222792" lon="126.842642"><time>2026-09-27T03:20:00.001Z</time><ele>43.67</ele></trkpt><trkpt lat="37.222843" lon="126.842847"><time>2026-09-27T03:20:01.001Z</time><ele>44.02</ele></trkpt><trkpt lat="37.222895" lon="126.843061"><time>2026-09-27T03:20:02.001Z</time><ele>44.29</ele></trkpt><trkpt lat="37.222946" lon="126.843271"><time>2026-09-27T03:20:03.001Z</time><ele>45.25</ele></trkpt><trkpt lat="37.222997" lon="126.843483"><time>2026-09-27T03:20:04.001Z</time><ele>45.25</ele></trkpt><trkpt lat="37.223046" lon="126.843693"><time>2026-09-27T03:20:05.001Z</time><ele>45.49</ele></trkpt><trkpt lat="37.223096" lon="126.843901"><time>2026-09-27T03:20:06.001Z</time><ele>45.55</ele></trkpt><trkpt lat="37.223145" lon="126.844105"><time>2026-09-27T03:20:07.001Z</time><ele>45.49</ele></trkpt><trkpt lat="37.223194" lon="126.844319"><time>2026-09-27T03:20:08.001Z</time><ele>45.63</ele></trkpt><trkpt lat="37.223242" lon="126.844537"><time>2026-09-27T03:20:09.001Z</time><ele>45.98</ele></trkpt><trkpt lat="37.223285" lon="126.844761"><time>2026-09-27T03:20:10.001Z</time><ele>46.82</ele></trkpt><trkpt lat="37.223327" lon="126.844989"><time>2026-09-27T03:20:11.001Z</time><ele>47.09</ele></trkpt><trkpt lat="37.223364" lon="126.845217"><time>2026-09-27T03:20:12.001Z</time><ele>47.9</ele></trkpt><trkpt lat="37.223391" lon="126.845446"><time>2026-09-27T03:20:13.001Z</time><ele>49.08</ele></trkpt><trkpt lat="37.223413" lon="126.845677"><time>2026-09-27T03:20:14.001Z</time><ele>49.55</ele></trkpt><trkpt lat="37.22343" lon="126.845904"><time>2026-09-27T03:20:15.001Z</time><ele>49.62</ele></trkpt><trkpt lat="37.22344" lon="126.84613"><time>2026-09-27T03:20:16.001Z</time><ele>49.73</ele></trkpt><trkpt lat="37.223439" lon="126.84635"><time>2026-09-27T03:20:17.001Z</time><ele>51.04</ele></trkpt><trkpt lat="37.223435" lon="126.846571"><time>2026-09-27T03:20:18.001Z</time><ele>51.36</ele></trkpt><trkpt lat="37.223426" lon="126.846795"><time>2026-09-27T03:20:19.001Z</time><ele>52.18</ele></trkpt><trkpt lat="37.22341" lon="126.847023"><time>2026-09-27T03:20:20.001Z</time><ele>53.02</ele></trkpt><trkpt lat="37.22339" lon="126.847253"><time>2026-09-27T03:20:21.001Z</time><ele>53.59</ele></trkpt><trkpt lat="37.223364" lon="126.847473"><time>2026-09-27T03:20:22.001Z</time><ele>54.96</ele></trkpt><trkpt lat="37.223337" lon="126.847685"><time>2026-09-27T03:20:23.001Z</time><ele>55.34</ele></trkpt><trkpt lat="37.223307" lon="126.847894"><time>2026-09-27T03:20:24.001Z</time><ele>55.33</ele></trkpt><trkpt lat="37.223274" lon="126.848116"><time>2026-09-27T03:20:25.001Z</time><ele>55.95</ele></trkpt><trkpt lat="37.223242" lon="126.848341"><time>2026-09-27T03:20:26.001Z</time><ele>57.7</ele></trkpt><trkpt lat="37.223207" lon="126.84857"><time>2026-09-27T03:20:27.001Z</time><ele>58.97</ele></trkpt><trkpt lat="37.223173" lon="126.848799"><time>2026-09-27T03:20:28.001Z</time><ele>59.94</ele></trkpt><trkpt lat="37.223142" lon="126.849031"><time>2026-09-27T03:20:29.001Z</time><ele>60.92</ele></trkpt><trkpt lat="37.223115" lon="126.849272"><time>2026-09-27T03:20:30.001Z</time><ele>61.05</ele></trkpt><trkpt lat="37.223094" lon="126.849516"><time>2026-09-27T03:20:31.001Z</time><ele>62.39</ele></trkpt><trkpt lat="37.223082" lon="126.849756"><time>2026-09-27T03:20:32.001Z</time><ele>62.98</ele></trkpt><trkpt lat="37.223079" lon="126.849983"><time>2026-09-27T03:20:33.001Z</time><ele>62.93</ele></trkpt><trkpt lat="37.223084" lon="126.850215"><time>2026-09-27T03:20:34.001Z</time><ele>62.63</ele></trkpt><trkpt lat="37.223099" lon="126.850454"><time>2026-09-27T03:20:35.001Z</time><ele>62.15</ele></trkpt><trkpt lat="37.223102" lon="126.850695"><time>2026-09-27T03:20:36.001Z</time><ele>61.52</ele></trkpt><trkpt lat="37.223139" lon="126.850939"><time>2026-09-27T03:20:37.001Z</time><ele>60.73</ele></trkpt><trkpt lat="37.223205" lon="126.85118"><time>2026-09-27T03:20:38.001Z</time><ele>60.77</ele></trkpt><trkpt lat="37.223256" lon="126.851419"><time>2026-09-27T03:20:39.001Z</time><ele>60.61</ele></trkpt><trkpt lat="37.223317" lon="126.851661"><time>2026-09-27T03:20:40.001Z</time><ele>60.82</ele></trkpt><trkpt lat="37.223389" lon="126.851898"><time>2026-09-27T03:20:41.001Z</time><ele>60.19</ele></trkpt><trkpt lat="37.223469" lon="126.852126"><time>2026-09-27T03:20:42.001Z</time><ele>59.36</ele></trkpt><trkpt lat="37.223554" lon="126.852336"><time>2026-09-27T03:20:43.001Z</time><ele>58.3</ele></trkpt><trkpt lat="37.22364" lon="126.852537"><time>2026-09-27T03:20:44.001Z</time><ele>57.59</ele></trkpt><trkpt lat="37.223735" lon="126.852736"><time>2026-09-27T03:20:45.001Z</time><ele>56.92</ele></trkpt><trkpt lat="37.223839" lon="126.85294"><time>2026-09-27T03:20:46.001Z</time><ele>55.91</ele></trkpt><trkpt lat="37.223944" lon="126.853145"><time>2026-09-27T03:20:47.001Z</time><ele>55.13</ele></trkpt><trkpt lat="37.22405" lon="126.853355"><time>2026-09-27T03:20:48.001Z</time><ele>53.89</ele></trkpt><trkpt lat="37.224156" lon="126.853563"><time>2026-09-27T03:20:49.001Z</time><ele>52.54</ele></trkpt><trkpt lat="37.224267" lon="126.853779"><time>2026-09-27T03:20:50.001Z</time><ele>51.3</ele></trkpt><trkpt lat="37.22438" lon="126.854002"><time>2026-09-27T03:20:51.001Z</time><ele>49.69</ele></trkpt><trkpt lat="37.224491" lon="126.854224"><time>2026-09-27T03:20:52.001Z</time><ele>48.25</ele></trkpt><trkpt lat="37.2246" lon="126.854441"><time>2026-09-27T03:20:53.001Z</time><ele>46.99</ele></trkpt><trkpt lat="37.22471" lon="126.854657"><time>2026-09-27T03:20:54.001Z</time><ele>45.44</ele></trkpt><trkpt lat="37.224821" lon="126.854873"><time>2026-09-27T03:20:55.001Z</time><ele>44.02</ele></trkpt><trkpt lat="37.224927" lon="126.855078"><time>2026-09-27T03:20:56.001Z</time><ele>42.57</ele></trkpt><trkpt lat="37.225031" lon="126.855276"><time>2026-09-27T03:20:57.001Z</time><ele>41.35</ele></trkpt><trkpt lat="37.225138" lon="126.855471"><time>2026-09-27T03:20:58.001Z</time><ele>39.8</ele></trkpt><trkpt lat="37.225248" lon="126.855662"><time>2026-09-27T03:20:59.001Z</time><ele>38.22</ele></trkpt><trkpt lat="37.225351" lon="126.855843"><time>2026-09-27T03:21:00.001Z</time><ele>37.07</ele></trkpt><trkpt lat="37.225455" lon="126.856017"><time>2026-09-27T03:21:01.002Z</time><ele>35.7</ele></trkpt><trkpt lat="37.225561" lon="126.856187"><time>2026-09-27T03:21:02.002Z</time><ele>34.87</ele></trkpt><trkpt lat="37.225667" lon="126.856355"><time>2026-09-27T03:21:03.002Z</time><ele>33.37</ele></trkpt><trkpt lat="37.225777" lon="126.856521"><time>2026-09-27T03:21:04.002Z</time><ele>32.6</ele></trkpt><trkpt lat="37.22589" lon="126.856686"><time>2026-09-27T03:21:05.002Z</time><ele>31.48</ele></trkpt><trkpt lat="37.226008" lon="126.856853"><time>2026-09-27T03:21:06.002Z</time><ele>30.18</ele></trkpt><trkpt lat="37.226125" lon="126.857015"><time>2026-09-27T03:21:07.002Z</time><ele>29.3</ele></trkpt><trkpt lat="37.226239" lon="126.85717"><time>2026-09-27T03:21:08.000Z</time><ele>28.24</ele></trkpt><trkpt lat="37.226353" lon="126.857323"><time>2026-09-27T03:21:09.000Z</time><ele>27.02</ele></trkpt><trkpt lat="37.226462" lon="126.85747"><time>2026-09-27T03:21:10.000Z</time><ele>25.97</ele></trkpt><trkpt lat="37.226572" lon="126.857617"><time>2026-09-27T03:21:11.000Z</time><ele>25.48</ele></trkpt><trkpt lat="37.226686" lon="126.857771"><time>2026-09-27T03:21:12.000Z</time><ele>24.99</ele></trkpt><trkpt lat="37.226801" lon="126.857932"><time>2026-09-27T03:21:13.000Z</time><ele>24.79</ele></trkpt><trkpt lat="37.226914" lon="126.858085"><time>2026-09-27T03:21:14.000Z</time><ele>24.2</ele></trkpt><trkpt lat="37.227024" lon="126.858233"><time>2026-09-27T03:21:15.000Z</time><ele>23.98</ele></trkpt><trkpt lat="37.227136" lon="126.858383"><time>2026-09-27T03:21:16.000Z</time><ele>23.79</ele></trkpt><trkpt lat="37.227246" lon="126.858528"><time>2026-09-27T03:21:17.000Z</time><ele>24.04</ele></trkpt><trkpt lat="37.227355" lon="126.858674"><time>2026-09-27T03:21:18.000Z</time><ele>24.02</ele></trkpt><trkpt lat="37.227466" lon="126.858819"><time>2026-09-27T03:21:19.000Z</time><ele>23.87</ele></trkpt><trkpt lat="37.227578" lon="126.858963"><time>2026-09-27T03:21:20.000Z</time><ele>23.39</ele></trkpt><trkpt lat="37.22769" lon="126.859093"><time>2026-09-27T03:21:21.000Z</time><ele>23.3</ele></trkpt><trkpt lat="37.227793" lon="126.859193"><time>2026-09-27T03:21:22.000Z</time><ele>22.34</ele></trkpt><trkpt lat="37.227896" lon="126.859283"><time>2026-09-27T03:21:23.000Z</time><ele>22.04</ele></trkpt><trkpt lat="37.227996" lon="126.859368"><time>2026-09-27T03:21:24.000Z</time><ele>22.17</ele></trkpt><trkpt lat="37.228098" lon="126.859451"><time>2026-09-27T03:21:25.000Z</time><ele>22.18</ele></trkpt><trkpt lat="37.228208" lon="126.859536"><time>2026-09-27T03:21:26.000Z</time><ele>22.27</ele></trkpt><trkpt lat="37.228331" lon="126.859622"><time>2026-09-27T03:21:27.000Z</time><ele>22.61</ele></trkpt><trkpt lat="37.228473" lon="126.859703"><time>2026-09-27T03:21:28.000Z</time><ele>22.49</ele></trkpt><trkpt lat="37.228615" lon="126.859806"><time>2026-09-27T03:21:29.000Z</time><ele>22.96</ele></trkpt><trkpt lat="37.228779" lon="126.859879"><time>2026-09-27T03:21:30.000Z</time><ele>23.44</ele></trkpt><trkpt lat="37.228951" lon="126.859948"><time>2026-09-27T03:21:31.000Z</time><ele>23.17</ele></trkpt><trkpt lat="37.229125" lon="126.86001"><time>2026-09-27T03:21:32.000Z</time><ele>23.72</ele></trkpt><trkpt lat="37.229302" lon="126.860053"><time>2026-09-27T03:21:33.000Z</time><ele>23.79</ele></trkpt><trkpt lat="37.229479" lon="126.86009"><time>2026-09-27T03:21:34.000Z</time><ele>24.02</ele></trkpt><trkpt lat="37.229657" lon="126.860129"><time>2026-09-27T03:21:35.000Z</time><ele>23.87</ele></trkpt><trkpt lat="37.229838" lon="126.860138"><time>2026-09-27T03:21:36.000Z</time><ele>23.42</ele></trkpt><trkpt lat="37.230008" lon="126.860153"><time>2026-09-27T03:21:37.000Z</time><ele>23.42</ele></trkpt><trkpt lat="37.230195" lon="126.860149"><time>2026-09-27T03:21:38.000Z</time><ele>23.28</ele></trkpt><trkpt lat="37.230396" lon="126.860167"><time>2026-09-27T03:21:39.000Z</time><ele>23.36</ele></trkpt><trkpt lat="37.230603" lon="126.860188"><time>2026-09-27T03:21:40.000Z</time><ele>23.38</ele></trkpt><trkpt lat="37.230809" lon="126.86021"><time>2026-09-27T03:21:41.000Z</time><ele>23.7</ele></trkpt><trkpt lat="37.231014" lon="126.86024"><time>2026-09-27T03:21:42.000Z</time><ele>23.82</ele></trkpt><trkpt lat="37.231218" lon="126.86028"><time>2026-09-27T03:21:43.000Z</time><ele>24.15</ele></trkpt><trkpt lat="37.23141" lon="126.860329"><time>2026-09-27T03:21:44.000Z</time><ele>23.74</ele></trkpt><trkpt lat="37.231608" lon="126.860376"><time>2026-09-27T03:21:45.000Z</time><ele>23.38</ele></trkpt><trkpt lat="37.231809" lon="126.860434"><time>2026-09-27T03:21:46.000Z</time><ele>23.33</ele></trkpt><trkpt lat="37.232013" lon="126.860492"><time>2026-09-27T03:21:47.000Z</time><ele>22.42</ele></trkpt><trkpt lat="37.232222" lon="126.860553"><time>2026-09-27T03:21:48.000Z</time><ele>21.56</ele></trkpt><trkpt lat="37.232432" lon="126.860618"><time>2026-09-27T03:21:49.000Z</time><ele>21.35</ele></trkpt><trkpt lat="37.232644" lon="126.860684"><time>2026-09-27T03:21:50.000Z</time><ele>20.53</ele></trkpt><trkpt lat="37.232854" lon="126.860748"><time>2026-09-27T03:21:51.000Z</time><ele>20.69</ele></trkpt><trkpt lat="37.233064" lon="126.86081"><time>2026-09-27T03:21:52.001Z</time><ele>20.39</ele></trkpt><trkpt lat="37.233272" lon="126.860874"><time>2026-09-27T03:21:53.001Z</time><ele>20.31</ele></trkpt><trkpt lat="37.233479" lon="126.860938"><time>2026-09-27T03:21:54.001Z</time><ele>20.63</ele></trkpt><trkpt lat="37.233685" lon="126.861003"><time>2026-09-27T03:21:55.001Z</time><ele>21</ele></trkpt><trkpt lat="37.233888" lon="126.861065"><time>2026-09-27T03:21:56.001Z</time><ele>21.2</ele></trkpt><trkpt lat="37.234089" lon="126.861124"><time>2026-09-27T03:21:57.001Z</time><ele>22.01</ele></trkpt><trkpt lat="37.234287" lon="126.861187"><time>2026-09-27T03:21:58.001Z</time><ele>22.65</ele></trkpt><trkpt lat="37.23449" lon="126.86127"><time>2026-09-27T03:21:59.001Z</time><ele>23.05</ele></trkpt><trkpt lat="37.234699" lon="126.861343"><time>2026-09-27T03:22:00.001Z</time><ele>23.42</ele></trkpt><trkpt lat="37.23491" lon="126.861392"><time>2026-09-27T03:22:01.001Z</time><ele>23.96</ele></trkpt><trkpt lat="37.235121" lon="126.861435"><time>2026-09-27T03:22:02.001Z</time><ele>24.62</ele></trkpt><trkpt lat="37.235331" lon="126.861497"><time>2026-09-27T03:22:03.001Z</time><ele>25.03</ele></trkpt><trkpt lat="37.235543" lon="126.861557"><time>2026-09-27T03:22:04.001Z</time><ele>25.27</ele></trkpt><trkpt lat="37.235759" lon="126.861616"><time>2026-09-27T03:22:05.001Z</time><ele>25.98</ele></trkpt><trkpt lat="37.235969" lon="126.861677"><time>2026-09-27T03:22:06.001Z</time><ele>26.31</ele></trkpt><trkpt lat="37.236183" lon="126.861748"><time>2026-09-27T03:22:07.001Z</time><ele>26.49</ele></trkpt><trkpt lat="37.236395" lon="126.861828"><time>2026-09-27T03:22:08.001Z</time><ele>26.83</ele></trkpt><trkpt lat="37.236604" lon="126.861925"><time>2026-09-27T03:22:09.001Z</time><ele>27.34</ele></trkpt><trkpt lat="37.236807" lon="126.862032"><time>2026-09-27T03:22:10.001Z</time><ele>28.13</ele></trkpt><trkpt lat="37.237006" lon="126.862159"><time>2026-09-27T03:22:11.001Z</time><ele>28.55</ele></trkpt><trkpt lat="37.237199" lon="126.862303"><time>2026-09-27T03:22:12.001Z</time><ele>29.08</ele></trkpt><trkpt lat="37.237386" lon="126.862468"><time>2026-09-27T03:22:13.001Z</time><ele>29.5</ele></trkpt><trkpt lat="37.23756" lon="126.862657"><time>2026-09-27T03:22:14.001Z</time><ele>29.68</ele></trkpt><trkpt lat="37.237721" lon="126.862864"><time>2026-09-27T03:22:15.001Z</time><ele>29.74</ele></trkpt><trkpt lat="37.237873" lon="126.863094"><time>2026-09-27T03:22:16.001Z</time><ele>30.27</ele></trkpt><trkpt lat="37.238007" lon="126.863336"><time>2026-09-27T03:22:17.001Z</time><ele>30.81</ele></trkpt><trkpt lat="37.238124" lon="126.863594"><time>2026-09-27T03:22:18.001Z</time><ele>31.62</ele></trkpt><trkpt lat="37.238225" lon="126.863862"><time>2026-09-27T03:22:19.001Z</time><ele>32.32</ele></trkpt><trkpt lat="37.238311" lon="126.864144"><time>2026-09-27T03:22:20.001Z</time><ele>33.33</ele></trkpt><trkpt lat="37.238391" lon="126.864426"><time>2026-09-27T03:22:21.001Z</time><ele>34.39</ele></trkpt><trkpt lat="37.238455" lon="126.864716"><time>2026-09-27T03:22:22.001Z</time><ele>35.64</ele></trkpt><trkpt lat="37.238518" lon="126.865018"><time>2026-09-27T03:22:23.001Z</time><ele>36.58</ele></trkpt><trkpt lat="37.238583" lon="126.865327"><time>2026-09-27T03:22:24.001Z</time><ele>37.65</ele></trkpt><trkpt lat="37.238645" lon="126.865644"><time>2026-09-27T03:22:25.001Z</time><ele>39.25</ele></trkpt><trkpt lat="37.238709" lon="126.865955"><time>2026-09-27T03:22:26.001Z</time><ele>41.11</ele></trkpt><trkpt lat="37.238769" lon="126.866266"><time>2026-09-27T03:22:27.001Z</time><ele>42.29</ele></trkpt><trkpt lat="37.238829" lon="126.866569"><time>2026-09-27T03:22:28.001Z</time><ele>43.16</ele></trkpt><trkpt lat="37.238892" lon="126.86687"><time>2026-09-27T03:22:29.001Z</time><ele>44.22</ele></trkpt><trkpt lat="37.238951" lon="126.867166"><time>2026-09-27T03:22:30.001Z</time><ele>45.42</ele></trkpt><trkpt lat="37.23901" lon="126.867462"><time>2026-09-27T03:22:31.001Z</time><ele>46.95</ele></trkpt><trkpt lat="37.239067" lon="126.867753"><time>2026-09-27T03:22:32.001Z</time><ele>48.16</ele></trkpt><trkpt lat="37.239124" lon="126.868038"><time>2026-09-27T03:22:33.001Z</time><ele>49.13</ele></trkpt><trkpt lat="37.239182" lon="126.868321"><time>2026-09-27T03:22:34.001Z</time><ele>49.83</ele></trkpt><trkpt lat="37.239238" lon="126.868604"><time>2026-09-27T03:22:35.001Z</time><ele>50.34</ele></trkpt><trkpt lat="37.239294" lon="126.868886"><time>2026-09-27T03:22:36.001Z</time><ele>50.29</ele></trkpt><trkpt lat="37.239347" lon="126.869168"><time>2026-09-27T03:22:37.001Z</time><ele>50.33</ele></trkpt><trkpt lat="37.239404" lon="126.869457"><time>2026-09-27T03:22:38.001Z</time><ele>50.33</ele></trkpt><trkpt lat="37.239456" lon="126.869755"><time>2026-09-27T03:22:39.001Z</time><ele>50.28</ele></trkpt><trkpt lat="37.239506" lon="126.87007"><time>2026-09-27T03:22:40.001Z</time><ele>50.63</ele></trkpt><trkpt lat="37.239565" lon="126.870391"><time>2026-09-27T03:22:41.001Z</time><ele>50.45</ele></trkpt><trkpt lat="37.239628" lon="126.870706"><time>2026-09-27T03:22:42.001Z</time><ele>49.69</ele></trkpt><trkpt lat="37.239685" lon="126.871019"><time>2026-09-27T03:22:43.001Z</time><ele>48.52</ele></trkpt><trkpt lat="37.23973" lon="126.871323"><time>2026-09-27T03:22:44.001Z</time><ele>46.96</ele></trkpt><trkpt lat="37.23976" lon="126.871622"><time>2026-09-27T03:22:45.001Z</time><ele>46.82</ele></trkpt><trkpt lat="37.239782" lon="126.871926"><time>2026-09-27T03:22:46.001Z</time><ele>46.03</ele></trkpt><trkpt lat="37.239792" lon="126.87223"><time>2026-09-27T03:22:47.001Z</time><ele>45.96</ele></trkpt><trkpt lat="37.239798" lon="126.872542"><time>2026-09-27T03:22:48.001Z</time><ele>45.59</ele></trkpt><trkpt lat="37.239797" lon="126.872853"><time>2026-09-27T03:22:49.001Z</time><ele>46.03</ele></trkpt><trkpt lat="37.239788" lon="126.87315"><time>2026-09-27T03:22:50.001Z</time><ele>46.41</ele></trkpt><trkpt lat="37.239765" lon="126.873445"><time>2026-09-27T03:22:51.001Z</time><ele>46.45</ele></trkpt><trkpt lat="37.239732" lon="126.873741"><time>2026-09-27T03:22:52.001Z</time><ele>46.64</ele></trkpt><trkpt lat="37.239693" lon="126.874035"><time>2026-09-27T03:22:53.001Z</time><ele>45.88</ele></trkpt><trkpt lat="37.239648" lon="126.874329"><time>2026-09-27T03:22:54.001Z</time><ele>45.59</ele></trkpt><trkpt lat="37.239606" lon="126.874635"><time>2026-09-27T03:22:55.001Z</time><ele>45.04</ele></trkpt><trkpt lat="37.239564" lon="126.874942"><time>2026-09-27T03:22:56.001Z</time><ele>45</ele></trkpt><trkpt lat="37.239523" lon="126.875233"><time>2026-09-27T03:22:57.001Z</time><ele>44.46</ele></trkpt><trkpt lat="37.239486" lon="126.875518"><time>2026-09-27T03:22:58.001Z</time><ele>44.62</ele></trkpt><trkpt lat="37.239451" lon="126.875794"><time>2026-09-27T03:22:59.001Z</time><ele>44.25</ele></trkpt><trkpt lat="37.239412" lon="126.876069"><time>2026-09-27T03:23:00.001Z</time><ele>43.81</ele></trkpt><trkpt lat="37.239376" lon="126.876332"><time>2026-09-27T03:23:01.001Z</time><ele>43.52</ele></trkpt><trkpt lat="37.239342" lon="126.876594"><time>2026-09-27T03:23:02.001Z</time><ele>42.77</ele></trkpt><trkpt lat="37.23931" lon="126.876845"><time>2026-09-27T03:23:03.002Z</time><ele>42.46</ele></trkpt><trkpt lat="37.239282" lon="126.877085"><time>2026-09-27T03:23:04.002Z</time><ele>41.55</ele></trkpt><trkpt lat="37.239257" lon="126.877319"><time>2026-09-27T03:23:05.002Z</time><ele>41.28</ele></trkpt><trkpt lat="37.239238" lon="126.877542"><time>2026-09-27T03:23:06.002Z</time><ele>40.71</ele></trkpt><trkpt lat="37.239225" lon="126.87775"><time>2026-09-27T03:23:07.002Z</time><ele>39.73</ele></trkpt><trkpt lat="37.239217" lon="126.877951"><time>2026-09-27T03:23:08.002Z</time><ele>39.67</ele></trkpt><trkpt lat="37.239213" lon="126.878139"><time>2026-09-27T03:23:09.002Z</time><ele>39.09</ele></trkpt><trkpt lat="37.239213" lon="126.878308"><time>2026-09-27T03:23:10.002Z</time><ele>38.57</ele></trkpt><trkpt lat="37.239215" lon="126.878461"><time>2026-09-27T03:23:11.002Z</time><ele>38.39</ele></trkpt><trkpt lat="37.239214" lon="126.878591"><time>2026-09-27T03:23:12.002Z</time><ele>37.5</ele></trkpt><trkpt lat="37.239216" lon="126.878708"><time>2026-09-27T03:23:13.002Z</time><ele>37.01</ele></trkpt><trkpt lat="37.239218" lon="126.878811"><time>2026-09-27T03:23:14.000Z</time><ele>36.78</ele></trkpt><trkpt lat="37.239223" lon="126.878897"><time>2026-09-27T03:23:15.000Z</time><ele>36.13</ele></trkpt><trkpt lat="37.239228" lon="126.878966"><time>2026-09-27T03:23:16.000Z</time><ele>35.5</ele></trkpt><trkpt lat="37.239237" lon="126.879073"><time>2026-09-27T03:23:18.000Z</time><ele>35.08</ele></trkpt><trkpt lat="37.239245" lon="126.879187"><time>2026-09-27T03:23:20.000Z</time><ele>34.55</ele></trkpt><trkpt lat="37.239252" lon="126.879267"><time>2026-09-27T03:23:21.000Z</time><ele>33.74</ele></trkpt><trkpt lat="37.239271" lon="126.879367"><time>2026-09-27T03:23:22.000Z</time><ele>33.64</ele></trkpt><trkpt lat="37.239306" lon="126.879495"><time>2026-09-27T03:23:23.000Z</time><ele>32.94</ele></trkpt><trkpt lat="37.239334" lon="126.879654"><time>2026-09-27T03:23:24.000Z</time><ele>32.55</ele></trkpt><trkpt lat="37.239357" lon="126.879831"><time>2026-09-27T03:23:25.000Z</time><ele>32.23</ele></trkpt><trkpt lat="37.239388" lon="126.880021"><time>2026-09-27T03:23:26.000Z</time><ele>32</ele></trkpt><trkpt lat="37.239428" lon="126.880219"><time>2026-09-27T03:23:27.000Z</time><ele>31.66</ele></trkpt><trkpt lat="37.239469" lon="126.880404"><time>2026-09-27T03:23:28.000Z</time><ele>31.83</ele></trkpt><trkpt lat="37.239508" lon="126.880576"><time>2026-09-27T03:23:29.000Z</time><ele>31.81</ele></trkpt><trkpt lat="37.239549" lon="126.880742"><time>2026-09-27T03:23:30.000Z</time><ele>31.1</ele></trkpt><trkpt lat="37.239594" lon="126.880911"><time>2026-09-27T03:23:31.000Z</time><ele>30.64</ele></trkpt><trkpt lat="37.239639" lon="126.881089"><time>2026-09-27T03:23:32.000Z</time><ele>30.35</ele></trkpt><trkpt lat="37.239693" lon="126.881272"><time>2026-09-27T03:23:33.000Z</time><ele>29.46</ele></trkpt><trkpt lat="37.239747" lon="126.881456"><time>2026-09-27T03:23:34.000Z</time><ele>29.11</ele></trkpt><trkpt lat="37.2398" lon="126.881643"><time>2026-09-27T03:23:35.000Z</time><ele>28.79</ele></trkpt><trkpt lat="37.239854" lon="126.881827"><time>2026-09-27T03:23:36.000Z</time><ele>28.83</ele></trkpt><trkpt lat="37.239909" lon="126.882015"><time>2026-09-27T03:23:37.000Z</time><ele>28.7</ele></trkpt><trkpt lat="37.239957" lon="126.882201"><time>2026-09-27T03:23:38.000Z</time><ele>28.27</ele></trkpt><trkpt lat="37.240012" lon="126.882381"><time>2026-09-27T03:23:39.000Z</time><ele>27.82</ele></trkpt><trkpt lat="37.240068" lon="126.882577"><time>2026-09-27T03:23:40.000Z</time><ele>27.54</ele></trkpt><trkpt lat="37.240128" lon="126.882792"><time>2026-09-27T03:23:41.000Z</time><ele>28.43</ele></trkpt><trkpt lat="37.240195" lon="126.883025"><time>2026-09-27T03:23:42.000Z</time><ele>28.33</ele></trkpt><trkpt lat="37.240267" lon="126.883273"><time>2026-09-27T03:23:43.000Z</time><ele>28.55</ele></trkpt><trkpt lat="37.240342" lon="126.883539"><time>2026-09-27T03:23:44.000Z</time><ele>29.11</ele></trkpt><trkpt lat="37.240422" lon="126.883817"><time>2026-09-27T03:23:45.000Z</time><ele>29.19</ele></trkpt><trkpt lat="37.240506" lon="126.884107"><time>2026-09-27T03:23:46.000Z</time><ele>29.84</ele></trkpt><trkpt lat="37.240589" lon="126.884388"><time>2026-09-27T03:23:47.000Z</time><ele>30.23</ele></trkpt><trkpt lat="37.240669" lon="126.884644"><time>2026-09-27T03:23:48.000Z</time><ele>30.65</ele></trkpt><trkpt lat="37.240757" lon="126.884882"><time>2026-09-27T03:23:49.000Z</time><ele>30.96</ele></trkpt><trkpt lat="37.240852" lon="126.885118"><time>2026-09-27T03:23:50.000Z</time><ele>30.84</ele></trkpt><trkpt lat="37.24095" lon="126.885354"><time>2026-09-27T03:23:51.000Z</time><ele>31.13</ele></trkpt><trkpt lat="37.241057" lon="126.885593"><time>2026-09-27T03:23:52.000Z</time><ele>30.55</ele></trkpt><trkpt lat="37.241175" lon="126.885838"><time>2026-09-27T03:23:53.000Z</time><ele>30.82</ele></trkpt><trkpt lat="37.241307" lon="126.886085"><time>2026-09-27T03:23:54.000Z</time><ele>30.63</ele></trkpt><trkpt lat="37.241458" lon="126.886328"><time>2026-09-27T03:23:55.000Z</time><ele>30.81</ele></trkpt><trkpt lat="37.241612" lon="126.886572"><time>2026-09-27T03:23:56.000Z</time><ele>30.85</ele></trkpt><trkpt lat="37.241771" lon="126.886808"><time>2026-09-27T03:23:57.000Z</time><ele>31.08</ele></trkpt><trkpt lat="37.241935" lon="126.887039"><time>2026-09-27T03:23:58.000Z</time><ele>31.78</ele></trkpt><trkpt lat="37.24211" lon="126.887259"><time>2026-09-27T03:23:59.000Z</time><ele>31.04</ele></trkpt><trkpt lat="37.242294" lon="126.887471"><time>2026-09-27T03:24:00.001Z</time><ele>30.66</ele></trkpt><trkpt lat="37.242485" lon="126.88768"><time>2026-09-27T03:24:01.001Z</time><ele>30.41</ele></trkpt><trkpt lat="37.242686" lon="126.887879"><time>2026-09-27T03:24:02.001Z</time><ele>30.26</ele></trkpt><trkpt lat="37.242893" lon="126.888067"><time>2026-09-27T03:24:03.001Z</time><ele>30.08</ele></trkpt><trkpt lat="37.243113" lon="126.888247"><time>2026-09-27T03:24:04.001Z</time><ele>29.67</ele></trkpt><trkpt lat="37.243339" lon="126.888418"><time>2026-09-27T03:24:05.001Z</time><ele>29.23</ele></trkpt><trkpt lat="37.243572" lon="126.888581"><time>2026-09-27T03:24:06.001Z</time><ele>28.98</ele></trkpt><trkpt lat="37.243809" lon="126.888735"><time>2026-09-27T03:24:07.001Z</time><ele>28.6</ele></trkpt><trkpt lat="37.244053" lon="126.88888"><time>2026-09-27T03:24:08.001Z</time><ele>28.01</ele></trkpt><trkpt lat="37.245716" lon="126.889886"><time>2026-09-27T03:24:15.001Z</time><ele>21.14</ele></trkpt><trkpt lat="37.245924" lon="126.890015"><time>2026-09-27T03:24:16.001Z</time><ele>19.6</ele></trkpt><trkpt lat="37.246125" lon="126.890138"><time>2026-09-27T03:24:17.001Z</time><ele>18.52</ele></trkpt><trkpt lat="37.246315" lon="126.890253"><time>2026-09-27T03:24:18.001Z</time><ele>17.75</ele></trkpt><trkpt lat="37.246493" lon="126.890366"><time>2026-09-27T03:24:19.001Z</time><ele>17.02</ele></trkpt><trkpt lat="37.246651" lon="126.89047"><time>2026-09-27T03:24:20.001Z</time><ele>16.61</ele></trkpt><trkpt lat="37.246791" lon="126.890568"><time>2026-09-27T03:24:21.001Z</time><ele>16.02</ele></trkpt><trkpt lat="37.246916" lon="126.890657"><time>2026-09-27T03:24:22.001Z</time><ele>15.68</ele></trkpt><trkpt lat="37.247017" lon="126.890748"><time>2026-09-27T03:24:23.001Z</time><ele>15.17</ele></trkpt><trkpt lat="37.2471" lon="126.890844"><time>2026-09-27T03:24:24.001Z</time><ele>15.27</ele></trkpt><trkpt lat="37.247178" lon="126.890931"><time>2026-09-27T03:24:25.001Z</time><ele>15.31</ele></trkpt><trkpt lat="37.247252" lon="126.891004"><time>2026-09-27T03:24:26.001Z</time><ele>15.48</ele></trkpt><trkpt lat="37.247321" lon="126.891078"><time>2026-09-27T03:24:27.001Z</time><ele>15.82</ele></trkpt><trkpt lat="37.247383" lon="126.891154"><time>2026-09-27T03:24:28.001Z</time><ele>15.68</ele></trkpt><trkpt lat="37.247451" lon="126.891243"><time>2026-09-27T03:24:29.001Z</time><ele>16.29</ele></trkpt><trkpt lat="37.247548" lon="126.891324"><time>2026-09-27T03:24:30.001Z</time><ele>16.58</ele></trkpt><trkpt lat="37.247649" lon="126.891423"><time>2026-09-27T03:24:31.001Z</time><ele>16.79</ele></trkpt><trkpt lat="37.24776" lon="126.89152"><time>2026-09-27T03:24:32.001Z</time><ele>17</ele></trkpt><trkpt lat="37.247882" lon="126.891626"><time>2026-09-27T03:24:33.001Z</time><ele>16.49</ele></trkpt><trkpt lat="37.248034" lon="126.892046"><time>2026-09-27T03:24:35.001Z</time><ele>16.88</ele></trkpt><trkpt lat="37.248126" lon="126.892216"><time>2026-09-27T03:24:36.001Z</time><ele>17.33</ele></trkpt><trkpt lat="37.24822" lon="126.892392"><time>2026-09-27T03:24:37.001Z</time><ele>17.3</ele></trkpt><trkpt lat="37.248317" lon="126.892587"><time>2026-09-27T03:24:38.001Z</time><ele>17.59</ele></trkpt><trkpt lat="37.248396" lon="126.892767"><time>2026-09-27T03:24:39.001Z</time><ele>17.71</ele></trkpt><trkpt lat="37.248468" lon="126.892939"><time>2026-09-27T03:24:40.001Z</time><ele>18.02</ele></trkpt><trkpt lat="37.248531" lon="126.893105"><time>2026-09-27T03:24:41.001Z</time><ele>18.37</ele></trkpt><trkpt lat="37.248591" lon="126.893281"><time>2026-09-27T03:24:42.001Z</time><ele>18.55</ele></trkpt><trkpt lat="37.248642" lon="126.893459"><time>2026-09-27T03:24:43.001Z</time><ele>19.15</ele></trkpt><trkpt lat="37.248687" lon="126.893641"><time>2026-09-27T03:24:44.001Z</time><ele>19.41</ele></trkpt><trkpt lat="37.248721" lon="126.893817"><time>2026-09-27T03:24:45.001Z</time><ele>19.97</ele></trkpt><trkpt lat="37.248754" lon="126.894005"><time>2026-09-27T03:24:46.001Z</time><ele>20.98</ele></trkpt><trkpt lat="37.248783" lon="126.894195"><time>2026-09-27T03:24:47.001Z</time><ele>21.73</ele></trkpt><trkpt lat="37.248815" lon="126.894386"><time>2026-09-27T03:24:48.001Z</time><ele>21.91</ele></trkpt><trkpt lat="37.248846" lon="126.89458"><time>2026-09-27T03:24:49.001Z</time><ele>22.13</ele></trkpt><trkpt lat="37.248871" lon="126.894761"><time>2026-09-27T03:24:50.001Z</time><ele>22.32</ele></trkpt><trkpt lat="37.248894" lon="126.894949"><time>2026-09-27T03:24:51.001Z</time><ele>22.59</ele></trkpt><trkpt lat="37.248913" lon="126.895145"><time>2026-09-27T03:24:52.001Z</time><ele>22.43</ele></trkpt><trkpt lat="37.248919" lon="126.895353"><time>2026-09-27T03:24:53.001Z</time><ele>23.09</ele></trkpt><trkpt lat="37.248912" lon="126.895567"><time>2026-09-27T03:24:54.001Z</time><ele>23.25</ele></trkpt><trkpt lat="37.248904" lon="126.895769"><time>2026-09-27T03:24:55.001Z</time><ele>22.91</ele></trkpt><trkpt lat="37.248881" lon="126.895977"><time>2026-09-27T03:24:56.001Z</time><ele>23.1</ele></trkpt><trkpt lat="37.248842" lon="126.896189"><time>2026-09-27T03:24:57.001Z</time><ele>22.65</ele></trkpt><trkpt lat="37.248795" lon="126.8964"><time>2026-09-27T03:24:58.001Z</time><ele>22.28</ele></trkpt><trkpt lat="37.248737" lon="126.896608"><time>2026-09-27T03:24:59.001Z</time><ele>21.72</ele></trkpt><trkpt lat="37.248668" lon="126.896811"><time>2026-09-27T03:25:00.001Z</time><ele>20.93</ele></trkpt><trkpt lat="37.248592" lon="126.897015"><time>2026-09-27T03:25:01.001Z</time><ele>20.24</ele></trkpt><trkpt lat="37.248512" lon="126.897211"><time>2026-09-27T03:25:02.001Z</time><ele>19.84</ele></trkpt><trkpt lat="37.248439" lon="126.897396"><time>2026-09-27T03:25:03.001Z</time><ele>19.32</ele></trkpt><trkpt lat="37.248363" lon="126.897587"><time>2026-09-27T03:25:04.001Z</time><ele>19.16</ele></trkpt><trkpt lat="37.248287" lon="126.897784"><time>2026-09-27T03:25:05.001Z</time><ele>19.36</ele></trkpt><trkpt lat="37.24821" lon="126.89798"><time>2026-09-27T03:25:06.001Z</time><ele>19.23</ele></trkpt><trkpt lat="37.248129" lon="126.898175"><time>2026-09-27T03:25:07.001Z</time><ele>18.72</ele></trkpt><trkpt lat="37.248046" lon="126.898372"><time>2026-09-27T03:25:08.001Z</time><ele>18.96</ele></trkpt><trkpt lat="37.247977" lon="126.898577"><time>2026-09-27T03:25:09.001Z</time><ele>18.32</ele></trkpt><trkpt lat="37.247922" lon="126.898787"><time>2026-09-27T03:25:10.001Z</time><ele>18.32</ele></trkpt><trkpt lat="37.247883" lon="126.898995"><time>2026-09-27T03:25:11.001Z</time><ele>18.73</ele></trkpt><trkpt lat="37.247861" lon="126.899218"><time>2026-09-27T03:25:12.002Z</time><ele>19.44</ele></trkpt><trkpt lat="37.247852" lon="126.899441"><time>2026-09-27T03:25:13.002Z</time><ele>19.55</ele></trkpt><trkpt lat="37.247854" lon="126.899672"><time>2026-09-27T03:25:14.002Z</time><ele>19.66</ele></trkpt><trkpt lat="37.247869" lon="126.89991"><time>2026-09-27T03:25:15.002Z</time><ele>19.67</ele></trkpt><trkpt lat="37.247899" lon="126.90015"><time>2026-09-27T03:25:16.002Z</time><ele>19.31</ele></trkpt><trkpt lat="37.24794" lon="126.90039"><time>2026-09-27T03:25:17.002Z</time><ele>19.23</ele></trkpt><trkpt lat="37.24798" lon="126.900623"><time>2026-09-27T03:25:18.002Z</time><ele>18.87</ele></trkpt><trkpt lat="37.24801" lon="126.900845"><time>2026-09-27T03:25:19.002Z</time><ele>19.7</ele></trkpt><trkpt lat="37.248036" lon="126.901059"><time>2026-09-27T03:25:20.000Z</time><ele>19.41</ele></trkpt><trkpt lat="37.248062" lon="126.90127"><time>2026-09-27T03:25:21.000Z</time><ele>19.4</ele></trkpt><trkpt lat="37.248091" lon="126.901483"><time>2026-09-27T03:25:22.000Z</time><ele>19.24</ele></trkpt><trkpt lat="37.248123" lon="126.901694"><time>2026-09-27T03:25:23.000Z</time><ele>19.46</ele></trkpt><trkpt lat="37.248155" lon="126.901911"><time>2026-09-27T03:25:24.000Z</time><ele>18.85</ele></trkpt><trkpt lat="37.248184" lon="126.902133"><time>2026-09-27T03:25:25.000Z</time><ele>18.54</ele></trkpt><trkpt lat="37.248216" lon="126.902355"><time>2026-09-27T03:25:26.000Z</time><ele>18.49</ele></trkpt><trkpt lat="37.248248" lon="126.902579"><time>2026-09-27T03:25:27.000Z</time><ele>18.57</ele></trkpt><trkpt lat="37.248275" lon="126.902803"><time>2026-09-27T03:25:28.000Z</time><ele>18.81</ele></trkpt><trkpt lat="37.248299" lon="126.903025"><time>2026-09-27T03:25:29.000Z</time><ele>18.59</ele></trkpt><trkpt lat="37.248322" lon="126.903233"><time>2026-09-27T03:25:30.000Z</time><ele>17.98</ele></trkpt><trkpt lat="37.248346" lon="126.903432"><time>2026-09-27T03:25:31.000Z</time><ele>17.87</ele></trkpt><trkpt lat="37.248374" lon="126.90364"><time>2026-09-27T03:25:32.000Z</time><ele>17.75</ele></trkpt><trkpt lat="37.248407" lon="126.903853"><time>2026-09-27T03:25:33.000Z</time><ele>17.39</ele></trkpt><trkpt lat="37.24844" lon="126.904064"><time>2026-09-27T03:25:34.000Z</time><ele>17.1</ele></trkpt><trkpt lat="37.248468" lon="126.904264"><time>2026-09-27T03:25:35.000Z</time><ele>16.74</ele></trkpt><trkpt lat="37.248495" lon="126.904452"><time>2026-09-27T03:25:36.000Z</time><ele>16.34</ele></trkpt><trkpt lat="37.248519" lon="126.904632"><time>2026-09-27T03:25:37.000Z</time><ele>16.15</ele></trkpt><trkpt lat="37.248541" lon="126.904804"><time>2026-09-27T03:25:38.000Z</time><ele>16.09</ele></trkpt><trkpt lat="37.248554" lon="126.904981"><time>2026-09-27T03:25:39.000Z</time><ele>15.2</ele></trkpt><trkpt lat="37.24854" lon="126.905166"><time>2026-09-27T03:25:40.000Z</time><ele>14.95</ele></trkpt><trkpt lat="37.248498" lon="126.905337"><time>2026-09-27T03:25:41.000Z</time><ele>14.6</ele></trkpt><trkpt lat="37.248431" lon="126.9055"><time>2026-09-27T03:25:42.000Z</time><ele>14.37</ele></trkpt><trkpt lat="37.248338" lon="126.905656"><time>2026-09-27T03:25:43.000Z</time><ele>14.84</ele></trkpt><trkpt lat="37.248231" lon="126.905816"><time>2026-09-27T03:25:44.000Z</time><ele>16.24</ele></trkpt><trkpt lat="37.24812" lon="126.905988"><time>2026-09-27T03:25:45.000Z</time><ele>16.92</ele></trkpt><trkpt lat="37.248006" lon="126.906175"><time>2026-09-27T03:25:46.000Z</time><ele>17.53</ele></trkpt><trkpt lat="37.247884" lon="126.906368"><time>2026-09-27T03:25:47.000Z</time><ele>18.69</ele></trkpt><trkpt lat="37.247759" lon="126.906565"><time>2026-09-27T03:25:48.000Z</time><ele>19.83</ele></trkpt><trkpt lat="37.247644" lon="126.906746"><time>2026-09-27T03:25:49.000Z</time><ele>20.97</ele></trkpt><trkpt lat="37.24754" lon="126.906917"><time>2026-09-27T03:25:50.000Z</time><ele>21.74</ele></trkpt><trkpt lat="37.247445" lon="126.9071"><time>2026-09-27T03:25:51.000Z</time><ele>22.01</ele></trkpt><trkpt lat="37.247352" lon="126.907288"><time>2026-09-27T03:25:52.000Z</time><ele>22.42</ele></trkpt><trkpt lat="37.247272" lon="126.907484"><time>2026-09-27T03:25:53.000Z</time><ele>22.82</ele></trkpt><trkpt lat="37.247202" lon="126.907695"><time>2026-09-27T03:25:54.000Z</time><ele>22.63</ele></trkpt><trkpt lat="37.247048" lon="126.907871"><time>2026-09-27T03:25:55.000Z</time><ele>22.51</ele></trkpt><trkpt lat="37.246956" lon="126.908082"><time>2026-09-27T03:25:56.000Z</time><ele>22.42</ele></trkpt><trkpt lat="37.246866" lon="126.908304"><time>2026-09-27T03:25:57.000Z</time><ele>22.33</ele></trkpt><trkpt lat="37.246773" lon="126.908549"><time>2026-09-27T03:25:58.000Z</time><ele>22.18</ele></trkpt><trkpt lat="37.246676" lon="126.908814"><time>2026-09-27T03:25:59.000Z</time><ele>22.78</ele></trkpt><trkpt lat="37.246581" lon="126.909095"><time>2026-09-27T03:26:00.000Z</time><ele>22.97</ele></trkpt><trkpt lat="37.24649" lon="126.909379"><time>2026-09-27T03:26:01.000Z</time><ele>23.07</ele></trkpt><trkpt lat="37.2464" lon="126.909652"><time>2026-09-27T03:26:02.000Z</time><ele>23.35</ele></trkpt><trkpt lat="37.246322" lon="126.90993"><time>2026-09-27T03:26:03.000Z</time><ele>23.08</ele></trkpt><trkpt lat="37.24625" lon="126.910218"><time>2026-09-27T03:26:04.000Z</time><ele>23.24</ele></trkpt><trkpt lat="37.246186" lon="126.910505"><time>2026-09-27T03:26:05.000Z</time><ele>22.99</ele></trkpt><trkpt lat="37.246129" lon="126.910787"><time>2026-09-27T03:26:06.000Z</time><ele>22.58</ele></trkpt><trkpt lat="37.246081" lon="126.911051"><time>2026-09-27T03:26:07.001Z</time><ele>22.39</ele></trkpt><trkpt lat="37.246037" lon="126.911306"><time>2026-09-27T03:26:08.001Z</time><ele>22.36</ele></trkpt><trkpt lat="37.245986" lon="126.911585"><time>2026-09-27T03:26:09.001Z</time><ele>21.89</ele></trkpt><trkpt lat="37.245931" lon="126.911882"><time>2026-09-27T03:26:10.001Z</time><ele>21.61</ele></trkpt><trkpt lat="37.245872" lon="126.912198"><time>2026-09-27T03:26:11.001Z</time><ele>21.78</ele></trkpt><trkpt lat="37.245815" lon="126.912531"><time>2026-09-27T03:26:12.001Z</time><ele>21.34</ele></trkpt><trkpt lat="37.245755" lon="126.912875"><time>2026-09-27T03:26:13.001Z</time><ele>20.78</ele></trkpt><trkpt lat="37.245691" lon="126.913234"><time>2026-09-27T03:26:14.001Z</time><ele>20.44</ele></trkpt><trkpt lat="37.245625" lon="126.913604"><time>2026-09-27T03:26:15.001Z</time><ele>20.5</ele></trkpt><trkpt lat="37.245558" lon="126.913978"><time>2026-09-27T03:26:16.001Z</time><ele>20.19</ele></trkpt><trkpt lat="37.24549" lon="126.914362"><time>2026-09-27T03:26:17.001Z</time><ele>20.26</ele></trkpt><trkpt lat="37.24542" lon="126.914753"><time>2026-09-27T03:26:18.001Z</time><ele>20.27</ele></trkpt><trkpt lat="37.245349" lon="126.915152"><time>2026-09-27T03:26:19.001Z</time><ele>20.78</ele></trkpt><trkpt lat="37.24528" lon="126.915555"><time>2026-09-27T03:26:20.001Z</time><ele>21.67</ele></trkpt><trkpt lat="37.245209" lon="126.915963"><time>2026-09-27T03:26:21.001Z</time><ele>22.39</ele></trkpt><trkpt lat="37.245136" lon="126.916373"><time>2026-09-27T03:26:22.001Z</time><ele>22.54</ele></trkpt><trkpt lat="37.245059" lon="126.916787"><time>2026-09-27T03:26:23.001Z</time><ele>22.79</ele></trkpt><trkpt lat="37.244983" lon="126.917204"><time>2026-09-27T03:26:24.001Z</time><ele>23.1</ele></trkpt><trkpt lat="37.244909" lon="126.917626"><time>2026-09-27T03:26:25.001Z</time><ele>23.53</ele></trkpt><trkpt lat="37.244836" lon="126.918045"><time>2026-09-27T03:26:26.001Z</time><ele>23.63</ele></trkpt><trkpt lat="37.244761" lon="126.918461"><time>2026-09-27T03:26:27.001Z</time><ele>23.55</ele></trkpt><trkpt lat="37.244686" lon="126.918879"><time>2026-09-27T03:26:28.001Z</time><ele>23.9</ele></trkpt><trkpt lat="37.244613" lon="126.919294"><time>2026-09-27T03:26:29.001Z</time><ele>24.15</ele></trkpt><trkpt lat="37.244542" lon="126.919705"><time>2026-09-27T03:26:30.001Z</time><ele>23.82</ele></trkpt><trkpt lat="37.244466" lon="126.920117"><time>2026-09-27T03:26:31.001Z</time><ele>24.14</ele></trkpt><trkpt lat="37.244389" lon="126.920528"><time>2026-09-27T03:26:32.001Z</time><ele>24.25</ele></trkpt><trkpt lat="37.244312" lon="126.920935"><time>2026-09-27T03:26:33.001Z</time><ele>24.34</ele></trkpt><trkpt lat="37.244239" lon="126.921341"><time>2026-09-27T03:26:34.001Z</time><ele>24.47</ele></trkpt><trkpt lat="37.244169" lon="126.921738"><time>2026-09-27T03:26:35.001Z</time><ele>24.49</ele></trkpt><trkpt lat="37.244105" lon="126.922101"><time>2026-09-27T03:26:36.001Z</time><ele>24.35</ele></trkpt><trkpt lat="37.244044" lon="126.922445"><time>2026-09-27T03:26:37.001Z</time><ele>24.7</ele></trkpt><trkpt lat="37.243985" lon="126.922778"><time>2026-09-27T03:26:38.001Z</time><ele>24.91</ele></trkpt><trkpt lat="37.243929" lon="126.923104"><time>2026-09-27T03:26:39.001Z</time><ele>25.14</ele></trkpt><trkpt lat="37.24388" lon="126.923434"><time>2026-09-27T03:26:40.001Z</time><ele>25.8</ele></trkpt><trkpt lat="37.243838" lon="126.923768"><time>2026-09-27T03:26:41.001Z</time><ele>26.19</ele></trkpt><trkpt lat="37.243795" lon="126.924104"><time>2026-09-27T03:26:42.001Z</time><ele>25.92</ele></trkpt><trkpt lat="37.243753" lon="126.924451"><time>2026-09-27T03:26:43.001Z</time><ele>25.98</ele></trkpt><trkpt lat="37.243719" lon="126.924799"><time>2026-09-27T03:26:44.001Z</time><ele>25.71</ele></trkpt><trkpt lat="37.243678" lon="126.92515"><time>2026-09-27T03:26:45.001Z</time><ele>26.4</ele></trkpt><trkpt lat="37.243649" lon="126.925513"><time>2026-09-27T03:26:46.001Z</time><ele>26</ele></trkpt><trkpt lat="37.243612" lon="126.925883"><time>2026-09-27T03:26:47.001Z</time><ele>26.06</ele></trkpt><trkpt lat="37.243576" lon="126.926255"><time>2026-09-27T03:26:48.001Z</time><ele>26.13</ele></trkpt><trkpt lat="37.243551" lon="126.926633"><time>2026-09-27T03:26:49.001Z</time><ele>25.33</ele></trkpt><trkpt lat="37.243531" lon="126.927016"><time>2026-09-27T03:26:50.001Z</time><ele>25.28</ele></trkpt><trkpt lat="37.243519" lon="126.927404"><time>2026-09-27T03:26:51.001Z</time><ele>25.64</ele></trkpt><trkpt lat="37.243508" lon="126.927793"><time>2026-09-27T03:26:52.001Z</time><ele>25.49</ele></trkpt><trkpt lat="37.243498" lon="126.928186"><time>2026-09-27T03:26:53.001Z</time><ele>25.32</ele></trkpt><trkpt lat="37.243496" lon="126.928582"><time>2026-09-27T03:26:54.001Z</time><ele>24.46</ele></trkpt><trkpt lat="37.243498" lon="126.928976"><time>2026-09-27T03:26:55.001Z</time><ele>24.53</ele></trkpt><trkpt lat="37.2435" lon="126.929374"><time>2026-09-27T03:26:56.001Z</time><ele>23.68</ele></trkpt><trkpt lat="37.243503" lon="126.929775"><time>2026-09-27T03:26:57.001Z</time><ele>23.96</ele></trkpt><trkpt lat="37.243506" lon="126.930179"><time>2026-09-27T03:26:58.001Z</time><ele>24.35</ele></trkpt><trkpt lat="37.243508" lon="126.930585"><time>2026-09-27T03:26:59.001Z</time><ele>24.82</ele></trkpt><trkpt lat="37.243513" lon="126.930988"><time>2026-09-27T03:27:00.001Z</time><ele>25.69</ele></trkpt><trkpt lat="37.243519" lon="126.931384"><time>2026-09-27T03:27:01.001Z</time><ele>26.59</ele></trkpt><trkpt lat="37.243522" lon="126.93175"><time>2026-09-27T03:27:02.001Z</time><ele>26.91</ele></trkpt><trkpt lat="37.243524" lon="126.932093"><time>2026-09-27T03:27:03.001Z</time><ele>27.55</ele></trkpt><trkpt lat="37.243527" lon="126.932414"><time>2026-09-27T03:27:04.001Z</time><ele>27.94</ele></trkpt><trkpt lat="37.243529" lon="126.932715"><time>2026-09-27T03:27:05.001Z</time><ele>27.54</ele></trkpt><trkpt lat="37.243529" lon="126.933006"><time>2026-09-27T03:27:06.001Z</time><ele>27.47</ele></trkpt><trkpt lat="37.243529" lon="126.933296"><time>2026-09-27T03:27:07.001Z</time><ele>27.77</ele></trkpt><trkpt lat="37.243528" lon="126.933584"><time>2026-09-27T03:27:08.001Z</time><ele>28.32</ele></trkpt><trkpt lat="37.243526" lon="126.933869"><time>2026-09-27T03:27:09.001Z</time><ele>28.89</ele></trkpt><trkpt lat="37.243524" lon="126.93415"><time>2026-09-27T03:27:10.001Z</time><ele>29.26</ele></trkpt><trkpt lat="37.243527" lon="126.934431"><time>2026-09-27T03:27:11.001Z</time><ele>29.63</ele></trkpt><trkpt lat="37.243527" lon="126.934701"><time>2026-09-27T03:27:12.001Z</time><ele>29.46</ele></trkpt><trkpt lat="37.243527" lon="126.934969"><time>2026-09-27T03:27:13.001Z</time><ele>29.35</ele></trkpt><trkpt lat="37.243529" lon="126.935232"><time>2026-09-27T03:27:14.001Z</time><ele>28.88</ele></trkpt><trkpt lat="37.243537" lon="126.935494"><time>2026-09-27T03:27:15.001Z</time><ele>27.79</ele></trkpt><trkpt lat="37.243542" lon="126.935761"><time>2026-09-27T03:27:16.001Z</time><ele>27.55</ele></trkpt><trkpt lat="37.243547" lon="126.936025"><time>2026-09-27T03:27:17.001Z</time><ele>27.02</ele></trkpt><trkpt lat="37.243551" lon="126.936291"><time>2026-09-27T03:27:18.001Z</time><ele>26.63</ele></trkpt><trkpt lat="37.243556" lon="126.936557"><time>2026-09-27T03:27:19.002Z</time><ele>26.9</ele></trkpt><trkpt lat="37.243556" lon="126.936819"><time>2026-09-27T03:27:20.002Z</time><ele>26.69</ele></trkpt><trkpt lat="37.243559" lon="126.937081"><time>2026-09-27T03:27:21.002Z</time><ele>26.59</ele></trkpt><trkpt lat="37.243564" lon="126.937343"><time>2026-09-27T03:27:22.002Z</time><ele>25.74</ele></trkpt><trkpt lat="37.243564" lon="126.9376"><time>2026-09-27T03:27:23.002Z</time><ele>26.06</ele></trkpt><trkpt lat="37.243564" lon="126.937851"><time>2026-09-27T03:27:24.002Z</time><ele>25.86</ele></trkpt><trkpt lat="37.243566" lon="126.938101"><time>2026-09-27T03:27:25.002Z</time><ele>25.67</ele></trkpt><trkpt lat="37.243568" lon="126.938348"><time>2026-09-27T03:27:26.000Z</time><ele>25.94</ele></trkpt><trkpt lat="37.243569" lon="126.938593"><time>2026-09-27T03:27:27.000Z</time><ele>25.48</ele></trkpt><trkpt lat="37.24357" lon="126.938836"><time>2026-09-27T03:27:28.000Z</time><ele>25</ele></trkpt><trkpt lat="37.243573" lon="126.93908"><time>2026-09-27T03:27:29.000Z</time><ele>24.3</ele></trkpt><trkpt lat="37.243575" lon="126.939326"><time>2026-09-27T03:27:30.000Z</time><ele>23.78</ele></trkpt><trkpt lat="37.243579" lon="126.939572"><time>2026-09-27T03:27:31.000Z</time><ele>23.33</ele></trkpt><trkpt lat="37.243584" lon="126.939818"><time>2026-09-27T03:27:32.000Z</time><ele>22.95</ele></trkpt><trkpt lat="37.243588" lon="126.940063"><time>2026-09-27T03:27:33.000Z</time><ele>22.35</ele></trkpt><trkpt lat="37.243591" lon="126.94031"><time>2026-09-27T03:27:34.000Z</time><ele>21.76</ele></trkpt><trkpt lat="37.243595" lon="126.940555"><time>2026-09-27T03:27:35.000Z</time><ele>21.21</ele></trkpt><trkpt lat="37.243599" lon="126.940786"><time>2026-09-27T03:27:36.000Z</time><ele>20.97</ele></trkpt><trkpt lat="37.243599" lon="126.941006"><time>2026-09-27T03:27:37.000Z</time><ele>21.02</ele></trkpt><trkpt lat="37.243599" lon="126.941212"><time>2026-09-27T03:27:38.000Z</time><ele>20.88</ele></trkpt><trkpt lat="37.243599" lon="126.941412"><time>2026-09-27T03:27:39.000Z</time><ele>20.8</ele></trkpt><trkpt lat="37.243601" lon="126.941607"><time>2026-09-27T03:27:40.000Z</time><ele>21.31</ele></trkpt><trkpt lat="37.243604" lon="126.941806"><time>2026-09-27T03:27:41.015Z</time><ele>20.84</ele></trkpt><trkpt lat="37.243602" lon="126.942004"><time>2026-09-27T03:27:42.016Z</time><ele>21.39</ele></trkpt><trkpt lat="37.243603" lon="126.942206"><time>2026-09-27T03:27:43.014Z</time><ele>21.78</ele></trkpt><trkpt lat="37.243607" lon="126.942407"><time>2026-09-27T03:27:44.016Z</time><ele>22.08</ele></trkpt><trkpt lat="37.24361" lon="126.942605"><time>2026-09-27T03:27:45.016Z</time><ele>22.42</ele></trkpt><trkpt lat="37.243592" lon="126.943548"><time>2026-09-27T03:27:49.000Z</time><ele>14.93</ele></trkpt><trkpt lat="37.243615" lon="126.943701"><time>2026-09-27T03:27:51.000Z</time><ele>25.39</ele></trkpt><trkpt lat="37.243613" lon="126.943881"><time>2026-09-27T03:27:52.000Z</time><ele>26.66</ele></trkpt><trkpt lat="37.243617" lon="126.944056"><time>2026-09-27T03:27:53.000Z</time><ele>27.16</ele></trkpt><trkpt lat="37.243622" lon="126.94423"><time>2026-09-27T03:27:54.000Z</time><ele>27.84</ele></trkpt><trkpt lat="37.243621" lon="126.944393"><time>2026-09-27T03:27:55.000Z</time><ele>27.16</ele></trkpt><trkpt lat="37.243622" lon="126.944547"><time>2026-09-27T03:27:56.000Z</time><ele>27.27</ele></trkpt><trkpt lat="37.243621" lon="126.944684"><time>2026-09-27T03:27:57.000Z</time><ele>26.14</ele></trkpt><trkpt lat="37.24362" lon="126.944815"><time>2026-09-27T03:27:58.000Z</time><ele>25.78</ele></trkpt><trkpt lat="37.243619" lon="126.944943"><time>2026-09-27T03:27:59.000Z</time><ele>25.85</ele></trkpt><trkpt lat="37.243624" lon="126.945064"><time>2026-09-27T03:28:00.000Z</time><ele>25.99</ele></trkpt><trkpt lat="37.243626" lon="126.945182"><time>2026-09-27T03:28:01.000Z</time><ele>26.63</ele></trkpt><trkpt lat="37.243628" lon="126.945289"><time>2026-09-27T03:28:02.000Z</time><ele>26.54</ele></trkpt><trkpt lat="37.243629" lon="126.945387"><time>2026-09-27T03:28:03.000Z</time><ele>26.51</ele></trkpt><trkpt lat="37.24363" lon="126.945476"><time>2026-09-27T03:28:04.000Z</time><ele>26.42</ele></trkpt><trkpt lat="37.24363" lon="126.945563"><time>2026-09-27T03:28:05.000Z</time><ele>26.5</ele></trkpt><trkpt lat="37.24363" lon="126.945646"><time>2026-09-27T03:28:06.000Z</time><ele>26.61</ele></trkpt><trkpt lat="37.243631" lon="126.945726"><time>2026-09-27T03:28:07.000Z</time><ele>26.82</ele></trkpt><trkpt lat="37.243636" lon="126.945803"><time>2026-09-27T03:28:08.000Z</time><ele>27.15</ele></trkpt><trkpt lat="37.243635" lon="126.945875"><time>2026-09-27T03:28:09.000Z</time><ele>26.93</ele></trkpt><trkpt lat="37.243633" lon="126.945951"><time>2026-09-27T03:28:10.000Z</time><ele>27.37</ele></trkpt><trkpt lat="37.243633" lon="126.946029"><time>2026-09-27T03:28:11.000Z</time><ele>27.29</ele></trkpt><trkpt lat="37.243632" lon="126.946112"><time>2026-09-27T03:28:12.000Z</time><ele>27.15</ele></trkpt><trkpt lat="37.243632" lon="126.946209"><time>2026-09-27T03:28:13.001Z</time><ele>27.2</ele></trkpt><trkpt lat="37.243634" lon="126.946309"><time>2026-09-27T03:28:14.001Z</time><ele>27.14</ele></trkpt><trkpt lat="37.243633" lon="126.94641"><time>2026-09-27T03:28:15.001Z</time><ele>26.78</ele></trkpt><trkpt lat="37.243633" lon="126.946522"><time>2026-09-27T03:28:16.001Z</time><ele>26.44</ele></trkpt><trkpt lat="37.243634" lon="126.946644"><time>2026-09-27T03:28:17.001Z</time><ele>26.2</ele></trkpt><trkpt lat="37.243635" lon="126.946771"><time>2026-09-27T03:28:18.001Z</time><ele>27.28</ele></trkpt><trkpt lat="37.243637" lon="126.946894"><time>2026-09-27T03:28:19.001Z</time><ele>27.65</ele></trkpt><trkpt lat="37.243637" lon="126.947003"><time>2026-09-27T03:28:20.001Z</time><ele>27.17</ele></trkpt><trkpt lat="37.243639" lon="126.947117"><time>2026-09-27T03:28:21.001Z</time><ele>27.38</ele></trkpt><trkpt lat="37.243643" lon="126.947237"><time>2026-09-27T03:28:22.001Z</time><ele>28.14</ele></trkpt><trkpt lat="37.24364" lon="126.947357"><time>2026-09-27T03:28:23.001Z</time><ele>28.29</ele></trkpt><trkpt lat="37.243639" lon="126.947481"><time>2026-09-27T03:28:24.001Z</time><ele>28.65</ele></trkpt><trkpt lat="37.243638" lon="126.947604"><time>2026-09-27T03:28:25.001Z</time><ele>28.68</ele></trkpt><trkpt lat="37.243638" lon="126.947734"><time>2026-09-27T03:28:26.001Z</time><ele>28.24</ele></trkpt><trkpt lat="37.24364" lon="126.947868"><time>2026-09-27T03:28:27.001Z</time><ele>28.24</ele></trkpt><trkpt lat="37.24364" lon="126.947997"><time>2026-09-27T03:28:28.001Z</time><ele>28.17</ele></trkpt><trkpt lat="37.243639" lon="126.948128"><time>2026-09-27T03:28:29.001Z</time><ele>28.01</ele></trkpt><trkpt lat="37.243639" lon="126.94826"><time>2026-09-27T03:28:30.001Z</time><ele>28.4</ele></trkpt><trkpt lat="37.243639" lon="126.948387"><time>2026-09-27T03:28:31.001Z</time><ele>27.95</ele></trkpt><trkpt lat="37.243641" lon="126.948514"><time>2026-09-27T03:28:32.001Z</time><ele>27.35</ele></trkpt><trkpt lat="37.243639" lon="126.948653"><time>2026-09-27T03:28:33.001Z</time><ele>27.3</ele></trkpt><trkpt lat="37.243634" lon="126.948799"><time>2026-09-27T03:28:34.001Z</time><ele>27.86</ele></trkpt><trkpt lat="37.243634" lon="126.948949"><time>2026-09-27T03:28:35.001Z</time><ele>27.93</ele></trkpt><trkpt lat="37.243633" lon="126.949107"><time>2026-09-27T03:28:36.001Z</time><ele>28.31</ele></trkpt><trkpt lat="37.243631" lon="126.949265"><time>2026-09-27T03:28:37.001Z</time><ele>28.71</ele></trkpt><trkpt lat="37.243629" lon="126.949418"><time>2026-09-27T03:28:38.001Z</time><ele>28.16</ele></trkpt><trkpt lat="37.243626" lon="126.949564"><time>2026-09-27T03:28:39.001Z</time><ele>28.54</ele></trkpt><trkpt lat="37.24362" lon="126.949717"><time>2026-09-27T03:28:40.001Z</time><ele>28.76</ele></trkpt><trkpt lat="37.243608" lon="126.949875"><time>2026-09-27T03:28:41.001Z</time><ele>29.38</ele></trkpt><trkpt lat="37.2436" lon="126.95004"><time>2026-09-27T03:28:42.001Z</time><ele>29.66</ele></trkpt><trkpt lat="37.243589" lon="126.950211"><time>2026-09-27T03:28:43.001Z</time><ele>30.04</ele></trkpt><trkpt lat="37.243575" lon="126.950385"><time>2026-09-27T03:28:44.001Z</time><ele>30.31</ele></trkpt><trkpt lat="37.243564" lon="126.950564"><time>2026-09-27T03:28:45.001Z</time><ele>31.54</ele></trkpt><trkpt lat="37.243546" lon="126.950738"><time>2026-09-27T03:28:46.001Z</time><ele>32.63</ele></trkpt><trkpt lat="37.243531" lon="126.950912"><time>2026-09-27T03:28:47.001Z</time><ele>33.42</ele></trkpt><trkpt lat="37.243516" lon="126.951088"><time>2026-09-27T03:28:48.001Z</time><ele>34.29</ele></trkpt><trkpt lat="37.243509" lon="126.951267"><time>2026-09-27T03:28:49.001Z</time><ele>34.97</ele></trkpt><trkpt lat="37.243492" lon="126.951448"><time>2026-09-27T03:28:50.001Z</time><ele>34.89</ele></trkpt><trkpt lat="37.243478" lon="126.951627"><time>2026-09-27T03:28:51.001Z</time><ele>35</ele></trkpt><trkpt lat="37.243457" lon="126.951817"><time>2026-09-27T03:28:52.001Z</time><ele>36.73</ele></trkpt><trkpt lat="37.24344" lon="126.952006"><time>2026-09-27T03:28:53.001Z</time><ele>37.35</ele></trkpt><trkpt lat="37.243423" lon="126.952202"><time>2026-09-27T03:28:54.001Z</time><ele>38.07</ele></trkpt><trkpt lat="37.243408" lon="126.95239"><time>2026-09-27T03:28:55.001Z</time><ele>39.09</ele></trkpt><trkpt lat="37.243392" lon="126.952628"><time>2026-09-27T03:28:56.001Z</time><ele>39.93</ele></trkpt><trkpt lat="37.243386" lon="126.952863"><time>2026-09-27T03:28:57.001Z</time><ele>40.65</ele></trkpt><trkpt lat="37.243359" lon="126.95312"><time>2026-09-27T03:28:58.001Z</time><ele>42.04</ele></trkpt><trkpt lat="37.243332" lon="126.953378"><time>2026-09-27T03:28:59.001Z</time><ele>42.7</ele></trkpt><trkpt lat="37.243306" lon="126.953613"><time>2026-09-27T03:29:00.001Z</time><ele>43.55</ele></trkpt><trkpt lat="37.243283" lon="126.953859"><time>2026-09-27T03:29:01.001Z</time><ele>44.82</ele></trkpt><trkpt lat="37.24326" lon="126.954119"><time>2026-09-27T03:29:02.001Z</time><ele>45.8</ele></trkpt><trkpt lat="37.243235" lon="126.954381"><time>2026-09-27T03:29:03.001Z</time><ele>46.61</ele></trkpt><trkpt lat="37.243208" lon="126.954644"><time>2026-09-27T03:29:04.001Z</time><ele>47.51</ele></trkpt><trkpt lat="37.243182" lon="126.954905"><time>2026-09-27T03:29:05.001Z</time><ele>49.14</ele></trkpt><trkpt lat="37.243159" lon="126.955151"><time>2026-09-27T03:29:06.001Z</time><ele>49.48</ele></trkpt><trkpt lat="37.243137" lon="126.955388"><time>2026-09-27T03:29:07.001Z</time><ele>50.25</ele></trkpt><trkpt lat="37.243117" lon="126.955623"><time>2026-09-27T03:29:08.001Z</time><ele>50.82</ele></trkpt><trkpt lat="37.243099" lon="126.955849"><time>2026-09-27T03:29:09.001Z</time><ele>51.37</ele></trkpt><trkpt lat="37.243082" lon="126.956061"><time>2026-09-27T03:29:10.001Z</time><ele>51.41</ele></trkpt><trkpt lat="37.243078" lon="126.956275"><time>2026-09-27T03:29:11.001Z</time><ele>52.55</ele></trkpt><trkpt lat="37.243081" lon="126.956486"><time>2026-09-27T03:29:12.001Z</time><ele>52.17</ele></trkpt><trkpt lat="37.243095" lon="126.9567"><time>2026-09-27T03:29:13.001Z</time><ele>52.6</ele></trkpt><trkpt lat="37.243114" lon="126.956918"><time>2026-09-27T03:29:14.001Z</time><ele>52.16</ele></trkpt><trkpt lat="37.243141" lon="126.957145"><time>2026-09-27T03:29:15.001Z</time><ele>51.75</ele></trkpt><trkpt lat="37.243181" lon="126.957373"><time>2026-09-27T03:29:16.001Z</time><ele>50.81</ele></trkpt><trkpt lat="37.243231" lon="126.957598"><time>2026-09-27T03:29:17.001Z</time><ele>50.22</ele></trkpt><trkpt lat="37.243295" lon="126.957828"><time>2026-09-27T03:29:18.001Z</time><ele>49.7</ele></trkpt><trkpt lat="37.243364" lon="126.958055"><time>2026-09-27T03:29:19.001Z</time><ele>49.49</ele></trkpt><trkpt lat="37.243447" lon="126.958285"><time>2026-09-27T03:29:20.001Z</time><ele>49.72</ele></trkpt><trkpt lat="37.243541" lon="126.958509"><time>2026-09-27T03:29:21.001Z</time><ele>50.64</ele></trkpt><trkpt lat="37.24364" lon="126.958721"><time>2026-09-27T03:29:22.001Z</time><ele>50.43</ele></trkpt><trkpt lat="37.243736" lon="126.958931"><time>2026-09-27T03:29:23.001Z</time><ele>50.48</ele></trkpt><trkpt lat="37.243832" lon="126.959135"><time>2026-09-27T03:29:24.001Z</time><ele>51.45</ele></trkpt><trkpt lat="37.243932" lon="126.959342"><time>2026-09-27T03:29:25.001Z</time><ele>51.09</ele></trkpt><trkpt lat="37.244028" lon="126.95954"><time>2026-09-27T03:29:26.002Z</time><ele>52.36</ele></trkpt><trkpt lat="37.244122" lon="126.95973"><time>2026-09-27T03:29:27.002Z</time><ele>51.62</ele></trkpt><trkpt lat="37.244216" lon="126.959927"><time>2026-09-27T03:29:28.002Z</time><ele>51.29</ele></trkpt><trkpt lat="37.244307" lon="126.960113"><time>2026-09-27T03:29:29.002Z</time><ele>50.74</ele></trkpt><trkpt lat="37.244392" lon="126.960294"><time>2026-09-27T03:29:30.002Z</time><ele>49.05</ele></trkpt><trkpt lat="37.244479" lon="126.960477"><time>2026-09-27T03:29:31.002Z</time><ele>48.77</ele></trkpt><trkpt lat="37.244568" lon="126.960659"><time>2026-09-27T03:29:32.000Z</time><ele>47.91</ele></trkpt><trkpt lat="37.244655" lon="126.96084"><time>2026-09-27T03:29:33.000Z</time><ele>46.84</ele></trkpt><trkpt lat="37.244741" lon="126.961023"><time>2026-09-27T03:29:34.000Z</time><ele>46.48</ele></trkpt><trkpt lat="37.244828" lon="126.961204"><time>2026-09-27T03:29:35.000Z</time><ele>46.66</ele></trkpt><trkpt lat="37.24491" lon="126.961382"><time>2026-09-27T03:29:36.000Z</time><ele>46.2</ele></trkpt><trkpt lat="37.244986" lon="126.961545"><time>2026-09-27T03:29:37.000Z</time><ele>45.34</ele></trkpt><trkpt lat="37.245056" lon="126.961694"><time>2026-09-27T03:29:38.000Z</time><ele>45.54</ele></trkpt><trkpt lat="37.245126" lon="126.961839"><time>2026-09-27T03:29:39.000Z</time><ele>44.69</ele></trkpt><trkpt lat="37.2452" lon="126.961984"><time>2026-09-27T03:29:40.000Z</time><ele>45.09</ele></trkpt><trkpt lat="37.245275" lon="126.962141"><time>2026-09-27T03:29:41.000Z</time><ele>45.89</ele></trkpt><trkpt lat="37.245345" lon="126.9623"><time>2026-09-27T03:29:42.000Z</time><ele>45.68</ele></trkpt><trkpt lat="37.245418" lon="126.962449"><time>2026-09-27T03:29:43.000Z</time><ele>46.42</ele></trkpt><trkpt lat="37.245482" lon="126.962595"><time>2026-09-27T03:29:44.000Z</time><ele>47.52</ele></trkpt><trkpt lat="37.245551" lon="126.962749"><time>2026-09-27T03:29:45.000Z</time><ele>49.6</ele></trkpt><trkpt lat="37.24562" lon="126.962909"><time>2026-09-27T03:29:46.000Z</time><ele>49.37</ele></trkpt><trkpt lat="37.245704" lon="126.963064"><time>2026-09-27T03:29:47.000Z</time><ele>50.44</ele></trkpt><trkpt lat="37.245779" lon="126.963243"><time>2026-09-27T03:29:48.000Z</time><ele>51.64</ele></trkpt><trkpt lat="37.245864" lon="126.963411"><time>2026-09-27T03:29:49.000Z</time><ele>51.4</ele></trkpt><trkpt lat="37.245938" lon="126.963579"><time>2026-09-27T03:29:50.000Z</time><ele>52.07</ele></trkpt><trkpt lat="37.246002" lon="126.963749"><time>2026-09-27T03:29:51.000Z</time><ele>52.18</ele></trkpt><trkpt lat="37.246052" lon="126.963914"><time>2026-09-27T03:29:52.000Z</time><ele>53.29</ele></trkpt><trkpt lat="37.246093" lon="126.964057"><time>2026-09-27T03:29:53.000Z</time><ele>52.34</ele></trkpt><trkpt lat="37.24614" lon="126.96419"><time>2026-09-27T03:29:54.000Z</time><ele>52.93</ele></trkpt><trkpt lat="37.246179" lon="126.964313"><time>2026-09-27T03:29:55.000Z</time><ele>52.45</ele></trkpt><trkpt lat="37.24621" lon="126.964421"><time>2026-09-27T03:29:56.000Z</time><ele>52.94</ele></trkpt><trkpt lat="37.246233" lon="126.964519"><time>2026-09-27T03:29:57.000Z</time><ele>52.9</ele></trkpt><trkpt lat="37.246254" lon="126.964617"><time>2026-09-27T03:29:58.000Z</time><ele>52.24</ele></trkpt><trkpt lat="37.246279" lon="126.964712"><time>2026-09-27T03:29:59.000Z</time><ele>52.63</ele></trkpt><trkpt lat="37.2463" lon="126.964821"><time>2026-09-27T03:30:00.000Z</time><ele>52.91</ele></trkpt><trkpt lat="37.246315" lon="126.964937"><time>2026-09-27T03:30:01.000Z</time><ele>52.16</ele></trkpt><trkpt lat="37.246346" lon="126.965037"><time>2026-09-27T03:30:02.000Z</time><ele>51.95</ele></trkpt><trkpt lat="37.246366" lon="126.965125"><time>2026-09-27T03:30:03.000Z</time><ele>51.56</ele></trkpt><trkpt lat="37.246386" lon="126.965203"><time>2026-09-27T03:30:04.000Z</time><ele>50.9</ele></trkpt><trkpt lat="37.246408" lon="126.965281"><time>2026-09-27T03:30:05.000Z</time><ele>50.84</ele></trkpt><trkpt lat="37.246419" lon="126.965342"><time>2026-09-27T03:30:06.000Z</time><ele>49.32</ele></trkpt><trkpt lat="37.246409" lon="126.965425"><time>2026-09-27T03:30:08.000Z</time><ele>48.83</ele></trkpt><trkpt lat="37.246246" lon="126.9654"><time>2026-09-27T03:30:12.000Z</time><ele>47.5</ele></trkpt><trkpt lat="37.2462" lon="126.96542"><time>2026-09-27T03:30:15.000Z</time><ele>47.74</ele></trkpt><trkpt lat="37.246262" lon="126.9656"><time>2026-09-27T03:31:14.001Z</time><ele>38.44</ele></trkpt><trkpt lat="37.246303" lon="126.965654"><time>2026-09-27T03:33:22.001Z</time><ele>41.96</ele></trkpt><trkpt lat="37.246367" lon="126.965688"><time>2026-09-27T03:33:24.001Z</time><ele>42.05</ele></trkpt><trkpt lat="37.246405" lon="126.965739"><time>2026-09-27T03:33:26.001Z</time><ele>42.18</ele></trkpt><trkpt lat="37.246439" lon="126.965779"><time>2026-09-27T03:33:28.001Z</time><ele>42.1</ele></trkpt><trkpt lat="37.24647" lon="126.965829"><time>2026-09-27T03:33:30.001Z</time><ele>42</ele></trkpt><trkpt lat="37.246498" lon="126.965908"><time>2026-09-27T03:33:32.001Z</time><ele>42.94</ele></trkpt><trkpt lat="37.246515" lon="126.965971"><time>2026-09-27T03:33:34.001Z</time><ele>41.51</ele></trkpt><trkpt lat="37.246961" lon="126.967443"><time>2026-09-27T03:34:17.000Z</time><ele>49.36</ele></trkpt><trkpt lat="37.247011" lon="126.967624"><time>2026-09-27T03:34:18.000Z</time><ele>48.37</ele></trkpt><trkpt lat="37.247064" lon="126.967814"><time>2026-09-27T03:34:19.000Z</time><ele>47.84</ele></trkpt><trkpt lat="37.247118" lon="126.968009"><time>2026-09-27T03:34:20.000Z</time><ele>46.79</ele></trkpt><trkpt lat="37.247173" lon="126.968207"><time>2026-09-27T03:34:21.000Z</time><ele>46.85</ele></trkpt><trkpt lat="37.24723" lon="126.968409"><time>2026-09-27T03:34:22.000Z</time><ele>46.36</ele></trkpt><trkpt lat="37.247287" lon="126.968617"><time>2026-09-27T03:34:23.000Z</time><ele>46.55</ele></trkpt><trkpt lat="37.247346" lon="126.968827"><time>2026-09-27T03:34:24.000Z</time><ele>46.52</ele></trkpt><trkpt lat="37.247403" lon="126.969022"><time>2026-09-27T03:34:25.000Z</time><ele>45.54</ele></trkpt><trkpt lat="37.247463" lon="126.969216"><time>2026-09-27T03:34:26.001Z</time><ele>44.4</ele></trkpt><trkpt lat="37.247521" lon="126.969411"><time>2026-09-27T03:34:27.001Z</time><ele>44.44</ele></trkpt><trkpt lat="37.247573" lon="126.969587"><time>2026-09-27T03:34:28.001Z</time><ele>42.64</ele></trkpt><trkpt lat="37.247628" lon="126.969777"><time>2026-09-27T03:34:29.001Z</time><ele>41.85</ele></trkpt><trkpt lat="37.247683" lon="126.969956"><time>2026-09-27T03:34:30.001Z</time><ele>40.69</ele></trkpt><trkpt lat="37.247734" lon="126.970136"><time>2026-09-27T03:34:31.001Z</time><ele>39.81</ele></trkpt><trkpt lat="37.247786" lon="126.970327"><time>2026-09-27T03:34:32.001Z</time><ele>39.12</ele></trkpt><trkpt lat="37.247841" lon="126.970523"><time>2026-09-27T03:34:33.001Z</time><ele>38.67</ele></trkpt><trkpt lat="37.247898" lon="126.970728"><time>2026-09-27T03:34:34.001Z</time><ele>38.21</ele></trkpt><trkpt lat="37.247956" lon="126.970935"><time>2026-09-27T03:34:35.001Z</time><ele>38.07</ele></trkpt><trkpt lat="37.248015" lon="126.971148"><time>2026-09-27T03:34:36.001Z</time><ele>37.39</ele></trkpt><trkpt lat="37.248075" lon="126.971363"><time>2026-09-27T03:34:37.001Z</time><ele>37.74</ele></trkpt><trkpt lat="37.248133" lon="126.971573"><time>2026-09-27T03:34:38.001Z</time><ele>37.32</ele></trkpt><trkpt lat="37.248186" lon="126.971765"><time>2026-09-27T03:34:39.001Z</time><ele>37.14</ele></trkpt><trkpt lat="37.248237" lon="126.971949"><time>2026-09-27T03:34:40.001Z</time><ele>36.73</ele></trkpt><trkpt lat="37.248287" lon="126.972126"><time>2026-09-27T03:34:41.001Z</time><ele>36.55</ele></trkpt><trkpt lat="37.248335" lon="126.972295"><time>2026-09-27T03:34:42.001Z</time><ele>35.71</ele></trkpt><trkpt lat="37.248379" lon="126.97245"><time>2026-09-27T03:34:43.001Z</time><ele>34.72</ele></trkpt><trkpt lat="37.248421" lon="126.972598"><time>2026-09-27T03:34:44.001Z</time><ele>34.1</ele></trkpt><trkpt lat="37.248449" lon="126.972736"><time>2026-09-27T03:34:45.001Z</time><ele>31.81</ele></trkpt><trkpt lat="37.248496" lon="126.972867"><time>2026-09-27T03:34:46.001Z</time><ele>31.83</ele></trkpt><trkpt lat="37.248548" lon="126.973021"><time>2026-09-27T03:34:47.001Z</time><ele>30.92</ele></trkpt><trkpt lat="37.248614" lon="126.973196"><time>2026-09-27T03:34:48.001Z</time><ele>30.26</ele></trkpt><trkpt lat="37.248677" lon="126.973392"><time>2026-09-27T03:34:49.001Z</time><ele>30</ele></trkpt><trkpt lat="37.248738" lon="126.973612"><time>2026-09-27T03:34:50.001Z</time><ele>30.73</ele></trkpt><trkpt lat="37.248798" lon="126.973851"><time>2026-09-27T03:34:51.001Z</time><ele>31.83</ele></trkpt><trkpt lat="37.248853" lon="126.974086"><time>2026-09-27T03:34:52.001Z</time><ele>31.09</ele></trkpt><trkpt lat="37.248912" lon="126.974298"><time>2026-09-27T03:34:53.001Z</time><ele>30.29</ele></trkpt><trkpt lat="37.248964" lon="126.974497"><time>2026-09-27T03:34:54.001Z</time><ele>30.19</ele></trkpt><trkpt lat="37.249021" lon="126.974698"><time>2026-09-27T03:34:55.001Z</time><ele>29.32</ele></trkpt><trkpt lat="37.249083" lon="126.974925"><time>2026-09-27T03:34:56.001Z</time><ele>29.82</ele></trkpt><trkpt lat="37.249142" lon="126.975144"><time>2026-09-27T03:34:57.001Z</time><ele>29.41</ele></trkpt><trkpt lat="37.249189" lon="126.975349"><time>2026-09-27T03:34:58.001Z</time><ele>29.39</ele></trkpt><trkpt lat="37.249251" lon="126.975527"><time>2026-09-27T03:34:59.001Z</time><ele>30.25</ele></trkpt><trkpt lat="37.249299" lon="126.975693"><time>2026-09-27T03:35:00.001Z</time><ele>30.09</ele></trkpt><trkpt lat="37.249343" lon="126.975842"><time>2026-09-27T03:35:01.001Z</time><ele>28.6</ele></trkpt><trkpt lat="37.249369" lon="126.97596"><time>2026-09-27T03:35:02.001Z</time><ele>27.57</ele></trkpt><trkpt lat="37.249393" lon="126.976044"><time>2026-09-27T03:35:03.001Z</time><ele>26.5</ele></trkpt><trkpt lat="37.249417" lon="126.976101"><time>2026-09-27T03:35:04.001Z</time><ele>25.54</ele></trkpt><trkpt lat="37.249424" lon="126.976157"><time>2026-09-27T03:35:06.001Z</time><ele>24</ele></trkpt><trkpt lat="37.249447" lon="126.976227"><time>2026-09-27T03:35:26.001Z</time><ele>30.61</ele></trkpt><trkpt lat="37.24947" lon="126.976323"><time>2026-09-27T03:35:29.001Z</time><ele>31.09</ele></trkpt><trkpt lat="37.249325" lon="126.976501"><time>2026-09-27T03:35:31.001Z</time><ele>30.99</ele></trkpt><trkpt lat="37.249213" lon="126.976499"><time>2026-09-27T03:35:32.001Z</time><ele>30.87</ele></trkpt><trkpt lat="37.249124" lon="126.976541"><time>2026-09-27T03:35:33.001Z</time><ele>30.67</ele></trkpt><trkpt lat="37.249016" lon="126.976592"><time>2026-09-27T03:35:34.001Z</time><ele>30.85</ele></trkpt><trkpt lat="37.248899" lon="126.976649"><time>2026-09-27T03:35:35.001Z</time><ele>31.61</ele></trkpt><trkpt lat="37.248778" lon="126.976702"><time>2026-09-27T03:35:36.001Z</time><ele>31.59</ele></trkpt><trkpt lat="37.248669" lon="126.976749"><time>2026-09-27T03:35:37.001Z</time><ele>30.78</ele></trkpt><trkpt lat="37.248565" lon="126.976793"><time>2026-09-27T03:35:38.001Z</time><ele>30.8</ele></trkpt><trkpt lat="37.248465" lon="126.976838"><time>2026-09-27T03:35:39.001Z</time><ele>30.83</ele></trkpt><trkpt lat="37.248358" lon="126.976887"><time>2026-09-27T03:35:40.001Z</time><ele>30.83</ele></trkpt><trkpt lat="37.248245" lon="126.976945"><time>2026-09-27T03:35:41.001Z</time><ele>30.84</ele></trkpt><trkpt lat="37.248127" lon="126.977001"><time>2026-09-27T03:35:42.001Z</time><ele>30.82</ele></trkpt><trkpt lat="37.248001" lon="126.977054"><time>2026-09-27T03:35:43.001Z</time><ele>31.03</ele></trkpt><trkpt lat="37.247875" lon="126.977111"><time>2026-09-27T03:35:44.001Z</time><ele>30.37</ele></trkpt><trkpt lat="37.247748" lon="126.977173"><time>2026-09-27T03:35:45.001Z</time><ele>30.32</ele></trkpt><trkpt lat="37.247613" lon="126.977239"><time>2026-09-27T03:35:46.002Z</time><ele>30.37</ele></trkpt><trkpt lat="37.247475" lon="126.977304"><time>2026-09-27T03:35:47.002Z</time><ele>29.66</ele></trkpt><trkpt lat="37.247336" lon="126.977364"><time>2026-09-27T03:35:48.002Z</time><ele>30.09</ele></trkpt><trkpt lat="37.247201" lon="126.977429"><time>2026-09-27T03:35:49.002Z</time><ele>29.77</ele></trkpt><trkpt lat="37.247071" lon="126.97749"><time>2026-09-27T03:35:50.000Z</time><ele>29.99</ele></trkpt><trkpt lat="37.246944" lon="126.977551"><time>2026-09-27T03:35:51.000Z</time><ele>29.79</ele></trkpt><trkpt lat="37.246829" lon="126.977638"><time>2026-09-27T03:35:52.000Z</time><ele>29.86</ele></trkpt><trkpt lat="37.246722" lon="126.977736"><time>2026-09-27T03:35:53.000Z</time><ele>29.78</ele></trkpt><trkpt lat="37.246568" lon="126.977739"><time>2026-09-27T03:35:54.000Z</time><ele>29.25</ele></trkpt><trkpt lat="37.246452" lon="126.977794"><time>2026-09-27T03:35:55.000Z</time><ele>29.1</ele></trkpt><trkpt lat="37.246335" lon="126.97784"><time>2026-09-27T03:35:56.000Z</time><ele>29.25</ele></trkpt><trkpt lat="37.246228" lon="126.977896"><time>2026-09-27T03:35:57.000Z</time><ele>29.16</ele></trkpt><trkpt lat="37.246125" lon="126.977944"><time>2026-09-27T03:35:58.000Z</time><ele>29.19</ele></trkpt><trkpt lat="37.246029" lon="126.977986"><time>2026-09-27T03:35:59.000Z</time><ele>29.02</ele></trkpt><trkpt lat="37.245946" lon="126.978022"><time>2026-09-27T03:36:00.000Z</time><ele>28.84</ele></trkpt><trkpt lat="37.24587" lon="126.978057"><time>2026-09-27T03:36:01.000Z</time><ele>28.61</ele></trkpt><trkpt lat="37.245803" lon="126.978087"><time>2026-09-27T03:36:02.000Z</time><ele>28.99</ele></trkpt><trkpt lat="37.245748" lon="126.978117"><time>2026-09-27T03:36:03.000Z</time><ele>28.65</ele></trkpt><trkpt lat="37.2457" lon="126.978138"><time>2026-09-27T03:36:04.000Z</time><ele>28.69</ele></trkpt><trkpt lat="37.245621" lon="126.978177"><time>2026-09-27T03:36:06.000Z</time><ele>28.8</ele></trkpt><trkpt lat="37.245564" lon="126.978197"><time>2026-09-27T03:36:08.000Z</time><ele>29.27</ele></trkpt><trkpt lat="37.245519" lon="126.978217"><time>2026-09-27T03:36:39.000Z</time><ele>28.51</ele></trkpt><trkpt lat="37.245466" lon="126.978255"><time>2026-09-27T03:37:29.001Z</time><ele>29.83</ele></trkpt><trkpt lat="37.245386" lon="126.978286"><time>2026-09-27T03:37:30.001Z</time><ele>29.83</ele></trkpt><trkpt lat="37.245292" lon="126.978334"><time>2026-09-27T03:37:31.001Z</time><ele>29.94</ele></trkpt><trkpt lat="37.245182" lon="126.978383"><time>2026-09-27T03:37:32.001Z</time><ele>30.58</ele></trkpt><trkpt lat="37.245061" lon="126.978438"><time>2026-09-27T03:37:33.001Z</time><ele>30.41</ele></trkpt><trkpt lat="37.243695" lon="126.979118"><time>2026-09-27T03:37:41.001Z</time><ele>32.98</ele></trkpt><trkpt lat="37.243483" lon="126.979215"><time>2026-09-27T03:37:42.001Z</time><ele>32.9</ele></trkpt><trkpt lat="37.243272" lon="126.979308"><time>2026-09-27T03:37:43.001Z</time><ele>31.93</ele></trkpt><trkpt lat="37.243061" lon="126.9794"><time>2026-09-27T03:37:44.001Z</time><ele>31.9</ele></trkpt><trkpt lat="37.242853" lon="126.979491"><time>2026-09-27T03:37:45.001Z</time><ele>31.35</ele></trkpt><trkpt lat="37.242651" lon="126.979589"><time>2026-09-27T03:37:46.001Z</time><ele>30.9</ele></trkpt><trkpt lat="37.242439" lon="126.979686"><time>2026-09-27T03:37:47.001Z</time><ele>30.42</ele></trkpt><trkpt lat="37.242225" lon="126.979782"><time>2026-09-27T03:37:48.001Z</time><ele>31.26</ele></trkpt><trkpt lat="37.242007" lon="126.979875"><time>2026-09-27T03:37:49.001Z</time><ele>31.67</ele></trkpt><trkpt lat="37.24179" lon="126.979972"><time>2026-09-27T03:37:50.001Z</time><ele>31.62</ele></trkpt><trkpt lat="37.241569" lon="126.980071"><time>2026-09-27T03:37:51.001Z</time><ele>31.42</ele></trkpt><trkpt lat="37.241345" lon="126.980173"><time>2026-09-27T03:37:52.001Z</time><ele>31.18</ele></trkpt><trkpt lat="37.241121" lon="126.980278"><time>2026-09-27T03:37:53.001Z</time><ele>30.91</ele></trkpt><trkpt lat="37.240886" lon="126.980382"><time>2026-09-27T03:37:54.001Z</time><ele>30.87</ele></trkpt><trkpt lat="37.240645" lon="126.980482"><time>2026-09-27T03:37:55.001Z</time><ele>31.81</ele></trkpt><trkpt lat="37.240409" lon="126.980587"><time>2026-09-27T03:37:56.000Z</time><ele>31.91</ele></trkpt><trkpt lat="37.240175" lon="126.980696"><time>2026-09-27T03:37:57.000Z</time><ele>31.15</ele></trkpt><trkpt lat="37.239938" lon="126.980803"><time>2026-09-27T03:37:58.000Z</time><ele>31.44</ele></trkpt><trkpt lat="37.239702" lon="126.980905"><time>2026-09-27T03:37:59.000Z</time><ele>31.72</ele></trkpt><trkpt lat="37.239473" lon="126.981006"><time>2026-09-27T03:38:00.000Z</time><ele>31.12</ele></trkpt><trkpt lat="37.239254" lon="126.981104"><time>2026-09-27T03:38:01.000Z</time><ele>30.97</ele></trkpt><trkpt lat="37.239035" lon="126.981201"><time>2026-09-27T03:38:02.000Z</time><ele>30.83</ele></trkpt><trkpt lat="37.238817" lon="126.981301"><time>2026-09-27T03:38:03.000Z</time><ele>29.77</ele></trkpt><trkpt lat="37.238601" lon="126.981402"><time>2026-09-27T03:38:04.000Z</time><ele>29.17</ele></trkpt><trkpt lat="37.238375" lon="126.981498"><time>2026-09-27T03:38:05.000Z</time><ele>29.34</ele></trkpt><trkpt lat="37.238152" lon="126.981594"><time>2026-09-27T03:38:06.000Z</time><ele>29.48</ele></trkpt><trkpt lat="37.237929" lon="126.981691"><time>2026-09-27T03:38:07.000Z</time><ele>28.76</ele></trkpt><trkpt lat="37.237708" lon="126.981793"><time>2026-09-27T03:38:08.000Z</time><ele>28.66</ele></trkpt><trkpt lat="37.237489" lon="126.981895"><time>2026-09-27T03:38:09.000Z</time><ele>29.48</ele></trkpt><trkpt lat="37.237267" lon="126.981995"><time>2026-09-27T03:38:10.000Z</time><ele>29.95</ele></trkpt><trkpt lat="37.237042" lon="126.982094"><time>2026-09-27T03:38:11.000Z</time><ele>30.08</ele></trkpt><trkpt lat="37.23682" lon="126.982199"><time>2026-09-27T03:38:12.000Z</time><ele>30.62</ele></trkpt><trkpt lat="37.236603" lon="126.982308"><time>2026-09-27T03:38:13.000Z</time><ele>31.31</ele></trkpt><trkpt lat="37.236387" lon="126.982415"><time>2026-09-27T03:38:14.000Z</time><ele>31.06</ele></trkpt><trkpt lat="37.236164" lon="126.982531"><time>2026-09-27T03:38:15.000Z</time><ele>32.82</ele></trkpt><trkpt lat="37.23594" lon="126.982647"><time>2026-09-27T03:38:16.000Z</time><ele>33.57</ele></trkpt><trkpt lat="37.235727" lon="126.982751"><time>2026-09-27T03:38:17.000Z</time><ele>33.54</ele></trkpt><trkpt lat="37.235524" lon="126.982841"><time>2026-09-27T03:38:18.000Z</time><ele>33.78</ele></trkpt><trkpt lat="37.235339" lon="126.982931"><time>2026-09-27T03:38:19.000Z</time><ele>32.78</ele></trkpt><trkpt lat="37.235152" lon="126.983016"><time>2026-09-27T03:38:20.000Z</time><ele>33.14</ele></trkpt><trkpt lat="37.234962" lon="126.983104"><time>2026-09-27T03:38:21.000Z</time><ele>32.96</ele></trkpt><trkpt lat="37.234781" lon="126.98319"><time>2026-09-27T03:38:22.000Z</time><ele>32.98</ele></trkpt><trkpt lat="37.234627" lon="126.983266"><time>2026-09-27T03:38:23.000Z</time><ele>32.8</ele></trkpt><trkpt lat="37.234493" lon="126.983332"><time>2026-09-27T03:38:24.000Z</time><ele>32.36</ele></trkpt><trkpt lat="37.234382" lon="126.983384"><time>2026-09-27T03:38:25.000Z</time><ele>32.03</ele></trkpt><trkpt lat="37.234301" lon="126.983422"><time>2026-09-27T03:38:26.000Z</time><ele>31.32</ele></trkpt><trkpt lat="37.234245" lon="126.983445"><time>2026-09-27T03:38:27.000Z</time><ele>31.31</ele></trkpt><trkpt lat="37.234182" lon="126.983475"><time>2026-09-27T03:38:29.000Z</time><ele>31.4</ele></trkpt><trkpt lat="37.234137" lon="126.983479"><time>2026-09-27T03:39:00.001Z</time><ele>37.66</ele></trkpt><trkpt lat="37.234072" lon="126.98351"><time>2026-09-27T03:39:56.001Z</time><ele>40.94</ele></trkpt><trkpt lat="37.234008" lon="126.983536"><time>2026-09-27T03:39:57.001Z</time><ele>40.66</ele></trkpt><trkpt lat="37.233924" lon="126.983574"><time>2026-09-27T03:39:58.001Z</time><ele>40.67</ele></trkpt><trkpt lat="37.233815" lon="126.983622"><time>2026-09-27T03:39:59.001Z</time><ele>39.77</ele></trkpt><trkpt lat="37.233687" lon="126.983676"><time>2026-09-27T03:40:00.001Z</time><ele>39.77</ele></trkpt><trkpt lat="37.233543" lon="126.983747"><time>2026-09-27T03:40:01.001Z</time><ele>38.91</ele></trkpt><trkpt lat="37.233384" lon="126.98382"><time>2026-09-27T03:40:02.000Z</time><ele>38.52</ele></trkpt><trkpt lat="37.233208" lon="126.983901"><time>2026-09-27T03:40:03.000Z</time><ele>38.55</ele></trkpt><trkpt lat="37.233013" lon="126.983994"><time>2026-09-27T03:40:04.000Z</time><ele>38.03</ele></trkpt><trkpt lat="37.232803" lon="126.984089"><time>2026-09-27T03:40:05.000Z</time><ele>37.33</ele></trkpt><trkpt lat="37.232577" lon="126.984191"><time>2026-09-27T03:40:06.000Z</time><ele>36.73</ele></trkpt><trkpt lat="37.232338" lon="126.984302"><time>2026-09-27T03:40:07.000Z</time><ele>37.49</ele></trkpt><trkpt lat="37.232092" lon="126.98441"><time>2026-09-27T03:40:08.000Z</time><ele>36.93</ele></trkpt><trkpt lat="37.23184" lon="126.984524"><time>2026-09-27T03:40:09.000Z</time><ele>36.84</ele></trkpt><trkpt lat="37.231583" lon="126.984644"><time>2026-09-27T03:40:10.000Z</time><ele>37.5</ele></trkpt><trkpt lat="37.231321" lon="126.984774"><time>2026-09-27T03:40:11.000Z</time><ele>38.1</ele></trkpt><trkpt lat="37.231052" lon="126.9849"><time>2026-09-27T03:40:12.000Z</time><ele>39.1</ele></trkpt><trkpt lat="37.230778" lon="126.985024"><time>2026-09-27T03:40:13.000Z</time><ele>39.73</ele></trkpt><trkpt lat="37.2305" lon="126.985152"><time>2026-09-27T03:40:14.000Z</time><ele>40.16</ele></trkpt><trkpt lat="37.230218" lon="126.985279"><time>2026-09-27T03:40:15.000Z</time><ele>41.14</ele></trkpt><trkpt lat="37.229934" lon="126.985408"><time>2026-09-27T03:40:16.000Z</time><ele>41.25</ele></trkpt><trkpt lat="37.229659" lon="126.985531"><time>2026-09-27T03:40:17.000Z</time><ele>41.55</ele></trkpt><trkpt lat="37.229406" lon="126.985658"><time>2026-09-27T03:40:18.000Z</time><ele>40.96</ele></trkpt><trkpt lat="37.229156" lon="126.985776"><time>2026-09-27T03:40:19.000Z</time><ele>40.23</ele></trkpt><trkpt lat="37.228917" lon="126.985888"><time>2026-09-27T03:40:20.000Z</time><ele>40.05</ele></trkpt><trkpt lat="37.228687" lon="126.985994"><time>2026-09-27T03:40:21.000Z</time><ele>39.09</ele></trkpt><trkpt lat="37.2274" lon="126.986588"><time>2026-09-27T03:40:28.000Z</time><ele>33.19</ele></trkpt><trkpt lat="37.227257" lon="126.986654"><time>2026-09-27T03:40:29.000Z</time><ele>32.66</ele></trkpt><trkpt lat="37.227124" lon="126.986712"><time>2026-09-27T03:40:30.000Z</time><ele>31.95</ele></trkpt><trkpt lat="37.226997" lon="126.986766"><time>2026-09-27T03:40:31.000Z</time><ele>32.6</ele></trkpt><trkpt lat="37.22688" lon="126.986821"><time>2026-09-27T03:40:32.000Z</time><ele>32.29</ele></trkpt><trkpt lat="37.226773" lon="126.986866"><time>2026-09-27T03:40:33.000Z</time><ele>31.3</ele></trkpt><trkpt lat="37.226677" lon="126.986908"><time>2026-09-27T03:40:34.000Z</time><ele>31.13</ele></trkpt><trkpt lat="37.226591" lon="126.986947"><time>2026-09-27T03:40:35.000Z</time><ele>30.59</ele></trkpt><trkpt lat="37.226516" lon="126.986977"><time>2026-09-27T03:40:36.000Z</time><ele>30.46</ele></trkpt><trkpt lat="37.226453" lon="126.987005"><time>2026-09-27T03:40:37.000Z</time><ele>30.54</ele></trkpt><trkpt lat="37.226404" lon="126.987031"><time>2026-09-27T03:40:38.000Z</time><ele>30.55</ele></trkpt><trkpt lat="37.226358" lon="126.987049"><time>2026-09-27T03:40:39.000Z</time><ele>30.93</ele></trkpt><trkpt lat="37.226289" lon="126.987087"><time>2026-09-27T03:40:41.000Z</time><ele>30.94</ele></trkpt><trkpt lat="37.226242" lon="126.987109"><time>2026-09-27T03:40:43.000Z</time><ele>31.08</ele></trkpt><trkpt lat="37.22619" lon="126.987128"><time>2026-09-27T03:41:41.001Z</time><ele>33.93</ele></trkpt><trkpt lat="37.226092" lon="126.987176"><time>2026-09-27T03:41:43.001Z</time><ele>32.98</ele></trkpt><trkpt lat="37.226024" lon="126.987206"><time>2026-09-27T03:41:44.001Z</time><ele>32.43</ele></trkpt><trkpt lat="37.225946" lon="126.98724"><time>2026-09-27T03:41:45.001Z</time><ele>31.69</ele></trkpt><trkpt lat="37.225852" lon="126.98728"><time>2026-09-27T03:41:46.001Z</time><ele>31.78</ele></trkpt><trkpt lat="37.22575" lon="126.987331"><time>2026-09-27T03:41:47.001Z</time><ele>33.22</ele></trkpt><trkpt lat="37.225644" lon="126.987382"><time>2026-09-27T03:41:48.001Z</time><ele>33.48</ele></trkpt><trkpt lat="37.225538" lon="126.987432"><time>2026-09-27T03:41:49.001Z</time><ele>33.55</ele></trkpt><trkpt lat="37.225416" lon="126.987488"><time>2026-09-27T03:41:50.001Z</time><ele>33.86</ele></trkpt><trkpt lat="37.22528" lon="126.987551"><time>2026-09-27T03:41:51.001Z</time><ele>33.39</ele></trkpt><trkpt lat="37.225139" lon="126.987615"><time>2026-09-27T03:41:52.001Z</time><ele>33.08</ele></trkpt><trkpt lat="37.225008" lon="126.987685"><time>2026-09-27T03:41:53.001Z</time><ele>33.1</ele></trkpt><trkpt lat="37.224863" lon="126.987761"><time>2026-09-27T03:41:54.001Z</time><ele>32.97</ele></trkpt><trkpt lat="37.22471" lon="126.987845"><time>2026-09-27T03:41:55.001Z</time><ele>32.75</ele></trkpt><trkpt lat="37.224545" lon="126.987926"><time>2026-09-27T03:41:56.001Z</time><ele>32.87</ele></trkpt><trkpt lat="37.224376" lon="126.988008"><time>2026-09-27T03:41:57.001Z</time><ele>31.82</ele></trkpt><trkpt lat="37.224186" lon="126.98811"><time>2026-09-27T03:41:58.001Z</time><ele>34.18</ele></trkpt><trkpt lat="37.223987" lon="126.988222"><time>2026-09-27T03:41:59.001Z</time><ele>35.82</ele></trkpt><trkpt lat="37.223791" lon="126.988354"><time>2026-09-27T03:42:00.001Z</time><ele>37.4</ele></trkpt><trkpt lat="37.223593" lon="126.988503"><time>2026-09-27T03:42:01.001Z</time><ele>38.71</ele></trkpt><trkpt lat="37.223387" lon="126.988662"><time>2026-09-27T03:42:02.001Z</time><ele>39.97</ele></trkpt><trkpt lat="37.223177" lon="126.988826"><time>2026-09-27T03:42:03.001Z</time><ele>40.58</ele></trkpt><trkpt lat="37.22297" lon="126.98899"><time>2026-09-27T03:42:04.001Z</time><ele>41.66</ele></trkpt><trkpt lat="37.222763" lon="126.98916"><time>2026-09-27T03:42:05.001Z</time><ele>42.6</ele></trkpt><trkpt lat="37.222558" lon="126.989339"><time>2026-09-27T03:42:06.001Z</time><ele>43.74</ele></trkpt><trkpt lat="37.222355" lon="126.989525"><time>2026-09-27T03:42:07.001Z</time><ele>44.63</ele></trkpt><trkpt lat="37.222158" lon="126.989716"><time>2026-09-27T03:42:08.000Z</time><ele>45.5</ele></trkpt><trkpt lat="37.221961" lon="126.989916"><time>2026-09-27T03:42:09.000Z</time><ele>46.08</ele></trkpt><trkpt lat="37.221766" lon="126.990117"><time>2026-09-27T03:42:10.000Z</time><ele>47.78</ele></trkpt><trkpt lat="37.221578" lon="126.990326"><time>2026-09-27T03:42:11.000Z</time><ele>48.4</ele></trkpt><trkpt lat="37.221395" lon="126.990539"><time>2026-09-27T03:42:12.000Z</time><ele>49.07</ele></trkpt><trkpt lat="37.221209" lon="126.990756"><time>2026-09-27T03:42:13.000Z</time><ele>50.11</ele></trkpt><trkpt lat="37.221027" lon="126.990978"><time>2026-09-27T03:42:14.000Z</time><ele>51.23</ele></trkpt><trkpt lat="37.220851" lon="126.99121"><time>2026-09-27T03:42:15.000Z</time><ele>51.8</ele></trkpt><trkpt lat="37.220679" lon="126.99145"><time>2026-09-27T03:42:16.000Z</time><ele>52.41</ele></trkpt><trkpt lat="37.220509" lon="126.991688"><time>2026-09-27T03:42:17.000Z</time><ele>53.76</ele></trkpt><trkpt lat="37.220347" lon="126.991931"><time>2026-09-27T03:42:18.000Z</time><ele>54.2</ele></trkpt><trkpt lat="37.220187" lon="126.992176"><time>2026-09-27T03:42:19.000Z</time><ele>54.58</ele></trkpt><trkpt lat="37.220023" lon="126.99242"><time>2026-09-27T03:42:20.000Z</time><ele>55.32</ele></trkpt><trkpt lat="37.219865" lon="126.992668"><time>2026-09-27T03:42:21.000Z</time><ele>55.21</ele></trkpt><trkpt lat="37.219731" lon="126.992958"><time>2026-09-27T03:42:22.000Z</time><ele>55.41</ele></trkpt><trkpt lat="37.219529" lon="126.993165"><time>2026-09-27T03:42:23.000Z</time><ele>55.33</ele></trkpt><trkpt lat="37.219347" lon="126.993406"><time>2026-09-27T03:42:24.000Z</time><ele>55.09</ele></trkpt><trkpt lat="37.21916" lon="126.993644"><time>2026-09-27T03:42:25.000Z</time><ele>55.43</ele></trkpt><trkpt lat="37.218972" lon="126.993882"><time>2026-09-27T03:42:26.000Z</time><ele>55.4</ele></trkpt><trkpt lat="37.218787" lon="126.99412"><time>2026-09-27T03:42:27.000Z</time><ele>55.15</ele></trkpt><trkpt lat="37.218606" lon="126.994366"><time>2026-09-27T03:42:28.000Z</time><ele>54.63</ele></trkpt><trkpt lat="37.21843" lon="126.994625"><time>2026-09-27T03:42:29.000Z</time><ele>54.38</ele></trkpt><trkpt lat="37.218256" lon="126.994891"><time>2026-09-27T03:42:30.000Z</time><ele>53.84</ele></trkpt><trkpt lat="37.218082" lon="126.995165"><time>2026-09-27T03:42:31.000Z</time><ele>53.42</ele></trkpt><trkpt lat="37.217907" lon="126.995441"><time>2026-09-27T03:42:32.000Z</time><ele>52.84</ele></trkpt><trkpt lat="37.217728" lon="126.995723"><time>2026-09-27T03:42:33.000Z</time><ele>51.98</ele></trkpt><trkpt lat="37.217545" lon="126.996011"><time>2026-09-27T03:42:34.000Z</time><ele>51.38</ele></trkpt><trkpt lat="37.217357" lon="126.996304"><time>2026-09-27T03:42:35.012Z</time><ele>50.75</ele></trkpt><trkpt lat="37.217173" lon="126.996596"><time>2026-09-27T03:42:36.014Z</time><ele>50.06</ele></trkpt><trkpt lat="37.216989" lon="126.996884"><time>2026-09-27T03:42:37.014Z</time><ele>49.39</ele></trkpt><trkpt lat="37.216804" lon="126.997171"><time>2026-09-27T03:42:38.016Z</time><ele>49.01</ele></trkpt><trkpt lat="37.215627" lon="126.998687"><time>2026-09-27T03:42:44.000Z</time><ele>52.43</ele></trkpt><trkpt lat="37.215423" lon="126.998932"><time>2026-09-27T03:42:45.000Z</time><ele>52.43</ele></trkpt><trkpt lat="37.215211" lon="126.999144"><time>2026-09-27T03:42:46.000Z</time><ele>50.81</ele></trkpt><trkpt lat="37.21505" lon="126.999328"><time>2026-09-27T03:42:47.000Z</time><ele>48.33</ele></trkpt><trkpt lat="37.214874" lon="126.999507"><time>2026-09-27T03:42:48.000Z</time><ele>47.01</ele></trkpt><trkpt lat="37.21467" lon="126.999704"><time>2026-09-27T03:42:49.000Z</time><ele>46.58</ele></trkpt><trkpt lat="37.214436" lon="126.999939"><time>2026-09-27T03:42:50.000Z</time><ele>40.69</ele></trkpt><trkpt lat="37.214238" lon="127.000132"><time>2026-09-27T03:42:51.000Z</time><ele>39.61</ele></trkpt><trkpt lat="37.214032" lon="127.000323"><time>2026-09-27T03:42:52.000Z</time><ele>37.32</ele></trkpt><trkpt lat="37.213811" lon="127.000509"><time>2026-09-27T03:42:53.000Z</time><ele>36.92</ele></trkpt><trkpt lat="37.213585" lon="127.000694"><time>2026-09-27T03:42:54.000Z</time><ele>35.5</ele></trkpt><trkpt lat="37.213348" lon="127.00088"><time>2026-09-27T03:42:55.014Z</time><ele>33.7</ele></trkpt><trkpt lat="37.213108" lon="127.001062"><time>2026-09-27T03:42:56.016Z</time><ele>32.24</ele></trkpt><trkpt lat="37.212866" lon="127.001241"><time>2026-09-27T03:42:57.017Z</time><ele>30.92</ele></trkpt><trkpt lat="37.212624" lon="127.001419"><time>2026-09-27T03:42:58.015Z</time><ele>29.68</ele></trkpt><trkpt lat="37.209368" lon="127.004451"><time>2026-09-27T03:43:13.001Z</time><ele>40.82</ele></trkpt><trkpt lat="37.2092" lon="127.004723"><time>2026-09-27T03:43:14.001Z</time><ele>40.82</ele></trkpt><trkpt lat="37.209033" lon="127.005006"><time>2026-09-27T03:43:15.001Z</time><ele>37.86</ele></trkpt><trkpt lat="37.208878" lon="127.005296"><time>2026-09-27T03:43:16.001Z</time><ele>35.51</ele></trkpt><trkpt lat="37.208696" lon="127.005555"><time>2026-09-27T03:43:17.001Z</time><ele>33.88</ele></trkpt><trkpt lat="37.208544" lon="127.005839"><time>2026-09-27T03:43:18.001Z</time><ele>34.48</ele></trkpt><trkpt lat="37.208348" lon="127.006129"><time>2026-09-27T03:43:19.001Z</time><ele>30.33</ele></trkpt><trkpt lat="37.208183" lon="127.00642"><time>2026-09-27T03:43:20.001Z</time><ele>29.81</ele></trkpt><trkpt lat="37.208016" lon="127.006705"><time>2026-09-27T03:43:21.001Z</time><ele>29.3</ele></trkpt><trkpt lat="37.207854" lon="127.006989"><time>2026-09-27T03:43:22.001Z</time><ele>29.14</ele></trkpt><trkpt lat="37.207702" lon="127.007259"><time>2026-09-27T03:43:23.001Z</time><ele>28.19</ele></trkpt><trkpt lat="37.207543" lon="127.00753"><time>2026-09-27T03:43:24.001Z</time><ele>28.61</ele></trkpt><trkpt lat="37.207383" lon="127.007793"><time>2026-09-27T03:43:25.001Z</time><ele>28.42</ele></trkpt><trkpt lat="37.207227" lon="127.008044"><time>2026-09-27T03:43:26.001Z</time><ele>26.85</ele></trkpt><trkpt lat="37.207061" lon="127.008286"><time>2026-09-27T03:43:27.001Z</time><ele>26.49</ele></trkpt><trkpt lat="37.206888" lon="127.008501"><time>2026-09-27T03:43:28.001Z</time><ele>25.33</ele></trkpt><trkpt lat="37.206708" lon="127.008703"><time>2026-09-27T03:43:29.001Z</time><ele>24.61</ele></trkpt><trkpt lat="37.206516" lon="127.008898"><time>2026-09-27T03:43:30.016Z</time><ele>24.18</ele></trkpt><trkpt lat="37.206322" lon="127.009079"><time>2026-09-27T03:43:31.014Z</time><ele>23.42</ele></trkpt><trkpt lat="37.206123" lon="127.009251"><time>2026-09-27T03:43:32.014Z</time><ele>23.88</ele></trkpt><trkpt lat="37.205917" lon="127.00941"><time>2026-09-27T03:43:33.016Z</time><ele>23.86</ele></trkpt><trkpt lat="37.204777" lon="127.010245"><time>2026-09-27T03:43:38.001Z</time><ele>30.39</ele></trkpt><trkpt lat="37.204548" lon="127.010414"><time>2026-09-27T03:43:39.001Z</time><ele>30.39</ele></trkpt><trkpt lat="37.204323" lon="127.010571"><time>2026-09-27T03:43:40.001Z</time><ele>32.1</ele></trkpt><trkpt lat="37.204137" lon="127.010691"><time>2026-09-27T03:43:41.001Z</time><ele>30.65</ele></trkpt><trkpt lat="37.203924" lon="127.010866"><time>2026-09-27T03:43:42.001Z</time><ele>31.47</ele></trkpt><trkpt lat="37.203693" lon="127.011015"><time>2026-09-27T03:43:43.001Z</time><ele>30.63</ele></trkpt><trkpt lat="37.203477" lon="127.01119"><time>2026-09-27T03:43:44.001Z</time><ele>30.96</ele></trkpt><trkpt lat="37.203251" lon="127.01135"><time>2026-09-27T03:43:45.001Z</time><ele>30.46</ele></trkpt><trkpt lat="37.203022" lon="127.011519"><time>2026-09-27T03:43:46.001Z</time><ele>30.62</ele></trkpt><trkpt lat="37.202795" lon="127.011691"><time>2026-09-27T03:43:47.001Z</time><ele>30.07</ele></trkpt><trkpt lat="37.20258" lon="127.011883"><time>2026-09-27T03:43:48.001Z</time><ele>27.72</ele></trkpt><trkpt lat="37.202356" lon="127.012063"><time>2026-09-27T03:43:49.001Z</time><ele>27.08</ele></trkpt><trkpt lat="37.20213" lon="127.01225"><time>2026-09-27T03:43:50.001Z</time><ele>26.36</ele></trkpt><trkpt lat="37.201908" lon="127.012452"><time>2026-09-27T03:43:51.001Z</time><ele>26.11</ele></trkpt><trkpt lat="37.201681" lon="127.012642"><time>2026-09-27T03:43:52.001Z</time><ele>26.03</ele></trkpt><trkpt lat="37.201431" lon="127.012887"><time>2026-09-27T03:43:53.016Z</time><ele>22.3</ele></trkpt><trkpt lat="37.201218" lon="127.013114"><time>2026-09-27T03:43:54.016Z</time><ele>23.4</ele></trkpt><trkpt lat="37.201014" lon="127.013347"><time>2026-09-27T03:43:55.017Z</time><ele>22.97</ele></trkpt><trkpt lat="37.200837" lon="127.013597"><time>2026-09-27T03:43:56.001Z</time><ele>24.11</ele></trkpt><trkpt lat="37.200676" lon="127.013854"><time>2026-09-27T03:43:57.001Z</time><ele>24.07</ele></trkpt><trkpt lat="37.200511" lon="127.014121"><time>2026-09-27T03:43:58.001Z</time><ele>25.66</ele></trkpt><trkpt lat="37.200345" lon="127.014389"><time>2026-09-27T03:43:59.001Z</time><ele>26.86</ele></trkpt><trkpt lat="37.200192" lon="127.014666"><time>2026-09-27T03:44:00.001Z</time><ele>26.65</ele></trkpt><trkpt lat="37.200047" lon="127.014943"><time>2026-09-27T03:44:01.001Z</time><ele>26.98</ele></trkpt><trkpt lat="37.199905" lon="127.015223"><time>2026-09-27T03:44:02.001Z</time><ele>26.92</ele></trkpt><trkpt lat="37.199772" lon="127.015511"><time>2026-09-27T03:44:03.001Z</time><ele>26.96</ele></trkpt><trkpt lat="37.199649" lon="127.015809"><time>2026-09-27T03:44:04.001Z</time><ele>26.12</ele></trkpt><trkpt lat="37.199536" lon="127.016116"><time>2026-09-27T03:44:05.001Z</time><ele>26.8</ele></trkpt><trkpt lat="37.199432" lon="127.016429"><time>2026-09-27T03:44:06.001Z</time><ele>27.03</ele></trkpt><trkpt lat="37.199332" lon="127.016745"><time>2026-09-27T03:44:07.001Z</time><ele>27.51</ele></trkpt><trkpt lat="37.199234" lon="127.017055"><time>2026-09-27T03:44:08.001Z</time><ele>28.97</ele></trkpt><trkpt lat="37.199141" lon="127.017365"><time>2026-09-27T03:44:09.001Z</time><ele>30.19</ele></trkpt><trkpt lat="37.199054" lon="127.01768"><time>2026-09-27T03:44:10.001Z</time><ele>30.89</ele></trkpt><trkpt lat="37.198964" lon="127.017998"><time>2026-09-27T03:44:11.001Z</time><ele>31.76</ele></trkpt><trkpt lat="37.198875" lon="127.018318"><time>2026-09-27T03:44:12.001Z</time><ele>33.06</ele></trkpt><trkpt lat="37.198783" lon="127.018639"><time>2026-09-27T03:44:13.001Z</time><ele>34.06</ele></trkpt><trkpt lat="37.198689" lon="127.01896"><time>2026-09-27T03:44:14.000Z</time><ele>35.4</ele></trkpt><trkpt lat="37.198597" lon="127.019284"><time>2026-09-27T03:44:15.000Z</time><ele>36.31</ele></trkpt><trkpt lat="37.198505" lon="127.019609"><time>2026-09-27T03:44:16.000Z</time><ele>37.26</ele></trkpt><trkpt lat="37.198414" lon="127.019934"><time>2026-09-27T03:44:17.000Z</time><ele>37.87</ele></trkpt><trkpt lat="37.198322" lon="127.020256"><time>2026-09-27T03:44:18.000Z</time><ele>38.32</ele></trkpt><trkpt lat="37.19823" lon="127.02058"><time>2026-09-27T03:44:19.000Z</time><ele>38.47</ele></trkpt><trkpt lat="37.198136" lon="127.020908"><time>2026-09-27T03:44:20.000Z</time><ele>38.48</ele></trkpt><trkpt lat="37.198041" lon="127.02124"><time>2026-09-27T03:44:21.000Z</time><ele>38.24</ele></trkpt><trkpt lat="37.197946" lon="127.021572"><time>2026-09-27T03:44:22.000Z</time><ele>38.41</ele></trkpt><trkpt lat="37.197852" lon="127.021906"><time>2026-09-27T03:44:23.000Z</time><ele>38.06</ele></trkpt><trkpt lat="37.197757" lon="127.022244"><time>2026-09-27T03:44:24.000Z</time><ele>37.25</ele></trkpt><trkpt lat="37.197661" lon="127.022587"><time>2026-09-27T03:44:25.000Z</time><ele>36.26</ele></trkpt><trkpt lat="37.197561" lon="127.022931"><time>2026-09-27T03:44:26.000Z</time><ele>35.24</ele></trkpt><trkpt lat="37.197462" lon="127.023277"><time>2026-09-27T03:44:27.000Z</time><ele>34.18</ele></trkpt><trkpt lat="37.197365" lon="127.023626"><time>2026-09-27T03:44:28.000Z</time><ele>32.88</ele></trkpt><trkpt lat="37.197265" lon="127.023977"><time>2026-09-27T03:44:29.000Z</time><ele>31.86</ele></trkpt><trkpt lat="37.197165" lon="127.024327"><time>2026-09-27T03:44:30.000Z</time><ele>31</ele></trkpt><trkpt lat="37.197066" lon="127.024673"><time>2026-09-27T03:44:31.000Z</time><ele>30.45</ele></trkpt><trkpt lat="37.19697" lon="127.025016"><time>2026-09-27T03:44:32.000Z</time><ele>29.74</ele></trkpt><trkpt lat="37.196874" lon="127.025354"><time>2026-09-27T03:44:33.000Z</time><ele>29.18</ele></trkpt><trkpt lat="37.196775" lon="127.025687"><time>2026-09-27T03:44:34.000Z</time><ele>28.64</ele></trkpt><trkpt lat="37.196669" lon="127.026012"><time>2026-09-27T03:44:35.000Z</time><ele>28.58</ele></trkpt><trkpt lat="37.196559" lon="127.026335"><time>2026-09-27T03:44:36.000Z</time><ele>28.42</ele></trkpt><trkpt lat="37.19644" lon="127.026655"><time>2026-09-27T03:44:37.000Z</time><ele>29.02</ele></trkpt><trkpt lat="37.196317" lon="127.02697"><time>2026-09-27T03:44:38.000Z</time><ele>29.13</ele></trkpt><trkpt lat="37.196192" lon="127.027284"><time>2026-09-27T03:44:39.000Z</time><ele>28.94</ele></trkpt><trkpt lat="37.196057" lon="127.027592"><time>2026-09-27T03:44:40.000Z</time><ele>29.5</ele></trkpt><trkpt lat="37.195915" lon="127.027898"><time>2026-09-27T03:44:41.000Z</time><ele>29.66</ele></trkpt><trkpt lat="37.195769" lon="127.028198"><time>2026-09-27T03:44:42.000Z</time><ele>30.06</ele></trkpt><trkpt lat="37.19562" lon="127.028492"><time>2026-09-27T03:44:43.000Z</time><ele>30.59</ele></trkpt><trkpt lat="37.19547" lon="127.028783"><time>2026-09-27T03:44:44.000Z</time><ele>30.94</ele></trkpt><trkpt lat="37.195321" lon="127.029079"><time>2026-09-27T03:44:45.000Z</time><ele>31.14</ele></trkpt><trkpt lat="37.195176" lon="127.02937"><time>2026-09-27T03:44:46.000Z</time><ele>31.38</ele></trkpt><trkpt lat="37.195029" lon="127.029663"><time>2026-09-27T03:44:47.000Z</time><ele>31.85</ele></trkpt><trkpt lat="37.194882" lon="127.029952"><time>2026-09-27T03:44:48.000Z</time><ele>32.12</ele></trkpt><trkpt lat="37.194736" lon="127.030234"><time>2026-09-27T03:44:49.000Z</time><ele>32.68</ele></trkpt><trkpt lat="37.194594" lon="127.030509"><time>2026-09-27T03:44:50.000Z</time><ele>33.47</ele></trkpt><trkpt lat="37.194458" lon="127.030777"><time>2026-09-27T03:44:51.000Z</time><ele>33.97</ele></trkpt><trkpt lat="37.194322" lon="127.031046"><time>2026-09-27T03:44:52.000Z</time><ele>34.26</ele></trkpt><trkpt lat="37.194185" lon="127.031316"><time>2026-09-27T03:44:53.000Z</time><ele>34.33</ele></trkpt><trkpt lat="37.194046" lon="127.03159"><time>2026-09-27T03:44:54.000Z</time><ele>34.04</ele></trkpt><trkpt lat="37.1939" lon="127.031859"><time>2026-09-27T03:44:55.000Z</time><ele>34.66</ele></trkpt><trkpt lat="37.193745" lon="127.032126"><time>2026-09-27T03:44:56.000Z</time><ele>35.52</ele></trkpt><trkpt lat="37.19359" lon="127.032396"><time>2026-09-27T03:44:57.000Z</time><ele>35.73</ele></trkpt><trkpt lat="37.193427" lon="127.032665"><time>2026-09-27T03:44:58.000Z</time><ele>36.55</ele></trkpt><trkpt lat="37.193261" lon="127.032931"><time>2026-09-27T03:44:59.000Z</time><ele>36.88</ele></trkpt><trkpt lat="37.193086" lon="127.033192"><time>2026-09-27T03:45:00.000Z</time><ele>37.08</ele></trkpt><trkpt lat="37.192903" lon="127.033448"><time>2026-09-27T03:45:01.000Z</time><ele>37.38</ele></trkpt><trkpt lat="37.19271" lon="127.033693"><time>2026-09-27T03:45:02.000Z</time><ele>38.03</ele></trkpt><trkpt lat="37.192518" lon="127.033933"><time>2026-09-27T03:45:03.000Z</time><ele>38.49</ele></trkpt><trkpt lat="37.192323" lon="127.034172"><time>2026-09-27T03:45:04.000Z</time><ele>38.33</ele></trkpt><trkpt lat="37.19212" lon="127.034403"><time>2026-09-27T03:45:05.000Z</time><ele>39.4</ele></trkpt><trkpt lat="37.191914" lon="127.034622"><time>2026-09-27T03:45:06.000Z</time><ele>39.68</ele></trkpt><trkpt lat="37.191697" lon="127.034833"><time>2026-09-27T03:45:07.000Z</time><ele>40.4</ele></trkpt><trkpt lat="37.191475" lon="127.035038"><time>2026-09-27T03:45:08.000Z</time><ele>40.78</ele></trkpt><trkpt lat="37.191246" lon="127.035236"><time>2026-09-27T03:45:09.000Z</time><ele>41.57</ele></trkpt><trkpt lat="37.191018" lon="127.035423"><time>2026-09-27T03:45:10.000Z</time><ele>42.17</ele></trkpt><trkpt lat="37.190784" lon="127.035601"><time>2026-09-27T03:45:11.001Z</time><ele>42.7</ele></trkpt><trkpt lat="37.190552" lon="127.035764"><time>2026-09-27T03:45:12.001Z</time><ele>42.6</ele></trkpt><trkpt lat="37.190314" lon="127.035923"><time>2026-09-27T03:45:13.001Z</time><ele>42.64</ele></trkpt><trkpt lat="37.190073" lon="127.036079"><time>2026-09-27T03:45:14.001Z</time><ele>42.44</ele></trkpt><trkpt lat="37.189822" lon="127.036225"><time>2026-09-27T03:45:15.001Z</time><ele>42.73</ele></trkpt><trkpt lat="37.189567" lon="127.036363"><time>2026-09-27T03:45:16.001Z</time><ele>43.04</ele></trkpt><trkpt lat="37.189304" lon="127.03649"><time>2026-09-27T03:45:17.001Z</time><ele>42.4</ele></trkpt><trkpt lat="37.189037" lon="127.036612"><time>2026-09-27T03:45:18.001Z</time><ele>42.49</ele></trkpt><trkpt lat="37.188773" lon="127.03673"><time>2026-09-27T03:45:19.001Z</time><ele>42.09</ele></trkpt><trkpt lat="37.188515" lon="127.036853"><time>2026-09-27T03:45:20.001Z</time><ele>42.28</ele></trkpt><trkpt lat="37.188259" lon="127.036978"><time>2026-09-27T03:45:21.001Z</time><ele>42.02</ele></trkpt><trkpt lat="37.188004" lon="127.037101"><time>2026-09-27T03:45:22.001Z</time><ele>41.96</ele></trkpt><trkpt lat="37.187752" lon="127.037219"><time>2026-09-27T03:45:23.001Z</time><ele>42.29</ele></trkpt><trkpt lat="37.187502" lon="127.037337"><time>2026-09-27T03:45:24.001Z</time><ele>43.1</ele></trkpt><trkpt lat="37.187262" lon="127.037457"><time>2026-09-27T03:45:25.001Z</time><ele>43.45</ele></trkpt><trkpt lat="37.187019" lon="127.037572"><time>2026-09-27T03:45:26.001Z</time><ele>44.25</ele></trkpt><trkpt lat="37.186776" lon="127.037692"><time>2026-09-27T03:45:27.001Z</time><ele>44.71</ele></trkpt><trkpt lat="37.186534" lon="127.037813"><time>2026-09-27T03:45:28.001Z</time><ele>44.96</ele></trkpt><trkpt lat="37.186287" lon="127.037929"><time>2026-09-27T03:45:29.001Z</time><ele>45.66</ele></trkpt><trkpt lat="37.186043" lon="127.038044"><time>2026-09-27T03:45:30.001Z</time><ele>45.99</ele></trkpt><trkpt lat="37.185797" lon="127.038163"><time>2026-09-27T03:45:31.001Z</time><ele>45.98</ele></trkpt><trkpt lat="37.185549" lon="127.038282"><time>2026-09-27T03:45:32.001Z</time><ele>45.33</ele></trkpt><trkpt lat="37.185297" lon="127.038399"><time>2026-09-27T03:45:33.001Z</time><ele>45.18</ele></trkpt><trkpt lat="37.185042" lon="127.03851"><time>2026-09-27T03:45:34.001Z</time><ele>45.22</ele></trkpt><trkpt lat="37.184786" lon="127.038615"><time>2026-09-27T03:45:35.001Z</time><ele>44.85</ele></trkpt><trkpt lat="37.184534" lon="127.038715"><time>2026-09-27T03:45:36.001Z</time><ele>43.5</ele></trkpt><trkpt lat="37.184276" lon="127.038806"><time>2026-09-27T03:45:37.001Z</time><ele>43.28</ele></trkpt><trkpt lat="37.184016" lon="127.038893"><time>2026-09-27T03:45:38.001Z</time><ele>43.11</ele></trkpt><trkpt lat="37.183756" lon="127.038978"><time>2026-09-27T03:45:39.001Z</time><ele>42.93</ele></trkpt><trkpt lat="37.183495" lon="127.039058"><time>2026-09-27T03:45:40.001Z</time><ele>42.78</ele></trkpt><trkpt lat="37.183231" lon="127.039134"><time>2026-09-27T03:45:41.001Z</time><ele>44.24</ele></trkpt><trkpt lat="37.182959" lon="127.039211"><time>2026-09-27T03:45:42.001Z</time><ele>44.78</ele></trkpt><trkpt lat="37.182686" lon="127.039281"><time>2026-09-27T03:45:43.001Z</time><ele>45.49</ele></trkpt><trkpt lat="37.182411" lon="127.039346"><time>2026-09-27T03:45:44.001Z</time><ele>45.96</ele></trkpt><trkpt lat="37.182129" lon="127.039404"><time>2026-09-27T03:45:45.001Z</time><ele>47.45</ele></trkpt><trkpt lat="37.181853" lon="127.03946"><time>2026-09-27T03:45:46.001Z</time><ele>48.77</ele></trkpt><trkpt lat="37.18159" lon="127.039515"><time>2026-09-27T03:45:47.001Z</time><ele>49.35</ele></trkpt><trkpt lat="37.181351" lon="127.039567"><time>2026-09-27T03:45:48.001Z</time><ele>50.2</ele></trkpt><trkpt lat="37.181113" lon="127.039618"><time>2026-09-27T03:45:49.001Z</time><ele>50.85</ele></trkpt><trkpt lat="37.180872" lon="127.039668"><time>2026-09-27T03:45:50.001Z</time><ele>52.37</ele></trkpt><trkpt lat="37.18063" lon="127.03972"><time>2026-09-27T03:45:51.001Z</time><ele>52.35</ele></trkpt><trkpt lat="37.180392" lon="127.039768"><time>2026-09-27T03:45:52.001Z</time><ele>53.57</ele></trkpt><trkpt lat="37.180167" lon="127.039817"><time>2026-09-27T03:45:53.001Z</time><ele>53.29</ele></trkpt><trkpt lat="37.179941" lon="127.039863"><time>2026-09-27T03:45:54.001Z</time><ele>54.15</ele></trkpt><trkpt lat="37.179716" lon="127.039904"><time>2026-09-27T03:45:55.001Z</time><ele>55.42</ele></trkpt><trkpt lat="37.179492" lon="127.03994"><time>2026-09-27T03:45:56.001Z</time><ele>54.94</ele></trkpt><trkpt lat="37.179263" lon="127.039968"><time>2026-09-27T03:45:57.001Z</time><ele>56.64</ele></trkpt><trkpt lat="37.179038" lon="127.04"><time>2026-09-27T03:45:58.001Z</time><ele>57.04</ele></trkpt><trkpt lat="37.178817" lon="127.040041"><time>2026-09-27T03:45:59.001Z</time><ele>57.48</ele></trkpt><trkpt lat="37.178605" lon="127.040082"><time>2026-09-27T03:46:00.001Z</time><ele>57.91</ele></trkpt><trkpt lat="37.178401" lon="127.040121"><time>2026-09-27T03:46:01.001Z</time><ele>57.75</ele></trkpt><trkpt lat="37.178209" lon="127.040153"><time>2026-09-27T03:46:02.001Z</time><ele>58.1</ele></trkpt><trkpt lat="37.178016" lon="127.040185"><time>2026-09-27T03:46:03.001Z</time><ele>58.23</ele></trkpt><trkpt lat="37.177824" lon="127.040218"><time>2026-09-27T03:46:04.001Z</time><ele>58.24</ele></trkpt><trkpt lat="37.177642" lon="127.040246"><time>2026-09-27T03:46:05.001Z</time><ele>59.01</ele></trkpt><trkpt lat="37.177464" lon="127.040268"><time>2026-09-27T03:46:06.001Z</time><ele>58.37</ele></trkpt><trkpt lat="37.177284" lon="127.040292"><time>2026-09-27T03:46:07.001Z</time><ele>58.77</ele></trkpt><trkpt lat="37.177106" lon="127.040311"><time>2026-09-27T03:46:08.001Z</time><ele>60.59</ele></trkpt><trkpt lat="37.176935" lon="127.040341"><time>2026-09-27T03:46:09.001Z</time><ele>60.64</ele></trkpt><trkpt lat="37.17676" lon="127.040372"><time>2026-09-27T03:46:10.001Z</time><ele>60.62</ele></trkpt><trkpt lat="37.176586" lon="127.040404"><time>2026-09-27T03:46:11.001Z</time><ele>61.17</ele></trkpt><trkpt lat="37.176405" lon="127.040436"><time>2026-09-27T03:46:12.001Z</time><ele>62.47</ele></trkpt><trkpt lat="37.176223" lon="127.040465"><time>2026-09-27T03:46:13.001Z</time><ele>63</ele></trkpt><trkpt lat="37.176054" lon="127.040496"><time>2026-09-27T03:46:14.001Z</time><ele>62.95</ele></trkpt><trkpt lat="37.175885" lon="127.040529"><time>2026-09-27T03:46:15.001Z</time><ele>63.34</ele></trkpt><trkpt lat="37.175722" lon="127.040567"><time>2026-09-27T03:46:16.001Z</time><ele>63.11</ele></trkpt><trkpt lat="37.175551" lon="127.040602"><time>2026-09-27T03:46:17.001Z</time><ele>63.7</ele></trkpt><trkpt lat="37.175376" lon="127.040637"><time>2026-09-27T03:46:18.015Z</time><ele>64.81</ele></trkpt><trkpt lat="37.175208" lon="127.040674"><time>2026-09-27T03:46:19.015Z</time><ele>63.55</ele></trkpt><trkpt lat="37.174887" lon="127.040745"><time>2026-09-27T03:46:21.015Z</time><ele>63.79</ele></trkpt><trkpt lat="37.172243" lon="127.041269"><time>2026-09-27T03:46:39.002Z</time><ele>68.98</ele></trkpt><trkpt lat="37.172134" lon="127.041288"><time>2026-09-27T03:46:40.002Z</time><ele>68.98</ele></trkpt><trkpt lat="37.172002" lon="127.041288"><time>2026-09-27T03:46:41.000Z</time><ele>67.18</ele></trkpt><trkpt lat="37.171911" lon="127.041278"><time>2026-09-27T03:46:42.000Z</time><ele>67.27</ele></trkpt><trkpt lat="37.171813" lon="127.041262"><time>2026-09-27T03:46:43.000Z</time><ele>68.11</ele></trkpt><trkpt lat="37.171716" lon="127.041218"><time>2026-09-27T03:46:44.000Z</time><ele>68.04</ele></trkpt><trkpt lat="37.171611" lon="127.041149"><time>2026-09-27T03:46:45.000Z</time><ele>68.85</ele></trkpt><trkpt lat="37.171518" lon="127.041035"><time>2026-09-27T03:46:46.000Z</time><ele>67.39</ele></trkpt><trkpt lat="37.17143" lon="127.040906"><time>2026-09-27T03:46:47.000Z</time><ele>68.17</ele></trkpt><trkpt lat="37.171334" lon="127.040796"><time>2026-09-27T03:46:48.000Z</time><ele>68.01</ele></trkpt><trkpt lat="37.171259" lon="127.04069"><time>2026-09-27T03:46:49.000Z</time><ele>67.23</ele></trkpt><trkpt lat="37.171178" lon="127.040588"><time>2026-09-27T03:46:50.000Z</time><ele>67.07</ele></trkpt><trkpt lat="37.171092" lon="127.04051"><time>2026-09-27T03:46:51.000Z</time><ele>66.71</ele></trkpt><trkpt lat="37.170995" lon="127.040442"><time>2026-09-27T03:46:52.000Z</time><ele>66.48</ele></trkpt><trkpt lat="37.170904" lon="127.040381"><time>2026-09-27T03:46:53.000Z</time><ele>66.73</ele></trkpt><trkpt lat="37.170811" lon="127.040353"><time>2026-09-27T03:46:54.000Z</time><ele>66.11</ele></trkpt><trkpt lat="37.170721" lon="127.040341"><time>2026-09-27T03:46:55.000Z</time><ele>66.18</ele></trkpt><trkpt lat="37.170634" lon="127.040326"><time>2026-09-27T03:46:56.000Z</time><ele>66.29</ele></trkpt><trkpt lat="37.170554" lon="127.040314"><time>2026-09-27T03:46:57.000Z</time><ele>66.1</ele></trkpt><trkpt lat="37.170484" lon="127.040305"><time>2026-09-27T03:46:58.000Z</time><ele>66.4</ele></trkpt><trkpt lat="37.170421" lon="127.040317"><time>2026-09-27T03:46:59.000Z</time><ele>66.31</ele></trkpt><trkpt lat="37.170365" lon="127.040358"><time>2026-09-27T03:47:00.000Z</time><ele>66.58</ele></trkpt><trkpt lat="37.17032" lon="127.040429"><time>2026-09-27T03:47:01.000Z</time><ele>65.8</ele></trkpt><trkpt lat="37.170286" lon="127.040515"><time>2026-09-27T03:47:02.000Z</time><ele>65.6</ele></trkpt><trkpt lat="37.170275" lon="127.040637"><time>2026-09-27T03:47:03.000Z</time><ele>65.31</ele></trkpt><trkpt lat="37.17027" lon="127.040773"><time>2026-09-27T03:47:04.000Z</time><ele>65.15</ele></trkpt><trkpt lat="37.170261" lon="127.040923"><time>2026-09-27T03:47:05.000Z</time><ele>64.79</ele></trkpt><trkpt lat="37.170254" lon="127.041091"><time>2026-09-27T03:47:06.000Z</time><ele>64.56</ele></trkpt><trkpt lat="37.170254" lon="127.041271"><time>2026-09-27T03:47:07.000Z</time><ele>64.1</ele></trkpt><trkpt lat="37.17025" lon="127.041455"><time>2026-09-27T03:47:08.000Z</time><ele>64.5</ele></trkpt><trkpt lat="37.170245" lon="127.041645"><time>2026-09-27T03:47:09.000Z</time><ele>64.31</ele></trkpt><trkpt lat="37.170236" lon="127.041836"><time>2026-09-27T03:47:10.000Z</time><ele>63.57</ele></trkpt><trkpt lat="37.170228" lon="127.042031"><time>2026-09-27T03:47:11.000Z</time><ele>62.62</ele></trkpt><trkpt lat="37.170215" lon="127.042238"><time>2026-09-27T03:47:12.000Z</time><ele>62.68</ele></trkpt><trkpt lat="37.170196" lon="127.04245"><time>2026-09-27T03:47:13.000Z</time><ele>62.46</ele></trkpt><trkpt lat="37.170179" lon="127.04266"><time>2026-09-27T03:47:14.000Z</time><ele>61.6</ele></trkpt><trkpt lat="37.17016" lon="127.042873"><time>2026-09-27T03:47:15.000Z</time><ele>60.98</ele></trkpt><trkpt lat="37.170143" lon="127.043078"><time>2026-09-27T03:47:16.000Z</time><ele>60.28</ele></trkpt><trkpt lat="37.170122" lon="127.043279"><time>2026-09-27T03:47:17.000Z</time><ele>60.08</ele></trkpt><trkpt lat="37.170105" lon="127.04347"><time>2026-09-27T03:47:18.000Z</time><ele>59.63</ele></trkpt><trkpt lat="37.170089" lon="127.043651"><time>2026-09-27T03:47:19.000Z</time><ele>59.01</ele></trkpt><trkpt lat="37.170073" lon="127.043835"><time>2026-09-27T03:47:20.000Z</time><ele>58.51</ele></trkpt><trkpt lat="37.170057" lon="127.044024"><time>2026-09-27T03:47:21.000Z</time><ele>57.87</ele></trkpt><trkpt lat="37.17004" lon="127.044202"><time>2026-09-27T03:47:22.000Z</time><ele>57.42</ele></trkpt><trkpt lat="37.170023" lon="127.044387"><time>2026-09-27T03:47:23.000Z</time><ele>56.8</ele></trkpt><trkpt lat="37.170006" lon="127.044584"><time>2026-09-27T03:47:24.000Z</time><ele>56.44</ele></trkpt><trkpt lat="37.169987" lon="127.044773"><time>2026-09-27T03:47:25.000Z</time><ele>55.99</ele></trkpt><trkpt lat="37.169969" lon="127.044957"><time>2026-09-27T03:47:26.000Z</time><ele>55.44</ele></trkpt><trkpt lat="37.169953" lon="127.045144"><time>2026-09-27T03:47:27.000Z</time><ele>55.23</ele></trkpt><trkpt lat="37.169937" lon="127.045342"><time>2026-09-27T03:47:28.000Z</time><ele>54.66</ele></trkpt><trkpt lat="37.16992" lon="127.045544"><time>2026-09-27T03:47:29.000Z</time><ele>54.66</ele></trkpt><trkpt lat="37.169904" lon="127.045734"><time>2026-09-27T03:47:30.000Z</time><ele>53.57</ele></trkpt><trkpt lat="37.16989" lon="127.045913"><time>2026-09-27T03:47:31.000Z</time><ele>52.63</ele></trkpt><trkpt lat="37.169877" lon="127.046079"><time>2026-09-27T03:47:32.000Z</time><ele>52.1</ele></trkpt><trkpt lat="37.169864" lon="127.04624"><time>2026-09-27T03:47:33.000Z</time><ele>51.63</ele></trkpt><trkpt lat="37.169852" lon="127.046392"><time>2026-09-27T03:47:34.000Z</time><ele>50.93</ele></trkpt><trkpt lat="37.169837" lon="127.046545"><time>2026-09-27T03:47:35.000Z</time><ele>50.46</ele></trkpt><trkpt lat="37.169821" lon="127.046697"><time>2026-09-27T03:47:36.000Z</time><ele>49.96</ele></trkpt><trkpt lat="37.169808" lon="127.046842"><time>2026-09-27T03:47:37.000Z</time><ele>49.56</ele></trkpt><trkpt lat="37.169798" lon="127.046984"><time>2026-09-27T03:47:38.000Z</time><ele>49</ele></trkpt><trkpt lat="37.169787" lon="127.047127"><time>2026-09-27T03:47:39.000Z</time><ele>48.18</ele></trkpt><trkpt lat="37.169774" lon="127.047266"><time>2026-09-27T03:47:40.000Z</time><ele>48.06</ele></trkpt><trkpt lat="37.169761" lon="127.047401"><time>2026-09-27T03:47:41.000Z</time><ele>47.51</ele></trkpt><trkpt lat="37.169751" lon="127.047538"><time>2026-09-27T03:47:42.000Z</time><ele>46.96</ele></trkpt><trkpt lat="37.16974" lon="127.047669"><time>2026-09-27T03:47:43.000Z</time><ele>46.57</ele></trkpt><trkpt lat="37.169731" lon="127.047795"><time>2026-09-27T03:47:44.000Z</time><ele>45.99</ele></trkpt><trkpt lat="37.169723" lon="127.047918"><time>2026-09-27T03:47:45.000Z</time><ele>45.5</ele></trkpt><trkpt lat="37.169718" lon="127.048035"><time>2026-09-27T03:47:46.000Z</time><ele>45.52</ele></trkpt><trkpt lat="37.169713" lon="127.048148"><time>2026-09-27T03:47:47.000Z</time><ele>45.3</ele></trkpt><trkpt lat="37.169712" lon="127.048245"><time>2026-09-27T03:47:48.000Z</time><ele>44.78</ele></trkpt><trkpt lat="37.169711" lon="127.04834"><time>2026-09-27T03:47:49.001Z</time><ele>44.59</ele></trkpt><trkpt lat="37.169712" lon="127.048429"><time>2026-09-27T03:47:50.001Z</time><ele>44.23</ele></trkpt><trkpt lat="37.169714" lon="127.048522"><time>2026-09-27T03:47:51.001Z</time><ele>43.78</ele></trkpt><trkpt lat="37.169717" lon="127.048612"><time>2026-09-27T03:47:52.001Z</time><ele>43.41</ele></trkpt><trkpt lat="37.16972" lon="127.048707"><time>2026-09-27T03:47:53.001Z</time><ele>43.32</ele></trkpt><trkpt lat="37.169723" lon="127.048809"><time>2026-09-27T03:47:54.001Z</time><ele>43.11</ele></trkpt><trkpt lat="37.169728" lon="127.048917"><time>2026-09-27T03:47:55.001Z</time><ele>42.4</ele></trkpt><trkpt lat="37.169732" lon="127.04904"><time>2026-09-27T03:47:56.001Z</time><ele>41.94</ele></trkpt><trkpt lat="37.169735" lon="127.049174"><time>2026-09-27T03:47:57.001Z</time><ele>41.72</ele></trkpt><trkpt lat="37.169736" lon="127.049314"><time>2026-09-27T03:47:58.001Z</time><ele>41.72</ele></trkpt><trkpt lat="37.169741" lon="127.049448"><time>2026-09-27T03:47:59.001Z</time><ele>41.72</ele></trkpt><trkpt lat="37.169746" lon="127.049579"><time>2026-09-27T03:48:00.001Z</time><ele>40.97</ele></trkpt><trkpt lat="37.169751" lon="127.049716"><time>2026-09-27T03:48:01.001Z</time><ele>40.59</ele></trkpt><trkpt lat="37.169757" lon="127.049855"><time>2026-09-27T03:48:02.001Z</time><ele>40.01</ele></trkpt><trkpt lat="37.16976" lon="127.049996"><time>2026-09-27T03:48:03.001Z</time><ele>39.56</ele></trkpt><trkpt lat="37.169764" lon="127.05015"><time>2026-09-27T03:48:04.001Z</time><ele>39</ele></trkpt><trkpt lat="37.169766" lon="127.050304"><time>2026-09-27T03:48:05.001Z</time><ele>38.38</ele></trkpt><trkpt lat="37.169766" lon="127.050468"><time>2026-09-27T03:48:06.001Z</time><ele>38.12</ele></trkpt><trkpt lat="37.169768" lon="127.050633"><time>2026-09-27T03:48:07.001Z</time><ele>37.65</ele></trkpt><trkpt lat="37.169771" lon="127.050788"><time>2026-09-27T03:48:08.001Z</time><ele>37.59</ele></trkpt><trkpt lat="37.169777" lon="127.050932"><time>2026-09-27T03:48:09.001Z</time><ele>36.57</ele></trkpt><trkpt lat="37.169778" lon="127.051082"><time>2026-09-27T03:48:10.001Z</time><ele>36.78</ele></trkpt><trkpt lat="37.169785" lon="127.051228"><time>2026-09-27T03:48:11.001Z</time><ele>36.46</ele></trkpt><trkpt lat="37.169788" lon="127.051368"><time>2026-09-27T03:48:12.001Z</time><ele>36.56</ele></trkpt><trkpt lat="37.169788" lon="127.051494"><time>2026-09-27T03:48:13.001Z</time><ele>36.94</ele></trkpt><trkpt lat="37.169784" lon="127.051608"><time>2026-09-27T03:48:14.001Z</time><ele>36.81</ele></trkpt><trkpt lat="37.169777" lon="127.051712"><time>2026-09-27T03:48:15.001Z</time><ele>37.08</ele></trkpt><trkpt lat="37.169775" lon="127.051798"><time>2026-09-27T03:48:16.001Z</time><ele>36.53</ele></trkpt><trkpt lat="37.169779" lon="127.051861"><time>2026-09-27T03:48:17.001Z</time><ele>36.76</ele></trkpt><trkpt lat="37.16979" lon="127.051946"><time>2026-09-27T03:48:19.001Z</time><ele>36.72</ele></trkpt><trkpt lat="37.169792" lon="127.052007"><time>2026-09-27T03:48:21.001Z</time><ele>36.65</ele></trkpt><trkpt lat="37.169782" lon="127.052103"><time>2026-09-27T03:49:59.001Z</time><ele>41.67</ele></trkpt><trkpt lat="37.169781" lon="127.052175"><time>2026-09-27T03:50:00.001Z</time><ele>41.55</ele></trkpt><trkpt lat="37.169786" lon="127.052275"><time>2026-09-27T03:50:01.001Z</time><ele>41.48</ele></trkpt><trkpt lat="37.169791" lon="127.052394"><time>2026-09-27T03:50:02.001Z</time><ele>41.57</ele></trkpt><trkpt lat="37.169796" lon="127.052527"><time>2026-09-27T03:50:03.001Z</time><ele>41.52</ele></trkpt><trkpt lat="37.169802" lon="127.052675"><time>2026-09-27T03:50:04.001Z</time><ele>41.46</ele></trkpt><trkpt lat="37.16981" lon="127.052832"><time>2026-09-27T03:50:05.001Z</time><ele>41.2</ele></trkpt><trkpt lat="37.169816" lon="127.053001"><time>2026-09-27T03:50:06.001Z</time><ele>41.37</ele></trkpt><trkpt lat="37.169824" lon="127.053176"><time>2026-09-27T03:50:07.001Z</time><ele>41.12</ele></trkpt><trkpt lat="37.169832" lon="127.05336"><time>2026-09-27T03:50:08.001Z</time><ele>40.92</ele></trkpt><trkpt lat="37.169842" lon="127.053547"><time>2026-09-27T03:50:09.001Z</time><ele>40.64</ele></trkpt><trkpt lat="37.169852" lon="127.053745"><time>2026-09-27T03:50:10.001Z</time><ele>40.56</ele></trkpt><trkpt lat="37.169862" lon="127.053946"><time>2026-09-27T03:50:11.001Z</time><ele>40.67</ele></trkpt><trkpt lat="37.16987" lon="127.054144"><time>2026-09-27T03:50:12.001Z</time><ele>40.22</ele></trkpt><trkpt lat="37.169877" lon="127.054332"><time>2026-09-27T03:50:13.001Z</time><ele>40.09</ele></trkpt><trkpt lat="37.169885" lon="127.05452"><time>2026-09-27T03:50:14.001Z</time><ele>40.02</ele></trkpt><trkpt lat="37.169891" lon="127.054708"><time>2026-09-27T03:50:15.001Z</time><ele>39.97</ele></trkpt><trkpt lat="37.169898" lon="127.054902"><time>2026-09-27T03:50:16.001Z</time><ele>40.34</ele></trkpt><trkpt lat="37.169903" lon="127.055098"><time>2026-09-27T03:50:17.001Z</time><ele>40.4</ele></trkpt><trkpt lat="37.169906" lon="127.055296"><time>2026-09-27T03:50:18.001Z</time><ele>40.61</ele></trkpt><trkpt lat="37.169911" lon="127.055498"><time>2026-09-27T03:50:19.001Z</time><ele>40.78</ele></trkpt><trkpt lat="37.169915" lon="127.055699"><time>2026-09-27T03:50:20.001Z</time><ele>40.9</ele></trkpt><trkpt lat="37.169948" lon="127.056817"><time>2026-09-27T03:50:26.001Z</time><ele>39.67</ele></trkpt><trkpt lat="37.169954" lon="127.056968"><time>2026-09-27T03:50:27.001Z</time><ele>40.73</ele></trkpt><trkpt lat="37.169955" lon="127.057112"><time>2026-09-27T03:50:28.001Z</time><ele>40.83</ele></trkpt><trkpt lat="37.169959" lon="127.057222"><time>2026-09-27T03:50:29.001Z</time><ele>40.94</ele></trkpt><trkpt lat="37.169967" lon="127.057313"><time>2026-09-27T03:50:30.001Z</time><ele>40.43</ele></trkpt><trkpt lat="37.169971" lon="127.057391"><time>2026-09-27T03:50:31.001Z</time><ele>40.36</ele></trkpt><trkpt lat="37.169974" lon="127.057454"><time>2026-09-27T03:50:32.001Z</time><ele>40.62</ele></trkpt><trkpt lat="37.169975" lon="127.057544"><time>2026-09-27T03:50:34.001Z</time><ele>40.53</ele></trkpt><trkpt lat="37.169981" lon="127.057633"><time>2026-09-27T03:50:37.001Z</time><ele>39.91</ele></trkpt><trkpt lat="37.169984" lon="127.057695"><time>2026-09-27T03:50:38.001Z</time><ele>39.71</ele></trkpt><trkpt lat="37.169985" lon="127.057766"><time>2026-09-27T03:50:39.001Z</time><ele>39.74</ele></trkpt><trkpt lat="37.169986" lon="127.057843"><time>2026-09-27T03:50:40.001Z</time><ele>39.91</ele></trkpt><trkpt lat="37.169989" lon="127.057941"><time>2026-09-27T03:50:41.001Z</time><ele>39.85</ele></trkpt><trkpt lat="37.16999" lon="127.058048"><time>2026-09-27T03:50:42.002Z</time><ele>39.36</ele></trkpt><trkpt lat="37.169996" lon="127.058162"><time>2026-09-27T03:50:43.002Z</time><ele>39.23</ele></trkpt><trkpt lat="37.17" lon="127.058289"><time>2026-09-27T03:50:44.002Z</time><ele>39.58</ele></trkpt><trkpt lat="37.170005" lon="127.058401"><time>2026-09-27T03:50:45.002Z</time><ele>39.7</ele></trkpt><trkpt lat="37.170012" lon="127.058504"><time>2026-09-27T03:50:46.002Z</time><ele>39.61</ele></trkpt><trkpt lat="37.170025" lon="127.058602"><time>2026-09-27T03:50:47.002Z</time><ele>39.86</ele></trkpt><trkpt lat="37.17004" lon="127.058702"><time>2026-09-27T03:50:48.002Z</time><ele>39.95</ele></trkpt><trkpt lat="37.170055" lon="127.058795"><time>2026-09-27T03:50:49.002Z</time><ele>39.6</ele></trkpt><trkpt lat="37.170069" lon="127.058888"><time>2026-09-27T03:50:50.002Z</time><ele>39.52</ele></trkpt><trkpt lat="37.170086" lon="127.058993"><time>2026-09-27T03:50:51.002Z</time><ele>39.33</ele></trkpt><trkpt lat="37.170105" lon="127.059108"><time>2026-09-27T03:50:52.002Z</time><ele>39.17</ele></trkpt><trkpt lat="37.170127" lon="127.05923"><time>2026-09-27T03:50:53.000Z</time><ele>38.7</ele></trkpt><trkpt lat="37.17015" lon="127.059362"><time>2026-09-27T03:50:54.000Z</time><ele>38.7</ele></trkpt><trkpt lat="37.170173" lon="127.059496"><time>2026-09-27T03:50:55.000Z</time><ele>38.38</ele></trkpt><trkpt lat="37.170197" lon="127.059635"><time>2026-09-27T03:50:56.000Z</time><ele>38.43</ele></trkpt><trkpt lat="37.170221" lon="127.05977"><time>2026-09-27T03:50:57.000Z</time><ele>38.25</ele></trkpt><trkpt lat="37.170244" lon="127.059897"><time>2026-09-27T03:50:58.000Z</time><ele>38.21</ele></trkpt><trkpt lat="37.170265" lon="127.060019"><time>2026-09-27T03:50:59.000Z</time><ele>38.03</ele></trkpt><trkpt lat="37.170285" lon="127.060143"><time>2026-09-27T03:51:00.000Z</time><ele>37.22</ele></trkpt><trkpt lat="37.170307" lon="127.060264"><time>2026-09-27T03:51:01.000Z</time><ele>36.93</ele></trkpt><trkpt lat="37.170329" lon="127.06039"><time>2026-09-27T03:51:02.000Z</time><ele>36.61</ele></trkpt><trkpt lat="37.170348" lon="127.060508"><time>2026-09-27T03:51:03.000Z</time><ele>36.58</ele></trkpt><trkpt lat="37.170371" lon="127.060625"><time>2026-09-27T03:51:04.000Z</time><ele>36.39</ele></trkpt><trkpt lat="37.170391" lon="127.060747"><time>2026-09-27T03:51:05.000Z</time><ele>36.14</ele></trkpt><trkpt lat="37.170413" lon="127.060871"><time>2026-09-27T03:51:06.000Z</time><ele>35.37</ele></trkpt><trkpt lat="37.170435" lon="127.060989"><time>2026-09-27T03:51:07.000Z</time><ele>34.89</ele></trkpt><trkpt lat="37.170455" lon="127.061106"><time>2026-09-27T03:51:08.000Z</time><ele>34.26</ele></trkpt><trkpt lat="37.170473" lon="127.061228"><time>2026-09-27T03:51:09.000Z</time><ele>33.55</ele></trkpt><trkpt lat="37.170494" lon="127.061351"><time>2026-09-27T03:51:10.000Z</time><ele>32.78</ele></trkpt><trkpt lat="37.170515" lon="127.061478"><time>2026-09-27T03:51:11.000Z</time><ele>31.82</ele></trkpt><trkpt lat="37.170536" lon="127.061619"><time>2026-09-27T03:51:12.000Z</time><ele>31.03</ele></trkpt><trkpt lat="37.170557" lon="127.061762"><time>2026-09-27T03:51:13.000Z</time><ele>30.64</ele></trkpt><trkpt lat="37.170955" lon="127.064431"><time>2026-09-27T03:51:33.000Z</time><ele>34.2</ele></trkpt><trkpt lat="37.170965" lon="127.064502"><time>2026-09-27T03:51:34.000Z</time><ele>34.2</ele></trkpt><trkpt lat="37.17099" lon="127.064599"><time>2026-09-27T03:51:36.000Z</time><ele>34.3</ele></trkpt><trkpt lat="37.171012" lon="127.064666"><time>2026-09-27T03:51:38.001Z</time><ele>36.18</ele></trkpt><trkpt lat="37.170974" lon="127.064703"><time>2026-09-27T03:51:54.001Z</time><ele>35.17</ele></trkpt><trkpt lat="37.171016" lon="127.064747"><time>2026-09-27T03:53:30.000Z</time><ele>38.14</ele></trkpt><trkpt lat="37.171024" lon="127.064804"><time>2026-09-27T03:53:31.000Z</time><ele>38.92</ele></trkpt><trkpt lat="37.171031" lon="127.064868"><time>2026-09-27T03:53:32.000Z</time><ele>39.64</ele></trkpt><trkpt lat="37.171048" lon="127.064976"><time>2026-09-27T03:53:34.000Z</time><ele>40.37</ele></trkpt><trkpt lat="37.171055" lon="127.065033"><time>2026-09-27T03:53:35.000Z</time><ele>40.66</ele></trkpt><trkpt lat="37.171065" lon="127.065092"><time>2026-09-27T03:53:36.000Z</time><ele>41.19</ele></trkpt><trkpt lat="37.171071" lon="127.065156"><time>2026-09-27T03:53:37.000Z</time><ele>41.6</ele></trkpt><trkpt lat="37.171083" lon="127.065217"><time>2026-09-27T03:53:38.000Z</time><ele>41.84</ele></trkpt><trkpt lat="37.171093" lon="127.065286"><time>2026-09-27T03:53:39.000Z</time><ele>42.04</ele></trkpt><trkpt lat="37.171104" lon="127.065361"><time>2026-09-27T03:53:40.000Z</time><ele>42.69</ele></trkpt><trkpt lat="37.171117" lon="127.06544"><time>2026-09-27T03:53:41.000Z</time><ele>43.11</ele></trkpt><trkpt lat="37.171129" lon="127.065533"><time>2026-09-27T03:53:42.000Z</time><ele>43.13</ele></trkpt><trkpt lat="37.171143" lon="127.065629"><time>2026-09-27T03:53:43.000Z</time><ele>43.97</ele></trkpt><trkpt lat="37.171161" lon="127.065731"><time>2026-09-27T03:53:44.000Z</time><ele>43.85</ele></trkpt><trkpt lat="37.17118" lon="127.065833"><time>2026-09-27T03:53:45.000Z</time><ele>43.54</ele></trkpt><trkpt lat="37.171186" lon="127.065957"><time>2026-09-27T03:53:46.001Z</time><ele>43.79</ele></trkpt><trkpt lat="37.171195" lon="127.066075"><time>2026-09-27T03:53:47.001Z</time><ele>43.07</ele></trkpt><trkpt lat="37.171201" lon="127.06619"><time>2026-09-27T03:53:48.001Z</time><ele>42.93</ele></trkpt><trkpt lat="37.171214" lon="127.066301"><time>2026-09-27T03:53:49.001Z</time><ele>42.97</ele></trkpt><trkpt lat="37.17123" lon="127.066422"><time>2026-09-27T03:53:50.001Z</time><ele>43.08</ele></trkpt><trkpt lat="37.171249" lon="127.066541"><time>2026-09-27T03:53:51.001Z</time><ele>43.28</ele></trkpt><trkpt lat="37.171273" lon="127.066668"><time>2026-09-27T03:53:52.001Z</time><ele>43.46</ele></trkpt><trkpt lat="37.171298" lon="127.066802"><time>2026-09-27T03:53:53.001Z</time><ele>42.99</ele></trkpt><trkpt lat="37.171323" lon="127.066949"><time>2026-09-27T03:53:54.001Z</time><ele>43.35</ele></trkpt><trkpt lat="37.171345" lon="127.067101"><time>2026-09-27T03:53:55.001Z</time><ele>43.48</ele></trkpt><trkpt lat="37.171368" lon="127.067261"><time>2026-09-27T03:53:56.001Z</time><ele>43.41</ele></trkpt><trkpt lat="37.171394" lon="127.067422"><time>2026-09-27T03:53:57.001Z</time><ele>43.55</ele></trkpt><trkpt lat="37.171412" lon="127.067581"><time>2026-09-27T03:53:58.001Z</time><ele>44.11</ele></trkpt><trkpt lat="37.171431" lon="127.067727"><time>2026-09-27T03:53:59.001Z</time><ele>44.97</ele></trkpt><trkpt lat="37.171448" lon="127.067859"><time>2026-09-27T03:54:00.001Z</time><ele>45.31</ele></trkpt><trkpt lat="37.171489" lon="127.067985"><time>2026-09-27T03:54:01.001Z</time><ele>45.81</ele></trkpt><trkpt lat="37.171479" lon="127.068098"><time>2026-09-27T03:54:02.001Z</time><ele>45.79</ele></trkpt><trkpt lat="37.171493" lon="127.068206"><time>2026-09-27T03:54:03.001Z</time><ele>46.13</ele></trkpt><trkpt lat="37.171506" lon="127.068304"><time>2026-09-27T03:54:04.001Z</time><ele>46.62</ele></trkpt><trkpt lat="37.171516" lon="127.06839"><time>2026-09-27T03:54:05.001Z</time><ele>47.05</ele></trkpt><trkpt lat="37.171526" lon="127.068465"><time>2026-09-27T03:54:06.001Z</time><ele>47.36</ele></trkpt><trkpt lat="37.171529" lon="127.068527"><time>2026-09-27T03:54:07.001Z</time><ele>47.38</ele></trkpt><trkpt lat="37.171529" lon="127.068609"><time>2026-09-27T03:54:09.001Z</time><ele>47.96</ele></trkpt><trkpt lat="37.171529" lon="127.068669"><time>2026-09-27T03:56:00.001Z</time><ele>56.89</ele></trkpt><trkpt lat="37.171535" lon="127.068748"><time>2026-09-27T03:56:02.001Z</time><ele>57.23</ele></trkpt><trkpt lat="37.171541" lon="127.068847"><time>2026-09-27T03:56:04.001Z</time><ele>57.85</ele></trkpt><trkpt lat="37.171547" lon="127.068964"><time>2026-09-27T03:56:06.001Z</time><ele>57.5</ele></trkpt><trkpt lat="37.171542" lon="127.069037"><time>2026-09-27T03:56:07.001Z</time><ele>57.59</ele></trkpt><trkpt lat="37.171521" lon="127.069104"><time>2026-09-27T03:56:08.001Z</time><ele>57.49</ele></trkpt><trkpt lat="37.171331" lon="127.069184"><time>2026-09-27T03:56:11.001Z</time><ele>57.88</ele></trkpt><trkpt lat="37.171226" lon="127.069185"><time>2026-09-27T03:56:12.001Z</time><ele>57.53</ele></trkpt><trkpt lat="37.171114" lon="127.069196"><time>2026-09-27T03:56:13.001Z</time><ele>56.75</ele></trkpt><trkpt lat="37.170981" lon="127.069188"><time>2026-09-27T03:56:14.001Z</time><ele>56.81</ele></trkpt><trkpt lat="37.170852" lon="127.069187"><time>2026-09-27T03:56:15.001Z</time><ele>57.19</ele></trkpt><trkpt lat="37.170745" lon="127.069197"><time>2026-09-27T03:56:16.001Z</time><ele>57.58</ele></trkpt><trkpt lat="37.170639" lon="127.069228"><time>2026-09-27T03:56:17.001Z</time><ele>57.5</ele></trkpt><trkpt lat="37.170533" lon="127.069277"><time>2026-09-27T03:56:18.001Z</time><ele>58.12</ele></trkpt><trkpt lat="37.170423" lon="127.069345"><time>2026-09-27T03:56:19.001Z</time><ele>58.54</ele></trkpt><trkpt lat="37.170303" lon="127.069417"><time>2026-09-27T03:56:20.001Z</time><ele>59.08</ele></trkpt><trkpt lat="37.170178" lon="127.069491"><time>2026-09-27T03:56:21.001Z</time><ele>60.06</ele></trkpt><trkpt lat="37.170054" lon="127.069571"><time>2026-09-27T03:56:22.001Z</time><ele>60.62</ele></trkpt><trkpt lat="37.169931" lon="127.069653"><time>2026-09-27T03:56:23.001Z</time><ele>61.74</ele></trkpt><trkpt lat="37.169803" lon="127.069732"><time>2026-09-27T03:56:24.001Z</time><ele>62.83</ele></trkpt><trkpt lat="37.169681" lon="127.069815"><time>2026-09-27T03:56:25.001Z</time><ele>62.47</ele></trkpt><trkpt lat="37.169559" lon="127.069901"><time>2026-09-27T03:56:26.001Z</time><ele>63.25</ele></trkpt><trkpt lat="37.169436" lon="127.069987"><time>2026-09-27T03:56:27.001Z</time><ele>63.91</ele></trkpt><trkpt lat="37.169316" lon="127.070073"><time>2026-09-27T03:56:28.001Z</time><ele>64.66</ele></trkpt><trkpt lat="37.169198" lon="127.070162"><time>2026-09-27T03:56:29.001Z</time><ele>65.77</ele></trkpt><trkpt lat="37.169079" lon="127.070245"><time>2026-09-27T03:56:30.001Z</time><ele>65.65</ele></trkpt><trkpt lat="37.168959" lon="127.070328"><time>2026-09-27T03:56:31.001Z</time><ele>66.29</ele></trkpt><trkpt lat="37.168839" lon="127.070407"><time>2026-09-27T03:56:32.001Z</time><ele>66.44</ele></trkpt><trkpt lat="37.16872" lon="127.070487"><time>2026-09-27T03:56:33.001Z</time><ele>66.82</ele></trkpt><trkpt lat="37.168597" lon="127.070565"><time>2026-09-27T03:56:34.001Z</time><ele>66.89</ele></trkpt><trkpt lat="37.168462" lon="127.07063"><time>2026-09-27T03:56:35.001Z</time><ele>67.73</ele></trkpt><trkpt lat="37.16832" lon="127.070677"><time>2026-09-27T03:56:36.001Z</time><ele>68.1</ele></trkpt><trkpt lat="37.168171" lon="127.070718"><time>2026-09-27T03:56:37.001Z</time><ele>68.21</ele></trkpt><trkpt lat="37.168017" lon="127.070772"><time>2026-09-27T03:56:38.001Z</time><ele>67.88</ele></trkpt><trkpt lat="37.16786" lon="127.070833"><time>2026-09-27T03:56:39.001Z</time><ele>66.79</ele></trkpt><trkpt lat="37.167698" lon="127.070887"><time>2026-09-27T03:56:40.001Z</time><ele>66.07</ele></trkpt><trkpt lat="37.167531" lon="127.070947"><time>2026-09-27T03:56:41.001Z</time><ele>65.37</ele></trkpt><trkpt lat="37.167365" lon="127.071006"><time>2026-09-27T03:56:42.001Z</time><ele>64.43</ele></trkpt><trkpt lat="37.16721" lon="127.071064"><time>2026-09-27T03:56:43.001Z</time><ele>63.25</ele></trkpt><trkpt lat="37.167058" lon="127.071117"><time>2026-09-27T03:56:44.001Z</time><ele>61.9</ele></trkpt><trkpt lat="37.166907" lon="127.071171"><time>2026-09-27T03:56:45.017Z</time><ele>61.68</ele></trkpt><trkpt lat="37.166759" lon="127.071221"><time>2026-09-27T03:56:46.017Z</time><ele>61.16</ele></trkpt><trkpt lat="37.166619" lon="127.071269"><time>2026-09-27T03:56:47.015Z</time><ele>60.14</ele></trkpt><trkpt lat="37.166473" lon="127.071322"><time>2026-09-27T03:56:48.017Z</time><ele>59.51</ele></trkpt><trkpt lat="37.165096" lon="127.071964"><time>2026-09-27T03:56:57.001Z</time><ele>59.32</ele></trkpt><trkpt lat="37.164944" lon="127.072047"><time>2026-09-27T03:56:58.001Z</time><ele>59.32</ele></trkpt><trkpt lat="37.164651" lon="127.072191"><time>2026-09-27T03:57:00.001Z</time><ele>54.61</ele></trkpt><trkpt lat="37.164253" lon="127.072403"><time>2026-09-27T03:57:03.002Z</time><ele>43.41</ele></trkpt><trkpt lat="37.16413" lon="127.072463"><time>2026-09-27T03:57:04.002Z</time><ele>42.6</ele></trkpt><trkpt lat="37.164012" lon="127.072515"><time>2026-09-27T03:57:05.002Z</time><ele>41.84</ele></trkpt><trkpt lat="37.163911" lon="127.072563"><time>2026-09-27T03:57:06.002Z</time><ele>40.67</ele></trkpt><trkpt lat="37.163821" lon="127.07261"><time>2026-09-27T03:57:07.002Z</time><ele>39.72</ele></trkpt><trkpt lat="37.163742" lon="127.072661"><time>2026-09-27T03:57:08.002Z</time><ele>38.9</ele></trkpt><trkpt lat="37.163667" lon="127.072693"><time>2026-09-27T03:57:09.002Z</time><ele>38.07</ele></trkpt><trkpt lat="37.163599" lon="127.072709"><time>2026-09-27T03:57:10.002Z</time><ele>37.29</ele></trkpt><trkpt lat="37.163553" lon="127.072747"><time>2026-09-27T03:57:11.000Z</time><ele>36.54</ele></trkpt><trkpt lat="37.163483" lon="127.072646"><time>2026-09-27T03:57:12.000Z</time><ele>36.19</ele></trkpt><trkpt lat="37.163447" lon="127.07258"><time>2026-09-27T03:57:13.000Z</time><ele>35.91</ele></trkpt><trkpt lat="37.163428" lon="127.072478"><time>2026-09-27T03:57:14.000Z</time><ele>35.42</ele></trkpt><trkpt lat="37.163427" lon="127.072357"><time>2026-09-27T03:57:15.000Z</time><ele>35.24</ele></trkpt><trkpt lat="37.16343" lon="127.07224"><time>2026-09-27T03:57:16.000Z</time><ele>35.1</ele></trkpt><trkpt lat="37.163434" lon="127.072156"><time>2026-09-27T03:57:17.000Z</time><ele>34.87</ele></trkpt><trkpt lat="37.16345" lon="127.072075"><time>2026-09-27T03:57:18.000Z</time><ele>34.73</ele></trkpt><trkpt lat="37.163259" lon="127.071973"><time>2026-09-27T03:57:21.000Z</time><ele>35.14</ele></trkpt><trkpt lat="37.163151" lon="127.071981"><time>2026-09-27T03:57:22.000Z</time><ele>32.96</ele></trkpt><trkpt lat="37.163055" lon="127.071975"><time>2026-09-27T03:57:23.000Z</time><ele>31.08</ele></trkpt><trkpt lat="37.162954" lon="127.071988"><time>2026-09-27T03:57:24.000Z</time><ele>29.21</ele></trkpt><trkpt lat="37.16251" lon="127.071476"><time>2026-09-27T03:57:35.000Z</time><ele>28.42</ele></trkpt><trkpt lat="37.162548" lon="127.071428"><time>2026-09-27T03:57:37.000Z</time><ele>29.18</ele></trkpt><trkpt lat="37.162543" lon="127.071352"><time>2026-09-27T03:57:40.000Z</time><ele>30.22</ele></trkpt><trkpt lat="37.162487" lon="127.071502"><time>2026-09-27T03:57:54.001Z</time><ele>34.54</ele></trkpt><trkpt lat="37.162314" lon="127.071655"><time>2026-09-27T03:58:10.001Z</time><ele>35.47</ele></trkpt><trkpt lat="37.162255" lon="127.071568"><time>2026-09-27T03:58:16.001Z</time><ele>35.25</ele></trkpt><trkpt lat="37.162301" lon="127.071605"><time>2026-09-27T03:58:32.001Z</time><ele>35.42</ele></trkpt><trkpt lat="37.162332" lon="127.071561"><time>2026-09-27T03:58:35.001Z</time><ele>35.06</ele></trkpt><trkpt lat="37.162246" lon="127.071667"><time>2026-09-27T03:58:57.017Z</time><ele>30.69</ele></trkpt><trkpt lat="37.162309" lon="127.071578"><time>2026-09-27T03:59:00.001Z</time><ele>30.36</ele></trkpt><trkpt lat="37.16231" lon="127.07152"><time>2026-09-27T03:59:12.002Z</time><ele>31.08</ele></trkpt><trkpt lat="37.162343" lon="127.071593"><time>2026-09-27T03:59:23.000Z</time><ele>33.32</ele></trkpt><trkpt lat="37.1623" lon="127.071573"><time>2026-09-27T03:59:30.000Z</time><ele>33.41</ele></trkpt><trkpt lat="37.162293" lon="127.071503"><time>2026-09-27T03:59:36.000Z</time><ele>33.47</ele></trkpt><trkpt lat="37.16224" lon="127.071492"><time>2026-09-27T04:07:50.383Z</time><ele>34.93</ele></trkpt><trkpt lat="37.162562" lon="127.071407"><time>2026-09-27T04:09:02.471Z</time><ele>41.54</ele></trkpt></trkseg></trk></gpx>