<?xml version="1.0" encoding="UTF-8"?><gpx version="1.1" creator="Relive" xmlns="http://www.topografix.com/GPX/1/1" xmlns:xsi="http://www.w3.org/2001/XMLSchema-instance" xsi:schemaLocation="http://www.topografix.com/GPX/1/1 http://www.topografix.com/GPX/1/1/gpx.xsd http://www.garmin.com/xmlschemas/TrackPointExtension/v1 http://www.garmin.com/xmlschemas/TrackPointExtensionv1.xsd http://www.garmin.com/xmlschemas/GpxExtensions/v3 http://www.garmin.com/xmlschemas/GpxExtensionsv3.xsd" xmlns:gpxtpx="http://www.garmin.com/xmlschemas/TrackPointExtension/v1" xmlns:gpxx="http://www.garmin.com/xmlschemas/GpxExtensions/v3"><metadata><time>2026-08-30T02:56:28.000Z</time><name>8월 30일 오전</name></metadata><trk><trkseg><trkpt lat="36.774519" lon="126.981816"><time>2026-08-30T02:56:28.000Z</time><ele>30.61</ele></trkpt><trkpt lat="36.774468" lon="126.981833"><time>2026-08-30T03:00:52.000Z</time><ele>28.45</ele></trkpt><trkpt lat="36.774477" lon="126.981896"><time>2026-08-30T03:01:49.001Z</time><ele>28.17</ele></trkpt><trkpt lat="36.774415" lon="126.981875"><time>2026-08-30T03:02:18.002Z</time><ele>27.94</ele></trkpt><trkpt lat="36.774362" lon="126.981858"><time>2026-08-30T03:02:27.999Z</time><ele>27.32</ele></trkpt><trkpt lat="36.774292" lon="126.981849"><time>2026-08-30T03:02:29.999Z</time><ele>26.84</ele></trkpt><trkpt lat="36.774245" lon="126.981826"><time>2026-08-30T03:02:35.999Z</time><ele>26.1</ele></trkpt><trkpt lat="36.774197" lon="126.981931"><time>2026-08-30T03:02:39.000Z</time><ele>25.58</ele></trkpt><trkpt lat="36.774165" lon="126.982033"><time>2026-08-30T03:02:41.000Z</time><ele>25.54</ele></trkpt><trkpt lat="36.774159" lon="126.982098"><time>2026-08-30T03:02:44.000Z</time><ele>25.62</ele></trkpt><trkpt lat="36.774808" lon="126.982366"><time>2026-08-30T03:03:00.000Z</time><ele>29.69</ele></trkpt><trkpt lat="36.774868" lon="126.982391"><time>2026-08-30T03:03:01.000Z</time><ele>30.64</ele></trkpt><trkpt lat="36.774956" lon="126.982429"><time>2026-08-30T03:03:03.000Z</time><ele>32.96</ele></trkpt><trkpt lat="36.774998" lon="126.982469"><time>2026-08-30T03:03:04.000Z</time><ele>34.26</ele></trkpt><trkpt lat="36.775036" lon="126.982519"><time>2026-08-30T03:03:05.000Z</time><ele>35.46</ele></trkpt><trkpt lat="36.775071" lon="126.982562"><time>2026-08-30T03:03:06.000Z</time><ele>36.24</ele></trkpt><trkpt lat="36.775104" lon="126.982602"><time>2026-08-30T03:03:09.000Z</time><ele>39.04</ele></trkpt><trkpt lat="36.775056" lon="126.982597"><time>2026-08-30T03:03:14.001Z</time><ele>40.37</ele></trkpt><trkpt lat="36.775011" lon="126.98258"><time>2026-08-30T03:03:44.001Z</time><ele>40.23</ele></trkpt><trkpt lat="36.774976" lon="126.98267"><time>2026-08-30T03:03:45.001Z</time><ele>40.83</ele></trkpt><trkpt lat="36.774977" lon="126.98274"><time>2026-08-30T03:03:46.001Z</time><ele>41.18</ele></trkpt><trkpt lat="36.775041" lon="126.982838"><time>2026-08-30T03:03:48.001Z</time><ele>42.24</ele></trkpt><trkpt lat="36.775069" lon="126.982927"><time>2026-08-30T03:03:49.001Z</time><ele>42.88</ele></trkpt><trkpt lat="36.775557" lon="126.983039"><time>2026-08-30T03:03:52.002Z</time><ele>43.93</ele></trkpt><trkpt lat="36.77567" lon="126.983145"><time>2026-08-30T03:03:53.002Z</time><ele>43.61</ele></trkpt><trkpt lat="36.775808" lon="126.983225"><time>2026-08-30T03:03:54.002Z</time><ele>42.98</ele></trkpt><trkpt lat="36.775917" lon="126.983304"><time>2026-08-30T03:03:55.002Z</time><ele>42.77</ele></trkpt><trkpt lat="36.77602" lon="126.983402"><time>2026-08-30T03:03:56.002Z</time><ele>40.97</ele></trkpt><trkpt lat="36.776127" lon="126.983499"><time>2026-08-30T03:03:57.002Z</time><ele>40.39</ele></trkpt><trkpt lat="36.776222" lon="126.983591"><time>2026-08-30T03:03:58.002Z</time><ele>39.77</ele></trkpt><trkpt lat="36.776339" lon="126.983662"><time>2026-08-30T03:03:59.002Z</time><ele>38.65</ele></trkpt><trkpt lat="36.776442" lon="126.983757"><time>2026-08-30T03:04:00.002Z</time><ele>38.03</ele></trkpt><trkpt lat="36.776555" lon="126.983889"><time>2026-08-30T03:04:01.002Z</time><ele>36.87</ele></trkpt><trkpt lat="36.776651" lon="126.983979"><time>2026-08-30T03:04:02.002Z</time><ele>36.23</ele></trkpt><trkpt lat="36.776739" lon="126.984052"><time>2026-08-30T03:04:03.002Z</time><ele>36.14</ele></trkpt><trkpt lat="36.776839" lon="126.984152"><time>2026-08-30T03:04:04.002Z</time><ele>35.21</ele></trkpt><trkpt lat="36.776945" lon="126.98425"><time>2026-08-30T03:04:05.002Z</time><ele>34.22</ele></trkpt><trkpt lat="36.77706" lon="126.984378"><time>2026-08-30T03:04:06.002Z</time><ele>33.83</ele></trkpt><trkpt lat="36.777158" lon="126.984472"><time>2026-08-30T03:04:07.002Z</time><ele>32.84</ele></trkpt><trkpt lat="36.777268" lon="126.984559"><time>2026-08-30T03:04:08.002Z</time><ele>33</ele></trkpt><trkpt lat="36.77737" lon="126.984656"><time>2026-08-30T03:04:09.002Z</time><ele>32.43</ele></trkpt><trkpt lat="36.777486" lon="126.984738"><time>2026-08-30T03:04:10.002Z</time><ele>32.81</ele></trkpt><trkpt lat="36.777592" lon="126.984834"><time>2026-08-30T03:04:11.002Z</time><ele>33.2</ele></trkpt><trkpt lat="36.777699" lon="126.984925"><time>2026-08-30T03:04:12.002Z</time><ele>33.2</ele></trkpt><trkpt lat="36.777787" lon="126.985001"><time>2026-08-30T03:04:13.002Z</time><ele>33.26</ele></trkpt><trkpt lat="36.777867" lon="126.985059"><time>2026-08-30T03:04:14.002Z</time><ele>34.02</ele></trkpt><trkpt lat="36.777953" lon="126.985139"><time>2026-08-30T03:04:15.002Z</time><ele>34.51</ele></trkpt><trkpt lat="36.778036" lon="126.98522"><time>2026-08-30T03:04:16.002Z</time><ele>34.25</ele></trkpt><trkpt lat="36.778117" lon="126.985284"><time>2026-08-30T03:04:17.002Z</time><ele>34.44</ele></trkpt><trkpt lat="36.778194" lon="126.985364"><time>2026-08-30T03:04:18.002Z</time><ele>34.22</ele></trkpt><trkpt lat="36.778257" lon="126.985419"><time>2026-08-30T03:04:19.002Z</time><ele>34.17</ele></trkpt><trkpt lat="36.778308" lon="126.985478"><time>2026-08-30T03:04:20.002Z</time><ele>35.28</ele></trkpt><trkpt lat="36.778382" lon="126.985527"><time>2026-08-30T03:04:21.002Z</time><ele>33.52</ele></trkpt><trkpt lat="36.778453" lon="126.985575"><time>2026-08-30T03:04:22.002Z</time><ele>33.59</ele></trkpt><trkpt lat="36.77852" lon="126.985644"><time>2026-08-30T03:04:23.002Z</time><ele>31.61</ele></trkpt><trkpt lat="36.778595" lon="126.98573"><time>2026-08-30T03:04:24.002Z</time><ele>30.67</ele></trkpt><trkpt lat="36.778664" lon="126.985782"><time>2026-08-30T03:04:24.999Z</time><ele>31.23</ele></trkpt><trkpt lat="36.778752" lon="126.985845"><time>2026-08-30T03:04:25.999Z</time><ele>31.79</ele></trkpt><trkpt lat="36.778842" lon="126.985921"><time>2026-08-30T03:04:26.999Z</time><ele>31.96</ele></trkpt><trkpt lat="36.778939" lon="126.986009"><time>2026-08-30T03:04:27.999Z</time><ele>30.84</ele></trkpt><trkpt lat="36.779065" lon="126.986122"><time>2026-08-30T03:04:28.999Z</time><ele>30.66</ele></trkpt><trkpt lat="36.779177" lon="126.986226"><time>2026-08-30T03:04:29.999Z</time><ele>30.3</ele></trkpt><trkpt lat="36.779286" lon="126.986328"><time>2026-08-30T03:04:30.999Z</time><ele>29.37</ele></trkpt><trkpt lat="36.779404" lon="126.986397"><time>2026-08-30T03:04:31.999Z</time><ele>29.02</ele></trkpt><trkpt lat="36.77951" lon="126.986461"><time>2026-08-30T03:04:32.999Z</time><ele>29.02</ele></trkpt><trkpt lat="36.779628" lon="126.986536"><time>2026-08-30T03:04:33.999Z</time><ele>29.31</ele></trkpt><trkpt lat="36.779746" lon="126.986615"><time>2026-08-30T03:04:34.999Z</time><ele>28.65</ele></trkpt><trkpt lat="36.779846" lon="126.986658"><time>2026-08-30T03:04:35.999Z</time><ele>28.61</ele></trkpt><trkpt lat="36.779934" lon="126.986687"><time>2026-08-30T03:04:36.999Z</time><ele>28.26</ele></trkpt><trkpt lat="36.780008" lon="126.986731"><time>2026-08-30T03:04:37.999Z</time><ele>28.74</ele></trkpt><trkpt lat="36.78007" lon="126.986771"><time>2026-08-30T03:04:38.999Z</time><ele>28.85</ele></trkpt><trkpt lat="36.780181" lon="126.986842"><time>2026-08-30T03:05:08.000Z</time><ele>27.06</ele></trkpt><trkpt lat="36.780243" lon="126.986873"><time>2026-08-30T03:05:09.000Z</time><ele>27.14</ele></trkpt><trkpt lat="36.780332" lon="126.986904"><time>2026-08-30T03:05:10.001Z</time><ele>27.44</ele></trkpt><trkpt lat="36.780431" lon="126.986922"><time>2026-08-30T03:05:11.001Z</time><ele>26.83</ele></trkpt><trkpt lat="36.78057" lon="126.986976"><time>2026-08-30T03:05:12.001Z</time><ele>25.61</ele></trkpt><trkpt lat="36.780709" lon="126.987037"><time>2026-08-30T03:05:13.001Z</time><ele>25.76</ele></trkpt><trkpt lat="36.780847" lon="126.987096"><time>2026-08-30T03:05:14.001Z</time><ele>24.59</ele></trkpt><trkpt lat="36.780992" lon="126.98719"><time>2026-08-30T03:05:15.001Z</time><ele>24.23</ele></trkpt><trkpt lat="36.781138" lon="126.98728"><time>2026-08-30T03:05:16.001Z</time><ele>23.74</ele></trkpt><trkpt lat="36.781282" lon="126.987372"><time>2026-08-30T03:05:17.001Z</time><ele>23.41</ele></trkpt><trkpt lat="36.781439" lon="126.98745"><time>2026-08-30T03:05:18.001Z</time><ele>22.81</ele></trkpt><trkpt lat="36.781611" lon="126.987538"><time>2026-08-30T03:05:19.001Z</time><ele>22.92</ele></trkpt><trkpt lat="36.781765" lon="126.987626"><time>2026-08-30T03:05:20.001Z</time><ele>22.84</ele></trkpt><trkpt lat="36.781911" lon="126.987721"><time>2026-08-30T03:05:21.001Z</time><ele>22.85</ele></trkpt><trkpt lat="36.782073" lon="126.987797"><time>2026-08-30T03:05:22.001Z</time><ele>22.39</ele></trkpt><trkpt lat="36.782218" lon="126.987878"><time>2026-08-30T03:05:23.001Z</time><ele>22.16</ele></trkpt><trkpt lat="36.782364" lon="126.987957"><time>2026-08-30T03:05:24.001Z</time><ele>22.14</ele></trkpt><trkpt lat="36.7825" lon="126.988022"><time>2026-08-30T03:05:25.001Z</time><ele>22.36</ele></trkpt><trkpt lat="36.782637" lon="126.98811"><time>2026-08-30T03:05:26.001Z</time><ele>22.56</ele></trkpt><trkpt lat="36.782782" lon="126.9882"><time>2026-08-30T03:05:27.001Z</time><ele>21.99</ele></trkpt><trkpt lat="36.782931" lon="126.988277"><time>2026-08-30T03:05:28.001Z</time><ele>21.28</ele></trkpt><trkpt lat="36.783086" lon="126.988362"><time>2026-08-30T03:05:29.001Z</time><ele>20.86</ele></trkpt><trkpt lat="36.783246" lon="126.988453"><time>2026-08-30T03:05:30.001Z</time><ele>20.07</ele></trkpt><trkpt lat="36.783408" lon="126.988546"><time>2026-08-30T03:05:31.001Z</time><ele>19.92</ele></trkpt><trkpt lat="36.78357" lon="126.98863"><time>2026-08-30T03:05:32.001Z</time><ele>19.54</ele></trkpt><trkpt lat="36.783729" lon="126.988711"><time>2026-08-30T03:05:33.001Z</time><ele>19.9</ele></trkpt><trkpt lat="36.783885" lon="126.988801"><time>2026-08-30T03:05:34.001Z</time><ele>19.42</ele></trkpt><trkpt lat="36.784034" lon="126.988891"><time>2026-08-30T03:05:35.001Z</time><ele>19.76</ele></trkpt><trkpt lat="36.784184" lon="126.988957"><time>2026-08-30T03:05:36.001Z</time><ele>19.72</ele></trkpt><trkpt lat="36.784324" lon="126.989063"><time>2026-08-30T03:05:37.001Z</time><ele>19.91</ele></trkpt><trkpt lat="36.784481" lon="126.98913"><time>2026-08-30T03:05:38.001Z</time><ele>20.2</ele></trkpt><trkpt lat="36.784635" lon="126.989204"><time>2026-08-30T03:05:39.001Z</time><ele>20.89</ele></trkpt><trkpt lat="36.784795" lon="126.989298"><time>2026-08-30T03:05:40.001Z</time><ele>21.09</ele></trkpt><trkpt lat="36.784957" lon="126.989393"><time>2026-08-30T03:05:41.001Z</time><ele>21</ele></trkpt><trkpt lat="36.785108" lon="126.989468"><time>2026-08-30T03:05:42.001Z</time><ele>22.57</ele></trkpt><trkpt lat="36.78528" lon="126.989535"><time>2026-08-30T03:05:43.001Z</time><ele>23.31</ele></trkpt><trkpt lat="36.785449" lon="126.989628"><time>2026-08-30T03:05:44.001Z</time><ele>23.45</ele></trkpt><trkpt lat="36.78563" lon="126.98971"><time>2026-08-30T03:05:45.001Z</time><ele>23.68</ele></trkpt><trkpt lat="36.78581" lon="126.98977"><time>2026-08-30T03:05:46.001Z</time><ele>24.52</ele></trkpt><trkpt lat="36.785991" lon="126.989844"><time>2026-08-30T03:05:47.001Z</time><ele>24.82</ele></trkpt><trkpt lat="36.786176" lon="126.989916"><time>2026-08-30T03:05:48.002Z</time><ele>25.42</ele></trkpt><trkpt lat="36.786347" lon="126.989988"><time>2026-08-30T03:05:49.002Z</time><ele>26.01</ele></trkpt><trkpt lat="36.786494" lon="126.990042"><time>2026-08-30T03:05:50.002Z</time><ele>26.79</ele></trkpt><trkpt lat="36.786624" lon="126.99004"><time>2026-08-30T03:05:51.002Z</time><ele>27.76</ele></trkpt><trkpt lat="36.786775" lon="126.99008"><time>2026-08-30T03:05:52.002Z</time><ele>28.43</ele></trkpt><trkpt lat="36.786923" lon="126.990125"><time>2026-08-30T03:05:53.002Z</time><ele>29.07</ele></trkpt><trkpt lat="36.787055" lon="126.990176"><time>2026-08-30T03:05:54.002Z</time><ele>29.71</ele></trkpt><trkpt lat="36.787179" lon="126.990241"><time>2026-08-30T03:05:55.002Z</time><ele>30.56</ele></trkpt><trkpt lat="36.787305" lon="126.99029"><time>2026-08-30T03:05:56.002Z</time><ele>30.89</ele></trkpt><trkpt lat="36.787476" lon="126.990355"><time>2026-08-30T03:05:57.002Z</time><ele>31.76</ele></trkpt><trkpt lat="36.787631" lon="126.990466"><time>2026-08-30T03:05:58.002Z</time><ele>31.71</ele></trkpt><trkpt lat="36.78772" lon="126.990615"><time>2026-08-30T03:05:59.002Z</time><ele>32.09</ele></trkpt><trkpt lat="36.787853" lon="126.990787"><time>2026-08-30T03:06:00.002Z</time><ele>32.01</ele></trkpt><trkpt lat="36.787953" lon="126.990948"><time>2026-08-30T03:06:01.002Z</time><ele>31.8</ele></trkpt><trkpt lat="36.788037" lon="126.99112"><time>2026-08-30T03:06:02.002Z</time><ele>31.44</ele></trkpt><trkpt lat="36.788129" lon="126.991312"><time>2026-08-30T03:06:03.002Z</time><ele>31.03</ele></trkpt><trkpt lat="36.78821" lon="126.991491"><time>2026-08-30T03:06:04.002Z</time><ele>30.64</ele></trkpt><trkpt lat="36.788284" lon="126.991652"><time>2026-08-30T03:06:05.002Z</time><ele>30.26</ele></trkpt><trkpt lat="36.788357" lon="126.991815"><time>2026-08-30T03:06:06.002Z</time><ele>29.48</ele></trkpt><trkpt lat="36.788433" lon="126.991981"><time>2026-08-30T03:06:07.002Z</time><ele>28.86</ele></trkpt><trkpt lat="36.788505" lon="126.992139"><time>2026-08-30T03:06:08.002Z</time><ele>28.17</ele></trkpt><trkpt lat="36.788587" lon="126.992279"><time>2026-08-30T03:06:09.002Z</time><ele>27.36</ele></trkpt><trkpt lat="36.78864" lon="126.992438"><time>2026-08-30T03:06:10.002Z</time><ele>27.12</ele></trkpt><trkpt lat="36.788732" lon="126.992564"><time>2026-08-30T03:06:11.002Z</time><ele>26.63</ele></trkpt><trkpt lat="36.788796" lon="126.992715"><time>2026-08-30T03:06:12.002Z</time><ele>26.5</ele></trkpt><trkpt lat="36.788864" lon="126.99285"><time>2026-08-30T03:06:13.002Z</time><ele>26.11</ele></trkpt><trkpt lat="36.788926" lon="126.992985"><time>2026-08-30T03:06:14.002Z</time><ele>25.99</ele></trkpt><trkpt lat="36.78893" lon="126.99316"><time>2026-08-30T03:06:15.002Z</time><ele>25.74</ele></trkpt><trkpt lat="36.788986" lon="126.993296"><time>2026-08-30T03:06:16.002Z</time><ele>25.43</ele></trkpt><trkpt lat="36.789113" lon="126.993687"><time>2026-08-30T03:06:19.002Z</time><ele>24.67</ele></trkpt><trkpt lat="36.789156" lon="126.993799"><time>2026-08-30T03:06:20.002Z</time><ele>24.55</ele></trkpt><trkpt lat="36.789199" lon="126.993899"><time>2026-08-30T03:06:21.002Z</time><ele>24.2</ele></trkpt><trkpt lat="36.789242" lon="126.993986"><time>2026-08-30T03:06:22.002Z</time><ele>24.07</ele></trkpt><trkpt lat="36.789283" lon="126.994081"><time>2026-08-30T03:06:23.002Z</time><ele>23.77</ele></trkpt><trkpt lat="36.789316" lon="126.994164"><time>2026-08-30T03:06:24.002Z</time><ele>23.35</ele></trkpt><trkpt lat="36.789356" lon="126.994228"><time>2026-08-30T03:06:25.002Z</time><ele>23.18</ele></trkpt><trkpt lat="36.789398" lon="126.994289"><time>2026-08-30T03:06:26.002Z</time><ele>22.91</ele></trkpt><trkpt lat="36.78943" lon="126.994337"><time>2026-08-30T03:06:27.003Z</time><ele>22.84</ele></trkpt><trkpt lat="36.789475" lon="126.994437"><time>2026-08-30T03:06:29.003Z</time><ele>22.16</ele></trkpt><trkpt lat="36.789509" lon="126.994541"><time>2026-08-30T03:06:31.000Z</time><ele>21.58</ele></trkpt><trkpt lat="36.789537" lon="126.994626"><time>2026-08-30T03:06:32.000Z</time><ele>21.53</ele></trkpt><trkpt lat="36.789583" lon="126.994716"><time>2026-08-30T03:06:33.000Z</time><ele>20.91</ele></trkpt><trkpt lat="36.789627" lon="126.994811"><time>2026-08-30T03:06:34.000Z</time><ele>20.38</ele></trkpt><trkpt lat="36.789665" lon="126.994888"><time>2026-08-30T03:06:35.000Z</time><ele>19.95</ele></trkpt><trkpt lat="36.789706" lon="126.994966"><time>2026-08-30T03:06:36.000Z</time><ele>19.44</ele></trkpt><trkpt lat="36.789742" lon="126.995035"><time>2026-08-30T03:06:37.000Z</time><ele>19.17</ele></trkpt><trkpt lat="36.789742" lon="126.995121"><time>2026-08-30T03:06:38.000Z</time><ele>18.91</ele></trkpt><trkpt lat="36.78977" lon="126.995183"><time>2026-08-30T03:06:39.000Z</time><ele>18.59</ele></trkpt><trkpt lat="36.789799" lon="126.995246"><time>2026-08-30T03:06:40.000Z</time><ele>18.21</ele></trkpt><trkpt lat="36.789826" lon="126.995305"><time>2026-08-30T03:06:41.000Z</time><ele>17.92</ele></trkpt><trkpt lat="36.789859" lon="126.995382"><time>2026-08-30T03:06:43.000Z</time><ele>17.44</ele></trkpt><trkpt lat="36.78989" lon="126.995446"><time>2026-08-30T03:08:25.003Z</time><ele>16.98</ele></trkpt><trkpt lat="36.78991" lon="126.995501"><time>2026-08-30T03:08:26.003Z</time><ele>17.01</ele></trkpt><trkpt lat="36.789935" lon="126.995569"><time>2026-08-30T03:08:27.003Z</time><ele>16.98</ele></trkpt><trkpt lat="36.789961" lon="126.995642"><time>2026-08-30T03:08:28.003Z</time><ele>16.89</ele></trkpt><trkpt lat="36.790141" lon="126.995663"><time>2026-08-30T03:08:30.003Z</time><ele>16.77</ele></trkpt><trkpt lat="36.790215" lon="126.995616"><time>2026-08-30T03:08:31.003Z</time><ele>16.39</ele></trkpt><trkpt lat="36.790294" lon="126.995567"><time>2026-08-30T03:08:32.003Z</time><ele>16.33</ele></trkpt><trkpt lat="36.79039" lon="126.995506"><time>2026-08-30T03:08:33.003Z</time><ele>15.29</ele></trkpt><trkpt lat="36.790486" lon="126.995447"><time>2026-08-30T03:08:34.003Z</time><ele>14.68</ele></trkpt><trkpt lat="36.790596" lon="126.995379"><time>2026-08-30T03:08:35.003Z</time><ele>14.57</ele></trkpt><trkpt lat="36.790697" lon="126.995297"><time>2026-08-30T03:08:36.003Z</time><ele>13.94</ele></trkpt><trkpt lat="36.790822" lon="126.995277"><time>2026-08-30T03:08:37.000Z</time><ele>13.72</ele></trkpt><trkpt lat="36.790928" lon="126.995214"><time>2026-08-30T03:08:38.000Z</time><ele>13.23</ele></trkpt><trkpt lat="36.791024" lon="126.99515"><time>2026-08-30T03:08:39.000Z</time><ele>13.26</ele></trkpt><trkpt lat="36.791115" lon="126.995097"><time>2026-08-30T03:08:40.000Z</time><ele>13.39</ele></trkpt><trkpt lat="36.791202" lon="126.995042"><time>2026-08-30T03:08:41.000Z</time><ele>13.57</ele></trkpt><trkpt lat="36.791289" lon="126.994989"><time>2026-08-30T03:08:42.000Z</time><ele>13.63</ele></trkpt><trkpt lat="36.791372" lon="126.994949"><time>2026-08-30T03:08:43.000Z</time><ele>13.64</ele></trkpt><trkpt lat="36.791452" lon="126.994929"><time>2026-08-30T03:08:44.000Z</time><ele>13.61</ele></trkpt><trkpt lat="36.791501" lon="126.994882"><time>2026-08-30T03:08:45.000Z</time><ele>13.69</ele></trkpt><trkpt lat="36.791589" lon="126.994866"><time>2026-08-30T03:08:47.000Z</time><ele>14.46</ele></trkpt><trkpt lat="36.791668" lon="126.994809"><time>2026-08-30T03:08:49.000Z</time><ele>14.82</ele></trkpt><trkpt lat="36.791727" lon="126.994784"><time>2026-08-30T03:08:50.000Z</time><ele>14.77</ele></trkpt><trkpt lat="36.791768" lon="126.994752"><time>2026-08-30T03:08:51.000Z</time><ele>14.93</ele></trkpt><trkpt lat="36.791817" lon="126.994708"><time>2026-08-30T03:08:52.000Z</time><ele>14.91</ele></trkpt><trkpt lat="36.791864" lon="126.994664"><time>2026-08-30T03:08:53.000Z</time><ele>14.78</ele></trkpt><trkpt lat="36.791912" lon="126.994636"><time>2026-08-30T03:08:54.000Z</time><ele>14.78</ele></trkpt><trkpt lat="36.791999" lon="126.994591"><time>2026-08-30T03:08:56.000Z</time><ele>14.85</ele></trkpt><trkpt lat="36.792053" lon="126.994576"><time>2026-08-30T03:08:57.000Z</time><ele>15.02</ele></trkpt><trkpt lat="36.79212" lon="126.99455"><time>2026-08-30T03:08:58.000Z</time><ele>14.98</ele></trkpt><trkpt lat="36.792187" lon="126.994508"><time>2026-08-30T03:08:59.000Z</time><ele>14.95</ele></trkpt><trkpt lat="36.792272" lon="126.994484"><time>2026-08-30T03:09:00.000Z</time><ele>15.02</ele></trkpt><trkpt lat="36.792357" lon="126.994409"><time>2026-08-30T03:09:01.000Z</time><ele>14.68</ele></trkpt><trkpt lat="36.792435" lon="126.994316"><time>2026-08-30T03:09:02.000Z</time><ele>14.78</ele></trkpt><trkpt lat="36.79254" lon="126.994241"><time>2026-08-30T03:09:03.000Z</time><ele>14.43</ele></trkpt><trkpt lat="36.792649" lon="126.994155"><time>2026-08-30T03:09:04.000Z</time><ele>14.18</ele></trkpt><trkpt lat="36.792768" lon="126.99408"><time>2026-08-30T03:09:05.000Z</time><ele>13.84</ele></trkpt><trkpt lat="36.79289" lon="126.994009"><time>2026-08-30T03:09:06.000Z</time><ele>13.64</ele></trkpt><trkpt lat="36.793022" lon="126.993956"><time>2026-08-30T03:09:07.000Z</time><ele>13.29</ele></trkpt><trkpt lat="36.793133" lon="126.993898"><time>2026-08-30T03:09:08.001Z</time><ele>13.21</ele></trkpt><trkpt lat="36.793252" lon="126.993839"><time>2026-08-30T03:09:09.001Z</time><ele>13.21</ele></trkpt><trkpt lat="36.793364" lon="126.993774"><time>2026-08-30T03:09:10.001Z</time><ele>13</ele></trkpt><trkpt lat="36.793482" lon="126.993714"><time>2026-08-30T03:09:11.001Z</time><ele>13</ele></trkpt><trkpt lat="36.79359" lon="126.993643"><time>2026-08-30T03:09:12.001Z</time><ele>13.08</ele></trkpt><trkpt lat="36.793697" lon="126.993575"><time>2026-08-30T03:09:13.001Z</time><ele>13.04</ele></trkpt><trkpt lat="36.793787" lon="126.993516"><time>2026-08-30T03:09:14.001Z</time><ele>13.29</ele></trkpt><trkpt lat="36.793859" lon="126.993474"><time>2026-08-30T03:09:15.001Z</time><ele>13.58</ele></trkpt><trkpt lat="36.793917" lon="126.993436"><time>2026-08-30T03:09:16.001Z</time><ele>14.01</ele></trkpt><trkpt lat="36.79397" lon="126.993415"><time>2026-08-30T03:09:17.001Z</time><ele>14.37</ele></trkpt><trkpt lat="36.794029" lon="126.993371"><time>2026-08-30T03:09:19.001Z</time><ele>15.13</ele></trkpt><trkpt lat="36.794082" lon="126.993333"><time>2026-08-30T03:09:21.001Z</time><ele>16.16</ele></trkpt><trkpt lat="36.794027" lon="126.993367"><time>2026-08-30T03:11:06.000Z</time><ele>14.3</ele></trkpt><trkpt lat="36.7941" lon="126.993322"><time>2026-08-30T03:11:30.001Z</time><ele>14.2</ele></trkpt><trkpt lat="36.794157" lon="126.993294"><time>2026-08-30T03:11:31.001Z</time><ele>14.35</ele></trkpt><trkpt lat="36.79422" lon="126.99326"><time>2026-08-30T03:11:32.001Z</time><ele>14.48</ele></trkpt><trkpt lat="36.794295" lon="126.993219"><time>2026-08-30T03:11:33.001Z</time><ele>14.64</ele></trkpt><trkpt lat="36.794381" lon="126.993172"><time>2026-08-30T03:11:34.001Z</time><ele>14.48</ele></trkpt><trkpt lat="36.79448" lon="126.993107"><time>2026-08-30T03:11:35.001Z</time><ele>14.39</ele></trkpt><trkpt lat="36.794594" lon="126.993031"><time>2026-08-30T03:11:36.001Z</time><ele>14.28</ele></trkpt><trkpt lat="36.794713" lon="126.992955"><time>2026-08-30T03:11:37.001Z</time><ele>14.26</ele></trkpt><trkpt lat="36.794842" lon="126.99287"><time>2026-08-30T03:11:38.001Z</time><ele>14.15</ele></trkpt><trkpt lat="36.79498" lon="126.992778"><time>2026-08-30T03:11:39.001Z</time><ele>14.11</ele></trkpt><trkpt lat="36.795116" lon="126.992692"><time>2026-08-30T03:11:40.001Z</time><ele>14.03</ele></trkpt><trkpt lat="36.795267" lon="126.992607"><time>2026-08-30T03:11:41.001Z</time><ele>13.94</ele></trkpt><trkpt lat="36.795435" lon="126.992506"><time>2026-08-30T03:11:42.001Z</time><ele>13.67</ele></trkpt><trkpt lat="36.79561" lon="126.992388"><time>2026-08-30T03:11:43.001Z</time><ele>13.19</ele></trkpt><trkpt lat="36.795775" lon="126.99227"><time>2026-08-30T03:11:44.001Z</time><ele>13.03</ele></trkpt><trkpt lat="36.795955" lon="126.992162"><time>2026-08-30T03:11:45.001Z</time><ele>12.78</ele></trkpt><trkpt lat="36.796129" lon="126.992052"><time>2026-08-30T03:11:46.001Z</time><ele>12.66</ele></trkpt><trkpt lat="36.796297" lon="126.991947"><time>2026-08-30T03:11:47.001Z</time><ele>12.91</ele></trkpt><trkpt lat="36.796464" lon="126.991842"><time>2026-08-30T03:11:48.001Z</time><ele>12.93</ele></trkpt><trkpt lat="36.79663" lon="126.99174"><time>2026-08-30T03:11:49.001Z</time><ele>13.21</ele></trkpt><trkpt lat="36.796803" lon="126.991638"><time>2026-08-30T03:11:50.001Z</time><ele>12.81</ele></trkpt><trkpt lat="36.796979" lon="126.991546"><time>2026-08-30T03:11:51.002Z</time><ele>12.46</ele></trkpt><trkpt lat="36.797162" lon="126.99144"><time>2026-08-30T03:11:52.002Z</time><ele>12.41</ele></trkpt><trkpt lat="36.79734" lon="126.991346"><time>2026-08-30T03:11:53.002Z</time><ele>12.52</ele></trkpt><trkpt lat="36.797517" lon="126.991253"><time>2026-08-30T03:11:54.002Z</time><ele>12.31</ele></trkpt><trkpt lat="36.797698" lon="126.991156"><time>2026-08-30T03:11:55.002Z</time><ele>11.93</ele></trkpt><trkpt lat="36.797882" lon="126.991057"><time>2026-08-30T03:11:56.002Z</time><ele>11.85</ele></trkpt><trkpt lat="36.798065" lon="126.990946"><time>2026-08-30T03:11:57.002Z</time><ele>11.66</ele></trkpt><trkpt lat="36.798251" lon="126.990833"><time>2026-08-30T03:11:58.002Z</time><ele>12.08</ele></trkpt><trkpt lat="36.798438" lon="126.990723"><time>2026-08-30T03:11:59.002Z</time><ele>12.05</ele></trkpt><trkpt lat="36.798629" lon="126.990614"><time>2026-08-30T03:12:00.002Z</time><ele>12.21</ele></trkpt><trkpt lat="36.798836" lon="126.990486"><time>2026-08-30T03:12:01.002Z</time><ele>12.85</ele></trkpt><trkpt lat="36.799041" lon="126.99036"><time>2026-08-30T03:12:02.002Z</time><ele>12.42</ele></trkpt><trkpt lat="36.799252" lon="126.990217"><time>2026-08-30T03:12:03.002Z</time><ele>13.22</ele></trkpt><trkpt lat="36.799468" lon="126.990085"><time>2026-08-30T03:12:04.002Z</time><ele>13.47</ele></trkpt><trkpt lat="36.799678" lon="126.989947"><time>2026-08-30T03:12:05.002Z</time><ele>14.05</ele></trkpt><trkpt lat="36.799895" lon="126.989809"><time>2026-08-30T03:12:06.002Z</time><ele>14.13</ele></trkpt><trkpt lat="36.800102" lon="126.989678"><time>2026-08-30T03:12:07.002Z</time><ele>15.65</ele></trkpt><trkpt lat="36.80032" lon="126.989547"><time>2026-08-30T03:12:08.002Z</time><ele>15.37</ele></trkpt><trkpt lat="36.800538" lon="126.989409"><time>2026-08-30T03:12:09.002Z</time><ele>15.69</ele></trkpt><trkpt lat="36.800749" lon="126.989272"><time>2026-08-30T03:12:10.002Z</time><ele>15.77</ele></trkpt><trkpt lat="36.800956" lon="126.989136"><time>2026-08-30T03:12:11.002Z</time><ele>16</ele></trkpt><trkpt lat="36.801178" lon="126.989039"><time>2026-08-30T03:12:12.002Z</time><ele>15.64</ele></trkpt><trkpt lat="36.801389" lon="126.988915"><time>2026-08-30T03:12:13.002Z</time><ele>16.24</ele></trkpt><trkpt lat="36.801583" lon="126.988782"><time>2026-08-30T03:12:14.002Z</time><ele>15.41</ele></trkpt><trkpt lat="36.801783" lon="126.988633"><time>2026-08-30T03:12:15.002Z</time><ele>15.81</ele></trkpt><trkpt lat="36.80199" lon="126.988501"><time>2026-08-30T03:12:16.002Z</time><ele>16.46</ele></trkpt><trkpt lat="36.802195" lon="126.988367"><time>2026-08-30T03:12:17.002Z</time><ele>16.69</ele></trkpt><trkpt lat="36.802401" lon="126.98822"><time>2026-08-30T03:12:18.002Z</time><ele>17.25</ele></trkpt><trkpt lat="36.802606" lon="126.988095"><time>2026-08-30T03:12:19.002Z</time><ele>17.13</ele></trkpt><trkpt lat="36.802821" lon="126.987966"><time>2026-08-30T03:12:20.002Z</time><ele>17.91</ele></trkpt><trkpt lat="36.803029" lon="126.987831"><time>2026-08-30T03:12:21.002Z</time><ele>18.46</ele></trkpt><trkpt lat="36.803242" lon="126.987689"><time>2026-08-30T03:12:22.002Z</time><ele>18.67</ele></trkpt><trkpt lat="36.803458" lon="126.98755"><time>2026-08-30T03:12:23.002Z</time><ele>18.97</ele></trkpt><trkpt lat="36.803671" lon="126.987412"><time>2026-08-30T03:12:24.002Z</time><ele>19.59</ele></trkpt><trkpt lat="36.803892" lon="126.987272"><time>2026-08-30T03:12:25.002Z</time><ele>19.74</ele></trkpt><trkpt lat="36.804119" lon="126.987127"><time>2026-08-30T03:12:26.002Z</time><ele>20.09</ele></trkpt><trkpt lat="36.804347" lon="126.986992"><time>2026-08-30T03:12:27.002Z</time><ele>20.45</ele></trkpt><trkpt lat="36.804566" lon="126.986843"><time>2026-08-30T03:12:28.002Z</time><ele>19.99</ele></trkpt><trkpt lat="36.804789" lon="126.98671"><time>2026-08-30T03:12:29.002Z</time><ele>20.71</ele></trkpt><trkpt lat="36.805007" lon="126.986566"><time>2026-08-30T03:12:30.003Z</time><ele>21.05</ele></trkpt><trkpt lat="36.805224" lon="126.986428"><time>2026-08-30T03:12:31.003Z</time><ele>20.83</ele></trkpt><trkpt lat="36.805436" lon="126.986269"><time>2026-08-30T03:12:32.003Z</time><ele>21.23</ele></trkpt><trkpt lat="36.805649" lon="126.986118"><time>2026-08-30T03:12:33.003Z</time><ele>21.18</ele></trkpt><trkpt lat="36.80586" lon="126.985955"><time>2026-08-30T03:12:34.003Z</time><ele>20.88</ele></trkpt><trkpt lat="36.806053" lon="126.985781"><time>2026-08-30T03:12:35.003Z</time><ele>20.75</ele></trkpt><trkpt lat="36.806231" lon="126.985558"><time>2026-08-30T03:12:36.003Z</time><ele>20.03</ele></trkpt><trkpt lat="36.80641" lon="126.98535"><time>2026-08-30T03:12:37.003Z</time><ele>19.65</ele></trkpt><trkpt lat="36.806605" lon="126.985134"><time>2026-08-30T03:12:38.003Z</time><ele>19.23</ele></trkpt><trkpt lat="36.806783" lon="126.984921"><time>2026-08-30T03:12:39.003Z</time><ele>18.63</ele></trkpt><trkpt lat="36.806931" lon="126.984671"><time>2026-08-30T03:12:40.003Z</time><ele>18.24</ele></trkpt><trkpt lat="36.807084" lon="126.984423"><time>2026-08-30T03:12:41.003Z</time><ele>18.24</ele></trkpt><trkpt lat="36.807217" lon="126.984175"><time>2026-08-30T03:12:42.003Z</time><ele>17.86</ele></trkpt><trkpt lat="36.807346" lon="126.9839"><time>2026-08-30T03:12:43.003Z</time><ele>17.54</ele></trkpt><trkpt lat="36.807445" lon="126.983588"><time>2026-08-30T03:12:44.003Z</time><ele>16.54</ele></trkpt><trkpt lat="36.807553" lon="126.983291"><time>2026-08-30T03:12:45.003Z</time><ele>15.89</ele></trkpt><trkpt lat="36.807689" lon="126.983034"><time>2026-08-30T03:12:46.003Z</time><ele>14.94</ele></trkpt><trkpt lat="36.807813" lon="126.982748"><time>2026-08-30T03:12:47.003Z</time><ele>14.56</ele></trkpt><trkpt lat="36.80794" lon="126.982462"><time>2026-08-30T03:12:48.003Z</time><ele>14.39</ele></trkpt><trkpt lat="36.808068" lon="126.982182"><time>2026-08-30T03:12:49.000Z</time><ele>13.67</ele></trkpt><trkpt lat="36.808203" lon="126.981899"><time>2026-08-30T03:12:50.000Z</time><ele>13.25</ele></trkpt><trkpt lat="36.808327" lon="126.981622"><time>2026-08-30T03:12:51.000Z</time><ele>13.37</ele></trkpt><trkpt lat="36.808447" lon="126.981346"><time>2026-08-30T03:12:52.000Z</time><ele>13.06</ele></trkpt><trkpt lat="36.808581" lon="126.981071"><time>2026-08-30T03:12:53.000Z</time><ele>12.35</ele></trkpt><trkpt lat="36.808715" lon="126.980809"><time>2026-08-30T03:12:54.000Z</time><ele>12.18</ele></trkpt><trkpt lat="36.808856" lon="126.98055"><time>2026-08-30T03:12:55.000Z</time><ele>12.02</ele></trkpt><trkpt lat="36.808976" lon="126.980288"><time>2026-08-30T03:12:56.000Z</time><ele>12.21</ele></trkpt><trkpt lat="36.809107" lon="126.980022"><time>2026-08-30T03:12:57.000Z</time><ele>12.25</ele></trkpt><trkpt lat="36.809248" lon="126.979763"><time>2026-08-30T03:12:58.000Z</time><ele>12.88</ele></trkpt><trkpt lat="36.809383" lon="126.979503"><time>2026-08-30T03:12:59.000Z</time><ele>13.59</ele></trkpt><trkpt lat="36.80954" lon="126.979256"><time>2026-08-30T03:13:00.000Z</time><ele>13.95</ele></trkpt><trkpt lat="36.809695" lon="126.979008"><time>2026-08-30T03:13:01.000Z</time><ele>14.56</ele></trkpt><trkpt lat="36.809868" lon="126.978742"><time>2026-08-30T03:13:02.000Z</time><ele>16.26</ele></trkpt><trkpt lat="36.810016" lon="126.97848"><time>2026-08-30T03:13:03.000Z</time><ele>16.28</ele></trkpt><trkpt lat="36.810169" lon="126.978212"><time>2026-08-30T03:13:04.000Z</time><ele>17.01</ele></trkpt><trkpt lat="36.810332" lon="126.977952"><time>2026-08-30T03:13:05.000Z</time><ele>17.13</ele></trkpt><trkpt lat="36.810502" lon="126.977696"><time>2026-08-30T03:13:06.000Z</time><ele>17.09</ele></trkpt><trkpt lat="36.810685" lon="126.977444"><time>2026-08-30T03:13:07.000Z</time><ele>16.44</ele></trkpt><trkpt lat="36.810854" lon="126.97719"><time>2026-08-30T03:13:08.000Z</time><ele>16.44</ele></trkpt><trkpt lat="36.811011" lon="126.976934"><time>2026-08-30T03:13:09.000Z</time><ele>16</ele></trkpt><trkpt lat="36.811173" lon="126.97667"><time>2026-08-30T03:13:10.000Z</time><ele>15.17</ele></trkpt><trkpt lat="36.811339" lon="126.976402"><time>2026-08-30T03:13:11.000Z</time><ele>14.83</ele></trkpt><trkpt lat="36.81151" lon="126.976125"><time>2026-08-30T03:13:12.000Z</time><ele>14.68</ele></trkpt><trkpt lat="36.811691" lon="126.975838"><time>2026-08-30T03:13:13.000Z</time><ele>13.92</ele></trkpt><trkpt lat="36.811869" lon="126.975545"><time>2026-08-30T03:13:14.000Z</time><ele>13.24</ele></trkpt><trkpt lat="36.812062" lon="126.975258"><time>2026-08-30T03:13:15.000Z</time><ele>12.04</ele></trkpt><trkpt lat="36.812258" lon="126.974969"><time>2026-08-30T03:13:16.000Z</time><ele>11.02</ele></trkpt><trkpt lat="36.812449" lon="126.974683"><time>2026-08-30T03:13:17.001Z</time><ele>10.23</ele></trkpt><trkpt lat="36.812628" lon="126.974379"><time>2026-08-30T03:13:18.001Z</time><ele>9.36</ele></trkpt><trkpt lat="36.812814" lon="126.974097"><time>2026-08-30T03:13:19.001Z</time><ele>9.8</ele></trkpt><trkpt lat="36.813001" lon="126.973823"><time>2026-08-30T03:13:20.001Z</time><ele>9.32</ele></trkpt><trkpt lat="36.813185" lon="126.973558"><time>2026-08-30T03:13:21.001Z</time><ele>9.49</ele></trkpt><trkpt lat="36.813355" lon="126.973293"><time>2026-08-30T03:13:22.001Z</time><ele>9.53</ele></trkpt><trkpt lat="36.81352" lon="126.973043"><time>2026-08-30T03:13:23.001Z</time><ele>10.32</ele></trkpt><trkpt lat="36.813681" lon="126.972795"><time>2026-08-30T03:13:24.001Z</time><ele>11.4</ele></trkpt><trkpt lat="36.813866" lon="126.972565"><time>2026-08-30T03:13:25.001Z</time><ele>12.29</ele></trkpt><trkpt lat="36.81406" lon="126.972339"><time>2026-08-30T03:13:26.001Z</time><ele>12.02</ele></trkpt><trkpt lat="36.814259" lon="126.972117"><time>2026-08-30T03:13:27.001Z</time><ele>13.09</ele></trkpt><trkpt lat="36.814468" lon="126.971915"><time>2026-08-30T03:13:28.001Z</time><ele>13.89</ele></trkpt><trkpt lat="36.814693" lon="126.97173"><time>2026-08-30T03:13:29.001Z</time><ele>13.61</ele></trkpt><trkpt lat="36.814912" lon="126.971555"><time>2026-08-30T03:13:30.001Z</time><ele>13.51</ele></trkpt><trkpt lat="36.815147" lon="126.971407"><time>2026-08-30T03:13:31.001Z</time><ele>13.75</ele></trkpt><trkpt lat="36.815393" lon="126.971269"><time>2026-08-30T03:13:32.001Z</time><ele>13.36</ele></trkpt><trkpt lat="36.815647" lon="126.971149"><time>2026-08-30T03:13:33.001Z</time><ele>13.06</ele></trkpt><trkpt lat="36.815898" lon="126.971045"><time>2026-08-30T03:13:34.001Z</time><ele>13.19</ele></trkpt><trkpt lat="36.816157" lon="126.970968"><time>2026-08-30T03:13:35.001Z</time><ele>13.1</ele></trkpt><trkpt lat="36.816421" lon="126.970911"><time>2026-08-30T03:13:36.001Z</time><ele>14.25</ele></trkpt><trkpt lat="36.816709" lon="126.970867"><time>2026-08-30T03:13:37.001Z</time><ele>16.08</ele></trkpt><trkpt lat="36.816972" lon="126.970838"><time>2026-08-30T03:13:38.001Z</time><ele>16.86</ele></trkpt><trkpt lat="36.81725" lon="126.970817"><time>2026-08-30T03:13:39.001Z</time><ele>17.75</ele></trkpt><trkpt lat="36.817499" lon="126.97077"><time>2026-08-30T03:13:40.001Z</time><ele>18.04</ele></trkpt><trkpt lat="36.817774" lon="126.970742"><time>2026-08-30T03:13:41.001Z</time><ele>18.91</ele></trkpt><trkpt lat="36.818029" lon="126.970697"><time>2026-08-30T03:13:42.001Z</time><ele>18.44</ele></trkpt><trkpt lat="36.818288" lon="126.970643"><time>2026-08-30T03:13:43.001Z</time><ele>18.84</ele></trkpt><trkpt lat="36.818553" lon="126.970603"><time>2026-08-30T03:13:44.001Z</time><ele>18.61</ele></trkpt><trkpt lat="36.818826" lon="126.97058"><time>2026-08-30T03:13:45.001Z</time><ele>18.33</ele></trkpt><trkpt lat="36.819106" lon="126.970556"><time>2026-08-30T03:13:46.001Z</time><ele>18.56</ele></trkpt><trkpt lat="36.819374" lon="126.970505"><time>2026-08-30T03:13:47.001Z</time><ele>18.21</ele></trkpt><trkpt lat="36.819648" lon="126.970458"><time>2026-08-30T03:13:48.001Z</time><ele>18.27</ele></trkpt><trkpt lat="36.819924" lon="126.970402"><time>2026-08-30T03:13:49.001Z</time><ele>18.76</ele></trkpt><trkpt lat="36.820209" lon="126.970353"><time>2026-08-30T03:13:50.001Z</time><ele>18.17</ele></trkpt><trkpt lat="36.820498" lon="126.970303"><time>2026-08-30T03:13:51.001Z</time><ele>18.82</ele></trkpt><trkpt lat="36.820781" lon="126.970264"><time>2026-08-30T03:13:52.001Z</time><ele>18.24</ele></trkpt><trkpt lat="36.821063" lon="126.970217"><time>2026-08-30T03:13:53.001Z</time><ele>19.37</ele></trkpt><trkpt lat="36.821341" lon="126.97016"><time>2026-08-30T03:13:54.001Z</time><ele>19.46</ele></trkpt><trkpt lat="36.821629" lon="126.970114"><time>2026-08-30T03:13:55.001Z</time><ele>19.71</ele></trkpt><trkpt lat="36.821915" lon="126.970079"><time>2026-08-30T03:13:56.001Z</time><ele>20.1</ele></trkpt><trkpt lat="36.822194" lon="126.970036"><time>2026-08-30T03:13:57.002Z</time><ele>20.45</ele></trkpt><trkpt lat="36.822475" lon="126.969986"><time>2026-08-30T03:13:58.002Z</time><ele>21.28</ele></trkpt><trkpt lat="36.822773" lon="126.969955"><time>2026-08-30T03:13:59.002Z</time><ele>22.81</ele></trkpt><trkpt lat="36.823055" lon="126.969916"><time>2026-08-30T03:14:00.002Z</time><ele>23.79</ele></trkpt><trkpt lat="36.823337" lon="126.969878"><time>2026-08-30T03:14:01.002Z</time><ele>24.78</ele></trkpt><trkpt lat="36.823618" lon="126.969831"><time>2026-08-30T03:14:02.002Z</time><ele>25.92</ele></trkpt><trkpt lat="36.823901" lon="126.969798"><time>2026-08-30T03:14:03.002Z</time><ele>27.43</ele></trkpt><trkpt lat="36.824164" lon="126.969693"><time>2026-08-30T03:14:04.002Z</time><ele>29.1</ele></trkpt><trkpt lat="36.824453" lon="126.969655"><time>2026-08-30T03:14:05.002Z</time><ele>31.37</ele></trkpt><trkpt lat="36.824704" lon="126.969623"><time>2026-08-30T03:14:06.002Z</time><ele>33.48</ele></trkpt><trkpt lat="36.824935" lon="126.969556"><time>2026-08-30T03:14:07.002Z</time><ele>35.82</ele></trkpt><trkpt lat="36.825186" lon="126.969505"><time>2026-08-30T03:14:08.002Z</time><ele>36.68</ele></trkpt><trkpt lat="36.825434" lon="126.969442"><time>2026-08-30T03:14:09.002Z</time><ele>38.96</ele></trkpt><trkpt lat="36.825693" lon="126.96937"><time>2026-08-30T03:14:10.002Z</time><ele>40.59</ele></trkpt><trkpt lat="36.825941" lon="126.969288"><time>2026-08-30T03:14:11.002Z</time><ele>42.52</ele></trkpt><trkpt lat="36.826191" lon="126.969212"><time>2026-08-30T03:14:12.002Z</time><ele>43.75</ele></trkpt><trkpt lat="36.826452" lon="126.969087"><time>2026-08-30T03:14:13.002Z</time><ele>46.9</ele></trkpt><trkpt lat="36.826713" lon="126.96899"><time>2026-08-30T03:14:14.002Z</time><ele>48.07</ele></trkpt><trkpt lat="36.826979" lon="126.968881"><time>2026-08-30T03:14:15.002Z</time><ele>50.44</ele></trkpt><trkpt lat="36.827226" lon="126.968791"><time>2026-08-30T03:14:16.002Z</time><ele>52.28</ele></trkpt><trkpt lat="36.827486" lon="126.968682"><time>2026-08-30T03:14:17.002Z</time><ele>54.52</ele></trkpt><trkpt lat="36.827753" lon="126.968589"><time>2026-08-30T03:14:18.002Z</time><ele>57.17</ele></trkpt><trkpt lat="36.828009" lon="126.968496"><time>2026-08-30T03:14:19.002Z</time><ele>60.09</ele></trkpt><trkpt lat="36.828257" lon="126.968425"><time>2026-08-30T03:14:20.002Z</time><ele>63.33</ele></trkpt><trkpt lat="36.828484" lon="126.968334"><time>2026-08-30T03:14:21.002Z</time><ele>66.55</ele></trkpt><trkpt lat="36.82872" lon="126.968257"><time>2026-08-30T03:14:22.002Z</time><ele>69.01</ele></trkpt><trkpt lat="36.828943" lon="126.968161"><time>2026-08-30T03:14:23.002Z</time><ele>70.95</ele></trkpt><trkpt lat="36.829158" lon="126.968072"><time>2026-08-30T03:14:24.002Z</time><ele>73.02</ele></trkpt><trkpt lat="36.829376" lon="126.967986"><time>2026-08-30T03:14:25.002Z</time><ele>74.93</ele></trkpt><trkpt lat="36.829598" lon="126.967917"><time>2026-08-30T03:14:26.002Z</time><ele>76.98</ele></trkpt><trkpt lat="36.829814" lon="126.967832"><time>2026-08-30T03:14:27.002Z</time><ele>77.82</ele></trkpt><trkpt lat="36.830027" lon="126.967744"><time>2026-08-30T03:14:28.002Z</time><ele>79.42</ele></trkpt><trkpt lat="36.83023" lon="126.967651"><time>2026-08-30T03:14:29.002Z</time><ele>80.67</ele></trkpt><trkpt lat="36.830449" lon="126.967578"><time>2026-08-30T03:14:30.002Z</time><ele>80.94</ele></trkpt><trkpt lat="36.830665" lon="126.9675"><time>2026-08-30T03:14:31.002Z</time><ele>81.33</ele></trkpt><trkpt lat="36.830887" lon="126.967414"><time>2026-08-30T03:14:32.002Z</time><ele>80.96</ele></trkpt><trkpt lat="36.831106" lon="126.967333"><time>2026-08-30T03:14:33.002Z</time><ele>81.16</ele></trkpt><trkpt lat="36.831321" lon="126.967242"><time>2026-08-30T03:14:34.002Z</time><ele>80.68</ele></trkpt><trkpt lat="36.831544" lon="126.967163"><time>2026-08-30T03:14:35.002Z</time><ele>80</ele></trkpt><trkpt lat="36.831761" lon="126.967079"><time>2026-08-30T03:14:36.003Z</time><ele>79.87</ele></trkpt><trkpt lat="36.831989" lon="126.966986"><time>2026-08-30T03:14:37.003Z</time><ele>79.24</ele></trkpt><trkpt lat="36.832208" lon="126.966891"><time>2026-08-30T03:14:38.003Z</time><ele>79.3</ele></trkpt><trkpt lat="36.83244" lon="126.9668"><time>2026-08-30T03:14:39.003Z</time><ele>78.56</ele></trkpt><trkpt lat="36.832675" lon="126.966722"><time>2026-08-30T03:14:40.003Z</time><ele>76.91</ele></trkpt><trkpt lat="36.832908" lon="126.966631"><time>2026-08-30T03:14:41.003Z</time><ele>75.39</ele></trkpt><trkpt lat="36.83313" lon="126.966537"><time>2026-08-30T03:14:42.003Z</time><ele>74.8</ele></trkpt><trkpt lat="36.833364" lon="126.966443"><time>2026-08-30T03:14:43.003Z</time><ele>74.04</ele></trkpt><trkpt lat="36.833598" lon="126.966352"><time>2026-08-30T03:14:44.003Z</time><ele>71.88</ele></trkpt><trkpt lat="36.833839" lon="126.966275"><time>2026-08-30T03:14:45.003Z</time><ele>70.03</ele></trkpt><trkpt lat="36.834068" lon="126.9662"><time>2026-08-30T03:14:46.003Z</time><ele>67.41</ele></trkpt><trkpt lat="36.834309" lon="126.96612"><time>2026-08-30T03:14:47.003Z</time><ele>65.61</ele></trkpt><trkpt lat="36.83456" lon="126.966065"><time>2026-08-30T03:14:48.003Z</time><ele>63.93</ele></trkpt><trkpt lat="36.834812" lon="126.966023"><time>2026-08-30T03:14:49.003Z</time><ele>61.7</ele></trkpt><trkpt lat="36.835065" lon="126.965985"><time>2026-08-30T03:14:50.003Z</time><ele>60.58</ele></trkpt><trkpt lat="36.835316" lon="126.965956"><time>2026-08-30T03:14:51.003Z</time><ele>59.13</ele></trkpt><trkpt lat="36.835558" lon="126.965929"><time>2026-08-30T03:14:52.003Z</time><ele>58.7</ele></trkpt><trkpt lat="36.835796" lon="126.965912"><time>2026-08-30T03:14:53.003Z</time><ele>58.33</ele></trkpt><trkpt lat="36.836029" lon="126.965913"><time>2026-08-30T03:14:54.003Z</time><ele>57.71</ele></trkpt><trkpt lat="36.836243" lon="126.965938"><time>2026-08-30T03:14:55.000Z</time><ele>56.94</ele></trkpt><trkpt lat="36.836469" lon="126.965978"><time>2026-08-30T03:14:56.000Z</time><ele>57.29</ele></trkpt><trkpt lat="36.836647" lon="126.96599"><time>2026-08-30T03:14:57.000Z</time><ele>57.77</ele></trkpt><trkpt lat="36.836838" lon="126.966018"><time>2026-08-30T03:14:58.000Z</time><ele>57.65</ele></trkpt><trkpt lat="36.837022" lon="126.966044"><time>2026-08-30T03:14:59.000Z</time><ele>57.65</ele></trkpt><trkpt lat="36.837196" lon="126.966054"><time>2026-08-30T03:15:00.000Z</time><ele>58.91</ele></trkpt><trkpt lat="36.837372" lon="126.966073"><time>2026-08-30T03:15:01.000Z</time><ele>59.56</ele></trkpt><trkpt lat="36.837548" lon="126.966117"><time>2026-08-30T03:15:02.000Z</time><ele>60.52</ele></trkpt><trkpt lat="36.837716" lon="126.966161"><time>2026-08-30T03:15:03.000Z</time><ele>61.59</ele></trkpt><trkpt lat="36.837901" lon="126.9662"><time>2026-08-30T03:15:04.000Z</time><ele>62.63</ele></trkpt><trkpt lat="36.838075" lon="126.966226"><time>2026-08-30T03:15:05.000Z</time><ele>63.56</ele></trkpt><trkpt lat="36.838224" lon="126.966247"><time>2026-08-30T03:15:06.000Z</time><ele>63.41</ele></trkpt><trkpt lat="36.83838" lon="126.966262"><time>2026-08-30T03:15:07.000Z</time><ele>63.08</ele></trkpt><trkpt lat="36.838514" lon="126.966272"><time>2026-08-30T03:15:08.000Z</time><ele>63.85</ele></trkpt><trkpt lat="36.838637" lon="126.9663"><time>2026-08-30T03:15:09.000Z</time><ele>64.78</ele></trkpt><trkpt lat="36.838742" lon="126.96631"><time>2026-08-30T03:15:10.000Z</time><ele>65.39</ele></trkpt><trkpt lat="36.838808" lon="126.966303"><time>2026-08-30T03:15:11.000Z</time><ele>65.69</ele></trkpt><trkpt lat="36.838866" lon="126.966318"><time>2026-08-30T03:15:12.000Z</time><ele>66.16</ele></trkpt><trkpt lat="36.838932" lon="126.966317"><time>2026-08-30T03:15:14.000Z</time><ele>66.84</ele></trkpt><trkpt lat="36.839006" lon="126.966361"><time>2026-08-30T03:15:23.000Z</time><ele>66.6</ele></trkpt><trkpt lat="36.839061" lon="126.966366"><time>2026-08-30T03:15:24.000Z</time><ele>65.94</ele></trkpt><trkpt lat="36.839118" lon="126.966394"><time>2026-08-30T03:15:25.000Z</time><ele>65.55</ele></trkpt><trkpt lat="36.839182" lon="126.966391"><time>2026-08-30T03:15:26.000Z</time><ele>64.88</ele></trkpt><trkpt lat="36.83925" lon="126.966407"><time>2026-08-30T03:15:27.000Z</time><ele>63.81</ele></trkpt><trkpt lat="36.839324" lon="126.96642"><time>2026-08-30T03:15:28.001Z</time><ele>63.58</ele></trkpt><trkpt lat="36.839407" lon="126.966418"><time>2026-08-30T03:15:29.001Z</time><ele>62.88</ele></trkpt><trkpt lat="36.83949" lon="126.966429"><time>2026-08-30T03:15:30.001Z</time><ele>62.09</ele></trkpt><trkpt lat="36.839587" lon="126.966457"><time>2026-08-30T03:15:31.001Z</time><ele>61.67</ele></trkpt><trkpt lat="36.839684" lon="126.96647"><time>2026-08-30T03:15:32.001Z</time><ele>60.82</ele></trkpt><trkpt lat="36.839776" lon="126.96649"><time>2026-08-30T03:15:33.001Z</time><ele>60.31</ele></trkpt><trkpt lat="36.839864" lon="126.966503"><time>2026-08-30T03:15:34.001Z</time><ele>59.89</ele></trkpt><trkpt lat="36.839956" lon="126.966514"><time>2026-08-30T03:15:35.001Z</time><ele>59.45</ele></trkpt><trkpt lat="36.840063" lon="126.966515"><time>2026-08-30T03:15:36.001Z</time><ele>59.12</ele></trkpt><trkpt lat="36.84018" lon="126.966519"><time>2026-08-30T03:15:37.001Z</time><ele>59.02</ele></trkpt><trkpt lat="36.840308" lon="126.966516"><time>2026-08-30T03:15:38.001Z</time><ele>58.37</ele></trkpt><trkpt lat="36.840436" lon="126.966509"><time>2026-08-30T03:15:39.001Z</time><ele>58.13</ele></trkpt><trkpt lat="36.840563" lon="126.966496"><time>2026-08-30T03:15:40.001Z</time><ele>57.75</ele></trkpt><trkpt lat="36.840674" lon="126.966467"><time>2026-08-30T03:15:41.001Z</time><ele>57.38</ele></trkpt><trkpt lat="36.840806" lon="126.96645"><time>2026-08-30T03:15:42.001Z</time><ele>57.47</ele></trkpt><trkpt lat="36.840934" lon="126.966424"><time>2026-08-30T03:15:43.001Z</time><ele>57.57</ele></trkpt><trkpt lat="36.841065" lon="126.96639"><time>2026-08-30T03:15:44.001Z</time><ele>57.49</ele></trkpt><trkpt lat="36.841191" lon="126.966352"><time>2026-08-30T03:15:45.001Z</time><ele>57.75</ele></trkpt><trkpt lat="36.841309" lon="126.966306"><time>2026-08-30T03:15:46.001Z</time><ele>58.07</ele></trkpt><trkpt lat="36.841433" lon="126.966256"><time>2026-08-30T03:15:47.001Z</time><ele>58.51</ele></trkpt><trkpt lat="36.841561" lon="126.966213"><time>2026-08-30T03:15:48.001Z</time><ele>58.3</ele></trkpt><trkpt lat="36.841698" lon="126.966177"><time>2026-08-30T03:15:49.001Z</time><ele>58.57</ele></trkpt><trkpt lat="36.841803" lon="126.966109"><time>2026-08-30T03:15:50.001Z</time><ele>58.58</ele></trkpt><trkpt lat="36.841922" lon="126.966053"><time>2026-08-30T03:15:51.001Z</time><ele>59.23</ele></trkpt><trkpt lat="36.842033" lon="126.96599"><time>2026-08-30T03:15:52.001Z</time><ele>59.07</ele></trkpt><trkpt lat="36.84213" lon="126.965913"><time>2026-08-30T03:15:53.001Z</time><ele>59.46</ele></trkpt><trkpt lat="36.842242" lon="126.965837"><time>2026-08-30T03:15:54.001Z</time><ele>59.7</ele></trkpt><trkpt lat="36.842367" lon="126.965775"><time>2026-08-30T03:15:55.001Z</time><ele>60.15</ele></trkpt><trkpt lat="36.842505" lon="126.965705"><time>2026-08-30T03:15:56.001Z</time><ele>61.04</ele></trkpt><trkpt lat="36.842665" lon="126.965608"><time>2026-08-30T03:15:57.001Z</time><ele>62.42</ele></trkpt><trkpt lat="36.842836" lon="126.965515"><time>2026-08-30T03:15:58.001Z</time><ele>63.85</ele></trkpt><trkpt lat="36.842991" lon="126.965415"><time>2026-08-30T03:15:59.001Z</time><ele>65.18</ele></trkpt><trkpt lat="36.843137" lon="126.965314"><time>2026-08-30T03:16:00.001Z</time><ele>67.05</ele></trkpt><trkpt lat="36.843294" lon="126.965234"><time>2026-08-30T03:16:01.001Z</time><ele>68.79</ele></trkpt><trkpt lat="36.843449" lon="126.965136"><time>2026-08-30T03:16:02.001Z</time><ele>70.08</ele></trkpt><trkpt lat="36.843603" lon="126.965041"><time>2026-08-30T03:16:03.001Z</time><ele>71.44</ele></trkpt><trkpt lat="36.843762" lon="126.964948"><time>2026-08-30T03:16:04.001Z</time><ele>71.72</ele></trkpt><trkpt lat="36.843897" lon="126.964862"><time>2026-08-30T03:16:05.001Z</time><ele>72.13</ele></trkpt><trkpt lat="36.844039" lon="126.964775"><time>2026-08-30T03:16:06.001Z</time><ele>72.71</ele></trkpt><trkpt lat="36.844176" lon="126.964684"><time>2026-08-30T03:16:07.002Z</time><ele>73.74</ele></trkpt><trkpt lat="36.844313" lon="126.964613"><time>2026-08-30T03:16:08.002Z</time><ele>74.47</ele></trkpt><trkpt lat="36.844449" lon="126.964532"><time>2026-08-30T03:16:09.002Z</time><ele>75.52</ele></trkpt><trkpt lat="36.844595" lon="126.964457"><time>2026-08-30T03:16:10.002Z</time><ele>76.54</ele></trkpt><trkpt lat="36.844737" lon="126.964365"><time>2026-08-30T03:16:11.002Z</time><ele>77.13</ele></trkpt><trkpt lat="36.844894" lon="126.96428"><time>2026-08-30T03:16:12.002Z</time><ele>77.95</ele></trkpt><trkpt lat="36.845049" lon="126.964204"><time>2026-08-30T03:16:13.002Z</time><ele>78.36</ele></trkpt><trkpt lat="36.845208" lon="126.964113"><time>2026-08-30T03:16:14.002Z</time><ele>78.93</ele></trkpt><trkpt lat="36.845364" lon="126.964018"><time>2026-08-30T03:16:15.002Z</time><ele>79.12</ele></trkpt><trkpt lat="36.845525" lon="126.963937"><time>2026-08-30T03:16:16.002Z</time><ele>79.16</ele></trkpt><trkpt lat="36.845687" lon="126.963836"><time>2026-08-30T03:16:17.002Z</time><ele>81.06</ele></trkpt><trkpt lat="36.845855" lon="126.963731"><time>2026-08-30T03:16:18.002Z</time><ele>82.13</ele></trkpt><trkpt lat="36.84601" lon="126.963617"><time>2026-08-30T03:16:19.002Z</time><ele>84.08</ele></trkpt><trkpt lat="36.846166" lon="126.963523"><time>2026-08-30T03:16:20.002Z</time><ele>85.12</ele></trkpt><trkpt lat="36.846321" lon="126.963425"><time>2026-08-30T03:16:21.002Z</time><ele>85.66</ele></trkpt><trkpt lat="36.846493" lon="126.963346"><time>2026-08-30T03:16:22.002Z</time><ele>85.81</ele></trkpt><trkpt lat="36.846657" lon="126.963254"><time>2026-08-30T03:16:23.002Z</time><ele>86.63</ele></trkpt><trkpt lat="36.846825" lon="126.96316"><time>2026-08-30T03:16:24.002Z</time><ele>87.32</ele></trkpt><trkpt lat="36.84699" lon="126.963068"><time>2026-08-30T03:16:25.002Z</time><ele>88.22</ele></trkpt><trkpt lat="36.84716" lon="126.962973"><time>2026-08-30T03:16:26.002Z</time><ele>88.51</ele></trkpt><trkpt lat="36.847329" lon="126.962879"><time>2026-08-30T03:16:27.002Z</time><ele>88.4</ele></trkpt><trkpt lat="36.847498" lon="126.962782"><time>2026-08-30T03:16:28.002Z</time><ele>88.9</ele></trkpt><trkpt lat="36.847666" lon="126.962687"><time>2026-08-30T03:16:29.002Z</time><ele>89.07</ele></trkpt><trkpt lat="36.847832" lon="126.962612"><time>2026-08-30T03:16:30.002Z</time><ele>89.58</ele></trkpt><trkpt lat="36.847989" lon="126.96253"><time>2026-08-30T03:16:31.002Z</time><ele>90.05</ele></trkpt><trkpt lat="36.848132" lon="126.962433"><time>2026-08-30T03:16:32.002Z</time><ele>90.22</ele></trkpt><trkpt lat="36.848285" lon="126.962362"><time>2026-08-30T03:16:33.002Z</time><ele>90.23</ele></trkpt><trkpt lat="36.84844" lon="126.962294"><time>2026-08-30T03:16:34.002Z</time><ele>90.07</ele></trkpt><trkpt lat="36.848584" lon="126.962218"><time>2026-08-30T03:16:35.002Z</time><ele>89.28</ele></trkpt><trkpt lat="36.848739" lon="126.962127"><time>2026-08-30T03:16:36.002Z</time><ele>88.85</ele></trkpt><trkpt lat="36.848888" lon="126.962037"><time>2026-08-30T03:16:37.002Z</time><ele>88.36</ele></trkpt><trkpt lat="36.849059" lon="126.96198"><time>2026-08-30T03:16:38.002Z</time><ele>87.53</ele></trkpt><trkpt lat="36.849219" lon="126.96192"><time>2026-08-30T03:16:39.002Z</time><ele>86.46</ele></trkpt><trkpt lat="36.849382" lon="126.961846"><time>2026-08-30T03:16:40.002Z</time><ele>85.93</ele></trkpt><trkpt lat="36.849546" lon="126.961782"><time>2026-08-30T03:16:41.002Z</time><ele>85.13</ele></trkpt><trkpt lat="36.84971" lon="126.9617"><time>2026-08-30T03:16:42.002Z</time><ele>83.98</ele></trkpt><trkpt lat="36.849876" lon="126.961626"><time>2026-08-30T03:16:43.002Z</time><ele>83.03</ele></trkpt><trkpt lat="36.85003" lon="126.961529"><time>2026-08-30T03:16:44.002Z</time><ele>82.17</ele></trkpt><trkpt lat="36.850187" lon="126.961413"><time>2026-08-30T03:16:45.002Z</time><ele>81.49</ele></trkpt><trkpt lat="36.850347" lon="126.961344"><time>2026-08-30T03:16:46.003Z</time><ele>80.08</ele></trkpt><trkpt lat="36.850502" lon="126.961263"><time>2026-08-30T03:16:47.003Z</time><ele>78.83</ele></trkpt><trkpt lat="36.850648" lon="126.961165"><time>2026-08-30T03:16:48.003Z</time><ele>77.42</ele></trkpt><trkpt lat="36.850813" lon="126.961081"><time>2026-08-30T03:16:49.003Z</time><ele>75.55</ele></trkpt><trkpt lat="36.850973" lon="126.961005"><time>2026-08-30T03:16:50.003Z</time><ele>74.25</ele></trkpt><trkpt lat="36.851138" lon="126.960919"><time>2026-08-30T03:16:51.003Z</time><ele>73.24</ele></trkpt><trkpt lat="36.851277" lon="126.960813"><time>2026-08-30T03:16:52.003Z</time><ele>71.75</ele></trkpt><trkpt lat="36.851444" lon="126.960734"><time>2026-08-30T03:16:53.003Z</time><ele>70.55</ele></trkpt><trkpt lat="36.851611" lon="126.960651"><time>2026-08-30T03:16:54.003Z</time><ele>69.07</ele></trkpt><trkpt lat="36.851779" lon="126.96056"><time>2026-08-30T03:16:55.003Z</time><ele>67.37</ele></trkpt><trkpt lat="36.851946" lon="126.960475"><time>2026-08-30T03:16:56.003Z</time><ele>66.03</ele></trkpt><trkpt lat="36.852123" lon="126.960386"><time>2026-08-30T03:16:57.003Z</time><ele>64.48</ele></trkpt><trkpt lat="36.852307" lon="126.960296"><time>2026-08-30T03:16:58.003Z</time><ele>63.66</ele></trkpt><trkpt lat="36.852472" lon="126.960198"><time>2026-08-30T03:16:59.003Z</time><ele>62.25</ele></trkpt><trkpt lat="36.852642" lon="126.960107"><time>2026-08-30T03:17:00.003Z</time><ele>60.49</ele></trkpt><trkpt lat="36.852819" lon="126.960033"><time>2026-08-30T03:17:01.000Z</time><ele>58.64</ele></trkpt><trkpt lat="36.852995" lon="126.959937"><time>2026-08-30T03:17:02.000Z</time><ele>57.16</ele></trkpt><trkpt lat="36.853172" lon="126.959847"><time>2026-08-30T03:17:03.000Z</time><ele>55.86</ele></trkpt><trkpt lat="36.853356" lon="126.959754"><time>2026-08-30T03:17:04.000Z</time><ele>55.3</ele></trkpt><trkpt lat="36.853536" lon="126.959669"><time>2026-08-30T03:17:05.000Z</time><ele>54.07</ele></trkpt><trkpt lat="36.853724" lon="126.959594"><time>2026-08-30T03:17:06.000Z</time><ele>52.4</ele></trkpt><trkpt lat="36.853902" lon="126.959496"><time>2026-08-30T03:17:07.000Z</time><ele>51.71</ele></trkpt><trkpt lat="36.854078" lon="126.959417"><time>2026-08-30T03:17:08.000Z</time><ele>50.46</ele></trkpt><trkpt lat="36.854238" lon="126.959347"><time>2026-08-30T03:17:09.000Z</time><ele>48.57</ele></trkpt><trkpt lat="36.854408" lon="126.959258"><time>2026-08-30T03:17:10.000Z</time><ele>47.85</ele></trkpt><trkpt lat="36.85457" lon="126.959168"><time>2026-08-30T03:17:11.000Z</time><ele>47.22</ele></trkpt><trkpt lat="36.854753" lon="126.959106"><time>2026-08-30T03:17:12.000Z</time><ele>46.27</ele></trkpt><trkpt lat="36.854924" lon="126.959015"><time>2026-08-30T03:17:13.000Z</time><ele>46.13</ele></trkpt><trkpt lat="36.855071" lon="126.958888"><time>2026-08-30T03:17:14.000Z</time><ele>45.34</ele></trkpt><trkpt lat="36.855232" lon="126.958793"><time>2026-08-30T03:17:15.000Z</time><ele>45.45</ele></trkpt><trkpt lat="36.855404" lon="126.958719"><time>2026-08-30T03:17:16.000Z</time><ele>44.91</ele></trkpt><trkpt lat="36.85557" lon="126.958633"><time>2026-08-30T03:17:17.000Z</time><ele>44.99</ele></trkpt><trkpt lat="36.855736" lon="126.958542"><time>2026-08-30T03:17:18.000Z</time><ele>44.66</ele></trkpt><trkpt lat="36.855902" lon="126.958461"><time>2026-08-30T03:17:19.000Z</time><ele>44.11</ele></trkpt><trkpt lat="36.856076" lon="126.958386"><time>2026-08-30T03:17:20.000Z</time><ele>44.11</ele></trkpt><trkpt lat="36.856241" lon="126.958305"><time>2026-08-30T03:17:21.000Z</time><ele>44.62</ele></trkpt><trkpt lat="36.856408" lon="126.958212"><time>2026-08-30T03:17:22.000Z</time><ele>44.73</ele></trkpt><trkpt lat="36.856568" lon="126.958131"><time>2026-08-30T03:17:23.000Z</time><ele>44.99</ele></trkpt><trkpt lat="36.856719" lon="126.958042"><time>2026-08-30T03:17:24.000Z</time><ele>45.53</ele></trkpt><trkpt lat="36.856879" lon="126.957961"><time>2026-08-30T03:17:25.000Z</time><ele>46.15</ele></trkpt><trkpt lat="36.857034" lon="126.95786"><time>2026-08-30T03:17:26.000Z</time><ele>46.88</ele></trkpt><trkpt lat="36.857193" lon="126.957791"><time>2026-08-30T03:17:27.000Z</time><ele>47.6</ele></trkpt><trkpt lat="36.857349" lon="126.957715"><time>2026-08-30T03:17:28.000Z</time><ele>48.37</ele></trkpt><trkpt lat="36.857501" lon="126.957618"><time>2026-08-30T03:17:29.000Z</time><ele>48.72</ele></trkpt><trkpt lat="36.857664" lon="126.957528"><time>2026-08-30T03:17:30.000Z</time><ele>50.54</ele></trkpt><trkpt lat="36.857819" lon="126.957443"><time>2026-08-30T03:17:31.000Z</time><ele>51.48</ele></trkpt><trkpt lat="36.857972" lon="126.957373"><time>2026-08-30T03:17:32.000Z</time><ele>52.03</ele></trkpt><trkpt lat="36.858135" lon="126.957283"><time>2026-08-30T03:17:33.000Z</time><ele>52.46</ele></trkpt><trkpt lat="36.858293" lon="126.957193"><time>2026-08-30T03:17:34.000Z</time><ele>52.43</ele></trkpt><trkpt lat="36.85846" lon="126.957085"><time>2026-08-30T03:17:35.000Z</time><ele>53.8</ele></trkpt><trkpt lat="36.858625" lon="126.956983"><time>2026-08-30T03:17:36.001Z</time><ele>54.63</ele></trkpt><trkpt lat="36.858785" lon="126.95687"><time>2026-08-30T03:17:37.001Z</time><ele>54.87</ele></trkpt><trkpt lat="36.858941" lon="126.956754"><time>2026-08-30T03:17:38.001Z</time><ele>55.54</ele></trkpt><trkpt lat="36.859098" lon="126.956634"><time>2026-08-30T03:17:39.001Z</time><ele>55.59</ele></trkpt><trkpt lat="36.859249" lon="126.956515"><time>2026-08-30T03:17:40.001Z</time><ele>55.42</ele></trkpt><trkpt lat="36.859403" lon="126.956378"><time>2026-08-30T03:17:41.001Z</time><ele>54.92</ele></trkpt><trkpt lat="36.859532" lon="126.956228"><time>2026-08-30T03:17:42.001Z</time><ele>54.64</ele></trkpt><trkpt lat="36.859675" lon="126.956081"><time>2026-08-30T03:17:43.001Z</time><ele>54.22</ele></trkpt><trkpt lat="36.859825" lon="126.955926"><time>2026-08-30T03:17:44.001Z</time><ele>53.49</ele></trkpt><trkpt lat="36.859974" lon="126.955761"><time>2026-08-30T03:17:45.001Z</time><ele>52.46</ele></trkpt><trkpt lat="36.860121" lon="126.955586"><time>2026-08-30T03:17:46.001Z</time><ele>52.8</ele></trkpt><trkpt lat="36.860271" lon="126.955378"><time>2026-08-30T03:17:47.001Z</time><ele>51.08</ele></trkpt><trkpt lat="36.860421" lon="126.955152"><time>2026-08-30T03:17:48.001Z</time><ele>50.08</ele></trkpt><trkpt lat="36.860591" lon="126.954935"><time>2026-08-30T03:17:49.001Z</time><ele>48</ele></trkpt><trkpt lat="36.860754" lon="126.954701"><time>2026-08-30T03:17:50.001Z</time><ele>46.49</ele></trkpt><trkpt lat="36.860944" lon="126.954474"><time>2026-08-30T03:17:51.001Z</time><ele>44.41</ele></trkpt><trkpt lat="36.861128" lon="126.954238"><time>2026-08-30T03:17:52.001Z</time><ele>40.81</ele></trkpt><trkpt lat="36.861339" lon="126.954026"><time>2026-08-30T03:17:53.001Z</time><ele>38.66</ele></trkpt><trkpt lat="36.861534" lon="126.95379"><time>2026-08-30T03:17:54.001Z</time><ele>36.73</ele></trkpt><trkpt lat="36.861716" lon="126.953545"><time>2026-08-30T03:17:55.001Z</time><ele>34.88</ele></trkpt><trkpt lat="36.861902" lon="126.953318"><time>2026-08-30T03:17:56.001Z</time><ele>33.09</ele></trkpt><trkpt lat="36.862082" lon="126.953079"><time>2026-08-30T03:17:57.001Z</time><ele>31.87</ele></trkpt><trkpt lat="36.862257" lon="126.952847"><time>2026-08-30T03:17:58.001Z</time><ele>30.88</ele></trkpt><trkpt lat="36.862435" lon="126.952612"><time>2026-08-30T03:17:59.001Z</time><ele>29.3</ele></trkpt><trkpt lat="36.862599" lon="126.952385"><time>2026-08-30T03:18:00.001Z</time><ele>28.58</ele></trkpt><trkpt lat="36.862765" lon="126.952162"><time>2026-08-30T03:18:01.001Z</time><ele>28.48</ele></trkpt><trkpt lat="36.862938" lon="126.951938"><time>2026-08-30T03:18:02.001Z</time><ele>27.88</ele></trkpt><trkpt lat="36.863119" lon="126.951712"><time>2026-08-30T03:18:03.001Z</time><ele>26.46</ele></trkpt><trkpt lat="36.863294" lon="126.951486"><time>2026-08-30T03:18:04.001Z</time><ele>26.17</ele></trkpt><trkpt lat="36.863468" lon="126.951256"><time>2026-08-30T03:18:05.001Z</time><ele>25.47</ele></trkpt><trkpt lat="36.863651" lon="126.95103"><time>2026-08-30T03:18:06.001Z</time><ele>24.59</ele></trkpt><trkpt lat="36.863826" lon="126.9508"><time>2026-08-30T03:18:07.001Z</time><ele>22.99</ele></trkpt><trkpt lat="36.863991" lon="126.95058"><time>2026-08-30T03:18:08.001Z</time><ele>22.32</ele></trkpt><trkpt lat="36.864158" lon="126.950356"><time>2026-08-30T03:18:09.001Z</time><ele>21.91</ele></trkpt><trkpt lat="36.864323" lon="126.950144"><time>2026-08-30T03:18:10.001Z</time><ele>21.99</ele></trkpt><trkpt lat="36.864482" lon="126.949933"><time>2026-08-30T03:18:11.001Z</time><ele>22.04</ele></trkpt><trkpt lat="36.864646" lon="126.949727"><time>2026-08-30T03:18:12.001Z</time><ele>22.02</ele></trkpt><trkpt lat="36.864811" lon="126.949511"><time>2026-08-30T03:18:13.001Z</time><ele>22.6</ele></trkpt><trkpt lat="36.864986" lon="126.949293"><time>2026-08-30T03:18:14.002Z</time><ele>22.14</ele></trkpt><trkpt lat="36.865156" lon="126.949072"><time>2026-08-30T03:18:15.002Z</time><ele>22.04</ele></trkpt><trkpt lat="36.865328" lon="126.948858"><time>2026-08-30T03:18:16.002Z</time><ele>21.35</ele></trkpt><trkpt lat="36.865501" lon="126.948637"><time>2026-08-30T03:18:17.002Z</time><ele>20.6</ele></trkpt><trkpt lat="36.865657" lon="126.948441"><time>2026-08-30T03:18:18.002Z</time><ele>20.43</ele></trkpt><trkpt lat="36.865823" lon="126.948253"><time>2026-08-30T03:18:19.002Z</time><ele>20.45</ele></trkpt><trkpt lat="36.865996" lon="126.94807"><time>2026-08-30T03:18:20.002Z</time><ele>20.31</ele></trkpt><trkpt lat="36.866172" lon="126.947875"><time>2026-08-30T03:18:21.002Z</time><ele>19.83</ele></trkpt><trkpt lat="36.866361" lon="126.947691"><time>2026-08-30T03:18:22.002Z</time><ele>19.79</ele></trkpt><trkpt lat="36.866541" lon="126.947502"><time>2026-08-30T03:18:23.002Z</time><ele>19.42</ele></trkpt><trkpt lat="36.866723" lon="126.947323"><time>2026-08-30T03:18:24.002Z</time><ele>19.01</ele></trkpt><trkpt lat="36.866911" lon="126.947147"><time>2026-08-30T03:18:25.002Z</time><ele>18.74</ele></trkpt><trkpt lat="36.867097" lon="126.946988"><time>2026-08-30T03:18:26.002Z</time><ele>18.77</ele></trkpt><trkpt lat="36.867273" lon="126.946825"><time>2026-08-30T03:18:27.002Z</time><ele>19.51</ele></trkpt><trkpt lat="36.867453" lon="126.946669"><time>2026-08-30T03:18:28.002Z</time><ele>19.8</ele></trkpt><trkpt lat="36.867619" lon="126.946526"><time>2026-08-30T03:18:29.002Z</time><ele>19.82</ele></trkpt><trkpt lat="36.867781" lon="126.946388"><time>2026-08-30T03:18:30.002Z</time><ele>20.06</ele></trkpt><trkpt lat="36.86795" lon="126.946244"><time>2026-08-30T03:18:31.002Z</time><ele>20.51</ele></trkpt><trkpt lat="36.868109" lon="126.94611"><time>2026-08-30T03:18:32.002Z</time><ele>20.67</ele></trkpt><trkpt lat="36.86826" lon="126.945976"><time>2026-08-30T03:18:33.002Z</time><ele>21.31</ele></trkpt><trkpt lat="36.86841" lon="126.945853"><time>2026-08-30T03:18:34.002Z</time><ele>21.37</ele></trkpt><trkpt lat="36.868556" lon="126.945727"><time>2026-08-30T03:18:35.002Z</time><ele>21.56</ele></trkpt><trkpt lat="36.868696" lon="126.945603"><time>2026-08-30T03:18:36.002Z</time><ele>21.77</ele></trkpt><trkpt lat="36.868836" lon="126.945473"><time>2026-08-30T03:18:37.002Z</time><ele>22.02</ele></trkpt><trkpt lat="36.868979" lon="126.945364"><time>2026-08-30T03:18:38.002Z</time><ele>22.04</ele></trkpt><trkpt lat="36.869122" lon="126.945254"><time>2026-08-30T03:18:39.002Z</time><ele>21.89</ele></trkpt><trkpt lat="36.869237" lon="126.94516"><time>2026-08-30T03:18:40.002Z</time><ele>22.13</ele></trkpt><trkpt lat="36.86932" lon="126.945079"><time>2026-08-30T03:18:41.002Z</time><ele>22.7</ele></trkpt><trkpt lat="36.869393" lon="126.945024"><time>2026-08-30T03:18:42.002Z</time><ele>24.07</ele></trkpt><trkpt lat="36.869448" lon="126.944981"><time>2026-08-30T03:18:43.002Z</time><ele>24.7</ele></trkpt><trkpt lat="36.869495" lon="126.944932"><time>2026-08-30T03:18:44.002Z</time><ele>25.33</ele></trkpt><trkpt lat="36.869534" lon="126.944901"><time>2026-08-30T03:18:45.002Z</time><ele>26.14</ele></trkpt><trkpt lat="36.869581" lon="126.944889"><time>2026-08-30T03:18:50.002Z</time><ele>27.02</ele></trkpt><trkpt lat="36.869657" lon="126.944813"><time>2026-08-30T03:19:08.000Z</time><ele>22.53</ele></trkpt><trkpt lat="36.869708" lon="126.944771"><time>2026-08-30T03:19:09.000Z</time><ele>22.18</ele></trkpt><trkpt lat="36.869769" lon="126.944721"><time>2026-08-30T03:19:10.000Z</time><ele>21.87</ele></trkpt><trkpt lat="36.869841" lon="126.944657"><time>2026-08-30T03:19:11.000Z</time><ele>21.54</ele></trkpt><trkpt lat="36.869926" lon="126.944596"><time>2026-08-30T03:19:12.000Z</time><ele>20.83</ele></trkpt><trkpt lat="36.870019" lon="126.944525"><time>2026-08-30T03:19:13.000Z</time><ele>19.93</ele></trkpt><trkpt lat="36.87012" lon="126.944441"><time>2026-08-30T03:19:14.000Z</time><ele>19.34</ele></trkpt><trkpt lat="36.870227" lon="126.94436"><time>2026-08-30T03:19:15.000Z</time><ele>18.66</ele></trkpt><trkpt lat="36.870336" lon="126.944284"><time>2026-08-30T03:19:16.000Z</time><ele>18.28</ele></trkpt><trkpt lat="36.870438" lon="126.944193"><time>2026-08-30T03:19:17.000Z</time><ele>17.78</ele></trkpt><trkpt lat="36.870546" lon="126.944096"><time>2026-08-30T03:19:18.000Z</time><ele>16.97</ele></trkpt><trkpt lat="36.870666" lon="126.943994"><time>2026-08-30T03:19:19.000Z</time><ele>16.36</ele></trkpt><trkpt lat="36.870789" lon="126.943892"><time>2026-08-30T03:19:20.000Z</time><ele>15.82</ele></trkpt><trkpt lat="36.870933" lon="126.94378"><time>2026-08-30T03:19:21.000Z</time><ele>15.35</ele></trkpt><trkpt lat="36.871064" lon="126.943658"><time>2026-08-30T03:19:22.000Z</time><ele>14.64</ele></trkpt><trkpt lat="36.871195" lon="126.943537"><time>2026-08-30T03:19:23.000Z</time><ele>14.16</ele></trkpt><trkpt lat="36.871311" lon="126.943409"><time>2026-08-30T03:19:24.000Z</time><ele>13.83</ele></trkpt><trkpt lat="36.871431" lon="126.943284"><time>2026-08-30T03:19:25.000Z</time><ele>13.38</ele></trkpt><trkpt lat="36.871549" lon="126.943144"><time>2026-08-30T03:19:26.000Z</time><ele>12.8</ele></trkpt><trkpt lat="36.87197" lon="126.942712"><time>2026-08-30T03:19:29.000Z</time><ele>11.32</ele></trkpt><trkpt lat="36.872111" lon="126.942552"><time>2026-08-30T03:19:30.000Z</time><ele>10.68</ele></trkpt><trkpt lat="36.872241" lon="126.942391"><time>2026-08-30T03:19:31.000Z</time><ele>9.96</ele></trkpt><trkpt lat="36.872361" lon="126.942255"><time>2026-08-30T03:19:32.000Z</time><ele>9.99</ele></trkpt><trkpt lat="36.872485" lon="126.942102"><time>2026-08-30T03:19:33.000Z</time><ele>9.87</ele></trkpt><trkpt lat="36.872601" lon="126.94196"><time>2026-08-30T03:19:34.000Z</time><ele>9.6</ele></trkpt><trkpt lat="36.872732" lon="126.941813"><time>2026-08-30T03:19:35.000Z</time><ele>9.57</ele></trkpt><trkpt lat="36.872844" lon="126.941663"><time>2026-08-30T03:19:36.000Z</time><ele>9.8</ele></trkpt><trkpt lat="36.872962" lon="126.941513"><time>2026-08-30T03:19:37.000Z</time><ele>10.37</ele></trkpt><trkpt lat="36.873086" lon="126.941351"><time>2026-08-30T03:19:38.000Z</time><ele>10.96</ele></trkpt><trkpt lat="36.873201" lon="126.941189"><time>2026-08-30T03:19:39.000Z</time><ele>10.98</ele></trkpt><trkpt lat="36.873307" lon="126.941022"><time>2026-08-30T03:19:40.000Z</time><ele>11.38</ele></trkpt><trkpt lat="36.873416" lon="126.940862"><time>2026-08-30T03:19:41.000Z</time><ele>11.45</ele></trkpt><trkpt lat="36.873532" lon="126.940697"><time>2026-08-30T03:19:42.000Z</time><ele>11.61</ele></trkpt><trkpt lat="36.873645" lon="126.940528"><time>2026-08-30T03:19:43.000Z</time><ele>11.58</ele></trkpt><trkpt lat="36.873765" lon="126.940357"><time>2026-08-30T03:19:44.001Z</time><ele>11.64</ele></trkpt><trkpt lat="36.873889" lon="126.940189"><time>2026-08-30T03:19:45.001Z</time><ele>11.42</ele></trkpt><trkpt lat="36.874007" lon="126.940021"><time>2026-08-30T03:19:46.001Z</time><ele>11.64</ele></trkpt><trkpt lat="36.874129" lon="126.939836"><time>2026-08-30T03:19:47.001Z</time><ele>11.37</ele></trkpt><trkpt lat="36.874259" lon="126.939651"><time>2026-08-30T03:19:48.001Z</time><ele>11.27</ele></trkpt><trkpt lat="36.87438" lon="126.93946"><time>2026-08-30T03:19:49.001Z</time><ele>11.08</ele></trkpt><trkpt lat="36.8745" lon="126.939285"><time>2026-08-30T03:19:50.001Z</time><ele>10.72</ele></trkpt><trkpt lat="36.874624" lon="126.939114"><time>2026-08-30T03:19:51.001Z</time><ele>10.24</ele></trkpt><trkpt lat="36.874754" lon="126.93893"><time>2026-08-30T03:19:52.001Z</time><ele>10.22</ele></trkpt><trkpt lat="36.874885" lon="126.938745"><time>2026-08-30T03:19:53.001Z</time><ele>10.1</ele></trkpt><trkpt lat="36.875004" lon="126.938569"><time>2026-08-30T03:19:54.001Z</time><ele>10.06</ele></trkpt><trkpt lat="36.875123" lon="126.938395"><time>2026-08-30T03:19:55.001Z</time><ele>10.42</ele></trkpt><trkpt lat="36.875234" lon="126.938231"><time>2026-08-30T03:19:56.001Z</time><ele>10.62</ele></trkpt><trkpt lat="36.875348" lon="126.938075"><time>2026-08-30T03:19:57.001Z</time><ele>11.13</ele></trkpt><trkpt lat="36.875458" lon="126.937916"><time>2026-08-30T03:19:58.001Z</time><ele>10.84</ele></trkpt><trkpt lat="36.875566" lon="126.937751"><time>2026-08-30T03:19:59.001Z</time><ele>11.12</ele></trkpt><trkpt lat="36.875687" lon="126.937572"><time>2026-08-30T03:20:00.001Z</time><ele>12.1</ele></trkpt><trkpt lat="36.875805" lon="126.937406"><time>2026-08-30T03:20:01.001Z</time><ele>12.44</ele></trkpt><trkpt lat="36.875934" lon="126.937242"><time>2026-08-30T03:20:02.001Z</time><ele>12.53</ele></trkpt><trkpt lat="36.876062" lon="126.937061"><time>2026-08-30T03:20:03.001Z</time><ele>11.41</ele></trkpt><trkpt lat="36.876195" lon="126.936877"><time>2026-08-30T03:20:04.001Z</time><ele>11.15</ele></trkpt><trkpt lat="36.876327" lon="126.93668"><time>2026-08-30T03:20:05.001Z</time><ele>10.13</ele></trkpt><trkpt lat="36.876442" lon="126.936475"><time>2026-08-30T03:20:06.001Z</time><ele>10</ele></trkpt><trkpt lat="36.876597" lon="126.936284"><time>2026-08-30T03:20:07.001Z</time><ele>8.75</ele></trkpt><trkpt lat="36.87673" lon="126.93609"><time>2026-08-30T03:20:08.001Z</time><ele>8.96</ele></trkpt><trkpt lat="36.87686" lon="126.935894"><time>2026-08-30T03:20:09.001Z</time><ele>8.5</ele></trkpt><trkpt lat="36.876979" lon="126.935709"><time>2026-08-30T03:20:10.001Z</time><ele>8.64</ele></trkpt><trkpt lat="36.877101" lon="126.935509"><time>2026-08-30T03:20:11.001Z</time><ele>8.44</ele></trkpt><trkpt lat="36.877218" lon="126.935307"><time>2026-08-30T03:20:12.001Z</time><ele>8.42</ele></trkpt><trkpt lat="36.877347" lon="126.935094"><time>2026-08-30T03:20:13.001Z</time><ele>8.37</ele></trkpt><trkpt lat="36.877483" lon="126.934865"><time>2026-08-30T03:20:14.001Z</time><ele>7.55</ele></trkpt><trkpt lat="36.877622" lon="126.934632"><time>2026-08-30T03:20:15.001Z</time><ele>7.2</ele></trkpt><trkpt lat="36.877738" lon="126.934406"><time>2026-08-30T03:20:16.001Z</time><ele>6.9</ele></trkpt><trkpt lat="36.877853" lon="126.93418"><time>2026-08-30T03:20:17.001Z</time><ele>6.85</ele></trkpt><trkpt lat="36.877958" lon="126.933965"><time>2026-08-30T03:20:18.001Z</time><ele>6.64</ele></trkpt><trkpt lat="36.878039" lon="126.933746"><time>2026-08-30T03:20:19.001Z</time><ele>6.43</ele></trkpt><trkpt lat="36.878126" lon="126.933533"><time>2026-08-30T03:20:20.002Z</time><ele>6.56</ele></trkpt><trkpt lat="36.878228" lon="126.933306"><time>2026-08-30T03:20:21.002Z</time><ele>7.1</ele></trkpt><trkpt lat="36.878321" lon="126.933095"><time>2026-08-30T03:20:22.002Z</time><ele>7.88</ele></trkpt><trkpt lat="36.878418" lon="126.932869"><time>2026-08-30T03:20:23.002Z</time><ele>8.52</ele></trkpt><trkpt lat="36.878503" lon="126.932638"><time>2026-08-30T03:20:24.002Z</time><ele>9.11</ele></trkpt><trkpt lat="36.878601" lon="126.932404"><time>2026-08-30T03:20:25.002Z</time><ele>9.25</ele></trkpt><trkpt lat="36.878688" lon="126.932165"><time>2026-08-30T03:20:26.002Z</time><ele>9.1</ele></trkpt><trkpt lat="36.878772" lon="126.931935"><time>2026-08-30T03:20:27.002Z</time><ele>9.23</ele></trkpt><trkpt lat="36.878842" lon="126.931712"><time>2026-08-30T03:20:28.002Z</time><ele>10.35</ele></trkpt><trkpt lat="36.878915" lon="126.931483"><time>2026-08-30T03:20:29.002Z</time><ele>10.93</ele></trkpt><trkpt lat="36.878988" lon="126.93126"><time>2026-08-30T03:20:30.002Z</time><ele>11.15</ele></trkpt><trkpt lat="36.879048" lon="126.931035"><time>2026-08-30T03:20:31.002Z</time><ele>12.37</ele></trkpt><trkpt lat="36.879107" lon="126.930824"><time>2026-08-30T03:20:32.002Z</time><ele>13.77</ele></trkpt><trkpt lat="36.879168" lon="126.93059"><time>2026-08-30T03:20:33.002Z</time><ele>14.03</ele></trkpt><trkpt lat="36.879219" lon="126.930366"><time>2026-08-30T03:20:34.002Z</time><ele>14.02</ele></trkpt><trkpt lat="36.879275" lon="126.930152"><time>2026-08-30T03:20:35.002Z</time><ele>14.37</ele></trkpt><trkpt lat="36.87933" lon="126.929932"><time>2026-08-30T03:20:36.002Z</time><ele>14.77</ele></trkpt><trkpt lat="36.879378" lon="126.929714"><time>2026-08-30T03:20:37.002Z</time><ele>15.15</ele></trkpt><trkpt lat="36.879435" lon="126.929507"><time>2026-08-30T03:20:38.002Z</time><ele>15.15</ele></trkpt><trkpt lat="36.879511" lon="126.929287"><time>2026-08-30T03:20:39.002Z</time><ele>15.43</ele></trkpt><trkpt lat="36.879572" lon="126.929079"><time>2026-08-30T03:20:40.002Z</time><ele>15.77</ele></trkpt><trkpt lat="36.879635" lon="126.928873"><time>2026-08-30T03:20:41.002Z</time><ele>16.2</ele></trkpt><trkpt lat="36.879682" lon="126.928668"><time>2026-08-30T03:20:42.002Z</time><ele>16.12</ele></trkpt><trkpt lat="36.879741" lon="126.928476"><time>2026-08-30T03:20:43.002Z</time><ele>15.76</ele></trkpt><trkpt lat="36.8798" lon="126.928277"><time>2026-08-30T03:20:44.002Z</time><ele>15.82</ele></trkpt><trkpt lat="36.879844" lon="126.928079"><time>2026-08-30T03:20:45.002Z</time><ele>16.16</ele></trkpt><trkpt lat="36.879897" lon="126.927876"><time>2026-08-30T03:20:46.002Z</time><ele>17.07</ele></trkpt><trkpt lat="36.879947" lon="126.927664"><time>2026-08-30T03:20:47.002Z</time><ele>18.03</ele></trkpt><trkpt lat="36.879997" lon="126.927446"><time>2026-08-30T03:20:48.002Z</time><ele>17.52</ele></trkpt><trkpt lat="36.880063" lon="126.92723"><time>2026-08-30T03:20:49.002Z</time><ele>17.65</ele></trkpt><trkpt lat="36.880111" lon="126.927003"><time>2026-08-30T03:20:50.002Z</time><ele>18.11</ele></trkpt><trkpt lat="36.88018" lon="126.926782"><time>2026-08-30T03:20:51.002Z</time><ele>18.21</ele></trkpt><trkpt lat="36.880238" lon="126.926555"><time>2026-08-30T03:20:52.002Z</time><ele>18.72</ele></trkpt><trkpt lat="36.880301" lon="126.926331"><time>2026-08-30T03:20:53.002Z</time><ele>18.64</ele></trkpt><trkpt lat="36.880356" lon="126.926105"><time>2026-08-30T03:20:54.002Z</time><ele>18.96</ele></trkpt><trkpt lat="36.88041" lon="126.925864"><time>2026-08-30T03:20:55.002Z</time><ele>18.69</ele></trkpt><trkpt lat="36.880472" lon="126.925632"><time>2026-08-30T03:20:56.002Z</time><ele>18.8</ele></trkpt><trkpt lat="36.88053" lon="126.925384"><time>2026-08-30T03:20:57.002Z</time><ele>17.87</ele></trkpt><trkpt lat="36.880606" lon="126.925139"><time>2026-08-30T03:20:58.003Z</time><ele>17.88</ele></trkpt><trkpt lat="36.880672" lon="126.924899"><time>2026-08-30T03:20:59.003Z</time><ele>17.71</ele></trkpt><trkpt lat="36.880743" lon="126.924656"><time>2026-08-30T03:21:00.003Z</time><ele>17.01</ele></trkpt><trkpt lat="36.88081" lon="126.924421"><time>2026-08-30T03:21:01.003Z</time><ele>16.35</ele></trkpt><trkpt lat="36.880875" lon="126.924195"><time>2026-08-30T03:21:02.003Z</time><ele>16.22</ele></trkpt><trkpt lat="36.88094" lon="126.923953"><time>2026-08-30T03:21:03.003Z</time><ele>16.18</ele></trkpt><trkpt lat="36.880996" lon="126.923704"><time>2026-08-30T03:21:04.003Z</time><ele>16.07</ele></trkpt><trkpt lat="36.88106" lon="126.923464"><time>2026-08-30T03:21:05.003Z</time><ele>15.34</ele></trkpt><trkpt lat="36.881141" lon="126.923188"><time>2026-08-30T03:21:06.003Z</time><ele>16.33</ele></trkpt><trkpt lat="36.881212" lon="126.922929"><time>2026-08-30T03:21:07.003Z</time><ele>15.37</ele></trkpt><trkpt lat="36.881273" lon="126.922667"><time>2026-08-30T03:21:08.003Z</time><ele>15.16</ele></trkpt><trkpt lat="36.881341" lon="126.922417"><time>2026-08-30T03:21:09.003Z</time><ele>14.84</ele></trkpt><trkpt lat="36.881418" lon="126.922149"><time>2026-08-30T03:21:10.003Z</time><ele>14.87</ele></trkpt><trkpt lat="36.881494" lon="126.921868"><time>2026-08-30T03:21:11.003Z</time><ele>14.4</ele></trkpt><trkpt lat="36.881565" lon="126.921599"><time>2026-08-30T03:21:12.003Z</time><ele>13.65</ele></trkpt><trkpt lat="36.881629" lon="126.921333"><time>2026-08-30T03:21:13.000Z</time><ele>13.92</ele></trkpt><trkpt lat="36.881702" lon="126.921076"><time>2026-08-30T03:21:14.000Z</time><ele>13.4</ele></trkpt><trkpt lat="36.881762" lon="126.920826"><time>2026-08-30T03:21:15.000Z</time><ele>13.39</ele></trkpt><trkpt lat="36.881828" lon="126.920577"><time>2026-08-30T03:21:16.000Z</time><ele>13.68</ele></trkpt><trkpt lat="36.881895" lon="126.920329"><time>2026-08-30T03:21:17.000Z</time><ele>13.89</ele></trkpt><trkpt lat="36.881971" lon="126.920087"><time>2026-08-30T03:21:18.000Z</time><ele>14.07</ele></trkpt><trkpt lat="36.882026" lon="126.919825"><time>2026-08-30T03:21:19.000Z</time><ele>14.25</ele></trkpt><trkpt lat="36.882095" lon="126.919572"><time>2026-08-30T03:21:20.000Z</time><ele>14.6</ele></trkpt><trkpt lat="36.882172" lon="126.919338"><time>2026-08-30T03:21:21.000Z</time><ele>14.13</ele></trkpt><trkpt lat="36.882248" lon="126.919119"><time>2026-08-30T03:21:22.000Z</time><ele>13.53</ele></trkpt><trkpt lat="36.882334" lon="126.918899"><time>2026-08-30T03:21:23.000Z</time><ele>13.39</ele></trkpt><trkpt lat="36.882423" lon="126.918706"><time>2026-08-30T03:21:24.000Z</time><ele>13.67</ele></trkpt><trkpt lat="36.882524" lon="126.9185"><time>2026-08-30T03:21:25.000Z</time><ele>14.68</ele></trkpt><trkpt lat="36.882635" lon="126.918282"><time>2026-08-30T03:21:26.000Z</time><ele>15.06</ele></trkpt><trkpt lat="36.882747" lon="126.918075"><time>2026-08-30T03:21:27.000Z</time><ele>15.81</ele></trkpt><trkpt lat="36.88286" lon="126.917884"><time>2026-08-30T03:21:28.000Z</time><ele>15.84</ele></trkpt><trkpt lat="36.882965" lon="126.917715"><time>2026-08-30T03:21:29.000Z</time><ele>16.13</ele></trkpt><trkpt lat="36.883098" lon="126.917571"><time>2026-08-30T03:21:30.000Z</time><ele>16.74</ele></trkpt><trkpt lat="36.88321" lon="126.917439"><time>2026-08-30T03:21:31.000Z</time><ele>17.34</ele></trkpt><trkpt lat="36.883321" lon="126.917309"><time>2026-08-30T03:21:32.000Z</time><ele>18.19</ele></trkpt><trkpt lat="36.883435" lon="126.917186"><time>2026-08-30T03:21:33.000Z</time><ele>19.44</ele></trkpt><trkpt lat="36.88354" lon="126.917054"><time>2026-08-30T03:21:34.000Z</time><ele>20</ele></trkpt><trkpt lat="36.883655" lon="126.916934"><time>2026-08-30T03:21:35.000Z</time><ele>20.54</ele></trkpt><trkpt lat="36.883773" lon="126.916811"><time>2026-08-30T03:21:36.000Z</time><ele>21.18</ele></trkpt><trkpt lat="36.883889" lon="126.916696"><time>2026-08-30T03:21:37.000Z</time><ele>21.49</ele></trkpt><trkpt lat="36.883997" lon="126.916593"><time>2026-08-30T03:21:38.000Z</time><ele>22.39</ele></trkpt><trkpt lat="36.884091" lon="126.916477"><time>2026-08-30T03:21:39.000Z</time><ele>23.31</ele></trkpt><trkpt lat="36.884203" lon="126.916369"><time>2026-08-30T03:21:40.000Z</time><ele>23.89</ele></trkpt><trkpt lat="36.88432" lon="126.916263"><time>2026-08-30T03:21:41.000Z</time><ele>24.67</ele></trkpt><trkpt lat="36.884425" lon="126.916149"><time>2026-08-30T03:21:42.000Z</time><ele>24.88</ele></trkpt><trkpt lat="36.884534" lon="126.916032"><time>2026-08-30T03:21:43.000Z</time><ele>24.97</ele></trkpt><trkpt lat="36.884649" lon="126.915919"><time>2026-08-30T03:21:44.000Z</time><ele>25.48</ele></trkpt><trkpt lat="36.884761" lon="126.915815"><time>2026-08-30T03:21:45.000Z</time><ele>25.58</ele></trkpt><trkpt lat="36.884867" lon="126.915717"><time>2026-08-30T03:21:46.000Z</time><ele>25.25</ele></trkpt><trkpt lat="36.884975" lon="126.915625"><time>2026-08-30T03:21:47.000Z</time><ele>25.85</ele></trkpt><trkpt lat="36.885071" lon="126.915526"><time>2026-08-30T03:21:48.001Z</time><ele>25.11</ele></trkpt><trkpt lat="36.885166" lon="126.915427"><time>2026-08-30T03:21:49.001Z</time><ele>26.08</ele></trkpt><trkpt lat="36.885261" lon="126.915341"><time>2026-08-30T03:21:50.001Z</time><ele>25.79</ele></trkpt><trkpt lat="36.885348" lon="126.915271"><time>2026-08-30T03:21:51.001Z</time><ele>26.05</ele></trkpt><trkpt lat="36.885439" lon="126.915199"><time>2026-08-30T03:21:52.001Z</time><ele>26.22</ele></trkpt><trkpt lat="36.885535" lon="126.915131"><time>2026-08-30T03:21:53.001Z</time><ele>26.09</ele></trkpt><trkpt lat="36.885642" lon="126.915091"><time>2026-08-30T03:21:54.001Z</time><ele>25.89</ele></trkpt><trkpt lat="36.885735" lon="126.915074"><time>2026-08-30T03:21:55.001Z</time><ele>25.93</ele></trkpt><trkpt lat="36.885819" lon="126.915107"><time>2026-08-30T03:21:56.001Z</time><ele>25.97</ele></trkpt><trkpt lat="36.885887" lon="126.915173"><time>2026-08-30T03:21:57.001Z</time><ele>26.16</ele></trkpt><trkpt lat="36.88595" lon="126.915271"><time>2026-08-30T03:21:58.001Z</time><ele>25.97</ele></trkpt><trkpt lat="36.88597" lon="126.915394"><time>2026-08-30T03:21:59.001Z</time><ele>24.49</ele></trkpt><trkpt lat="36.886003" lon="126.915526"><time>2026-08-30T03:22:00.001Z</time><ele>24.37</ele></trkpt><trkpt lat="36.885981" lon="126.915634"><time>2026-08-30T03:22:01.001Z</time><ele>23.51</ele></trkpt><trkpt lat="36.885934" lon="126.91575"><time>2026-08-30T03:22:02.001Z</time><ele>22.76</ele></trkpt><trkpt lat="36.885837" lon="126.915857"><time>2026-08-30T03:22:03.001Z</time><ele>21.81</ele></trkpt><trkpt lat="36.88576" lon="126.915913"><time>2026-08-30T03:22:04.001Z</time><ele>21.44</ele></trkpt><trkpt lat="36.885649" lon="126.91594"><time>2026-08-30T03:22:05.001Z</time><ele>20.51</ele></trkpt><trkpt lat="36.88555" lon="126.915948"><time>2026-08-30T03:22:06.001Z</time><ele>20.18</ele></trkpt><trkpt lat="36.885447" lon="126.915894"><time>2026-08-30T03:22:07.001Z</time><ele>19.99</ele></trkpt><trkpt lat="36.885363" lon="126.915816"><time>2026-08-30T03:22:08.001Z</time><ele>20.1</ele></trkpt><trkpt lat="36.885308" lon="126.91571"><time>2026-08-30T03:22:09.001Z</time><ele>19.75</ele></trkpt><trkpt lat="36.885249" lon="126.915605"><time>2026-08-30T03:22:10.001Z</time><ele>19.38</ele></trkpt><trkpt lat="36.885203" lon="126.915492"><time>2026-08-30T03:22:11.001Z</time><ele>19.25</ele></trkpt><trkpt lat="36.885138" lon="126.91538"><time>2026-08-30T03:22:12.001Z</time><ele>19.12</ele></trkpt><trkpt lat="36.885064" lon="126.915252"><time>2026-08-30T03:22:13.001Z</time><ele>19.23</ele></trkpt><trkpt lat="36.885" lon="126.915109"><time>2026-08-30T03:22:14.001Z</time><ele>18.05</ele></trkpt><trkpt lat="36.884922" lon="126.914922"><time>2026-08-30T03:22:15.001Z</time><ele>17.64</ele></trkpt><trkpt lat="36.884849" lon="126.914739"><time>2026-08-30T03:22:16.001Z</time><ele>17.84</ele></trkpt><trkpt lat="36.88477" lon="126.914547"><time>2026-08-30T03:22:17.001Z</time><ele>16.42</ele></trkpt><trkpt lat="36.884677" lon="126.914393"><time>2026-08-30T03:22:18.001Z</time><ele>15.75</ele></trkpt><trkpt lat="36.884596" lon="126.914219"><time>2026-08-30T03:22:19.001Z</time><ele>15.76</ele></trkpt><trkpt lat="36.884518" lon="126.914036"><time>2026-08-30T03:22:20.001Z</time><ele>15.78</ele></trkpt><trkpt lat="36.884452" lon="126.913848"><time>2026-08-30T03:22:21.001Z</time><ele>15.77</ele></trkpt><trkpt lat="36.884368" lon="126.913688"><time>2026-08-30T03:22:22.001Z</time><ele>15.7</ele></trkpt><trkpt lat="36.884275" lon="126.91351"><time>2026-08-30T03:22:23.001Z</time><ele>15.41</ele></trkpt><trkpt lat="36.884167" lon="126.913339"><time>2026-08-30T03:22:24.002Z</time><ele>15.24</ele></trkpt><trkpt lat="36.884071" lon="126.913155"><time>2026-08-30T03:22:25.002Z</time><ele>14.57</ele></trkpt><trkpt lat="36.883978" lon="126.912944"><time>2026-08-30T03:22:26.002Z</time><ele>14.35</ele></trkpt><trkpt lat="36.883861" lon="126.912746"><time>2026-08-30T03:22:27.002Z</time><ele>13.65</ele></trkpt><trkpt lat="36.883731" lon="126.91256"><time>2026-08-30T03:22:28.002Z</time><ele>12.68</ele></trkpt><trkpt lat="36.883608" lon="126.912361"><time>2026-08-30T03:22:29.002Z</time><ele>11.36</ele></trkpt><trkpt lat="36.883495" lon="126.912186"><time>2026-08-30T03:22:30.002Z</time><ele>11.11</ele></trkpt><trkpt lat="36.883382" lon="126.912012"><time>2026-08-30T03:22:31.002Z</time><ele>10.42</ele></trkpt><trkpt lat="36.883264" lon="126.911842"><time>2026-08-30T03:22:32.002Z</time><ele>10.4</ele></trkpt><trkpt lat="36.883144" lon="126.911666"><time>2026-08-30T03:22:33.002Z</time><ele>10.44</ele></trkpt><trkpt lat="36.883011" lon="126.91149"><time>2026-08-30T03:22:34.002Z</time><ele>9.83</ele></trkpt><trkpt lat="36.882885" lon="126.911332"><time>2026-08-30T03:22:35.002Z</time><ele>10.04</ele></trkpt><trkpt lat="36.882752" lon="126.911151"><time>2026-08-30T03:22:36.002Z</time><ele>9.47</ele></trkpt><trkpt lat="36.882616" lon="126.910994"><time>2026-08-30T03:22:37.002Z</time><ele>9.72</ele></trkpt><trkpt lat="36.882513" lon="126.910805"><time>2026-08-30T03:22:38.002Z</time><ele>9.34</ele></trkpt><trkpt lat="36.882408" lon="126.910635"><time>2026-08-30T03:22:39.002Z</time><ele>9.78</ele></trkpt><trkpt lat="36.882282" lon="126.910473"><time>2026-08-30T03:22:40.002Z</time><ele>10.12</ele></trkpt><trkpt lat="36.882174" lon="126.91029"><time>2026-08-30T03:22:41.002Z</time><ele>9.59</ele></trkpt><trkpt lat="36.882058" lon="126.910114"><time>2026-08-30T03:22:42.002Z</time><ele>9.52</ele></trkpt><trkpt lat="36.881936" lon="126.909969"><time>2026-08-30T03:22:43.002Z</time><ele>10.37</ele></trkpt><trkpt lat="36.881807" lon="126.909818"><time>2026-08-30T03:22:44.002Z</time><ele>11.04</ele></trkpt><trkpt lat="36.881678" lon="126.909655"><time>2026-08-30T03:22:45.002Z</time><ele>11.22</ele></trkpt><trkpt lat="36.881558" lon="126.909492"><time>2026-08-30T03:22:46.002Z</time><ele>11.23</ele></trkpt><trkpt lat="36.881439" lon="126.909333"><time>2026-08-30T03:22:47.002Z</time><ele>11.91</ele></trkpt><trkpt lat="36.88133" lon="126.909169"><time>2026-08-30T03:22:48.002Z</time><ele>11.93</ele></trkpt><trkpt lat="36.881218" lon="126.909011"><time>2026-08-30T03:22:49.002Z</time><ele>12.06</ele></trkpt><trkpt lat="36.881106" lon="126.908855"><time>2026-08-30T03:22:50.002Z</time><ele>12.24</ele></trkpt><trkpt lat="36.880993" lon="126.908709"><time>2026-08-30T03:22:51.002Z</time><ele>12.53</ele></trkpt><trkpt lat="36.880889" lon="126.908555"><time>2026-08-30T03:22:52.002Z</time><ele>12.61</ele></trkpt><trkpt lat="36.880797" lon="126.908415"><time>2026-08-30T03:22:53.002Z</time><ele>12.77</ele></trkpt><trkpt lat="36.880703" lon="126.908301"><time>2026-08-30T03:22:54.002Z</time><ele>12.69</ele></trkpt><trkpt lat="36.880616" lon="126.908191"><time>2026-08-30T03:22:55.002Z</time><ele>13.53</ele></trkpt><trkpt lat="36.880525" lon="126.908069"><time>2026-08-30T03:22:56.002Z</time><ele>13.88</ele></trkpt><trkpt lat="36.880441" lon="126.907936"><time>2026-08-30T03:22:57.002Z</time><ele>14.85</ele></trkpt><trkpt lat="36.88035" lon="126.907808"><time>2026-08-30T03:22:58.002Z</time><ele>14.9</ele></trkpt><trkpt lat="36.88026" lon="126.907655"><time>2026-08-30T03:22:59.002Z</time><ele>14.54</ele></trkpt><trkpt lat="36.880176" lon="126.907541"><time>2026-08-30T03:23:00.003Z</time><ele>14.85</ele></trkpt><trkpt lat="36.880074" lon="126.907439"><time>2026-08-30T03:23:01.003Z</time><ele>14.31</ele></trkpt><trkpt lat="36.879988" lon="126.907304"><time>2026-08-30T03:23:02.003Z</time><ele>14.11</ele></trkpt><trkpt lat="36.879902" lon="126.907161"><time>2026-08-30T03:23:03.003Z</time><ele>14.52</ele></trkpt><trkpt lat="36.879829" lon="126.907036"><time>2026-08-30T03:23:04.003Z</time><ele>15.08</ele></trkpt><trkpt lat="36.879758" lon="126.906891"><time>2026-08-30T03:23:05.003Z</time><ele>15.19</ele></trkpt><trkpt lat="36.879689" lon="126.906757"><time>2026-08-30T03:23:06.003Z</time><ele>16.06</ele></trkpt><trkpt lat="36.879613" lon="126.906609"><time>2026-08-30T03:23:07.003Z</time><ele>16.19</ele></trkpt><trkpt lat="36.87954" lon="126.906438"><time>2026-08-30T03:23:08.003Z</time><ele>16.16</ele></trkpt><trkpt lat="36.879468" lon="126.906262"><time>2026-08-30T03:23:09.003Z</time><ele>16.48</ele></trkpt><trkpt lat="36.879397" lon="126.90607"><time>2026-08-30T03:23:10.003Z</time><ele>15.82</ele></trkpt><trkpt lat="36.879331" lon="126.905857"><time>2026-08-30T03:23:11.003Z</time><ele>15.48</ele></trkpt><trkpt lat="36.879261" lon="126.905641"><time>2026-08-30T03:23:12.003Z</time><ele>14.97</ele></trkpt><trkpt lat="36.879203" lon="126.905411"><time>2026-08-30T03:23:13.003Z</time><ele>14.85</ele></trkpt><trkpt lat="36.879152" lon="126.905177"><time>2026-08-30T03:23:14.003Z</time><ele>14.02</ele></trkpt><trkpt lat="36.879102" lon="126.904942"><time>2026-08-30T03:23:15.003Z</time><ele>13.44</ele></trkpt><trkpt lat="36.879016" lon="126.904751"><time>2026-08-30T03:23:16.003Z</time><ele>13.01</ele></trkpt><trkpt lat="36.87896" lon="126.904515"><time>2026-08-30T03:23:17.003Z</time><ele>13.08</ele></trkpt><trkpt lat="36.878898" lon="126.904284"><time>2026-08-30T03:23:18.003Z</time><ele>12.51</ele></trkpt><trkpt lat="36.878845" lon="126.904052"><time>2026-08-30T03:23:19.000Z</time><ele>11.65</ele></trkpt><trkpt lat="36.878796" lon="126.903852"><time>2026-08-30T03:23:20.000Z</time><ele>11.26</ele></trkpt><trkpt lat="36.878742" lon="126.903619"><time>2026-08-30T03:23:21.000Z</time><ele>11.35</ele></trkpt><trkpt lat="36.87869" lon="126.903396"><time>2026-08-30T03:23:22.000Z</time><ele>11.26</ele></trkpt><trkpt lat="36.878634" lon="126.903159"><time>2026-08-30T03:23:23.000Z</time><ele>10.78</ele></trkpt><trkpt lat="36.878591" lon="126.902915"><time>2026-08-30T03:23:24.000Z</time><ele>10.74</ele></trkpt><trkpt lat="36.878551" lon="126.902665"><time>2026-08-30T03:23:25.000Z</time><ele>10.47</ele></trkpt><trkpt lat="36.878505" lon="126.902409"><time>2026-08-30T03:23:26.000Z</time><ele>10.51</ele></trkpt><trkpt lat="36.87845" lon="126.902144"><time>2026-08-30T03:23:27.000Z</time><ele>9.51</ele></trkpt><trkpt lat="36.878388" lon="126.901888"><time>2026-08-30T03:23:28.000Z</time><ele>8.6</ele></trkpt><trkpt lat="36.878325" lon="126.901641"><time>2026-08-30T03:23:29.000Z</time><ele>7.62</ele></trkpt><trkpt lat="36.87826" lon="126.901405"><time>2026-08-30T03:23:30.000Z</time><ele>6.82</ele></trkpt><trkpt lat="36.8782" lon="126.901186"><time>2026-08-30T03:23:31.000Z</time><ele>6.82</ele></trkpt><trkpt lat="36.878145" lon="126.90096"><time>2026-08-30T03:23:32.000Z</time><ele>6.54</ele></trkpt><trkpt lat="36.878096" lon="126.90074"><time>2026-08-30T03:23:33.000Z</time><ele>6.73</ele></trkpt><trkpt lat="36.878056" lon="126.900527"><time>2026-08-30T03:23:34.000Z</time><ele>6.74</ele></trkpt><trkpt lat="36.87801" lon="126.900311"><time>2026-08-30T03:23:35.000Z</time><ele>7.43</ele></trkpt><trkpt lat="36.877976" lon="126.900093"><time>2026-08-30T03:23:36.000Z</time><ele>8.47</ele></trkpt><trkpt lat="36.877938" lon="126.899883"><time>2026-08-30T03:23:37.000Z</time><ele>8.98</ele></trkpt><trkpt lat="36.877892" lon="126.899691"><time>2026-08-30T03:23:38.000Z</time><ele>9.47</ele></trkpt><trkpt lat="36.877845" lon="126.899507"><time>2026-08-30T03:23:39.000Z</time><ele>10.12</ele></trkpt><trkpt lat="36.877808" lon="126.899319"><time>2026-08-30T03:23:40.000Z</time><ele>10.91</ele></trkpt><trkpt lat="36.877779" lon="126.899137"><time>2026-08-30T03:23:41.000Z</time><ele>11.91</ele></trkpt><trkpt lat="36.877745" lon="126.898938"><time>2026-08-30T03:23:42.000Z</time><ele>12.91</ele></trkpt><trkpt lat="36.87771" lon="126.898768"><time>2026-08-30T03:23:43.000Z</time><ele>13.22</ele></trkpt><trkpt lat="36.877667" lon="126.898618"><time>2026-08-30T03:23:44.000Z</time><ele>14.32</ele></trkpt><trkpt lat="36.877625" lon="126.898495"><time>2026-08-30T03:23:45.000Z</time><ele>15.05</ele></trkpt><trkpt lat="36.877599" lon="126.898348"><time>2026-08-30T03:23:46.000Z</time><ele>16.26</ele></trkpt><trkpt lat="36.877562" lon="126.898188"><time>2026-08-30T03:23:47.000Z</time><ele>15.73</ele></trkpt><trkpt lat="36.877524" lon="126.898013"><time>2026-08-30T03:23:48.000Z</time><ele>16.1</ele></trkpt><trkpt lat="36.877466" lon="126.89783"><time>2026-08-30T03:23:49.000Z</time><ele>16.74</ele></trkpt><trkpt lat="36.877425" lon="126.897609"><time>2026-08-30T03:23:50.000Z</time><ele>15.81</ele></trkpt><trkpt lat="36.877365" lon="126.897412"><time>2026-08-30T03:23:51.000Z</time><ele>15.64</ele></trkpt><trkpt lat="36.877314" lon="126.897189"><time>2026-08-30T03:23:52.000Z</time><ele>14.89</ele></trkpt><trkpt lat="36.877254" lon="126.896968"><time>2026-08-30T03:23:53.000Z</time><ele>14.38</ele></trkpt><trkpt lat="36.877206" lon="126.896751"><time>2026-08-30T03:23:54.001Z</time><ele>13.1</ele></trkpt><trkpt lat="36.87716" lon="126.896554"><time>2026-08-30T03:23:55.001Z</time><ele>13.13</ele></trkpt><trkpt lat="36.87711" lon="126.896365"><time>2026-08-30T03:23:56.001Z</time><ele>12.88</ele></trkpt><trkpt lat="36.877068" lon="126.896191"><time>2026-08-30T03:23:57.001Z</time><ele>13.16</ele></trkpt><trkpt lat="36.877017" lon="126.89602"><time>2026-08-30T03:23:58.001Z</time><ele>14.63</ele></trkpt><trkpt lat="36.876959" lon="126.895849"><time>2026-08-30T03:23:59.001Z</time><ele>16.09</ele></trkpt><trkpt lat="36.876911" lon="126.895683"><time>2026-08-30T03:24:00.001Z</time><ele>16.58</ele></trkpt><trkpt lat="36.876846" lon="126.895513"><time>2026-08-30T03:24:01.001Z</time><ele>16.72</ele></trkpt><trkpt lat="36.876781" lon="126.895346"><time>2026-08-30T03:24:02.001Z</time><ele>17.14</ele></trkpt><trkpt lat="36.876711" lon="126.895181"><time>2026-08-30T03:24:03.001Z</time><ele>17.26</ele></trkpt><trkpt lat="36.876645" lon="126.895019"><time>2026-08-30T03:24:04.001Z</time><ele>16.89</ele></trkpt><trkpt lat="36.876566" lon="126.894874"><time>2026-08-30T03:24:05.001Z</time><ele>16.71</ele></trkpt><trkpt lat="36.876493" lon="126.894726"><time>2026-08-30T03:24:06.001Z</time><ele>16.41</ele></trkpt><trkpt lat="36.876414" lon="126.894581"><time>2026-08-30T03:24:07.001Z</time><ele>16.77</ele></trkpt><trkpt lat="36.876325" lon="126.894458"><time>2026-08-30T03:24:08.001Z</time><ele>17.12</ele></trkpt><trkpt lat="36.876239" lon="126.89433"><time>2026-08-30T03:24:09.001Z</time><ele>17</ele></trkpt><trkpt lat="36.876152" lon="126.894206"><time>2026-08-30T03:24:10.001Z</time><ele>17.94</ele></trkpt><trkpt lat="36.876061" lon="126.894062"><time>2026-08-30T03:24:11.001Z</time><ele>18.25</ele></trkpt><trkpt lat="36.875962" lon="126.893927"><time>2026-08-30T03:24:12.001Z</time><ele>17.71</ele></trkpt><trkpt lat="36.875853" lon="126.893783"><time>2026-08-30T03:24:13.001Z</time><ele>17.32</ele></trkpt><trkpt lat="36.87575" lon="126.893641"><time>2026-08-30T03:24:14.001Z</time><ele>16.77</ele></trkpt><trkpt lat="36.875645" lon="126.893506"><time>2026-08-30T03:24:15.001Z</time><ele>15.78</ele></trkpt><trkpt lat="36.875535" lon="126.893367"><time>2026-08-30T03:24:16.001Z</time><ele>15.86</ele></trkpt><trkpt lat="36.875427" lon="126.893242"><time>2026-08-30T03:24:17.001Z</time><ele>15.64</ele></trkpt><trkpt lat="36.87533" lon="126.893111"><time>2026-08-30T03:24:18.001Z</time><ele>15.27</ele></trkpt><trkpt lat="36.875243" lon="126.892977"><time>2026-08-30T03:24:19.001Z</time><ele>14.77</ele></trkpt><trkpt lat="36.875147" lon="126.892818"><time>2026-08-30T03:24:20.001Z</time><ele>14.65</ele></trkpt><trkpt lat="36.875053" lon="126.892682"><time>2026-08-30T03:24:21.001Z</time><ele>15.41</ele></trkpt><trkpt lat="36.874946" lon="126.892548"><time>2026-08-30T03:24:22.001Z</time><ele>15.05</ele></trkpt><trkpt lat="36.874845" lon="126.89241"><time>2026-08-30T03:24:23.001Z</time><ele>14.98</ele></trkpt><trkpt lat="36.874742" lon="126.892293"><time>2026-08-30T03:24:24.001Z</time><ele>15.01</ele></trkpt><trkpt lat="36.874643" lon="126.89215"><time>2026-08-30T03:24:25.001Z</time><ele>14.63</ele></trkpt><trkpt lat="36.874546" lon="126.891997"><time>2026-08-30T03:24:26.001Z</time><ele>14.58</ele></trkpt><trkpt lat="36.874438" lon="126.891856"><time>2026-08-30T03:24:27.001Z</time><ele>14.58</ele></trkpt><trkpt lat="36.874339" lon="126.891695"><time>2026-08-30T03:24:28.002Z</time><ele>14.39</ele></trkpt><trkpt lat="36.874235" lon="126.891536"><time>2026-08-30T03:24:29.002Z</time><ele>13.94</ele></trkpt><trkpt lat="36.874126" lon="126.891397"><time>2026-08-30T03:24:30.002Z</time><ele>13.7</ele></trkpt><trkpt lat="36.874026" lon="126.891239"><time>2026-08-30T03:24:31.002Z</time><ele>13.79</ele></trkpt><trkpt lat="36.873924" lon="126.891103"><time>2026-08-30T03:24:32.002Z</time><ele>14.17</ele></trkpt><trkpt lat="36.87382" lon="126.890963"><time>2026-08-30T03:24:33.002Z</time><ele>14.24</ele></trkpt><trkpt lat="36.873715" lon="126.890814"><time>2026-08-30T03:24:34.002Z</time><ele>14.78</ele></trkpt><trkpt lat="36.873609" lon="126.890677"><time>2026-08-30T03:24:35.002Z</time><ele>14.44</ele></trkpt><trkpt lat="36.873525" lon="126.890492"><time>2026-08-30T03:24:36.002Z</time><ele>14.9</ele></trkpt><trkpt lat="36.873425" lon="126.890347"><time>2026-08-30T03:24:37.002Z</time><ele>14.58</ele></trkpt><trkpt lat="36.873326" lon="126.890193"><time>2026-08-30T03:24:38.002Z</time><ele>15.03</ele></trkpt><trkpt lat="36.873233" lon="126.890021"><time>2026-08-30T03:24:39.002Z</time><ele>14.95</ele></trkpt><trkpt lat="36.873142" lon="126.889841"><time>2026-08-30T03:24:40.002Z</time><ele>15.13</ele></trkpt><trkpt lat="36.873056" lon="126.889661"><time>2026-08-30T03:24:41.002Z</time><ele>15.19</ele></trkpt><trkpt lat="36.872965" lon="126.889481"><time>2026-08-30T03:24:42.002Z</time><ele>15.68</ele></trkpt><trkpt lat="36.872892" lon="126.889274"><time>2026-08-30T03:24:43.002Z</time><ele>15.28</ele></trkpt><trkpt lat="36.872826" lon="126.889079"><time>2026-08-30T03:24:44.002Z</time><ele>15.37</ele></trkpt><trkpt lat="36.872763" lon="126.88887"><time>2026-08-30T03:24:45.002Z</time><ele>15.39</ele></trkpt><trkpt lat="36.872683" lon="126.888689"><time>2026-08-30T03:24:46.002Z</time><ele>15.24</ele></trkpt><trkpt lat="36.872629" lon="126.888495"><time>2026-08-30T03:24:47.002Z</time><ele>15.14</ele></trkpt><trkpt lat="36.872569" lon="126.888307"><time>2026-08-30T03:24:48.002Z</time><ele>15.3</ele></trkpt><trkpt lat="36.872508" lon="126.888134"><time>2026-08-30T03:24:49.002Z</time><ele>15.23</ele></trkpt><trkpt lat="36.872448" lon="126.887943"><time>2026-08-30T03:24:50.002Z</time><ele>16.01</ele></trkpt><trkpt lat="36.872398" lon="126.887751"><time>2026-08-30T03:24:51.002Z</time><ele>16.36</ele></trkpt><trkpt lat="36.872348" lon="126.887555"><time>2026-08-30T03:24:52.002Z</time><ele>16.92</ele></trkpt><trkpt lat="36.872314" lon="126.887359"><time>2026-08-30T03:24:53.002Z</time><ele>17.12</ele></trkpt><trkpt lat="36.872254" lon="126.887174"><time>2026-08-30T03:24:54.002Z</time><ele>17.83</ele></trkpt><trkpt lat="36.872224" lon="126.886972"><time>2026-08-30T03:24:55.002Z</time><ele>18.27</ele></trkpt><trkpt lat="36.872182" lon="126.886775"><time>2026-08-30T03:24:56.002Z</time><ele>17.91</ele></trkpt><trkpt lat="36.872146" lon="126.886574"><time>2026-08-30T03:24:57.002Z</time><ele>17.74</ele></trkpt><trkpt lat="36.872107" lon="126.88637"><time>2026-08-30T03:24:58.002Z</time><ele>17.72</ele></trkpt><trkpt lat="36.872065" lon="126.886164"><time>2026-08-30T03:24:59.002Z</time><ele>17.99</ele></trkpt><trkpt lat="36.872038" lon="126.885979"><time>2026-08-30T03:25:00.002Z</time><ele>18.85</ele></trkpt><trkpt lat="36.871997" lon="126.885795"><time>2026-08-30T03:25:01.002Z</time><ele>19.58</ele></trkpt><trkpt lat="36.871953" lon="126.885602"><time>2026-08-30T03:25:02.002Z</time><ele>19.61</ele></trkpt><trkpt lat="36.871915" lon="126.885406"><time>2026-08-30T03:25:03.003Z</time><ele>20.37</ele></trkpt><trkpt lat="36.87189" lon="126.885215"><time>2026-08-30T03:25:04.003Z</time><ele>20.89</ele></trkpt><trkpt lat="36.871859" lon="126.885029"><time>2026-08-30T03:25:05.003Z</time><ele>21.2</ele></trkpt><trkpt lat="36.871828" lon="126.884851"><time>2026-08-30T03:25:06.003Z</time><ele>21.61</ele></trkpt><trkpt lat="36.871799" lon="126.884664"><time>2026-08-30T03:25:07.003Z</time><ele>21.7</ele></trkpt><trkpt lat="36.871769" lon="126.884472"><time>2026-08-30T03:25:08.003Z</time><ele>21.78</ele></trkpt><trkpt lat="36.871727" lon="126.884273"><time>2026-08-30T03:25:09.003Z</time><ele>21.78</ele></trkpt><trkpt lat="36.871695" lon="126.884068"><time>2026-08-30T03:25:10.003Z</time><ele>21.27</ele></trkpt><trkpt lat="36.871652" lon="126.883859"><time>2026-08-30T03:25:11.003Z</time><ele>20.81</ele></trkpt><trkpt lat="36.871614" lon="126.883675"><time>2026-08-30T03:25:12.003Z</time><ele>20.7</ele></trkpt><trkpt lat="36.871588" lon="126.883484"><time>2026-08-30T03:25:13.003Z</time><ele>20.26</ele></trkpt><trkpt lat="36.871577" lon="126.883302"><time>2026-08-30T03:25:14.003Z</time><ele>19.39</ele></trkpt><trkpt lat="36.871568" lon="126.88314"><time>2026-08-30T03:25:15.003Z</time><ele>19.26</ele></trkpt><trkpt lat="36.87156" lon="126.882984"><time>2026-08-30T03:25:16.003Z</time><ele>19.54</ele></trkpt><trkpt lat="36.871544" lon="126.88281"><time>2026-08-30T03:25:17.003Z</time><ele>19.44</ele></trkpt><trkpt lat="36.871545" lon="126.882678"><time>2026-08-30T03:25:18.003Z</time><ele>19.67</ele></trkpt><trkpt lat="36.871555" lon="126.88255"><time>2026-08-30T03:25:19.003Z</time><ele>20.85</ele></trkpt><trkpt lat="36.871563" lon="126.882451"><time>2026-08-30T03:25:20.003Z</time><ele>21.13</ele></trkpt><trkpt lat="36.871569" lon="126.882342"><time>2026-08-30T03:25:21.003Z</time><ele>21.6</ele></trkpt><trkpt lat="36.871576" lon="126.882256"><time>2026-08-30T03:25:22.003Z</time><ele>21.76</ele></trkpt><trkpt lat="36.871592" lon="126.882178"><time>2026-08-30T03:25:23.003Z</time><ele>21.75</ele></trkpt><trkpt lat="36.871623" lon="126.882075"><time>2026-08-30T03:25:25.000Z</time><ele>22.89</ele></trkpt><trkpt lat="36.871615" lon="126.882008"><time>2026-08-30T03:25:26.000Z</time><ele>21.81</ele></trkpt><trkpt lat="36.871839" lon="126.881985"><time>2026-08-30T03:25:28.000Z</time><ele>22.12</ele></trkpt><trkpt lat="36.871914" lon="126.88199"><time>2026-08-30T03:25:29.000Z</time><ele>21.81</ele></trkpt><trkpt lat="36.871976" lon="126.881988"><time>2026-08-30T03:25:30.000Z</time><ele>21.19</ele></trkpt><trkpt lat="36.872041" lon="126.881986"><time>2026-08-30T03:25:31.000Z</time><ele>21.16</ele></trkpt><trkpt lat="36.872101" lon="126.881992"><time>2026-08-30T03:25:32.000Z</time><ele>20.46</ele></trkpt><trkpt lat="36.872181" lon="126.881978"><time>2026-08-30T03:25:33.000Z</time><ele>21.27</ele></trkpt><trkpt lat="36.87232" lon="126.881684"><time>2026-08-30T03:25:36.000Z</time><ele>21.71</ele></trkpt><trkpt lat="36.872328" lon="126.881593"><time>2026-08-30T03:25:37.000Z</time><ele>20.77</ele></trkpt><trkpt lat="36.87234" lon="126.88145"><time>2026-08-30T03:25:38.000Z</time><ele>20.03</ele></trkpt><trkpt lat="36.872335" lon="126.881357"><time>2026-08-30T03:25:39.000Z</time><ele>19.98</ele></trkpt><trkpt lat="36.872367" lon="126.881235"><time>2026-08-30T03:25:40.000Z</time><ele>19.74</ele></trkpt><trkpt lat="36.872375" lon="126.881109"><time>2026-08-30T03:25:41.000Z</time><ele>19.53</ele></trkpt><trkpt lat="36.872372" lon="126.880991"><time>2026-08-30T03:25:42.000Z</time><ele>18.59</ele></trkpt><trkpt lat="36.872379" lon="126.880863"><time>2026-08-30T03:25:43.000Z</time><ele>18.07</ele></trkpt><trkpt lat="36.872384" lon="126.880747"><time>2026-08-30T03:25:44.000Z</time><ele>18.1</ele></trkpt><trkpt lat="36.872374" lon="126.880618"><time>2026-08-30T03:25:45.000Z</time><ele>17.7</ele></trkpt><trkpt lat="36.872377" lon="126.880487"><time>2026-08-30T03:25:46.000Z</time><ele>18.14</ele></trkpt><trkpt lat="36.872381" lon="126.880339"><time>2026-08-30T03:25:47.000Z</time><ele>17.6</ele></trkpt><trkpt lat="36.872386" lon="126.880199"><time>2026-08-30T03:25:48.000Z</time><ele>17.34</ele></trkpt><trkpt lat="36.872387" lon="126.880047"><time>2026-08-30T03:25:49.000Z</time><ele>17.56</ele></trkpt><trkpt lat="36.872367" lon="126.879899"><time>2026-08-30T03:25:50.000Z</time><ele>17.41</ele></trkpt><trkpt lat="36.872351" lon="126.879736"><time>2026-08-30T03:25:51.000Z</time><ele>16.87</ele></trkpt><trkpt lat="36.872354" lon="126.879592"><time>2026-08-30T03:25:52.000Z</time><ele>16.55</ele></trkpt><trkpt lat="36.872358" lon="126.879452"><time>2026-08-30T03:25:53.000Z</time><ele>16.34</ele></trkpt><trkpt lat="36.872367" lon="126.879292"><time>2026-08-30T03:25:54.000Z</time><ele>16.23</ele></trkpt><trkpt lat="36.872399" lon="126.879131"><time>2026-08-30T03:25:55.000Z</time><ele>16.12</ele></trkpt><trkpt lat="36.872427" lon="126.87899"><time>2026-08-30T03:25:56.000Z</time><ele>16.16</ele></trkpt><trkpt lat="36.87246" lon="126.87882"><time>2026-08-30T03:25:57.000Z</time><ele>15.23</ele></trkpt><trkpt lat="36.872468" lon="126.878676"><time>2026-08-30T03:25:58.001Z</time><ele>14.68</ele></trkpt><trkpt lat="36.872477" lon="126.878525"><time>2026-08-30T03:25:59.001Z</time><ele>14.92</ele></trkpt><trkpt lat="36.872545" lon="126.87837"><time>2026-08-30T03:26:00.001Z</time><ele>14.42</ele></trkpt><trkpt lat="36.872602" lon="126.878216"><time>2026-08-30T03:26:01.001Z</time><ele>13.61</ele></trkpt><trkpt lat="36.872656" lon="126.878072"><time>2026-08-30T03:26:02.001Z</time><ele>13.58</ele></trkpt><trkpt lat="36.872711" lon="126.877924"><time>2026-08-30T03:26:03.001Z</time><ele>13.46</ele></trkpt><trkpt lat="36.872773" lon="126.877797"><time>2026-08-30T03:26:04.001Z</time><ele>12.85</ele></trkpt><trkpt lat="36.872841" lon="126.877663"><time>2026-08-30T03:26:05.001Z</time><ele>13.16</ele></trkpt><trkpt lat="36.872912" lon="126.877527"><time>2026-08-30T03:26:06.001Z</time><ele>12.48</ele></trkpt><trkpt lat="36.872977" lon="126.8774"><time>2026-08-30T03:26:07.001Z</time><ele>12.69</ele></trkpt><trkpt lat="36.873038" lon="126.87728"><time>2026-08-30T03:26:08.001Z</time><ele>13.39</ele></trkpt><trkpt lat="36.873111" lon="126.877137"><time>2026-08-30T03:26:09.001Z</time><ele>13.74</ele></trkpt><trkpt lat="36.873182" lon="126.876999"><time>2026-08-30T03:26:10.001Z</time><ele>13.72</ele></trkpt><trkpt lat="36.873246" lon="126.876875"><time>2026-08-30T03:26:11.001Z</time><ele>14.33</ele></trkpt><trkpt lat="36.873324" lon="126.876724"><time>2026-08-30T03:26:12.001Z</time><ele>14.19</ele></trkpt><trkpt lat="36.873402" lon="126.876571"><time>2026-08-30T03:26:13.001Z</time><ele>13.94</ele></trkpt><trkpt lat="36.873459" lon="126.876424"><time>2026-08-30T03:26:14.001Z</time><ele>13.77</ele></trkpt><trkpt lat="36.873547" lon="126.876289"><time>2026-08-30T03:26:15.001Z</time><ele>13.9</ele></trkpt><trkpt lat="36.873607" lon="126.876137"><time>2026-08-30T03:26:16.001Z</time><ele>13.52</ele></trkpt><trkpt lat="36.873687" lon="126.875991"><time>2026-08-30T03:26:17.001Z</time><ele>14.11</ele></trkpt><trkpt lat="36.873755" lon="126.875852"><time>2026-08-30T03:26:18.001Z</time><ele>13.83</ele></trkpt><trkpt lat="36.873836" lon="126.875713"><time>2026-08-30T03:26:19.001Z</time><ele>14.01</ele></trkpt><trkpt lat="36.873925" lon="126.875567"><time>2026-08-30T03:26:20.001Z</time><ele>14</ele></trkpt><trkpt lat="36.874" lon="126.875416"><time>2026-08-30T03:26:21.001Z</time><ele>13.54</ele></trkpt><trkpt lat="36.874079" lon="126.875274"><time>2026-08-30T03:26:22.001Z</time><ele>13.64</ele></trkpt><trkpt lat="36.874147" lon="126.875128"><time>2026-08-30T03:26:23.001Z</time><ele>13.18</ele></trkpt><trkpt lat="36.874219" lon="126.874998"><time>2026-08-30T03:26:24.001Z</time><ele>12.94</ele></trkpt><trkpt lat="36.874294" lon="126.874852"><time>2026-08-30T03:26:25.001Z</time><ele>13.08</ele></trkpt><trkpt lat="36.874358" lon="126.874725"><time>2026-08-30T03:26:26.001Z</time><ele>13.36</ele></trkpt><trkpt lat="36.874424" lon="126.874596"><time>2026-08-30T03:26:27.001Z</time><ele>13.32</ele></trkpt><trkpt lat="36.874498" lon="126.874482"><time>2026-08-30T03:26:28.001Z</time><ele>14.25</ele></trkpt><trkpt lat="36.874558" lon="126.874378"><time>2026-08-30T03:26:29.001Z</time><ele>14.74</ele></trkpt><trkpt lat="36.874626" lon="126.874275"><time>2026-08-30T03:26:30.001Z</time><ele>14.9</ele></trkpt><trkpt lat="36.874688" lon="126.874138"><time>2026-08-30T03:26:31.001Z</time><ele>14.98</ele></trkpt><trkpt lat="36.874743" lon="126.874014"><time>2026-08-30T03:26:32.002Z</time><ele>15.41</ele></trkpt><trkpt lat="36.874801" lon="126.87388"><time>2026-08-30T03:26:33.002Z</time><ele>15.55</ele></trkpt><trkpt lat="36.874849" lon="126.873744"><time>2026-08-30T03:26:34.002Z</time><ele>15.49</ele></trkpt><trkpt lat="36.874915" lon="126.873603"><time>2026-08-30T03:26:35.002Z</time><ele>15.69</ele></trkpt><trkpt lat="36.87499" lon="126.873462"><time>2026-08-30T03:26:36.002Z</time><ele>15.56</ele></trkpt><trkpt lat="36.875072" lon="126.873318"><time>2026-08-30T03:26:37.002Z</time><ele>15.46</ele></trkpt><trkpt lat="36.875148" lon="126.873179"><time>2026-08-30T03:26:38.002Z</time><ele>15.78</ele></trkpt><trkpt lat="36.875224" lon="126.873035"><time>2026-08-30T03:26:39.002Z</time><ele>15.29</ele></trkpt><trkpt lat="36.875281" lon="126.872876"><time>2026-08-30T03:26:40.002Z</time><ele>14.6</ele></trkpt><trkpt lat="36.875388" lon="126.872734"><time>2026-08-30T03:26:41.002Z</time><ele>14.42</ele></trkpt><trkpt lat="36.875467" lon="126.872585"><time>2026-08-30T03:26:42.002Z</time><ele>13.77</ele></trkpt><trkpt lat="36.875565" lon="126.872443"><time>2026-08-30T03:26:43.002Z</time><ele>13.48</ele></trkpt><trkpt lat="36.87564" lon="126.872288"><time>2026-08-30T03:26:44.002Z</time><ele>13.5</ele></trkpt><trkpt lat="36.875714" lon="126.872122"><time>2026-08-30T03:26:45.002Z</time><ele>13.57</ele></trkpt><trkpt lat="36.875793" lon="126.871975"><time>2026-08-30T03:26:46.002Z</time><ele>13.28</ele></trkpt><trkpt lat="36.875865" lon="126.871818"><time>2026-08-30T03:26:47.002Z</time><ele>12.88</ele></trkpt><trkpt lat="36.875944" lon="126.871656"><time>2026-08-30T03:26:48.002Z</time><ele>12.37</ele></trkpt><trkpt lat="36.876041" lon="126.871498"><time>2026-08-30T03:26:49.002Z</time><ele>12.65</ele></trkpt><trkpt lat="36.876107" lon="126.871337"><time>2026-08-30T03:26:50.002Z</time><ele>12.33</ele></trkpt><trkpt lat="36.876177" lon="126.87115"><time>2026-08-30T03:26:51.002Z</time><ele>12.34</ele></trkpt><trkpt lat="36.876267" lon="126.870999"><time>2026-08-30T03:26:52.002Z</time><ele>12.39</ele></trkpt><trkpt lat="36.876347" lon="126.870845"><time>2026-08-30T03:26:53.002Z</time><ele>12.63</ele></trkpt><trkpt lat="36.876441" lon="126.870694"><time>2026-08-30T03:26:54.002Z</time><ele>13.53</ele></trkpt><trkpt lat="36.876535" lon="126.870549"><time>2026-08-30T03:26:55.002Z</time><ele>13.74</ele></trkpt><trkpt lat="36.876625" lon="126.870399"><time>2026-08-30T03:26:56.002Z</time><ele>14.05</ele></trkpt><trkpt lat="36.876706" lon="126.870254"><time>2026-08-30T03:26:57.002Z</time><ele>14.2</ele></trkpt><trkpt lat="36.876795" lon="126.870135"><time>2026-08-30T03:26:58.002Z</time><ele>14.12</ele></trkpt><trkpt lat="36.876881" lon="126.869996"><time>2026-08-30T03:26:59.002Z</time><ele>14.34</ele></trkpt><trkpt lat="36.876973" lon="126.86988"><time>2026-08-30T03:27:00.002Z</time><ele>14.34</ele></trkpt><trkpt lat="36.877043" lon="126.869758"><time>2026-08-30T03:27:01.002Z</time><ele>14.45</ele></trkpt><trkpt lat="36.877118" lon="126.869652"><time>2026-08-30T03:27:02.002Z</time><ele>14.54</ele></trkpt><trkpt lat="36.877156" lon="126.869549"><time>2026-08-30T03:27:03.002Z</time><ele>14.95</ele></trkpt><trkpt lat="36.877207" lon="126.869474"><time>2026-08-30T03:27:04.002Z</time><ele>15.19</ele></trkpt><trkpt lat="36.877087" lon="126.869269"><time>2026-08-30T03:27:06.002Z</time><ele>16.07</ele></trkpt><trkpt lat="36.877032" lon="126.86918"><time>2026-08-30T03:27:07.003Z</time><ele>16.89</ele></trkpt><trkpt lat="36.87694" lon="126.869135"><time>2026-08-30T03:27:08.003Z</time><ele>17.09</ele></trkpt><trkpt lat="36.876837" lon="126.86911"><time>2026-08-30T03:27:09.003Z</time><ele>17.45</ele></trkpt><trkpt lat="36.876777" lon="126.869038"><time>2026-08-30T03:27:10.003Z</time><ele>18.51</ele></trkpt><trkpt lat="36.876693" lon="126.868991"><time>2026-08-30T03:27:11.003Z</time><ele>17.31</ele></trkpt><trkpt lat="36.876624" lon="126.868918"><time>2026-08-30T03:27:12.003Z</time><ele>17.89</ele></trkpt><trkpt lat="36.876549" lon="126.868857"><time>2026-08-30T03:27:13.003Z</time><ele>17.72</ele></trkpt><trkpt lat="36.876455" lon="126.868823"><time>2026-08-30T03:27:14.003Z</time><ele>17.73</ele></trkpt><trkpt lat="36.876364" lon="126.868798"><time>2026-08-30T03:27:15.003Z</time><ele>17.75</ele></trkpt><trkpt lat="36.876256" lon="126.868769"><time>2026-08-30T03:27:16.003Z</time><ele>18.02</ele></trkpt><trkpt lat="36.876152" lon="126.868773"><time>2026-08-30T03:27:17.003Z</time><ele>17.19</ele></trkpt><trkpt lat="36.876068" lon="126.868775"><time>2026-08-30T03:27:18.003Z</time><ele>16.85</ele></trkpt><trkpt lat="36.876009" lon="126.868776"><time>2026-08-30T03:27:19.003Z</time><ele>16.78</ele></trkpt><trkpt lat="36.875938" lon="126.86877"><time>2026-08-30T03:27:20.003Z</time><ele>18.3</ele></trkpt><trkpt lat="36.875886" lon="126.868762"><time>2026-08-30T03:27:21.003Z</time><ele>18.99</ele></trkpt><trkpt lat="36.87584" lon="126.868755"><time>2026-08-30T03:27:22.003Z</time><ele>19.32</ele></trkpt><trkpt lat="36.875764" lon="126.868744"><time>2026-08-30T03:27:24.003Z</time><ele>20.37</ele></trkpt><trkpt lat="36.875705" lon="126.868735"><time>2026-08-30T03:27:27.003Z</time><ele>21.2</ele></trkpt><trkpt lat="36.875643" lon="126.868725"><time>2026-08-30T03:27:29.003Z</time><ele>21.43</ele></trkpt><trkpt lat="36.875712" lon="126.869302"><time>2026-08-30T03:27:42.000Z</time><ele>20.64</ele></trkpt><trkpt lat="36.875672" lon="126.869241"><time>2026-08-30T03:27:52.000Z</time><ele>20.81</ele></trkpt><trkpt lat="36.875708" lon="126.86931"><time>2026-08-30T03:28:48.002Z</time><ele>14.9</ele></trkpt><trkpt lat="36.875726" lon="126.869258"><time>2026-08-30T03:29:26.003Z</time><ele>16.58</ele></trkpt><trkpt lat="36.875778" lon="126.869261"><time>2026-08-30T03:29:57.000Z</time><ele>20.29</ele></trkpt><trkpt lat="36.875754" lon="126.869209"><time>2026-08-30T03:30:02.001Z</time><ele>23.41</ele></trkpt><trkpt lat="36.875717" lon="126.869251"><time>2026-08-30T03:30:30.001Z</time><ele>29.41</ele></trkpt><trkpt lat="36.875782" lon="126.869192"><time>2026-08-30T03:31:28.003Z</time><ele>22.92</ele></trkpt><trkpt lat="36.875731" lon="126.869195"><time>2026-08-30T03:31:33.003Z</time><ele>21.83</ele></trkpt><trkpt lat="36.875711" lon="126.869135"><time>2026-08-30T03:31:41.003Z</time><ele>17.78</ele></trkpt><trkpt lat="36.875803" lon="126.868992"><time>2026-08-30T03:34:53.002Z</time><ele>10.73</ele></trkpt><trkpt lat="36.875797" lon="126.868965"><time>2026-08-30T03:35:02.002Z</time><ele>6.92</ele></trkpt><trkpt lat="36.875748" lon="126.868926"><time>2026-08-30T03:35:23.002Z</time><ele>7.05</ele></trkpt><trkpt lat="36.875818" lon="126.868959"><time>2026-08-30T03:36:22.001Z</time><ele>6.29</ele></trkpt><trkpt lat="36.875793" lon="126.869087"><time>2026-08-30T03:37:36.002Z</time><ele>6.57</ele></trkpt><trkpt lat="36.875794" lon="126.868987"><time>2026-08-30T03:37:49.003Z</time><ele>6.08</ele></trkpt><trkpt lat="36.875835" lon="126.869087"><time>2026-08-30T03:38:19.000Z</time><ele>6.31</ele></trkpt><trkpt lat="36.875834" lon="126.869022"><time>2026-08-30T03:38:40.001Z</time><ele>6.26</ele></trkpt><trkpt lat="36.875809" lon="126.868831"><time>2026-08-30T03:40:20.000Z</time><ele>8.48</ele></trkpt><trkpt lat="36.875719" lon="126.868944"><time>2026-08-30T03:41:40.002Z</time><ele>6.55</ele></trkpt><trkpt lat="36.875786" lon="126.868903"><time>2026-08-30T03:42:20.000Z</time><ele>6.34</ele></trkpt><trkpt lat="36.875712" lon="126.868956"><time>2026-08-30T03:42:57.001Z</time><ele>6.71</ele></trkpt><trkpt lat="36.87579" lon="126.868904"><time>2026-08-30T03:44:21.000Z</time><ele>6.49</ele></trkpt><trkpt lat="36.875798" lon="126.868975"><time>2026-08-30T03:45:37.001Z</time><ele>6.86</ele></trkpt><trkpt lat="36.87581" lon="126.869034"><time>2026-08-30T03:46:04.002Z</time><ele>6.43</ele></trkpt><trkpt lat="36.87578" lon="126.868867"><time>2026-08-30T03:48:11.002Z</time><ele>6.4</ele></trkpt><trkpt lat="36.875776" lon="126.869006"><time>2026-08-30T03:50:03.002Z</time><ele>6.6</ele></trkpt><trkpt lat="36.875827" lon="126.868907"><time>2026-08-30T03:51:04.000Z</time><ele>6.47</ele></trkpt><trkpt lat="36.875787" lon="126.868965"><time>2026-08-30T03:53:49.001Z</time><ele>6.53</ele></trkpt><trkpt lat="36.87572" lon="126.868979"><time>2026-08-30T03:54:40.002Z</time><ele>6.28</ele></trkpt><trkpt lat="36.87577" lon="126.868968"><time>2026-08-30T03:55:03.000Z</time><ele>6.33</ele></trkpt><trkpt lat="36.875838" lon="126.868949"><time>2026-08-30T03:59:13.000Z</time><ele>6.15</ele></trkpt><trkpt lat="36.875584" lon="126.869056"><time>2026-08-30T03:59:39.015Z</time><ele>7.37</ele></trkpt><trkpt lat="36.875738" lon="126.869125"><time>2026-08-30T04:00:09.016Z</time><ele>3.06</ele></trkpt><trkpt lat="36.875662" lon="126.869127"><time>2026-08-30T04:00:12.001Z</time><ele>6.73</ele></trkpt><trkpt lat="36.875707" lon="126.869165"><time>2026-08-30T04:00:18.001Z</time><ele>8.55</ele></trkpt><trkpt lat="36.875703" lon="126.869234"><time>2026-08-30T04:00:24.001Z</time><ele>6.39</ele></trkpt><trkpt lat="36.875686" lon="126.869288"><time>2026-08-30T04:00:30.001Z</time><ele>7.39</ele></trkpt><trkpt lat="36.87568" lon="126.869348"><time>2026-08-30T04:04:44.001Z</time><ele>7.62</ele></trkpt><trkpt lat="36.875692" lon="126.869292"><time>2026-08-30T04:05:30.000Z</time><ele>7.75</ele></trkpt><trkpt lat="36.875662" lon="126.869211"><time>2026-08-30T04:09:15.001Z</time><ele>10.99</ele></trkpt><trkpt lat="36.875653" lon="126.869273"><time>2026-08-30T04:09:42.000Z</time><ele>8.41</ele></trkpt><trkpt lat="36.875623" lon="126.86932"><time>2026-08-30T04:10:04.000Z</time><ele>7.62</ele></trkpt><trkpt lat="36.875607" lon="126.869259"><time>2026-08-30T04:10:07.000Z</time><ele>8.08</ele></trkpt><trkpt lat="36.875626" lon="126.869178"><time>2026-08-30T04:10:09.000Z</time><ele>8.09</ele></trkpt><trkpt lat="36.87565" lon="126.869058"><time>2026-08-30T04:10:11.000Z</time><ele>7.93</ele></trkpt><trkpt lat="36.875668" lon="126.86896"><time>2026-08-30T04:10:13.000Z</time><ele>7.9</ele></trkpt><trkpt lat="36.875705" lon="126.868891"><time>2026-08-30T04:10:15.000Z</time><ele>7.53</ele></trkpt><trkpt lat="36.876341" lon="126.868868"><time>2026-08-30T04:10:24.000Z</time><ele>8.34</ele></trkpt><trkpt lat="36.876409" lon="126.868883"><time>2026-08-30T04:10:25.000Z</time><ele>8.19</ele></trkpt><trkpt lat="36.876465" lon="126.868906"><time>2026-08-30T04:10:26.000Z</time><ele>7.91</ele></trkpt><trkpt lat="36.87651" lon="126.868928"><time>2026-08-30T04:10:27.000Z</time><ele>7.75</ele></trkpt><trkpt lat="36.876566" lon="126.868964"><time>2026-08-30T04:10:29.000Z</time><ele>7.71</ele></trkpt><trkpt lat="36.876621" lon="126.869007"><time>2026-08-30T04:10:32.000Z</time><ele>7.92</ele></trkpt><trkpt lat="36.876704" lon="126.869023"><time>2026-08-30T04:10:48.001Z</time><ele>10.73</ele></trkpt><trkpt lat="36.876774" lon="126.869093"><time>2026-08-30T04:10:50.001Z</time><ele>10.72</ele></trkpt><trkpt lat="36.87682" lon="126.869133"><time>2026-08-30T04:10:51.001Z</time><ele>10.94</ele></trkpt><trkpt lat="36.876881" lon="126.869179"><time>2026-08-30T04:10:52.001Z</time><ele>11.11</ele></trkpt><trkpt lat="36.876951" lon="126.869238"><time>2026-08-30T04:10:53.001Z</time><ele>10.87</ele></trkpt><trkpt lat="36.877017" lon="126.869297"><time>2026-08-30T04:10:54.001Z</time><ele>11.01</ele></trkpt><trkpt lat="36.877073" lon="126.869345"><time>2026-08-30T04:10:55.001Z</time><ele>10.87</ele></trkpt><trkpt lat="36.877131" lon="126.869376"><time>2026-08-30T04:10:56.001Z</time><ele>10.57</ele></trkpt><trkpt lat="36.877177" lon="126.869413"><time>2026-08-30T04:10:57.001Z</time><ele>10.68</ele></trkpt><trkpt lat="36.877316" lon="126.869304"><time>2026-08-30T04:10:59.001Z</time><ele>10.11</ele></trkpt><trkpt lat="36.877383" lon="126.869234"><time>2026-08-30T04:11:00.001Z</time><ele>10.52</ele></trkpt><trkpt lat="36.877442" lon="126.869148"><time>2026-08-30T04:11:01.001Z</time><ele>10.62</ele></trkpt><trkpt lat="36.877503" lon="126.869046"><time>2026-08-30T04:11:02.001Z</time><ele>10.45</ele></trkpt><trkpt lat="36.877566" lon="126.868939"><time>2026-08-30T04:11:03.001Z</time><ele>10.41</ele></trkpt><trkpt lat="36.878069" lon="126.868177"><time>2026-08-30T04:11:09.001Z</time><ele>10.17</ele></trkpt><trkpt lat="36.878183" lon="126.868052"><time>2026-08-30T04:11:10.001Z</time><ele>10.19</ele></trkpt><trkpt lat="36.878304" lon="126.86793"><time>2026-08-30T04:11:11.001Z</time><ele>10.19</ele></trkpt><trkpt lat="36.878429" lon="126.86782"><time>2026-08-30T04:11:12.001Z</time><ele>7.98</ele></trkpt><trkpt lat="36.87857" lon="126.867721"><time>2026-08-30T04:11:13.001Z</time><ele>7.4</ele></trkpt><trkpt lat="36.878714" lon="126.867625"><time>2026-08-30T04:11:14.001Z</time><ele>7.64</ele></trkpt><trkpt lat="36.878865" lon="126.867535"><time>2026-08-30T04:11:15.001Z</time><ele>7.27</ele></trkpt><trkpt lat="36.879018" lon="126.867445"><time>2026-08-30T04:11:16.001Z</time><ele>7.31</ele></trkpt><trkpt lat="36.87917" lon="126.86734"><time>2026-08-30T04:11:17.001Z</time><ele>7.22</ele></trkpt><trkpt lat="36.879324" lon="126.867239"><time>2026-08-30T04:11:18.001Z</time><ele>7.31</ele></trkpt><trkpt lat="36.87948" lon="126.867141"><time>2026-08-30T04:11:19.001Z</time><ele>7.29</ele></trkpt><trkpt lat="36.879645" lon="126.867044"><time>2026-08-30T04:11:20.001Z</time><ele>7.5</ele></trkpt><trkpt lat="36.879808" lon="126.866952"><time>2026-08-30T04:11:21.001Z</time><ele>7.68</ele></trkpt><trkpt lat="36.879973" lon="126.86685"><time>2026-08-30T04:11:22.001Z</time><ele>7.57</ele></trkpt><trkpt lat="36.88013" lon="126.866748"><time>2026-08-30T04:11:23.001Z</time><ele>7.32</ele></trkpt><trkpt lat="36.880274" lon="126.866658"><time>2026-08-30T04:11:24.001Z</time><ele>7.39</ele></trkpt><trkpt lat="36.880416" lon="126.866573"><time>2026-08-30T04:11:25.001Z</time><ele>7.23</ele></trkpt><trkpt lat="36.88055" lon="126.866496"><time>2026-08-30T04:11:26.001Z</time><ele>6.98</ele></trkpt><trkpt lat="36.880668" lon="126.866425"><time>2026-08-30T04:11:27.001Z</time><ele>6.77</ele></trkpt><trkpt lat="36.880766" lon="126.866362"><time>2026-08-30T04:11:28.001Z</time><ele>6.66</ele></trkpt><trkpt lat="36.88086" lon="126.866307"><time>2026-08-30T04:11:29.001Z</time><ele>6.52</ele></trkpt><trkpt lat="36.880938" lon="126.866262"><time>2026-08-30T04:11:30.001Z</time><ele>6.78</ele></trkpt><trkpt lat="36.881002" lon="126.866214"><time>2026-08-30T04:11:31.001Z</time><ele>6.85</ele></trkpt><trkpt lat="36.881074" lon="126.866178"><time>2026-08-30T04:11:32.001Z</time><ele>6.71</ele></trkpt><trkpt lat="36.881186" lon="126.866199"><time>2026-08-30T04:11:33.001Z</time><ele>8.22</ele></trkpt><trkpt lat="36.881227" lon="126.866293"><time>2026-08-30T04:11:35.001Z</time><ele>7.48</ele></trkpt><trkpt lat="36.881252" lon="126.866381"><time>2026-08-30T04:11:36.001Z</time><ele>7.22</ele></trkpt><trkpt lat="36.88129" lon="126.86649"><time>2026-08-30T04:11:36.999Z</time><ele>7.59</ele></trkpt><trkpt lat="36.881349" lon="126.866608"><time>2026-08-30T04:11:37.999Z</time><ele>7.81</ele></trkpt><trkpt lat="36.881381" lon="126.866745"><time>2026-08-30T04:11:39.000Z</time><ele>7.84</ele></trkpt><trkpt lat="36.881431" lon="126.866878"><time>2026-08-30T04:11:40.000Z</time><ele>8.01</ele></trkpt><trkpt lat="36.881479" lon="126.867021"><time>2026-08-30T04:11:41.000Z</time><ele>8.05</ele></trkpt><trkpt lat="36.88153" lon="126.86717"><time>2026-08-30T04:11:42.000Z</time><ele>8.08</ele></trkpt><trkpt lat="36.881587" lon="126.867326"><time>2026-08-30T04:11:43.000Z</time><ele>8.04</ele></trkpt><trkpt lat="36.881643" lon="126.867479"><time>2026-08-30T04:11:44.000Z</time><ele>7.93</ele></trkpt><trkpt lat="36.881697" lon="126.867645"><time>2026-08-30T04:11:45.000Z</time><ele>7.87</ele></trkpt><trkpt lat="36.881754" lon="126.867812"><time>2026-08-30T04:11:46.000Z</time><ele>8.31</ele></trkpt><trkpt lat="36.881811" lon="126.867977"><time>2026-08-30T04:11:47.000Z</time><ele>8.13</ele></trkpt><trkpt lat="36.881873" lon="126.868135"><time>2026-08-30T04:11:48.000Z</time><ele>7.66</ele></trkpt><trkpt lat="36.881937" lon="126.8683"><time>2026-08-30T04:11:49.000Z</time><ele>7.91</ele></trkpt><trkpt lat="36.88199" lon="126.868467"><time>2026-08-30T04:11:50.000Z</time><ele>7.9</ele></trkpt><trkpt lat="36.882055" lon="126.868633"><time>2026-08-30T04:11:51.000Z</time><ele>8.3</ele></trkpt><trkpt lat="36.882121" lon="126.8688"><time>2026-08-30T04:11:52.000Z</time><ele>8.21</ele></trkpt><trkpt lat="36.882186" lon="126.868956"><time>2026-08-30T04:11:53.000Z</time><ele>7.64</ele></trkpt><trkpt lat="36.882252" lon="126.869107"><time>2026-08-30T04:11:54.000Z</time><ele>7.54</ele></trkpt><trkpt lat="36.88232" lon="126.869262"><time>2026-08-30T04:11:55.000Z</time><ele>7.83</ele></trkpt><trkpt lat="36.882395" lon="126.869422"><time>2026-08-30T04:11:56.000Z</time><ele>7.87</ele></trkpt><trkpt lat="36.882449" lon="126.869595"><time>2026-08-30T04:11:57.000Z</time><ele>7.59</ele></trkpt><trkpt lat="36.882529" lon="126.869753"><time>2026-08-30T04:11:58.000Z</time><ele>7.64</ele></trkpt><trkpt lat="36.882593" lon="126.869923"><time>2026-08-30T04:11:59.000Z</time><ele>7.65</ele></trkpt><trkpt lat="36.882659" lon="126.870097"><time>2026-08-30T04:12:00.000Z</time><ele>7.5</ele></trkpt><trkpt lat="36.882716" lon="126.870275"><time>2026-08-30T04:12:01.000Z</time><ele>7.3</ele></trkpt><trkpt lat="36.88276" lon="126.870451"><time>2026-08-30T04:12:02.000Z</time><ele>7.99</ele></trkpt><trkpt lat="36.882801" lon="126.870608"><time>2026-08-30T04:12:03.000Z</time><ele>7.68</ele></trkpt><trkpt lat="36.882839" lon="126.870746"><time>2026-08-30T04:12:04.000Z</time><ele>7.51</ele></trkpt><trkpt lat="36.882869" lon="126.870868"><time>2026-08-30T04:12:05.000Z</time><ele>7.69</ele></trkpt><trkpt lat="36.882896" lon="126.87098"><time>2026-08-30T04:12:06.000Z</time><ele>7.69</ele></trkpt><trkpt lat="36.882931" lon="126.871091"><time>2026-08-30T04:12:07.000Z</time><ele>7.53</ele></trkpt><trkpt lat="36.882965" lon="126.871214"><time>2026-08-30T04:12:08.000Z</time><ele>7.59</ele></trkpt><trkpt lat="36.883003" lon="126.871341"><time>2026-08-30T04:12:09.000Z</time><ele>7.55</ele></trkpt><trkpt lat="36.883039" lon="126.871465"><time>2026-08-30T04:12:10.000Z</time><ele>7.74</ele></trkpt><trkpt lat="36.883073" lon="126.871593"><time>2026-08-30T04:12:11.000Z</time><ele>7.65</ele></trkpt><trkpt lat="36.883112" lon="126.871729"><time>2026-08-30T04:12:12.000Z</time><ele>7.07</ele></trkpt><trkpt lat="36.883155" lon="126.87188"><time>2026-08-30T04:12:13.000Z</time><ele>7.33</ele></trkpt><trkpt lat="36.883201" lon="126.872042"><time>2026-08-30T04:12:14.000Z</time><ele>7.39</ele></trkpt><trkpt lat="36.883245" lon="126.872218"><time>2026-08-30T04:12:15.000Z</time><ele>7.69</ele></trkpt><trkpt lat="36.883287" lon="126.872416"><time>2026-08-30T04:12:16.000Z</time><ele>7.88</ele></trkpt><trkpt lat="36.883343" lon="126.872628"><time>2026-08-30T04:12:17.000Z</time><ele>8.47</ele></trkpt><trkpt lat="36.883401" lon="126.872865"><time>2026-08-30T04:12:18.000Z</time><ele>8.5</ele></trkpt><trkpt lat="36.883468" lon="126.873096"><time>2026-08-30T04:12:19.000Z</time><ele>8.66</ele></trkpt><trkpt lat="36.883531" lon="126.87332"><time>2026-08-30T04:12:20.000Z</time><ele>8.41</ele></trkpt><trkpt lat="36.883595" lon="126.873544"><time>2026-08-30T04:12:21.000Z</time><ele>9.12</ele></trkpt><trkpt lat="36.883654" lon="126.873757"><time>2026-08-30T04:12:22.000Z</time><ele>8.82</ele></trkpt><trkpt lat="36.883713" lon="126.873961"><time>2026-08-30T04:12:23.000Z</time><ele>8.41</ele></trkpt><trkpt lat="36.883766" lon="126.87417"><time>2026-08-30T04:12:24.000Z</time><ele>8.44</ele></trkpt><trkpt lat="36.883823" lon="126.874381"><time>2026-08-30T04:12:25.000Z</time><ele>8.4</ele></trkpt><trkpt lat="36.883886" lon="126.874595"><time>2026-08-30T04:12:26.000Z</time><ele>8.37</ele></trkpt><trkpt lat="36.883945" lon="126.874812"><time>2026-08-30T04:12:27.000Z</time><ele>8.7</ele></trkpt><trkpt lat="36.884" lon="126.875025"><time>2026-08-30T04:12:28.000Z</time><ele>8.41</ele></trkpt><trkpt lat="36.884069" lon="126.875231"><time>2026-08-30T04:12:29.000Z</time><ele>8.87</ele></trkpt><trkpt lat="36.884129" lon="126.875439"><time>2026-08-30T04:12:30.000Z</time><ele>8.91</ele></trkpt><trkpt lat="36.884189" lon="126.875646"><time>2026-08-30T04:12:31.000Z</time><ele>8.85</ele></trkpt><trkpt lat="36.884236" lon="126.875861"><time>2026-08-30T04:12:32.000Z</time><ele>8.65</ele></trkpt><trkpt lat="36.884302" lon="126.876069"><time>2026-08-30T04:12:33.000Z</time><ele>8.54</ele></trkpt><trkpt lat="36.884368" lon="126.876287"><time>2026-08-30T04:12:34.000Z</time><ele>8.43</ele></trkpt><trkpt lat="36.884432" lon="126.876497"><time>2026-08-30T04:12:35.000Z</time><ele>8.18</ele></trkpt><trkpt lat="36.884493" lon="126.876712"><time>2026-08-30T04:12:36.000Z</time><ele>8.34</ele></trkpt><trkpt lat="36.884553" lon="126.876919"><time>2026-08-30T04:12:37.000Z</time><ele>8.2</ele></trkpt><trkpt lat="36.884613" lon="126.877123"><time>2026-08-30T04:12:38.000Z</time><ele>7.75</ele></trkpt><trkpt lat="36.884674" lon="126.877329"><time>2026-08-30T04:12:39.000Z</time><ele>7.62</ele></trkpt><trkpt lat="36.884732" lon="126.877536"><time>2026-08-30T04:12:40.000Z</time><ele>7.88</ele></trkpt><trkpt lat="36.884788" lon="126.877745"><time>2026-08-30T04:12:41.000Z</time><ele>7.85</ele></trkpt><trkpt lat="36.88484" lon="126.877951"><time>2026-08-30T04:12:42.000Z</time><ele>7.77</ele></trkpt><trkpt lat="36.884914" lon="126.878146"><time>2026-08-30T04:12:43.000Z</time><ele>7.3</ele></trkpt><trkpt lat="36.884973" lon="126.878351"><time>2026-08-30T04:12:44.000Z</time><ele>7.74</ele></trkpt><trkpt lat="36.885021" lon="126.878567"><time>2026-08-30T04:12:45.000Z</time><ele>7.84</ele></trkpt><trkpt lat="36.885088" lon="126.878773"><time>2026-08-30T04:12:46.000Z</time><ele>7.58</ele></trkpt><trkpt lat="36.88515" lon="126.878995"><time>2026-08-30T04:12:47.000Z</time><ele>7.6</ele></trkpt><trkpt lat="36.885213" lon="126.87922"><time>2026-08-30T04:12:48.000Z</time><ele>7.71</ele></trkpt><trkpt lat="36.885283" lon="126.87945"><time>2026-08-30T04:12:49.000Z</time><ele>7.91</ele></trkpt><trkpt lat="36.885348" lon="126.87968"><time>2026-08-30T04:12:50.001Z</time><ele>7.83</ele></trkpt><trkpt lat="36.885416" lon="126.879917"><time>2026-08-30T04:12:51.001Z</time><ele>7.94</ele></trkpt><trkpt lat="36.885486" lon="126.880148"><time>2026-08-30T04:12:52.001Z</time><ele>7.83</ele></trkpt><trkpt lat="36.88556" lon="126.880384"><time>2026-08-30T04:12:53.001Z</time><ele>7.95</ele></trkpt><trkpt lat="36.885637" lon="126.88062"><time>2026-08-30T04:12:54.001Z</time><ele>8.04</ele></trkpt><trkpt lat="36.885705" lon="126.880856"><time>2026-08-30T04:12:55.001Z</time><ele>8.05</ele></trkpt><trkpt lat="36.885773" lon="126.881091"><time>2026-08-30T04:12:56.001Z</time><ele>8.11</ele></trkpt><trkpt lat="36.885834" lon="126.88133"><time>2026-08-30T04:12:57.001Z</time><ele>7.73</ele></trkpt><trkpt lat="36.885891" lon="126.881573"><time>2026-08-30T04:12:58.001Z</time><ele>7.98</ele></trkpt><trkpt lat="36.885944" lon="126.881812"><time>2026-08-30T04:12:59.001Z</time><ele>7.88</ele></trkpt><trkpt lat="36.885997" lon="126.882061"><time>2026-08-30T04:13:00.001Z</time><ele>8.28</ele></trkpt><trkpt lat="36.886036" lon="126.882311"><time>2026-08-30T04:13:01.001Z</time><ele>8.34</ele></trkpt><trkpt lat="36.886069" lon="126.882568"><time>2026-08-30T04:13:02.001Z</time><ele>8.27</ele></trkpt><trkpt lat="36.886107" lon="126.882828"><time>2026-08-30T04:13:03.001Z</time><ele>9.04</ele></trkpt><trkpt lat="36.886143" lon="126.883088"><time>2026-08-30T04:13:04.001Z</time><ele>9.04</ele></trkpt><trkpt lat="36.88617" lon="126.883353"><time>2026-08-30T04:13:05.001Z</time><ele>9.67</ele></trkpt><trkpt lat="36.886194" lon="126.883617"><time>2026-08-30T04:13:06.001Z</time><ele>9.71</ele></trkpt><trkpt lat="36.886209" lon="126.88389"><time>2026-08-30T04:13:07.001Z</time><ele>10.92</ele></trkpt><trkpt lat="36.886223" lon="126.884156"><time>2026-08-30T04:13:08.001Z</time><ele>11.24</ele></trkpt><trkpt lat="36.886239" lon="126.884427"><time>2026-08-30T04:13:09.001Z</time><ele>11.7</ele></trkpt><trkpt lat="36.886253" lon="126.884693"><time>2026-08-30T04:13:10.001Z</time><ele>12.11</ele></trkpt><trkpt lat="36.886268" lon="126.884962"><time>2026-08-30T04:13:11.001Z</time><ele>12.45</ele></trkpt><trkpt lat="36.886286" lon="126.885231"><time>2026-08-30T04:13:12.001Z</time><ele>12.31</ele></trkpt><trkpt lat="36.886302" lon="126.885495"><time>2026-08-30T04:13:13.001Z</time><ele>12.29</ele></trkpt><trkpt lat="36.886316" lon="126.885762"><time>2026-08-30T04:13:14.001Z</time><ele>12.51</ele></trkpt><trkpt lat="36.886332" lon="126.886029"><time>2026-08-30T04:13:15.001Z</time><ele>12.79</ele></trkpt><trkpt lat="36.886349" lon="126.886297"><time>2026-08-30T04:13:16.001Z</time><ele>12.86</ele></trkpt><trkpt lat="36.886366" lon="126.886563"><time>2026-08-30T04:13:17.001Z</time><ele>12.75</ele></trkpt><trkpt lat="36.886381" lon="126.886828"><time>2026-08-30T04:13:18.001Z</time><ele>12.36</ele></trkpt><trkpt lat="36.886398" lon="126.8871"><time>2026-08-30T04:13:19.001Z</time><ele>12.58</ele></trkpt><trkpt lat="36.886415" lon="126.887372"><time>2026-08-30T04:13:20.001Z</time><ele>12.26</ele></trkpt><trkpt lat="36.886435" lon="126.887644"><time>2026-08-30T04:13:21.001Z</time><ele>12.16</ele></trkpt><trkpt lat="36.886448" lon="126.88792"><time>2026-08-30T04:13:22.001Z</time><ele>12.14</ele></trkpt><trkpt lat="36.886462" lon="126.888197"><time>2026-08-30T04:13:23.001Z</time><ele>12.34</ele></trkpt><trkpt lat="36.886478" lon="126.888473"><time>2026-08-30T04:13:24.001Z</time><ele>12.24</ele></trkpt><trkpt lat="36.886494" lon="126.88875"><time>2026-08-30T04:13:25.001Z</time><ele>12.56</ele></trkpt><trkpt lat="36.886511" lon="126.889026"><time>2026-08-30T04:13:26.001Z</time><ele>12.09</ele></trkpt><trkpt lat="36.886529" lon="126.889301"><time>2026-08-30T04:13:27.001Z</time><ele>11.54</ele></trkpt><trkpt lat="36.886543" lon="126.889583"><time>2026-08-30T04:13:28.001Z</time><ele>11.69</ele></trkpt><trkpt lat="36.886555" lon="126.88986"><time>2026-08-30T04:13:29.001Z</time><ele>11.71</ele></trkpt><trkpt lat="36.886569" lon="126.890145"><time>2026-08-30T04:13:30.001Z</time><ele>11.9</ele></trkpt><trkpt lat="36.886585" lon="126.89042"><time>2026-08-30T04:13:31.001Z</time><ele>11.76</ele></trkpt><trkpt lat="36.886601" lon="126.890695"><time>2026-08-30T04:13:32.001Z</time><ele>11.41</ele></trkpt><trkpt lat="36.886615" lon="126.890971"><time>2026-08-30T04:13:33.001Z</time><ele>11.09</ele></trkpt><trkpt lat="36.886633" lon="126.891243"><time>2026-08-30T04:13:34.001Z</time><ele>10.18</ele></trkpt><trkpt lat="36.886649" lon="126.891515"><time>2026-08-30T04:13:35.001Z</time><ele>10.01</ele></trkpt><trkpt lat="36.886665" lon="126.891778"><time>2026-08-30T04:13:36.001Z</time><ele>9.61</ele></trkpt><trkpt lat="36.886683" lon="126.892038"><time>2026-08-30T04:13:37.001Z</time><ele>9.38</ele></trkpt><trkpt lat="36.886699" lon="126.892292"><time>2026-08-30T04:13:38.001Z</time><ele>9.38</ele></trkpt><trkpt lat="36.886716" lon="126.892518"><time>2026-08-30T04:13:39.001Z</time><ele>8.69</ele></trkpt><trkpt lat="36.886722" lon="126.892736"><time>2026-08-30T04:13:40.001Z</time><ele>8.99</ele></trkpt><trkpt lat="36.886736" lon="126.892951"><time>2026-08-30T04:13:41.001Z</time><ele>8.3</ele></trkpt><trkpt lat="36.886749" lon="126.89317"><time>2026-08-30T04:13:42.001Z</time><ele>7.47</ele></trkpt><trkpt lat="36.886768" lon="126.893394"><time>2026-08-30T04:13:43.000Z</time><ele>7.46</ele></trkpt><trkpt lat="36.886794" lon="126.893622"><time>2026-08-30T04:13:44.000Z</time><ele>7.4</ele></trkpt><trkpt lat="36.886817" lon="126.893845"><time>2026-08-30T04:13:45.000Z</time><ele>7.49</ele></trkpt><trkpt lat="36.88683" lon="126.894046"><time>2026-08-30T04:13:46.000Z</time><ele>7.03</ele></trkpt><trkpt lat="36.886842" lon="126.894261"><time>2026-08-30T04:13:47.000Z</time><ele>7.33</ele></trkpt><trkpt lat="36.886855" lon="126.894473"><time>2026-08-30T04:13:48.000Z</time><ele>7.36</ele></trkpt><trkpt lat="36.886867" lon="126.894681"><time>2026-08-30T04:13:49.000Z</time><ele>7.28</ele></trkpt><trkpt lat="36.886881" lon="126.89489"><time>2026-08-30T04:13:50.000Z</time><ele>7.2</ele></trkpt><trkpt lat="36.886896" lon="126.895105"><time>2026-08-30T04:13:51.000Z</time><ele>7.12</ele></trkpt><trkpt lat="36.886912" lon="126.895328"><time>2026-08-30T04:13:52.000Z</time><ele>7.29</ele></trkpt><trkpt lat="36.886929" lon="126.895558"><time>2026-08-30T04:13:53.000Z</time><ele>6.95</ele></trkpt><trkpt lat="36.886943" lon="126.895801"><time>2026-08-30T04:13:54.000Z</time><ele>7.13</ele></trkpt><trkpt lat="36.886955" lon="126.896046"><time>2026-08-30T04:13:55.000Z</time><ele>7.53</ele></trkpt><trkpt lat="36.886968" lon="126.896303"><time>2026-08-30T04:13:56.000Z</time><ele>8.16</ele></trkpt><trkpt lat="36.886982" lon="126.896564"><time>2026-08-30T04:13:57.000Z</time><ele>8.39</ele></trkpt><trkpt lat="36.886999" lon="126.896822"><time>2026-08-30T04:13:58.000Z</time><ele>7.37</ele></trkpt><trkpt lat="36.887011" lon="126.897093"><time>2026-08-30T04:13:59.000Z</time><ele>8.53</ele></trkpt><trkpt lat="36.887025" lon="126.897365"><time>2026-08-30T04:14:00.000Z</time><ele>9.21</ele></trkpt><trkpt lat="36.887041" lon="126.897639"><time>2026-08-30T04:14:01.000Z</time><ele>9.25</ele></trkpt><trkpt lat="36.887056" lon="126.897913"><time>2026-08-30T04:14:02.000Z</time><ele>9.86</ele></trkpt><trkpt lat="36.88707" lon="126.898186"><time>2026-08-30T04:14:03.000Z</time><ele>9.91</ele></trkpt><trkpt lat="36.887084" lon="126.898462"><time>2026-08-30T04:14:04.000Z</time><ele>10.07</ele></trkpt><trkpt lat="36.887097" lon="126.898739"><time>2026-08-30T04:14:05.000Z</time><ele>10.64</ele></trkpt><trkpt lat="36.887112" lon="126.899016"><time>2026-08-30T04:14:06.000Z</time><ele>11.2</ele></trkpt><trkpt lat="36.887129" lon="126.899293"><time>2026-08-30T04:14:07.000Z</time><ele>11.4</ele></trkpt><trkpt lat="36.887147" lon="126.89957"><time>2026-08-30T04:14:08.000Z</time><ele>11.13</ele></trkpt><trkpt lat="36.887166" lon="126.899848"><time>2026-08-30T04:14:09.000Z</time><ele>11.11</ele></trkpt><trkpt lat="36.887182" lon="126.900127"><time>2026-08-30T04:14:10.000Z</time><ele>11.58</ele></trkpt><trkpt lat="36.887199" lon="126.900403"><time>2026-08-30T04:14:11.000Z</time><ele>11.61</ele></trkpt><trkpt lat="36.887213" lon="126.900676"><time>2026-08-30T04:14:12.000Z</time><ele>11.74</ele></trkpt><trkpt lat="36.88723" lon="126.900952"><time>2026-08-30T04:14:13.000Z</time><ele>12.02</ele></trkpt><trkpt lat="36.887247" lon="126.901229"><time>2026-08-30T04:14:14.000Z</time><ele>11.81</ele></trkpt><trkpt lat="36.887264" lon="126.901505"><time>2026-08-30T04:14:15.000Z</time><ele>11.7</ele></trkpt><trkpt lat="36.887283" lon="126.901781"><time>2026-08-30T04:14:16.000Z</time><ele>11.6</ele></trkpt><trkpt lat="36.887302" lon="126.902054"><time>2026-08-30T04:14:17.000Z</time><ele>11.7</ele></trkpt><trkpt lat="36.887323" lon="126.902325"><time>2026-08-30T04:14:18.000Z</time><ele>12.37</ele></trkpt><trkpt lat="36.88735" lon="126.902596"><time>2026-08-30T04:14:19.000Z</time><ele>12.76</ele></trkpt><trkpt lat="36.887387" lon="126.902863"><time>2026-08-30T04:14:20.000Z</time><ele>12.66</ele></trkpt><trkpt lat="36.887428" lon="126.903132"><time>2026-08-30T04:14:21.000Z</time><ele>12.63</ele></trkpt><trkpt lat="36.887479" lon="126.903398"><time>2026-08-30T04:14:22.000Z</time><ele>12.09</ele></trkpt><trkpt lat="36.887542" lon="126.903659"><time>2026-08-30T04:14:23.000Z</time><ele>12.09</ele></trkpt><trkpt lat="36.88761" lon="126.903921"><time>2026-08-30T04:14:24.000Z</time><ele>11.73</ele></trkpt><trkpt lat="36.887682" lon="126.904184"><time>2026-08-30T04:14:25.000Z</time><ele>11.52</ele></trkpt><trkpt lat="36.887761" lon="126.904442"><time>2026-08-30T04:14:26.000Z</time><ele>11.06</ele></trkpt><trkpt lat="36.887848" lon="126.904699"><time>2026-08-30T04:14:27.000Z</time><ele>10.85</ele></trkpt><trkpt lat="36.887947" lon="126.904953"><time>2026-08-30T04:14:28.000Z</time><ele>10.6</ele></trkpt><trkpt lat="36.888053" lon="126.905203"><time>2026-08-30T04:14:29.000Z</time><ele>10.4</ele></trkpt><trkpt lat="36.888167" lon="126.905449"><time>2026-08-30T04:14:30.000Z</time><ele>9.75</ele></trkpt><trkpt lat="36.888289" lon="126.905692"><time>2026-08-30T04:14:31.000Z</time><ele>9.35</ele></trkpt><trkpt lat="36.888416" lon="126.905931"><time>2026-08-30T04:14:32.000Z</time><ele>9.44</ele></trkpt><trkpt lat="36.888547" lon="126.906164"><time>2026-08-30T04:14:33.000Z</time><ele>9.39</ele></trkpt><trkpt lat="36.888681" lon="126.906398"><time>2026-08-30T04:14:34.000Z</time><ele>9.19</ele></trkpt><trkpt lat="36.888817" lon="126.906633"><time>2026-08-30T04:14:35.000Z</time><ele>9.43</ele></trkpt><trkpt lat="36.888953" lon="126.906867"><time>2026-08-30T04:14:36.000Z</time><ele>9.48</ele></trkpt><trkpt lat="36.889088" lon="126.907101"><time>2026-08-30T04:14:37.000Z</time><ele>9.24</ele></trkpt><trkpt lat="36.889225" lon="126.907339"><time>2026-08-30T04:14:38.000Z</time><ele>9.47</ele></trkpt><trkpt lat="36.889362" lon="126.907573"><time>2026-08-30T04:14:39.000Z</time><ele>9.42</ele></trkpt><trkpt lat="36.889498" lon="126.907808"><time>2026-08-30T04:14:40.000Z</time><ele>9.54</ele></trkpt><trkpt lat="36.889627" lon="126.908049"><time>2026-08-30T04:14:41.000Z</time><ele>9.8</ele></trkpt><trkpt lat="36.889757" lon="126.908286"><time>2026-08-30T04:14:42.000Z</time><ele>9.61</ele></trkpt><trkpt lat="36.889891" lon="126.908522"><time>2026-08-30T04:14:43.000Z</time><ele>9.76</ele></trkpt><trkpt lat="36.890024" lon="126.908754"><time>2026-08-30T04:14:44.000Z</time><ele>9.94</ele></trkpt><trkpt lat="36.890159" lon="126.908983"><time>2026-08-30T04:14:45.000Z</time><ele>9.87</ele></trkpt><trkpt lat="36.890295" lon="126.909213"><time>2026-08-30T04:14:46.000Z</time><ele>10.06</ele></trkpt><trkpt lat="36.890429" lon="126.909443"><time>2026-08-30T04:14:47.000Z</time><ele>10.17</ele></trkpt><trkpt lat="36.890594" lon="126.909648"><time>2026-08-30T04:14:48.001Z</time><ele>10.22</ele></trkpt><trkpt lat="36.890718" lon="126.909887"><time>2026-08-30T04:14:49.001Z</time><ele>10.66</ele></trkpt><trkpt lat="36.890829" lon="126.910134"><time>2026-08-30T04:14:50.001Z</time><ele>10.63</ele></trkpt><trkpt lat="36.890963" lon="126.910364"><time>2026-08-30T04:14:51.001Z</time><ele>10.9</ele></trkpt><trkpt lat="36.891095" lon="126.910591"><time>2026-08-30T04:14:52.001Z</time><ele>11.01</ele></trkpt><trkpt lat="36.891229" lon="126.910816"><time>2026-08-30T04:14:53.001Z</time><ele>11.43</ele></trkpt><trkpt lat="36.89136" lon="126.91104"><time>2026-08-30T04:14:54.001Z</time><ele>12.37</ele></trkpt><trkpt lat="36.891489" lon="126.91126"><time>2026-08-30T04:14:55.001Z</time><ele>13.28</ele></trkpt><trkpt lat="36.891611" lon="126.911471"><time>2026-08-30T04:14:56.001Z</time><ele>14.47</ele></trkpt><trkpt lat="36.891729" lon="126.911671"><time>2026-08-30T04:14:57.001Z</time><ele>15.25</ele></trkpt><trkpt lat="36.891853" lon="126.911863"><time>2026-08-30T04:14:58.001Z</time><ele>15.74</ele></trkpt><trkpt lat="36.891981" lon="126.912041"><time>2026-08-30T04:14:59.001Z</time><ele>16.14</ele></trkpt><trkpt lat="36.892122" lon="126.912184"><time>2026-08-30T04:15:00.001Z</time><ele>16.25</ele></trkpt><trkpt lat="36.89228" lon="126.912295"><time>2026-08-30T04:15:01.001Z</time><ele>16.56</ele></trkpt><trkpt lat="36.892446" lon="126.912375"><time>2026-08-30T04:15:02.001Z</time><ele>16.09</ele></trkpt><trkpt lat="36.892619" lon="126.912436"><time>2026-08-30T04:15:03.001Z</time><ele>15.83</ele></trkpt><trkpt lat="36.89279" lon="126.912467"><time>2026-08-30T04:15:04.001Z</time><ele>15.55</ele></trkpt><trkpt lat="36.892952" lon="126.912461"><time>2026-08-30T04:15:05.001Z</time><ele>14.72</ele></trkpt><trkpt lat="36.893122" lon="126.912432"><time>2026-08-30T04:15:06.001Z</time><ele>13.92</ele></trkpt><trkpt lat="36.893296" lon="126.912374"><time>2026-08-30T04:15:07.001Z</time><ele>13.23</ele></trkpt><trkpt lat="36.893466" lon="126.912288"><time>2026-08-30T04:15:08.001Z</time><ele>11.66</ele></trkpt><trkpt lat="36.893639" lon="126.912189"><time>2026-08-30T04:15:09.001Z</time><ele>10.97</ele></trkpt><trkpt lat="36.893812" lon="126.912092"><time>2026-08-30T04:15:10.001Z</time><ele>10.23</ele></trkpt><trkpt lat="36.893987" lon="126.912005"><time>2026-08-30T04:15:11.001Z</time><ele>10.16</ele></trkpt><trkpt lat="36.894166" lon="126.911922"><time>2026-08-30T04:15:12.001Z</time><ele>9.95</ele></trkpt><trkpt lat="36.894347" lon="126.911842"><time>2026-08-30T04:15:13.001Z</time><ele>10.29</ele></trkpt><trkpt lat="36.894534" lon="126.911763"><time>2026-08-30T04:15:14.001Z</time><ele>10.52</ele></trkpt><trkpt lat="36.894724" lon="126.911698"><time>2026-08-30T04:15:15.001Z</time><ele>11.05</ele></trkpt><trkpt lat="36.894919" lon="126.911646"><time>2026-08-30T04:15:16.001Z</time><ele>11.17</ele></trkpt><trkpt lat="36.895116" lon="126.911602"><time>2026-08-30T04:15:17.001Z</time><ele>11.51</ele></trkpt><trkpt lat="36.895303" lon="126.911515"><time>2026-08-30T04:15:18.001Z</time><ele>11.97</ele></trkpt><trkpt lat="36.895511" lon="126.911502"><time>2026-08-30T04:15:19.001Z</time><ele>11.85</ele></trkpt><trkpt lat="36.895711" lon="126.911445"><time>2026-08-30T04:15:20.001Z</time><ele>12.04</ele></trkpt><trkpt lat="36.895915" lon="126.911393"><time>2026-08-30T04:15:21.001Z</time><ele>12.44</ele></trkpt><trkpt lat="36.896122" lon="126.911347"><time>2026-08-30T04:15:22.001Z</time><ele>12.78</ele></trkpt><trkpt lat="36.896334" lon="126.911299"><time>2026-08-30T04:15:23.001Z</time><ele>13.16</ele></trkpt><trkpt lat="36.896545" lon="126.911248"><time>2026-08-30T04:15:24.001Z</time><ele>13.13</ele></trkpt><trkpt lat="36.896753" lon="126.9112"><time>2026-08-30T04:15:25.001Z</time><ele>13.11</ele></trkpt><trkpt lat="36.896964" lon="126.911155"><time>2026-08-30T04:15:26.001Z</time><ele>13.6</ele></trkpt><trkpt lat="36.897174" lon="126.911109"><time>2026-08-30T04:15:27.001Z</time><ele>13.41</ele></trkpt><trkpt lat="36.897391" lon="126.911062"><time>2026-08-30T04:15:28.001Z</time><ele>13.64</ele></trkpt><trkpt lat="36.897604" lon="126.911014"><time>2026-08-30T04:15:29.001Z</time><ele>13.85</ele></trkpt><trkpt lat="36.897817" lon="126.910965"><time>2026-08-30T04:15:30.001Z</time><ele>13.67</ele></trkpt><trkpt lat="36.898031" lon="126.910919"><time>2026-08-30T04:15:31.001Z</time><ele>13.49</ele></trkpt><trkpt lat="36.898245" lon="126.910872"><time>2026-08-30T04:15:32.001Z</time><ele>13.94</ele></trkpt><trkpt lat="36.89846" lon="126.910826"><time>2026-08-30T04:15:33.001Z</time><ele>14.07</ele></trkpt><trkpt lat="36.898672" lon="126.910778"><time>2026-08-30T04:15:34.001Z</time><ele>14.3</ele></trkpt><trkpt lat="36.898885" lon="126.910732"><time>2026-08-30T04:15:35.001Z</time><ele>14.67</ele></trkpt><trkpt lat="36.899101" lon="126.910684"><time>2026-08-30T04:15:36.001Z</time><ele>14.84</ele></trkpt><trkpt lat="36.899318" lon="126.910638"><time>2026-08-30T04:15:37.001Z</time><ele>15.05</ele></trkpt><trkpt lat="36.899535" lon="126.910593"><time>2026-08-30T04:15:38.001Z</time><ele>15.19</ele></trkpt><trkpt lat="36.899751" lon="126.910546"><time>2026-08-30T04:15:39.001Z</time><ele>15.11</ele></trkpt><trkpt lat="36.899959" lon="126.910499"><time>2026-08-30T04:15:40.001Z</time><ele>15.03</ele></trkpt><trkpt lat="36.900163" lon="126.910453"><time>2026-08-30T04:15:41.001Z</time><ele>15.38</ele></trkpt><trkpt lat="36.900371" lon="126.910408"><time>2026-08-30T04:15:42.001Z</time><ele>14.98</ele></trkpt><trkpt lat="36.900577" lon="126.910362"><time>2026-08-30T04:15:43.001Z</time><ele>14.97</ele></trkpt><trkpt lat="36.900785" lon="126.910314"><time>2026-08-30T04:15:44.001Z</time><ele>15.11</ele></trkpt><trkpt lat="36.900992" lon="126.910268"><time>2026-08-30T04:15:45.001Z</time><ele>15.05</ele></trkpt><trkpt lat="36.9012" lon="126.910223"><time>2026-08-30T04:15:46.001Z</time><ele>15.17</ele></trkpt><trkpt lat="36.901403" lon="126.910181"><time>2026-08-30T04:15:47.001Z</time><ele>15.32</ele></trkpt><trkpt lat="36.901611" lon="126.910135"><time>2026-08-30T04:15:48.001Z</time><ele>14.98</ele></trkpt><trkpt lat="36.901817" lon="126.910087"><time>2026-08-30T04:15:49.000Z</time><ele>15.3</ele></trkpt><trkpt lat="36.902027" lon="126.910035"><time>2026-08-30T04:15:50.000Z</time><ele>15.73</ele></trkpt><trkpt lat="36.902236" lon="126.909983"><time>2026-08-30T04:15:51.000Z</time><ele>15.44</ele></trkpt><trkpt lat="36.902446" lon="126.909921"><time>2026-08-30T04:15:52.000Z</time><ele>15.5</ele></trkpt><trkpt lat="36.902658" lon="126.909856"><time>2026-08-30T04:15:53.000Z</time><ele>15.76</ele></trkpt><trkpt lat="36.902875" lon="126.909807"><time>2026-08-30T04:15:54.000Z</time><ele>15.79</ele></trkpt><trkpt lat="36.903092" lon="126.909761"><time>2026-08-30T04:15:55.000Z</time><ele>15.86</ele></trkpt><trkpt lat="36.903307" lon="126.909716"><time>2026-08-30T04:15:56.000Z</time><ele>15.45</ele></trkpt><trkpt lat="36.903526" lon="126.909667"><time>2026-08-30T04:15:57.000Z</time><ele>15.46</ele></trkpt><trkpt lat="36.903751" lon="126.909615"><time>2026-08-30T04:15:58.000Z</time><ele>15.57</ele></trkpt><trkpt lat="36.903973" lon="126.90956"><time>2026-08-30T04:15:59.000Z</time><ele>15.28</ele></trkpt><trkpt lat="36.904196" lon="126.90951"><time>2026-08-30T04:16:00.000Z</time><ele>15.53</ele></trkpt><trkpt lat="36.904413" lon="126.909464"><time>2026-08-30T04:16:01.000Z</time><ele>15.33</ele></trkpt><trkpt lat="36.904627" lon="126.909421"><time>2026-08-30T04:16:02.000Z</time><ele>15.47</ele></trkpt><trkpt lat="36.904831" lon="126.909374"><time>2026-08-30T04:16:03.000Z</time><ele>14.83</ele></trkpt><trkpt lat="36.90504" lon="126.909327"><time>2026-08-30T04:16:04.000Z</time><ele>15.48</ele></trkpt><trkpt lat="36.905245" lon="126.90928"><time>2026-08-30T04:16:05.000Z</time><ele>15.6</ele></trkpt><trkpt lat="36.905452" lon="126.909234"><time>2026-08-30T04:16:06.000Z</time><ele>15.23</ele></trkpt><trkpt lat="36.905657" lon="126.909189"><time>2026-08-30T04:16:07.000Z</time><ele>15.37</ele></trkpt><trkpt lat="36.90585" lon="126.909148"><time>2026-08-30T04:16:08.000Z</time><ele>14.51</ele></trkpt><trkpt lat="36.906036" lon="126.909107"><time>2026-08-30T04:16:09.000Z</time><ele>14.29</ele></trkpt><trkpt lat="36.906213" lon="126.909065"><time>2026-08-30T04:16:10.000Z</time><ele>14.61</ele></trkpt><trkpt lat="36.906394" lon="126.909029"><time>2026-08-30T04:16:11.000Z</time><ele>14.76</ele></trkpt><trkpt lat="36.90657" lon="126.90899"><time>2026-08-30T04:16:12.000Z</time><ele>14.17</ele></trkpt><trkpt lat="36.906753" lon="126.908957"><time>2026-08-30T04:16:13.000Z</time><ele>14.34</ele></trkpt><trkpt lat="36.906936" lon="126.908927"><time>2026-08-30T04:16:14.000Z</time><ele>14.21</ele></trkpt><trkpt lat="36.907108" lon="126.908908"><time>2026-08-30T04:16:15.000Z</time><ele>14.36</ele></trkpt><trkpt lat="36.907286" lon="126.908895"><time>2026-08-30T04:16:16.000Z</time><ele>14.67</ele></trkpt><trkpt lat="36.90747" lon="126.908868"><time>2026-08-30T04:16:17.000Z</time><ele>13.92</ele></trkpt><trkpt lat="36.907649" lon="126.908851"><time>2026-08-30T04:16:18.000Z</time><ele>14.54</ele></trkpt><trkpt lat="36.907835" lon="126.908839"><time>2026-08-30T04:16:19.000Z</time><ele>14.68</ele></trkpt><trkpt lat="36.908025" lon="126.908827"><time>2026-08-30T04:16:20.000Z</time><ele>14.54</ele></trkpt><trkpt lat="36.908219" lon="126.908824"><time>2026-08-30T04:16:21.000Z</time><ele>14.99</ele></trkpt><trkpt lat="36.908418" lon="126.908821"><time>2026-08-30T04:16:22.000Z</time><ele>14.93</ele></trkpt><trkpt lat="36.908607" lon="126.908827"><time>2026-08-30T04:16:23.000Z</time><ele>15.28</ele></trkpt><trkpt lat="36.908801" lon="126.908836"><time>2026-08-30T04:16:24.000Z</time><ele>16.08</ele></trkpt><trkpt lat="36.908996" lon="126.908847"><time>2026-08-30T04:16:25.000Z</time><ele>15.27</ele></trkpt><trkpt lat="36.909188" lon="126.908867"><time>2026-08-30T04:16:26.000Z</time><ele>14.98</ele></trkpt><trkpt lat="36.909392" lon="126.908891"><time>2026-08-30T04:16:27.000Z</time><ele>14.98</ele></trkpt><trkpt lat="36.909597" lon="126.908923"><time>2026-08-30T04:16:28.000Z</time><ele>15</ele></trkpt><trkpt lat="36.909808" lon="126.90896"><time>2026-08-30T04:16:29.000Z</time><ele>14.39</ele></trkpt><trkpt lat="36.910023" lon="126.908999"><time>2026-08-30T04:16:30.000Z</time><ele>15.08</ele></trkpt><trkpt lat="36.910233" lon="126.909043"><time>2026-08-30T04:16:31.000Z</time><ele>14.93</ele></trkpt><trkpt lat="36.910444" lon="126.909094"><time>2026-08-30T04:16:32.000Z</time><ele>15.76</ele></trkpt><trkpt lat="36.910662" lon="126.909143"><time>2026-08-30T04:16:33.000Z</time><ele>16.13</ele></trkpt><trkpt lat="36.910875" lon="126.909195"><time>2026-08-30T04:16:34.000Z</time><ele>16.84</ele></trkpt><trkpt lat="36.911093" lon="126.90924"><time>2026-08-30T04:16:35.000Z</time><ele>17</ele></trkpt><trkpt lat="36.911312" lon="126.909288"><time>2026-08-30T04:16:36.000Z</time><ele>17.06</ele></trkpt><trkpt lat="36.911527" lon="126.90934"><time>2026-08-30T04:16:37.000Z</time><ele>17.62</ele></trkpt><trkpt lat="36.911739" lon="126.909391"><time>2026-08-30T04:16:38.000Z</time><ele>17.92</ele></trkpt><trkpt lat="36.911954" lon="126.909438"><time>2026-08-30T04:16:39.000Z</time><ele>17.84</ele></trkpt><trkpt lat="36.912169" lon="126.909483"><time>2026-08-30T04:16:40.000Z</time><ele>17.89</ele></trkpt><trkpt lat="36.912383" lon="126.909532"><time>2026-08-30T04:16:41.000Z</time><ele>18.31</ele></trkpt><trkpt lat="36.9126" lon="126.909583"><time>2026-08-30T04:16:42.000Z</time><ele>18.91</ele></trkpt><trkpt lat="36.912815" lon="126.909633"><time>2026-08-30T04:16:43.000Z</time><ele>19.21</ele></trkpt><trkpt lat="36.913035" lon="126.909687"><time>2026-08-30T04:16:44.000Z</time><ele>19.63</ele></trkpt><trkpt lat="36.913255" lon="126.909739"><time>2026-08-30T04:16:45.000Z</time><ele>20.25</ele></trkpt><trkpt lat="36.913475" lon="126.909792"><time>2026-08-30T04:16:46.000Z</time><ele>20.54</ele></trkpt><trkpt lat="36.913695" lon="126.909844"><time>2026-08-30T04:16:47.000Z</time><ele>21.22</ele></trkpt><trkpt lat="36.913914" lon="126.909896"><time>2026-08-30T04:16:48.001Z</time><ele>21.5</ele></trkpt><trkpt lat="36.914134" lon="126.909948"><time>2026-08-30T04:16:49.001Z</time><ele>21.81</ele></trkpt><trkpt lat="36.914355" lon="126.909999"><time>2026-08-30T04:16:50.001Z</time><ele>22.26</ele></trkpt><trkpt lat="36.914582" lon="126.910044"><time>2026-08-30T04:16:51.001Z</time><ele>22.33</ele></trkpt><trkpt lat="36.914805" lon="126.910099"><time>2026-08-30T04:16:52.001Z</time><ele>23.32</ele></trkpt><trkpt lat="36.91503" lon="126.910154"><time>2026-08-30T04:16:53.001Z</time><ele>23.93</ele></trkpt><trkpt lat="36.915258" lon="126.91021"><time>2026-08-30T04:16:54.001Z</time><ele>24.32</ele></trkpt><trkpt lat="36.915487" lon="126.910262"><time>2026-08-30T04:16:55.001Z</time><ele>24.78</ele></trkpt><trkpt lat="36.915716" lon="126.910312"><time>2026-08-30T04:16:56.001Z</time><ele>25.5</ele></trkpt><trkpt lat="36.915941" lon="126.910361"><time>2026-08-30T04:16:57.001Z</time><ele>25.52</ele></trkpt><trkpt lat="36.916167" lon="126.910412"><time>2026-08-30T04:16:58.001Z</time><ele>25.34</ele></trkpt><trkpt lat="36.916393" lon="126.910469"><time>2026-08-30T04:16:59.001Z</time><ele>25.54</ele></trkpt><trkpt lat="36.916617" lon="126.910535"><time>2026-08-30T04:17:00.001Z</time><ele>25.73</ele></trkpt><trkpt lat="36.916842" lon="126.910608"><time>2026-08-30T04:17:01.001Z</time><ele>25.77</ele></trkpt><trkpt lat="36.917068" lon="126.910684"><time>2026-08-30T04:17:02.001Z</time><ele>25.73</ele></trkpt><trkpt lat="36.917296" lon="126.910759"><time>2026-08-30T04:17:03.001Z</time><ele>25.62</ele></trkpt><trkpt lat="36.917518" lon="126.910838"><time>2026-08-30T04:17:04.001Z</time><ele>25.28</ele></trkpt><trkpt lat="36.917721" lon="126.910917"><time>2026-08-30T04:17:05.001Z</time><ele>25.47</ele></trkpt><trkpt lat="36.91792" lon="126.911"><time>2026-08-30T04:17:06.001Z</time><ele>24.49</ele></trkpt><trkpt lat="36.918111" lon="126.911075"><time>2026-08-30T04:17:07.001Z</time><ele>24.25</ele></trkpt><trkpt lat="36.918289" lon="126.911147"><time>2026-08-30T04:17:08.001Z</time><ele>22.51</ele></trkpt><trkpt lat="36.91846" lon="126.911218"><time>2026-08-30T04:17:09.001Z</time><ele>22.69</ele></trkpt><trkpt lat="36.918623" lon="126.911283"><time>2026-08-30T04:17:10.001Z</time><ele>22.32</ele></trkpt><trkpt lat="36.91878" lon="126.911343"><time>2026-08-30T04:17:11.001Z</time><ele>21.87</ele></trkpt><trkpt lat="36.918937" lon="126.911406"><time>2026-08-30T04:17:12.001Z</time><ele>21.2</ele></trkpt><trkpt lat="36.919099" lon="126.911474"><time>2026-08-30T04:17:13.001Z</time><ele>21.45</ele></trkpt><trkpt lat="36.919254" lon="126.911538"><time>2026-08-30T04:17:14.001Z</time><ele>20.29</ele></trkpt><trkpt lat="36.919408" lon="126.911601"><time>2026-08-30T04:17:15.001Z</time><ele>19.76</ele></trkpt><trkpt lat="36.919561" lon="126.911666"><time>2026-08-30T04:17:16.001Z</time><ele>20.15</ele></trkpt><trkpt lat="36.919705" lon="126.91173"><time>2026-08-30T04:17:17.001Z</time><ele>19.74</ele></trkpt><trkpt lat="36.919854" lon="126.911794"><time>2026-08-30T04:17:18.001Z</time><ele>20.12</ele></trkpt><trkpt lat="36.920004" lon="126.911857"><time>2026-08-30T04:17:19.001Z</time><ele>19.81</ele></trkpt><trkpt lat="36.920152" lon="126.911918"><time>2026-08-30T04:17:20.001Z</time><ele>20.04</ele></trkpt><trkpt lat="36.920297" lon="126.911973"><time>2026-08-30T04:17:21.001Z</time><ele>19.99</ele></trkpt><trkpt lat="36.920452" lon="126.912031"><time>2026-08-30T04:17:22.001Z</time><ele>20.72</ele></trkpt><trkpt lat="36.920601" lon="126.912092"><time>2026-08-30T04:17:23.001Z</time><ele>20.26</ele></trkpt><trkpt lat="36.920754" lon="126.912156"><time>2026-08-30T04:17:24.001Z</time><ele>21.48</ele></trkpt><trkpt lat="36.92091" lon="126.912215"><time>2026-08-30T04:17:25.001Z</time><ele>21.35</ele></trkpt><trkpt lat="36.921068" lon="126.912274"><time>2026-08-30T04:17:26.001Z</time><ele>21.74</ele></trkpt><trkpt lat="36.921224" lon="126.912339"><time>2026-08-30T04:17:27.001Z</time><ele>22.2</ele></trkpt><trkpt lat="36.921397" lon="126.912411"><time>2026-08-30T04:17:28.001Z</time><ele>22.24</ele></trkpt><trkpt lat="36.921577" lon="126.912483"><time>2026-08-30T04:17:29.001Z</time><ele>22.58</ele></trkpt><trkpt lat="36.921762" lon="126.912555"><time>2026-08-30T04:17:30.001Z</time><ele>23.14</ele></trkpt><trkpt lat="36.921946" lon="126.912629"><time>2026-08-30T04:17:31.001Z</time><ele>23.75</ele></trkpt><trkpt lat="36.922131" lon="126.9127"><time>2026-08-30T04:17:32.001Z</time><ele>24.03</ele></trkpt><trkpt lat="36.922313" lon="126.912774"><time>2026-08-30T04:17:33.001Z</time><ele>24.35</ele></trkpt><trkpt lat="36.922491" lon="126.912843"><time>2026-08-30T04:17:34.001Z</time><ele>24.46</ele></trkpt><trkpt lat="36.922666" lon="126.912912"><time>2026-08-30T04:17:35.001Z</time><ele>24.92</ele></trkpt><trkpt lat="36.922834" lon="126.912978"><time>2026-08-30T04:17:36.001Z</time><ele>25.44</ele></trkpt><trkpt lat="36.923" lon="126.913048"><time>2026-08-30T04:17:37.001Z</time><ele>26.09</ele></trkpt><trkpt lat="36.923156" lon="126.913116"><time>2026-08-30T04:17:38.001Z</time><ele>25.79</ele></trkpt><trkpt lat="36.923311" lon="126.913178"><time>2026-08-30T04:17:39.001Z</time><ele>26.3</ele></trkpt><trkpt lat="36.923466" lon="126.913239"><time>2026-08-30T04:17:40.001Z</time><ele>26.53</ele></trkpt><trkpt lat="36.923616" lon="126.913308"><time>2026-08-30T04:17:41.001Z</time><ele>27.6</ele></trkpt><trkpt lat="36.923748" lon="126.913361"><time>2026-08-30T04:17:42.001Z</time><ele>26.87</ele></trkpt><trkpt lat="36.92386" lon="126.913408"><time>2026-08-30T04:17:43.001Z</time><ele>27.41</ele></trkpt><trkpt lat="36.923946" lon="126.913444"><time>2026-08-30T04:17:44.001Z</time><ele>27.33</ele></trkpt><trkpt lat="36.924019" lon="126.913474"><time>2026-08-30T04:17:45.001Z</time><ele>27.14</ele></trkpt><trkpt lat="36.924085" lon="126.9135"><time>2026-08-30T04:17:46.001Z</time><ele>27.43</ele></trkpt><trkpt lat="36.924139" lon="126.913519"><time>2026-08-30T04:17:47.001Z</time><ele>27.58</ele></trkpt><trkpt lat="36.924183" lon="126.913533"><time>2026-08-30T04:17:48.001Z</time><ele>27.28</ele></trkpt><trkpt lat="36.924236" lon="126.913557"><time>2026-08-30T04:17:50.001Z</time><ele>27.33</ele></trkpt><trkpt lat="36.924304" lon="126.913604"><time>2026-08-30T04:18:22.000Z</time><ele>27.98</ele></trkpt><trkpt lat="36.924355" lon="126.913625"><time>2026-08-30T04:18:23.000Z</time><ele>27.95</ele></trkpt><trkpt lat="36.924412" lon="126.913648"><time>2026-08-30T04:18:24.000Z</time><ele>28.19</ele></trkpt><trkpt lat="36.924476" lon="126.913674"><time>2026-08-30T04:18:25.000Z</time><ele>28.59</ele></trkpt><trkpt lat="36.924556" lon="126.913706"><time>2026-08-30T04:18:26.000Z</time><ele>28.82</ele></trkpt><trkpt lat="36.924642" lon="126.913743"><time>2026-08-30T04:18:27.000Z</time><ele>28.83</ele></trkpt><trkpt lat="36.924734" lon="126.913784"><time>2026-08-30T04:18:28.000Z</time><ele>28.84</ele></trkpt><trkpt lat="36.924841" lon="126.913825"><time>2026-08-30T04:18:29.000Z</time><ele>28.86</ele></trkpt><trkpt lat="36.924953" lon="126.913873"><time>2026-08-30T04:18:30.000Z</time><ele>28.87</ele></trkpt><trkpt lat="36.925074" lon="126.913923"><time>2026-08-30T04:18:31.000Z</time><ele>28.87</ele></trkpt><trkpt lat="36.925203" lon="126.913975"><time>2026-08-30T04:18:32.000Z</time><ele>29.07</ele></trkpt><trkpt lat="36.925332" lon="126.914029"><time>2026-08-30T04:18:33.000Z</time><ele>28.97</ele></trkpt><trkpt lat="36.925467" lon="126.914081"><time>2026-08-30T04:18:34.000Z</time><ele>29.13</ele></trkpt><trkpt lat="36.925607" lon="126.914136"><time>2026-08-30T04:18:35.000Z</time><ele>29.16</ele></trkpt><trkpt lat="36.925754" lon="126.914194"><time>2026-08-30T04:18:36.000Z</time><ele>29.43</ele></trkpt><trkpt lat="36.925908" lon="126.914252"><time>2026-08-30T04:18:37.000Z</time><ele>30.03</ele></trkpt><trkpt lat="36.926067" lon="126.914312"><time>2026-08-30T04:18:38.000Z</time><ele>30.24</ele></trkpt><trkpt lat="36.926232" lon="126.91437"><time>2026-08-30T04:18:39.000Z</time><ele>29.95</ele></trkpt><trkpt lat="36.926403" lon="126.914434"><time>2026-08-30T04:18:40.000Z</time><ele>30.04</ele></trkpt><trkpt lat="36.926587" lon="126.914497"><time>2026-08-30T04:18:41.000Z</time><ele>30.25</ele></trkpt><trkpt lat="36.926769" lon="126.914557"><time>2026-08-30T04:18:42.000Z</time><ele>30</ele></trkpt><trkpt lat="36.926953" lon="126.914614"><time>2026-08-30T04:18:43.000Z</time><ele>30.51</ele></trkpt><trkpt lat="36.927149" lon="126.914663"><time>2026-08-30T04:18:44.000Z</time><ele>29.81</ele></trkpt><trkpt lat="36.927341" lon="126.914716"><time>2026-08-30T04:18:45.000Z</time><ele>30.16</ele></trkpt><trkpt lat="36.927545" lon="126.914757"><time>2026-08-30T04:18:46.000Z</time><ele>29.88</ele></trkpt><trkpt lat="36.92775" lon="126.914789"><time>2026-08-30T04:18:47.001Z</time><ele>29.86</ele></trkpt><trkpt lat="36.927957" lon="126.91482"><time>2026-08-30T04:18:48.001Z</time><ele>29.77</ele></trkpt><trkpt lat="36.928159" lon="126.914855"><time>2026-08-30T04:18:49.001Z</time><ele>29.43</ele></trkpt><trkpt lat="36.928368" lon="126.91488"><time>2026-08-30T04:18:50.001Z</time><ele>29.83</ele></trkpt><trkpt lat="36.928577" lon="126.914903"><time>2026-08-30T04:18:51.001Z</time><ele>29.36</ele></trkpt><trkpt lat="36.928788" lon="126.914925"><time>2026-08-30T04:18:52.001Z</time><ele>28.81</ele></trkpt><trkpt lat="36.928996" lon="126.914947"><time>2026-08-30T04:18:53.001Z</time><ele>28.76</ele></trkpt><trkpt lat="36.929204" lon="126.914972"><time>2026-08-30T04:18:54.001Z</time><ele>28.07</ele></trkpt><trkpt lat="36.929401" lon="126.914997"><time>2026-08-30T04:18:55.001Z</time><ele>27.92</ele></trkpt><trkpt lat="36.929598" lon="126.915021"><time>2026-08-30T04:18:56.001Z</time><ele>27.75</ele></trkpt><trkpt lat="36.929797" lon="126.915045"><time>2026-08-30T04:18:57.001Z</time><ele>27.88</ele></trkpt><trkpt lat="36.930002" lon="126.915076"><time>2026-08-30T04:18:58.001Z</time><ele>28.37</ele></trkpt><trkpt lat="36.930204" lon="126.915099"><time>2026-08-30T04:18:59.001Z</time><ele>27.77</ele></trkpt><trkpt lat="36.930407" lon="126.91512"><time>2026-08-30T04:19:00.001Z</time><ele>27.48</ele></trkpt><trkpt lat="36.930609" lon="126.915142"><time>2026-08-30T04:19:01.001Z</time><ele>27.12</ele></trkpt><trkpt lat="36.930812" lon="126.915169"><time>2026-08-30T04:19:02.001Z</time><ele>27.33</ele></trkpt><trkpt lat="36.931025" lon="126.915191"><time>2026-08-30T04:19:03.001Z</time><ele>27.33</ele></trkpt><trkpt lat="36.931236" lon="126.915211"><time>2026-08-30T04:19:04.001Z</time><ele>28</ele></trkpt><trkpt lat="36.931446" lon="126.915233"><time>2026-08-30T04:19:05.001Z</time><ele>28.12</ele></trkpt><trkpt lat="36.931652" lon="126.915255"><time>2026-08-30T04:19:06.001Z</time><ele>27.93</ele></trkpt><trkpt lat="36.931859" lon="126.915281"><time>2026-08-30T04:19:07.001Z</time><ele>27.7</ele></trkpt><trkpt lat="36.93207" lon="126.915306"><time>2026-08-30T04:19:08.001Z</time><ele>27.55</ele></trkpt><trkpt lat="36.932283" lon="126.915329"><time>2026-08-30T04:19:09.001Z</time><ele>27.19</ele></trkpt><trkpt lat="36.932492" lon="126.915352"><time>2026-08-30T04:19:10.001Z</time><ele>27.13</ele></trkpt><trkpt lat="36.932687" lon="126.915374"><time>2026-08-30T04:19:11.001Z</time><ele>27.09</ele></trkpt><trkpt lat="36.932876" lon="126.915397"><time>2026-08-30T04:19:12.001Z</time><ele>26.78</ele></trkpt><trkpt lat="36.933064" lon="126.915422"><time>2026-08-30T04:19:13.001Z</time><ele>26.42</ele></trkpt><trkpt lat="36.933253" lon="126.915442"><time>2026-08-30T04:19:14.001Z</time><ele>26.57</ele></trkpt><trkpt lat="36.93344" lon="126.915466"><time>2026-08-30T04:19:15.001Z</time><ele>26.4</ele></trkpt><trkpt lat="36.933632" lon="126.915487"><time>2026-08-30T04:19:16.001Z</time><ele>27.21</ele></trkpt><trkpt lat="36.933815" lon="126.915514"><time>2026-08-30T04:19:17.001Z</time><ele>27.42</ele></trkpt><trkpt lat="36.933995" lon="126.915541"><time>2026-08-30T04:19:18.001Z</time><ele>26.85</ele></trkpt><trkpt lat="36.934174" lon="126.915566"><time>2026-08-30T04:19:19.001Z</time><ele>27.51</ele></trkpt><trkpt lat="36.934348" lon="126.915592"><time>2026-08-30T04:19:20.001Z</time><ele>27.88</ele></trkpt><trkpt lat="36.93452" lon="126.915618"><time>2026-08-30T04:19:21.001Z</time><ele>28.22</ele></trkpt><trkpt lat="36.93469" lon="126.915647"><time>2026-08-30T04:19:22.001Z</time><ele>28.28</ele></trkpt><trkpt lat="36.934859" lon="126.915678"><time>2026-08-30T04:19:23.001Z</time><ele>28.73</ele></trkpt><trkpt lat="36.935028" lon="126.915707"><time>2026-08-30T04:19:24.001Z</time><ele>29.6</ele></trkpt><trkpt lat="36.935196" lon="126.915733"><time>2026-08-30T04:19:25.001Z</time><ele>29.89</ele></trkpt><trkpt lat="36.935367" lon="126.915763"><time>2026-08-30T04:19:26.001Z</time><ele>30.74</ele></trkpt><trkpt lat="36.935536" lon="126.915796"><time>2026-08-30T04:19:27.001Z</time><ele>30.88</ele></trkpt><trkpt lat="36.935716" lon="126.915831"><time>2026-08-30T04:19:28.001Z</time><ele>31.25</ele></trkpt><trkpt lat="36.935901" lon="126.915866"><time>2026-08-30T04:19:29.001Z</time><ele>31.1</ele></trkpt><trkpt lat="36.936096" lon="126.915915"><time>2026-08-30T04:19:30.001Z</time><ele>31.67</ele></trkpt><trkpt lat="36.936305" lon="126.915969"><time>2026-08-30T04:19:31.001Z</time><ele>32.12</ele></trkpt><trkpt lat="36.936519" lon="126.916014"><time>2026-08-30T04:19:32.001Z</time><ele>31.92</ele></trkpt><trkpt lat="36.936724" lon="126.916054"><time>2026-08-30T04:19:33.001Z</time><ele>32.26</ele></trkpt><trkpt lat="36.936935" lon="126.916085"><time>2026-08-30T04:19:34.001Z</time><ele>32.52</ele></trkpt><trkpt lat="36.937145" lon="126.916121"><time>2026-08-30T04:19:35.001Z</time><ele>32.83</ele></trkpt><trkpt lat="36.937357" lon="126.916159"><time>2026-08-30T04:19:36.001Z</time><ele>33.17</ele></trkpt><trkpt lat="36.937568" lon="126.916199"><time>2026-08-30T04:19:37.001Z</time><ele>33.77</ele></trkpt><trkpt lat="36.937772" lon="126.91624"><time>2026-08-30T04:19:38.001Z</time><ele>34.03</ele></trkpt><trkpt lat="36.937985" lon="126.916268"><time>2026-08-30T04:19:39.001Z</time><ele>34.48</ele></trkpt><trkpt lat="36.938195" lon="126.916295"><time>2026-08-30T04:19:40.001Z</time><ele>34.27</ele></trkpt><trkpt lat="36.938408" lon="126.916319"><time>2026-08-30T04:19:41.001Z</time><ele>34.91</ele></trkpt><trkpt lat="36.938611" lon="126.916331"><time>2026-08-30T04:19:42.001Z</time><ele>34.98</ele></trkpt><trkpt lat="36.938812" lon="126.916328"><time>2026-08-30T04:19:43.001Z</time><ele>35.79</ele></trkpt><trkpt lat="36.939025" lon="126.916318"><time>2026-08-30T04:19:44.001Z</time><ele>35.9</ele></trkpt><trkpt lat="36.939232" lon="126.916298"><time>2026-08-30T04:19:45.001Z</time><ele>35.25</ele></trkpt><trkpt lat="36.939447" lon="126.916269"><time>2026-08-30T04:19:46.001Z</time><ele>35.4</ele></trkpt><trkpt lat="36.939663" lon="126.916231"><time>2026-08-30T04:19:47.001Z</time><ele>35.3</ele></trkpt><trkpt lat="36.93988" lon="126.916186"><time>2026-08-30T04:19:48.001Z</time><ele>35.03</ele></trkpt><trkpt lat="36.940094" lon="126.916123"><time>2026-08-30T04:19:49.001Z</time><ele>34.7</ele></trkpt><trkpt lat="36.940307" lon="126.916046"><time>2026-08-30T04:19:50.001Z</time><ele>34.89</ele></trkpt><trkpt lat="36.940519" lon="126.915962"><time>2026-08-30T04:19:51.001Z</time><ele>34.47</ele></trkpt><trkpt lat="36.940727" lon="126.915868"><time>2026-08-30T04:19:52.001Z</time><ele>34.37</ele></trkpt><trkpt lat="36.940929" lon="126.915771"><time>2026-08-30T04:19:53.001Z</time><ele>33.91</ele></trkpt><trkpt lat="36.94113" lon="126.915669"><time>2026-08-30T04:19:54.001Z</time><ele>33.89</ele></trkpt><trkpt lat="36.94133" lon="126.915565"><time>2026-08-30T04:19:55.001Z</time><ele>33.76</ele></trkpt><trkpt lat="36.941531" lon="126.915462"><time>2026-08-30T04:19:56.001Z</time><ele>33.37</ele></trkpt><trkpt lat="36.941733" lon="126.915357"><time>2026-08-30T04:19:57.002Z</time><ele>33.44</ele></trkpt><trkpt lat="36.941934" lon="126.915254"><time>2026-08-30T04:19:58.002Z</time><ele>33.21</ele></trkpt><trkpt lat="36.942136" lon="126.91515"><time>2026-08-30T04:19:59.002Z</time><ele>33.11</ele></trkpt><trkpt lat="36.942336" lon="126.915045"><time>2026-08-30T04:20:00.002Z</time><ele>33.01</ele></trkpt><trkpt lat="36.942534" lon="126.914941"><time>2026-08-30T04:20:01.000Z</time><ele>32.96</ele></trkpt><trkpt lat="36.942732" lon="126.914837"><time>2026-08-30T04:20:02.000Z</time><ele>33.04</ele></trkpt><trkpt lat="36.942923" lon="126.914736"><time>2026-08-30T04:20:03.000Z</time><ele>32.96</ele></trkpt><trkpt lat="36.943105" lon="126.914642"><time>2026-08-30T04:20:04.000Z</time><ele>33.13</ele></trkpt><trkpt lat="36.943277" lon="126.914547"><time>2026-08-30T04:20:05.000Z</time><ele>33.62</ele></trkpt><trkpt lat="36.943441" lon="126.914464"><time>2026-08-30T04:20:06.000Z</time><ele>33.8</ele></trkpt><trkpt lat="36.943597" lon="126.914386"><time>2026-08-30T04:20:07.000Z</time><ele>33.42</ele></trkpt><trkpt lat="36.943749" lon="126.914305"><time>2026-08-30T04:20:08.000Z</time><ele>33.51</ele></trkpt><trkpt lat="36.943902" lon="126.914221"><time>2026-08-30T04:20:09.000Z</time><ele>33.54</ele></trkpt><trkpt lat="36.944057" lon="126.914139"><time>2026-08-30T04:20:10.000Z</time><ele>33.53</ele></trkpt><trkpt lat="36.944215" lon="126.91406"><time>2026-08-30T04:20:11.000Z</time><ele>33.2</ele></trkpt><trkpt lat="36.944377" lon="126.913974"><time>2026-08-30T04:20:12.000Z</time><ele>33.67</ele></trkpt><trkpt lat="36.944536" lon="126.913888"><time>2026-08-30T04:20:13.000Z</time><ele>33.72</ele></trkpt><trkpt lat="36.944684" lon="126.913811"><time>2026-08-30T04:20:14.000Z</time><ele>33.39</ele></trkpt><trkpt lat="36.944827" lon="126.913738"><time>2026-08-30T04:20:15.000Z</time><ele>33.2</ele></trkpt><trkpt lat="36.944963" lon="126.913665"><time>2026-08-30T04:20:16.000Z</time><ele>32.92</ele></trkpt><trkpt lat="36.945094" lon="126.913598"><time>2026-08-30T04:20:17.000Z</time><ele>32.68</ele></trkpt><trkpt lat="36.94522" lon="126.913534"><time>2026-08-30T04:20:18.000Z</time><ele>32.34</ele></trkpt><trkpt lat="36.94534" lon="126.913473"><time>2026-08-30T04:20:19.000Z</time><ele>32.17</ele></trkpt><trkpt lat="36.945453" lon="126.913414"><time>2026-08-30T04:20:20.000Z</time><ele>31.74</ele></trkpt><trkpt lat="36.945564" lon="126.913358"><time>2026-08-30T04:20:21.000Z</time><ele>31.63</ele></trkpt><trkpt lat="36.945661" lon="126.913309"><time>2026-08-30T04:20:22.000Z</time><ele>31.52</ele></trkpt><trkpt lat="36.945752" lon="126.913265"><time>2026-08-30T04:20:23.000Z</time><ele>31.21</ele></trkpt><trkpt lat="36.945833" lon="126.913224"><time>2026-08-30T04:20:24.000Z</time><ele>30.55</ele></trkpt><trkpt lat="36.9459" lon="126.913187"><time>2026-08-30T04:20:25.000Z</time><ele>30.41</ele></trkpt><trkpt lat="36.945958" lon="126.913159"><time>2026-08-30T04:20:26.000Z</time><ele>30.14</ele></trkpt><trkpt lat="36.946002" lon="126.913143"><time>2026-08-30T04:20:27.000Z</time><ele>29.86</ele></trkpt><trkpt lat="36.946074" lon="126.913112"><time>2026-08-30T04:20:29.000Z</time><ele>29.05</ele></trkpt><trkpt lat="36.946122" lon="126.913093"><time>2026-08-30T04:20:30.000Z</time><ele>29.21</ele></trkpt><trkpt lat="36.946178" lon="126.913059"><time>2026-08-30T04:20:31.000Z</time><ele>29.01</ele></trkpt><trkpt lat="36.946241" lon="126.913022"><time>2026-08-30T04:20:32.000Z</time><ele>28.75</ele></trkpt><trkpt lat="36.946314" lon="126.912988"><time>2026-08-30T04:20:33.000Z</time><ele>28.55</ele></trkpt><trkpt lat="36.946392" lon="126.912948"><time>2026-08-30T04:20:34.000Z</time><ele>28.02</ele></trkpt><trkpt lat="36.946475" lon="126.912906"><time>2026-08-30T04:20:35.000Z</time><ele>28.09</ele></trkpt><trkpt lat="36.946565" lon="126.912857"><time>2026-08-30T04:20:36.000Z</time><ele>28.26</ele></trkpt><trkpt lat="36.946663" lon="126.912805"><time>2026-08-30T04:20:37.000Z</time><ele>28.09</ele></trkpt><trkpt lat="36.946766" lon="126.912754"><time>2026-08-30T04:20:38.000Z</time><ele>27.8</ele></trkpt><trkpt lat="36.946874" lon="126.912699"><time>2026-08-30T04:20:39.000Z</time><ele>27.92</ele></trkpt><trkpt lat="36.946982" lon="126.912646"><time>2026-08-30T04:20:40.000Z</time><ele>28.02</ele></trkpt><trkpt lat="36.947103" lon="126.9126"><time>2026-08-30T04:20:41.000Z</time><ele>27.97</ele></trkpt><trkpt lat="36.947228" lon="126.912556"><time>2026-08-30T04:20:42.000Z</time><ele>27.41</ele></trkpt><trkpt lat="36.947363" lon="126.912511"><time>2026-08-30T04:20:43.000Z</time><ele>27.55</ele></trkpt><trkpt lat="36.947506" lon="126.912463"><time>2026-08-30T04:20:44.000Z</time><ele>27.59</ele></trkpt><trkpt lat="36.947655" lon="126.912426"><time>2026-08-30T04:20:45.000Z</time><ele>27.02</ele></trkpt><trkpt lat="36.947811" lon="126.912395"><time>2026-08-30T04:20:46.000Z</time><ele>26.76</ele></trkpt><trkpt lat="36.94797" lon="126.912368"><time>2026-08-30T04:20:47.000Z</time><ele>26.38</ele></trkpt><trkpt lat="36.948135" lon="126.912351"><time>2026-08-30T04:20:48.001Z</time><ele>26.04</ele></trkpt><trkpt lat="36.948302" lon="126.912341"><time>2026-08-30T04:20:49.001Z</time><ele>25.62</ele></trkpt><trkpt lat="36.948472" lon="126.91234"><time>2026-08-30T04:20:50.001Z</time><ele>25.29</ele></trkpt><trkpt lat="36.948638" lon="126.912348"><time>2026-08-30T04:20:51.001Z</time><ele>24.42</ele></trkpt><trkpt lat="36.948805" lon="126.912355"><time>2026-08-30T04:20:52.001Z</time><ele>24.5</ele></trkpt><trkpt lat="36.94898" lon="126.91238"><time>2026-08-30T04:20:53.001Z</time><ele>23.73</ele></trkpt><trkpt lat="36.94914" lon="126.912408"><time>2026-08-30T04:20:54.001Z</time><ele>23.41</ele></trkpt><trkpt lat="36.949299" lon="126.912449"><time>2026-08-30T04:20:55.001Z</time><ele>22.25</ele></trkpt><trkpt lat="36.949459" lon="126.912494"><time>2026-08-30T04:20:56.001Z</time><ele>21.56</ele></trkpt><trkpt lat="36.949615" lon="126.912542"><time>2026-08-30T04:20:57.001Z</time><ele>21.2</ele></trkpt><trkpt lat="36.949775" lon="126.912603"><time>2026-08-30T04:20:58.001Z</time><ele>20.57</ele></trkpt><trkpt lat="36.949934" lon="126.912669"><time>2026-08-30T04:20:59.001Z</time><ele>20.16</ele></trkpt><trkpt lat="36.950091" lon="126.91274"><time>2026-08-30T04:21:00.001Z</time><ele>19.35</ele></trkpt><trkpt lat="36.95024" lon="126.912817"><time>2026-08-30T04:21:01.001Z</time><ele>18.41</ele></trkpt><trkpt lat="36.950388" lon="126.912908"><time>2026-08-30T04:21:02.001Z</time><ele>17.21</ele></trkpt><trkpt lat="36.950534" lon="126.913007"><time>2026-08-30T04:21:03.001Z</time><ele>16.13</ele></trkpt><trkpt lat="36.950712" lon="126.913066"><time>2026-08-30T04:21:04.001Z</time><ele>15.91</ele></trkpt><trkpt lat="36.950827" lon="126.913225"><time>2026-08-30T04:21:05.001Z</time><ele>14.95</ele></trkpt><trkpt lat="36.95097" lon="126.913339"><time>2026-08-30T04:21:06.001Z</time><ele>14.65</ele></trkpt><trkpt lat="36.951102" lon="126.913457"><time>2026-08-30T04:21:07.001Z</time><ele>13.97</ele></trkpt><trkpt lat="36.951224" lon="126.91358"><time>2026-08-30T04:21:08.001Z</time><ele>13.65</ele></trkpt><trkpt lat="36.951344" lon="126.913709"><time>2026-08-30T04:21:09.001Z</time><ele>13.47</ele></trkpt><trkpt lat="36.951461" lon="126.91384"><time>2026-08-30T04:21:10.001Z</time><ele>13.44</ele></trkpt><trkpt lat="36.951575" lon="126.913967"><time>2026-08-30T04:21:11.001Z</time><ele>13.55</ele></trkpt><trkpt lat="36.951682" lon="126.914096"><time>2026-08-30T04:21:12.001Z</time><ele>13.06</ele></trkpt><trkpt lat="36.951791" lon="126.914231"><time>2026-08-30T04:21:13.001Z</time><ele>12.83</ele></trkpt><trkpt lat="36.9519" lon="126.914365"><time>2026-08-30T04:21:14.001Z</time><ele>12.28</ele></trkpt><trkpt lat="36.952012" lon="126.914502"><time>2026-08-30T04:21:15.001Z</time><ele>12.55</ele></trkpt><trkpt lat="36.952122" lon="126.914637"><time>2026-08-30T04:21:16.001Z</time><ele>12.46</ele></trkpt><trkpt lat="36.952236" lon="126.914773"><time>2026-08-30T04:21:17.001Z</time><ele>12.65</ele></trkpt><trkpt lat="36.952353" lon="126.914912"><time>2026-08-30T04:21:18.001Z</time><ele>12.9</ele></trkpt><trkpt lat="36.95247" lon="126.915056"><time>2026-08-30T04:21:19.001Z</time><ele>13.17</ele></trkpt><trkpt lat="36.952586" lon="126.915204"><time>2026-08-30T04:21:20.001Z</time><ele>12.8</ele></trkpt><trkpt lat="36.952709" lon="126.915351"><time>2026-08-30T04:21:21.001Z</time><ele>13.38</ele></trkpt><trkpt lat="36.952833" lon="126.915497"><time>2026-08-30T04:21:22.001Z</time><ele>13.38</ele></trkpt><trkpt lat="36.952952" lon="126.915634"><time>2026-08-30T04:21:23.001Z</time><ele>13.33</ele></trkpt><trkpt lat="36.95308" lon="126.915788"><time>2026-08-30T04:21:24.001Z</time><ele>13.69</ele></trkpt><trkpt lat="36.953217" lon="126.915957"><time>2026-08-30T04:21:25.001Z</time><ele>13.8</ele></trkpt><trkpt lat="36.953362" lon="126.916133"><time>2026-08-30T04:21:26.001Z</time><ele>14.3</ele></trkpt><trkpt lat="36.953514" lon="126.916319"><time>2026-08-30T04:21:27.001Z</time><ele>13.91</ele></trkpt><trkpt lat="36.95367" lon="126.91651"><time>2026-08-30T04:21:28.001Z</time><ele>14.6</ele></trkpt><trkpt lat="36.953832" lon="126.91671"><time>2026-08-30T04:21:29.001Z</time><ele>14.97</ele></trkpt><trkpt lat="36.953997" lon="126.916914"><time>2026-08-30T04:21:30.001Z</time><ele>14.81</ele></trkpt><trkpt lat="36.95417" lon="126.917122"><time>2026-08-30T04:21:31.001Z</time><ele>15.02</ele></trkpt><trkpt lat="36.954344" lon="126.917332"><time>2026-08-30T04:21:32.001Z</time><ele>15.02</ele></trkpt><trkpt lat="36.954522" lon="126.917544"><time>2026-08-30T04:21:33.001Z</time><ele>15.07</ele></trkpt><trkpt lat="36.9547" lon="126.917758"><time>2026-08-30T04:21:34.001Z</time><ele>14.87</ele></trkpt><trkpt lat="36.954878" lon="126.917976"><time>2026-08-30T04:21:35.001Z</time><ele>15.09</ele></trkpt><trkpt lat="36.955059" lon="126.918197"><time>2026-08-30T04:21:36.001Z</time><ele>15.24</ele></trkpt><trkpt lat="36.955236" lon="126.918419"><time>2026-08-30T04:21:37.001Z</time><ele>15.03</ele></trkpt><trkpt lat="36.955418" lon="126.918642"><time>2026-08-30T04:21:38.001Z</time><ele>14.78</ele></trkpt><trkpt lat="36.955598" lon="126.918861"><time>2026-08-30T04:21:39.001Z</time><ele>14.75</ele></trkpt><trkpt lat="36.955779" lon="126.919081"><time>2026-08-30T04:21:40.001Z</time><ele>14.89</ele></trkpt><trkpt lat="36.955962" lon="126.919302"><time>2026-08-30T04:21:41.001Z</time><ele>14.56</ele></trkpt><trkpt lat="36.956145" lon="126.919524"><time>2026-08-30T04:21:42.001Z</time><ele>13.95</ele></trkpt><trkpt lat="36.956328" lon="126.919748"><time>2026-08-30T04:21:43.001Z</time><ele>13.85</ele></trkpt><trkpt lat="36.956512" lon="126.919973"><time>2026-08-30T04:21:44.001Z</time><ele>13.77</ele></trkpt><trkpt lat="36.956694" lon="126.920197"><time>2026-08-30T04:21:45.001Z</time><ele>13.62</ele></trkpt><trkpt lat="36.956874" lon="126.920416"><time>2026-08-30T04:21:46.001Z</time><ele>13.28</ele></trkpt><trkpt lat="36.957051" lon="126.920633"><time>2026-08-30T04:21:47.001Z</time><ele>12.9</ele></trkpt><trkpt lat="36.957235" lon="126.920848"><time>2026-08-30T04:21:48.001Z</time><ele>12.74</ele></trkpt><trkpt lat="36.957429" lon="126.921055"><time>2026-08-30T04:21:49.001Z</time><ele>12.24</ele></trkpt><trkpt lat="36.957611" lon="126.921276"><time>2026-08-30T04:21:50.001Z</time><ele>12.29</ele></trkpt><trkpt lat="36.957795" lon="126.921506"><time>2026-08-30T04:21:51.001Z</time><ele>12.1</ele></trkpt><trkpt lat="36.957985" lon="126.921729"><time>2026-08-30T04:21:52.001Z</time><ele>11.88</ele></trkpt><trkpt lat="36.958176" lon="126.921956"><time>2026-08-30T04:21:53.001Z</time><ele>11.97</ele></trkpt><trkpt lat="36.958364" lon="126.922182"><time>2026-08-30T04:21:54.001Z</time><ele>11.85</ele></trkpt><trkpt lat="36.958552" lon="126.922409"><time>2026-08-30T04:21:55.001Z</time><ele>11.43</ele></trkpt><trkpt lat="36.958735" lon="126.922637"><time>2026-08-30T04:21:56.001Z</time><ele>11.21</ele></trkpt><trkpt lat="36.958922" lon="126.922866"><time>2026-08-30T04:21:57.001Z</time><ele>10.8</ele></trkpt><trkpt lat="36.959104" lon="126.92309"><time>2026-08-30T04:21:58.002Z</time><ele>10.22</ele></trkpt><trkpt lat="36.959289" lon="126.923315"><time>2026-08-30T04:21:59.002Z</time><ele>9.88</ele></trkpt><trkpt lat="36.959474" lon="126.923541"><time>2026-08-30T04:22:00.002Z</time><ele>9.53</ele></trkpt><trkpt lat="36.95966" lon="126.923767"><time>2026-08-30T04:22:01.002Z</time><ele>9.51</ele></trkpt><trkpt lat="36.959847" lon="126.923993"><time>2026-08-30T04:22:02.002Z</time><ele>9.72</ele></trkpt><trkpt lat="36.960033" lon="126.924217"><time>2026-08-30T04:22:03.002Z</time><ele>10.1</ele></trkpt><trkpt lat="36.960221" lon="126.92444"><time>2026-08-30T04:22:04.002Z</time><ele>10.28</ele></trkpt><trkpt lat="36.96041" lon="126.924655"><time>2026-08-30T04:22:05.002Z</time><ele>10.31</ele></trkpt><trkpt lat="36.960582" lon="126.924884"><time>2026-08-30T04:22:06.002Z</time><ele>10.65</ele></trkpt><trkpt lat="36.960804" lon="126.925045"><time>2026-08-30T04:22:07.000Z</time><ele>10.7</ele></trkpt><trkpt lat="36.961018" lon="126.92522"><time>2026-08-30T04:22:08.000Z</time><ele>10.34</ele></trkpt><trkpt lat="36.961236" lon="126.925384"><time>2026-08-30T04:22:09.000Z</time><ele>10.26</ele></trkpt><trkpt lat="36.961459" lon="126.925539"><time>2026-08-30T04:22:10.000Z</time><ele>9.88</ele></trkpt><trkpt lat="36.961686" lon="126.925687"><time>2026-08-30T04:22:11.000Z</time><ele>10.32</ele></trkpt><trkpt lat="36.961916" lon="126.92583"><time>2026-08-30T04:22:12.000Z</time><ele>9.89</ele></trkpt><trkpt lat="36.962146" lon="126.925972"><time>2026-08-30T04:22:13.000Z</time><ele>10.11</ele></trkpt><trkpt lat="36.962379" lon="126.926116"><time>2026-08-30T04:22:14.000Z</time><ele>10.39</ele></trkpt><trkpt lat="36.96261" lon="126.926262"><time>2026-08-30T04:22:15.000Z</time><ele>10.98</ele></trkpt><trkpt lat="36.962842" lon="126.926409"><time>2026-08-30T04:22:16.000Z</time><ele>11.68</ele></trkpt><trkpt lat="36.963075" lon="126.926551"><time>2026-08-30T04:22:17.000Z</time><ele>11.92</ele></trkpt><trkpt lat="36.96331" lon="126.926692"><time>2026-08-30T04:22:18.000Z</time><ele>12.17</ele></trkpt><trkpt lat="36.963542" lon="126.926839"><time>2026-08-30T04:22:19.000Z</time><ele>12.39</ele></trkpt><trkpt lat="36.963778" lon="126.926987"><time>2026-08-30T04:22:20.000Z</time><ele>12.75</ele></trkpt><trkpt lat="36.964015" lon="126.927135"><time>2026-08-30T04:22:21.000Z</time><ele>12.93</ele></trkpt><trkpt lat="36.964252" lon="126.927283"><time>2026-08-30T04:22:22.000Z</time><ele>13.08</ele></trkpt><trkpt lat="36.964491" lon="126.927433"><time>2026-08-30T04:22:23.000Z</time><ele>13.11</ele></trkpt><trkpt lat="36.964732" lon="126.927581"><time>2026-08-30T04:22:24.000Z</time><ele>13.55</ele></trkpt><trkpt lat="36.964971" lon="126.927731"><time>2026-08-30T04:22:25.000Z</time><ele>13.57</ele></trkpt><trkpt lat="36.96521" lon="126.927883"><time>2026-08-30T04:22:26.000Z</time><ele>13.87</ele></trkpt><trkpt lat="36.965449" lon="126.928033"><time>2026-08-30T04:22:27.000Z</time><ele>14.19</ele></trkpt><trkpt lat="36.96569" lon="126.928184"><time>2026-08-30T04:22:28.000Z</time><ele>14.29</ele></trkpt><trkpt lat="36.965929" lon="126.928336"><time>2026-08-30T04:22:29.000Z</time><ele>14.59</ele></trkpt><trkpt lat="36.966169" lon="126.928492"><time>2026-08-30T04:22:30.000Z</time><ele>14.75</ele></trkpt><trkpt lat="36.96641" lon="126.92864"><time>2026-08-30T04:22:31.000Z</time><ele>15.17</ele></trkpt><trkpt lat="36.966644" lon="126.928783"><time>2026-08-30T04:22:32.000Z</time><ele>15.2</ele></trkpt><trkpt lat="36.96686" lon="126.928916"><time>2026-08-30T04:22:33.000Z</time><ele>15.55</ele></trkpt><trkpt lat="36.967066" lon="126.929045"><time>2026-08-30T04:22:34.000Z</time><ele>15.32</ele></trkpt><trkpt lat="36.967261" lon="126.929169"><time>2026-08-30T04:22:35.000Z</time><ele>15.12</ele></trkpt><trkpt lat="36.967452" lon="126.929291"><time>2026-08-30T04:22:36.000Z</time><ele>15.17</ele></trkpt><trkpt lat="36.967645" lon="126.929412"><time>2026-08-30T04:22:37.000Z</time><ele>15.31</ele></trkpt><trkpt lat="36.967836" lon="126.929531"><time>2026-08-30T04:22:38.000Z</time><ele>15</ele></trkpt><trkpt lat="36.968029" lon="126.929651"><time>2026-08-30T04:22:39.000Z</time><ele>15.25</ele></trkpt><trkpt lat="36.968216" lon="126.929769"><time>2026-08-30T04:22:40.000Z</time><ele>14.46</ele></trkpt><trkpt lat="36.968406" lon="126.929885"><time>2026-08-30T04:22:41.000Z</time><ele>14.21</ele></trkpt><trkpt lat="36.968592" lon="126.930001"><time>2026-08-30T04:22:42.000Z</time><ele>14.4</ele></trkpt><trkpt lat="36.968767" lon="126.930113"><time>2026-08-30T04:22:43.000Z</time><ele>14.34</ele></trkpt><trkpt lat="36.968928" lon="126.93022"><time>2026-08-30T04:22:44.000Z</time><ele>13.89</ele></trkpt><trkpt lat="36.969087" lon="126.93032"><time>2026-08-30T04:22:45.000Z</time><ele>13.71</ele></trkpt><trkpt lat="36.969243" lon="126.930415"><time>2026-08-30T04:22:46.000Z</time><ele>14.03</ele></trkpt><trkpt lat="36.969398" lon="126.93051"><time>2026-08-30T04:22:47.000Z</time><ele>14.02</ele></trkpt><trkpt lat="36.969555" lon="126.930608"><time>2026-08-30T04:22:48.000Z</time><ele>14.05</ele></trkpt><trkpt lat="36.969712" lon="126.930707"><time>2026-08-30T04:22:49.000Z</time><ele>14.28</ele></trkpt><trkpt lat="36.969865" lon="126.930803"><time>2026-08-30T04:22:50.000Z</time><ele>14.09</ele></trkpt><trkpt lat="36.970011" lon="126.930893"><time>2026-08-30T04:22:51.000Z</time><ele>13.95</ele></trkpt><trkpt lat="36.970153" lon="126.930981"><time>2026-08-30T04:22:52.000Z</time><ele>13.93</ele></trkpt><trkpt lat="36.970294" lon="126.931074"><time>2026-08-30T04:22:53.001Z</time><ele>14.11</ele></trkpt><trkpt lat="36.970424" lon="126.931159"><time>2026-08-30T04:22:54.001Z</time><ele>13.92</ele></trkpt><trkpt lat="36.97055" lon="126.931246"><time>2026-08-30T04:22:55.001Z</time><ele>14.12</ele></trkpt><trkpt lat="36.97067" lon="126.931329"><time>2026-08-30T04:22:56.001Z</time><ele>13.81</ele></trkpt><trkpt lat="36.970788" lon="126.931409"><time>2026-08-30T04:22:57.001Z</time><ele>13.6</ele></trkpt><trkpt lat="36.9709" lon="126.931481"><time>2026-08-30T04:22:58.001Z</time><ele>13.38</ele></trkpt><trkpt lat="36.971007" lon="126.931546"><time>2026-08-30T04:22:59.001Z</time><ele>13.22</ele></trkpt><trkpt lat="36.97111" lon="126.931611"><time>2026-08-30T04:23:00.001Z</time><ele>13.34</ele></trkpt><trkpt lat="36.971208" lon="126.931672"><time>2026-08-30T04:23:01.001Z</time><ele>13.04</ele></trkpt><trkpt lat="36.971298" lon="126.931729"><time>2026-08-30T04:23:02.001Z</time><ele>12.84</ele></trkpt><trkpt lat="36.971384" lon="126.931782"><time>2026-08-30T04:23:03.001Z</time><ele>12.55</ele></trkpt><trkpt lat="36.971464" lon="126.931835"><time>2026-08-30T04:23:04.001Z</time><ele>12.5</ele></trkpt><trkpt lat="36.971547" lon="126.931886"><time>2026-08-30T04:23:05.001Z</time><ele>12.48</ele></trkpt><trkpt lat="36.971617" lon="126.93193"><time>2026-08-30T04:23:06.001Z</time><ele>12.22</ele></trkpt><trkpt lat="36.971684" lon="126.931971"><time>2026-08-30T04:23:07.001Z</time><ele>12.03</ele></trkpt><trkpt lat="36.971758" lon="126.932017"><time>2026-08-30T04:23:08.001Z</time><ele>12.13</ele></trkpt><trkpt lat="36.971834" lon="126.932066"><time>2026-08-30T04:23:09.001Z</time><ele>12.44</ele></trkpt><trkpt lat="36.971913" lon="126.932115"><time>2026-08-30T04:23:10.001Z</time><ele>12.53</ele></trkpt><trkpt lat="36.971992" lon="126.932169"><time>2026-08-30T04:23:11.001Z</time><ele>12.81</ele></trkpt><trkpt lat="36.972076" lon="126.932223"><time>2026-08-30T04:23:12.001Z</time><ele>13.23</ele></trkpt><trkpt lat="36.972155" lon="126.932269"><time>2026-08-30T04:23:13.001Z</time><ele>13.25</ele></trkpt><trkpt lat="36.972234" lon="126.932319"><time>2026-08-30T04:23:14.001Z</time><ele>13.13</ele></trkpt><trkpt lat="36.972318" lon="126.932372"><time>2026-08-30T04:23:15.001Z</time><ele>13.49</ele></trkpt><trkpt lat="36.972403" lon="126.932423"><time>2026-08-30T04:23:16.001Z</time><ele>13.55</ele></trkpt><trkpt lat="36.972492" lon="126.932474"><time>2026-08-30T04:23:17.001Z</time><ele>13.6</ele></trkpt><trkpt lat="36.972582" lon="126.93253"><time>2026-08-30T04:23:18.001Z</time><ele>13.93</ele></trkpt><trkpt lat="36.972676" lon="126.932584"><time>2026-08-30T04:23:19.001Z</time><ele>14.17</ele></trkpt><trkpt lat="36.972772" lon="126.932637"><time>2026-08-30T04:23:20.001Z</time><ele>14.32</ele></trkpt><trkpt lat="36.972866" lon="126.932692"><time>2026-08-30T04:23:21.001Z</time><ele>14.51</ele></trkpt><trkpt lat="36.97296" lon="126.932749"><time>2026-08-30T04:23:22.001Z</time><ele>14.7</ele></trkpt><trkpt lat="36.973061" lon="126.932809"><time>2026-08-30T04:23:23.001Z</time><ele>14.98</ele></trkpt><trkpt lat="36.973167" lon="126.932869"><time>2026-08-30T04:23:24.001Z</time><ele>15.07</ele></trkpt><trkpt lat="36.973274" lon="126.932931"><time>2026-08-30T04:23:25.001Z</time><ele>15.14</ele></trkpt><trkpt lat="36.973383" lon="126.932992"><time>2026-08-30T04:23:26.001Z</time><ele>15.49</ele></trkpt><trkpt lat="36.973497" lon="126.933045"><time>2026-08-30T04:23:27.001Z</time><ele>15.13</ele></trkpt><trkpt lat="36.973614" lon="126.933104"><time>2026-08-30T04:23:28.001Z</time><ele>15.31</ele></trkpt><trkpt lat="36.973736" lon="126.933166"><time>2026-08-30T04:23:29.001Z</time><ele>15.49</ele></trkpt><trkpt lat="36.973865" lon="126.93323"><time>2026-08-30T04:23:30.001Z</time><ele>15.77</ele></trkpt><trkpt lat="36.973993" lon="126.933297"><time>2026-08-30T04:23:31.001Z</time><ele>15.91</ele></trkpt><trkpt lat="36.974125" lon="126.933364"><time>2026-08-30T04:23:32.001Z</time><ele>16.09</ele></trkpt><trkpt lat="36.974263" lon="126.933434"><time>2026-08-30T04:23:33.001Z</time><ele>16.09</ele></trkpt><trkpt lat="36.974402" lon="126.933506"><time>2026-08-30T04:23:34.001Z</time><ele>16.38</ele></trkpt><trkpt lat="36.974543" lon="126.933577"><time>2026-08-30T04:23:35.001Z</time><ele>16.72</ele></trkpt><trkpt lat="36.974693" lon="126.933652"><time>2026-08-30T04:23:36.001Z</time><ele>17.04</ele></trkpt><trkpt lat="36.974849" lon="126.933727"><time>2026-08-30T04:23:37.001Z</time><ele>16.98</ele></trkpt><trkpt lat="36.974994" lon="126.933796"><time>2026-08-30T04:23:38.001Z</time><ele>17.11</ele></trkpt><trkpt lat="36.97514" lon="126.933867"><time>2026-08-30T04:23:39.001Z</time><ele>17.37</ele></trkpt><trkpt lat="36.975286" lon="126.933937"><time>2026-08-30T04:23:40.001Z</time><ele>17.36</ele></trkpt><trkpt lat="36.975441" lon="126.934012"><time>2026-08-30T04:23:41.001Z</time><ele>17.71</ele></trkpt><trkpt lat="36.975598" lon="126.934086"><time>2026-08-30T04:23:42.001Z</time><ele>18.18</ele></trkpt><trkpt lat="36.975757" lon="126.934159"><time>2026-08-30T04:23:43.001Z</time><ele>18.4</ele></trkpt><trkpt lat="36.97591" lon="126.934226"><time>2026-08-30T04:23:44.001Z</time><ele>18.41</ele></trkpt><trkpt lat="36.976069" lon="126.934295"><time>2026-08-30T04:23:45.001Z</time><ele>18.55</ele></trkpt><trkpt lat="36.976232" lon="126.934369"><time>2026-08-30T04:23:46.001Z</time><ele>18.57</ele></trkpt><trkpt lat="36.976395" lon="126.934443"><time>2026-08-30T04:23:47.001Z</time><ele>19.21</ele></trkpt><trkpt lat="36.976565" lon="126.934517"><time>2026-08-30T04:23:48.001Z</time><ele>19.62</ele></trkpt><trkpt lat="36.976728" lon="126.934588"><time>2026-08-30T04:23:49.001Z</time><ele>19.34</ele></trkpt><trkpt lat="36.976893" lon="126.934661"><time>2026-08-30T04:23:50.001Z</time><ele>19.58</ele></trkpt><trkpt lat="36.977061" lon="126.934732"><time>2026-08-30T04:23:51.001Z</time><ele>19.56</ele></trkpt><trkpt lat="36.977229" lon="126.934809"><time>2026-08-30T04:23:52.001Z</time><ele>19.92</ele></trkpt><trkpt lat="36.977398" lon="126.934882"><time>2026-08-30T04:23:53.001Z</time><ele>20.14</ele></trkpt><trkpt lat="36.977578" lon="126.934964"><time>2026-08-30T04:23:54.001Z</time><ele>20.1</ele></trkpt><trkpt lat="36.977768" lon="126.935068"><time>2026-08-30T04:23:55.001Z</time><ele>20.14</ele></trkpt><trkpt lat="36.977969" lon="126.935182"><time>2026-08-30T04:23:56.001Z</time><ele>20.71</ele></trkpt><trkpt lat="36.978185" lon="126.935265"><time>2026-08-30T04:23:57.001Z</time><ele>20.9</ele></trkpt><trkpt lat="36.97841" lon="126.935365"><time>2026-08-30T04:23:58.001Z</time><ele>21.33</ele></trkpt><trkpt lat="36.978639" lon="126.935464"><time>2026-08-30T04:23:59.001Z</time><ele>21.94</ele></trkpt><trkpt lat="36.97888" lon="126.935558"><time>2026-08-30T04:24:00.001Z</time><ele>21.58</ele></trkpt><trkpt lat="36.979127" lon="126.935652"><time>2026-08-30T04:24:01.001Z</time><ele>21.99</ele></trkpt><trkpt lat="36.979377" lon="126.935754"><time>2026-08-30T04:24:02.001Z</time><ele>22.1</ele></trkpt><trkpt lat="36.979626" lon="126.935859"><time>2026-08-30T04:24:03.001Z</time><ele>22.5</ele></trkpt><trkpt lat="36.979879" lon="126.935971"><time>2026-08-30T04:24:04.001Z</time><ele>23.01</ele></trkpt><trkpt lat="36.980125" lon="126.936081"><time>2026-08-30T04:24:05.002Z</time><ele>22.46</ele></trkpt><trkpt lat="36.980368" lon="126.93619"><time>2026-08-30T04:24:06.002Z</time><ele>22.23</ele></trkpt><trkpt lat="36.980613" lon="126.936297"><time>2026-08-30T04:24:07.002Z</time><ele>22.49</ele></trkpt><trkpt lat="36.980858" lon="126.936405"><time>2026-08-30T04:24:08.002Z</time><ele>22.53</ele></trkpt><trkpt lat="36.9811" lon="126.936508"><time>2026-08-30T04:24:09.002Z</time><ele>21.77</ele></trkpt><trkpt lat="36.981344" lon="126.936615"><time>2026-08-30T04:24:10.002Z</time><ele>21.54</ele></trkpt><trkpt lat="36.981582" lon="126.936723"><time>2026-08-30T04:24:11.002Z</time><ele>21.64</ele></trkpt><trkpt lat="36.981824" lon="126.936833"><time>2026-08-30T04:24:12.002Z</time><ele>21.07</ele></trkpt><trkpt lat="36.982064" lon="126.936939"><time>2026-08-30T04:24:13.000Z</time><ele>20.98</ele></trkpt><trkpt lat="36.982303" lon="126.937043"><time>2026-08-30T04:24:14.000Z</time><ele>20.41</ele></trkpt><trkpt lat="36.982523" lon="126.937137"><time>2026-08-30T04:24:15.000Z</time><ele>19.74</ele></trkpt><trkpt lat="36.982743" lon="126.937233"><time>2026-08-30T04:24:16.000Z</time><ele>19.61</ele></trkpt><trkpt lat="36.982965" lon="126.937327"><time>2026-08-30T04:24:17.000Z</time><ele>19.39</ele></trkpt><trkpt lat="36.98319" lon="126.937424"><time>2026-08-30T04:24:18.000Z</time><ele>19.39</ele></trkpt><trkpt lat="36.983412" lon="126.937513"><time>2026-08-30T04:24:19.000Z</time><ele>18.87</ele></trkpt><trkpt lat="36.983639" lon="126.937597"><time>2026-08-30T04:24:20.000Z</time><ele>18.79</ele></trkpt><trkpt lat="36.983878" lon="126.93768"><time>2026-08-30T04:24:21.000Z</time><ele>19.5</ele></trkpt><trkpt lat="36.98411" lon="126.937763"><time>2026-08-30T04:24:22.000Z</time><ele>19.57</ele></trkpt><trkpt lat="36.984352" lon="126.937835"><time>2026-08-30T04:24:23.000Z</time><ele>18.91</ele></trkpt><trkpt lat="36.984599" lon="126.937907"><time>2026-08-30T04:24:24.000Z</time><ele>19.49</ele></trkpt><trkpt lat="36.984846" lon="126.937972"><time>2026-08-30T04:24:25.000Z</time><ele>19.21</ele></trkpt><trkpt lat="36.985099" lon="126.938033"><time>2026-08-30T04:24:26.000Z</time><ele>19.48</ele></trkpt><trkpt lat="36.985354" lon="126.938087"><time>2026-08-30T04:24:27.000Z</time><ele>19.49</ele></trkpt><trkpt lat="36.985611" lon="126.93814"><time>2026-08-30T04:24:28.000Z</time><ele>19.24</ele></trkpt><trkpt lat="36.985873" lon="126.938185"><time>2026-08-30T04:24:29.000Z</time><ele>19.14</ele></trkpt><trkpt lat="36.98614" lon="126.938223"><time>2026-08-30T04:24:30.000Z</time><ele>19.19</ele></trkpt><trkpt lat="36.986404" lon="126.938257"><time>2026-08-30T04:24:31.000Z</time><ele>19.98</ele></trkpt><trkpt lat="36.986671" lon="126.938286"><time>2026-08-30T04:24:32.000Z</time><ele>19.6</ele></trkpt><trkpt lat="36.986942" lon="126.938308"><time>2026-08-30T04:24:33.000Z</time><ele>19.91</ele></trkpt><trkpt lat="36.987213" lon="126.938323"><time>2026-08-30T04:24:34.000Z</time><ele>19.8</ele></trkpt><trkpt lat="36.987482" lon="126.938341"><time>2026-08-30T04:24:35.000Z</time><ele>21.32</ele></trkpt><trkpt lat="36.987749" lon="126.93835"><time>2026-08-30T04:24:36.000Z</time><ele>21.84</ele></trkpt><trkpt lat="36.988012" lon="126.938354"><time>2026-08-30T04:24:37.000Z</time><ele>21.88</ele></trkpt><trkpt lat="36.988281" lon="126.938362"><time>2026-08-30T04:24:38.000Z</time><ele>23.54</ele></trkpt><trkpt lat="36.988541" lon="126.938366"><time>2026-08-30T04:24:39.000Z</time><ele>24.63</ele></trkpt><trkpt lat="36.988802" lon="126.938366"><time>2026-08-30T04:24:40.000Z</time><ele>25.29</ele></trkpt><trkpt lat="36.989062" lon="126.938367"><time>2026-08-30T04:24:41.000Z</time><ele>26.66</ele></trkpt><trkpt lat="36.989318" lon="126.938367"><time>2026-08-30T04:24:42.000Z</time><ele>27.66</ele></trkpt><trkpt lat="36.989575" lon="126.938369"><time>2026-08-30T04:24:43.000Z</time><ele>29.49</ele></trkpt><trkpt lat="36.989825" lon="126.93837"><time>2026-08-30T04:24:44.000Z</time><ele>30.91</ele></trkpt><trkpt lat="36.99007" lon="126.938372"><time>2026-08-30T04:24:45.000Z</time><ele>32.31</ele></trkpt><trkpt lat="36.990308" lon="126.938375"><time>2026-08-30T04:24:46.000Z</time><ele>32.7</ele></trkpt><trkpt lat="36.990545" lon="126.938379"><time>2026-08-30T04:24:47.000Z</time><ele>32.83</ele></trkpt><trkpt lat="36.99078" lon="126.938381"><time>2026-08-30T04:24:48.000Z</time><ele>32.91</ele></trkpt><trkpt lat="36.991021" lon="126.938383"><time>2026-08-30T04:24:49.000Z</time><ele>32.48</ele></trkpt><trkpt lat="36.991263" lon="126.938388"><time>2026-08-30T04:24:50.000Z</time><ele>31.38</ele></trkpt><trkpt lat="36.99151" lon="126.938396"><time>2026-08-30T04:24:51.000Z</time><ele>30.19</ele></trkpt><trkpt lat="36.991766" lon="126.938414"><time>2026-08-30T04:24:52.000Z</time><ele>29.11</ele></trkpt><trkpt lat="36.992029" lon="126.938418"><time>2026-08-30T04:24:53.000Z</time><ele>28.97</ele></trkpt><trkpt lat="36.992302" lon="126.938415"><time>2026-08-30T04:24:54.000Z</time><ele>28.69</ele></trkpt><trkpt lat="36.992584" lon="126.938417"><time>2026-08-30T04:24:55.000Z</time><ele>28.34</ele></trkpt><trkpt lat="36.992878" lon="126.938422"><time>2026-08-30T04:24:56.000Z</time><ele>28.77</ele></trkpt><trkpt lat="36.993177" lon="126.938424"><time>2026-08-30T04:24:57.000Z</time><ele>29.46</ele></trkpt><trkpt lat="36.993481" lon="126.938426"><time>2026-08-30T04:24:58.000Z</time><ele>30.73</ele></trkpt><trkpt lat="36.993789" lon="126.938429"><time>2026-08-30T04:24:59.001Z</time><ele>32.57</ele></trkpt><trkpt lat="36.994098" lon="126.938433"><time>2026-08-30T04:25:00.001Z</time><ele>34.23</ele></trkpt><trkpt lat="36.994408" lon="126.938434"><time>2026-08-30T04:25:01.001Z</time><ele>35.87</ele></trkpt><trkpt lat="36.994685" lon="126.938436"><time>2026-08-30T04:25:02.001Z</time><ele>36.74</ele></trkpt><trkpt lat="36.994949" lon="126.938435"><time>2026-08-30T04:25:03.001Z</time><ele>38.3</ele></trkpt><trkpt lat="36.995203" lon="126.938435"><time>2026-08-30T04:25:04.001Z</time><ele>39.71</ele></trkpt><trkpt lat="36.995448" lon="126.938435"><time>2026-08-30T04:25:05.001Z</time><ele>41.1</ele></trkpt><trkpt lat="36.995678" lon="126.938438"><time>2026-08-30T04:25:06.001Z</time><ele>42.42</ele></trkpt><trkpt lat="36.99589" lon="126.938442"><time>2026-08-30T04:25:07.001Z</time><ele>42.74</ele></trkpt><trkpt lat="36.996091" lon="126.938463"><time>2026-08-30T04:25:08.001Z</time><ele>42.88</ele></trkpt><trkpt lat="36.996281" lon="126.938511"><time>2026-08-30T04:25:09.001Z</time><ele>41.81</ele></trkpt><trkpt lat="36.996481" lon="126.938602"><time>2026-08-30T04:25:10.001Z</time><ele>42.98</ele></trkpt><trkpt lat="36.996669" lon="126.938732"><time>2026-08-30T04:25:11.001Z</time><ele>43.15</ele></trkpt><trkpt lat="36.996837" lon="126.938902"><time>2026-08-30T04:25:12.001Z</time><ele>42.59</ele></trkpt><trkpt lat="36.996979" lon="126.939105"><time>2026-08-30T04:25:13.001Z</time><ele>42.28</ele></trkpt><trkpt lat="36.997104" lon="126.939337"><time>2026-08-30T04:25:14.001Z</time><ele>42.44</ele></trkpt><trkpt lat="36.997213" lon="126.939592"><time>2026-08-30T04:25:15.001Z</time><ele>41.61</ele></trkpt><trkpt lat="36.997347" lon="126.939843"><time>2026-08-30T04:25:16.001Z</time><ele>40.6</ele></trkpt><trkpt lat="36.997489" lon="126.940094"><time>2026-08-30T04:25:17.001Z</time><ele>39.61</ele></trkpt><trkpt lat="36.997637" lon="126.940343"><time>2026-08-30T04:25:18.001Z</time><ele>38.85</ele></trkpt><trkpt lat="36.997796" lon="126.940585"><time>2026-08-30T04:25:19.001Z</time><ele>37.66</ele></trkpt><trkpt lat="36.997965" lon="126.94082"><time>2026-08-30T04:25:20.001Z</time><ele>36.51</ele></trkpt><trkpt lat="36.998143" lon="126.941046"><time>2026-08-30T04:25:21.001Z</time><ele>35.33</ele></trkpt><trkpt lat="36.998329" lon="126.941272"><time>2026-08-30T04:25:22.001Z</time><ele>34.03</ele></trkpt><trkpt lat="36.99851" lon="126.941496"><time>2026-08-30T04:25:23.001Z</time><ele>33.91</ele></trkpt><trkpt lat="36.998691" lon="126.941719"><time>2026-08-30T04:25:24.001Z</time><ele>33.71</ele></trkpt><trkpt lat="36.998874" lon="126.941941"><time>2026-08-30T04:25:25.001Z</time><ele>33.51</ele></trkpt><trkpt lat="36.999057" lon="126.942161"><time>2026-08-30T04:25:26.001Z</time><ele>34.07</ele></trkpt><trkpt lat="36.999243" lon="126.94238"><time>2026-08-30T04:25:27.001Z</time><ele>34.33</ele></trkpt><trkpt lat="36.999427" lon="126.942598"><time>2026-08-30T04:25:28.001Z</time><ele>34.94</ele></trkpt><trkpt lat="36.999609" lon="126.942808"><time>2026-08-30T04:25:29.001Z</time><ele>35.61</ele></trkpt><trkpt lat="36.999803" lon="126.943001"><time>2026-08-30T04:25:30.001Z</time><ele>35.89</ele></trkpt><trkpt lat="37.000003" lon="126.943175"><time>2026-08-30T04:25:31.001Z</time><ele>35.65</ele></trkpt><trkpt lat="37.000208" lon="126.94334"><time>2026-08-30T04:25:32.001Z</time><ele>36.08</ele></trkpt><trkpt lat="37.00041" lon="126.943485"><time>2026-08-30T04:25:33.001Z</time><ele>36.07</ele></trkpt><trkpt lat="37.000604" lon="126.94361"><time>2026-08-30T04:25:34.001Z</time><ele>36.17</ele></trkpt><trkpt lat="37.000806" lon="126.943722"><time>2026-08-30T04:25:35.001Z</time><ele>35.25</ele></trkpt><trkpt lat="37.001016" lon="126.94383"><time>2026-08-30T04:25:36.001Z</time><ele>34.68</ele></trkpt><trkpt lat="37.001227" lon="126.943936"><time>2026-08-30T04:25:37.001Z</time><ele>34.31</ele></trkpt><trkpt lat="37.001449" lon="126.944034"><time>2026-08-30T04:25:38.001Z</time><ele>33.79</ele></trkpt><trkpt lat="37.001678" lon="126.944134"><time>2026-08-30T04:25:39.001Z</time><ele>33.29</ele></trkpt><trkpt lat="37.001904" lon="126.944245"><time>2026-08-30T04:25:40.001Z</time><ele>32.65</ele></trkpt><trkpt lat="37.002129" lon="126.944351"><time>2026-08-30T04:25:41.001Z</time><ele>31.95</ele></trkpt><trkpt lat="37.002356" lon="126.944462"><time>2026-08-30T04:25:42.001Z</time><ele>30.66</ele></trkpt><trkpt lat="37.002588" lon="126.944577"><time>2026-08-30T04:25:43.001Z</time><ele>29.84</ele></trkpt><trkpt lat="37.002817" lon="126.944685"><time>2026-08-30T04:25:44.001Z</time><ele>28.37</ele></trkpt><trkpt lat="37.003051" lon="126.944806"><time>2026-08-30T04:25:45.001Z</time><ele>27.85</ele></trkpt><trkpt lat="37.003282" lon="126.944926"><time>2026-08-30T04:25:46.001Z</time><ele>26.99</ele></trkpt><trkpt lat="37.003515" lon="126.945048"><time>2026-08-30T04:25:47.001Z</time><ele>26.21</ele></trkpt><trkpt lat="37.003753" lon="126.945168"><time>2026-08-30T04:25:48.001Z</time><ele>25.5</ele></trkpt><trkpt lat="37.003973" lon="126.945283"><time>2026-08-30T04:25:49.001Z</time><ele>24.95</ele></trkpt><trkpt lat="37.004184" lon="126.945394"><time>2026-08-30T04:25:50.001Z</time><ele>24.46</ele></trkpt><trkpt lat="37.004401" lon="126.945505"><time>2026-08-30T04:25:51.001Z</time><ele>24.35</ele></trkpt><trkpt lat="37.004616" lon="126.945613"><time>2026-08-30T04:25:52.001Z</time><ele>24.22</ele></trkpt><trkpt lat="37.004833" lon="126.945725"><time>2026-08-30T04:25:53.001Z</time><ele>24.05</ele></trkpt><trkpt lat="37.005046" lon="126.945832"><time>2026-08-30T04:25:54.001Z</time><ele>24.02</ele></trkpt><trkpt lat="37.005255" lon="126.945939"><time>2026-08-30T04:25:55.001Z</time><ele>24.14</ele></trkpt><trkpt lat="37.005467" lon="126.946048"><time>2026-08-30T04:25:56.001Z</time><ele>24.03</ele></trkpt><trkpt lat="37.005679" lon="126.946156"><time>2026-08-30T04:25:57.001Z</time><ele>23.93</ele></trkpt><trkpt lat="37.005895" lon="126.946265"><time>2026-08-30T04:25:58.001Z</time><ele>23.99</ele></trkpt><trkpt lat="37.006101" lon="126.946368"><time>2026-08-30T04:25:59.001Z</time><ele>23.57</ele></trkpt><trkpt lat="37.006307" lon="126.946473"><time>2026-08-30T04:26:00.001Z</time><ele>23.8</ele></trkpt><trkpt lat="37.006509" lon="126.946575"><time>2026-08-30T04:26:01.001Z</time><ele>23.57</ele></trkpt><trkpt lat="37.006711" lon="126.94668"><time>2026-08-30T04:26:02.001Z</time><ele>23.66</ele></trkpt><trkpt lat="37.00691" lon="126.946781"><time>2026-08-30T04:26:03.001Z</time><ele>23.35</ele></trkpt><trkpt lat="37.007102" lon="126.946875"><time>2026-08-30T04:26:04.001Z</time><ele>23.35</ele></trkpt><trkpt lat="37.007283" lon="126.946962"><time>2026-08-30T04:26:05.001Z</time><ele>23.59</ele></trkpt><trkpt lat="37.007471" lon="126.947044"><time>2026-08-30T04:26:06.001Z</time><ele>23.2</ele></trkpt><trkpt lat="37.007654" lon="126.94712"><time>2026-08-30T04:26:07.001Z</time><ele>22.83</ele></trkpt><trkpt lat="37.007832" lon="126.94719"><time>2026-08-30T04:26:08.001Z</time><ele>23.25</ele></trkpt><trkpt lat="37.008002" lon="126.94725"><time>2026-08-30T04:26:09.001Z</time><ele>23.46</ele></trkpt><trkpt lat="37.008165" lon="126.947299"><time>2026-08-30T04:26:10.001Z</time><ele>22.93</ele></trkpt><trkpt lat="37.008321" lon="126.947343"><time>2026-08-30T04:26:11.002Z</time><ele>23.45</ele></trkpt><trkpt lat="37.008475" lon="126.947375"><time>2026-08-30T04:26:12.002Z</time><ele>23.34</ele></trkpt><trkpt lat="37.008648" lon="126.947404"><time>2026-08-30T04:26:13.002Z</time><ele>23.48</ele></trkpt><trkpt lat="37.008818" lon="126.947429"><time>2026-08-30T04:26:14.002Z</time><ele>23.51</ele></trkpt><trkpt lat="37.008983" lon="126.947449"><time>2026-08-30T04:26:15.002Z</time><ele>23.71</ele></trkpt><trkpt lat="37.009156" lon="126.947463"><time>2026-08-30T04:26:16.002Z</time><ele>23.56</ele></trkpt><trkpt lat="37.009332" lon="126.947471"><time>2026-08-30T04:26:17.002Z</time><ele>23.74</ele></trkpt><trkpt lat="37.009503" lon="126.947467"><time>2026-08-30T04:26:18.002Z</time><ele>23.62</ele></trkpt><trkpt lat="37.009668" lon="126.947457"><time>2026-08-30T04:26:19.000Z</time><ele>23.22</ele></trkpt><trkpt lat="37.009832" lon="126.947443"><time>2026-08-30T04:26:20.000Z</time><ele>23.61</ele></trkpt><trkpt lat="37.009988" lon="126.947422"><time>2026-08-30T04:26:21.000Z</time><ele>23.67</ele></trkpt><trkpt lat="37.010144" lon="126.947399"><time>2026-08-30T04:26:22.000Z</time><ele>24.16</ele></trkpt><trkpt lat="37.010299" lon="126.947371"><time>2026-08-30T04:26:23.000Z</time><ele>23.89</ele></trkpt><trkpt lat="37.01046" lon="126.94734"><time>2026-08-30T04:26:24.000Z</time><ele>24.05</ele></trkpt><trkpt lat="37.010624" lon="126.947301"><time>2026-08-30T04:26:25.000Z</time><ele>24.58</ele></trkpt><trkpt lat="37.01078" lon="126.947256"><time>2026-08-30T04:26:26.000Z</time><ele>24.7</ele></trkpt><trkpt lat="37.010933" lon="126.947209"><time>2026-08-30T04:26:27.000Z</time><ele>25</ele></trkpt><trkpt lat="37.011089" lon="126.947167"><time>2026-08-30T04:26:28.000Z</time><ele>25.14</ele></trkpt><trkpt lat="37.011243" lon="126.947115"><time>2026-08-30T04:26:29.000Z</time><ele>25.07</ele></trkpt><trkpt lat="37.011396" lon="126.94707"><time>2026-08-30T04:26:30.000Z</time><ele>25.45</ele></trkpt><trkpt lat="37.01155" lon="126.947025"><time>2026-08-30T04:26:31.000Z</time><ele>25.83</ele></trkpt><trkpt lat="37.011702" lon="126.946976"><time>2026-08-30T04:26:32.000Z</time><ele>26.26</ele></trkpt><trkpt lat="37.011857" lon="126.946922"><time>2026-08-30T04:26:33.000Z</time><ele>27.06</ele></trkpt><trkpt lat="37.012018" lon="126.946868"><time>2026-08-30T04:26:34.000Z</time><ele>27.55</ele></trkpt><trkpt lat="37.01218" lon="126.946816"><time>2026-08-30T04:26:35.000Z</time><ele>28.22</ele></trkpt><trkpt lat="37.012347" lon="126.946766"><time>2026-08-30T04:26:36.000Z</time><ele>28.6</ele></trkpt><trkpt lat="37.012523" lon="126.946715"><time>2026-08-30T04:26:37.000Z</time><ele>29.11</ele></trkpt><trkpt lat="37.012695" lon="126.946665"><time>2026-08-30T04:26:38.000Z</time><ele>29.56</ele></trkpt><trkpt lat="37.012864" lon="126.946613"><time>2026-08-30T04:26:39.000Z</time><ele>30.1</ele></trkpt><trkpt lat="37.013034" lon="126.946562"><time>2026-08-30T04:26:40.000Z</time><ele>30.52</ele></trkpt><trkpt lat="37.013198" lon="126.946512"><time>2026-08-30T04:26:41.000Z</time><ele>30.6</ele></trkpt><trkpt lat="37.013365" lon="126.946459"><time>2026-08-30T04:26:42.000Z</time><ele>30.95</ele></trkpt><trkpt lat="37.01353" lon="126.946407"><time>2026-08-30T04:26:43.000Z</time><ele>31.24</ele></trkpt><trkpt lat="37.013675" lon="126.946353"><time>2026-08-30T04:26:44.000Z</time><ele>31.04</ele></trkpt><trkpt lat="37.013827" lon="126.946298"><time>2026-08-30T04:26:45.000Z</time><ele>31.06</ele></trkpt><trkpt lat="37.013984" lon="126.946254"><time>2026-08-30T04:26:46.000Z</time><ele>30.74</ele></trkpt><trkpt lat="37.01415" lon="126.946204"><time>2026-08-30T04:26:47.000Z</time><ele>31.37</ele></trkpt><trkpt lat="37.014312" lon="126.946155"><time>2026-08-30T04:26:48.000Z</time><ele>30.76</ele></trkpt><trkpt lat="37.01448" lon="126.946102"><time>2026-08-30T04:26:49.000Z</time><ele>30.78</ele></trkpt><trkpt lat="37.014652" lon="126.946043"><time>2026-08-30T04:26:50.000Z</time><ele>31.91</ele></trkpt><trkpt lat="37.014833" lon="126.945988"><time>2026-08-30T04:26:51.000Z</time><ele>32</ele></trkpt><trkpt lat="37.015016" lon="126.945922"><time>2026-08-30T04:26:52.000Z</time><ele>31.93</ele></trkpt><trkpt lat="37.015221" lon="126.945858"><time>2026-08-30T04:26:53.000Z</time><ele>32.07</ele></trkpt><trkpt lat="37.015444" lon="126.94581"><time>2026-08-30T04:26:54.000Z</time><ele>32.66</ele></trkpt><trkpt lat="37.015679" lon="126.945762"><time>2026-08-30T04:26:55.000Z</time><ele>33.03</ele></trkpt><trkpt lat="37.015925" lon="126.945683"><time>2026-08-30T04:26:56.000Z</time><ele>33.28</ele></trkpt><trkpt lat="37.016178" lon="126.945601"><time>2026-08-30T04:26:57.000Z</time><ele>33.71</ele></trkpt><trkpt lat="37.016446" lon="126.94552"><time>2026-08-30T04:26:58.000Z</time><ele>33.94</ele></trkpt><trkpt lat="37.016721" lon="126.945438"><time>2026-08-30T04:26:59.000Z</time><ele>34.17</ele></trkpt><trkpt lat="37.017002" lon="126.945349"><time>2026-08-30T04:27:00.000Z</time><ele>34.92</ele></trkpt><trkpt lat="37.017282" lon="126.945258"><time>2026-08-30T04:27:01.000Z</time><ele>35.4</ele></trkpt><trkpt lat="37.017558" lon="126.945165"><time>2026-08-30T04:27:02.000Z</time><ele>35.68</ele></trkpt><trkpt lat="37.01783" lon="126.945064"><time>2026-08-30T04:27:03.000Z</time><ele>36.68</ele></trkpt><trkpt lat="37.018099" lon="126.944958"><time>2026-08-30T04:27:04.000Z</time><ele>37.47</ele></trkpt><trkpt lat="37.01836" lon="126.944851"><time>2026-08-30T04:27:05.000Z</time><ele>37.8</ele></trkpt><trkpt lat="37.018614" lon="126.944738"><time>2026-08-30T04:27:06.001Z</time><ele>38.7</ele></trkpt><trkpt lat="37.018863" lon="126.944623"><time>2026-08-30T04:27:07.001Z</time><ele>39.4</ele></trkpt><trkpt lat="37.019103" lon="126.9445"><time>2026-08-30T04:27:08.001Z</time><ele>39.77</ele></trkpt><trkpt lat="37.019334" lon="126.944382"><time>2026-08-30T04:27:09.001Z</time><ele>40.77</ele></trkpt><trkpt lat="37.019545" lon="126.944267"><time>2026-08-30T04:27:10.001Z</time><ele>40.5</ele></trkpt><trkpt lat="37.01975" lon="126.944143"><time>2026-08-30T04:27:11.001Z</time><ele>41.33</ele></trkpt><trkpt lat="37.019967" lon="126.944026"><time>2026-08-30T04:27:12.001Z</time><ele>40.16</ele></trkpt><trkpt lat="37.020187" lon="126.943907"><time>2026-08-30T04:27:13.001Z</time><ele>41.22</ele></trkpt><trkpt lat="37.020405" lon="126.943797"><time>2026-08-30T04:27:14.001Z</time><ele>40.62</ele></trkpt><trkpt lat="37.020622" lon="126.943695"><time>2026-08-30T04:27:15.001Z</time><ele>39.91</ele></trkpt><trkpt lat="37.020843" lon="126.943601"><time>2026-08-30T04:27:16.001Z</time><ele>39.13</ele></trkpt><trkpt lat="37.021065" lon="126.943517"><time>2026-08-30T04:27:17.001Z</time><ele>38.98</ele></trkpt><trkpt lat="37.021277" lon="126.943446"><time>2026-08-30T04:27:18.001Z</time><ele>37.94</ele></trkpt><trkpt lat="37.02148" lon="126.943387"><time>2026-08-30T04:27:19.001Z</time><ele>36.12</ele></trkpt><trkpt lat="37.021681" lon="126.943336"><time>2026-08-30T04:27:20.001Z</time><ele>35.57</ele></trkpt><trkpt lat="37.021877" lon="126.943294"><time>2026-08-30T04:27:21.001Z</time><ele>34.59</ele></trkpt><trkpt lat="37.022068" lon="126.943257"><time>2026-08-30T04:27:22.001Z</time><ele>33.88</ele></trkpt><trkpt lat="37.022263" lon="126.943224"><time>2026-08-30T04:27:23.001Z</time><ele>33.33</ele></trkpt><trkpt lat="37.022466" lon="126.943198"><time>2026-08-30T04:27:24.001Z</time><ele>33.13</ele></trkpt><trkpt lat="37.022669" lon="126.943182"><time>2026-08-30T04:27:25.001Z</time><ele>32.66</ele></trkpt><trkpt lat="37.022866" lon="126.943172"><time>2026-08-30T04:27:26.001Z</time><ele>31.54</ele></trkpt><trkpt lat="37.023054" lon="126.943166"><time>2026-08-30T04:27:27.001Z</time><ele>30.89</ele></trkpt><trkpt lat="37.023245" lon="126.943172"><time>2026-08-30T04:27:28.001Z</time><ele>29.7</ele></trkpt><trkpt lat="37.023438" lon="126.943182"><time>2026-08-30T04:27:29.001Z</time><ele>29.48</ele></trkpt><trkpt lat="37.023631" lon="126.943204"><time>2026-08-30T04:27:30.001Z</time><ele>28.83</ele></trkpt><trkpt lat="37.023827" lon="126.943225"><time>2026-08-30T04:27:31.001Z</time><ele>29.39</ele></trkpt><trkpt lat="37.024018" lon="126.943249"><time>2026-08-30T04:27:32.001Z</time><ele>28.8</ele></trkpt><trkpt lat="37.024203" lon="126.943271"><time>2026-08-30T04:27:33.001Z</time><ele>28.81</ele></trkpt><trkpt lat="37.024387" lon="126.943293"><time>2026-08-30T04:27:34.001Z</time><ele>28.53</ele></trkpt><trkpt lat="37.024575" lon="126.943317"><time>2026-08-30T04:27:35.001Z</time><ele>28.45</ele></trkpt><trkpt lat="37.024758" lon="126.943339"><time>2026-08-30T04:27:36.001Z</time><ele>28.24</ele></trkpt><trkpt lat="37.024953" lon="126.943353"><time>2026-08-30T04:27:37.001Z</time><ele>28.3</ele></trkpt><trkpt lat="37.02516" lon="126.943359"><time>2026-08-30T04:27:38.001Z</time><ele>27.66</ele></trkpt><trkpt lat="37.025379" lon="126.943358"><time>2026-08-30T04:27:39.001Z</time><ele>28.43</ele></trkpt><trkpt lat="37.025595" lon="126.943349"><time>2026-08-30T04:27:40.001Z</time><ele>28.46</ele></trkpt><trkpt lat="37.025806" lon="126.943332"><time>2026-08-30T04:27:41.001Z</time><ele>29.02</ele></trkpt><trkpt lat="37.026018" lon="126.943303"><time>2026-08-30T04:27:42.001Z</time><ele>29.19</ele></trkpt><trkpt lat="37.026229" lon="126.943263"><time>2026-08-30T04:27:43.001Z</time><ele>28.7</ele></trkpt><trkpt lat="37.026442" lon="126.943212"><time>2026-08-30T04:27:44.001Z</time><ele>28.94</ele></trkpt><trkpt lat="37.026645" lon="126.94315"><time>2026-08-30T04:27:45.001Z</time><ele>28.75</ele></trkpt><trkpt lat="37.026837" lon="126.943081"><time>2026-08-30T04:27:46.001Z</time><ele>28.49</ele></trkpt><trkpt lat="37.027015" lon="126.943006"><time>2026-08-30T04:27:47.001Z</time><ele>28.39</ele></trkpt><trkpt lat="37.027178" lon="126.942927"><time>2026-08-30T04:27:48.001Z</time><ele>27.89</ele></trkpt><trkpt lat="37.027333" lon="126.942844"><time>2026-08-30T04:27:49.001Z</time><ele>27.88</ele></trkpt><trkpt lat="37.027484" lon="126.942755"><time>2026-08-30T04:27:50.001Z</time><ele>28.07</ele></trkpt><trkpt lat="37.02763" lon="126.942659"><time>2026-08-30T04:27:51.001Z</time><ele>27.62</ele></trkpt><trkpt lat="37.027769" lon="126.94256"><time>2026-08-30T04:27:52.001Z</time><ele>27.63</ele></trkpt><trkpt lat="37.027907" lon="126.942452"><time>2026-08-30T04:27:53.001Z</time><ele>27.9</ele></trkpt><trkpt lat="37.028044" lon="126.94234"><time>2026-08-30T04:27:54.001Z</time><ele>27.82</ele></trkpt><trkpt lat="37.02818" lon="126.942217"><time>2026-08-30T04:27:55.001Z</time><ele>27.92</ele></trkpt><trkpt lat="37.028309" lon="126.942096"><time>2026-08-30T04:27:56.001Z</time><ele>28.12</ele></trkpt><trkpt lat="37.02844" lon="126.941973"><time>2026-08-30T04:27:57.001Z</time><ele>27.93</ele></trkpt><trkpt lat="37.028569" lon="126.941833"><time>2026-08-30T04:27:58.001Z</time><ele>28.31</ele></trkpt><trkpt lat="37.028693" lon="126.941678"><time>2026-08-30T04:27:59.001Z</time><ele>28.18</ele></trkpt><trkpt lat="37.028816" lon="126.941505"><time>2026-08-30T04:28:00.001Z</time><ele>29.05</ele></trkpt><trkpt lat="37.028935" lon="126.941335"><time>2026-08-30T04:28:01.001Z</time><ele>29.78</ele></trkpt><trkpt lat="37.029044" lon="126.941162"><time>2026-08-30T04:28:02.001Z</time><ele>29.6</ele></trkpt><trkpt lat="37.029168" lon="126.940961"><time>2026-08-30T04:28:03.001Z</time><ele>29.49</ele></trkpt><trkpt lat="37.029303" lon="126.940749"><time>2026-08-30T04:28:04.001Z</time><ele>29.48</ele></trkpt><trkpt lat="37.029449" lon="126.940529"><time>2026-08-30T04:28:05.001Z</time><ele>29.46</ele></trkpt><trkpt lat="37.029594" lon="126.940302"><time>2026-08-30T04:28:06.001Z</time><ele>29.24</ele></trkpt><trkpt lat="37.029747" lon="126.940066"><time>2026-08-30T04:28:07.001Z</time><ele>29.62</ele></trkpt><trkpt lat="37.029915" lon="126.939823"><time>2026-08-30T04:28:08.001Z</time><ele>29.7</ele></trkpt><trkpt lat="37.030085" lon="126.939596"><time>2026-08-30T04:28:09.001Z</time><ele>28.56</ele></trkpt><trkpt lat="37.030274" lon="126.939388"><time>2026-08-30T04:28:10.001Z</time><ele>28.18</ele></trkpt><trkpt lat="37.030458" lon="126.939154"><time>2026-08-30T04:28:11.001Z</time><ele>27.87</ele></trkpt><trkpt lat="37.030665" lon="126.938949"><time>2026-08-30T04:28:12.001Z</time><ele>27.42</ele></trkpt><trkpt lat="37.030878" lon="126.938751"><time>2026-08-30T04:28:13.001Z</time><ele>26.86</ele></trkpt><trkpt lat="37.031102" lon="126.938558"><time>2026-08-30T04:28:14.001Z</time><ele>26.33</ele></trkpt><trkpt lat="37.031323" lon="126.938383"><time>2026-08-30T04:28:15.001Z</time><ele>26.08</ele></trkpt><trkpt lat="37.031555" lon="126.938233"><time>2026-08-30T04:28:16.001Z</time><ele>25.51</ele></trkpt><trkpt lat="37.031792" lon="126.938093"><time>2026-08-30T04:28:17.001Z</time><ele>24.96</ele></trkpt><trkpt lat="37.032036" lon="126.937969"><time>2026-08-30T04:28:18.001Z</time><ele>24.15</ele></trkpt><trkpt lat="37.032278" lon="126.937862"><time>2026-08-30T04:28:19.002Z</time><ele>23.66</ele></trkpt><trkpt lat="37.032512" lon="126.937776"><time>2026-08-30T04:28:20.002Z</time><ele>22.98</ele></trkpt><trkpt lat="37.032736" lon="126.9377"><time>2026-08-30T04:28:21.002Z</time><ele>22.36</ele></trkpt><trkpt lat="37.032953" lon="126.937635"><time>2026-08-30T04:28:22.002Z</time><ele>22.01</ele></trkpt><trkpt lat="37.033356" lon="126.937527"><time>2026-08-30T04:28:24.002Z</time><ele>21.13</ele></trkpt><trkpt lat="37.033534" lon="126.937478"><time>2026-08-30T04:28:25.000Z</time><ele>20.38</ele></trkpt><trkpt lat="37.033702" lon="126.937438"><time>2026-08-30T04:28:26.000Z</time><ele>19.9</ele></trkpt><trkpt lat="37.03386" lon="126.937394"><time>2026-08-30T04:28:27.000Z</time><ele>20.18</ele></trkpt><trkpt lat="37.034013" lon="126.937354"><time>2026-08-30T04:28:28.000Z</time><ele>19.62</ele></trkpt><trkpt lat="37.034162" lon="126.937319"><time>2026-08-30T04:28:29.000Z</time><ele>19.23</ele></trkpt><trkpt lat="37.034298" lon="126.937284"><time>2026-08-30T04:28:30.000Z</time><ele>19.56</ele></trkpt><trkpt lat="37.034424" lon="126.937251"><time>2026-08-30T04:28:31.000Z</time><ele>18.56</ele></trkpt><trkpt lat="37.034546" lon="126.937221"><time>2026-08-30T04:28:32.000Z</time><ele>18.59</ele></trkpt><trkpt lat="37.034659" lon="126.937196"><time>2026-08-30T04:28:33.000Z</time><ele>18.24</ele></trkpt><trkpt lat="37.034761" lon="126.937174"><time>2026-08-30T04:28:34.000Z</time><ele>17.53</ele></trkpt><trkpt lat="37.03486" lon="126.937149"><time>2026-08-30T04:28:35.000Z</time><ele>17.5</ele></trkpt><trkpt lat="37.034951" lon="126.937129"><time>2026-08-30T04:28:36.000Z</time><ele>16.93</ele></trkpt><trkpt lat="37.035038" lon="126.937108"><time>2026-08-30T04:28:37.000Z</time><ele>16.56</ele></trkpt><trkpt lat="37.035133" lon="126.937084"><time>2026-08-30T04:28:38.000Z</time><ele>16.24</ele></trkpt><trkpt lat="37.035234" lon="126.937056"><time>2026-08-30T04:28:39.000Z</time><ele>16.55</ele></trkpt><trkpt lat="37.035333" lon="126.937028"><time>2026-08-30T04:28:40.000Z</time><ele>16.35</ele></trkpt><trkpt lat="37.035436" lon="126.936997"><time>2026-08-30T04:28:41.000Z</time><ele>16.1</ele></trkpt><trkpt lat="37.035547" lon="126.93696"><time>2026-08-30T04:28:42.000Z</time><ele>16.29</ele></trkpt><trkpt lat="37.035667" lon="126.936921"><time>2026-08-30T04:28:43.000Z</time><ele>16.27</ele></trkpt><trkpt lat="37.035792" lon="126.936885"><time>2026-08-30T04:28:44.000Z</time><ele>16.45</ele></trkpt><trkpt lat="37.035925" lon="126.936845"><time>2026-08-30T04:28:45.000Z</time><ele>16.69</ele></trkpt><trkpt lat="37.036065" lon="126.9368"><time>2026-08-30T04:28:46.000Z</time><ele>16.04</ele></trkpt><trkpt lat="37.036214" lon="126.936747"><time>2026-08-30T04:28:47.000Z</time><ele>15.49</ele></trkpt><trkpt lat="37.036356" lon="126.936693"><time>2026-08-30T04:28:48.000Z</time><ele>16.14</ele></trkpt><trkpt lat="37.036491" lon="126.936638"><time>2026-08-30T04:28:49.000Z</time><ele>16.07</ele></trkpt><trkpt lat="37.036635" lon="126.936583"><time>2026-08-30T04:28:50.000Z</time><ele>16.19</ele></trkpt><trkpt lat="37.036782" lon="126.936522"><time>2026-08-30T04:28:51.000Z</time><ele>16.77</ele></trkpt><trkpt lat="37.036939" lon="126.936463"><time>2026-08-30T04:28:52.000Z</time><ele>16.92</ele></trkpt><trkpt lat="37.037099" lon="126.936398"><time>2026-08-30T04:28:53.000Z</time><ele>17.31</ele></trkpt><trkpt lat="37.037262" lon="126.936327"><time>2026-08-30T04:28:54.000Z</time><ele>17.22</ele></trkpt><trkpt lat="37.037437" lon="126.936255"><time>2026-08-30T04:28:55.000Z</time><ele>17.27</ele></trkpt><trkpt lat="37.037611" lon="126.936176"><time>2026-08-30T04:28:56.000Z</time><ele>17.81</ele></trkpt><trkpt lat="37.037781" lon="126.936101"><time>2026-08-30T04:28:57.000Z</time><ele>17.4</ele></trkpt><trkpt lat="37.037956" lon="126.936024"><time>2026-08-30T04:28:58.000Z</time><ele>17.49</ele></trkpt><trkpt lat="37.038124" lon="126.935954"><time>2026-08-30T04:28:59.000Z</time><ele>17.55</ele></trkpt><trkpt lat="37.038296" lon="126.935872"><time>2026-08-30T04:29:00.000Z</time><ele>17.9</ele></trkpt><trkpt lat="37.038474" lon="126.935798"><time>2026-08-30T04:29:01.000Z</time><ele>17.63</ele></trkpt><trkpt lat="37.038649" lon="126.935718"><time>2026-08-30T04:29:02.000Z</time><ele>16.95</ele></trkpt><trkpt lat="37.038817" lon="126.935634"><time>2026-08-30T04:29:03.000Z</time><ele>17.34</ele></trkpt><trkpt lat="37.039001" lon="126.935557"><time>2026-08-30T04:29:04.000Z</time><ele>17.92</ele></trkpt><trkpt lat="37.039189" lon="126.935474"><time>2026-08-30T04:29:05.000Z</time><ele>17.96</ele></trkpt><trkpt lat="37.039368" lon="126.935398"><time>2026-08-30T04:29:06.000Z</time><ele>17.59</ele></trkpt><trkpt lat="37.039534" lon="126.935327"><time>2026-08-30T04:29:07.000Z</time><ele>16.96</ele></trkpt><trkpt lat="37.039697" lon="126.935256"><time>2026-08-30T04:29:08.000Z</time><ele>16.93</ele></trkpt><trkpt lat="37.039864" lon="126.935184"><time>2026-08-30T04:29:09.000Z</time><ele>16.71</ele></trkpt><trkpt lat="37.040031" lon="126.935107"><time>2026-08-30T04:29:10.000Z</time><ele>16.74</ele></trkpt><trkpt lat="37.040198" lon="126.935034"><time>2026-08-30T04:29:11.001Z</time><ele>16.34</ele></trkpt><trkpt lat="37.040354" lon="126.934967"><time>2026-08-30T04:29:12.001Z</time><ele>15.8</ele></trkpt><trkpt lat="37.04052" lon="126.934891"><time>2026-08-30T04:29:13.001Z</time><ele>16.57</ele></trkpt><trkpt lat="37.04068" lon="126.934818"><time>2026-08-30T04:29:14.001Z</time><ele>16.91</ele></trkpt><trkpt lat="37.040845" lon="126.934744"><time>2026-08-30T04:29:15.001Z</time><ele>16.65</ele></trkpt><trkpt lat="37.041018" lon="126.934662"><time>2026-08-30T04:29:16.001Z</time><ele>17.4</ele></trkpt><trkpt lat="37.041179" lon="126.934589"><time>2026-08-30T04:29:17.001Z</time><ele>17.26</ele></trkpt><trkpt lat="37.04135" lon="126.934512"><time>2026-08-30T04:29:18.001Z</time><ele>17.17</ele></trkpt><trkpt lat="37.041526" lon="126.93443"><time>2026-08-30T04:29:19.001Z</time><ele>17.42</ele></trkpt><trkpt lat="37.041715" lon="126.934346"><time>2026-08-30T04:29:20.001Z</time><ele>17.74</ele></trkpt><trkpt lat="37.041906" lon="126.934258"><time>2026-08-30T04:29:21.001Z</time><ele>18.02</ele></trkpt><trkpt lat="37.042089" lon="126.934179"><time>2026-08-30T04:29:22.001Z</time><ele>17.78</ele></trkpt><trkpt lat="37.042271" lon="126.934104"><time>2026-08-30T04:29:23.001Z</time><ele>18.21</ele></trkpt><trkpt lat="37.042445" lon="126.934027"><time>2026-08-30T04:29:24.001Z</time><ele>18.05</ele></trkpt><trkpt lat="37.042625" lon="126.933946"><time>2026-08-30T04:29:25.001Z</time><ele>18.25</ele></trkpt><trkpt lat="37.04281" lon="126.933865"><time>2026-08-30T04:29:26.001Z</time><ele>18.6</ele></trkpt><trkpt lat="37.042993" lon="126.933783"><time>2026-08-30T04:29:27.001Z</time><ele>18.92</ele></trkpt><trkpt lat="37.043172" lon="126.933706"><time>2026-08-30T04:29:28.001Z</time><ele>19.42</ele></trkpt><trkpt lat="37.043349" lon="126.933626"><time>2026-08-30T04:29:29.001Z</time><ele>20.65</ele></trkpt><trkpt lat="37.043533" lon="126.933552"><time>2026-08-30T04:29:30.001Z</time><ele>21.41</ele></trkpt><trkpt lat="37.043704" lon="126.933495"><time>2026-08-30T04:29:31.001Z</time><ele>21.81</ele></trkpt><trkpt lat="37.043864" lon="126.933437"><time>2026-08-30T04:29:32.001Z</time><ele>21.8</ele></trkpt><trkpt lat="37.044013" lon="126.933368"><time>2026-08-30T04:29:33.001Z</time><ele>22.67</ele></trkpt><trkpt lat="37.044165" lon="126.933306"><time>2026-08-30T04:29:34.001Z</time><ele>22.32</ele></trkpt><trkpt lat="37.044315" lon="126.933237"><time>2026-08-30T04:29:35.001Z</time><ele>22.76</ele></trkpt><trkpt lat="37.044463" lon="126.933171"><time>2026-08-30T04:29:36.001Z</time><ele>22.84</ele></trkpt><trkpt lat="37.044609" lon="126.933098"><time>2026-08-30T04:29:37.001Z</time><ele>24.49</ele></trkpt><trkpt lat="37.045039" lon="126.932892"><time>2026-08-30T04:29:40.001Z</time><ele>25.95</ele></trkpt><trkpt lat="37.045172" lon="126.932831"><time>2026-08-30T04:29:41.001Z</time><ele>26.61</ele></trkpt><trkpt lat="37.045304" lon="126.932775"><time>2026-08-30T04:29:42.001Z</time><ele>26.73</ele></trkpt><trkpt lat="37.045436" lon="126.932718"><time>2026-08-30T04:29:43.001Z</time><ele>26.94</ele></trkpt><trkpt lat="37.045562" lon="126.932661"><time>2026-08-30T04:29:44.001Z</time><ele>27.19</ele></trkpt><trkpt lat="37.04568" lon="126.932608"><time>2026-08-30T04:29:45.001Z</time><ele>27.14</ele></trkpt><trkpt lat="37.045796" lon="126.932558"><time>2026-08-30T04:29:46.001Z</time><ele>27.56</ele></trkpt><trkpt lat="37.045904" lon="126.932509"><time>2026-08-30T04:29:47.001Z</time><ele>27.53</ele></trkpt><trkpt lat="37.046004" lon="126.932465"><time>2026-08-30T04:29:48.001Z</time><ele>27.38</ele></trkpt><trkpt lat="37.046097" lon="126.932424"><time>2026-08-30T04:29:49.001Z</time><ele>27.45</ele></trkpt><trkpt lat="37.046182" lon="126.932384"><time>2026-08-30T04:29:50.001Z</time><ele>27.63</ele></trkpt><trkpt lat="37.04626" lon="126.932352"><time>2026-08-30T04:29:51.001Z</time><ele>27.63</ele></trkpt><trkpt lat="37.04633" lon="126.93232"><time>2026-08-30T04:29:52.001Z</time><ele>27.63</ele></trkpt><trkpt lat="37.046391" lon="126.932293"><time>2026-08-30T04:29:53.001Z</time><ele>27.52</ele></trkpt><trkpt lat="37.046445" lon="126.932272"><time>2026-08-30T04:29:54.001Z</time><ele>27.33</ele></trkpt><trkpt lat="37.04651" lon="126.93224"><time>2026-08-30T04:29:56.001Z</time><ele>27.2</ele></trkpt><trkpt lat="37.0466" lon="126.932203"><time>2026-08-30T04:30:12.001Z</time><ele>26.72</ele></trkpt><trkpt lat="37.046649" lon="126.932182"><time>2026-08-30T04:30:13.001Z</time><ele>26.94</ele></trkpt><trkpt lat="37.04671" lon="126.932154"><time>2026-08-30T04:30:14.001Z</time><ele>26.99</ele></trkpt><trkpt lat="37.046784" lon="126.932122"><time>2026-08-30T04:30:15.001Z</time><ele>27</ele></trkpt><trkpt lat="37.046864" lon="126.932087"><time>2026-08-30T04:30:16.001Z</time><ele>27.33</ele></trkpt><trkpt lat="37.04695" lon="126.932049"><time>2026-08-30T04:30:17.001Z</time><ele>27.44</ele></trkpt><trkpt lat="37.047041" lon="126.932008"><time>2026-08-30T04:30:18.001Z</time><ele>27.83</ele></trkpt><trkpt lat="37.047137" lon="126.931966"><time>2026-08-30T04:30:19.001Z</time><ele>28.2</ele></trkpt><trkpt lat="37.047241" lon="126.931922"><time>2026-08-30T04:30:20.001Z</time><ele>28.38</ele></trkpt><trkpt lat="37.047342" lon="126.931877"><time>2026-08-30T04:30:21.001Z</time><ele>28.8</ele></trkpt><trkpt lat="37.047449" lon="126.931832"><time>2026-08-30T04:30:22.001Z</time><ele>29.29</ele></trkpt><trkpt lat="37.047555" lon="126.931783"><time>2026-08-30T04:30:23.001Z</time><ele>29.42</ele></trkpt><trkpt lat="37.047665" lon="126.931735"><time>2026-08-30T04:30:24.001Z</time><ele>30.37</ele></trkpt><trkpt lat="37.047785" lon="126.931682"><time>2026-08-30T04:30:25.001Z</time><ele>30.13</ele></trkpt><trkpt lat="37.047923" lon="126.931621"><time>2026-08-30T04:30:26.002Z</time><ele>30.53</ele></trkpt><trkpt lat="37.048079" lon="126.931562"><time>2026-08-30T04:30:27.002Z</time><ele>32.04</ele></trkpt><trkpt lat="37.048239" lon="126.931499"><time>2026-08-30T04:30:28.002Z</time><ele>32.38</ele></trkpt><trkpt lat="37.048406" lon="126.931443"><time>2026-08-30T04:30:29.002Z</time><ele>32.65</ele></trkpt><trkpt lat="37.048577" lon="126.93139"><time>2026-08-30T04:30:30.002Z</time><ele>32.79</ele></trkpt><trkpt lat="37.048758" lon="126.931334"><time>2026-08-30T04:30:31.000Z</time><ele>33.2</ele></trkpt><trkpt lat="37.048954" lon="126.931266"><time>2026-08-30T04:30:32.000Z</time><ele>33.74</ele></trkpt><trkpt lat="37.049165" lon="126.931212"><time>2026-08-30T04:30:33.000Z</time><ele>34.19</ele></trkpt><trkpt lat="37.049381" lon="126.931188"><time>2026-08-30T04:30:34.000Z</time><ele>33.5</ele></trkpt><trkpt lat="37.049587" lon="126.931177"><time>2026-08-30T04:30:35.000Z</time><ele>33.34</ele></trkpt><trkpt lat="37.049797" lon="126.93118"><time>2026-08-30T04:30:36.000Z</time><ele>32.98</ele></trkpt><trkpt lat="37.050011" lon="126.931183"><time>2026-08-30T04:30:37.000Z</time><ele>32.63</ele></trkpt><trkpt lat="37.05021" lon="126.931191"><time>2026-08-30T04:30:38.000Z</time><ele>32.23</ele></trkpt><trkpt lat="37.050394" lon="126.931205"><time>2026-08-30T04:30:39.000Z</time><ele>31.7</ele></trkpt><trkpt lat="37.050576" lon="126.931216"><time>2026-08-30T04:30:40.000Z</time><ele>30.49</ele></trkpt><trkpt lat="37.050757" lon="126.931224"><time>2026-08-30T04:30:41.000Z</time><ele>30.71</ele></trkpt><trkpt lat="37.050936" lon="126.931229"><time>2026-08-30T04:30:42.000Z</time><ele>31.03</ele></trkpt><trkpt lat="37.051101" lon="126.931233"><time>2026-08-30T04:30:43.000Z</time><ele>29.96</ele></trkpt><trkpt lat="37.051257" lon="126.931238"><time>2026-08-30T04:30:44.000Z</time><ele>29.22</ele></trkpt><trkpt lat="37.051415" lon="126.931238"><time>2026-08-30T04:30:45.000Z</time><ele>28.98</ele></trkpt><trkpt lat="37.051571" lon="126.931234"><time>2026-08-30T04:30:46.000Z</time><ele>27.88</ele></trkpt><trkpt lat="37.051721" lon="126.93122"><time>2026-08-30T04:30:47.000Z</time><ele>28.03</ele></trkpt><trkpt lat="37.051866" lon="126.931202"><time>2026-08-30T04:30:48.000Z</time><ele>27.23</ele></trkpt><trkpt lat="37.052009" lon="126.931185"><time>2026-08-30T04:30:49.000Z</time><ele>26.94</ele></trkpt><trkpt lat="37.052167" lon="126.931178"><time>2026-08-30T04:30:50.000Z</time><ele>26.48</ele></trkpt><trkpt lat="37.052323" lon="126.931175"><time>2026-08-30T04:30:51.000Z</time><ele>26.1</ele></trkpt><trkpt lat="37.052477" lon="126.931165"><time>2026-08-30T04:30:52.000Z</time><ele>26.01</ele></trkpt><trkpt lat="37.052635" lon="126.931147"><time>2026-08-30T04:30:53.000Z</time><ele>25.45</ele></trkpt><trkpt lat="37.052795" lon="126.931085"><time>2026-08-30T04:30:54.000Z</time><ele>25.43</ele></trkpt><trkpt lat="37.052958" lon="126.931026"><time>2026-08-30T04:30:55.000Z</time><ele>26.29</ele></trkpt><trkpt lat="37.053118" lon="126.93096"><time>2026-08-30T04:30:56.000Z</time><ele>26.61</ele></trkpt><trkpt lat="37.053276" lon="126.930894"><time>2026-08-30T04:30:57.000Z</time><ele>27.17</ele></trkpt><trkpt lat="37.053434" lon="126.930828"><time>2026-08-30T04:30:58.000Z</time><ele>27.49</ele></trkpt><trkpt lat="37.053583" lon="126.930741"><time>2026-08-30T04:30:59.000Z</time><ele>27.69</ele></trkpt><trkpt lat="37.053738" lon="126.930654"><time>2026-08-30T04:31:00.000Z</time><ele>28.2</ele></trkpt><trkpt lat="37.053882" lon="126.930549"><time>2026-08-30T04:31:01.000Z</time><ele>28.46</ele></trkpt><trkpt lat="37.054026" lon="126.930448"><time>2026-08-30T04:31:02.000Z</time><ele>29.33</ele></trkpt><trkpt lat="37.05417" lon="126.930347"><time>2026-08-30T04:31:03.000Z</time><ele>30.18</ele></trkpt><trkpt lat="37.054309" lon="126.93025"><time>2026-08-30T04:31:04.000Z</time><ele>30.89</ele></trkpt><trkpt lat="37.054437" lon="126.930151"><time>2026-08-30T04:31:05.000Z</time><ele>30.84</ele></trkpt><trkpt lat="37.054626" lon="126.930183"><time>2026-08-30T04:31:06.000Z</time><ele>30.33</ele></trkpt><trkpt lat="37.054759" lon="126.930083"><time>2026-08-30T04:31:07.000Z</time><ele>29.56</ele></trkpt><trkpt lat="37.054891" lon="126.929989"><time>2026-08-30T04:31:08.000Z</time><ele>28.45</ele></trkpt><trkpt lat="37.055012" lon="126.929915"><time>2026-08-30T04:31:09.000Z</time><ele>27.69</ele></trkpt><trkpt lat="37.055064" lon="126.929755"><time>2026-08-30T04:31:10.000Z</time><ele>26.91</ele></trkpt><trkpt lat="37.055149" lon="126.929683"><time>2026-08-30T04:31:11.000Z</time><ele>26.59</ele></trkpt><trkpt lat="37.055205" lon="126.929609"><time>2026-08-30T04:31:12.000Z</time><ele>27.62</ele></trkpt><trkpt lat="37.055274" lon="126.929505"><time>2026-08-30T04:31:13.000Z</time><ele>28.03</ele></trkpt><trkpt lat="37.055346" lon="126.929387"><time>2026-08-30T04:31:14.000Z</time><ele>28.38</ele></trkpt><trkpt lat="37.055421" lon="126.929267"><time>2026-08-30T04:31:15.000Z</time><ele>30.57</ele></trkpt><trkpt lat="37.055494" lon="126.929151"><time>2026-08-30T04:31:16.000Z</time><ele>31.45</ele></trkpt><trkpt lat="37.055566" lon="126.92903"><time>2026-08-30T04:31:17.000Z</time><ele>32.61</ele></trkpt><trkpt lat="37.055644" lon="126.928903"><time>2026-08-30T04:31:18.000Z</time><ele>33.6</ele></trkpt><trkpt lat="37.055713" lon="126.928767"><time>2026-08-30T04:31:19.000Z</time><ele>34.78</ele></trkpt><trkpt lat="37.055764" lon="126.928598"><time>2026-08-30T04:31:20.001Z</time><ele>35.66</ele></trkpt><trkpt lat="37.055846" lon="126.928465"><time>2026-08-30T04:31:21.001Z</time><ele>36.75</ele></trkpt><trkpt lat="37.055925" lon="126.928339"><time>2026-08-30T04:31:22.001Z</time><ele>37.01</ele></trkpt><trkpt lat="37.055999" lon="126.92822"><time>2026-08-30T04:31:23.001Z</time><ele>37.83</ele></trkpt><trkpt lat="37.056073" lon="126.928101"><time>2026-08-30T04:31:24.001Z</time><ele>39.03</ele></trkpt><trkpt lat="37.056152" lon="126.927974"><time>2026-08-30T04:31:25.001Z</time><ele>39.6</ele></trkpt><trkpt lat="37.056248" lon="126.927844"><time>2026-08-30T04:31:26.001Z</time><ele>40.32</ele></trkpt><trkpt lat="37.056337" lon="126.927687"><time>2026-08-30T04:31:27.001Z</time><ele>41.07</ele></trkpt><trkpt lat="37.056427" lon="126.927552"><time>2026-08-30T04:31:28.001Z</time><ele>40.65</ele></trkpt><trkpt lat="37.056515" lon="126.92742"><time>2026-08-30T04:31:29.001Z</time><ele>40.66</ele></trkpt><trkpt lat="37.056599" lon="126.927287"><time>2026-08-30T04:31:30.001Z</time><ele>40.61</ele></trkpt><trkpt lat="37.056678" lon="126.927152"><time>2026-08-30T04:31:31.001Z</time><ele>41.72</ele></trkpt><trkpt lat="37.056756" lon="126.927012"><time>2026-08-30T04:31:32.001Z</time><ele>41.97</ele></trkpt><trkpt lat="37.056829" lon="126.926866"><time>2026-08-30T04:31:33.001Z</time><ele>42.5</ele></trkpt><trkpt lat="37.0569" lon="126.926715"><time>2026-08-30T04:31:34.001Z</time><ele>42.24</ele></trkpt><trkpt lat="37.056968" lon="126.926568"><time>2026-08-30T04:31:35.001Z</time><ele>41.96</ele></trkpt><trkpt lat="37.057042" lon="126.926402"><time>2026-08-30T04:31:36.001Z</time><ele>41.1</ele></trkpt><trkpt lat="37.057127" lon="126.926244"><time>2026-08-30T04:31:37.001Z</time><ele>40.54</ele></trkpt><trkpt lat="37.057225" lon="126.926086"><time>2026-08-30T04:31:38.001Z</time><ele>40.24</ele></trkpt><trkpt lat="37.057324" lon="126.925932"><time>2026-08-30T04:31:39.001Z</time><ele>39.69</ele></trkpt><trkpt lat="37.057421" lon="126.92577"><time>2026-08-30T04:31:40.001Z</time><ele>39.6</ele></trkpt><trkpt lat="37.057522" lon="126.925613"><time>2026-08-30T04:31:41.001Z</time><ele>38.88</ele></trkpt><trkpt lat="37.05762" lon="126.925451"><time>2026-08-30T04:31:42.001Z</time><ele>38.76</ele></trkpt><trkpt lat="37.057724" lon="126.925283"><time>2026-08-30T04:31:43.001Z</time><ele>37.85</ele></trkpt><trkpt lat="37.057833" lon="126.925114"><time>2026-08-30T04:31:44.001Z</time><ele>36.82</ele></trkpt><trkpt lat="37.057947" lon="126.924944"><time>2026-08-30T04:31:45.001Z</time><ele>36.15</ele></trkpt><trkpt lat="37.058066" lon="126.924777"><time>2026-08-30T04:31:46.001Z</time><ele>35.47</ele></trkpt><trkpt lat="37.058185" lon="126.924619"><time>2026-08-30T04:31:47.001Z</time><ele>34.82</ele></trkpt><trkpt lat="37.058299" lon="126.924471"><time>2026-08-30T04:31:48.001Z</time><ele>33.87</ele></trkpt><trkpt lat="37.058407" lon="126.924329"><time>2026-08-30T04:31:49.001Z</time><ele>33.06</ele></trkpt><trkpt lat="37.058517" lon="126.924188"><time>2026-08-30T04:31:50.001Z</time><ele>32.21</ele></trkpt><trkpt lat="37.058625" lon="126.924052"><time>2026-08-30T04:31:51.001Z</time><ele>31.77</ele></trkpt><trkpt lat="37.058729" lon="126.923921"><time>2026-08-30T04:31:52.001Z</time><ele>30.6</ele></trkpt><trkpt lat="37.058782" lon="126.923743"><time>2026-08-30T04:31:53.001Z</time><ele>29.35</ele></trkpt><trkpt lat="37.05888" lon="126.923597"><time>2026-08-30T04:31:54.001Z</time><ele>27.85</ele></trkpt><trkpt lat="37.058986" lon="126.92344"><time>2026-08-30T04:31:55.001Z</time><ele>26.85</ele></trkpt><trkpt lat="37.059093" lon="126.923282"><time>2026-08-30T04:31:56.001Z</time><ele>26.32</ele></trkpt><trkpt lat="37.059211" lon="126.92312"><time>2026-08-30T04:31:57.001Z</time><ele>26.82</ele></trkpt><trkpt lat="37.059325" lon="126.922981"><time>2026-08-30T04:31:58.001Z</time><ele>27.2</ele></trkpt><trkpt lat="37.059432" lon="126.922849"><time>2026-08-30T04:31:59.001Z</time><ele>27.35</ele></trkpt><trkpt lat="37.059545" lon="126.922714"><time>2026-08-30T04:32:00.001Z</time><ele>27.26</ele></trkpt><trkpt lat="37.05966" lon="126.922578"><time>2026-08-30T04:32:01.001Z</time><ele>27.08</ele></trkpt><trkpt lat="37.059778" lon="126.922438"><time>2026-08-30T04:32:02.001Z</time><ele>26.97</ele></trkpt><trkpt lat="37.059894" lon="126.922301"><time>2026-08-30T04:32:03.001Z</time><ele>26.18</ele></trkpt><trkpt lat="37.060013" lon="126.922159"><time>2026-08-30T04:32:04.001Z</time><ele>25.9</ele></trkpt><trkpt lat="37.060132" lon="126.922018"><time>2026-08-30T04:32:05.001Z</time><ele>24.89</ele></trkpt><trkpt lat="37.060258" lon="126.921881"><time>2026-08-30T04:32:06.001Z</time><ele>24.48</ele></trkpt><trkpt lat="37.060383" lon="126.921744"><time>2026-08-30T04:32:07.001Z</time><ele>23.69</ele></trkpt><trkpt lat="37.060514" lon="126.921629"><time>2026-08-30T04:32:08.001Z</time><ele>22.82</ele></trkpt><trkpt lat="37.06063" lon="126.921498"><time>2026-08-30T04:32:09.001Z</time><ele>22.43</ele></trkpt><trkpt lat="37.060737" lon="126.92137"><time>2026-08-30T04:32:10.001Z</time><ele>21.98</ele></trkpt><trkpt lat="37.060839" lon="126.92124"><time>2026-08-30T04:32:11.001Z</time><ele>22.29</ele></trkpt><trkpt lat="37.06093" lon="126.921109"><time>2026-08-30T04:32:12.001Z</time><ele>21.71</ele></trkpt><trkpt lat="37.061021" lon="126.920986"><time>2026-08-30T04:32:13.001Z</time><ele>21.27</ele></trkpt><trkpt lat="37.061123" lon="126.920877"><time>2026-08-30T04:32:14.001Z</time><ele>20.75</ele></trkpt><trkpt lat="37.061222" lon="126.92076"><time>2026-08-30T04:32:15.001Z</time><ele>20.53</ele></trkpt><trkpt lat="37.061313" lon="126.92064"><time>2026-08-30T04:32:16.001Z</time><ele>19.78</ele></trkpt><trkpt lat="37.061408" lon="126.920535"><time>2026-08-30T04:32:17.001Z</time><ele>19.3</ele></trkpt><trkpt lat="37.061504" lon="126.920437"><time>2026-08-30T04:32:18.001Z</time><ele>19.04</ele></trkpt><trkpt lat="37.061589" lon="126.920339"><time>2026-08-30T04:32:19.001Z</time><ele>18.78</ele></trkpt><trkpt lat="37.061672" lon="126.920245"><time>2026-08-30T04:32:20.001Z</time><ele>18.5</ele></trkpt><trkpt lat="37.061751" lon="126.920158"><time>2026-08-30T04:32:21.001Z</time><ele>18.29</ele></trkpt><trkpt lat="37.061823" lon="126.920073"><time>2026-08-30T04:32:22.001Z</time><ele>18.23</ele></trkpt><trkpt lat="37.061895" lon="126.919997"><time>2026-08-30T04:32:23.001Z</time><ele>17.71</ele></trkpt><trkpt lat="37.061957" lon="126.91992"><time>2026-08-30T04:32:24.001Z</time><ele>17.45</ele></trkpt><trkpt lat="37.062015" lon="126.919848"><time>2026-08-30T04:32:25.001Z</time><ele>17.3</ele></trkpt><trkpt lat="37.062072" lon="126.91978"><time>2026-08-30T04:32:26.001Z</time><ele>17.39</ele></trkpt><trkpt lat="37.062125" lon="126.919718"><time>2026-08-30T04:32:27.001Z</time><ele>17.43</ele></trkpt><trkpt lat="37.062176" lon="126.919666"><time>2026-08-30T04:32:28.001Z</time><ele>17.59</ele></trkpt><trkpt lat="37.062216" lon="126.919619"><time>2026-08-30T04:32:29.001Z</time><ele>17.31</ele></trkpt><trkpt lat="37.062252" lon="126.919579"><time>2026-08-30T04:32:30.001Z</time><ele>17.4</ele></trkpt><trkpt lat="37.062286" lon="126.919539"><time>2026-08-30T04:32:31.001Z</time><ele>17.58</ele></trkpt><trkpt lat="37.062331" lon="126.919489"><time>2026-08-30T04:32:33.001Z</time><ele>17.82</ele></trkpt><trkpt lat="37.062376" lon="126.919433"><time>2026-08-30T04:32:47.000Z</time><ele>18.37</ele></trkpt><trkpt lat="37.062444" lon="126.919354"><time>2026-08-30T04:32:49.000Z</time><ele>18.16</ele></trkpt><trkpt lat="37.062484" lon="126.919308"><time>2026-08-30T04:32:50.000Z</time><ele>18.22</ele></trkpt><trkpt lat="37.062533" lon="126.919253"><time>2026-08-30T04:32:51.000Z</time><ele>18.15</ele></trkpt><trkpt lat="37.062591" lon="126.919192"><time>2026-08-30T04:32:52.000Z</time><ele>17.99</ele></trkpt><trkpt lat="37.062646" lon="126.919134"><time>2026-08-30T04:32:53.000Z</time><ele>17.98</ele></trkpt><trkpt lat="37.062695" lon="126.919078"><time>2026-08-30T04:32:54.000Z</time><ele>17.71</ele></trkpt><trkpt lat="37.062744" lon="126.919022"><time>2026-08-30T04:32:55.000Z</time><ele>17.72</ele></trkpt><trkpt lat="37.062797" lon="126.918968"><time>2026-08-30T04:32:56.000Z</time><ele>17.57</ele></trkpt><trkpt lat="37.062851" lon="126.918912"><time>2026-08-30T04:32:57.000Z</time><ele>17.61</ele></trkpt><trkpt lat="37.062905" lon="126.91886"><time>2026-08-30T04:32:58.000Z</time><ele>18.09</ele></trkpt><trkpt lat="37.062967" lon="126.918802"><time>2026-08-30T04:32:59.000Z</time><ele>18.41</ele></trkpt><trkpt lat="37.063032" lon="126.918735"><time>2026-08-30T04:33:00.000Z</time><ele>18.59</ele></trkpt><trkpt lat="37.063112" lon="126.918668"><time>2026-08-30T04:33:01.000Z</time><ele>19.78</ele></trkpt><trkpt lat="37.063177" lon="126.918586"><time>2026-08-30T04:33:02.000Z</time><ele>19.6</ele></trkpt><trkpt lat="37.06325" lon="126.918503"><time>2026-08-30T04:33:03.000Z</time><ele>19.48</ele></trkpt><trkpt lat="37.063324" lon="126.918418"><time>2026-08-30T04:33:04.000Z</time><ele>19.21</ele></trkpt><trkpt lat="37.063406" lon="126.918327"><time>2026-08-30T04:33:05.000Z</time><ele>19.33</ele></trkpt><trkpt lat="37.063494" lon="126.918227"><time>2026-08-30T04:33:06.000Z</time><ele>18.73</ele></trkpt><trkpt lat="37.063585" lon="126.918123"><time>2026-08-30T04:33:07.000Z</time><ele>18.65</ele></trkpt><trkpt lat="37.063679" lon="126.918012"><time>2026-08-30T04:33:08.000Z</time><ele>18.99</ele></trkpt><trkpt lat="37.063782" lon="126.917904"><time>2026-08-30T04:33:09.000Z</time><ele>18.59</ele></trkpt><trkpt lat="37.063884" lon="126.917799"><time>2026-08-30T04:33:10.000Z</time><ele>18.52</ele></trkpt><trkpt lat="37.063983" lon="126.9177"><time>2026-08-30T04:33:11.000Z</time><ele>18.16</ele></trkpt><trkpt lat="37.064082" lon="126.917606"><time>2026-08-30T04:33:12.000Z</time><ele>17.7</ele></trkpt><trkpt lat="37.064183" lon="126.917509"><time>2026-08-30T04:33:13.000Z</time><ele>17.64</ele></trkpt><trkpt lat="37.06429" lon="126.917415"><time>2026-08-30T04:33:14.000Z</time><ele>17.92</ele></trkpt><trkpt lat="37.064396" lon="126.917324"><time>2026-08-30T04:33:15.000Z</time><ele>18.29</ele></trkpt><trkpt lat="37.064493" lon="126.917238"><time>2026-08-30T04:33:16.000Z</time><ele>18.25</ele></trkpt><trkpt lat="37.064588" lon="126.917156"><time>2026-08-30T04:33:17.000Z</time><ele>18.29</ele></trkpt><trkpt lat="37.064688" lon="126.917071"><time>2026-08-30T04:33:18.000Z</time><ele>18.25</ele></trkpt><trkpt lat="37.064787" lon="126.916994"><time>2026-08-30T04:33:19.000Z</time><ele>18.58</ele></trkpt><trkpt lat="37.06488" lon="126.916921"><time>2026-08-30T04:33:20.000Z</time><ele>18.76</ele></trkpt><trkpt lat="37.064977" lon="126.916849"><time>2026-08-30T04:33:21.000Z</time><ele>19.73</ele></trkpt><trkpt lat="37.065074" lon="126.916778"><time>2026-08-30T04:33:22.000Z</time><ele>19.42</ele></trkpt><trkpt lat="37.065177" lon="126.916704"><time>2026-08-30T04:33:23.000Z</time><ele>19.95</ele></trkpt><trkpt lat="37.065281" lon="126.916627"><time>2026-08-30T04:33:24.000Z</time><ele>20.31</ele></trkpt><trkpt lat="37.065393" lon="126.91655"><time>2026-08-30T04:33:25.000Z</time><ele>21.33</ele></trkpt><trkpt lat="37.065511" lon="126.916477"><time>2026-08-30T04:33:26.001Z</time><ele>21.58</ele></trkpt><trkpt lat="37.065627" lon="126.916406"><time>2026-08-30T04:33:27.001Z</time><ele>21.49</ele></trkpt><trkpt lat="37.065746" lon="126.916334"><time>2026-08-30T04:33:28.001Z</time><ele>21.77</ele></trkpt><trkpt lat="37.065869" lon="126.916266"><time>2026-08-30T04:33:29.001Z</time><ele>22.14</ele></trkpt><trkpt lat="37.065993" lon="126.916198"><time>2026-08-30T04:33:30.001Z</time><ele>22.35</ele></trkpt><trkpt lat="37.06612" lon="126.916133"><time>2026-08-30T04:33:31.001Z</time><ele>22.56</ele></trkpt><trkpt lat="37.066248" lon="126.916067"><time>2026-08-30T04:33:32.001Z</time><ele>22.63</ele></trkpt><trkpt lat="37.066381" lon="126.916"><time>2026-08-30T04:33:33.001Z</time><ele>22.98</ele></trkpt><trkpt lat="37.06651" lon="126.91594"><time>2026-08-30T04:33:34.001Z</time><ele>23.69</ele></trkpt><trkpt lat="37.066641" lon="126.915886"><time>2026-08-30T04:33:35.001Z</time><ele>23.48</ele></trkpt><trkpt lat="37.066779" lon="126.915835"><time>2026-08-30T04:33:36.001Z</time><ele>23.7</ele></trkpt><trkpt lat="37.066923" lon="126.915792"><time>2026-08-30T04:33:37.001Z</time><ele>23.9</ele></trkpt><trkpt lat="37.067068" lon="126.915749"><time>2026-08-30T04:33:38.001Z</time><ele>23.98</ele></trkpt><trkpt lat="37.067212" lon="126.915699"><time>2026-08-30T04:33:39.001Z</time><ele>23.99</ele></trkpt><trkpt lat="37.067351" lon="126.915651"><time>2026-08-30T04:33:40.001Z</time><ele>23.75</ele></trkpt><trkpt lat="37.067495" lon="126.915601"><time>2026-08-30T04:33:41.001Z</time><ele>24.37</ele></trkpt><trkpt lat="37.067644" lon="126.915551"><time>2026-08-30T04:33:42.001Z</time><ele>24.12</ele></trkpt><trkpt lat="37.067787" lon="126.915502"><time>2026-08-30T04:33:43.001Z</time><ele>24.52</ele></trkpt><trkpt lat="37.067927" lon="126.915451"><time>2026-08-30T04:33:44.001Z</time><ele>24.54</ele></trkpt><trkpt lat="37.068071" lon="126.915404"><time>2026-08-30T04:33:45.001Z</time><ele>23.95</ele></trkpt><trkpt lat="37.068212" lon="126.915354"><time>2026-08-30T04:33:46.001Z</time><ele>24.26</ele></trkpt><trkpt lat="37.068349" lon="126.915297"><time>2026-08-30T04:33:47.001Z</time><ele>23.9</ele></trkpt><trkpt lat="37.068496" lon="126.915242"><time>2026-08-30T04:33:48.001Z</time><ele>24.2</ele></trkpt><trkpt lat="37.068647" lon="126.915191"><time>2026-08-30T04:33:49.001Z</time><ele>23.55</ele></trkpt><trkpt lat="37.068811" lon="126.915154"><time>2026-08-30T04:33:50.001Z</time><ele>23.09</ele></trkpt><trkpt lat="37.068989" lon="126.915128"><time>2026-08-30T04:33:51.001Z</time><ele>22.98</ele></trkpt><trkpt lat="37.069175" lon="126.915091"><time>2026-08-30T04:33:52.001Z</time><ele>23.2</ele></trkpt><trkpt lat="37.069364" lon="126.915045"><time>2026-08-30T04:33:53.001Z</time><ele>23.67</ele></trkpt><trkpt lat="37.069558" lon="126.915006"><time>2026-08-30T04:33:54.001Z</time><ele>23.55</ele></trkpt><trkpt lat="37.069756" lon="126.914963"><time>2026-08-30T04:33:55.001Z</time><ele>23.99</ele></trkpt><trkpt lat="37.069957" lon="126.91492"><time>2026-08-30T04:33:56.001Z</time><ele>24.73</ele></trkpt><trkpt lat="37.070159" lon="126.91487"><time>2026-08-30T04:33:57.001Z</time><ele>25.24</ele></trkpt><trkpt lat="37.070353" lon="126.914827"><time>2026-08-30T04:33:58.001Z</time><ele>25.49</ele></trkpt><trkpt lat="37.070531" lon="126.914794"><time>2026-08-30T04:33:59.001Z</time><ele>25.1</ele></trkpt><trkpt lat="37.070701" lon="126.914763"><time>2026-08-30T04:34:00.001Z</time><ele>25.38</ele></trkpt><trkpt lat="37.070875" lon="126.91474"><time>2026-08-30T04:34:01.001Z</time><ele>25.82</ele></trkpt><trkpt lat="37.071044" lon="126.914715"><time>2026-08-30T04:34:02.001Z</time><ele>27.02</ele></trkpt><trkpt lat="37.071218" lon="126.914707"><time>2026-08-30T04:34:03.001Z</time><ele>27.42</ele></trkpt><trkpt lat="37.071393" lon="126.914711"><time>2026-08-30T04:34:04.001Z</time><ele>28.66</ele></trkpt><trkpt lat="37.071571" lon="126.914728"><time>2026-08-30T04:34:05.001Z</time><ele>29.56</ele></trkpt><trkpt lat="37.071755" lon="126.914761"><time>2026-08-30T04:34:06.001Z</time><ele>30.13</ele></trkpt><trkpt lat="37.071938" lon="126.914817"><time>2026-08-30T04:34:07.001Z</time><ele>31.29</ele></trkpt><trkpt lat="37.072123" lon="126.914886"><time>2026-08-30T04:34:08.001Z</time><ele>31.45</ele></trkpt><trkpt lat="37.072311" lon="126.91497"><time>2026-08-30T04:34:09.001Z</time><ele>33.6</ele></trkpt><trkpt lat="37.072493" lon="126.915072"><time>2026-08-30T04:34:10.001Z</time><ele>34.53</ele></trkpt><trkpt lat="37.072669" lon="126.915193"><time>2026-08-30T04:34:11.001Z</time><ele>35.55</ele></trkpt><trkpt lat="37.072834" lon="126.915325"><time>2026-08-30T04:34:12.001Z</time><ele>36.67</ele></trkpt><trkpt lat="37.073001" lon="126.915479"><time>2026-08-30T04:34:13.001Z</time><ele>36.62</ele></trkpt><trkpt lat="37.073161" lon="126.915647"><time>2026-08-30T04:34:14.001Z</time><ele>37.72</ele></trkpt><trkpt lat="37.073308" lon="126.915834"><time>2026-08-30T04:34:15.001Z</time><ele>37.24</ele></trkpt><trkpt lat="37.073449" lon="126.916032"><time>2026-08-30T04:34:16.001Z</time><ele>37.75</ele></trkpt><trkpt lat="37.073588" lon="126.916227"><time>2026-08-30T04:34:17.001Z</time><ele>37.35</ele></trkpt><trkpt lat="37.07372" lon="126.916411"><time>2026-08-30T04:34:18.001Z</time><ele>36.97</ele></trkpt><trkpt lat="37.073853" lon="126.9166"><time>2026-08-30T04:34:19.001Z</time><ele>36.31</ele></trkpt><trkpt lat="37.07394" lon="126.916843"><time>2026-08-30T04:34:20.001Z</time><ele>37.17</ele></trkpt><trkpt lat="37.074056" lon="126.917033"><time>2026-08-30T04:34:21.001Z</time><ele>36.15</ele></trkpt><trkpt lat="37.074158" lon="126.917208"><time>2026-08-30T04:34:22.001Z</time><ele>36.42</ele></trkpt><trkpt lat="37.074277" lon="126.917395"><time>2026-08-30T04:34:23.001Z</time><ele>36.04</ele></trkpt><trkpt lat="37.074416" lon="126.917591"><time>2026-08-30T04:34:24.001Z</time><ele>37.15</ele></trkpt><trkpt lat="37.074557" lon="126.9178"><time>2026-08-30T04:34:25.001Z</time><ele>37.13</ele></trkpt><trkpt lat="37.074686" lon="126.918038"><time>2026-08-30T04:34:26.001Z</time><ele>36.99</ele></trkpt><trkpt lat="37.07483" lon="126.918282"><time>2026-08-30T04:34:27.001Z</time><ele>36.89</ele></trkpt><trkpt lat="37.074975" lon="126.918535"><time>2026-08-30T04:34:28.001Z</time><ele>37.04</ele></trkpt><trkpt lat="37.075135" lon="126.918788"><time>2026-08-30T04:34:29.001Z</time><ele>37.85</ele></trkpt><trkpt lat="37.075308" lon="126.919032"><time>2026-08-30T04:34:30.001Z</time><ele>38.09</ele></trkpt><trkpt lat="37.07549" lon="126.919266"><time>2026-08-30T04:34:31.001Z</time><ele>38.35</ele></trkpt><trkpt lat="37.075679" lon="126.919496"><time>2026-08-30T04:34:32.001Z</time><ele>38.35</ele></trkpt><trkpt lat="37.075877" lon="126.919722"><time>2026-08-30T04:34:33.001Z</time><ele>38.33</ele></trkpt><trkpt lat="37.076081" lon="126.919941"><time>2026-08-30T04:34:34.001Z</time><ele>37.81</ele></trkpt><trkpt lat="37.076295" lon="126.920147"><time>2026-08-30T04:34:35.001Z</time><ele>37.55</ele></trkpt><trkpt lat="37.076516" lon="126.920341"><time>2026-08-30T04:34:36.001Z</time><ele>37.44</ele></trkpt><trkpt lat="37.076744" lon="126.920524"><time>2026-08-30T04:34:37.001Z</time><ele>37.3</ele></trkpt><trkpt lat="37.076977" lon="126.920697"><time>2026-08-30T04:34:38.001Z</time><ele>36.93</ele></trkpt><trkpt lat="37.077221" lon="126.920854"><time>2026-08-30T04:34:39.001Z</time><ele>36.48</ele></trkpt><trkpt lat="37.077473" lon="126.921"><time>2026-08-30T04:34:40.001Z</time><ele>36.13</ele></trkpt><trkpt lat="37.07773" lon="126.921137"><time>2026-08-30T04:34:41.002Z</time><ele>35.8</ele></trkpt><trkpt lat="37.07799" lon="126.921268"><time>2026-08-30T04:34:42.002Z</time><ele>35.49</ele></trkpt><trkpt lat="37.078253" lon="126.921397"><time>2026-08-30T04:34:43.000Z</time><ele>35.57</ele></trkpt><trkpt lat="37.078514" lon="126.921511"><time>2026-08-30T04:34:44.000Z</time><ele>35.35</ele></trkpt><trkpt lat="37.07876" lon="126.92163"><time>2026-08-30T04:34:45.000Z</time><ele>35.83</ele></trkpt><trkpt lat="37.079006" lon="126.921745"><time>2026-08-30T04:34:46.000Z</time><ele>36.12</ele></trkpt><trkpt lat="37.07925" lon="126.92186"><time>2026-08-30T04:34:47.000Z</time><ele>36.27</ele></trkpt><trkpt lat="37.079493" lon="126.921972"><time>2026-08-30T04:34:48.000Z</time><ele>36.77</ele></trkpt><trkpt lat="37.079736" lon="126.922082"><time>2026-08-30T04:34:49.000Z</time><ele>36.94</ele></trkpt><trkpt lat="37.079978" lon="126.922195"><time>2026-08-30T04:34:50.000Z</time><ele>37.3</ele></trkpt><trkpt lat="37.080225" lon="126.922309"><time>2026-08-30T04:34:51.000Z</time><ele>37.43</ele></trkpt><trkpt lat="37.080465" lon="126.922423"><time>2026-08-30T04:34:52.000Z</time><ele>37.15</ele></trkpt><trkpt lat="37.080704" lon="126.922535"><time>2026-08-30T04:34:53.000Z</time><ele>37.55</ele></trkpt><trkpt lat="37.080949" lon="126.922651"><time>2026-08-30T04:34:54.000Z</time><ele>37.75</ele></trkpt><trkpt lat="37.081197" lon="126.922769"><time>2026-08-30T04:34:55.000Z</time><ele>37.27</ele></trkpt><trkpt lat="37.081438" lon="126.922886"><time>2026-08-30T04:34:56.000Z</time><ele>37.04</ele></trkpt><trkpt lat="37.081695" lon="126.92301"><time>2026-08-30T04:34:57.000Z</time><ele>36.64</ele></trkpt><trkpt lat="37.081957" lon="126.923128"><time>2026-08-30T04:34:58.000Z</time><ele>36.56</ele></trkpt><trkpt lat="37.082206" lon="126.923246"><time>2026-08-30T04:34:59.000Z</time><ele>36.9</ele></trkpt><trkpt lat="37.082448" lon="126.923358"><time>2026-08-30T04:35:00.000Z</time><ele>37.7</ele></trkpt><trkpt lat="37.082694" lon="126.923466"><time>2026-08-30T04:35:01.000Z</time><ele>37.75</ele></trkpt><trkpt lat="37.082946" lon="126.923561"><time>2026-08-30T04:35:02.000Z</time><ele>37.82</ele></trkpt><trkpt lat="37.083192" lon="126.923638"><time>2026-08-30T04:35:03.000Z</time><ele>37.38</ele></trkpt><trkpt lat="37.083447" lon="126.923705"><time>2026-08-30T04:35:04.000Z</time><ele>37.59</ele></trkpt><trkpt lat="37.083704" lon="126.923763"><time>2026-08-30T04:35:05.000Z</time><ele>38.28</ele></trkpt><trkpt lat="37.083966" lon="126.923806"><time>2026-08-30T04:35:06.000Z</time><ele>38.2</ele></trkpt><trkpt lat="37.084231" lon="126.923832"><time>2026-08-30T04:35:07.000Z</time><ele>38.57</ele></trkpt><trkpt lat="37.084495" lon="126.923852"><time>2026-08-30T04:35:08.000Z</time><ele>38.76</ele></trkpt><trkpt lat="37.084769" lon="126.923865"><time>2026-08-30T04:35:09.000Z</time><ele>38.74</ele></trkpt><trkpt lat="37.085037" lon="126.923877"><time>2026-08-30T04:35:10.000Z</time><ele>38.83</ele></trkpt><trkpt lat="37.085305" lon="126.923895"><time>2026-08-30T04:35:11.000Z</time><ele>38.93</ele></trkpt><trkpt lat="37.085574" lon="126.92391"><time>2026-08-30T04:35:12.000Z</time><ele>39.19</ele></trkpt><trkpt lat="37.085842" lon="126.923924"><time>2026-08-30T04:35:13.000Z</time><ele>39.54</ele></trkpt><trkpt lat="37.086106" lon="126.923939"><time>2026-08-30T04:35:14.000Z</time><ele>39.5</ele></trkpt><trkpt lat="37.086378" lon="126.923952"><time>2026-08-30T04:35:15.000Z</time><ele>40.42</ele></trkpt><trkpt lat="37.086651" lon="126.923967"><time>2026-08-30T04:35:16.000Z</time><ele>40.08</ele></trkpt><trkpt lat="37.08694" lon="126.923979"><time>2026-08-30T04:35:17.000Z</time><ele>40.88</ele></trkpt><trkpt lat="37.087233" lon="126.923993"><time>2026-08-30T04:35:18.000Z</time><ele>41.94</ele></trkpt><trkpt lat="37.087523" lon="126.924006"><time>2026-08-30T04:35:19.000Z</time><ele>42.41</ele></trkpt><trkpt lat="37.087804" lon="126.924021"><time>2026-08-30T04:35:20.000Z</time><ele>42.51</ele></trkpt><trkpt lat="37.088085" lon="126.924037"><time>2026-08-30T04:35:21.000Z</time><ele>42.84</ele></trkpt><trkpt lat="37.088364" lon="126.924053"><time>2026-08-30T04:35:22.000Z</time><ele>43.67</ele></trkpt><trkpt lat="37.088644" lon="126.924062"><time>2026-08-30T04:35:23.000Z</time><ele>44.14</ele></trkpt><trkpt lat="37.088922" lon="126.924073"><time>2026-08-30T04:35:24.000Z</time><ele>44.42</ele></trkpt><trkpt lat="37.089196" lon="126.924087"><time>2026-08-30T04:35:25.000Z</time><ele>45.38</ele></trkpt><trkpt lat="37.089467" lon="126.924106"><time>2026-08-30T04:35:26.000Z</time><ele>45.65</ele></trkpt><trkpt lat="37.089737" lon="126.924123"><time>2026-08-30T04:35:27.000Z</time><ele>45.99</ele></trkpt><trkpt lat="37.090011" lon="126.924136"><time>2026-08-30T04:35:28.000Z</time><ele>46.81</ele></trkpt><trkpt lat="37.090287" lon="126.92415"><time>2026-08-30T04:35:29.000Z</time><ele>46.92</ele></trkpt><trkpt lat="37.090561" lon="126.92416"><time>2026-08-30T04:35:30.000Z</time><ele>47.52</ele></trkpt><trkpt lat="37.090834" lon="126.924175"><time>2026-08-30T04:35:31.000Z</time><ele>48.06</ele></trkpt><trkpt lat="37.091108" lon="126.924191"><time>2026-08-30T04:35:32.000Z</time><ele>47.57</ele></trkpt><trkpt lat="37.091383" lon="126.924205"><time>2026-08-30T04:35:33.001Z</time><ele>48.12</ele></trkpt><trkpt lat="37.091656" lon="126.924221"><time>2026-08-30T04:35:34.001Z</time><ele>48.51</ele></trkpt><trkpt lat="37.091931" lon="126.924235"><time>2026-08-30T04:35:35.001Z</time><ele>48.75</ele></trkpt><trkpt lat="37.092205" lon="126.924249"><time>2026-08-30T04:35:36.001Z</time><ele>49.45</ele></trkpt><trkpt lat="37.092482" lon="126.924268"><time>2026-08-30T04:35:37.001Z</time><ele>50.21</ele></trkpt><trkpt lat="37.092759" lon="126.924284"><time>2026-08-30T04:35:38.001Z</time><ele>50.33</ele></trkpt><trkpt lat="37.093043" lon="126.924297"><time>2026-08-30T04:35:39.001Z</time><ele>50.39</ele></trkpt><trkpt lat="37.093333" lon="126.924311"><time>2026-08-30T04:35:40.001Z</time><ele>50.84</ele></trkpt><trkpt lat="37.093629" lon="126.924326"><time>2026-08-30T04:35:41.001Z</time><ele>50.7</ele></trkpt><trkpt lat="37.093926" lon="126.924343"><time>2026-08-30T04:35:42.001Z</time><ele>50.88</ele></trkpt><trkpt lat="37.094223" lon="126.924356"><time>2026-08-30T04:35:43.001Z</time><ele>50.61</ele></trkpt><trkpt lat="37.094525" lon="126.924376"><time>2026-08-30T04:35:44.001Z</time><ele>49.67</ele></trkpt><trkpt lat="37.094826" lon="126.924391"><time>2026-08-30T04:35:45.001Z</time><ele>49.52</ele></trkpt><trkpt lat="37.095124" lon="126.924403"><time>2026-08-30T04:35:46.001Z</time><ele>49.13</ele></trkpt><trkpt lat="37.095423" lon="126.924413"><time>2026-08-30T04:35:47.001Z</time><ele>49.11</ele></trkpt><trkpt lat="37.095722" lon="126.924432"><time>2026-08-30T04:35:48.001Z</time><ele>48.55</ele></trkpt><trkpt lat="37.09602" lon="126.924451"><time>2026-08-30T04:35:49.001Z</time><ele>48.21</ele></trkpt><trkpt lat="37.096322" lon="126.924467"><time>2026-08-30T04:35:50.001Z</time><ele>47.74</ele></trkpt><trkpt lat="37.096627" lon="126.924479"><time>2026-08-30T04:35:51.001Z</time><ele>47.37</ele></trkpt><trkpt lat="37.096931" lon="126.924485"><time>2026-08-30T04:35:52.001Z</time><ele>47.06</ele></trkpt><trkpt lat="37.09724" lon="126.924486"><time>2026-08-30T04:35:53.001Z</time><ele>46.92</ele></trkpt><trkpt lat="37.09755" lon="126.924483"><time>2026-08-30T04:35:54.001Z</time><ele>46.07</ele></trkpt><trkpt lat="37.097864" lon="126.924472"><time>2026-08-30T04:35:55.001Z</time><ele>47.01</ele></trkpt><trkpt lat="37.098178" lon="126.924457"><time>2026-08-30T04:35:56.001Z</time><ele>47.37</ele></trkpt><trkpt lat="37.098494" lon="126.924447"><time>2026-08-30T04:35:57.001Z</time><ele>46.9</ele></trkpt><trkpt lat="37.09881" lon="126.924441"><time>2026-08-30T04:35:58.001Z</time><ele>47.09</ele></trkpt><trkpt lat="37.09912" lon="126.92443"><time>2026-08-30T04:35:59.001Z</time><ele>46.85</ele></trkpt><trkpt lat="37.099431" lon="126.924417"><time>2026-08-30T04:36:00.001Z</time><ele>46.03</ele></trkpt><trkpt lat="37.099738" lon="126.924398"><time>2026-08-30T04:36:01.001Z</time><ele>46.42</ele></trkpt><trkpt lat="37.10005" lon="126.924385"><time>2026-08-30T04:36:02.001Z</time><ele>45.83</ele></trkpt><trkpt lat="37.100358" lon="126.924374"><time>2026-08-30T04:36:03.001Z</time><ele>45.21</ele></trkpt><trkpt lat="37.100668" lon="126.924361"><time>2026-08-30T04:36:04.001Z</time><ele>45.03</ele></trkpt><trkpt lat="37.100979" lon="126.924345"><time>2026-08-30T04:36:05.001Z</time><ele>45.84</ele></trkpt><trkpt lat="37.101288" lon="126.924333"><time>2026-08-30T04:36:06.001Z</time><ele>45.68</ele></trkpt><trkpt lat="37.101596" lon="126.924321"><time>2026-08-30T04:36:07.001Z</time><ele>45.01</ele></trkpt><trkpt lat="37.101906" lon="126.924309"><time>2026-08-30T04:36:08.001Z</time><ele>44.65</ele></trkpt><trkpt lat="37.102218" lon="126.924305"><time>2026-08-30T04:36:09.001Z</time><ele>44.12</ele></trkpt><trkpt lat="37.102536" lon="126.924304"><time>2026-08-30T04:36:10.001Z</time><ele>44.83</ele></trkpt><trkpt lat="37.102853" lon="126.924301"><time>2026-08-30T04:36:11.001Z</time><ele>44.5</ele></trkpt><trkpt lat="37.103169" lon="126.924293"><time>2026-08-30T04:36:12.001Z</time><ele>44.56</ele></trkpt><trkpt lat="37.103484" lon="126.924291"><time>2026-08-30T04:36:13.001Z</time><ele>44.64</ele></trkpt><trkpt lat="37.103795" lon="126.924294"><time>2026-08-30T04:36:14.001Z</time><ele>44.87</ele></trkpt><trkpt lat="37.104099" lon="126.924309"><time>2026-08-30T04:36:15.001Z</time><ele>44.97</ele></trkpt><trkpt lat="37.104396" lon="126.92433"><time>2026-08-30T04:36:16.001Z</time><ele>45.12</ele></trkpt><trkpt lat="37.104691" lon="126.924361"><time>2026-08-30T04:36:17.001Z</time><ele>45.93</ele></trkpt><trkpt lat="37.104975" lon="126.924394"><time>2026-08-30T04:36:18.001Z</time><ele>46.94</ele></trkpt><trkpt lat="37.105257" lon="126.924436"><time>2026-08-30T04:36:19.001Z</time><ele>46.93</ele></trkpt><trkpt lat="37.105537" lon="126.924484"><time>2026-08-30T04:36:20.001Z</time><ele>47.45</ele></trkpt><trkpt lat="37.10581" lon="126.924537"><time>2026-08-30T04:36:21.001Z</time><ele>48.04</ele></trkpt><trkpt lat="37.106086" lon="126.924597"><time>2026-08-30T04:36:22.001Z</time><ele>49.04</ele></trkpt><trkpt lat="37.106357" lon="126.924659"><time>2026-08-30T04:36:23.001Z</time><ele>49.43</ele></trkpt><trkpt lat="37.107714" lon="126.925096"><time>2026-08-30T04:36:28.001Z</time><ele>52.76</ele></trkpt><trkpt lat="37.107951" lon="126.925179"><time>2026-08-30T04:36:29.001Z</time><ele>53.21</ele></trkpt><trkpt lat="37.108176" lon="126.925254"><time>2026-08-30T04:36:30.001Z</time><ele>53.62</ele></trkpt><trkpt lat="37.108382" lon="126.925326"><time>2026-08-30T04:36:31.001Z</time><ele>53.53</ele></trkpt><trkpt lat="37.108579" lon="126.925401"><time>2026-08-30T04:36:32.001Z</time><ele>53.63</ele></trkpt><trkpt lat="37.108761" lon="126.925475"><time>2026-08-30T04:36:33.001Z</time><ele>54.55</ele></trkpt><trkpt lat="37.108943" lon="126.925549"><time>2026-08-30T04:36:34.001Z</time><ele>55.57</ele></trkpt><trkpt lat="37.109118" lon="126.925609"><time>2026-08-30T04:36:35.001Z</time><ele>55.57</ele></trkpt><trkpt lat="37.109279" lon="126.925665"><time>2026-08-30T04:36:36.001Z</time><ele>55.45</ele></trkpt><trkpt lat="37.109432" lon="126.925719"><time>2026-08-30T04:36:37.001Z</time><ele>55.53</ele></trkpt><trkpt lat="37.109587" lon="126.925779"><time>2026-08-30T04:36:38.001Z</time><ele>56.19</ele></trkpt><trkpt lat="37.109743" lon="126.925849"><time>2026-08-30T04:36:39.001Z</time><ele>55.89</ele></trkpt><trkpt lat="37.109893" lon="126.925933"><time>2026-08-30T04:36:40.001Z</time><ele>55.62</ele></trkpt><trkpt lat="37.11004" lon="126.926019"><time>2026-08-30T04:36:41.001Z</time><ele>55.13</ele></trkpt><trkpt lat="37.110188" lon="126.926097"><time>2026-08-30T04:36:42.001Z</time><ele>54.79</ele></trkpt><trkpt lat="37.110322" lon="126.92618"><time>2026-08-30T04:36:43.001Z</time><ele>53.54</ele></trkpt><trkpt lat="37.110452" lon="126.926267"><time>2026-08-30T04:36:44.001Z</time><ele>52.36</ele></trkpt><trkpt lat="37.110581" lon="126.926353"><time>2026-08-30T04:36:45.001Z</time><ele>51.54</ele></trkpt><trkpt lat="37.110711" lon="126.926435"><time>2026-08-30T04:36:46.001Z</time><ele>50.31</ele></trkpt><trkpt lat="37.110842" lon="126.92651"><time>2026-08-30T04:36:47.001Z</time><ele>49.57</ele></trkpt><trkpt lat="37.110967" lon="126.926584"><time>2026-08-30T04:36:48.002Z</time><ele>49.06</ele></trkpt><trkpt lat="37.111082" lon="126.926667"><time>2026-08-30T04:36:49.000Z</time><ele>49.16</ele></trkpt><trkpt lat="37.111178" lon="126.926709"><time>2026-08-30T04:36:50.000Z</time><ele>49.09</ele></trkpt><trkpt lat="37.111222" lon="126.926913"><time>2026-08-30T04:36:52.000Z</time><ele>49.46</ele></trkpt><trkpt lat="37.111217" lon="126.927002"><time>2026-08-30T04:36:53.000Z</time><ele>50.27</ele></trkpt><trkpt lat="37.111192" lon="126.927104"><time>2026-08-30T04:36:54.000Z</time><ele>50.84</ele></trkpt><trkpt lat="37.111144" lon="126.927205"><time>2026-08-30T04:36:55.000Z</time><ele>51.66</ele></trkpt><trkpt lat="37.111099" lon="126.927321"><time>2026-08-30T04:36:56.000Z</time><ele>52.25</ele></trkpt><trkpt lat="37.111064" lon="126.927459"><time>2026-08-30T04:36:57.000Z</time><ele>52.96</ele></trkpt><trkpt lat="37.111025" lon="126.927602"><time>2026-08-30T04:36:58.000Z</time><ele>54.55</ele></trkpt><trkpt lat="37.110981" lon="126.92775"><time>2026-08-30T04:36:59.000Z</time><ele>55.87</ele></trkpt><trkpt lat="37.110937" lon="126.927902"><time>2026-08-30T04:37:00.000Z</time><ele>56.98</ele></trkpt><trkpt lat="37.110885" lon="126.92806"><time>2026-08-30T04:37:01.000Z</time><ele>57.7</ele></trkpt><trkpt lat="37.110839" lon="126.928223"><time>2026-08-30T04:37:02.000Z</time><ele>58.71</ele></trkpt><trkpt lat="37.110795" lon="126.928389"><time>2026-08-30T04:37:03.000Z</time><ele>59.81</ele></trkpt><trkpt lat="37.110755" lon="126.928528"><time>2026-08-30T04:37:04.000Z</time><ele>60.79</ele></trkpt><trkpt lat="37.110722" lon="126.92865"><time>2026-08-30T04:37:05.000Z</time><ele>61.42</ele></trkpt><trkpt lat="37.110692" lon="126.928757"><time>2026-08-30T04:37:06.000Z</time><ele>61.67</ele></trkpt><trkpt lat="37.110664" lon="126.928852"><time>2026-08-30T04:37:07.000Z</time><ele>61.83</ele></trkpt><trkpt lat="37.110632" lon="126.928952"><time>2026-08-30T04:37:08.000Z</time><ele>62.38</ele></trkpt><trkpt lat="37.110608" lon="126.929033"><time>2026-08-30T04:37:09.000Z</time><ele>62.63</ele></trkpt><trkpt lat="37.110585" lon="126.929109"><time>2026-08-30T04:37:10.000Z</time><ele>62.8</ele></trkpt><trkpt lat="37.110566" lon="126.92917"><time>2026-08-30T04:37:11.000Z</time><ele>62.99</ele></trkpt><trkpt lat="37.110548" lon="126.929226"><time>2026-08-30T04:37:12.000Z</time><ele>63.18</ele></trkpt><trkpt lat="37.110518" lon="126.92931"><time>2026-08-30T04:37:14.000Z</time><ele>63.69</ele></trkpt><trkpt lat="37.110498" lon="126.929362"><time>2026-08-30T04:37:32.000Z</time><ele>65.35</ele></trkpt><trkpt lat="37.110458" lon="126.929328"><time>2026-08-30T04:37:50.001Z</time><ele>66.47</ele></trkpt><trkpt lat="37.110471" lon="126.929493"><time>2026-08-30T04:37:52.001Z</time><ele>67.31</ele></trkpt><trkpt lat="37.110451" lon="126.929562"><time>2026-08-30T04:37:53.001Z</time><ele>67.43</ele></trkpt><trkpt lat="37.110427" lon="126.929648"><time>2026-08-30T04:37:54.001Z</time><ele>67.81</ele></trkpt><trkpt lat="37.1104" lon="126.929739"><time>2026-08-30T04:37:55.001Z</time><ele>67.38</ele></trkpt><trkpt lat="37.110368" lon="126.929837"><time>2026-08-30T04:37:56.001Z</time><ele>67.51</ele></trkpt><trkpt lat="37.110339" lon="126.929938"><time>2026-08-30T04:37:57.001Z</time><ele>67.59</ele></trkpt><trkpt lat="37.11031" lon="126.930043"><time>2026-08-30T04:37:58.001Z</time><ele>67.21</ele></trkpt><trkpt lat="37.110277" lon="126.930151"><time>2026-08-30T04:37:59.001Z</time><ele>67.96</ele></trkpt><trkpt lat="37.110246" lon="126.930264"><time>2026-08-30T04:38:00.001Z</time><ele>68.2</ele></trkpt><trkpt lat="37.11021" lon="126.930381"><time>2026-08-30T04:38:01.001Z</time><ele>68.41</ele></trkpt><trkpt lat="37.110181" lon="126.930487"><time>2026-08-30T04:38:02.001Z</time><ele>68.28</ele></trkpt><trkpt lat="37.110152" lon="126.930595"><time>2026-08-30T04:38:03.001Z</time><ele>68.95</ele></trkpt><trkpt lat="37.110121" lon="126.930708"><time>2026-08-30T04:38:04.001Z</time><ele>69.71</ele></trkpt><trkpt lat="37.110085" lon="126.930825"><time>2026-08-30T04:38:05.001Z</time><ele>69.91</ele></trkpt><trkpt lat="37.110054" lon="126.930935"><time>2026-08-30T04:38:06.001Z</time><ele>69.72</ele></trkpt><trkpt lat="37.110022" lon="126.931036"><time>2026-08-30T04:38:07.001Z</time><ele>70.25</ele></trkpt><trkpt lat="37.109995" lon="126.931131"><time>2026-08-30T04:38:08.001Z</time><ele>70.09</ele></trkpt><trkpt lat="37.109967" lon="126.931215"><time>2026-08-30T04:38:09.001Z</time><ele>70.02</ele></trkpt><trkpt lat="37.109945" lon="126.931287"><time>2026-08-30T04:38:10.001Z</time><ele>69.97</ele></trkpt><trkpt lat="37.109928" lon="126.931341"><time>2026-08-30T04:38:11.001Z</time><ele>69.95</ele></trkpt><trkpt lat="37.109902" lon="126.931435"><time>2026-08-30T04:38:13.001Z</time><ele>69.94</ele></trkpt><trkpt lat="37.109876" lon="126.931521"><time>2026-08-30T04:38:15.001Z</time><ele>69.79</ele></trkpt><trkpt lat="37.109851" lon="126.931587"><time>2026-08-30T04:38:17.001Z</time><ele>69.6</ele></trkpt><trkpt lat="37.109818" lon="126.931667"><time>2026-08-30T04:38:19.001Z</time><ele>69.44</ele></trkpt><trkpt lat="37.109769" lon="126.931743"><time>2026-08-30T04:38:21.001Z</time><ele>69.57</ele></trkpt><trkpt lat="37.109726" lon="126.931815"><time>2026-08-30T04:38:23.001Z</time><ele>69.43</ele></trkpt><trkpt lat="37.109718" lon="126.931917"><time>2026-08-30T04:38:25.001Z</time><ele>69.24</ele></trkpt><trkpt lat="37.109758" lon="126.932024"><time>2026-08-30T04:38:27.001Z</time><ele>68.07</ele></trkpt><trkpt lat="37.109692" lon="126.93213"><time>2026-08-30T04:38:28.001Z</time><ele>67.81</ele></trkpt><trkpt lat="37.109665" lon="126.932229"><time>2026-08-30T04:38:29.001Z</time><ele>66.75</ele></trkpt><trkpt lat="37.109636" lon="126.932328"><time>2026-08-30T04:38:30.001Z</time><ele>65.99</ele></trkpt><trkpt lat="37.10961" lon="126.932428"><time>2026-08-30T04:38:31.001Z</time><ele>65.25</ele></trkpt><trkpt lat="37.109583" lon="126.93254"><time>2026-08-30T04:38:32.001Z</time><ele>63.95</ele></trkpt><trkpt lat="37.109555" lon="126.932672"><time>2026-08-30T04:38:33.001Z</time><ele>63.05</ele></trkpt><trkpt lat="37.109524" lon="126.932811"><time>2026-08-30T04:38:34.001Z</time><ele>61.75</ele></trkpt><trkpt lat="37.109495" lon="126.932953"><time>2026-08-30T04:38:35.001Z</time><ele>60.79</ele></trkpt><trkpt lat="37.109465" lon="126.933104"><time>2026-08-30T04:38:36.001Z</time><ele>59.84</ele></trkpt><trkpt lat="37.109432" lon="126.933257"><time>2026-08-30T04:38:37.001Z</time><ele>59.13</ele></trkpt><trkpt lat="37.109401" lon="126.933412"><time>2026-08-30T04:38:38.001Z</time><ele>58.07</ele></trkpt><trkpt lat="37.109368" lon="126.933579"><time>2026-08-30T04:38:39.001Z</time><ele>57.51</ele></trkpt><trkpt lat="37.109331" lon="126.933757"><time>2026-08-30T04:38:40.001Z</time><ele>57.11</ele></trkpt><trkpt lat="37.109311" lon="126.93394"><time>2026-08-30T04:38:41.001Z</time><ele>55.71</ele></trkpt><trkpt lat="37.10928" lon="126.934116"><time>2026-08-30T04:38:42.001Z</time><ele>55.54</ele></trkpt><trkpt lat="37.109255" lon="126.934284"><time>2026-08-30T04:38:43.001Z</time><ele>54.81</ele></trkpt><trkpt lat="37.109233" lon="126.934459"><time>2026-08-30T04:38:44.001Z</time><ele>54.49</ele></trkpt><trkpt lat="37.109213" lon="126.934645"><time>2026-08-30T04:38:45.001Z</time><ele>54.14</ele></trkpt><trkpt lat="37.10922" lon="126.934846"><time>2026-08-30T04:38:46.001Z</time><ele>53.88</ele></trkpt><trkpt lat="37.109221" lon="126.935053"><time>2026-08-30T04:38:47.001Z</time><ele>53.45</ele></trkpt><trkpt lat="37.109197" lon="126.935259"><time>2026-08-30T04:38:48.001Z</time><ele>52.8</ele></trkpt><trkpt lat="37.109187" lon="126.93552"><time>2026-08-30T04:38:49.001Z</time><ele>52.41</ele></trkpt><trkpt lat="37.10917" lon="126.935785"><time>2026-08-30T04:38:50.001Z</time><ele>51.6</ele></trkpt><trkpt lat="37.109154" lon="126.936072"><time>2026-08-30T04:38:51.001Z</time><ele>51.61</ele></trkpt><trkpt lat="37.109142" lon="126.936332"><time>2026-08-30T04:38:52.001Z</time><ele>50.97</ele></trkpt><trkpt lat="37.109138" lon="126.936584"><time>2026-08-30T04:38:53.002Z</time><ele>50.45</ele></trkpt><trkpt lat="37.109138" lon="126.936848"><time>2026-08-30T04:38:54.002Z</time><ele>49.48</ele></trkpt><trkpt lat="37.109139" lon="126.93713"><time>2026-08-30T04:38:55.000Z</time><ele>49.52</ele></trkpt><trkpt lat="37.109142" lon="126.937424"><time>2026-08-30T04:38:56.000Z</time><ele>49.72</ele></trkpt><trkpt lat="37.109157" lon="126.937734"><time>2026-08-30T04:38:57.000Z</time><ele>49.1</ele></trkpt><trkpt lat="37.109176" lon="126.938051"><time>2026-08-30T04:38:58.000Z</time><ele>48.71</ele></trkpt><trkpt lat="37.109201" lon="126.938379"><time>2026-08-30T04:38:59.000Z</time><ele>48.78</ele></trkpt><trkpt lat="37.10923" lon="126.938714"><time>2026-08-30T04:39:00.000Z</time><ele>48.69</ele></trkpt><trkpt lat="37.109265" lon="126.939053"><time>2026-08-30T04:39:01.000Z</time><ele>48.71</ele></trkpt><trkpt lat="37.109311" lon="126.939398"><time>2026-08-30T04:39:02.000Z</time><ele>48.76</ele></trkpt><trkpt lat="37.109362" lon="126.939739"><time>2026-08-30T04:39:03.000Z</time><ele>48.56</ele></trkpt><trkpt lat="37.109416" lon="126.940079"><time>2026-08-30T04:39:04.000Z</time><ele>47.55</ele></trkpt><trkpt lat="37.109471" lon="126.940426"><time>2026-08-30T04:39:05.000Z</time><ele>48.34</ele></trkpt><trkpt lat="37.109552" lon="126.940774"><time>2026-08-30T04:39:06.000Z</time><ele>47.9</ele></trkpt><trkpt lat="37.109633" lon="126.941131"><time>2026-08-30T04:39:07.000Z</time><ele>47.58</ele></trkpt><trkpt lat="37.109719" lon="126.941493"><time>2026-08-30T04:39:08.000Z</time><ele>47.46</ele></trkpt><trkpt lat="37.109802" lon="126.941862"><time>2026-08-30T04:39:09.000Z</time><ele>47.39</ele></trkpt><trkpt lat="37.109887" lon="126.942235"><time>2026-08-30T04:39:10.000Z</time><ele>47.23</ele></trkpt><trkpt lat="37.109972" lon="126.942609"><time>2026-08-30T04:39:11.000Z</time><ele>46.69</ele></trkpt><trkpt lat="37.11006" lon="126.942986"><time>2026-08-30T04:39:12.000Z</time><ele>46.65</ele></trkpt><trkpt lat="37.110146" lon="126.943368"><time>2026-08-30T04:39:13.000Z</time><ele>46.55</ele></trkpt><trkpt lat="37.110233" lon="126.943747"><time>2026-08-30T04:39:14.000Z</time><ele>46.6</ele></trkpt><trkpt lat="37.110317" lon="126.944129"><time>2026-08-30T04:39:15.000Z</time><ele>47.91</ele></trkpt><trkpt lat="37.110404" lon="126.944508"><time>2026-08-30T04:39:16.000Z</time><ele>48.52</ele></trkpt><trkpt lat="37.110491" lon="126.944888"><time>2026-08-30T04:39:17.000Z</time><ele>49.33</ele></trkpt><trkpt lat="37.11058" lon="126.945262"><time>2026-08-30T04:39:18.000Z</time><ele>49.84</ele></trkpt><trkpt lat="37.110662" lon="126.945635"><time>2026-08-30T04:39:19.000Z</time><ele>50.86</ele></trkpt><trkpt lat="37.110745" lon="126.946005"><time>2026-08-30T04:39:20.000Z</time><ele>51.12</ele></trkpt><trkpt lat="37.11083" lon="126.946381"><time>2026-08-30T04:39:21.000Z</time><ele>51.75</ele></trkpt><trkpt lat="37.110913" lon="126.946762"><time>2026-08-30T04:39:22.000Z</time><ele>52.29</ele></trkpt><trkpt lat="37.111001" lon="126.947141"><time>2026-08-30T04:39:23.000Z</time><ele>52.92</ele></trkpt><trkpt lat="37.111086" lon="126.947517"><time>2026-08-30T04:39:24.000Z</time><ele>53.58</ele></trkpt><trkpt lat="37.111169" lon="126.947889"><time>2026-08-30T04:39:25.000Z</time><ele>54.17</ele></trkpt><trkpt lat="37.111256" lon="126.948261"><time>2026-08-30T04:39:26.000Z</time><ele>55.8</ele></trkpt><trkpt lat="37.111345" lon="126.948628"><time>2026-08-30T04:39:27.000Z</time><ele>57.26</ele></trkpt><trkpt lat="37.111427" lon="126.948994"><time>2026-08-30T04:39:28.000Z</time><ele>57.96</ele></trkpt><trkpt lat="37.111507" lon="126.949362"><time>2026-08-30T04:39:29.000Z</time><ele>59.02</ele></trkpt><trkpt lat="37.111592" lon="126.949729"><time>2026-08-30T04:39:30.000Z</time><ele>59.7</ele></trkpt><trkpt lat="37.111671" lon="126.950099"><time>2026-08-30T04:39:31.000Z</time><ele>60.79</ele></trkpt><trkpt lat="37.111756" lon="126.950467"><time>2026-08-30T04:39:32.000Z</time><ele>61.91</ele></trkpt><trkpt lat="37.111842" lon="126.950834"><time>2026-08-30T04:39:33.000Z</time><ele>63.21</ele></trkpt><trkpt lat="37.111926" lon="126.9512"><time>2026-08-30T04:39:34.000Z</time><ele>64.2</ele></trkpt><trkpt lat="37.112005" lon="126.951563"><time>2026-08-30T04:39:35.000Z</time><ele>65.45</ele></trkpt><trkpt lat="37.112087" lon="126.951926"><time>2026-08-30T04:39:36.000Z</time><ele>66.34</ele></trkpt><trkpt lat="37.112166" lon="126.952285"><time>2026-08-30T04:39:37.000Z</time><ele>67.29</ele></trkpt><trkpt lat="37.112246" lon="126.952643"><time>2026-08-30T04:39:38.000Z</time><ele>68.08</ele></trkpt><trkpt lat="37.112316" lon="126.953003"><time>2026-08-30T04:39:39.000Z</time><ele>69.39</ele></trkpt><trkpt lat="37.112373" lon="126.953363"><time>2026-08-30T04:39:40.000Z</time><ele>71.19</ele></trkpt><trkpt lat="37.112424" lon="126.953722"><time>2026-08-30T04:39:41.000Z</time><ele>72.51</ele></trkpt><trkpt lat="37.112468" lon="126.954082"><time>2026-08-30T04:39:42.000Z</time><ele>73.81</ele></trkpt><trkpt lat="37.112507" lon="126.95444"><time>2026-08-30T04:39:43.001Z</time><ele>74.83</ele></trkpt><trkpt lat="37.112538" lon="126.9548"><time>2026-08-30T04:39:44.001Z</time><ele>76.24</ele></trkpt><trkpt lat="37.112559" lon="126.955161"><time>2026-08-30T04:39:45.001Z</time><ele>77.79</ele></trkpt><trkpt lat="37.112572" lon="126.955523"><time>2026-08-30T04:39:46.001Z</time><ele>79.26</ele></trkpt><trkpt lat="37.112581" lon="126.955883"><time>2026-08-30T04:39:47.001Z</time><ele>80.65</ele></trkpt><trkpt lat="37.112587" lon="126.956244"><time>2026-08-30T04:39:48.001Z</time><ele>81.91</ele></trkpt><trkpt lat="37.112587" lon="126.956606"><time>2026-08-30T04:39:49.001Z</time><ele>83.73</ele></trkpt><trkpt lat="37.112568" lon="126.956964"><time>2026-08-30T04:39:50.001Z</time><ele>83.63</ele></trkpt><trkpt lat="37.11254" lon="126.957327"><time>2026-08-30T04:39:51.001Z</time><ele>85.06</ele></trkpt><trkpt lat="37.112513" lon="126.957694"><time>2026-08-30T04:39:52.001Z</time><ele>85.48</ele></trkpt><trkpt lat="37.112489" lon="126.958064"><time>2026-08-30T04:39:53.001Z</time><ele>87.01</ele></trkpt><trkpt lat="37.112474" lon="126.958411"><time>2026-08-30T04:39:54.001Z</time><ele>86.06</ele></trkpt><trkpt lat="37.112455" lon="126.95875"><time>2026-08-30T04:39:55.001Z</time><ele>85.27</ele></trkpt><trkpt lat="37.112433" lon="126.959089"><time>2026-08-30T04:39:56.001Z</time><ele>84.66</ele></trkpt><trkpt lat="37.112413" lon="126.959429"><time>2026-08-30T04:39:57.001Z</time><ele>83.41</ele></trkpt><trkpt lat="37.112399" lon="126.959767"><time>2026-08-30T04:39:58.001Z</time><ele>81.61</ele></trkpt><trkpt lat="37.112379" lon="126.960103"><time>2026-08-30T04:39:59.001Z</time><ele>80.87</ele></trkpt><trkpt lat="37.112358" lon="126.960435"><time>2026-08-30T04:40:00.001Z</time><ele>79.84</ele></trkpt><trkpt lat="37.112341" lon="126.960767"><time>2026-08-30T04:40:01.001Z</time><ele>78.32</ele></trkpt><trkpt lat="37.112322" lon="126.961097"><time>2026-08-30T04:40:02.001Z</time><ele>76.6</ele></trkpt><trkpt lat="37.112303" lon="126.961427"><time>2026-08-30T04:40:03.001Z</time><ele>75.3</ele></trkpt><trkpt lat="37.112285" lon="126.961755"><time>2026-08-30T04:40:04.001Z</time><ele>74.04</ele></trkpt><trkpt lat="37.112263" lon="126.962084"><time>2026-08-30T04:40:05.001Z</time><ele>72.82</ele></trkpt><trkpt lat="37.112244" lon="126.962412"><time>2026-08-30T04:40:06.001Z</time><ele>71.63</ele></trkpt><trkpt lat="37.112225" lon="126.962743"><time>2026-08-30T04:40:07.001Z</time><ele>70.63</ele></trkpt><trkpt lat="37.112203" lon="126.963074"><time>2026-08-30T04:40:08.001Z</time><ele>69.6</ele></trkpt><trkpt lat="37.112181" lon="126.963408"><time>2026-08-30T04:40:09.001Z</time><ele>68.97</ele></trkpt><trkpt lat="37.112163" lon="126.963739"><time>2026-08-30T04:40:10.001Z</time><ele>68.09</ele></trkpt><trkpt lat="37.112145" lon="126.964068"><time>2026-08-30T04:40:11.001Z</time><ele>66.82</ele></trkpt><trkpt lat="37.112125" lon="126.964394"><time>2026-08-30T04:40:12.001Z</time><ele>66.1</ele></trkpt><trkpt lat="37.112105" lon="126.964719"><time>2026-08-30T04:40:13.001Z</time><ele>65.45</ele></trkpt><trkpt lat="37.112087" lon="126.965044"><time>2026-08-30T04:40:14.001Z</time><ele>64.42</ele></trkpt><trkpt lat="37.112068" lon="126.965369"><time>2026-08-30T04:40:15.001Z</time><ele>63.34</ele></trkpt><trkpt lat="37.112047" lon="126.9657"><time>2026-08-30T04:40:16.001Z</time><ele>62.44</ele></trkpt><trkpt lat="37.112031" lon="126.966026"><time>2026-08-30T04:40:17.001Z</time><ele>61.04</ele></trkpt><trkpt lat="37.112014" lon="126.966358"><time>2026-08-30T04:40:18.001Z</time><ele>59.98</ele></trkpt><trkpt lat="37.111997" lon="126.96669"><time>2026-08-30T04:40:19.001Z</time><ele>58.58</ele></trkpt><trkpt lat="37.111974" lon="126.967008"><time>2026-08-30T04:40:20.001Z</time><ele>57.54</ele></trkpt><trkpt lat="37.111954" lon="126.967309"><time>2026-08-30T04:40:21.001Z</time><ele>56.41</ele></trkpt><trkpt lat="37.111929" lon="126.967597"><time>2026-08-30T04:40:22.001Z</time><ele>55.32</ele></trkpt><trkpt lat="37.1119" lon="126.96788"><time>2026-08-30T04:40:23.001Z</time><ele>54.59</ele></trkpt><trkpt lat="37.111869" lon="126.968166"><time>2026-08-30T04:40:24.001Z</time><ele>53.79</ele></trkpt><trkpt lat="37.111833" lon="126.968458"><time>2026-08-30T04:40:25.001Z</time><ele>52.98</ele></trkpt><trkpt lat="37.111796" lon="126.968757"><time>2026-08-30T04:40:26.001Z</time><ele>51.84</ele></trkpt><trkpt lat="37.111751" lon="126.969059"><time>2026-08-30T04:40:27.001Z</time><ele>51.23</ele></trkpt><trkpt lat="37.111657" lon="126.969652"><time>2026-08-30T04:40:29.001Z</time><ele>50.37</ele></trkpt><trkpt lat="37.111602" lon="126.969921"><time>2026-08-30T04:40:30.001Z</time><ele>49.84</ele></trkpt><trkpt lat="37.111541" lon="126.970189"><time>2026-08-30T04:40:31.001Z</time><ele>50.12</ele></trkpt><trkpt lat="37.111491" lon="126.970453"><time>2026-08-30T04:40:32.001Z</time><ele>50.05</ele></trkpt><trkpt lat="37.111451" lon="126.970719"><time>2026-08-30T04:40:33.001Z</time><ele>50.69</ele></trkpt><trkpt lat="37.111408" lon="126.970979"><time>2026-08-30T04:40:34.001Z</time><ele>50.91</ele></trkpt><trkpt lat="37.111379" lon="126.971254"><time>2026-08-30T04:40:35.001Z</time><ele>51.73</ele></trkpt><trkpt lat="37.111338" lon="126.971511"><time>2026-08-30T04:40:36.001Z</time><ele>52</ele></trkpt><trkpt lat="37.1113" lon="126.97175"><time>2026-08-30T04:40:37.001Z</time><ele>52.31</ele></trkpt><trkpt lat="37.111264" lon="126.971972"><time>2026-08-30T04:40:38.001Z</time><ele>51.61</ele></trkpt><trkpt lat="37.111229" lon="126.972184"><time>2026-08-30T04:40:39.001Z</time><ele>51.85</ele></trkpt><trkpt lat="37.111197" lon="126.97237"><time>2026-08-30T04:40:40.001Z</time><ele>51.76</ele></trkpt><trkpt lat="37.111169" lon="126.972543"><time>2026-08-30T04:40:41.001Z</time><ele>51.39</ele></trkpt><trkpt lat="37.111143" lon="126.972704"><time>2026-08-30T04:40:42.001Z</time><ele>51.14</ele></trkpt><trkpt lat="37.111038" lon="126.972836"><time>2026-08-30T04:40:43.001Z</time><ele>50.15</ele></trkpt><trkpt lat="37.111" lon="126.972972"><time>2026-08-30T04:40:44.001Z</time><ele>49.54</ele></trkpt><trkpt lat="37.110971" lon="126.973097"><time>2026-08-30T04:40:45.001Z</time><ele>48.54</ele></trkpt><trkpt lat="37.110941" lon="126.973222"><time>2026-08-30T04:40:46.001Z</time><ele>47.75</ele></trkpt><trkpt lat="37.110911" lon="126.973338"><time>2026-08-30T04:40:47.001Z</time><ele>46.99</ele></trkpt><trkpt lat="37.110883" lon="126.97345"><time>2026-08-30T04:40:48.001Z</time><ele>46.38</ele></trkpt><trkpt lat="37.110858" lon="126.973555"><time>2026-08-30T04:40:49.001Z</time><ele>45.88</ele></trkpt><trkpt lat="37.110835" lon="126.973647"><time>2026-08-30T04:40:50.001Z</time><ele>45.2</ele></trkpt><trkpt lat="37.110814" lon="126.973736"><time>2026-08-30T04:40:51.001Z</time><ele>44.86</ele></trkpt><trkpt lat="37.110792" lon="126.973813"><time>2026-08-30T04:40:52.001Z</time><ele>44.13</ele></trkpt><trkpt lat="37.110774" lon="126.973888"><time>2026-08-30T04:40:53.001Z</time><ele>43.46</ele></trkpt><trkpt lat="37.110758" lon="126.973952"><time>2026-08-30T04:40:54.001Z</time><ele>43.31</ele></trkpt><trkpt lat="37.110755" lon="126.974059"><time>2026-08-30T04:40:56.001Z</time><ele>42.83</ele></trkpt><trkpt lat="37.110764" lon="126.974126"><time>2026-08-30T04:40:57.001Z</time><ele>42.57</ele></trkpt><trkpt lat="37.110798" lon="126.974192"><time>2026-08-30T04:40:58.001Z</time><ele>42.88</ele></trkpt><trkpt lat="37.110859" lon="126.974237"><time>2026-08-30T04:40:59.002Z</time><ele>42.09</ele></trkpt><trkpt lat="37.110926" lon="126.974287"><time>2026-08-30T04:41:00.002Z</time><ele>42.82</ele></trkpt><trkpt lat="37.11101" lon="126.97432"><time>2026-08-30T04:41:01.000Z</time><ele>43.33</ele></trkpt><trkpt lat="37.111096" lon="126.974348"><time>2026-08-30T04:41:02.000Z</time><ele>43.48</ele></trkpt><trkpt lat="37.111165" lon="126.974384"><time>2026-08-30T04:41:03.000Z</time><ele>43.73</ele></trkpt><trkpt lat="37.111223" lon="126.974428"><time>2026-08-30T04:41:04.000Z</time><ele>44.16</ele></trkpt><trkpt lat="37.111281" lon="126.97446"><time>2026-08-30T04:41:05.000Z</time><ele>43.92</ele></trkpt><trkpt lat="37.111343" lon="126.974509"><time>2026-08-30T04:41:06.000Z</time><ele>44.01</ele></trkpt><trkpt lat="37.111411" lon="126.974566"><time>2026-08-30T04:41:07.000Z</time><ele>43.81</ele></trkpt><trkpt lat="37.111492" lon="126.974624"><time>2026-08-30T04:41:08.000Z</time><ele>43.78</ele></trkpt><trkpt lat="37.111575" lon="126.974692"><time>2026-08-30T04:41:09.000Z</time><ele>43.89</ele></trkpt><trkpt lat="37.111666" lon="126.974774"><time>2026-08-30T04:41:10.000Z</time><ele>44.35</ele></trkpt><trkpt lat="37.111772" lon="126.974842"><time>2026-08-30T04:41:11.000Z</time><ele>44.81</ele></trkpt><trkpt lat="37.111876" lon="126.974897"><time>2026-08-30T04:41:12.000Z</time><ele>45.36</ele></trkpt><trkpt lat="37.111991" lon="126.974947"><time>2026-08-30T04:41:13.000Z</time><ele>45.37</ele></trkpt><trkpt lat="37.112374" lon="126.975083"><time>2026-08-30T04:41:16.000Z</time><ele>47.14</ele></trkpt><trkpt lat="37.112495" lon="126.975115"><time>2026-08-30T04:41:17.000Z</time><ele>47.41</ele></trkpt><trkpt lat="37.11261" lon="126.975138"><time>2026-08-30T04:41:18.000Z</time><ele>46.88</ele></trkpt><trkpt lat="37.112732" lon="126.975175"><time>2026-08-30T04:41:19.000Z</time><ele>46.04</ele></trkpt><trkpt lat="37.112838" lon="126.975247"><time>2026-08-30T04:41:20.000Z</time><ele>46.18</ele></trkpt><trkpt lat="37.112922" lon="126.975352"><time>2026-08-30T04:41:21.000Z</time><ele>46</ele></trkpt><trkpt lat="37.113004" lon="126.975441"><time>2026-08-30T04:41:22.000Z</time><ele>46.34</ele></trkpt><trkpt lat="37.113102" lon="126.975527"><time>2026-08-30T04:41:23.000Z</time><ele>46.36</ele></trkpt><trkpt lat="37.113195" lon="126.975612"><time>2026-08-30T04:41:24.000Z</time><ele>45.65</ele></trkpt><trkpt lat="37.113299" lon="126.975699"><time>2026-08-30T04:41:25.000Z</time><ele>45.39</ele></trkpt><trkpt lat="37.11342" lon="126.975786"><time>2026-08-30T04:41:26.000Z</time><ele>44.77</ele></trkpt><trkpt lat="37.113544" lon="126.975869"><time>2026-08-30T04:41:27.000Z</time><ele>44.74</ele></trkpt><trkpt lat="37.113674" lon="126.975947"><time>2026-08-30T04:41:28.000Z</time><ele>44.72</ele></trkpt><trkpt lat="37.113795" lon="126.976026"><time>2026-08-30T04:41:29.000Z</time><ele>45.1</ele></trkpt><trkpt lat="37.113923" lon="126.976109"><time>2026-08-30T04:41:30.000Z</time><ele>46.37</ele></trkpt><trkpt lat="37.114049" lon="126.97619"><time>2026-08-30T04:41:31.000Z</time><ele>46.48</ele></trkpt><trkpt lat="37.114158" lon="126.976264"><time>2026-08-30T04:41:32.000Z</time><ele>47.34</ele></trkpt><trkpt lat="37.114273" lon="126.976343"><time>2026-08-30T04:41:33.000Z</time><ele>47.86</ele></trkpt><trkpt lat="37.114383" lon="126.976433"><time>2026-08-30T04:41:34.000Z</time><ele>48.45</ele></trkpt><trkpt lat="37.11449" lon="126.976524"><time>2026-08-30T04:41:35.000Z</time><ele>49.08</ele></trkpt><trkpt lat="37.114589" lon="126.976642"><time>2026-08-30T04:41:36.000Z</time><ele>49.74</ele></trkpt><trkpt lat="37.114672" lon="126.976774"><time>2026-08-30T04:41:37.000Z</time><ele>49.99</ele></trkpt><trkpt lat="37.114737" lon="126.976927"><time>2026-08-30T04:41:38.000Z</time><ele>50.81</ele></trkpt><trkpt lat="37.1148" lon="126.977084"><time>2026-08-30T04:41:39.000Z</time><ele>50.08</ele></trkpt><trkpt lat="37.114848" lon="126.977249"><time>2026-08-30T04:41:40.000Z</time><ele>50.33</ele></trkpt><trkpt lat="37.114872" lon="126.97741"><time>2026-08-30T04:41:41.000Z</time><ele>51.33</ele></trkpt><trkpt lat="37.114889" lon="126.977561"><time>2026-08-30T04:41:42.000Z</time><ele>50.82</ele></trkpt><trkpt lat="37.114906" lon="126.977707"><time>2026-08-30T04:41:43.000Z</time><ele>50.91</ele></trkpt><trkpt lat="37.114914" lon="126.977846"><time>2026-08-30T04:41:44.000Z</time><ele>50.23</ele></trkpt><trkpt lat="37.11491" lon="126.977992"><time>2026-08-30T04:41:45.000Z</time><ele>49.86</ele></trkpt><trkpt lat="37.114911" lon="126.978138"><time>2026-08-30T04:41:46.000Z</time><ele>49.81</ele></trkpt><trkpt lat="37.114919" lon="126.97828"><time>2026-08-30T04:41:47.000Z</time><ele>49.39</ele></trkpt><trkpt lat="37.114927" lon="126.978414"><time>2026-08-30T04:41:48.000Z</time><ele>49.07</ele></trkpt><trkpt lat="37.114943" lon="126.978545"><time>2026-08-30T04:41:49.001Z</time><ele>48.86</ele></trkpt><trkpt lat="37.11497" lon="126.978663"><time>2026-08-30T04:41:50.001Z</time><ele>48.37</ele></trkpt><trkpt lat="37.115001" lon="126.978778"><time>2026-08-30T04:41:51.001Z</time><ele>47.59</ele></trkpt><trkpt lat="37.115044" lon="126.978887"><time>2026-08-30T04:41:52.001Z</time><ele>47.52</ele></trkpt><trkpt lat="37.115093" lon="126.978992"><time>2026-08-30T04:41:53.001Z</time><ele>47.49</ele></trkpt><trkpt lat="37.115136" lon="126.979093"><time>2026-08-30T04:41:54.001Z</time><ele>46.69</ele></trkpt><trkpt lat="37.115175" lon="126.979196"><time>2026-08-30T04:41:55.001Z</time><ele>46.26</ele></trkpt><trkpt lat="37.115238" lon="126.979282"><time>2026-08-30T04:41:56.001Z</time><ele>45.33</ele></trkpt><trkpt lat="37.115307" lon="126.979373"><time>2026-08-30T04:41:57.001Z</time><ele>44.36</ele></trkpt><trkpt lat="37.115371" lon="126.97947"><time>2026-08-30T04:41:58.001Z</time><ele>43.63</ele></trkpt><trkpt lat="37.115442" lon="126.979573"><time>2026-08-30T04:41:59.001Z</time><ele>42.5</ele></trkpt><trkpt lat="37.115511" lon="126.979682"><time>2026-08-30T04:42:00.001Z</time><ele>41.32</ele></trkpt><trkpt lat="37.11558" lon="126.979793"><time>2026-08-30T04:42:01.001Z</time><ele>40.92</ele></trkpt><trkpt lat="37.115645" lon="126.979902"><time>2026-08-30T04:42:02.001Z</time><ele>39.73</ele></trkpt><trkpt lat="37.115713" lon="126.980009"><time>2026-08-30T04:42:03.001Z</time><ele>38.43</ele></trkpt><trkpt lat="37.115783" lon="126.980116"><time>2026-08-30T04:42:04.001Z</time><ele>37.62</ele></trkpt><trkpt lat="37.115856" lon="126.980226"><time>2026-08-30T04:42:05.001Z</time><ele>36.87</ele></trkpt><trkpt lat="37.115932" lon="126.980342"><time>2026-08-30T04:42:06.001Z</time><ele>36.39</ele></trkpt><trkpt lat="37.116007" lon="126.980464"><time>2026-08-30T04:42:07.001Z</time><ele>35.74</ele></trkpt><trkpt lat="37.11608" lon="126.980585"><time>2026-08-30T04:42:08.001Z</time><ele>35.18</ele></trkpt><trkpt lat="37.116447" lon="126.981443"><time>2026-08-30T04:42:14.001Z</time><ele>30.84</ele></trkpt><trkpt lat="37.116499" lon="126.98159"><time>2026-08-30T04:42:15.001Z</time><ele>30.22</ele></trkpt><trkpt lat="37.116552" lon="126.981732"><time>2026-08-30T04:42:16.001Z</time><ele>29.52</ele></trkpt><trkpt lat="37.116605" lon="126.981867"><time>2026-08-30T04:42:17.001Z</time><ele>28.78</ele></trkpt><trkpt lat="37.116659" lon="126.981996"><time>2026-08-30T04:42:18.001Z</time><ele>28.29</ele></trkpt><trkpt lat="37.116713" lon="126.982119"><time>2026-08-30T04:42:19.001Z</time><ele>28.18</ele></trkpt><trkpt lat="37.116765" lon="126.982219"><time>2026-08-30T04:42:20.001Z</time><ele>28.08</ele></trkpt><trkpt lat="37.116808" lon="126.982305"><time>2026-08-30T04:42:21.001Z</time><ele>28.35</ele></trkpt><trkpt lat="37.116859" lon="126.98238"><time>2026-08-30T04:42:22.001Z</time><ele>28.71</ele></trkpt><trkpt lat="37.116904" lon="126.982444"><time>2026-08-30T04:42:23.001Z</time><ele>28.52</ele></trkpt><trkpt lat="37.116957" lon="126.982513"><time>2026-08-30T04:42:24.001Z</time><ele>28.36</ele></trkpt><trkpt lat="37.117017" lon="126.982588"><time>2026-08-30T04:42:25.001Z</time><ele>28.31</ele></trkpt><trkpt lat="37.117083" lon="126.982646"><time>2026-08-30T04:42:26.001Z</time><ele>28.04</ele></trkpt><trkpt lat="37.117147" lon="126.982712"><time>2026-08-30T04:42:27.001Z</time><ele>28.05</ele></trkpt><trkpt lat="37.117212" lon="126.982788"><time>2026-08-30T04:42:28.001Z</time><ele>27.86</ele></trkpt><trkpt lat="37.117268" lon="126.982864"><time>2026-08-30T04:42:29.001Z</time><ele>27.44</ele></trkpt><trkpt lat="37.117324" lon="126.982933"><time>2026-08-30T04:42:30.001Z</time><ele>27.24</ele></trkpt><trkpt lat="37.117372" lon="126.983007"><time>2026-08-30T04:42:31.001Z</time><ele>26.98</ele></trkpt><trkpt lat="37.117417" lon="126.983091"><time>2026-08-30T04:42:32.001Z</time><ele>26.79</ele></trkpt><trkpt lat="37.117456" lon="126.983185"><time>2026-08-30T04:42:33.001Z</time><ele>26.68</ele></trkpt><trkpt lat="37.117485" lon="126.983287"><time>2026-08-30T04:42:34.001Z</time><ele>26.53</ele></trkpt><trkpt lat="37.117521" lon="126.983405"><time>2026-08-30T04:42:35.001Z</time><ele>26.64</ele></trkpt><trkpt lat="37.117546" lon="126.983534"><time>2026-08-30T04:42:36.001Z</time><ele>26.45</ele></trkpt><trkpt lat="37.117556" lon="126.983659"><time>2026-08-30T04:42:37.001Z</time><ele>26.28</ele></trkpt><trkpt lat="37.117562" lon="126.983798"><time>2026-08-30T04:42:38.001Z</time><ele>26</ele></trkpt><trkpt lat="37.117551" lon="126.983938"><time>2026-08-30T04:42:39.001Z</time><ele>26.35</ele></trkpt><trkpt lat="37.117531" lon="126.984083"><time>2026-08-30T04:42:40.001Z</time><ele>26.46</ele></trkpt><trkpt lat="37.117504" lon="126.984241"><time>2026-08-30T04:42:41.001Z</time><ele>27.42</ele></trkpt><trkpt lat="37.117482" lon="126.984389"><time>2026-08-30T04:42:42.001Z</time><ele>27.17</ele></trkpt><trkpt lat="37.117466" lon="126.984546"><time>2026-08-30T04:42:43.001Z</time><ele>27.28</ele></trkpt><trkpt lat="37.117449" lon="126.984701"><time>2026-08-30T04:42:44.001Z</time><ele>27.33</ele></trkpt><trkpt lat="37.117434" lon="126.984843"><time>2026-08-30T04:42:45.001Z</time><ele>27.37</ele></trkpt><trkpt lat="37.117415" lon="126.984981"><time>2026-08-30T04:42:46.001Z</time><ele>27.59</ele></trkpt><trkpt lat="37.117405" lon="126.985128"><time>2026-08-30T04:42:47.001Z</time><ele>27.58</ele></trkpt><trkpt lat="37.117412" lon="126.985274"><time>2026-08-30T04:42:48.001Z</time><ele>27.82</ele></trkpt><trkpt lat="37.11744" lon="126.985418"><time>2026-08-30T04:42:49.001Z</time><ele>28</ele></trkpt><trkpt lat="37.117491" lon="126.985564"><time>2026-08-30T04:42:50.001Z</time><ele>28.56</ele></trkpt><trkpt lat="37.117555" lon="126.985689"><time>2026-08-30T04:42:51.001Z</time><ele>28.4</ele></trkpt><trkpt lat="37.11761" lon="126.985797"><time>2026-08-30T04:42:52.001Z</time><ele>28.43</ele></trkpt><trkpt lat="37.117659" lon="126.985916"><time>2026-08-30T04:42:53.001Z</time><ele>28.15</ele></trkpt><trkpt lat="37.117708" lon="126.986045"><time>2026-08-30T04:42:54.001Z</time><ele>27.68</ele></trkpt><trkpt lat="37.11775" lon="126.986188"><time>2026-08-30T04:42:55.001Z</time><ele>27.68</ele></trkpt><trkpt lat="37.11778" lon="126.986323"><time>2026-08-30T04:42:56.001Z</time><ele>27.26</ele></trkpt><trkpt lat="37.117793" lon="126.986453"><time>2026-08-30T04:42:57.001Z</time><ele>26.91</ele></trkpt><trkpt lat="37.1178" lon="126.986568"><time>2026-08-30T04:42:58.001Z</time><ele>26.59</ele></trkpt><trkpt lat="37.117799" lon="126.986652"><time>2026-08-30T04:42:59.001Z</time><ele>26.57</ele></trkpt><trkpt lat="37.117809" lon="126.986741"><time>2026-08-30T04:43:00.001Z</time><ele>26.25</ele></trkpt><trkpt lat="37.117819" lon="126.986839"><time>2026-08-30T04:43:01.001Z</time><ele>26.02</ele></trkpt><trkpt lat="37.117825" lon="126.986939"><time>2026-08-30T04:43:02.001Z</time><ele>26.03</ele></trkpt><trkpt lat="37.117839" lon="126.987053"><time>2026-08-30T04:43:03.001Z</time><ele>26.12</ele></trkpt><trkpt lat="37.117849" lon="126.987169"><time>2026-08-30T04:43:04.001Z</time><ele>25.96</ele></trkpt><trkpt lat="37.117862" lon="126.987286"><time>2026-08-30T04:43:05.001Z</time><ele>26.38</ele></trkpt><trkpt lat="37.117884" lon="126.987405"><time>2026-08-30T04:43:06.002Z</time><ele>26.28</ele></trkpt><trkpt lat="37.117913" lon="126.98752"><time>2026-08-30T04:43:07.000Z</time><ele>26.03</ele></trkpt><trkpt lat="37.117958" lon="126.987629"><time>2026-08-30T04:43:08.000Z</time><ele>25.16</ele></trkpt><trkpt lat="37.118011" lon="126.987736"><time>2026-08-30T04:43:09.000Z</time><ele>25.3</ele></trkpt><trkpt lat="37.118069" lon="126.987839"><time>2026-08-30T04:43:10.000Z</time><ele>25.04</ele></trkpt><trkpt lat="37.118127" lon="126.987933"><time>2026-08-30T04:43:11.000Z</time><ele>25.15</ele></trkpt><trkpt lat="37.11818" lon="126.98802"><time>2026-08-30T04:43:12.000Z</time><ele>25.24</ele></trkpt><trkpt lat="37.118234" lon="126.988107"><time>2026-08-30T04:43:13.000Z</time><ele>25.76</ele></trkpt><trkpt lat="37.118298" lon="126.988196"><time>2026-08-30T04:43:14.000Z</time><ele>25.8</ele></trkpt><trkpt lat="37.118356" lon="126.988287"><time>2026-08-30T04:43:15.000Z</time><ele>25.94</ele></trkpt><trkpt lat="37.118429" lon="126.988387"><time>2026-08-30T04:43:16.000Z</time><ele>26.3</ele></trkpt><trkpt lat="37.11848" lon="126.98848"><time>2026-08-30T04:43:17.000Z</time><ele>26.86</ele></trkpt><trkpt lat="37.118536" lon="126.988565"><time>2026-08-30T04:43:18.000Z</time><ele>26.79</ele></trkpt><trkpt lat="37.118581" lon="126.98865"><time>2026-08-30T04:43:19.000Z</time><ele>27.52</ele></trkpt><trkpt lat="37.118629" lon="126.988723"><time>2026-08-30T04:43:20.000Z</time><ele>27.84</ele></trkpt><trkpt lat="37.118662" lon="126.988793"><time>2026-08-30T04:43:21.000Z</time><ele>27.71</ele></trkpt><trkpt lat="37.118687" lon="126.988854"><time>2026-08-30T04:43:22.000Z</time><ele>27.48</ele></trkpt><trkpt lat="37.118711" lon="126.988918"><time>2026-08-30T04:43:23.000Z</time><ele>27.79</ele></trkpt><trkpt lat="37.118733" lon="126.988994"><time>2026-08-30T04:43:24.000Z</time><ele>27.94</ele></trkpt><trkpt lat="37.118754" lon="126.98908"><time>2026-08-30T04:43:25.000Z</time><ele>28.16</ele></trkpt><trkpt lat="37.118776" lon="126.98917"><time>2026-08-30T04:43:26.000Z</time><ele>28.43</ele></trkpt><trkpt lat="37.118792" lon="126.989265"><time>2026-08-30T04:43:27.000Z</time><ele>28.84</ele></trkpt><trkpt lat="37.118805" lon="126.989373"><time>2026-08-30T04:43:28.000Z</time><ele>29.59</ele></trkpt><trkpt lat="37.118807" lon="126.989477"><time>2026-08-30T04:43:29.000Z</time><ele>30.34</ele></trkpt><trkpt lat="37.118805" lon="126.98958"><time>2026-08-30T04:43:30.000Z</time><ele>30.78</ele></trkpt><trkpt lat="37.118795" lon="126.989681"><time>2026-08-30T04:43:31.000Z</time><ele>31.65</ele></trkpt><trkpt lat="37.118786" lon="126.989776"><time>2026-08-30T04:43:32.000Z</time><ele>32.69</ele></trkpt><trkpt lat="37.118784" lon="126.989855"><time>2026-08-30T04:43:33.000Z</time><ele>33.24</ele></trkpt><trkpt lat="37.118794" lon="126.989929"><time>2026-08-30T04:43:34.000Z</time><ele>33.44</ele></trkpt><trkpt lat="37.118803" lon="126.99001"><time>2026-08-30T04:43:35.000Z</time><ele>33.72</ele></trkpt><trkpt lat="37.118819" lon="126.990098"><time>2026-08-30T04:43:36.000Z</time><ele>34.04</ele></trkpt><trkpt lat="37.118837" lon="126.990181"><time>2026-08-30T04:43:37.000Z</time><ele>34.24</ele></trkpt><trkpt lat="37.118857" lon="126.990271"><time>2026-08-30T04:43:38.000Z</time><ele>34.5</ele></trkpt><trkpt lat="37.11888" lon="126.990356"><time>2026-08-30T04:43:39.000Z</time><ele>35.09</ele></trkpt><trkpt lat="37.118906" lon="126.990442"><time>2026-08-30T04:43:40.000Z</time><ele>34.99</ele></trkpt><trkpt lat="37.118934" lon="126.990518"><time>2026-08-30T04:43:41.000Z</time><ele>35.13</ele></trkpt><trkpt lat="37.118963" lon="126.990599"><time>2026-08-30T04:43:42.000Z</time><ele>35.53</ele></trkpt><trkpt lat="37.118991" lon="126.990678"><time>2026-08-30T04:43:43.000Z</time><ele>35.66</ele></trkpt><trkpt lat="37.119016" lon="126.990755"><time>2026-08-30T04:43:44.000Z</time><ele>35.39</ele></trkpt><trkpt lat="37.119073" lon="126.990837"><time>2026-08-30T04:43:45.000Z</time><ele>35.31</ele></trkpt><trkpt lat="37.119096" lon="126.990907"><time>2026-08-30T04:43:46.000Z</time><ele>35.51</ele></trkpt><trkpt lat="37.119131" lon="126.990987"><time>2026-08-30T04:43:47.000Z</time><ele>34.87</ele></trkpt><trkpt lat="37.119168" lon="126.991067"><time>2026-08-30T04:43:48.000Z</time><ele>35.06</ele></trkpt><trkpt lat="37.119204" lon="126.991153"><time>2026-08-30T04:43:49.000Z</time><ele>34.78</ele></trkpt><trkpt lat="37.119228" lon="126.991243"><time>2026-08-30T04:43:50.000Z</time><ele>35.03</ele></trkpt><trkpt lat="37.119239" lon="126.991335"><time>2026-08-30T04:43:51.000Z</time><ele>34.87</ele></trkpt><trkpt lat="37.119264" lon="126.991424"><time>2026-08-30T04:43:52.000Z</time><ele>34.82</ele></trkpt><trkpt lat="37.11929" lon="126.991513"><time>2026-08-30T04:43:53.000Z</time><ele>34.8</ele></trkpt><trkpt lat="37.119318" lon="126.991607"><time>2026-08-30T04:43:54.001Z</time><ele>34.62</ele></trkpt><trkpt lat="37.119345" lon="126.991699"><time>2026-08-30T04:43:55.001Z</time><ele>33.86</ele></trkpt><trkpt lat="37.119377" lon="126.991805"><time>2026-08-30T04:43:56.001Z</time><ele>33.39</ele></trkpt><trkpt lat="37.119427" lon="126.991907"><time>2026-08-30T04:43:57.001Z</time><ele>32.57</ele></trkpt><trkpt lat="37.119489" lon="126.991989"><time>2026-08-30T04:43:58.001Z</time><ele>31.64</ele></trkpt><trkpt lat="37.119572" lon="126.992065"><time>2026-08-30T04:43:59.001Z</time><ele>32.18</ele></trkpt><trkpt lat="37.119638" lon="126.992143"><time>2026-08-30T04:44:00.001Z</time><ele>32.22</ele></trkpt><trkpt lat="37.119706" lon="126.992217"><time>2026-08-30T04:44:01.001Z</time><ele>31.89</ele></trkpt><trkpt lat="37.119778" lon="126.992282"><time>2026-08-30T04:44:02.001Z</time><ele>31.38</ele></trkpt><trkpt lat="37.119847" lon="126.992343"><time>2026-08-30T04:44:03.001Z</time><ele>31.37</ele></trkpt><trkpt lat="37.120795" lon="126.99294"><time>2026-08-30T04:44:11.001Z</time><ele>25.26</ele></trkpt><trkpt lat="37.120914" lon="126.992991"><time>2026-08-30T04:44:12.001Z</time><ele>23.93</ele></trkpt><trkpt lat="37.121038" lon="126.99304"><time>2026-08-30T04:44:13.001Z</time><ele>23.14</ele></trkpt><trkpt lat="37.121149" lon="126.993089"><time>2026-08-30T04:44:14.001Z</time><ele>22.04</ele></trkpt><trkpt lat="37.121254" lon="126.99314"><time>2026-08-30T04:44:15.001Z</time><ele>21.17</ele></trkpt><trkpt lat="37.121354" lon="126.993198"><time>2026-08-30T04:44:16.001Z</time><ele>20.79</ele></trkpt><trkpt lat="37.121456" lon="126.993267"><time>2026-08-30T04:44:17.001Z</time><ele>21.01</ele></trkpt><trkpt lat="37.121563" lon="126.993351"><time>2026-08-30T04:44:18.001Z</time><ele>20.24</ele></trkpt><trkpt lat="37.121671" lon="126.993439"><time>2026-08-30T04:44:19.001Z</time><ele>19.88</ele></trkpt><trkpt lat="37.121786" lon="126.993534"><time>2026-08-30T04:44:20.001Z</time><ele>19.32</ele></trkpt><trkpt lat="37.121882" lon="126.993623"><time>2026-08-30T04:44:21.001Z</time><ele>18.73</ele></trkpt><trkpt lat="37.121973" lon="126.993717"><time>2026-08-30T04:44:22.001Z</time><ele>17.92</ele></trkpt><trkpt lat="37.122047" lon="126.99381"><time>2026-08-30T04:44:23.001Z</time><ele>17.78</ele></trkpt><trkpt lat="37.122109" lon="126.993897"><time>2026-08-30T04:44:24.001Z</time><ele>17.38</ele></trkpt><trkpt lat="37.122144" lon="126.993983"><time>2026-08-30T04:44:25.001Z</time><ele>17.22</ele></trkpt><trkpt lat="37.122186" lon="126.994063"><time>2026-08-30T04:44:26.001Z</time><ele>17.38</ele></trkpt><trkpt lat="37.122229" lon="126.994139"><time>2026-08-30T04:44:27.001Z</time><ele>17.52</ele></trkpt><trkpt lat="37.122264" lon="126.994193"><time>2026-08-30T04:44:28.001Z</time><ele>17.59</ele></trkpt><trkpt lat="37.122296" lon="126.994237"><time>2026-08-30T04:44:29.001Z</time><ele>17.67</ele></trkpt><trkpt lat="37.122321" lon="126.994284"><time>2026-08-30T04:44:30.001Z</time><ele>18.03</ele></trkpt><trkpt lat="37.12236" lon="126.994331"><time>2026-08-30T04:44:31.001Z</time><ele>18.84</ele></trkpt><trkpt lat="37.12239" lon="126.994383"><time>2026-08-30T04:44:32.001Z</time><ele>18.74</ele></trkpt><trkpt lat="37.122423" lon="126.994434"><time>2026-08-30T04:44:33.001Z</time><ele>19.09</ele></trkpt><trkpt lat="37.12246" lon="126.994492"><time>2026-08-30T04:44:34.001Z</time><ele>19.24</ele></trkpt><trkpt lat="37.122503" lon="126.994563"><time>2026-08-30T04:44:35.001Z</time><ele>19.08</ele></trkpt><trkpt lat="37.122555" lon="126.994648"><time>2026-08-30T04:44:36.001Z</time><ele>19</ele></trkpt><trkpt lat="37.122627" lon="126.994732"><time>2026-08-30T04:44:37.001Z</time><ele>18.6</ele></trkpt><trkpt lat="37.122666" lon="126.994842"><time>2026-08-30T04:44:38.001Z</time><ele>19.28</ele></trkpt><trkpt lat="37.122708" lon="126.994952"><time>2026-08-30T04:44:39.001Z</time><ele>18.41</ele></trkpt><trkpt lat="37.122751" lon="126.995078"><time>2026-08-30T04:44:40.001Z</time><ele>18.57</ele></trkpt><trkpt lat="37.1228" lon="126.995207"><time>2026-08-30T04:44:41.001Z</time><ele>17.93</ele></trkpt><trkpt lat="37.122716" lon="126.99532"><time>2026-08-30T04:44:42.001Z</time><ele>17.79</ele></trkpt><trkpt lat="37.122708" lon="126.995445"><time>2026-08-30T04:44:43.001Z</time><ele>19.41</ele></trkpt><trkpt lat="37.122699" lon="126.995591"><time>2026-08-30T04:44:44.001Z</time><ele>20.87</ele></trkpt><trkpt lat="37.12269" lon="126.995736"><time>2026-08-30T04:44:45.001Z</time><ele>20.45</ele></trkpt><trkpt lat="37.122676" lon="126.995895"><time>2026-08-30T04:44:46.001Z</time><ele>20.1</ele></trkpt><trkpt lat="37.12267" lon="126.996055"><time>2026-08-30T04:44:47.001Z</time><ele>20.24</ele></trkpt><trkpt lat="37.12267" lon="126.996186"><time>2026-08-30T04:44:48.001Z</time><ele>20.31</ele></trkpt><trkpt lat="37.122675" lon="126.996342"><time>2026-08-30T04:44:49.001Z</time><ele>20.33</ele></trkpt><trkpt lat="37.122685" lon="126.996451"><time>2026-08-30T04:44:50.001Z</time><ele>20.49</ele></trkpt><trkpt lat="37.122694" lon="126.996542"><time>2026-08-30T04:44:51.001Z</time><ele>20.53</ele></trkpt><trkpt lat="37.122741" lon="126.996805"><time>2026-08-30T04:44:53.001Z</time><ele>20.58</ele></trkpt><trkpt lat="37.122765" lon="126.996906"><time>2026-08-30T04:44:54.001Z</time><ele>20.47</ele></trkpt><trkpt lat="37.122794" lon="126.997025"><time>2026-08-30T04:44:55.001Z</time><ele>20.08</ele></trkpt><trkpt lat="37.122818" lon="126.997115"><time>2026-08-30T04:44:56.001Z</time><ele>19.33</ele></trkpt><trkpt lat="37.122835" lon="126.99718"><time>2026-08-30T04:44:57.001Z</time><ele>19.31</ele></trkpt><trkpt lat="37.12285" lon="126.997237"><time>2026-08-30T04:44:58.001Z</time><ele>18.81</ele></trkpt><trkpt lat="37.122876" lon="126.997335"><time>2026-08-30T04:45:00.001Z</time><ele>17.9</ele></trkpt><trkpt lat="37.122896" lon="126.997412"><time>2026-08-30T04:45:02.001Z</time><ele>17.4</ele></trkpt><trkpt lat="37.122926" lon="126.997494"><time>2026-08-30T04:45:04.001Z</time><ele>17.06</ele></trkpt><trkpt lat="37.122946" lon="126.997563"><time>2026-08-30T04:45:07.001Z</time><ele>16.71</ele></trkpt><trkpt lat="37.122985" lon="126.997683"><time>2026-08-30T04:45:21.000Z</time><ele>19.71</ele></trkpt><trkpt lat="37.122989" lon="126.997774"><time>2026-08-30T04:45:23.000Z</time><ele>20.23</ele></trkpt><trkpt lat="37.12302" lon="126.997884"><time>2026-08-30T04:45:25.000Z</time><ele>20.32</ele></trkpt><trkpt lat="37.123041" lon="126.997942"><time>2026-08-30T04:45:26.000Z</time><ele>20.23</ele></trkpt><trkpt lat="37.123066" lon="126.998009"><time>2026-08-30T04:45:27.000Z</time><ele>20</ele></trkpt><trkpt lat="37.123087" lon="126.998085"><time>2026-08-30T04:45:28.000Z</time><ele>20.13</ele></trkpt><trkpt lat="37.123105" lon="126.998161"><time>2026-08-30T04:45:29.000Z</time><ele>20.13</ele></trkpt><trkpt lat="37.123128" lon="126.998255"><time>2026-08-30T04:45:30.000Z</time><ele>20.83</ele></trkpt><trkpt lat="37.123159" lon="126.998334"><time>2026-08-30T04:45:31.000Z</time><ele>20.31</ele></trkpt><trkpt lat="37.123184" lon="126.998424"><time>2026-08-30T04:45:32.000Z</time><ele>20.09</ele></trkpt><trkpt lat="37.123212" lon="126.998524"><time>2026-08-30T04:45:33.000Z</time><ele>19.32</ele></trkpt><trkpt lat="37.123241" lon="126.998615"><time>2026-08-30T04:45:34.000Z</time><ele>19.08</ele></trkpt><trkpt lat="37.123271" lon="126.99871"><time>2026-08-30T04:45:35.000Z</time><ele>18.62</ele></trkpt><trkpt lat="37.123303" lon="126.998807"><time>2026-08-30T04:45:36.000Z</time><ele>19.31</ele></trkpt><trkpt lat="37.12334" lon="126.998913"><time>2026-08-30T04:45:37.000Z</time><ele>18.72</ele></trkpt><trkpt lat="37.123374" lon="126.999018"><time>2026-08-30T04:45:38.000Z</time><ele>18.68</ele></trkpt><trkpt lat="37.123399" lon="126.999114"><time>2026-08-30T04:45:39.000Z</time><ele>18.86</ele></trkpt><trkpt lat="37.123433" lon="126.99922"><time>2026-08-30T04:45:40.000Z</time><ele>19.11</ele></trkpt><trkpt lat="37.123465" lon="126.999331"><time>2026-08-30T04:45:41.000Z</time><ele>18.8</ele></trkpt><trkpt lat="37.1235" lon="126.999445"><time>2026-08-30T04:45:42.000Z</time><ele>18.8</ele></trkpt><trkpt lat="37.123536" lon="126.999562"><time>2026-08-30T04:45:43.000Z</time><ele>18.63</ele></trkpt><trkpt lat="37.123576" lon="126.999685"><time>2026-08-30T04:45:44.000Z</time><ele>18.74</ele></trkpt><trkpt lat="37.123613" lon="126.999815"><time>2026-08-30T04:45:45.000Z</time><ele>18.78</ele></trkpt><trkpt lat="37.123654" lon="126.999949"><time>2026-08-30T04:45:46.000Z</time><ele>18.91</ele></trkpt><trkpt lat="37.123695" lon="127.000084"><time>2026-08-30T04:45:47.000Z</time><ele>18.93</ele></trkpt><trkpt lat="37.123738" lon="127.000225"><time>2026-08-30T04:45:48.000Z</time><ele>18.63</ele></trkpt><trkpt lat="37.123777" lon="127.000357"><time>2026-08-30T04:45:49.000Z</time><ele>18.55</ele></trkpt><trkpt lat="37.123815" lon="127.000486"><time>2026-08-30T04:45:50.000Z</time><ele>18.77</ele></trkpt><trkpt lat="37.123856" lon="127.000611"><time>2026-08-30T04:45:51.000Z</time><ele>18.35</ele></trkpt><trkpt lat="37.123893" lon="127.000733"><time>2026-08-30T04:45:52.000Z</time><ele>18.23</ele></trkpt><trkpt lat="37.123933" lon="127.000872"><time>2026-08-30T04:45:53.000Z</time><ele>18.41</ele></trkpt><trkpt lat="37.123974" lon="127.001013"><time>2026-08-30T04:45:54.000Z</time><ele>18.48</ele></trkpt><trkpt lat="37.124015" lon="127.001161"><time>2026-08-30T04:45:55.000Z</time><ele>18.48</ele></trkpt><trkpt lat="37.124059" lon="127.001312"><time>2026-08-30T04:45:56.000Z</time><ele>18.16</ele></trkpt><trkpt lat="37.124105" lon="127.001458"><time>2026-08-30T04:45:57.000Z</time><ele>18.2</ele></trkpt><trkpt lat="37.124146" lon="127.001595"><time>2026-08-30T04:45:58.000Z</time><ele>18.37</ele></trkpt><trkpt lat="37.124185" lon="127.001723"><time>2026-08-30T04:45:59.000Z</time><ele>18.54</ele></trkpt><trkpt lat="37.124224" lon="127.001857"><time>2026-08-30T04:46:00.000Z</time><ele>18.58</ele></trkpt><trkpt lat="37.124268" lon="127.001995"><time>2026-08-30T04:46:01.000Z</time><ele>19.69</ele></trkpt><trkpt lat="37.124312" lon="127.002139"><time>2026-08-30T04:46:02.000Z</time><ele>18.78</ele></trkpt><trkpt lat="37.124354" lon="127.002284"><time>2026-08-30T04:46:03.000Z</time><ele>19.48</ele></trkpt><trkpt lat="37.124398" lon="127.002431"><time>2026-08-30T04:46:04.001Z</time><ele>19.06</ele></trkpt><trkpt lat="37.12444" lon="127.002569"><time>2026-08-30T04:46:05.001Z</time><ele>19.05</ele></trkpt><trkpt lat="37.124476" lon="127.002697"><time>2026-08-30T04:46:06.001Z</time><ele>18.39</ele></trkpt><trkpt lat="37.124515" lon="127.002821"><time>2026-08-30T04:46:07.001Z</time><ele>18.38</ele></trkpt><trkpt lat="37.124552" lon="127.002953"><time>2026-08-30T04:46:08.001Z</time><ele>18.5</ele></trkpt><trkpt lat="37.124584" lon="127.003073"><time>2026-08-30T04:46:09.001Z</time><ele>18.41</ele></trkpt><trkpt lat="37.124616" lon="127.003187"><time>2026-08-30T04:46:10.001Z</time><ele>18.55</ele></trkpt><trkpt lat="37.124651" lon="127.003298"><time>2026-08-30T04:46:11.001Z</time><ele>18.26</ele></trkpt><trkpt lat="37.124693" lon="127.003416"><time>2026-08-30T04:46:12.001Z</time><ele>18.36</ele></trkpt><trkpt lat="37.124735" lon="127.003529"><time>2026-08-30T04:46:13.001Z</time><ele>18.1</ele></trkpt><trkpt lat="37.124772" lon="127.003634"><time>2026-08-30T04:46:14.001Z</time><ele>17.81</ele></trkpt><trkpt lat="37.124809" lon="127.003734"><time>2026-08-30T04:46:15.001Z</time><ele>17.78</ele></trkpt><trkpt lat="37.124853" lon="127.003837"><time>2026-08-30T04:46:16.001Z</time><ele>17.8</ele></trkpt><trkpt lat="37.124896" lon="127.003942"><time>2026-08-30T04:46:17.001Z</time><ele>17.66</ele></trkpt><trkpt lat="37.124941" lon="127.004053"><time>2026-08-30T04:46:18.001Z</time><ele>17.72</ele></trkpt><trkpt lat="37.124992" lon="127.004167"><time>2026-08-30T04:46:19.001Z</time><ele>17.44</ele></trkpt><trkpt lat="37.125045" lon="127.004282"><time>2026-08-30T04:46:20.001Z</time><ele>17.73</ele></trkpt><trkpt lat="37.1251" lon="127.004395"><time>2026-08-30T04:46:21.001Z</time><ele>17.34</ele></trkpt><trkpt lat="37.125159" lon="127.004506"><time>2026-08-30T04:46:22.001Z</time><ele>17.26</ele></trkpt><trkpt lat="37.125221" lon="127.004623"><time>2026-08-30T04:46:23.001Z</time><ele>16.57</ele></trkpt><trkpt lat="37.125288" lon="127.004735"><time>2026-08-30T04:46:24.001Z</time><ele>16.8</ele></trkpt><trkpt lat="37.125351" lon="127.004845"><time>2026-08-30T04:46:25.001Z</time><ele>17.43</ele></trkpt><trkpt lat="37.125415" lon="127.004961"><time>2026-08-30T04:46:26.001Z</time><ele>17.53</ele></trkpt><trkpt lat="37.125477" lon="127.005078"><time>2026-08-30T04:46:27.001Z</time><ele>17.16</ele></trkpt><trkpt lat="37.125532" lon="127.005187"><time>2026-08-30T04:46:28.001Z</time><ele>17.59</ele></trkpt><trkpt lat="37.125582" lon="127.005287"><time>2026-08-30T04:46:29.001Z</time><ele>17.16</ele></trkpt><trkpt lat="37.125634" lon="127.005385"><time>2026-08-30T04:46:30.001Z</time><ele>17.02</ele></trkpt><trkpt lat="37.12568" lon="127.005474"><time>2026-08-30T04:46:31.001Z</time><ele>17.71</ele></trkpt><trkpt lat="37.125728" lon="127.005565"><time>2026-08-30T04:46:32.001Z</time><ele>17.92</ele></trkpt><trkpt lat="37.125778" lon="127.005653"><time>2026-08-30T04:46:33.001Z</time><ele>18.02</ele></trkpt><trkpt lat="37.125824" lon="127.005739"><time>2026-08-30T04:46:34.001Z</time><ele>18.14</ele></trkpt><trkpt lat="37.125868" lon="127.005821"><time>2026-08-30T04:46:35.001Z</time><ele>18.14</ele></trkpt><trkpt lat="37.125903" lon="127.005906"><time>2026-08-30T04:46:36.001Z</time><ele>18.25</ele></trkpt><trkpt lat="37.125939" lon="127.005978"><time>2026-08-30T04:46:37.001Z</time><ele>18.55</ele></trkpt><trkpt lat="37.125976" lon="127.006047"><time>2026-08-30T04:46:38.001Z</time><ele>18.57</ele></trkpt><trkpt lat="37.126013" lon="127.006117"><time>2026-08-30T04:46:39.001Z</time><ele>18.57</ele></trkpt><trkpt lat="37.126048" lon="127.006186"><time>2026-08-30T04:46:40.001Z</time><ele>18.41</ele></trkpt><trkpt lat="37.126085" lon="127.006246"><time>2026-08-30T04:46:41.001Z</time><ele>18.81</ele></trkpt><trkpt lat="37.126117" lon="127.006306"><time>2026-08-30T04:46:42.001Z</time><ele>19.12</ele></trkpt><trkpt lat="37.12615" lon="127.006364"><time>2026-08-30T04:46:43.001Z</time><ele>19.04</ele></trkpt><trkpt lat="37.126178" lon="127.006418"><time>2026-08-30T04:46:44.001Z</time><ele>19.3</ele></trkpt><trkpt lat="37.126204" lon="127.006487"><time>2026-08-30T04:46:45.001Z</time><ele>19.68</ele></trkpt><trkpt lat="37.126235" lon="127.006549"><time>2026-08-30T04:46:46.001Z</time><ele>20.1</ele></trkpt><trkpt lat="37.12626" lon="127.006598"><time>2026-08-30T04:46:47.001Z</time><ele>20.2</ele></trkpt><trkpt lat="37.126299" lon="127.006675"><time>2026-08-30T04:46:49.001Z</time><ele>20.68</ele></trkpt><trkpt lat="37.126304" lon="127.006735"><time>2026-08-30T04:47:00.001Z</time><ele>20.97</ele></trkpt><trkpt lat="37.126323" lon="127.006793"><time>2026-08-30T04:47:08.001Z</time><ele>21.86</ele></trkpt><trkpt lat="37.126347" lon="127.006842"><time>2026-08-30T04:47:09.001Z</time><ele>21.95</ele></trkpt><trkpt lat="37.126375" lon="127.006899"><time>2026-08-30T04:47:10.001Z</time><ele>21.7</ele></trkpt><trkpt lat="37.126402" lon="127.006951"><time>2026-08-30T04:47:11.001Z</time><ele>21.73</ele></trkpt><trkpt lat="37.12643" lon="127.006999"><time>2026-08-30T04:47:12.001Z</time><ele>21.5</ele></trkpt><trkpt lat="37.126464" lon="127.007059"><time>2026-08-30T04:47:13.001Z</time><ele>21.35</ele></trkpt><trkpt lat="37.126508" lon="127.007137"><time>2026-08-30T04:47:14.001Z</time><ele>21.26</ele></trkpt><trkpt lat="37.126554" lon="127.007225"><time>2026-08-30T04:47:15.001Z</time><ele>21.07</ele></trkpt><trkpt lat="37.126601" lon="127.007317"><time>2026-08-30T04:47:16.001Z</time><ele>21.26</ele></trkpt><trkpt lat="37.126643" lon="127.007395"><time>2026-08-30T04:47:17.001Z</time><ele>21.49</ele></trkpt><trkpt lat="37.126688" lon="127.007476"><time>2026-08-30T04:47:18.001Z</time><ele>21.19</ele></trkpt><trkpt lat="37.126737" lon="127.007563"><time>2026-08-30T04:47:19.000Z</time><ele>21.42</ele></trkpt><trkpt lat="37.126884" lon="127.007832"><time>2026-08-30T04:47:22.000Z</time><ele>21.55</ele></trkpt><trkpt lat="37.126935" lon="127.007929"><time>2026-08-30T04:47:23.000Z</time><ele>21.62</ele></trkpt><trkpt lat="37.126989" lon="127.008024"><time>2026-08-30T04:47:24.000Z</time><ele>22.01</ele></trkpt><trkpt lat="37.127047" lon="127.008121"><time>2026-08-30T04:47:25.000Z</time><ele>21.85</ele></trkpt><trkpt lat="37.127106" lon="127.008222"><time>2026-08-30T04:47:26.000Z</time><ele>21.74</ele></trkpt><trkpt lat="37.127164" lon="127.00833"><time>2026-08-30T04:47:27.000Z</time><ele>21.93</ele></trkpt><trkpt lat="37.127222" lon="127.008437"><time>2026-08-30T04:47:28.000Z</time><ele>21.59</ele></trkpt><trkpt lat="37.127279" lon="127.008549"><time>2026-08-30T04:47:29.000Z</time><ele>21.79</ele></trkpt><trkpt lat="37.127339" lon="127.008669"><time>2026-08-30T04:47:30.000Z</time><ele>22.53</ele></trkpt><trkpt lat="37.127412" lon="127.0088"><time>2026-08-30T04:47:31.000Z</time><ele>22.51</ele></trkpt><trkpt lat="37.127484" lon="127.008935"><time>2026-08-30T04:47:32.000Z</time><ele>22.65</ele></trkpt><trkpt lat="37.12756" lon="127.009071"><time>2026-08-30T04:47:33.000Z</time><ele>22.74</ele></trkpt><trkpt lat="37.127642" lon="127.009223"><time>2026-08-30T04:47:34.000Z</time><ele>22.94</ele></trkpt><trkpt lat="37.127724" lon="127.009379"><time>2026-08-30T04:47:35.000Z</time><ele>22.89</ele></trkpt><trkpt lat="37.127808" lon="127.00954"><time>2026-08-30T04:47:36.000Z</time><ele>23.14</ele></trkpt><trkpt lat="37.127893" lon="127.009702"><time>2026-08-30T04:47:37.000Z</time><ele>23.41</ele></trkpt><trkpt lat="37.127978" lon="127.009859"><time>2026-08-30T04:47:38.000Z</time><ele>23.1</ele></trkpt><trkpt lat="37.128062" lon="127.010018"><time>2026-08-30T04:47:39.000Z</time><ele>23.11</ele></trkpt><trkpt lat="37.128146" lon="127.010183"><time>2026-08-30T04:47:40.000Z</time><ele>23.8</ele></trkpt><trkpt lat="37.128231" lon="127.010334"><time>2026-08-30T04:47:41.000Z</time><ele>22.88</ele></trkpt><trkpt lat="37.128315" lon="127.010492"><time>2026-08-30T04:47:42.000Z</time><ele>23.4</ele></trkpt><trkpt lat="37.1284" lon="127.010648"><time>2026-08-30T04:47:43.000Z</time><ele>23.6</ele></trkpt><trkpt lat="37.128479" lon="127.010794"><time>2026-08-30T04:47:44.000Z</time><ele>23.37</ele></trkpt><trkpt lat="37.128554" lon="127.01094"><time>2026-08-30T04:47:45.000Z</time><ele>23.08</ele></trkpt><trkpt lat="37.128628" lon="127.011082"><time>2026-08-30T04:47:46.000Z</time><ele>23.33</ele></trkpt><trkpt lat="37.128699" lon="127.011219"><time>2026-08-30T04:47:47.000Z</time><ele>23.53</ele></trkpt><trkpt lat="37.128767" lon="127.011343"><time>2026-08-30T04:47:48.000Z</time><ele>23.74</ele></trkpt><trkpt lat="37.128827" lon="127.011459"><time>2026-08-30T04:47:49.000Z</time><ele>24.15</ele></trkpt><trkpt lat="37.128882" lon="127.011569"><time>2026-08-30T04:47:50.000Z</time><ele>24.85</ele></trkpt><trkpt lat="37.128931" lon="127.011666"><time>2026-08-30T04:47:51.000Z</time><ele>25.13</ele></trkpt><trkpt lat="37.128978" lon="127.011764"><time>2026-08-30T04:47:52.000Z</time><ele>25.17</ele></trkpt><trkpt lat="37.129016" lon="127.011852"><time>2026-08-30T04:47:53.000Z</time><ele>25.73</ele></trkpt><trkpt lat="37.129043" lon="127.011932"><time>2026-08-30T04:47:54.000Z</time><ele>26.06</ele></trkpt><trkpt lat="37.129066" lon="127.012011"><time>2026-08-30T04:47:55.000Z</time><ele>26.46</ele></trkpt><trkpt lat="37.129081" lon="127.012093"><time>2026-08-30T04:47:56.000Z</time><ele>26.72</ele></trkpt><trkpt lat="37.129091" lon="127.012159"><time>2026-08-30T04:47:57.000Z</time><ele>27.15</ele></trkpt><trkpt lat="37.129078" lon="127.012219"><time>2026-08-30T04:47:58.000Z</time><ele>27.41</ele></trkpt><trkpt lat="37.12909" lon="127.012293"><time>2026-08-30T04:48:00.000Z</time><ele>28.09</ele></trkpt><trkpt lat="37.12908" lon="127.012364"><time>2026-08-30T04:48:09.000Z</time><ele>28.85</ele></trkpt><trkpt lat="37.129081" lon="127.012477"><time>2026-08-30T04:48:11.000Z</time><ele>29.1</ele></trkpt><trkpt lat="37.129074" lon="127.012548"><time>2026-08-30T04:48:12.001Z</time><ele>29.29</ele></trkpt><trkpt lat="37.129061" lon="127.012635"><time>2026-08-30T04:48:13.001Z</time><ele>29.42</ele></trkpt><trkpt lat="37.129047" lon="127.012728"><time>2026-08-30T04:48:14.001Z</time><ele>29.72</ele></trkpt><trkpt lat="37.129034" lon="127.012829"><time>2026-08-30T04:48:15.001Z</time><ele>30.42</ele></trkpt><trkpt lat="37.129023" lon="127.012935"><time>2026-08-30T04:48:16.001Z</time><ele>30.88</ele></trkpt><trkpt lat="37.129007" lon="127.013059"><time>2026-08-30T04:48:17.001Z</time><ele>31.55</ele></trkpt><trkpt lat="37.128995" lon="127.013175"><time>2026-08-30T04:48:18.001Z</time><ele>31.78</ele></trkpt><trkpt lat="37.12899" lon="127.013283"><time>2026-08-30T04:48:19.001Z</time><ele>32.06</ele></trkpt><trkpt lat="37.128996" lon="127.013395"><time>2026-08-30T04:48:20.001Z</time><ele>32.11</ele></trkpt><trkpt lat="37.129009" lon="127.013507"><time>2026-08-30T04:48:21.001Z</time><ele>31.42</ele></trkpt><trkpt lat="37.129026" lon="127.013625"><time>2026-08-30T04:48:22.001Z</time><ele>31.77</ele></trkpt><trkpt lat="37.129046" lon="127.013745"><time>2026-08-30T04:48:23.001Z</time><ele>32.01</ele></trkpt><trkpt lat="37.129074" lon="127.013864"><time>2026-08-30T04:48:24.001Z</time><ele>31.83</ele></trkpt><trkpt lat="37.129099" lon="127.013987"><time>2026-08-30T04:48:25.001Z</time><ele>31.69</ele></trkpt><trkpt lat="37.129124" lon="127.01411"><time>2026-08-30T04:48:26.001Z</time><ele>32.06</ele></trkpt><trkpt lat="37.129153" lon="127.014231"><time>2026-08-30T04:48:27.001Z</time><ele>31.89</ele></trkpt><trkpt lat="37.129184" lon="127.014364"><time>2026-08-30T04:48:28.001Z</time><ele>32.47</ele></trkpt><trkpt lat="37.129218" lon="127.014508"><time>2026-08-30T04:48:29.001Z</time><ele>33.32</ele></trkpt><trkpt lat="37.129254" lon="127.014657"><time>2026-08-30T04:48:30.001Z</time><ele>33.64</ele></trkpt><trkpt lat="37.12929" lon="127.014815"><time>2026-08-30T04:48:31.001Z</time><ele>34.02</ele></trkpt><trkpt lat="37.129327" lon="127.014974"><time>2026-08-30T04:48:32.001Z</time><ele>34.89</ele></trkpt><trkpt lat="37.129367" lon="127.015132"><time>2026-08-30T04:48:33.001Z</time><ele>35.84</ele></trkpt><trkpt lat="37.129403" lon="127.01528"><time>2026-08-30T04:48:34.001Z</time><ele>35.94</ele></trkpt><trkpt lat="37.129436" lon="127.015428"><time>2026-08-30T04:48:35.001Z</time><ele>36.95</ele></trkpt><trkpt lat="37.129468" lon="127.015569"><time>2026-08-30T04:48:36.001Z</time><ele>37.2</ele></trkpt><trkpt lat="37.129498" lon="127.015701"><time>2026-08-30T04:48:37.001Z</time><ele>37.06</ele></trkpt><trkpt lat="37.129524" lon="127.015819"><time>2026-08-30T04:48:38.001Z</time><ele>37.24</ele></trkpt><trkpt lat="37.129547" lon="127.015912"><time>2026-08-30T04:48:39.001Z</time><ele>37.43</ele></trkpt><trkpt lat="37.129567" lon="127.015997"><time>2026-08-30T04:48:41.001Z</time><ele>37.04</ele></trkpt><trkpt lat="37.129573" lon="127.016071"><time>2026-08-30T04:48:49.001Z</time><ele>36.36</ele></trkpt><trkpt lat="37.129591" lon="127.016176"><time>2026-08-30T04:48:51.001Z</time><ele>35.49</ele></trkpt><trkpt lat="37.129606" lon="127.016251"><time>2026-08-30T04:48:52.001Z</time><ele>35.8</ele></trkpt><trkpt lat="37.129621" lon="127.016321"><time>2026-08-30T04:48:53.001Z</time><ele>35.6</ele></trkpt><trkpt lat="37.129638" lon="127.016402"><time>2026-08-30T04:48:54.001Z</time><ele>35.51</ele></trkpt><trkpt lat="37.129654" lon="127.016492"><time>2026-08-30T04:48:55.001Z</time><ele>35.65</ele></trkpt><trkpt lat="37.129676" lon="127.01659"><time>2026-08-30T04:48:56.001Z</time><ele>35.78</ele></trkpt><trkpt lat="37.1297" lon="127.016694"><time>2026-08-30T04:48:57.001Z</time><ele>35.68</ele></trkpt><trkpt lat="37.129723" lon="127.01679"><time>2026-08-30T04:48:58.001Z</time><ele>35.53</ele></trkpt><trkpt lat="37.129746" lon="127.016891"><time>2026-08-30T04:48:59.001Z</time><ele>35.46</ele></trkpt><trkpt lat="37.12977" lon="127.017012"><time>2026-08-30T04:49:00.001Z</time><ele>35.8</ele></trkpt><trkpt lat="37.12979" lon="127.017124"><time>2026-08-30T04:49:01.001Z</time><ele>36.06</ele></trkpt><trkpt lat="37.129813" lon="127.017225"><time>2026-08-30T04:49:02.001Z</time><ele>35.63</ele></trkpt><trkpt lat="37.129835" lon="127.017327"><time>2026-08-30T04:49:03.001Z</time><ele>35.62</ele></trkpt><trkpt lat="37.129872" lon="127.017434"><time>2026-08-30T04:49:04.001Z</time><ele>35.25</ele></trkpt><trkpt lat="37.129909" lon="127.017544"><time>2026-08-30T04:49:05.001Z</time><ele>35.05</ele></trkpt><trkpt lat="37.129934" lon="127.017649"><time>2026-08-30T04:49:06.001Z</time><ele>34.61</ele></trkpt><trkpt lat="37.129975" lon="127.017758"><time>2026-08-30T04:49:07.001Z</time><ele>34.77</ele></trkpt><trkpt lat="37.130019" lon="127.017867"><time>2026-08-30T04:49:08.001Z</time><ele>34.83</ele></trkpt><trkpt lat="37.130071" lon="127.017971"><time>2026-08-30T04:49:09.001Z</time><ele>35.05</ele></trkpt><trkpt lat="37.130125" lon="127.018062"><time>2026-08-30T04:49:10.001Z</time><ele>34.72</ele></trkpt><trkpt lat="37.130182" lon="127.018159"><time>2026-08-30T04:49:11.001Z</time><ele>34.79</ele></trkpt><trkpt lat="37.130244" lon="127.018261"><time>2026-08-30T04:49:12.001Z</time><ele>34.6</ele></trkpt><trkpt lat="37.130305" lon="127.018367"><time>2026-08-30T04:49:13.001Z</time><ele>34.89</ele></trkpt><trkpt lat="37.130367" lon="127.018474"><time>2026-08-30T04:49:14.001Z</time><ele>34.82</ele></trkpt><trkpt lat="37.13043" lon="127.018583"><time>2026-08-30T04:49:15.001Z</time><ele>35.28</ele></trkpt><trkpt lat="37.130497" lon="127.018695"><time>2026-08-30T04:49:16.001Z</time><ele>35.48</ele></trkpt><trkpt lat="37.130561" lon="127.018806"><time>2026-08-30T04:49:17.001Z</time><ele>35.93</ele></trkpt><trkpt lat="37.130622" lon="127.018913"><time>2026-08-30T04:49:18.001Z</time><ele>35.88</ele></trkpt><trkpt lat="37.130677" lon="127.019012"><time>2026-08-30T04:49:19.001Z</time><ele>36.69</ele></trkpt><trkpt lat="37.130739" lon="127.01911"><time>2026-08-30T04:49:20.001Z</time><ele>36.96</ele></trkpt><trkpt lat="37.130802" lon="127.019213"><time>2026-08-30T04:49:21.001Z</time><ele>36.92</ele></trkpt><trkpt lat="37.130864" lon="127.019326"><time>2026-08-30T04:49:22.001Z</time><ele>37.74</ele></trkpt><trkpt lat="37.130927" lon="127.01943"><time>2026-08-30T04:49:23.001Z</time><ele>37.58</ele></trkpt><trkpt lat="37.130986" lon="127.019529"><time>2026-08-30T04:49:24.001Z</time><ele>37.69</ele></trkpt><trkpt lat="37.131047" lon="127.019628"><time>2026-08-30T04:49:25.000Z</time><ele>38.09</ele></trkpt><trkpt lat="37.131107" lon="127.019728"><time>2026-08-30T04:49:26.000Z</time><ele>38.61</ele></trkpt><trkpt lat="37.131168" lon="127.019837"><time>2026-08-30T04:49:27.000Z</time><ele>38.37</ele></trkpt><trkpt lat="37.131226" lon="127.019941"><time>2026-08-30T04:49:28.000Z</time><ele>38.65</ele></trkpt><trkpt lat="37.13129" lon="127.020044"><time>2026-08-30T04:49:29.000Z</time><ele>38.49</ele></trkpt><trkpt lat="37.131355" lon="127.020151"><time>2026-08-30T04:49:30.000Z</time><ele>39.27</ele></trkpt><trkpt lat="37.131424" lon="127.020265"><time>2026-08-30T04:49:31.000Z</time><ele>39.33</ele></trkpt><trkpt lat="37.131488" lon="127.020377"><time>2026-08-30T04:49:32.000Z</time><ele>39.06</ele></trkpt><trkpt lat="37.131555" lon="127.020489"><time>2026-08-30T04:49:33.000Z</time><ele>39.58</ele></trkpt><trkpt lat="37.131624" lon="127.020603"><time>2026-08-30T04:49:34.000Z</time><ele>40.03</ele></trkpt><trkpt lat="37.131681" lon="127.020714"><time>2026-08-30T04:49:35.000Z</time><ele>40.57</ele></trkpt><trkpt lat="37.131737" lon="127.020814"><time>2026-08-30T04:49:36.000Z</time><ele>40.53</ele></trkpt><trkpt lat="37.131796" lon="127.020915"><time>2026-08-30T04:49:37.000Z</time><ele>40.54</ele></trkpt><trkpt lat="37.131843" lon="127.021009"><time>2026-08-30T04:49:38.000Z</time><ele>41.17</ele></trkpt><trkpt lat="37.131884" lon="127.02109"><time>2026-08-30T04:49:39.000Z</time><ele>41.1</ele></trkpt><trkpt lat="37.131917" lon="127.021161"><time>2026-08-30T04:49:40.000Z</time><ele>41.1</ele></trkpt><trkpt lat="37.131939" lon="127.021229"><time>2026-08-30T04:49:41.000Z</time><ele>41.9</ele></trkpt><trkpt lat="37.13196" lon="127.021284"><time>2026-08-30T04:49:42.000Z</time><ele>41.76</ele></trkpt><trkpt lat="37.131998" lon="127.021377"><time>2026-08-30T04:49:44.000Z</time><ele>41.3</ele></trkpt><trkpt lat="37.132015" lon="127.021435"><time>2026-08-30T04:49:45.000Z</time><ele>41.44</ele></trkpt><trkpt lat="37.132033" lon="127.021501"><time>2026-08-30T04:49:46.000Z</time><ele>41.95</ele></trkpt><trkpt lat="37.132046" lon="127.021569"><time>2026-08-30T04:49:47.000Z</time><ele>42.15</ele></trkpt><trkpt lat="37.132076" lon="127.021674"><time>2026-08-30T04:49:49.000Z</time><ele>42.07</ele></trkpt><trkpt lat="37.132098" lon="127.02178"><time>2026-08-30T04:49:51.000Z</time><ele>42.1</ele></trkpt><trkpt lat="37.132107" lon="127.021868"><time>2026-08-30T04:49:53.000Z</time><ele>42.16</ele></trkpt><trkpt lat="37.132121" lon="127.021981"><time>2026-08-30T04:49:55.000Z</time><ele>42.38</ele></trkpt><trkpt lat="37.132132" lon="127.022059"><time>2026-08-30T04:49:56.000Z</time><ele>42.38</ele></trkpt><trkpt lat="37.132139" lon="127.022126"><time>2026-08-30T04:49:57.000Z</time><ele>41.85</ele></trkpt><trkpt lat="37.132152" lon="127.022213"><time>2026-08-30T04:49:58.000Z</time><ele>42.74</ele></trkpt><trkpt lat="37.132163" lon="127.022299"><time>2026-08-30T04:49:59.000Z</time><ele>42.52</ele></trkpt><trkpt lat="37.132173" lon="127.022382"><time>2026-08-30T04:50:00.000Z</time><ele>42.96</ele></trkpt><trkpt lat="37.132188" lon="127.022471"><time>2026-08-30T04:50:01.000Z</time><ele>42.81</ele></trkpt><trkpt lat="37.132207" lon="127.022572"><time>2026-08-30T04:50:02.000Z</time><ele>43</ele></trkpt><trkpt lat="37.132224" lon="127.022668"><time>2026-08-30T04:50:03.000Z</time><ele>42.95</ele></trkpt><trkpt lat="37.132242" lon="127.022768"><time>2026-08-30T04:50:04.000Z</time><ele>43.25</ele></trkpt><trkpt lat="37.132263" lon="127.022875"><time>2026-08-30T04:50:05.000Z</time><ele>43.06</ele></trkpt><trkpt lat="37.13229" lon="127.02298"><time>2026-08-30T04:50:06.000Z</time><ele>42.59</ele></trkpt><trkpt lat="37.132313" lon="127.023072"><time>2026-08-30T04:50:07.000Z</time><ele>42.91</ele></trkpt><trkpt lat="37.132332" lon="127.023167"><time>2026-08-30T04:50:08.000Z</time><ele>41.93</ele></trkpt><trkpt lat="37.13235" lon="127.023257"><time>2026-08-30T04:50:09.000Z</time><ele>41.91</ele></trkpt><trkpt lat="37.132367" lon="127.02336"><time>2026-08-30T04:50:10.000Z</time><ele>42.28</ele></trkpt><trkpt lat="37.132387" lon="127.023467"><time>2026-08-30T04:50:11.000Z</time><ele>42.5</ele></trkpt><trkpt lat="37.132414" lon="127.023582"><time>2026-08-30T04:50:12.000Z</time><ele>42.37</ele></trkpt><trkpt lat="37.132438" lon="127.023695"><time>2026-08-30T04:50:13.000Z</time><ele>41.8</ele></trkpt><trkpt lat="37.132459" lon="127.023825"><time>2026-08-30T04:50:14.000Z</time><ele>41.6</ele></trkpt><trkpt lat="37.132487" lon="127.023961"><time>2026-08-30T04:50:15.000Z</time><ele>41.97</ele></trkpt><trkpt lat="37.132574" lon="127.02434"><time>2026-08-30T04:50:18.001Z</time><ele>40.45</ele></trkpt><trkpt lat="37.132595" lon="127.024463"><time>2026-08-30T04:50:19.001Z</time><ele>40.89</ele></trkpt><trkpt lat="37.132622" lon="127.024572"><time>2026-08-30T04:50:20.001Z</time><ele>40.88</ele></trkpt><trkpt lat="37.132641" lon="127.02468"><time>2026-08-30T04:50:21.001Z</time><ele>41.15</ele></trkpt><trkpt lat="37.132666" lon="127.024792"><time>2026-08-30T04:50:22.001Z</time><ele>41.34</ele></trkpt><trkpt lat="37.132694" lon="127.024899"><time>2026-08-30T04:50:23.001Z</time><ele>41.72</ele></trkpt><trkpt lat="37.132712" lon="127.024992"><time>2026-08-30T04:50:24.001Z</time><ele>41.94</ele></trkpt><trkpt lat="37.132732" lon="127.025072"><time>2026-08-30T04:50:25.001Z</time><ele>41.63</ele></trkpt><trkpt lat="37.13275" lon="127.02515"><time>2026-08-30T04:50:26.001Z</time><ele>41.86</ele></trkpt><trkpt lat="37.132766" lon="127.025229"><time>2026-08-30T04:50:27.001Z</time><ele>42.05</ele></trkpt><trkpt lat="37.132782" lon="127.025298"><time>2026-08-30T04:50:28.001Z</time><ele>42.22</ele></trkpt><trkpt lat="37.132799" lon="127.025373"><time>2026-08-30T04:50:29.001Z</time><ele>42.42</ele></trkpt><trkpt lat="37.13282" lon="127.025456"><time>2026-08-30T04:50:30.001Z</time><ele>42.69</ele></trkpt><trkpt lat="37.132843" lon="127.025545"><time>2026-08-30T04:50:31.001Z</time><ele>42.84</ele></trkpt><trkpt lat="37.132865" lon="127.025636"><time>2026-08-30T04:50:32.001Z</time><ele>43.2</ele></trkpt><trkpt lat="37.132894" lon="127.02573"><time>2026-08-30T04:50:33.001Z</time><ele>44.26</ele></trkpt><trkpt lat="37.132919" lon="127.025816"><time>2026-08-30T04:50:34.001Z</time><ele>44.44</ele></trkpt><trkpt lat="37.132945" lon="127.025887"><time>2026-08-30T04:50:35.001Z</time><ele>44.58</ele></trkpt><trkpt lat="37.132971" lon="127.025957"><time>2026-08-30T04:50:36.001Z</time><ele>44.58</ele></trkpt><trkpt lat="37.132996" lon="127.026027"><time>2026-08-30T04:50:37.001Z</time><ele>44.87</ele></trkpt><trkpt lat="37.133024" lon="127.026105"><time>2026-08-30T04:50:38.001Z</time><ele>45.04</ele></trkpt><trkpt lat="37.133051" lon="127.026177"><time>2026-08-30T04:50:39.001Z</time><ele>44.78</ele></trkpt><trkpt lat="37.133074" lon="127.026241"><time>2026-08-30T04:50:40.001Z</time><ele>45.04</ele></trkpt><trkpt lat="37.133108" lon="127.02631"><time>2026-08-30T04:50:41.001Z</time><ele>44.58</ele></trkpt><trkpt lat="37.133138" lon="127.026387"><time>2026-08-30T04:50:42.001Z</time><ele>44.37</ele></trkpt><trkpt lat="37.133174" lon="127.026472"><time>2026-08-30T04:50:43.001Z</time><ele>44.39</ele></trkpt><trkpt lat="37.133211" lon="127.026565"><time>2026-08-30T04:50:44.001Z</time><ele>44.01</ele></trkpt><trkpt lat="37.133245" lon="127.026662"><time>2026-08-30T04:50:45.001Z</time><ele>43.67</ele></trkpt><trkpt lat="37.133278" lon="127.026755"><time>2026-08-30T04:50:46.001Z</time><ele>43.12</ele></trkpt><trkpt lat="37.133303" lon="127.026845"><time>2026-08-30T04:50:47.001Z</time><ele>43.36</ele></trkpt><trkpt lat="37.133341" lon="127.026935"><time>2026-08-30T04:50:48.001Z</time><ele>43.05</ele></trkpt><trkpt lat="37.133375" lon="127.027019"><time>2026-08-30T04:50:49.001Z</time><ele>42.88</ele></trkpt><trkpt lat="37.133408" lon="127.027107"><time>2026-08-30T04:50:50.001Z</time><ele>43.12</ele></trkpt><trkpt lat="37.133447" lon="127.027194"><time>2026-08-30T04:50:51.001Z</time><ele>43.07</ele></trkpt><trkpt lat="37.133487" lon="127.027299"><time>2026-08-30T04:50:52.001Z</time><ele>43.12</ele></trkpt><trkpt lat="37.133529" lon="127.027407"><time>2026-08-30T04:50:53.001Z</time><ele>43.3</ele></trkpt><trkpt lat="37.133571" lon="127.027508"><time>2026-08-30T04:50:54.001Z</time><ele>43.19</ele></trkpt><trkpt lat="37.133613" lon="127.02761"><time>2026-08-30T04:50:55.001Z</time><ele>42.96</ele></trkpt><trkpt lat="37.13365" lon="127.027704"><time>2026-08-30T04:50:56.001Z</time><ele>42.26</ele></trkpt><trkpt lat="37.133685" lon="127.027792"><time>2026-08-30T04:50:57.001Z</time><ele>42.07</ele></trkpt><trkpt lat="37.13372" lon="127.027874"><time>2026-08-30T04:50:58.001Z</time><ele>41.78</ele></trkpt><trkpt lat="37.133751" lon="127.027949"><time>2026-08-30T04:50:59.001Z</time><ele>41.73</ele></trkpt><trkpt lat="37.133779" lon="127.028016"><time>2026-08-30T04:51:00.001Z</time><ele>41.47</ele></trkpt><trkpt lat="37.1338" lon="127.028076"><time>2026-08-30T04:51:01.001Z</time><ele>41.19</ele></trkpt><trkpt lat="37.133821" lon="127.02814"><time>2026-08-30T04:51:02.001Z</time><ele>41.39</ele></trkpt><trkpt lat="37.133842" lon="127.028203"><time>2026-08-30T04:51:03.001Z</time><ele>41.09</ele></trkpt><trkpt lat="37.13386" lon="127.028268"><time>2026-08-30T04:51:04.001Z</time><ele>41.2</ele></trkpt><trkpt lat="37.133875" lon="127.028327"><time>2026-08-30T04:51:05.001Z</time><ele>41.63</ele></trkpt><trkpt lat="37.133899" lon="127.028399"><time>2026-08-30T04:51:06.001Z</time><ele>41.65</ele></trkpt><trkpt lat="37.133924" lon="127.028477"><time>2026-08-30T04:51:07.001Z</time><ele>41.64</ele></trkpt><trkpt lat="37.133948" lon="127.028544"><time>2026-08-30T04:51:08.001Z</time><ele>41.38</ele></trkpt><trkpt lat="37.133972" lon="127.028616"><time>2026-08-30T04:51:09.001Z</time><ele>41.32</ele></trkpt><trkpt lat="37.134" lon="127.028686"><time>2026-08-30T04:51:10.001Z</time><ele>40.96</ele></trkpt><trkpt lat="37.134015" lon="127.028766"><time>2026-08-30T04:51:11.001Z</time><ele>40.8</ele></trkpt><trkpt lat="37.134044" lon="127.02885"><time>2026-08-30T04:51:12.001Z</time><ele>40.65</ele></trkpt><trkpt lat="37.134069" lon="127.028937"><time>2026-08-30T04:51:13.001Z</time><ele>40.22</ele></trkpt><trkpt lat="37.134098" lon="127.029039"><time>2026-08-30T04:51:14.001Z</time><ele>39.97</ele></trkpt><trkpt lat="37.134125" lon="127.029131"><time>2026-08-30T04:51:15.001Z</time><ele>39.6</ele></trkpt><trkpt lat="37.134161" lon="127.02922"><time>2026-08-30T04:51:16.001Z</time><ele>39.37</ele></trkpt><trkpt lat="37.134193" lon="127.029321"><time>2026-08-30T04:51:17.001Z</time><ele>39.62</ele></trkpt><trkpt lat="37.134233" lon="127.02943"><time>2026-08-30T04:51:18.001Z</time><ele>39.5</ele></trkpt><trkpt lat="37.134263" lon="127.029536"><time>2026-08-30T04:51:19.001Z</time><ele>39.35</ele></trkpt><trkpt lat="37.134293" lon="127.029638"><time>2026-08-30T04:51:20.001Z</time><ele>38.98</ele></trkpt><trkpt lat="37.134322" lon="127.029733"><time>2026-08-30T04:51:21.001Z</time><ele>38.94</ele></trkpt><trkpt lat="37.134359" lon="127.029815"><time>2026-08-30T04:51:22.001Z</time><ele>38.79</ele></trkpt><trkpt lat="37.13439" lon="127.029896"><time>2026-08-30T04:51:23.001Z</time><ele>38.66</ele></trkpt><trkpt lat="37.134406" lon="127.029978"><time>2026-08-30T04:51:24.001Z</time><ele>39.01</ele></trkpt><trkpt lat="37.134427" lon="127.030047"><time>2026-08-30T04:51:25.001Z</time><ele>38.61</ele></trkpt><trkpt lat="37.134453" lon="127.03012"><time>2026-08-30T04:51:26.001Z</time><ele>38.19</ele></trkpt><trkpt lat="37.134482" lon="127.030195"><time>2026-08-30T04:51:27.001Z</time><ele>37.88</ele></trkpt><trkpt lat="37.134501" lon="127.030265"><time>2026-08-30T04:51:28.001Z</time><ele>37.79</ele></trkpt><trkpt lat="37.134517" lon="127.030329"><time>2026-08-30T04:51:29.001Z</time><ele>38.06</ele></trkpt><trkpt lat="37.134533" lon="127.030393"><time>2026-08-30T04:51:30.001Z</time><ele>38.05</ele></trkpt><trkpt lat="37.13455" lon="127.030453"><time>2026-08-30T04:51:31.000Z</time><ele>37.9</ele></trkpt><trkpt lat="37.134581" lon="127.030563"><time>2026-08-30T04:51:33.000Z</time><ele>37.23</ele></trkpt><trkpt lat="37.134599" lon="127.030621"><time>2026-08-30T04:51:34.000Z</time><ele>36.89</ele></trkpt><trkpt lat="37.134616" lon="127.030675"><time>2026-08-30T04:51:35.000Z</time><ele>36.77</ele></trkpt><trkpt lat="37.134633" lon="127.030736"><time>2026-08-30T04:51:36.000Z</time><ele>36.74</ele></trkpt><trkpt lat="37.134654" lon="127.030799"><time>2026-08-30T04:51:37.000Z</time><ele>36.76</ele></trkpt><trkpt lat="37.134673" lon="127.030859"><time>2026-08-30T04:51:38.000Z</time><ele>36.96</ele></trkpt><trkpt lat="37.134692" lon="127.030917"><time>2026-08-30T04:51:39.000Z</time><ele>36.48</ele></trkpt><trkpt lat="37.134713" lon="127.030983"><time>2026-08-30T04:51:40.000Z</time><ele>36.5</ele></trkpt><trkpt lat="37.134729" lon="127.031055"><time>2026-08-30T04:51:41.000Z</time><ele>36.71</ele></trkpt><trkpt lat="37.134745" lon="127.031121"><time>2026-08-30T04:51:42.000Z</time><ele>36.52</ele></trkpt><trkpt lat="37.134766" lon="127.031184"><time>2026-08-30T04:51:43.000Z</time><ele>36.98</ele></trkpt><trkpt lat="37.134789" lon="127.03125"><time>2026-08-30T04:51:44.000Z</time><ele>37.15</ele></trkpt><trkpt lat="37.134798" lon="127.031309"><time>2026-08-30T04:51:45.000Z</time><ele>37.09</ele></trkpt><trkpt lat="37.134817" lon="127.031374"><time>2026-08-30T04:51:46.000Z</time><ele>36.58</ele></trkpt><trkpt lat="37.134834" lon="127.031441"><time>2026-08-30T04:51:47.000Z</time><ele>36.28</ele></trkpt><trkpt lat="37.134856" lon="127.031515"><time>2026-08-30T04:51:48.000Z</time><ele>35.69</ele></trkpt><trkpt lat="37.134875" lon="127.031603"><time>2026-08-30T04:51:49.000Z</time><ele>36.08</ele></trkpt><trkpt lat="37.135173" lon="127.032514"><time>2026-08-30T04:51:57.000Z</time><ele>34.41</ele></trkpt><trkpt lat="37.135217" lon="127.032653"><time>2026-08-30T04:51:58.000Z</time><ele>34.59</ele></trkpt><trkpt lat="37.135257" lon="127.032794"><time>2026-08-30T04:51:59.000Z</time><ele>35.66</ele></trkpt><trkpt lat="37.135305" lon="127.032931"><time>2026-08-30T04:52:00.000Z</time><ele>35.34</ele></trkpt><trkpt lat="37.135347" lon="127.033075"><time>2026-08-30T04:52:01.000Z</time><ele>36.39</ele></trkpt><trkpt lat="37.135393" lon="127.033217"><time>2026-08-30T04:52:02.000Z</time><ele>36.18</ele></trkpt><trkpt lat="37.13544" lon="127.033371"><time>2026-08-30T04:52:03.000Z</time><ele>36.8</ele></trkpt><trkpt lat="37.135486" lon="127.033525"><time>2026-08-30T04:52:04.000Z</time><ele>37.03</ele></trkpt><trkpt lat="37.135529" lon="127.03367"><time>2026-08-30T04:52:05.000Z</time><ele>37.45</ele></trkpt><trkpt lat="37.135575" lon="127.033817"><time>2026-08-30T04:52:06.000Z</time><ele>37.89</ele></trkpt><trkpt lat="37.135621" lon="127.033969"><time>2026-08-30T04:52:07.000Z</time><ele>38.61</ele></trkpt><trkpt lat="37.135669" lon="127.034126"><time>2026-08-30T04:52:08.000Z</time><ele>38.78</ele></trkpt><trkpt lat="37.135716" lon="127.03428"><time>2026-08-30T04:52:09.000Z</time><ele>38.81</ele></trkpt><trkpt lat="37.135758" lon="127.03442"><time>2026-08-30T04:52:10.000Z</time><ele>39.34</ele></trkpt><trkpt lat="37.135796" lon="127.03455"><time>2026-08-30T04:52:11.000Z</time><ele>38.88</ele></trkpt><trkpt lat="37.135835" lon="127.034668"><time>2026-08-30T04:52:12.000Z</time><ele>38.35</ele></trkpt><trkpt lat="37.135867" lon="127.034783"><time>2026-08-30T04:52:13.000Z</time><ele>38.52</ele></trkpt><trkpt lat="37.135898" lon="127.034881"><time>2026-08-30T04:52:14.000Z</time><ele>38.27</ele></trkpt><trkpt lat="37.135919" lon="127.034952"><time>2026-08-30T04:52:15.000Z</time><ele>38.72</ele></trkpt><trkpt lat="37.135935" lon="127.035006"><time>2026-08-30T04:52:16.000Z</time><ele>38.9</ele></trkpt><trkpt lat="37.135961" lon="127.035102"><time>2026-08-30T04:52:18.000Z</time><ele>39.69</ele></trkpt><trkpt lat="37.135983" lon="127.035181"><time>2026-08-30T04:52:20.000Z</time><ele>40.39</ele></trkpt><trkpt lat="37.135992" lon="127.035237"><time>2026-08-30T04:52:31.001Z</time><ele>42.37</ele></trkpt><trkpt lat="37.136008" lon="127.035319"><time>2026-08-30T04:52:54.001Z</time><ele>44.93</ele></trkpt><trkpt lat="37.136051" lon="127.03541"><time>2026-08-30T04:52:56.001Z</time><ele>45.15</ele></trkpt><trkpt lat="37.136082" lon="127.035457"><time>2026-08-30T04:52:57.001Z</time><ele>45.35</ele></trkpt><trkpt lat="37.136115" lon="127.035513"><time>2026-08-30T04:52:58.001Z</time><ele>45.69</ele></trkpt><trkpt lat="37.136149" lon="127.035582"><time>2026-08-30T04:52:59.001Z</time><ele>45.74</ele></trkpt><trkpt lat="37.136186" lon="127.035642"><time>2026-08-30T04:53:00.001Z</time><ele>45.56</ele></trkpt><trkpt lat="37.136231" lon="127.03569"><time>2026-08-30T04:53:01.001Z</time><ele>45.87</ele></trkpt><trkpt lat="37.136285" lon="127.035737"><time>2026-08-30T04:53:02.001Z</time><ele>45.3</ele></trkpt><trkpt lat="37.136332" lon="127.035807"><time>2026-08-30T04:53:03.001Z</time><ele>45.38</ele></trkpt><trkpt lat="37.136397" lon="127.035883"><time>2026-08-30T04:53:04.001Z</time><ele>47.01</ele></trkpt><trkpt lat="37.13647" lon="127.035961"><time>2026-08-30T04:53:05.001Z</time><ele>46.44</ele></trkpt><trkpt lat="37.136549" lon="127.036023"><time>2026-08-30T04:53:06.001Z</time><ele>46.02</ele></trkpt><trkpt lat="37.136631" lon="127.036091"><time>2026-08-30T04:53:07.001Z</time><ele>45.43</ele></trkpt><trkpt lat="37.136709" lon="127.036155"><time>2026-08-30T04:53:08.001Z</time><ele>45.55</ele></trkpt><trkpt lat="37.13677" lon="127.036228"><time>2026-08-30T04:53:09.001Z</time><ele>45.01</ele></trkpt><trkpt lat="37.136809" lon="127.036306"><time>2026-08-30T04:53:10.001Z</time><ele>44.71</ele></trkpt><trkpt lat="37.136912" lon="127.03638"><time>2026-08-30T04:53:11.001Z</time><ele>44.13</ele></trkpt><trkpt lat="37.136783" lon="127.036642"><time>2026-08-30T04:53:13.001Z</time><ele>45.58</ele></trkpt><trkpt lat="37.136036" lon="127.038167"><time>2026-08-30T04:53:22.001Z</time><ele>49.6</ele></trkpt><trkpt lat="37.135963" lon="127.038323"><time>2026-08-30T04:53:23.001Z</time><ele>48.86</ele></trkpt><trkpt lat="37.135881" lon="127.038484"><time>2026-08-30T04:53:24.001Z</time><ele>49.82</ele></trkpt><trkpt lat="37.135804" lon="127.038633"><time>2026-08-30T04:53:25.001Z</time><ele>50.87</ele></trkpt><trkpt lat="37.135741" lon="127.03877"><time>2026-08-30T04:53:26.001Z</time><ele>49.9</ele></trkpt><trkpt lat="37.135679" lon="127.038909"><time>2026-08-30T04:53:27.001Z</time><ele>49.05</ele></trkpt><trkpt lat="37.135613" lon="127.039047"><time>2026-08-30T04:53:28.001Z</time><ele>49.09</ele></trkpt><trkpt lat="37.135555" lon="127.039173"><time>2026-08-30T04:53:29.001Z</time><ele>48.7</ele></trkpt><trkpt lat="37.135498" lon="127.039295"><time>2026-08-30T04:53:30.001Z</time><ele>48.94</ele></trkpt><trkpt lat="37.135443" lon="127.039419"><time>2026-08-30T04:53:31.001Z</time><ele>48.85</ele></trkpt><trkpt lat="37.135383" lon="127.039541"><time>2026-08-30T04:53:32.001Z</time><ele>50.59</ele></trkpt><trkpt lat="37.13533" lon="127.03966"><time>2026-08-30T04:53:33.001Z</time><ele>51.32</ele></trkpt><trkpt lat="37.13528" lon="127.039779"><time>2026-08-30T04:53:34.001Z</time><ele>51.35</ele></trkpt><trkpt lat="37.135234" lon="127.039893"><time>2026-08-30T04:53:35.001Z</time><ele>50.2</ele></trkpt><trkpt lat="37.13518" lon="127.040014"><time>2026-08-30T04:53:36.001Z</time><ele>51.12</ele></trkpt><trkpt lat="37.135138" lon="127.040122"><time>2026-08-30T04:53:37.000Z</time><ele>50.36</ele></trkpt><trkpt lat="37.135095" lon="127.040232"><time>2026-08-30T04:53:38.000Z</time><ele>50.22</ele></trkpt><trkpt lat="37.135053" lon="127.040334"><time>2026-08-30T04:53:39.000Z</time><ele>50.16</ele></trkpt><trkpt lat="37.135013" lon="127.040435"><time>2026-08-30T04:53:40.000Z</time><ele>50.01</ele></trkpt><trkpt lat="37.134975" lon="127.040531"><time>2026-08-30T04:53:41.000Z</time><ele>50.18</ele></trkpt><trkpt lat="37.134943" lon="127.040615"><time>2026-08-30T04:53:42.000Z</time><ele>49.61</ele></trkpt><trkpt lat="37.134916" lon="127.040683"><time>2026-08-30T04:53:43.000Z</time><ele>49.69</ele></trkpt><trkpt lat="37.134896" lon="127.040735"><time>2026-08-30T04:53:44.000Z</time><ele>49.41</ele></trkpt><trkpt lat="37.134868" lon="127.040815"><time>2026-08-30T04:53:46.000Z</time><ele>49.74</ele></trkpt><trkpt lat="37.134848" lon="127.040867"><time>2026-08-30T04:53:48.000Z</time><ele>49.43</ele></trkpt><trkpt lat="37.134823" lon="127.040922"><time>2026-08-30T04:53:52.000Z</time><ele>49.67</ele></trkpt><trkpt lat="37.134796" lon="127.04098"><time>2026-08-30T04:54:17.000Z</time><ele>52.21</ele></trkpt><trkpt lat="37.134774" lon="127.041038"><time>2026-08-30T04:54:18.000Z</time><ele>52.63</ele></trkpt><trkpt lat="37.134751" lon="127.041108"><time>2026-08-30T04:54:19.000Z</time><ele>52.46</ele></trkpt><trkpt lat="37.134722" lon="127.041192"><time>2026-08-30T04:54:20.000Z</time><ele>52.04</ele></trkpt><trkpt lat="37.134691" lon="127.041289"><time>2026-08-30T04:54:21.000Z</time><ele>51.76</ele></trkpt><trkpt lat="37.134656" lon="127.041385"><time>2026-08-30T04:54:22.000Z</time><ele>51.04</ele></trkpt><trkpt lat="37.134615" lon="127.041492"><time>2026-08-30T04:54:23.000Z</time><ele>50.75</ele></trkpt><trkpt lat="37.134572" lon="127.041603"><time>2026-08-30T04:54:24.000Z</time><ele>50.14</ele></trkpt><trkpt lat="37.134534" lon="127.041715"><time>2026-08-30T04:54:25.000Z</time><ele>49.53</ele></trkpt><trkpt lat="37.13449" lon="127.041837"><time>2026-08-30T04:54:26.000Z</time><ele>49.7</ele></trkpt><trkpt lat="37.134451" lon="127.041958"><time>2026-08-30T04:54:27.000Z</time><ele>49.03</ele></trkpt><trkpt lat="37.134413" lon="127.042081"><time>2026-08-30T04:54:28.000Z</time><ele>48.34</ele></trkpt><trkpt lat="37.134372" lon="127.042204"><time>2026-08-30T04:54:29.000Z</time><ele>47.85</ele></trkpt><trkpt lat="37.134335" lon="127.04233"><time>2026-08-30T04:54:30.001Z</time><ele>47.61</ele></trkpt><trkpt lat="37.134304" lon="127.042452"><time>2026-08-30T04:54:31.001Z</time><ele>47</ele></trkpt><trkpt lat="37.134276" lon="127.042579"><time>2026-08-30T04:54:32.001Z</time><ele>46.98</ele></trkpt><trkpt lat="37.134244" lon="127.042727"><time>2026-08-30T04:54:33.001Z</time><ele>47.8</ele></trkpt><trkpt lat="37.134213" lon="127.042875"><time>2026-08-30T04:54:34.001Z</time><ele>48.17</ele></trkpt><trkpt lat="37.134187" lon="127.043019"><time>2026-08-30T04:54:35.001Z</time><ele>48.24</ele></trkpt><trkpt lat="37.134174" lon="127.043163"><time>2026-08-30T04:54:36.001Z</time><ele>47.64</ele></trkpt><trkpt lat="37.134167" lon="127.04332"><time>2026-08-30T04:54:37.001Z</time><ele>47.48</ele></trkpt><trkpt lat="37.134164" lon="127.043482"><time>2026-08-30T04:54:38.001Z</time><ele>47.25</ele></trkpt><trkpt lat="37.134161" lon="127.043638"><time>2026-08-30T04:54:39.001Z</time><ele>46.94</ele></trkpt><trkpt lat="37.134169" lon="127.043796"><time>2026-08-30T04:54:40.001Z</time><ele>47.13</ele></trkpt><trkpt lat="37.134181" lon="127.04396"><time>2026-08-30T04:54:41.001Z</time><ele>46.97</ele></trkpt><trkpt lat="37.134185" lon="127.044126"><time>2026-08-30T04:54:42.001Z</time><ele>46.1</ele></trkpt><trkpt lat="37.134188" lon="127.044299"><time>2026-08-30T04:54:43.001Z</time><ele>44.56</ele></trkpt><trkpt lat="37.134191" lon="127.044483"><time>2026-08-30T04:54:44.001Z</time><ele>44.71</ele></trkpt><trkpt lat="37.134199" lon="127.04466"><time>2026-08-30T04:54:45.001Z</time><ele>44.18</ele></trkpt><trkpt lat="37.134204" lon="127.044834"><time>2026-08-30T04:54:46.001Z</time><ele>43.46</ele></trkpt><trkpt lat="37.134205" lon="127.04502"><time>2026-08-30T04:54:47.001Z</time><ele>43.24</ele></trkpt><trkpt lat="37.13419" lon="127.045202"><time>2026-08-30T04:54:48.001Z</time><ele>42.96</ele></trkpt><trkpt lat="37.13419" lon="127.045384"><time>2026-08-30T04:54:49.001Z</time><ele>42.35</ele></trkpt><trkpt lat="37.134194" lon="127.045575"><time>2026-08-30T04:54:50.001Z</time><ele>42.91</ele></trkpt><trkpt lat="37.134199" lon="127.045757"><time>2026-08-30T04:54:51.001Z</time><ele>42.25</ele></trkpt><trkpt lat="37.134202" lon="127.045957"><time>2026-08-30T04:54:52.001Z</time><ele>41.58</ele></trkpt><trkpt lat="37.134208" lon="127.046158"><time>2026-08-30T04:54:53.001Z</time><ele>40.27</ele></trkpt><trkpt lat="37.134211" lon="127.046352"><time>2026-08-30T04:54:54.001Z</time><ele>38.83</ele></trkpt><trkpt lat="37.134209" lon="127.046558"><time>2026-08-30T04:54:55.001Z</time><ele>38.7</ele></trkpt><trkpt lat="37.134185" lon="127.046763"><time>2026-08-30T04:54:56.001Z</time><ele>38.09</ele></trkpt><trkpt lat="37.134184" lon="127.046971"><time>2026-08-30T04:54:57.001Z</time><ele>37.63</ele></trkpt><trkpt lat="37.134183" lon="127.047167"><time>2026-08-30T04:54:58.001Z</time><ele>37.03</ele></trkpt><trkpt lat="37.134182" lon="127.047372"><time>2026-08-30T04:54:59.001Z</time><ele>36.8</ele></trkpt><trkpt lat="37.134181" lon="127.047584"><time>2026-08-30T04:55:00.001Z</time><ele>36.98</ele></trkpt><trkpt lat="37.134181" lon="127.047792"><time>2026-08-30T04:55:01.001Z</time><ele>36.48</ele></trkpt><trkpt lat="37.13418" lon="127.048007"><time>2026-08-30T04:55:02.001Z</time><ele>36.71</ele></trkpt><trkpt lat="37.134178" lon="127.048228"><time>2026-08-30T04:55:03.001Z</time><ele>36.21</ele></trkpt><trkpt lat="37.134177" lon="127.048449"><time>2026-08-30T04:55:04.001Z</time><ele>35.85</ele></trkpt><trkpt lat="37.134177" lon="127.048649"><time>2026-08-30T04:55:05.001Z</time><ele>34.09</ele></trkpt><trkpt lat="37.134176" lon="127.048849"><time>2026-08-30T04:55:06.001Z</time><ele>33.29</ele></trkpt><trkpt lat="37.134175" lon="127.049055"><time>2026-08-30T04:55:07.001Z</time><ele>33.2</ele></trkpt><trkpt lat="37.134174" lon="127.049258"><time>2026-08-30T04:55:08.001Z</time><ele>32.04</ele></trkpt><trkpt lat="37.134174" lon="127.049473"><time>2026-08-30T04:55:09.001Z</time><ele>31.68</ele></trkpt><trkpt lat="37.134173" lon="127.049681"><time>2026-08-30T04:55:10.001Z</time><ele>30.2</ele></trkpt><trkpt lat="37.134172" lon="127.049881"><time>2026-08-30T04:55:11.001Z</time><ele>30.12</ele></trkpt><trkpt lat="37.134173" lon="127.050091"><time>2026-08-30T04:55:12.001Z</time><ele>29.87</ele></trkpt><trkpt lat="37.134173" lon="127.050294"><time>2026-08-30T04:55:13.001Z</time><ele>29.12</ele></trkpt><trkpt lat="37.134174" lon="127.050494"><time>2026-08-30T04:55:14.001Z</time><ele>28.21</ele></trkpt><trkpt lat="37.134174" lon="127.050682"><time>2026-08-30T04:55:15.001Z</time><ele>27.99</ele></trkpt><trkpt lat="37.134175" lon="127.050871"><time>2026-08-30T04:55:16.001Z</time><ele>27.82</ele></trkpt><trkpt lat="37.134175" lon="127.051062"><time>2026-08-30T04:55:17.001Z</time><ele>28.07</ele></trkpt><trkpt lat="37.134176" lon="127.051248"><time>2026-08-30T04:55:18.001Z</time><ele>27.07</ele></trkpt><trkpt lat="37.134176" lon="127.051432"><time>2026-08-30T04:55:19.001Z</time><ele>27.07</ele></trkpt><trkpt lat="37.134177" lon="127.05161"><time>2026-08-30T04:55:20.001Z</time><ele>26.75</ele></trkpt><trkpt lat="37.134177" lon="127.051787"><time>2026-08-30T04:55:21.001Z</time><ele>25.25</ele></trkpt><trkpt lat="37.134175" lon="127.051956"><time>2026-08-30T04:55:22.001Z</time><ele>24.59</ele></trkpt><trkpt lat="37.134168" lon="127.052127"><time>2026-08-30T04:55:23.001Z</time><ele>25.62</ele></trkpt><trkpt lat="37.134166" lon="127.052277"><time>2026-08-30T04:55:24.001Z</time><ele>25.1</ele></trkpt><trkpt lat="37.134158" lon="127.052421"><time>2026-08-30T04:55:25.001Z</time><ele>26.09</ele></trkpt><trkpt lat="37.134154" lon="127.052551"><time>2026-08-30T04:55:26.001Z</time><ele>25.65</ele></trkpt><trkpt lat="37.134152" lon="127.05268"><time>2026-08-30T04:55:27.001Z</time><ele>25.76</ele></trkpt><trkpt lat="37.134152" lon="127.052797"><time>2026-08-30T04:55:28.001Z</time><ele>26.12</ele></trkpt><trkpt lat="37.134148" lon="127.052905"><time>2026-08-30T04:55:29.001Z</time><ele>26.17</ele></trkpt><trkpt lat="37.134142" lon="127.053007"><time>2026-08-30T04:55:30.001Z</time><ele>26.16</ele></trkpt><trkpt lat="37.13414" lon="127.053102"><time>2026-08-30T04:55:31.001Z</time><ele>26.52</ele></trkpt><trkpt lat="37.134144" lon="127.053185"><time>2026-08-30T04:55:32.001Z</time><ele>26.25</ele></trkpt><trkpt lat="37.134142" lon="127.053265"><time>2026-08-30T04:55:33.001Z</time><ele>26.77</ele></trkpt><trkpt lat="37.134141" lon="127.053327"><time>2026-08-30T04:55:34.001Z</time><ele>26.89</ele></trkpt><trkpt lat="37.134144" lon="127.053391"><time>2026-08-30T04:55:36.001Z</time><ele>26.93</ele></trkpt><trkpt lat="37.134149" lon="127.053482"><time>2026-08-30T04:56:07.000Z</time><ele>26.33</ele></trkpt><trkpt lat="37.134142" lon="127.053602"><time>2026-08-30T04:56:09.000Z</time><ele>26.12</ele></trkpt><trkpt lat="37.134144" lon="127.053684"><time>2026-08-30T04:56:10.000Z</time><ele>26.4</ele></trkpt><trkpt lat="37.134142" lon="127.053776"><time>2026-08-30T04:56:11.000Z</time><ele>26.32</ele></trkpt><trkpt lat="37.134147" lon="127.053875"><time>2026-08-30T04:56:12.000Z</time><ele>26.42</ele></trkpt><trkpt lat="37.134147" lon="127.053957"><time>2026-08-30T04:56:13.000Z</time><ele>26.64</ele></trkpt><trkpt lat="37.134155" lon="127.05403"><time>2026-08-30T04:56:14.000Z</time><ele>26.56</ele></trkpt><trkpt lat="37.134163" lon="127.054099"><time>2026-08-30T04:56:15.000Z</time><ele>26.64</ele></trkpt><trkpt lat="37.134231" lon="127.054152"><time>2026-08-30T04:56:16.000Z</time><ele>26.39</ele></trkpt><trkpt lat="37.134295" lon="127.054167"><time>2026-08-30T04:56:17.000Z</time><ele>26.11</ele></trkpt><trkpt lat="37.134367" lon="127.054181"><time>2026-08-30T04:56:18.000Z</time><ele>25.88</ele></trkpt><trkpt lat="37.134451" lon="127.054176"><time>2026-08-30T04:56:19.000Z</time><ele>25.44</ele></trkpt><trkpt lat="37.134546" lon="127.054187"><time>2026-08-30T04:56:20.000Z</time><ele>25.28</ele></trkpt><trkpt lat="37.135556" lon="127.054305"><time>2026-08-30T04:56:28.000Z</time><ele>24.07</ele></trkpt><trkpt lat="37.135717" lon="127.054327"><time>2026-08-30T04:56:29.000Z</time><ele>24.64</ele></trkpt><trkpt lat="37.13588" lon="127.054331"><time>2026-08-30T04:56:30.000Z</time><ele>24.75</ele></trkpt><trkpt lat="37.136029" lon="127.05434"><time>2026-08-30T04:56:31.000Z</time><ele>24.84</ele></trkpt><trkpt lat="37.136173" lon="127.054353"><time>2026-08-30T04:56:32.000Z</time><ele>24.47</ele></trkpt><trkpt lat="37.136316" lon="127.054364"><time>2026-08-30T04:56:33.000Z</time><ele>24.64</ele></trkpt><trkpt lat="37.136452" lon="127.054376"><time>2026-08-30T04:56:34.000Z</time><ele>24.27</ele></trkpt><trkpt lat="37.136603" lon="127.054393"><time>2026-08-30T04:56:35.000Z</time><ele>24.27</ele></trkpt><trkpt lat="37.136773" lon="127.054405"><time>2026-08-30T04:56:36.000Z</time><ele>24.15</ele></trkpt><trkpt lat="37.136947" lon="127.054418"><time>2026-08-30T04:56:37.000Z</time><ele>24.51</ele></trkpt><trkpt lat="37.137125" lon="127.054435"><time>2026-08-30T04:56:38.001Z</time><ele>24.31</ele></trkpt><trkpt lat="37.137293" lon="127.05445"><time>2026-08-30T04:56:39.001Z</time><ele>23.87</ele></trkpt><trkpt lat="37.137453" lon="127.054466"><time>2026-08-30T04:56:40.001Z</time><ele>23.64</ele></trkpt><trkpt lat="37.137607" lon="127.054483"><time>2026-08-30T04:56:41.001Z</time><ele>23.9</ele></trkpt><trkpt lat="37.137759" lon="127.054493"><time>2026-08-30T04:56:42.001Z</time><ele>23.45</ele></trkpt><trkpt lat="37.137924" lon="127.054508"><time>2026-08-30T04:56:43.001Z</time><ele>23.86</ele></trkpt><trkpt lat="37.138078" lon="127.054521"><time>2026-08-30T04:56:44.001Z</time><ele>23.26</ele></trkpt><trkpt lat="37.13824" lon="127.054537"><time>2026-08-30T04:56:45.001Z</time><ele>22.68</ele></trkpt><trkpt lat="37.138412" lon="127.054559"><time>2026-08-30T04:56:46.001Z</time><ele>22.35</ele></trkpt><trkpt lat="37.138596" lon="127.054603"><time>2026-08-30T04:56:47.001Z</time><ele>22.4</ele></trkpt><trkpt lat="37.138788" lon="127.05463"><time>2026-08-30T04:56:48.001Z</time><ele>22.14</ele></trkpt><trkpt lat="37.139006" lon="127.054646"><time>2026-08-30T04:56:49.001Z</time><ele>22.33</ele></trkpt><trkpt lat="37.139215" lon="127.054666"><time>2026-08-30T04:56:50.001Z</time><ele>22.18</ele></trkpt><trkpt lat="37.139407" lon="127.054685"><time>2026-08-30T04:56:51.001Z</time><ele>21.88</ele></trkpt><trkpt lat="37.139603" lon="127.054703"><time>2026-08-30T04:56:52.001Z</time><ele>22.82</ele></trkpt><trkpt lat="37.139802" lon="127.054722"><time>2026-08-30T04:56:53.001Z</time><ele>22.06</ele></trkpt><trkpt lat="37.13999" lon="127.05474"><time>2026-08-30T04:56:54.001Z</time><ele>21.23</ele></trkpt><trkpt lat="37.140168" lon="127.054758"><time>2026-08-30T04:56:55.001Z</time><ele>21.28</ele></trkpt><trkpt lat="37.140341" lon="127.054772"><time>2026-08-30T04:56:56.001Z</time><ele>21.06</ele></trkpt><trkpt lat="37.140513" lon="127.054783"><time>2026-08-30T04:56:57.001Z</time><ele>20.73</ele></trkpt><trkpt lat="37.140686" lon="127.054796"><time>2026-08-30T04:56:58.001Z</time><ele>20.88</ele></trkpt><trkpt lat="37.140847" lon="127.054813"><time>2026-08-30T04:56:59.001Z</time><ele>20.79</ele></trkpt><trkpt lat="37.141001" lon="127.054829"><time>2026-08-30T04:57:00.001Z</time><ele>20.28</ele></trkpt><trkpt lat="37.141148" lon="127.054848"><time>2026-08-30T04:57:01.001Z</time><ele>20.46</ele></trkpt><trkpt lat="37.141284" lon="127.054863"><time>2026-08-30T04:57:02.001Z</time><ele>21.07</ele></trkpt><trkpt lat="37.14142" lon="127.054869"><time>2026-08-30T04:57:03.001Z</time><ele>21.21</ele></trkpt><trkpt lat="37.141549" lon="127.054883"><time>2026-08-30T04:57:04.001Z</time><ele>21.74</ele></trkpt><trkpt lat="37.14167" lon="127.054898"><time>2026-08-30T04:57:05.001Z</time><ele>21.17</ele></trkpt><trkpt lat="37.141788" lon="127.054909"><time>2026-08-30T04:57:06.001Z</time><ele>21.28</ele></trkpt><trkpt lat="37.141901" lon="127.054895"><time>2026-08-30T04:57:07.001Z</time><ele>21.62</ele></trkpt><trkpt lat="37.142005" lon="127.054936"><time>2026-08-30T04:57:08.001Z</time><ele>21.65</ele></trkpt><trkpt lat="37.142124" lon="127.054946"><time>2026-08-30T04:57:09.001Z</time><ele>21.83</ele></trkpt><trkpt lat="37.142248" lon="127.054957"><time>2026-08-30T04:57:10.001Z</time><ele>21.41</ele></trkpt><trkpt lat="37.142379" lon="127.054966"><time>2026-08-30T04:57:11.001Z</time><ele>21.14</ele></trkpt><trkpt lat="37.142518" lon="127.054975"><time>2026-08-30T04:57:12.001Z</time><ele>21.29</ele></trkpt><trkpt lat="37.14265" lon="127.054987"><time>2026-08-30T04:57:13.001Z</time><ele>21.7</ele></trkpt><trkpt lat="37.142782" lon="127.054999"><time>2026-08-30T04:57:14.001Z</time><ele>21.87</ele></trkpt><trkpt lat="37.142916" lon="127.055009"><time>2026-08-30T04:57:15.001Z</time><ele>21.43</ele></trkpt><trkpt lat="37.143059" lon="127.055019"><time>2026-08-30T04:57:16.001Z</time><ele>21.58</ele></trkpt><trkpt lat="37.143213" lon="127.055028"><time>2026-08-30T04:57:17.001Z</time><ele>22.33</ele></trkpt><trkpt lat="37.14337" lon="127.055043"><time>2026-08-30T04:57:18.001Z</time><ele>22.27</ele></trkpt><trkpt lat="37.143528" lon="127.055057"><time>2026-08-30T04:57:19.001Z</time><ele>22.45</ele></trkpt><trkpt lat="37.143686" lon="127.055071"><time>2026-08-30T04:57:20.001Z</time><ele>22.81</ele></trkpt><trkpt lat="37.143837" lon="127.055087"><time>2026-08-30T04:57:21.001Z</time><ele>22.08</ele></trkpt><trkpt lat="37.143988" lon="127.055097"><time>2026-08-30T04:57:22.001Z</time><ele>22.51</ele></trkpt><trkpt lat="37.144141" lon="127.055114"><time>2026-08-30T04:57:23.001Z</time><ele>22.23</ele></trkpt><trkpt lat="37.144294" lon="127.055128"><time>2026-08-30T04:57:24.001Z</time><ele>22.24</ele></trkpt><trkpt lat="37.144449" lon="127.055142"><time>2026-08-30T04:57:25.001Z</time><ele>22.92</ele></trkpt><trkpt lat="37.144603" lon="127.055159"><time>2026-08-30T04:57:26.001Z</time><ele>22.02</ele></trkpt><trkpt lat="37.144757" lon="127.055176"><time>2026-08-30T04:57:27.001Z</time><ele>21.68</ele></trkpt><trkpt lat="37.144914" lon="127.055192"><time>2026-08-30T04:57:28.001Z</time><ele>22.05</ele></trkpt><trkpt lat="37.145073" lon="127.055199"><time>2026-08-30T04:57:29.001Z</time><ele>22.7</ele></trkpt><trkpt lat="37.145231" lon="127.055213"><time>2026-08-30T04:57:30.001Z</time><ele>23.04</ele></trkpt><trkpt lat="37.145388" lon="127.055222"><time>2026-08-30T04:57:31.001Z</time><ele>22.46</ele></trkpt><trkpt lat="37.14555" lon="127.055224"><time>2026-08-30T04:57:32.001Z</time><ele>23.86</ele></trkpt><trkpt lat="37.145711" lon="127.055224"><time>2026-08-30T04:57:33.001Z</time><ele>24.85</ele></trkpt><trkpt lat="37.145864" lon="127.055221"><time>2026-08-30T04:57:34.001Z</time><ele>24.39</ele></trkpt><trkpt lat="37.14602" lon="127.055207"><time>2026-08-30T04:57:35.001Z</time><ele>24.54</ele></trkpt><trkpt lat="37.146165" lon="127.055188"><time>2026-08-30T04:57:36.001Z</time><ele>24.76</ele></trkpt><trkpt lat="37.146297" lon="127.055163"><time>2026-08-30T04:57:37.001Z</time><ele>24.67</ele></trkpt><trkpt lat="37.146429" lon="127.055138"><time>2026-08-30T04:57:38.001Z</time><ele>25.17</ele></trkpt><trkpt lat="37.146556" lon="127.055122"><time>2026-08-30T04:57:39.001Z</time><ele>25.43</ele></trkpt><trkpt lat="37.146684" lon="127.05508"><time>2026-08-30T04:57:40.001Z</time><ele>25.73</ele></trkpt><trkpt lat="37.146772" lon="127.055061"><time>2026-08-30T04:57:41.001Z</time><ele>26.55</ele></trkpt><trkpt lat="37.146861" lon="127.055026"><time>2026-08-30T04:57:42.001Z</time><ele>26.72</ele></trkpt><trkpt lat="37.146932" lon="127.055012"><time>2026-08-30T04:57:43.001Z</time><ele>26.49</ele></trkpt><trkpt lat="37.146981" lon="127.054976"><time>2026-08-30T04:57:44.001Z</time><ele>26.17</ele></trkpt><trkpt lat="37.147087" lon="127.055178"><time>2026-08-30T04:57:46.001Z</time><ele>25.69</ele></trkpt><trkpt lat="37.1471" lon="127.0553"><time>2026-08-30T04:57:47.001Z</time><ele>25.02</ele></trkpt><trkpt lat="37.147099" lon="127.055452"><time>2026-08-30T04:57:48.001Z</time><ele>24.56</ele></trkpt><trkpt lat="37.147148" lon="127.055627"><time>2026-08-30T04:57:49.000Z</time><ele>24.11</ele></trkpt><trkpt lat="37.147154" lon="127.055829"><time>2026-08-30T04:57:50.000Z</time><ele>22.75</ele></trkpt><trkpt lat="37.147171" lon="127.05602"><time>2026-08-30T04:57:51.000Z</time><ele>21.26</ele></trkpt><trkpt lat="37.147205" lon="127.056227"><time>2026-08-30T04:57:52.000Z</time><ele>20.92</ele></trkpt><trkpt lat="37.147228" lon="127.056439"><time>2026-08-30T04:57:53.000Z</time><ele>21.27</ele></trkpt><trkpt lat="37.147258" lon="127.056663"><time>2026-08-30T04:57:54.000Z</time><ele>22.38</ele></trkpt><trkpt lat="37.147292" lon="127.056916"><time>2026-08-30T04:57:55.000Z</time><ele>21.51</ele></trkpt><trkpt lat="37.147351" lon="127.057163"><time>2026-08-30T04:57:56.000Z</time><ele>23.04</ele></trkpt><trkpt lat="37.147428" lon="127.057387"><time>2026-08-30T04:57:57.000Z</time><ele>23.43</ele></trkpt><trkpt lat="37.147531" lon="127.057606"><time>2026-08-30T04:57:58.000Z</time><ele>23.85</ele></trkpt><trkpt lat="37.147652" lon="127.057822"><time>2026-08-30T04:57:59.000Z</time><ele>23.57</ele></trkpt><trkpt lat="37.147775" lon="127.058035"><time>2026-08-30T04:58:00.000Z</time><ele>23.44</ele></trkpt><trkpt lat="37.147891" lon="127.058239"><time>2026-08-30T04:58:01.000Z</time><ele>23.76</ele></trkpt><trkpt lat="37.148018" lon="127.058423"><time>2026-08-30T04:58:02.000Z</time><ele>25.73</ele></trkpt><trkpt lat="37.148116" lon="127.058644"><time>2026-08-30T04:58:03.000Z</time><ele>25.67</ele></trkpt><trkpt lat="37.148215" lon="127.058828"><time>2026-08-30T04:58:04.000Z</time><ele>25.28</ele></trkpt><trkpt lat="37.148304" lon="127.058992"><time>2026-08-30T04:58:05.000Z</time><ele>24.35</ele></trkpt><trkpt lat="37.14841" lon="127.059158"><time>2026-08-30T04:58:06.000Z</time><ele>24.35</ele></trkpt><trkpt lat="37.148505" lon="127.059338"><time>2026-08-30T04:58:07.000Z</time><ele>24.13</ele></trkpt><trkpt lat="37.148597" lon="127.059513"><time>2026-08-30T04:58:08.000Z</time><ele>24.24</ele></trkpt><trkpt lat="37.148783" lon="127.05986"><time>2026-08-30T04:58:10.000Z</time><ele>23.59</ele></trkpt><trkpt lat="37.148863" lon="127.060027"><time>2026-08-30T04:58:11.000Z</time><ele>23.84</ele></trkpt><trkpt lat="37.148934" lon="127.060199"><time>2026-08-30T04:58:12.000Z</time><ele>23.96</ele></trkpt><trkpt lat="37.149016" lon="127.060364"><time>2026-08-30T04:58:13.000Z</time><ele>23.77</ele></trkpt><trkpt lat="37.149094" lon="127.060506"><time>2026-08-30T04:58:14.000Z</time><ele>23.48</ele></trkpt><trkpt lat="37.14916" lon="127.060636"><time>2026-08-30T04:58:15.000Z</time><ele>24.06</ele></trkpt><trkpt lat="37.149225" lon="127.060753"><time>2026-08-30T04:58:16.000Z</time><ele>23.87</ele></trkpt><trkpt lat="37.149282" lon="127.060866"><time>2026-08-30T04:58:17.000Z</time><ele>23.84</ele></trkpt><trkpt lat="37.14933" lon="127.060978"><time>2026-08-30T04:58:18.000Z</time><ele>23.95</ele></trkpt><trkpt lat="37.149371" lon="127.061087"><time>2026-08-30T04:58:19.000Z</time><ele>23.84</ele></trkpt><trkpt lat="37.149415" lon="127.061174"><time>2026-08-30T04:58:20.000Z</time><ele>23.92</ele></trkpt><trkpt lat="37.149451" lon="127.061241"><time>2026-08-30T04:58:21.000Z</time><ele>24.3</ele></trkpt><trkpt lat="37.14948" lon="127.061308"><time>2026-08-30T04:58:22.000Z</time><ele>24</ele></trkpt><trkpt lat="37.1495" lon="127.061377"><time>2026-08-30T04:58:23.000Z</time><ele>23.86</ele></trkpt><trkpt lat="37.149516" lon="127.061443"><time>2026-08-30T04:58:24.000Z</time><ele>23.72</ele></trkpt><trkpt lat="37.149547" lon="127.061513"><time>2026-08-30T04:58:25.000Z</time><ele>23.47</ele></trkpt><trkpt lat="37.149573" lon="127.061593"><time>2026-08-30T04:58:26.000Z</time><ele>23.73</ele></trkpt><trkpt lat="37.149604" lon="127.061671"><time>2026-08-30T04:58:27.000Z</time><ele>23.93</ele></trkpt><trkpt lat="37.149633" lon="127.061762"><time>2026-08-30T04:58:28.000Z</time><ele>23.91</ele></trkpt><trkpt lat="37.149666" lon="127.061868"><time>2026-08-30T04:58:29.000Z</time><ele>24.47</ele></trkpt><trkpt lat="37.149607" lon="127.062038"><time>2026-08-30T04:58:30.000Z</time><ele>24.8</ele></trkpt><trkpt lat="37.149597" lon="127.062181"><time>2026-08-30T04:58:31.000Z</time><ele>24.55</ele></trkpt><trkpt lat="37.149585" lon="127.062336"><time>2026-08-30T04:58:32.000Z</time><ele>24.68</ele></trkpt><trkpt lat="37.149577" lon="127.06249"><time>2026-08-30T04:58:33.000Z</time><ele>24.82</ele></trkpt><trkpt lat="37.149566" lon="127.062636"><time>2026-08-30T04:58:34.000Z</time><ele>25.06</ele></trkpt><trkpt lat="37.149547" lon="127.062767"><time>2026-08-30T04:58:35.000Z</time><ele>24.94</ele></trkpt><trkpt lat="37.149529" lon="127.062892"><time>2026-08-30T04:58:36.000Z</time><ele>24.64</ele></trkpt><trkpt lat="37.149515" lon="127.063"><time>2026-08-30T04:58:37.000Z</time><ele>24.59</ele></trkpt><trkpt lat="37.149508" lon="127.063083"><time>2026-08-30T04:58:38.000Z</time><ele>23.99</ele></trkpt><trkpt lat="37.149503" lon="127.06315"><time>2026-08-30T04:58:39.000Z</time><ele>23.4</ele></trkpt><trkpt lat="37.14949" lon="127.063244"><time>2026-08-30T04:58:41.001Z</time><ele>23.15</ele></trkpt><trkpt lat="37.149481" lon="127.063304"><time>2026-08-30T04:58:43.001Z</time><ele>23.37</ele></trkpt><trkpt lat="37.149434" lon="127.063384"><time>2026-08-30T04:59:03.001Z</time><ele>31.47</ele></trkpt><trkpt lat="37.149402" lon="127.063428"><time>2026-08-30T04:59:42.001Z</time><ele>38.31</ele></trkpt><trkpt lat="37.149411" lon="127.063502"><time>2026-08-30T04:59:57.000Z</time><ele>36.6</ele></trkpt><trkpt lat="37.149407" lon="127.063558"><time>2026-08-30T04:59:58.000Z</time><ele>36.66</ele></trkpt><trkpt lat="37.149421" lon="127.06364"><time>2026-08-30T05:00:00.000Z</time><ele>36.11</ele></trkpt><trkpt lat="37.149565" lon="127.063682"><time>2026-08-30T05:00:03.000Z</time><ele>35.01</ele></trkpt><trkpt lat="37.14964" lon="127.063678"><time>2026-08-30T05:00:04.000Z</time><ele>34.73</ele></trkpt><trkpt lat="37.149724" lon="127.063682"><time>2026-08-30T05:00:05.000Z</time><ele>34.85</ele></trkpt><trkpt lat="37.149823" lon="127.06369"><time>2026-08-30T05:00:06.000Z</time><ele>34.52</ele></trkpt><trkpt lat="37.149908" lon="127.063689"><time>2026-08-30T05:00:07.000Z</time><ele>34.01</ele></trkpt><trkpt lat="37.149992" lon="127.063708"><time>2026-08-30T05:00:08.000Z</time><ele>33.24</ele></trkpt><trkpt lat="37.150071" lon="127.063727"><time>2026-08-30T05:00:09.000Z</time><ele>32.76</ele></trkpt><trkpt lat="37.150154" lon="127.063751"><time>2026-08-30T05:00:10.000Z</time><ele>33.13</ele></trkpt><trkpt lat="37.150245" lon="127.063789"><time>2026-08-30T05:00:11.000Z</time><ele>32.84</ele></trkpt><trkpt lat="37.15033" lon="127.063815"><time>2026-08-30T05:00:12.000Z</time><ele>32.41</ele></trkpt><trkpt lat="37.150413" lon="127.063845"><time>2026-08-30T05:00:13.000Z</time><ele>32.15</ele></trkpt><trkpt lat="37.150502" lon="127.063859"><time>2026-08-30T05:00:14.000Z</time><ele>32.03</ele></trkpt><trkpt lat="37.15059" lon="127.063898"><time>2026-08-30T05:00:15.000Z</time><ele>31.67</ele></trkpt><trkpt lat="37.150685" lon="127.063939"><time>2026-08-30T05:00:16.000Z</time><ele>30.48</ele></trkpt><trkpt lat="37.150791" lon="127.063992"><time>2026-08-30T05:00:17.000Z</time><ele>29.72</ele></trkpt><trkpt lat="37.150891" lon="127.064035"><time>2026-08-30T05:00:18.000Z</time><ele>29.55</ele></trkpt><trkpt lat="37.150982" lon="127.064088"><time>2026-08-30T05:00:19.000Z</time><ele>29.2</ele></trkpt><trkpt lat="37.151088" lon="127.064144"><time>2026-08-30T05:00:20.000Z</time><ele>28.65</ele></trkpt><trkpt lat="37.151182" lon="127.064212"><time>2026-08-30T05:00:21.000Z</time><ele>28.47</ele></trkpt><trkpt lat="37.151271" lon="127.064271"><time>2026-08-30T05:00:22.000Z</time><ele>27.95</ele></trkpt><trkpt lat="37.151354" lon="127.064323"><time>2026-08-30T05:00:23.000Z</time><ele>27.55</ele></trkpt><trkpt lat="37.151432" lon="127.06438"><time>2026-08-30T05:00:24.000Z</time><ele>27.56</ele></trkpt><trkpt lat="37.151492" lon="127.064429"><time>2026-08-30T05:00:25.000Z</time><ele>27.06</ele></trkpt><trkpt lat="37.151532" lon="127.064472"><time>2026-08-30T05:00:26.000Z</time><ele>26.55</ele></trkpt><trkpt lat="37.151568" lon="127.064508"><time>2026-08-30T05:00:27.000Z</time><ele>26.03</ele></trkpt><trkpt lat="37.151641" lon="127.064573"><time>2026-08-30T05:00:29.000Z</time><ele>25.51</ele></trkpt><trkpt lat="37.151702" lon="127.064631"><time>2026-08-30T05:00:31.000Z</time><ele>25.62</ele></trkpt><trkpt lat="37.151761" lon="127.06469"><time>2026-08-30T05:00:33.000Z</time><ele>25.43</ele></trkpt><trkpt lat="37.151805" lon="127.064722"><time>2026-08-30T05:00:37.000Z</time><ele>25.1</ele></trkpt><trkpt lat="37.151856" lon="127.064806"><time>2026-08-30T05:00:54.001Z</time><ele>24.34</ele></trkpt><trkpt lat="37.151895" lon="127.064856"><time>2026-08-30T05:00:55.001Z</time><ele>24.4</ele></trkpt><trkpt lat="37.151938" lon="127.064913"><time>2026-08-30T05:00:56.001Z</time><ele>24.22</ele></trkpt><trkpt lat="37.151995" lon="127.064977"><time>2026-08-30T05:00:57.001Z</time><ele>23.84</ele></trkpt><trkpt lat="37.152056" lon="127.065046"><time>2026-08-30T05:00:58.001Z</time><ele>24.15</ele></trkpt><trkpt lat="37.152117" lon="127.065122"><time>2026-08-30T05:00:59.001Z</time><ele>24.33</ele></trkpt><trkpt lat="37.152186" lon="127.065199"><time>2026-08-30T05:01:00.001Z</time><ele>24.63</ele></trkpt><trkpt lat="37.152257" lon="127.065283"><time>2026-08-30T05:01:01.001Z</time><ele>24.36</ele></trkpt><trkpt lat="37.152327" lon="127.065378"><time>2026-08-30T05:01:02.001Z</time><ele>23.98</ele></trkpt><trkpt lat="37.152403" lon="127.065477"><time>2026-08-30T05:01:03.001Z</time><ele>24.28</ele></trkpt><trkpt lat="37.15247" lon="127.065569"><time>2026-08-30T05:01:04.001Z</time><ele>23.96</ele></trkpt><trkpt lat="37.152534" lon="127.06566"><time>2026-08-30T05:01:05.001Z</time><ele>23.79</ele></trkpt><trkpt lat="37.1526" lon="127.065738"><time>2026-08-30T05:01:06.001Z</time><ele>23.97</ele></trkpt><trkpt lat="37.152662" lon="127.065809"><time>2026-08-30T05:01:07.001Z</time><ele>23.43</ele></trkpt><trkpt lat="37.152729" lon="127.065889"><time>2026-08-30T05:01:08.001Z</time><ele>24.1</ele></trkpt><trkpt lat="37.152793" lon="127.065963"><time>2026-08-30T05:01:09.001Z</time><ele>23.46</ele></trkpt><trkpt lat="37.152868" lon="127.066052"><time>2026-08-30T05:01:10.001Z</time><ele>22.67</ele></trkpt><trkpt lat="37.15294" lon="127.066136"><time>2026-08-30T05:01:11.001Z</time><ele>23.28</ele></trkpt><trkpt lat="37.153007" lon="127.066219"><time>2026-08-30T05:01:12.001Z</time><ele>23.41</ele></trkpt><trkpt lat="37.153071" lon="127.066301"><time>2026-08-30T05:01:13.001Z</time><ele>23.41</ele></trkpt><trkpt lat="37.153132" lon="127.066367"><time>2026-08-30T05:01:14.001Z</time><ele>23.34</ele></trkpt><trkpt lat="37.153187" lon="127.066432"><time>2026-08-30T05:01:15.001Z</time><ele>22.87</ele></trkpt><trkpt lat="37.153244" lon="127.066487"><time>2026-08-30T05:01:16.001Z</time><ele>22.76</ele></trkpt><trkpt lat="37.153289" lon="127.066533"><time>2026-08-30T05:01:17.001Z</time><ele>21.74</ele></trkpt><trkpt lat="37.153356" lon="127.066555"><time>2026-08-30T05:01:18.001Z</time><ele>21.34</ele></trkpt><trkpt lat="37.153404" lon="127.066576"><time>2026-08-30T05:01:19.001Z</time><ele>20.63</ele></trkpt><trkpt lat="37.153448" lon="127.066596"><time>2026-08-30T05:01:20.001Z</time><ele>20.65</ele></trkpt><trkpt lat="37.153503" lon="127.066624"><time>2026-08-30T05:01:21.001Z</time><ele>19.6</ele></trkpt><trkpt lat="37.15357" lon="127.066658"><time>2026-08-30T05:01:22.001Z</time><ele>19.66</ele></trkpt><trkpt lat="37.153636" lon="127.066706"><time>2026-08-30T05:01:23.001Z</time><ele>19.23</ele></trkpt><trkpt lat="37.153686" lon="127.066771"><time>2026-08-30T05:01:24.001Z</time><ele>18.85</ele></trkpt><trkpt lat="37.15374" lon="127.066846"><time>2026-08-30T05:01:25.001Z</time><ele>18.68</ele></trkpt><trkpt lat="37.153806" lon="127.066931"><time>2026-08-30T05:01:26.001Z</time><ele>18.84</ele></trkpt><trkpt lat="37.153932" lon="127.067121"><time>2026-08-30T05:01:28.001Z</time><ele>19.46</ele></trkpt><trkpt lat="37.153976" lon="127.067203"><time>2026-08-30T05:01:29.001Z</time><ele>21</ele></trkpt><trkpt lat="37.154016" lon="127.067283"><time>2026-08-30T05:01:30.001Z</time><ele>21.13</ele></trkpt><trkpt lat="37.154055" lon="127.067365"><time>2026-08-30T05:01:31.001Z</time><ele>21.98</ele></trkpt><trkpt lat="37.154098" lon="127.067442"><time>2026-08-30T05:01:32.001Z</time><ele>22.39</ele></trkpt><trkpt lat="37.154139" lon="127.067513"><time>2026-08-30T05:01:33.001Z</time><ele>22.93</ele></trkpt><trkpt lat="37.154185" lon="127.067582"><time>2026-08-30T05:01:34.001Z</time><ele>23.39</ele></trkpt><trkpt lat="37.15423" lon="127.067643"><time>2026-08-30T05:01:35.001Z</time><ele>23.2</ele></trkpt><trkpt lat="37.154279" lon="127.067709"><time>2026-08-30T05:01:36.001Z</time><ele>23.53</ele></trkpt><trkpt lat="37.15432" lon="127.067758"><time>2026-08-30T05:01:37.001Z</time><ele>23.49</ele></trkpt><trkpt lat="37.154358" lon="127.067813"><time>2026-08-30T05:01:38.001Z</time><ele>23.36</ele></trkpt><trkpt lat="37.154398" lon="127.06786"><time>2026-08-30T05:01:39.001Z</time><ele>23.49</ele></trkpt><trkpt lat="37.154436" lon="127.06791"><time>2026-08-30T05:01:40.001Z</time><ele>23.38</ele></trkpt><trkpt lat="37.154489" lon="127.067983"><time>2026-08-30T05:01:42.001Z</time><ele>23.6</ele></trkpt><trkpt lat="37.154513" lon="127.068034"><time>2026-08-30T05:01:44.001Z</time><ele>23.96</ele></trkpt><trkpt lat="37.154551" lon="127.068068"><time>2026-08-30T05:01:53.002Z</time><ele>24.87</ele></trkpt><trkpt lat="37.154611" lon="127.068126"><time>2026-08-30T05:02:04.000Z</time><ele>25.78</ele></trkpt><trkpt lat="37.154651" lon="127.068185"><time>2026-08-30T05:02:06.000Z</time><ele>26.14</ele></trkpt><trkpt lat="37.154685" lon="127.06824"><time>2026-08-30T05:02:08.000Z</time><ele>26.33</ele></trkpt><trkpt lat="37.154716" lon="127.068317"><time>2026-08-30T05:02:10.000Z</time><ele>26.83</ele></trkpt><trkpt lat="37.154762" lon="127.068381"><time>2026-08-30T05:02:12.000Z</time><ele>27.25</ele></trkpt><trkpt lat="37.154804" lon="127.06846"><time>2026-08-30T05:02:14.000Z</time><ele>26.71</ele></trkpt><trkpt lat="37.154858" lon="127.068544"><time>2026-08-30T05:02:16.000Z</time><ele>26.34</ele></trkpt><trkpt lat="37.154897" lon="127.068623"><time>2026-08-30T05:02:18.000Z</time><ele>26.18</ele></trkpt><trkpt lat="37.154942" lon="127.068702"><time>2026-08-30T05:02:20.000Z</time><ele>26.03</ele></trkpt><trkpt lat="37.154984" lon="127.068794"><time>2026-08-30T05:02:22.000Z</time><ele>25.71</ele></trkpt><trkpt lat="37.155026" lon="127.068877"><time>2026-08-30T05:02:24.000Z</time><ele>25.56</ele></trkpt><trkpt lat="37.155073" lon="127.068953"><time>2026-08-30T05:02:26.000Z</time><ele>25.58</ele></trkpt><trkpt lat="37.155109" lon="127.068997"><time>2026-08-30T05:02:27.000Z</time><ele>25.15</ele></trkpt><trkpt lat="37.155139" lon="127.06907"><time>2026-08-30T05:02:28.000Z</time><ele>24.9</ele></trkpt><trkpt lat="37.155169" lon="127.069165"><time>2026-08-30T05:02:29.000Z</time><ele>25.07</ele></trkpt><trkpt lat="37.155191" lon="127.069275"><time>2026-08-30T05:02:30.000Z</time><ele>25.78</ele></trkpt><trkpt lat="37.155217" lon="127.069392"><time>2026-08-30T05:02:31.000Z</time><ele>25.59</ele></trkpt><trkpt lat="37.155238" lon="127.06952"><time>2026-08-30T05:02:32.000Z</time><ele>25.5</ele></trkpt><trkpt lat="37.155263" lon="127.069658"><time>2026-08-30T05:02:33.000Z</time><ele>25.93</ele></trkpt><trkpt lat="37.155286" lon="127.069804"><time>2026-08-30T05:02:34.000Z</time><ele>25.51</ele></trkpt><trkpt lat="37.155323" lon="127.069959"><time>2026-08-30T05:02:35.000Z</time><ele>25.31</ele></trkpt><trkpt lat="37.155357" lon="127.070118"><time>2026-08-30T05:02:36.000Z</time><ele>26.52</ele></trkpt><trkpt lat="37.155382" lon="127.070278"><time>2026-08-30T05:02:37.000Z</time><ele>25.61</ele></trkpt><trkpt lat="37.155401" lon="127.070423"><time>2026-08-30T05:02:38.000Z</time><ele>25.15</ele></trkpt><trkpt lat="37.15542" lon="127.070574"><time>2026-08-30T05:02:39.000Z</time><ele>25.62</ele></trkpt><trkpt lat="37.155453" lon="127.070723"><time>2026-08-30T05:02:40.000Z</time><ele>26.69</ele></trkpt><trkpt lat="37.155482" lon="127.070881"><time>2026-08-30T05:02:41.000Z</time><ele>26.46</ele></trkpt><trkpt lat="37.155508" lon="127.071038"><time>2026-08-30T05:02:42.000Z</time><ele>26.34</ele></trkpt><trkpt lat="37.155535" lon="127.071193"><time>2026-08-30T05:02:43.000Z</time><ele>26.98</ele></trkpt><trkpt lat="37.155553" lon="127.071338"><time>2026-08-30T05:02:44.000Z</time><ele>26.61</ele></trkpt><trkpt lat="37.155574" lon="127.071475"><time>2026-08-30T05:02:45.000Z</time><ele>26.83</ele></trkpt><trkpt lat="37.155593" lon="127.071602"><time>2026-08-30T05:02:46.000Z</time><ele>26.7</ele></trkpt><trkpt lat="37.155612" lon="127.071726"><time>2026-08-30T05:02:47.000Z</time><ele>26.57</ele></trkpt><trkpt lat="37.155631" lon="127.071846"><time>2026-08-30T05:02:48.000Z</time><ele>26.42</ele></trkpt><trkpt lat="37.155647" lon="127.071956"><time>2026-08-30T05:02:49.000Z</time><ele>25.9</ele></trkpt><trkpt lat="37.155667" lon="127.072055"><time>2026-08-30T05:02:50.000Z</time><ele>25.88</ele></trkpt><trkpt lat="37.155688" lon="127.072134"><time>2026-08-30T05:02:51.001Z</time><ele>25.85</ele></trkpt><trkpt lat="37.155705" lon="127.072209"><time>2026-08-30T05:02:52.001Z</time><ele>25.82</ele></trkpt><trkpt lat="37.155722" lon="127.072275"><time>2026-08-30T05:02:53.001Z</time><ele>26.07</ele></trkpt><trkpt lat="37.155749" lon="127.072373"><time>2026-08-30T05:02:55.001Z</time><ele>25.9</ele></trkpt><trkpt lat="37.15577" lon="127.072436"><time>2026-08-30T05:02:57.001Z</time><ele>25.78</ele></trkpt><trkpt lat="37.155786" lon="127.072526"><time>2026-08-30T05:04:57.001Z</time><ele>25.82</ele></trkpt><trkpt lat="37.155811" lon="127.072622"><time>2026-08-30T05:04:59.001Z</time><ele>25.82</ele></trkpt><trkpt lat="37.155821" lon="127.072682"><time>2026-08-30T05:05:00.001Z</time><ele>25.91</ele></trkpt><trkpt lat="37.155833" lon="127.072737"><time>2026-08-30T05:05:01.001Z</time><ele>26.43</ele></trkpt><trkpt lat="37.156038" lon="127.072741"><time>2026-08-30T05:05:03.001Z</time><ele>26.03</ele></trkpt><trkpt lat="37.156131" lon="127.072694"><time>2026-08-30T05:05:04.001Z</time><ele>26</ele></trkpt><trkpt lat="37.156227" lon="127.072636"><time>2026-08-30T05:05:05.001Z</time><ele>25.52</ele></trkpt><trkpt lat="37.156347" lon="127.072589"><time>2026-08-30T05:05:06.001Z</time><ele>25.67</ele></trkpt><trkpt lat="37.158463" lon="127.071011"><time>2026-08-30T05:05:19.001Z</time><ele>27.87</ele></trkpt><trkpt lat="37.1586" lon="127.0709"><time>2026-08-30T05:05:20.001Z</time><ele>27.62</ele></trkpt><trkpt lat="37.158726" lon="127.070805"><time>2026-08-30T05:05:21.001Z</time><ele>27.61</ele></trkpt><trkpt lat="37.158846" lon="127.070724"><time>2026-08-30T05:05:22.001Z</time><ele>27.24</ele></trkpt><trkpt lat="37.158952" lon="127.070645"><time>2026-08-30T05:05:23.001Z</time><ele>27.27</ele></trkpt><trkpt lat="37.159043" lon="127.070564"><time>2026-08-30T05:05:24.001Z</time><ele>27.03</ele></trkpt><trkpt lat="37.159123" lon="127.070485"><time>2026-08-30T05:05:25.001Z</time><ele>27.13</ele></trkpt><trkpt lat="37.159203" lon="127.070425"><time>2026-08-30T05:05:26.001Z</time><ele>27.23</ele></trkpt><trkpt lat="37.159276" lon="127.070366"><time>2026-08-30T05:05:27.001Z</time><ele>27.22</ele></trkpt><trkpt lat="37.159334" lon="127.070323"><time>2026-08-30T05:05:28.001Z</time><ele>27.03</ele></trkpt><trkpt lat="37.159372" lon="127.070287"><time>2026-08-30T05:05:29.001Z</time><ele>27.25</ele></trkpt><trkpt lat="37.159421" lon="127.070237"><time>2026-08-30T05:05:31.001Z</time><ele>27.32</ele></trkpt><trkpt lat="37.159469" lon="127.070189"><time>2026-08-30T05:05:34.001Z</time><ele>27.38</ele></trkpt><trkpt lat="37.159512" lon="127.070152"><time>2026-08-30T05:05:35.001Z</time><ele>27.52</ele></trkpt><trkpt lat="37.159568" lon="127.070104"><time>2026-08-30T05:05:36.001Z</time><ele>27.68</ele></trkpt><trkpt lat="37.159641" lon="127.070046"><time>2026-08-30T05:05:37.001Z</time><ele>27.9</ele></trkpt><trkpt lat="37.159726" lon="127.06998"><time>2026-08-30T05:05:38.001Z</time><ele>27.81</ele></trkpt><trkpt lat="37.159824" lon="127.069898"><time>2026-08-30T05:05:39.001Z</time><ele>28.49</ele></trkpt><trkpt lat="37.159938" lon="127.069808"><time>2026-08-30T05:05:40.001Z</time><ele>28.75</ele></trkpt><trkpt lat="37.16006" lon="127.06971"><time>2026-08-30T05:05:41.001Z</time><ele>28.58</ele></trkpt><trkpt lat="37.160191" lon="127.069604"><time>2026-08-30T05:05:42.001Z</time><ele>28.97</ele></trkpt><trkpt lat="37.160327" lon="127.069499"><time>2026-08-30T05:05:43.001Z</time><ele>28.9</ele></trkpt><trkpt lat="37.160456" lon="127.069394"><time>2026-08-30T05:05:44.001Z</time><ele>28.67</ele></trkpt><trkpt lat="37.160571" lon="127.069298"><time>2026-08-30T05:05:45.001Z</time><ele>28.91</ele></trkpt><trkpt lat="37.160681" lon="127.069212"><time>2026-08-30T05:05:46.001Z</time><ele>28.79</ele></trkpt><trkpt lat="37.160778" lon="127.069139"><time>2026-08-30T05:05:47.001Z</time><ele>28.66</ele></trkpt><trkpt lat="37.160857" lon="127.069077"><time>2026-08-30T05:05:48.001Z</time><ele>28.46</ele></trkpt><trkpt lat="37.160926" lon="127.06903"><time>2026-08-30T05:05:49.001Z</time><ele>28.11</ele></trkpt><trkpt lat="37.160979" lon="127.068984"><time>2026-08-30T05:05:50.001Z</time><ele>28.22</ele></trkpt><trkpt lat="37.161023" lon="127.068959"><time>2026-08-30T05:05:51.001Z</time><ele>28.05</ele></trkpt><trkpt lat="37.16115" lon="127.069148"><time>2026-08-30T05:05:53.001Z</time><ele>27.99</ele></trkpt><trkpt lat="37.161196" lon="127.069244"><time>2026-08-30T05:05:54.001Z</time><ele>27.75</ele></trkpt><trkpt lat="37.161191" lon="127.069386"><time>2026-08-30T05:05:55.001Z</time><ele>27.11</ele></trkpt><trkpt lat="37.161224" lon="127.069529"><time>2026-08-30T05:05:56.001Z</time><ele>26.83</ele></trkpt><trkpt lat="37.16125" lon="127.06965"><time>2026-08-30T05:05:57.001Z</time><ele>26.44</ele></trkpt><trkpt lat="37.161265" lon="127.069778"><time>2026-08-30T05:05:58.002Z</time><ele>25.61</ele></trkpt><trkpt lat="37.161273" lon="127.069904"><time>2026-08-30T05:05:59.002Z</time><ele>25.21</ele></trkpt><trkpt lat="37.161282" lon="127.070008"><time>2026-08-30T05:06:00.002Z</time><ele>25.19</ele></trkpt><trkpt lat="37.161317" lon="127.070068"><time>2026-08-30T05:06:01.002Z</time><ele>24.55</ele></trkpt><trkpt lat="37.161362" lon="127.070097"><time>2026-08-30T05:06:02.002Z</time><ele>24.08</ele></trkpt><trkpt lat="37.161417" lon="127.070175"><time>2026-08-30T05:06:11.002Z</time><ele>24.35</ele></trkpt><trkpt lat="37.161464" lon="127.070211"><time>2026-08-30T05:06:12.002Z</time><ele>24.62</ele></trkpt><trkpt lat="37.161531" lon="127.070239"><time>2026-08-30T05:06:13.000Z</time><ele>24.58</ele></trkpt><trkpt lat="37.16161" lon="127.070273"><time>2026-08-30T05:06:14.000Z</time><ele>24.83</ele></trkpt><trkpt lat="37.161691" lon="127.070321"><time>2026-08-30T05:06:15.000Z</time><ele>24.86</ele></trkpt><trkpt lat="37.161784" lon="127.070373"><time>2026-08-30T05:06:16.000Z</time><ele>24.59</ele></trkpt><trkpt lat="37.161881" lon="127.070415"><time>2026-08-30T05:06:17.000Z</time><ele>24.69</ele></trkpt><trkpt lat="37.162455" lon="127.071207"><time>2026-08-30T05:06:26.000Z</time><ele>25.1</ele></trkpt><trkpt lat="37.162476" lon="127.071259"><time>2026-08-30T05:06:27.000Z</time><ele>25</ele></trkpt><trkpt lat="37.162492" lon="127.071317"><time>2026-08-30T05:06:29.000Z</time><ele>24.09</ele></trkpt><trkpt lat="37.162495" lon="127.071396"><time>2026-08-30T05:06:32.000Z</time><ele>24.35</ele></trkpt><trkpt lat="37.162302" lon="127.071517"><time>2026-08-30T05:06:49.000Z</time><ele>21.67</ele></trkpt><trkpt lat="37.16219" lon="127.071597"><time>2026-08-30T05:06:57.000Z</time><ele>21.65</ele></trkpt><trkpt lat="37.162342" lon="127.071588"><time>2026-08-30T05:07:26.001Z</time><ele>22.74</ele></trkpt><trkpt lat="37.162258" lon="127.071717"><time>2026-08-30T05:07:30.001Z</time><ele>24.33</ele></trkpt><trkpt lat="37.162282" lon="127.071562"><time>2026-08-30T05:07:34.001Z</time><ele>24.24</ele></trkpt><trkpt lat="37.16228" lon="127.071501"><time>2026-08-30T05:07:38.001Z</time><ele>24.26</ele></trkpt><trkpt lat="37.162346" lon="127.071426"><time>2026-08-30T05:07:43.001Z</time><ele>25.22</ele></trkpt><trkpt lat="37.162351" lon="127.071485"><time>2026-08-30T05:07:52.001Z</time><ele>24.41</ele></trkpt><trkpt lat="37.16231" lon="127.071526"><time>2026-08-30T05:08:01.001Z</time><ele>24.31</ele></trkpt><trkpt lat="37.162247" lon="127.071509"><time>2026-08-30T05:08:24.000Z</time><ele>23.52</ele></trkpt><trkpt lat="37.162527" lon="127.071439"><time>2026-08-30T05:11:16.003Z</time><ele>35.08</ele></trkpt><trkpt lat="37.162631" lon="127.071418"><time>2026-08-30T05:16:10.001Z</time><ele>28.2</ele></trkpt><trkpt lat="37.162554" lon="127.071298"><time>2026-08-30T06:08:09.000Z</time><ele>23.65</ele></trkpt><trkpt lat="37.162507" lon="127.071303"><time>2026-08-30T06:21:56.000Z</time><ele>23.37</ele></trkpt><trkpt lat="37.162504" lon="127.071401"><time>2026-08-30T08:54:56.000Z</time><ele>23.28</ele></trkpt><trkpt lat="37.162576" lon="127.071365"><time>2026-08-30T09:04:19.001Z</time><ele>23.62</ele></trkpt><trkpt lat="37.162537" lon="127.071394"><time>2026-08-30T09:19:55.000Z</time><ele>23.48</ele></trkpt><trkpt lat="37.162615" lon="127.071383"><time>2026-08-30T09:25:44.000Z</time><ele>24.93</ele></trkpt><trkpt lat="37.162571" lon="127.071333"><time>2026-08-30T09:38:01.001Z</time><ele>23.48</ele></trkpt><trkpt lat="37.162612" lon="127.071367"><time>2026-08-30T10:04:56.001Z</time><ele>23.82</ele></trkpt><trkpt lat="37.162664" lon="127.071395"><time>2026-08-30T10:06:00.000Z</time><ele>23.76</ele></trkpt><trkpt lat="37.162591" lon="127.07136"><time>2026-08-30T10:57:44.001Z</time><ele>23.72</ele></trkpt><trkpt lat="37.162582" lon="127.071453"><time>2026-08-30T11:50:46.000Z</time><ele>34.2</ele></trkpt><trkpt lat="37.162622" lon="127.07134"><time>2026-08-30T12:06:07.001Z</time><ele>23.72</ele></trkpt><trkpt lat="37.162562" lon="127.071338"><time>2026-08-30T12:18:20.000Z</time><ele>23.67</ele></trkpt><trkpt lat="37.162604" lon="127.071374"><time>2026-08-30T12:25:19.001Z</time><ele>23.47</ele></trkpt><trkpt lat="37.162525" lon="127.071383"><time>2026-08-30T12:59:43.000Z</time><ele>23.75</ele></trkpt><trkpt lat="37.162587" lon="127.07138"><time>2026-08-30T13:09:59.001Z</time><ele>26.16</ele></trkpt><trkpt lat="37.162531" lon="127.071247"><time>2026-08-30T13:18:40.000Z</time><ele>32.47</ele></trkpt></trkseg></trk></gpx>