<?xml version="1.0" encoding="UTF-8"?><gpx version="1.1" creator="Relive" xmlns="http://www.topografix.com/GPX/1/1" xmlns:xsi="http://www.w3.org/2001/XMLSchema-instance" xsi:schemaLocation="http://www.topografix.com/GPX/1/1 http://www.topografix.com/GPX/1/1/gpx.xsd http://www.garmin.com/xmlschemas/TrackPointExtension/v1 http://www.garmin.com/xmlschemas/TrackPointExtensionv1.xsd http://www.garmin.com/xmlschemas/GpxExtensions/v3 http://www.garmin.com/xmlschemas/GpxExtensionsv3.xsd" xmlns:gpxtpx="http://www.garmin.com/xmlschemas/TrackPointExtension/v1" xmlns:gpxx="http://www.garmin.com/xmlschemas/GpxExtensions/v3"><metadata><time>2026-08-07T23:16:09.752Z</time><name>8월 8일 오전</name></metadata><trk><trkseg><trkpt lat="37.162149" lon="127.07162"><time>2026-08-07T23:16:09.752Z</time><ele>25.55</ele></trkpt><trkpt lat="37.162186" lon="127.07157"><time>2026-08-07T23:16:10.756Z</time><ele>23.02</ele></trkpt><trkpt lat="37.162154" lon="127.071636"><time>2026-08-07T23:16:41.995Z</time><ele>24.25</ele></trkpt><trkpt lat="37.162198" lon="127.071619"><time>2026-08-07T23:17:22.001Z</time><ele>24.9</ele></trkpt><trkpt lat="37.162258" lon="127.071671"><time>2026-08-07T23:17:41.002Z</time><ele>22.16</ele></trkpt><trkpt lat="37.162332" lon="127.071732"><time>2026-08-07T23:17:42.002Z</time><ele>22.11</ele></trkpt><trkpt lat="37.162412" lon="127.071783"><time>2026-08-07T23:17:43.002Z</time><ele>22.49</ele></trkpt><trkpt lat="37.16248" lon="127.07183"><time>2026-08-07T23:17:44.002Z</time><ele>22.64</ele></trkpt><trkpt lat="37.162568" lon="127.07184"><time>2026-08-07T23:17:45.002Z</time><ele>23.1</ele></trkpt><trkpt lat="37.16264" lon="127.071877"><time>2026-08-07T23:17:46.002Z</time><ele>23.22</ele></trkpt><trkpt lat="37.162717" lon="127.071927"><time>2026-08-07T23:17:47.002Z</time><ele>23.38</ele></trkpt><trkpt lat="37.162794" lon="127.07196"><time>2026-08-07T23:17:48.002Z</time><ele>23.6</ele></trkpt><trkpt lat="37.162862" lon="127.07199"><time>2026-08-07T23:17:49.002Z</time><ele>23.85</ele></trkpt><trkpt lat="37.162937" lon="127.072022"><time>2026-08-07T23:17:50.002Z</time><ele>24.88</ele></trkpt><trkpt lat="37.163031" lon="127.072015"><time>2026-08-07T23:17:51.002Z</time><ele>25.52</ele></trkpt><trkpt lat="37.163101" lon="127.07202"><time>2026-08-07T23:17:52.002Z</time><ele>26.25</ele></trkpt><trkpt lat="37.163167" lon="127.072024"><time>2026-08-07T23:17:53.002Z</time><ele>26.84</ele></trkpt><trkpt lat="37.163226" lon="127.072004"><time>2026-08-07T23:17:54.002Z</time><ele>27.53</ele></trkpt><trkpt lat="37.163281" lon="127.072003"><time>2026-08-07T23:17:55.002Z</time><ele>28.11</ele></trkpt><trkpt lat="37.163333" lon="127.072004"><time>2026-08-07T23:17:56.002Z</time><ele>28.04</ele></trkpt><trkpt lat="37.163413" lon="127.072045"><time>2026-08-07T23:17:58.002Z</time><ele>28.82</ele></trkpt><trkpt lat="37.163419" lon="127.072209"><time>2026-08-07T23:18:00.002Z</time><ele>29.18</ele></trkpt><trkpt lat="37.16342" lon="127.072266"><time>2026-08-07T23:18:01.002Z</time><ele>28.91</ele></trkpt><trkpt lat="37.163421" lon="127.072364"><time>2026-08-07T23:18:03.002Z</time><ele>29.4</ele></trkpt><trkpt lat="37.163421" lon="127.072423"><time>2026-08-07T23:18:05.002Z</time><ele>29.27</ele></trkpt><trkpt lat="37.163434" lon="127.072528"><time>2026-08-07T23:18:22.001Z</time><ele>28.23</ele></trkpt><trkpt lat="37.163438" lon="127.072602"><time>2026-08-07T23:18:23.001Z</time><ele>28.56</ele></trkpt><trkpt lat="37.163444" lon="127.072676"><time>2026-08-07T23:18:24.001Z</time><ele>29.01</ele></trkpt><trkpt lat="37.163458" lon="127.072753"><time>2026-08-07T23:18:25.001Z</time><ele>29.45</ele></trkpt><trkpt lat="37.163476" lon="127.072842"><time>2026-08-07T23:18:27.001Z</time><ele>29.65</ele></trkpt><trkpt lat="37.163477" lon="127.07291"><time>2026-08-07T23:18:29.001Z</time><ele>29.69</ele></trkpt><trkpt lat="37.163638" lon="127.072859"><time>2026-08-07T23:18:31.001Z</time><ele>30.57</ele></trkpt><trkpt lat="37.163684" lon="127.072822"><time>2026-08-07T23:18:32.001Z</time><ele>31.25</ele></trkpt><trkpt lat="37.163733" lon="127.072791"><time>2026-08-07T23:18:33.001Z</time><ele>32.55</ele></trkpt><trkpt lat="37.163773" lon="127.072759"><time>2026-08-07T23:18:34.001Z</time><ele>34.14</ele></trkpt><trkpt lat="37.163824" lon="127.072729"><time>2026-08-07T23:18:35.001Z</time><ele>35.51</ele></trkpt><trkpt lat="37.163877" lon="127.072696"><time>2026-08-07T23:18:36.001Z</time><ele>36.7</ele></trkpt><trkpt lat="37.163931" lon="127.072666"><time>2026-08-07T23:18:37.001Z</time><ele>37.8</ele></trkpt><trkpt lat="37.16398" lon="127.072632"><time>2026-08-07T23:18:38.001Z</time><ele>39.09</ele></trkpt><trkpt lat="37.164046" lon="127.072582"><time>2026-08-07T23:18:39.001Z</time><ele>40.2</ele></trkpt><trkpt lat="37.16414" lon="127.072551"><time>2026-08-07T23:18:40.001Z</time><ele>40.61</ele></trkpt><trkpt lat="37.16528" lon="127.071924"><time>2026-08-07T23:18:50.000Z</time><ele>52.97</ele></trkpt><trkpt lat="37.165409" lon="127.071863"><time>2026-08-07T23:18:51.000Z</time><ele>52.25</ele></trkpt><trkpt lat="37.165552" lon="127.071794"><time>2026-08-07T23:18:52.000Z</time><ele>52.86</ele></trkpt><trkpt lat="37.165687" lon="127.071725"><time>2026-08-07T23:18:53.000Z</time><ele>53.49</ele></trkpt><trkpt lat="37.165824" lon="127.071655"><time>2026-08-07T23:18:54.017Z</time><ele>53.86</ele></trkpt><trkpt lat="37.165959" lon="127.071586"><time>2026-08-07T23:18:55.016Z</time><ele>54.2</ele></trkpt><trkpt lat="37.166093" lon="127.071516"><time>2026-08-07T23:18:56.016Z</time><ele>54.37</ele></trkpt><trkpt lat="37.166228" lon="127.071447"><time>2026-08-07T23:18:57.014Z</time><ele>55.34</ele></trkpt><trkpt lat="37.167725" lon="127.070979"><time>2026-08-07T23:19:07.001Z</time><ele>49.91</ele></trkpt><trkpt lat="37.167879" lon="127.070924"><time>2026-08-07T23:19:08.001Z</time><ele>49.91</ele></trkpt><trkpt lat="37.168013" lon="127.070884"><time>2026-08-07T23:19:09.001Z</time><ele>50.91</ele></trkpt><trkpt lat="37.168179" lon="127.070811"><time>2026-08-07T23:19:10.001Z</time><ele>55.28</ele></trkpt><trkpt lat="37.16834" lon="127.07075"><time>2026-08-07T23:19:11.001Z</time><ele>59.13</ele></trkpt><trkpt lat="37.168475" lon="127.070694"><time>2026-08-07T23:19:12.001Z</time><ele>63.11</ele></trkpt><trkpt lat="37.168607" lon="127.070652"><time>2026-08-07T23:19:13.001Z</time><ele>65.11</ele></trkpt><trkpt lat="37.168714" lon="127.070598"><time>2026-08-07T23:19:14.001Z</time><ele>67.27</ele></trkpt><trkpt lat="37.168852" lon="127.07053"><time>2026-08-07T23:19:15.001Z</time><ele>67.12</ele></trkpt><trkpt lat="37.168975" lon="127.07041"><time>2026-08-07T23:19:16.001Z</time><ele>66.23</ele></trkpt><trkpt lat="37.169114" lon="127.070291"><time>2026-08-07T23:19:17.001Z</time><ele>65.58</ele></trkpt><trkpt lat="37.169257" lon="127.070176"><time>2026-08-07T23:19:18.001Z</time><ele>66.49</ele></trkpt><trkpt lat="37.169401" lon="127.070087"><time>2026-08-07T23:19:19.001Z</time><ele>66.46</ele></trkpt><trkpt lat="37.169542" lon="127.069983"><time>2026-08-07T23:19:20.001Z</time><ele>66.55</ele></trkpt><trkpt lat="37.169672" lon="127.069889"><time>2026-08-07T23:19:21.001Z</time><ele>66.04</ele></trkpt><trkpt lat="37.169795" lon="127.069802"><time>2026-08-07T23:19:22.001Z</time><ele>65.9</ele></trkpt><trkpt lat="37.16991" lon="127.069727"><time>2026-08-07T23:19:23.001Z</time><ele>64.41</ele></trkpt><trkpt lat="37.17013" lon="127.069584"><time>2026-08-07T23:19:25.001Z</time><ele>61.65</ele></trkpt><trkpt lat="37.17023" lon="127.069523"><time>2026-08-07T23:19:26.001Z</time><ele>59.94</ele></trkpt><trkpt lat="37.170331" lon="127.069463"><time>2026-08-07T23:19:27.001Z</time><ele>58.13</ele></trkpt><trkpt lat="37.170423" lon="127.069413"><time>2026-08-07T23:19:28.001Z</time><ele>56.25</ele></trkpt><trkpt lat="37.170519" lon="127.069373"><time>2026-08-07T23:19:29.001Z</time><ele>54.14</ele></trkpt><trkpt lat="37.17061" lon="127.069346"><time>2026-08-07T23:19:30.001Z</time><ele>52.36</ele></trkpt><trkpt lat="37.170699" lon="127.06933"><time>2026-08-07T23:19:31.001Z</time><ele>50.77</ele></trkpt><trkpt lat="37.170773" lon="127.069294"><time>2026-08-07T23:19:32.001Z</time><ele>49.92</ele></trkpt><trkpt lat="37.170834" lon="127.069281"><time>2026-08-07T23:19:33.001Z</time><ele>47.78</ele></trkpt><trkpt lat="37.170886" lon="127.069277"><time>2026-08-07T23:19:34.001Z</time><ele>46.41</ele></trkpt><trkpt lat="37.170962" lon="127.069294"><time>2026-08-07T23:19:36.001Z</time><ele>45.88</ele></trkpt><trkpt lat="37.171006" lon="127.069273"><time>2026-08-07T23:19:39.001Z</time><ele>45.12</ele></trkpt><trkpt lat="37.171051" lon="127.069285"><time>2026-08-07T23:19:54.001Z</time><ele>44.49</ele></trkpt><trkpt lat="37.171137" lon="127.069284"><time>2026-08-07T23:20:17.002Z</time><ele>44.44</ele></trkpt><trkpt lat="37.171208" lon="127.069281"><time>2026-08-07T23:20:18.002Z</time><ele>44.31</ele></trkpt><trkpt lat="37.17127" lon="127.069281"><time>2026-08-07T23:20:19.002Z</time><ele>44.15</ele></trkpt><trkpt lat="37.171336" lon="127.06928"><time>2026-08-07T23:20:20.002Z</time><ele>44.1</ele></trkpt><trkpt lat="37.171401" lon="127.069284"><time>2026-08-07T23:20:21.002Z</time><ele>44.54</ele></trkpt><trkpt lat="37.171456" lon="127.069268"><time>2026-08-07T23:20:22.002Z</time><ele>44.47</ele></trkpt><trkpt lat="37.171549" lon="127.069439"><time>2026-08-07T23:20:24.002Z</time><ele>45.06</ele></trkpt><trkpt lat="37.171563" lon="127.069554"><time>2026-08-07T23:20:25.002Z</time><ele>46.06</ele></trkpt><trkpt lat="37.171547" lon="127.069981"><time>2026-08-07T23:20:28.000Z</time><ele>47.47</ele></trkpt><trkpt lat="37.171533" lon="127.070146"><time>2026-08-07T23:20:29.000Z</time><ele>47.47</ele></trkpt><trkpt lat="37.171528" lon="127.070317"><time>2026-08-07T23:20:30.000Z</time><ele>48.59</ele></trkpt><trkpt lat="37.171525" lon="127.070486"><time>2026-08-07T23:20:31.000Z</time><ele>48.73</ele></trkpt><trkpt lat="37.171523" lon="127.070656"><time>2026-08-07T23:20:32.014Z</time><ele>47.03</ele></trkpt><trkpt lat="37.171523" lon="127.070824"><time>2026-08-07T23:20:33.013Z</time><ele>48.06</ele></trkpt><trkpt lat="37.17153" lon="127.071"><time>2026-08-07T23:20:34.013Z</time><ele>49.31</ele></trkpt><trkpt lat="37.171516" lon="127.071941"><time>2026-08-07T23:20:38.000Z</time><ele>50.26</ele></trkpt><trkpt lat="37.171513" lon="127.072143"><time>2026-08-07T23:20:39.000Z</time><ele>50.26</ele></trkpt><trkpt lat="37.171514" lon="127.072378"><time>2026-08-07T23:20:40.000Z</time><ele>48.11</ele></trkpt><trkpt lat="37.171519" lon="127.072558"><time>2026-08-07T23:20:41.000Z</time><ele>46.34</ele></trkpt><trkpt lat="37.171503" lon="127.072734"><time>2026-08-07T23:20:42.000Z</time><ele>45.14</ele></trkpt><trkpt lat="37.171503" lon="127.072907"><time>2026-08-07T23:20:43.000Z</time><ele>44.08</ele></trkpt><trkpt lat="37.171503" lon="127.073039"><time>2026-08-07T23:20:44.000Z</time><ele>39.1</ele></trkpt><trkpt lat="37.171501" lon="127.073204"><time>2026-08-07T23:20:45.000Z</time><ele>39.05</ele></trkpt><trkpt lat="37.171496" lon="127.073355"><time>2026-08-07T23:20:46.000Z</time><ele>38.32</ele></trkpt><trkpt lat="37.17149" lon="127.073495"><time>2026-08-07T23:20:47.000Z</time><ele>37.39</ele></trkpt><trkpt lat="37.171486" lon="127.073632"><time>2026-08-07T23:20:48.000Z</time><ele>37.25</ele></trkpt><trkpt lat="37.171485" lon="127.073754"><time>2026-08-07T23:20:49.000Z</time><ele>35.88</ele></trkpt><trkpt lat="37.171481" lon="127.073869"><time>2026-08-07T23:20:50.000Z</time><ele>34.83</ele></trkpt><trkpt lat="37.17148" lon="127.073973"><time>2026-08-07T23:20:51.000Z</time><ele>34.1</ele></trkpt><trkpt lat="37.17148" lon="127.074067"><time>2026-08-07T23:20:52.000Z</time><ele>32.67</ele></trkpt><trkpt lat="37.171477" lon="127.074159"><time>2026-08-07T23:20:53.000Z</time><ele>32.15</ele></trkpt><trkpt lat="37.171475" lon="127.074245"><time>2026-08-07T23:20:54.000Z</time><ele>31.95</ele></trkpt><trkpt lat="37.171474" lon="127.07432"><time>2026-08-07T23:20:55.000Z</time><ele>31.38</ele></trkpt><trkpt lat="37.171473" lon="127.07439"><time>2026-08-07T23:20:56.000Z</time><ele>31.03</ele></trkpt><trkpt lat="37.171473" lon="127.074451"><time>2026-08-07T23:20:57.000Z</time><ele>30.63</ele></trkpt><trkpt lat="37.171476" lon="127.074547"><time>2026-08-07T23:20:59.000Z</time><ele>29.56</ele></trkpt><trkpt lat="37.171476" lon="127.07462"><time>2026-08-07T23:21:01.000Z</time><ele>29.1</ele></trkpt><trkpt lat="37.171477" lon="127.0747"><time>2026-08-07T23:21:04.000Z</time><ele>28.08</ele></trkpt><trkpt lat="37.171488" lon="127.074773"><time>2026-08-07T23:22:03.001Z</time><ele>26.66</ele></trkpt><trkpt lat="37.171488" lon="127.074849"><time>2026-08-07T23:22:04.001Z</time><ele>26.35</ele></trkpt><trkpt lat="37.171494" lon="127.074923"><time>2026-08-07T23:22:05.001Z</time><ele>26.15</ele></trkpt><trkpt lat="37.171506" lon="127.075015"><time>2026-08-07T23:22:06.001Z</time><ele>26.33</ele></trkpt><trkpt lat="37.171515" lon="127.075129"><time>2026-08-07T23:22:07.001Z</time><ele>25.87</ele></trkpt><trkpt lat="37.171526" lon="127.075252"><time>2026-08-07T23:22:08.001Z</time><ele>25.25</ele></trkpt><trkpt lat="37.171553" lon="127.075387"><time>2026-08-07T23:22:09.001Z</time><ele>25.1</ele></trkpt><trkpt lat="37.1716" lon="127.07554"><time>2026-08-07T23:22:10.001Z</time><ele>24.45</ele></trkpt><trkpt lat="37.171634" lon="127.075703"><time>2026-08-07T23:22:11.001Z</time><ele>23.92</ele></trkpt><trkpt lat="37.171694" lon="127.075846"><time>2026-08-07T23:22:12.001Z</time><ele>24.27</ele></trkpt><trkpt lat="37.17173" lon="127.075988"><time>2026-08-07T23:22:13.001Z</time><ele>24.42</ele></trkpt><trkpt lat="37.17178" lon="127.07612"><time>2026-08-07T23:22:14.001Z</time><ele>24.31</ele></trkpt><trkpt lat="37.171834" lon="127.076255"><time>2026-08-07T23:22:15.001Z</time><ele>24.77</ele></trkpt><trkpt lat="37.171869" lon="127.076387"><time>2026-08-07T23:22:16.001Z</time><ele>24.5</ele></trkpt><trkpt lat="37.171939" lon="127.076495"><time>2026-08-07T23:22:17.001Z</time><ele>24.62</ele></trkpt><trkpt lat="37.171983" lon="127.076629"><time>2026-08-07T23:22:18.001Z</time><ele>24.33</ele></trkpt><trkpt lat="37.172042" lon="127.076758"><time>2026-08-07T23:22:19.001Z</time><ele>23.99</ele></trkpt><trkpt lat="37.1721" lon="127.076883"><time>2026-08-07T23:22:20.001Z</time><ele>24.61</ele></trkpt><trkpt lat="37.172172" lon="127.076999"><time>2026-08-07T23:22:21.001Z</time><ele>24.7</ele></trkpt><trkpt lat="37.172221" lon="127.077126"><time>2026-08-07T23:22:22.001Z</time><ele>24.9</ele></trkpt><trkpt lat="37.172275" lon="127.077253"><time>2026-08-07T23:22:23.001Z</time><ele>25.54</ele></trkpt><trkpt lat="37.172331" lon="127.077386"><time>2026-08-07T23:22:24.001Z</time><ele>25.15</ele></trkpt><trkpt lat="37.172389" lon="127.077515"><time>2026-08-07T23:22:25.001Z</time><ele>26.37</ele></trkpt><trkpt lat="37.172447" lon="127.077639"><time>2026-08-07T23:22:26.002Z</time><ele>26.46</ele></trkpt><trkpt lat="37.1725" lon="127.077768"><time>2026-08-07T23:22:27.002Z</time><ele>25.95</ele></trkpt><trkpt lat="37.172556" lon="127.077903"><time>2026-08-07T23:22:28.002Z</time><ele>25.79</ele></trkpt><trkpt lat="37.172611" lon="127.07804"><time>2026-08-07T23:22:29.002Z</time><ele>25.73</ele></trkpt><trkpt lat="37.172667" lon="127.078184"><time>2026-08-07T23:22:30.002Z</time><ele>25.21</ele></trkpt><trkpt lat="37.172721" lon="127.078339"><time>2026-08-07T23:22:31.002Z</time><ele>25.32</ele></trkpt><trkpt lat="37.172764" lon="127.078503"><time>2026-08-07T23:22:32.002Z</time><ele>25.4</ele></trkpt><trkpt lat="37.172801" lon="127.078676"><time>2026-08-07T23:22:33.000Z</time><ele>26.5</ele></trkpt><trkpt lat="37.172834" lon="127.078853"><time>2026-08-07T23:22:34.000Z</time><ele>26.56</ele></trkpt><trkpt lat="37.172858" lon="127.079034"><time>2026-08-07T23:22:35.000Z</time><ele>26.68</ele></trkpt><trkpt lat="37.172877" lon="127.079222"><time>2026-08-07T23:22:36.000Z</time><ele>26.65</ele></trkpt><trkpt lat="37.172889" lon="127.079413"><time>2026-08-07T23:22:37.000Z</time><ele>27.05</ele></trkpt><trkpt lat="37.172874" lon="127.079602"><time>2026-08-07T23:22:38.000Z</time><ele>27.49</ele></trkpt><trkpt lat="37.172867" lon="127.079791"><time>2026-08-07T23:22:39.000Z</time><ele>27.4</ele></trkpt><trkpt lat="37.17285" lon="127.079984"><time>2026-08-07T23:22:40.000Z</time><ele>27.66</ele></trkpt><trkpt lat="37.172832" lon="127.080186"><time>2026-08-07T23:22:41.000Z</time><ele>27.95</ele></trkpt><trkpt lat="37.172813" lon="127.080391"><time>2026-08-07T23:22:42.000Z</time><ele>28.33</ele></trkpt><trkpt lat="37.172793" lon="127.080606"><time>2026-08-07T23:22:43.000Z</time><ele>28.42</ele></trkpt><trkpt lat="37.172773" lon="127.080822"><time>2026-08-07T23:22:44.000Z</time><ele>28.87</ele></trkpt><trkpt lat="37.172754" lon="127.081035"><time>2026-08-07T23:22:45.000Z</time><ele>29.02</ele></trkpt><trkpt lat="37.172734" lon="127.081251"><time>2026-08-07T23:22:46.000Z</time><ele>29.12</ele></trkpt><trkpt lat="37.172716" lon="127.081453"><time>2026-08-07T23:22:47.000Z</time><ele>29.21</ele></trkpt><trkpt lat="37.172699" lon="127.081644"><time>2026-08-07T23:22:48.000Z</time><ele>29.27</ele></trkpt><trkpt lat="37.172681" lon="127.081838"><time>2026-08-07T23:22:49.000Z</time><ele>29.31</ele></trkpt><trkpt lat="37.172664" lon="127.082031"><time>2026-08-07T23:22:50.000Z</time><ele>29.35</ele></trkpt><trkpt lat="37.17265" lon="127.082213"><time>2026-08-07T23:22:51.000Z</time><ele>29.89</ele></trkpt><trkpt lat="37.172637" lon="127.082388"><time>2026-08-07T23:22:52.000Z</time><ele>30.58</ele></trkpt><trkpt lat="37.172636" lon="127.082559"><time>2026-08-07T23:22:53.000Z</time><ele>30.72</ele></trkpt><trkpt lat="37.17262" lon="127.082731"><time>2026-08-07T23:22:54.000Z</time><ele>31.16</ele></trkpt><trkpt lat="37.172604" lon="127.082906"><time>2026-08-07T23:22:55.000Z</time><ele>31.3</ele></trkpt><trkpt lat="37.172589" lon="127.083077"><time>2026-08-07T23:22:56.000Z</time><ele>31.26</ele></trkpt><trkpt lat="37.17257" lon="127.083253"><time>2026-08-07T23:22:57.000Z</time><ele>31.21</ele></trkpt><trkpt lat="37.172551" lon="127.083429"><time>2026-08-07T23:22:58.000Z</time><ele>31.25</ele></trkpt><trkpt lat="37.172537" lon="127.083589"><time>2026-08-07T23:22:59.000Z</time><ele>31.27</ele></trkpt><trkpt lat="37.172517" lon="127.083744"><time>2026-08-07T23:23:00.000Z</time><ele>31.23</ele></trkpt><trkpt lat="37.172503" lon="127.083895"><time>2026-08-07T23:23:01.000Z</time><ele>30.85</ele></trkpt><trkpt lat="37.172493" lon="127.084042"><time>2026-08-07T23:23:02.000Z</time><ele>30.85</ele></trkpt><trkpt lat="37.172489" lon="127.084183"><time>2026-08-07T23:23:03.000Z</time><ele>30.48</ele></trkpt><trkpt lat="37.172486" lon="127.08432"><time>2026-08-07T23:23:04.000Z</time><ele>30.76</ele></trkpt><trkpt lat="37.172489" lon="127.084461"><time>2026-08-07T23:23:05.000Z</time><ele>30.19</ele></trkpt><trkpt lat="37.17249" lon="127.084606"><time>2026-08-07T23:23:06.000Z</time><ele>30.44</ele></trkpt><trkpt lat="37.17249" lon="127.084736"><time>2026-08-07T23:23:07.000Z</time><ele>30.61</ele></trkpt><trkpt lat="37.172489" lon="127.084855"><time>2026-08-07T23:23:08.000Z</time><ele>30.76</ele></trkpt><trkpt lat="37.172486" lon="127.084963"><time>2026-08-07T23:23:09.000Z</time><ele>30.41</ele></trkpt><trkpt lat="37.172483" lon="127.085063"><time>2026-08-07T23:23:10.000Z</time><ele>30.61</ele></trkpt><trkpt lat="37.172482" lon="127.085155"><time>2026-08-07T23:23:11.000Z</time><ele>30.71</ele></trkpt><trkpt lat="37.172481" lon="127.08523"><time>2026-08-07T23:23:12.000Z</time><ele>31</ele></trkpt><trkpt lat="37.172482" lon="127.085294"><time>2026-08-07T23:23:13.000Z</time><ele>31.12</ele></trkpt><trkpt lat="37.172502" lon="127.085408"><time>2026-08-07T23:23:15.000Z</time><ele>29.26</ele></trkpt><trkpt lat="37.172503" lon="127.085469"><time>2026-08-07T23:23:16.000Z</time><ele>28.78</ele></trkpt><trkpt lat="37.172499" lon="127.085579"><time>2026-08-07T23:23:18.001Z</time><ele>28.06</ele></trkpt><trkpt lat="37.172498" lon="127.085638"><time>2026-08-07T23:24:02.001Z</time><ele>27.86</ele></trkpt><trkpt lat="37.172516" lon="127.085739"><time>2026-08-07T23:25:23.000Z</time><ele>29.01</ele></trkpt><trkpt lat="37.172514" lon="127.085824"><time>2026-08-07T23:25:24.000Z</time><ele>29.18</ele></trkpt><trkpt lat="37.172516" lon="127.085929"><time>2026-08-07T23:25:25.000Z</time><ele>29.49</ele></trkpt><trkpt lat="37.172518" lon="127.086039"><time>2026-08-07T23:25:26.000Z</time><ele>28.6</ele></trkpt><trkpt lat="37.172517" lon="127.08614"><time>2026-08-07T23:25:27.000Z</time><ele>27.6</ele></trkpt><trkpt lat="37.172517" lon="127.086244"><time>2026-08-07T23:25:28.000Z</time><ele>28.69</ele></trkpt><trkpt lat="37.172519" lon="127.086344"><time>2026-08-07T23:25:29.000Z</time><ele>28.11</ele></trkpt><trkpt lat="37.172518" lon="127.086452"><time>2026-08-07T23:25:30.000Z</time><ele>28.13</ele></trkpt><trkpt lat="37.17252" lon="127.086564"><time>2026-08-07T23:25:31.000Z</time><ele>28.16</ele></trkpt><trkpt lat="37.172521" lon="127.086663"><time>2026-08-07T23:25:32.000Z</time><ele>27.72</ele></trkpt><trkpt lat="37.172513" lon="127.086759"><time>2026-08-07T23:25:33.000Z</time><ele>28.76</ele></trkpt><trkpt lat="37.172511" lon="127.086838"><time>2026-08-07T23:25:34.000Z</time><ele>28.21</ele></trkpt><trkpt lat="37.172689" lon="127.086973"><time>2026-08-07T23:25:36.001Z</time><ele>28.34</ele></trkpt><trkpt lat="37.172766" lon="127.087018"><time>2026-08-07T23:25:37.001Z</time><ele>27.23</ele></trkpt><trkpt lat="37.172851" lon="127.08704"><time>2026-08-07T23:25:38.001Z</time><ele>28.36</ele></trkpt><trkpt lat="37.172941" lon="127.087052"><time>2026-08-07T23:25:39.001Z</time><ele>28.1</ele></trkpt><trkpt lat="37.173043" lon="127.087075"><time>2026-08-07T23:25:40.001Z</time><ele>28.28</ele></trkpt><trkpt lat="37.173146" lon="127.087105"><time>2026-08-07T23:25:41.001Z</time><ele>28.93</ele></trkpt><trkpt lat="37.173253" lon="127.087145"><time>2026-08-07T23:25:42.001Z</time><ele>29.9</ele></trkpt><trkpt lat="37.173384" lon="127.087175"><time>2026-08-07T23:25:43.001Z</time><ele>31.26</ele></trkpt><trkpt lat="37.173522" lon="127.087204"><time>2026-08-07T23:25:44.001Z</time><ele>31.06</ele></trkpt><trkpt lat="37.173638" lon="127.087237"><time>2026-08-07T23:25:45.001Z</time><ele>31.05</ele></trkpt><trkpt lat="37.17375" lon="127.087264"><time>2026-08-07T23:25:46.001Z</time><ele>31.34</ele></trkpt><trkpt lat="37.173872" lon="127.087295"><time>2026-08-07T23:25:47.001Z</time><ele>31.27</ele></trkpt><trkpt lat="37.173986" lon="127.087323"><time>2026-08-07T23:25:48.001Z</time><ele>30.87</ele></trkpt><trkpt lat="37.174108" lon="127.087349"><time>2026-08-07T23:25:49.001Z</time><ele>30.8</ele></trkpt><trkpt lat="37.174235" lon="127.087372"><time>2026-08-07T23:25:50.001Z</time><ele>31.35</ele></trkpt><trkpt lat="37.174366" lon="127.087399"><time>2026-08-07T23:25:51.001Z</time><ele>30.84</ele></trkpt><trkpt lat="37.174497" lon="127.08743"><time>2026-08-07T23:25:52.001Z</time><ele>30.55</ele></trkpt><trkpt lat="37.174622" lon="127.087462"><time>2026-08-07T23:25:53.001Z</time><ele>30.25</ele></trkpt><trkpt lat="37.174738" lon="127.087488"><time>2026-08-07T23:25:54.001Z</time><ele>30.4</ele></trkpt><trkpt lat="37.174851" lon="127.087511"><time>2026-08-07T23:25:55.001Z</time><ele>30.63</ele></trkpt><trkpt lat="37.174953" lon="127.087532"><time>2026-08-07T23:25:56.001Z</time><ele>30.06</ele></trkpt><trkpt lat="37.175063" lon="127.087556"><time>2026-08-07T23:25:57.001Z</time><ele>30.07</ele></trkpt><trkpt lat="37.175173" lon="127.087577"><time>2026-08-07T23:25:58.001Z</time><ele>29.88</ele></trkpt><trkpt lat="37.175293" lon="127.087599"><time>2026-08-07T23:25:59.001Z</time><ele>29.26</ele></trkpt><trkpt lat="37.175416" lon="127.087616"><time>2026-08-07T23:26:00.001Z</time><ele>28.82</ele></trkpt><trkpt lat="37.175543" lon="127.087636"><time>2026-08-07T23:26:01.001Z</time><ele>28.32</ele></trkpt><trkpt lat="37.175672" lon="127.087654"><time>2026-08-07T23:26:02.001Z</time><ele>27.98</ele></trkpt><trkpt lat="37.175795" lon="127.087673"><time>2026-08-07T23:26:03.001Z</time><ele>29.31</ele></trkpt><trkpt lat="37.175913" lon="127.087693"><time>2026-08-07T23:26:04.001Z</time><ele>29.66</ele></trkpt><trkpt lat="37.17603" lon="127.087711"><time>2026-08-07T23:26:05.001Z</time><ele>28.78</ele></trkpt><trkpt lat="37.176144" lon="127.087727"><time>2026-08-07T23:26:06.001Z</time><ele>28.71</ele></trkpt><trkpt lat="37.176263" lon="127.087746"><time>2026-08-07T23:26:07.001Z</time><ele>29.56</ele></trkpt><trkpt lat="37.176382" lon="127.087756"><time>2026-08-07T23:26:08.001Z</time><ele>29.67</ele></trkpt><trkpt lat="37.176517" lon="127.087749"><time>2026-08-07T23:26:09.001Z</time><ele>30.12</ele></trkpt><trkpt lat="37.176663" lon="127.087739"><time>2026-08-07T23:26:10.001Z</time><ele>30.01</ele></trkpt><trkpt lat="37.176822" lon="127.087742"><time>2026-08-07T23:26:11.001Z</time><ele>30.79</ele></trkpt><trkpt lat="37.176981" lon="127.08776"><time>2026-08-07T23:26:12.001Z</time><ele>30.87</ele></trkpt><trkpt lat="37.177139" lon="127.087779"><time>2026-08-07T23:26:13.001Z</time><ele>30.96</ele></trkpt><trkpt lat="37.177287" lon="127.087799"><time>2026-08-07T23:26:14.001Z</time><ele>30.96</ele></trkpt><trkpt lat="37.177428" lon="127.087815"><time>2026-08-07T23:26:15.001Z</time><ele>31.32</ele></trkpt><trkpt lat="37.177576" lon="127.087827"><time>2026-08-07T23:26:16.001Z</time><ele>31.08</ele></trkpt><trkpt lat="37.177741" lon="127.087846"><time>2026-08-07T23:26:17.001Z</time><ele>29.82</ele></trkpt><trkpt lat="37.177898" lon="127.087858"><time>2026-08-07T23:26:18.001Z</time><ele>30.55</ele></trkpt><trkpt lat="37.178056" lon="127.087872"><time>2026-08-07T23:26:19.001Z</time><ele>30.06</ele></trkpt><trkpt lat="37.178223" lon="127.08789"><time>2026-08-07T23:26:20.001Z</time><ele>29.7</ele></trkpt><trkpt lat="37.178387" lon="127.087902"><time>2026-08-07T23:26:21.001Z</time><ele>29.35</ele></trkpt><trkpt lat="37.178538" lon="127.087914"><time>2026-08-07T23:26:22.001Z</time><ele>28.82</ele></trkpt><trkpt lat="37.178698" lon="127.087924"><time>2026-08-07T23:26:23.001Z</time><ele>28.68</ele></trkpt><trkpt lat="37.178863" lon="127.087942"><time>2026-08-07T23:26:24.001Z</time><ele>28.56</ele></trkpt><trkpt lat="37.179021" lon="127.087961"><time>2026-08-07T23:26:25.001Z</time><ele>28.54</ele></trkpt><trkpt lat="37.179203" lon="127.087978"><time>2026-08-07T23:26:26.001Z</time><ele>28.23</ele></trkpt><trkpt lat="37.179381" lon="127.087992"><time>2026-08-07T23:26:27.001Z</time><ele>28.49</ele></trkpt><trkpt lat="37.179555" lon="127.088006"><time>2026-08-07T23:26:28.001Z</time><ele>28.25</ele></trkpt><trkpt lat="37.179728" lon="127.08802"><time>2026-08-07T23:26:29.001Z</time><ele>28.66</ele></trkpt><trkpt lat="37.179896" lon="127.088041"><time>2026-08-07T23:26:30.001Z</time><ele>28.55</ele></trkpt><trkpt lat="37.180071" lon="127.088061"><time>2026-08-07T23:26:31.001Z</time><ele>29.01</ele></trkpt><trkpt lat="37.180249" lon="127.088081"><time>2026-08-07T23:26:32.001Z</time><ele>29.26</ele></trkpt><trkpt lat="37.180432" lon="127.088097"><time>2026-08-07T23:26:33.001Z</time><ele>29.18</ele></trkpt><trkpt lat="37.18062" lon="127.088111"><time>2026-08-07T23:26:34.001Z</time><ele>29.15</ele></trkpt><trkpt lat="37.180804" lon="127.088128"><time>2026-08-07T23:26:35.001Z</time><ele>28.75</ele></trkpt><trkpt lat="37.180987" lon="127.088145"><time>2026-08-07T23:26:36.001Z</time><ele>28.35</ele></trkpt><trkpt lat="37.181171" lon="127.088161"><time>2026-08-07T23:26:37.001Z</time><ele>27.78</ele></trkpt><trkpt lat="37.181356" lon="127.088178"><time>2026-08-07T23:26:38.001Z</time><ele>27.12</ele></trkpt><trkpt lat="37.181543" lon="127.088194"><time>2026-08-07T23:26:39.001Z</time><ele>26.32</ele></trkpt><trkpt lat="37.181729" lon="127.088214"><time>2026-08-07T23:26:40.001Z</time><ele>25.25</ele></trkpt><trkpt lat="37.181917" lon="127.088233"><time>2026-08-07T23:26:41.001Z</time><ele>24.58</ele></trkpt><trkpt lat="37.182112" lon="127.088252"><time>2026-08-07T23:26:42.001Z</time><ele>23.76</ele></trkpt><trkpt lat="37.182306" lon="127.088272"><time>2026-08-07T23:26:43.001Z</time><ele>22.52</ele></trkpt><trkpt lat="37.182505" lon="127.088289"><time>2026-08-07T23:26:44.016Z</time><ele>22.52</ele></trkpt><trkpt lat="37.182702" lon="127.088306"><time>2026-08-07T23:26:45.012Z</time><ele>22.16</ele></trkpt><trkpt lat="37.1829" lon="127.088323"><time>2026-08-07T23:26:46.014Z</time><ele>22.01</ele></trkpt><trkpt lat="37.183095" lon="127.088339"><time>2026-08-07T23:26:47.016Z</time><ele>21.92</ele></trkpt><trkpt lat="37.187783" lon="127.08826"><time>2026-08-07T23:27:13.002Z</time><ele>28.18</ele></trkpt><trkpt lat="37.187916" lon="127.088255"><time>2026-08-07T23:27:14.002Z</time><ele>28.18</ele></trkpt><trkpt lat="37.188071" lon="127.08824"><time>2026-08-07T23:27:15.002Z</time><ele>27.89</ele></trkpt><trkpt lat="37.188235" lon="127.08822"><time>2026-08-07T23:27:16.002Z</time><ele>28.2</ele></trkpt><trkpt lat="37.188387" lon="127.088201"><time>2026-08-07T23:27:17.002Z</time><ele>28.65</ele></trkpt><trkpt lat="37.188517" lon="127.088197"><time>2026-08-07T23:27:18.002Z</time><ele>29.57</ele></trkpt><trkpt lat="37.188671" lon="127.088191"><time>2026-08-07T23:27:19.000Z</time><ele>29.87</ele></trkpt><trkpt lat="37.188805" lon="127.088197"><time>2026-08-07T23:27:20.000Z</time><ele>30.65</ele></trkpt><trkpt lat="37.188943" lon="127.088192"><time>2026-08-07T23:27:21.000Z</time><ele>32.05</ele></trkpt><trkpt lat="37.189077" lon="127.088197"><time>2026-08-07T23:27:22.000Z</time><ele>32.33</ele></trkpt><trkpt lat="37.189225" lon="127.088204"><time>2026-08-07T23:27:23.000Z</time><ele>32.68</ele></trkpt><trkpt lat="37.18939" lon="127.088194"><time>2026-08-07T23:27:24.000Z</time><ele>32.63</ele></trkpt><trkpt lat="37.189529" lon="127.088214"><time>2026-08-07T23:27:25.000Z</time><ele>35.57</ele></trkpt><trkpt lat="37.189682" lon="127.08821"><time>2026-08-07T23:27:26.000Z</time><ele>35.88</ele></trkpt><trkpt lat="37.18983" lon="127.088214"><time>2026-08-07T23:27:27.000Z</time><ele>35.48</ele></trkpt><trkpt lat="37.189986" lon="127.088219"><time>2026-08-07T23:27:28.000Z</time><ele>35.06</ele></trkpt><trkpt lat="37.190141" lon="127.08822"><time>2026-08-07T23:27:29.000Z</time><ele>34.64</ele></trkpt><trkpt lat="37.190302" lon="127.088223"><time>2026-08-07T23:27:30.000Z</time><ele>34.39</ele></trkpt><trkpt lat="37.190469" lon="127.088221"><time>2026-08-07T23:27:31.000Z</time><ele>35.28</ele></trkpt><trkpt lat="37.190631" lon="127.088218"><time>2026-08-07T23:27:32.000Z</time><ele>36.43</ele></trkpt><trkpt lat="37.190795" lon="127.088214"><time>2026-08-07T23:27:33.000Z</time><ele>35.82</ele></trkpt><trkpt lat="37.19096" lon="127.088215"><time>2026-08-07T23:27:34.000Z</time><ele>35.64</ele></trkpt><trkpt lat="37.191126" lon="127.088214"><time>2026-08-07T23:27:35.000Z</time><ele>36.41</ele></trkpt><trkpt lat="37.191296" lon="127.088212"><time>2026-08-07T23:27:36.000Z</time><ele>36.41</ele></trkpt><trkpt lat="37.191476" lon="127.088218"><time>2026-08-07T23:27:37.000Z</time><ele>35.83</ele></trkpt><trkpt lat="37.191663" lon="127.088217"><time>2026-08-07T23:27:38.000Z</time><ele>35.77</ele></trkpt><trkpt lat="37.191846" lon="127.088223"><time>2026-08-07T23:27:39.000Z</time><ele>35.39</ele></trkpt><trkpt lat="37.192031" lon="127.088228"><time>2026-08-07T23:27:40.000Z</time><ele>35.14</ele></trkpt><trkpt lat="37.192227" lon="127.088219"><time>2026-08-07T23:27:41.000Z</time><ele>35.18</ele></trkpt><trkpt lat="37.192421" lon="127.088217"><time>2026-08-07T23:27:42.000Z</time><ele>35.29</ele></trkpt><trkpt lat="37.192612" lon="127.088215"><time>2026-08-07T23:27:43.000Z</time><ele>35.52</ele></trkpt><trkpt lat="37.192803" lon="127.088215"><time>2026-08-07T23:27:44.000Z</time><ele>35.09</ele></trkpt><trkpt lat="37.192987" lon="127.088216"><time>2026-08-07T23:27:45.000Z</time><ele>35.1</ele></trkpt><trkpt lat="37.193178" lon="127.088217"><time>2026-08-07T23:27:46.000Z</time><ele>34.57</ele></trkpt><trkpt lat="37.193364" lon="127.088219"><time>2026-08-07T23:27:47.000Z</time><ele>34.49</ele></trkpt><trkpt lat="37.193542" lon="127.088217"><time>2026-08-07T23:27:48.000Z</time><ele>34.14</ele></trkpt><trkpt lat="37.193722" lon="127.088219"><time>2026-08-07T23:27:49.000Z</time><ele>33.74</ele></trkpt><trkpt lat="37.193903" lon="127.088218"><time>2026-08-07T23:27:50.000Z</time><ele>32.28</ele></trkpt><trkpt lat="37.194076" lon="127.088217"><time>2026-08-07T23:27:51.000Z</time><ele>32.53</ele></trkpt><trkpt lat="37.194245" lon="127.088219"><time>2026-08-07T23:27:52.000Z</time><ele>32.19</ele></trkpt><trkpt lat="37.194423" lon="127.088223"><time>2026-08-07T23:27:53.016Z</time><ele>32.1</ele></trkpt><trkpt lat="37.194601" lon="127.088226"><time>2026-08-07T23:27:54.017Z</time><ele>32.61</ele></trkpt><trkpt lat="37.194781" lon="127.088229"><time>2026-08-07T23:27:55.017Z</time><ele>32.5</ele></trkpt><trkpt lat="37.194961" lon="127.088231"><time>2026-08-07T23:27:56.017Z</time><ele>32.65</ele></trkpt><trkpt lat="37.202422" lon="127.088184"><time>2026-08-07T23:28:34.001Z</time><ele>33.14</ele></trkpt><trkpt lat="37.202629" lon="127.088183"><time>2026-08-07T23:28:35.001Z</time><ele>33.14</ele></trkpt><trkpt lat="37.202837" lon="127.088195"><time>2026-08-07T23:28:36.001Z</time><ele>33.19</ele></trkpt><trkpt lat="37.20305" lon="127.088222"><time>2026-08-07T23:28:37.001Z</time><ele>40.81</ele></trkpt><trkpt lat="37.203283" lon="127.08823"><time>2026-08-07T23:28:38.001Z</time><ele>39.36</ele></trkpt><trkpt lat="37.203518" lon="127.08823"><time>2026-08-07T23:28:39.001Z</time><ele>39.36</ele></trkpt><trkpt lat="37.203744" lon="127.088224"><time>2026-08-07T23:28:40.001Z</time><ele>38.69</ele></trkpt><trkpt lat="37.203959" lon="127.088225"><time>2026-08-07T23:28:41.001Z</time><ele>37.39</ele></trkpt><trkpt lat="37.204168" lon="127.088235"><time>2026-08-07T23:28:42.001Z</time><ele>35.55</ele></trkpt><trkpt lat="37.204409" lon="127.088218"><time>2026-08-07T23:28:43.001Z</time><ele>36.41</ele></trkpt><trkpt lat="37.204638" lon="127.088218"><time>2026-08-07T23:28:44.001Z</time><ele>36.25</ele></trkpt><trkpt lat="37.204865" lon="127.088239"><time>2026-08-07T23:28:45.001Z</time><ele>35.69</ele></trkpt><trkpt lat="37.2051" lon="127.088245"><time>2026-08-07T23:28:46.001Z</time><ele>35.78</ele></trkpt><trkpt lat="37.205253" lon="127.088261"><time>2026-08-07T23:28:47.001Z</time><ele>34.63</ele></trkpt><trkpt lat="37.205433" lon="127.08825"><time>2026-08-07T23:28:48.001Z</time><ele>36.44</ele></trkpt><trkpt lat="37.205615" lon="127.088245"><time>2026-08-07T23:28:49.001Z</time><ele>38.07</ele></trkpt><trkpt lat="37.205781" lon="127.088243"><time>2026-08-07T23:28:50.001Z</time><ele>39.83</ele></trkpt><trkpt lat="37.205938" lon="127.08824"><time>2026-08-07T23:28:51.001Z</time><ele>40.46</ele></trkpt><trkpt lat="37.206094" lon="127.088236"><time>2026-08-07T23:28:52.001Z</time><ele>41.07</ele></trkpt><trkpt lat="37.206248" lon="127.088235"><time>2026-08-07T23:28:53.001Z</time><ele>41.79</ele></trkpt><trkpt lat="37.206396" lon="127.088233"><time>2026-08-07T23:28:54.001Z</time><ele>42.25</ele></trkpt><trkpt lat="37.206552" lon="127.088231"><time>2026-08-07T23:28:55.001Z</time><ele>42.81</ele></trkpt><trkpt lat="37.206713" lon="127.088227"><time>2026-08-07T23:28:56.001Z</time><ele>42.99</ele></trkpt><trkpt lat="37.206878" lon="127.088227"><time>2026-08-07T23:28:57.001Z</time><ele>43.16</ele></trkpt><trkpt lat="37.207051" lon="127.088224"><time>2026-08-07T23:28:58.001Z</time><ele>43.3</ele></trkpt><trkpt lat="37.207232" lon="127.088221"><time>2026-08-07T23:28:59.001Z</time><ele>43.21</ele></trkpt><trkpt lat="37.207417" lon="127.088216"><time>2026-08-07T23:29:00.001Z</time><ele>43.49</ele></trkpt><trkpt lat="37.207608" lon="127.088213"><time>2026-08-07T23:29:01.001Z</time><ele>43.45</ele></trkpt><trkpt lat="37.207805" lon="127.088215"><time>2026-08-07T23:29:02.001Z</time><ele>43.36</ele></trkpt><trkpt lat="37.208012" lon="127.088214"><time>2026-08-07T23:29:03.001Z</time><ele>43.51</ele></trkpt><trkpt lat="37.208225" lon="127.088214"><time>2026-08-07T23:29:04.001Z</time><ele>43.64</ele></trkpt><trkpt lat="37.208446" lon="127.088215"><time>2026-08-07T23:29:05.001Z</time><ele>43.42</ele></trkpt><trkpt lat="37.208675" lon="127.088215"><time>2026-08-07T23:29:06.001Z</time><ele>43.2</ele></trkpt><trkpt lat="37.208906" lon="127.088221"><time>2026-08-07T23:29:07.001Z</time><ele>42.9</ele></trkpt><trkpt lat="37.209135" lon="127.088231"><time>2026-08-07T23:29:08.001Z</time><ele>43.03</ele></trkpt><trkpt lat="37.209376" lon="127.088245"><time>2026-08-07T23:29:09.001Z</time><ele>43.26</ele></trkpt><trkpt lat="37.209617" lon="127.088263"><time>2026-08-07T23:29:10.001Z</time><ele>43.18</ele></trkpt><trkpt lat="37.209841" lon="127.088284"><time>2026-08-07T23:29:11.001Z</time><ele>42.8</ele></trkpt><trkpt lat="37.210109" lon="127.088325"><time>2026-08-07T23:29:12.001Z</time><ele>43.78</ele></trkpt><trkpt lat="37.210364" lon="127.088359"><time>2026-08-07T23:29:13.001Z</time><ele>44.14</ele></trkpt><trkpt lat="37.210618" lon="127.088393"><time>2026-08-07T23:29:14.001Z</time><ele>44.53</ele></trkpt><trkpt lat="37.210872" lon="127.088435"><time>2026-08-07T23:29:15.001Z</time><ele>45.28</ele></trkpt><trkpt lat="37.211118" lon="127.08848"><time>2026-08-07T23:29:16.001Z</time><ele>46.24</ele></trkpt><trkpt lat="37.21135" lon="127.088522"><time>2026-08-07T23:29:17.001Z</time><ele>47.07</ele></trkpt><trkpt lat="37.211569" lon="127.088562"><time>2026-08-07T23:29:18.001Z</time><ele>47.72</ele></trkpt><trkpt lat="37.211782" lon="127.088606"><time>2026-08-07T23:29:19.001Z</time><ele>47.35</ele></trkpt><trkpt lat="37.211996" lon="127.08865"><time>2026-08-07T23:29:20.001Z</time><ele>47.51</ele></trkpt><trkpt lat="37.212218" lon="127.08869"><time>2026-08-07T23:29:21.001Z</time><ele>48.38</ele></trkpt><trkpt lat="37.212431" lon="127.08873"><time>2026-08-07T23:29:22.001Z</time><ele>48.9</ele></trkpt><trkpt lat="37.212628" lon="127.088769"><time>2026-08-07T23:29:23.001Z</time><ele>49.09</ele></trkpt><trkpt lat="37.212831" lon="127.088803"><time>2026-08-07T23:29:24.001Z</time><ele>49.7</ele></trkpt><trkpt lat="37.213021" lon="127.088839"><time>2026-08-07T23:29:25.000Z</time><ele>50.05</ele></trkpt><trkpt lat="37.213211" lon="127.088873"><time>2026-08-07T23:29:26.000Z</time><ele>50.12</ele></trkpt><trkpt lat="37.213405" lon="127.088907"><time>2026-08-07T23:29:27.000Z</time><ele>50.57</ele></trkpt><trkpt lat="37.213598" lon="127.088944"><time>2026-08-07T23:29:28.000Z</time><ele>51.23</ele></trkpt><trkpt lat="37.213794" lon="127.08898"><time>2026-08-07T23:29:29.000Z</time><ele>51.96</ele></trkpt><trkpt lat="37.213992" lon="127.089017"><time>2026-08-07T23:29:30.000Z</time><ele>52.52</ele></trkpt><trkpt lat="37.214191" lon="127.089053"><time>2026-08-07T23:29:31.000Z</time><ele>53.31</ele></trkpt><trkpt lat="37.214393" lon="127.089083"><time>2026-08-07T23:29:32.000Z</time><ele>54.3</ele></trkpt><trkpt lat="37.214605" lon="127.089121"><time>2026-08-07T23:29:33.000Z</time><ele>54.91</ele></trkpt><trkpt lat="37.214825" lon="127.089165"><time>2026-08-07T23:29:34.000Z</time><ele>55.49</ele></trkpt><trkpt lat="37.215052" lon="127.089198"><time>2026-08-07T23:29:35.000Z</time><ele>55.92</ele></trkpt><trkpt lat="37.215279" lon="127.089231"><time>2026-08-07T23:29:36.000Z</time><ele>56.41</ele></trkpt><trkpt lat="37.215502" lon="127.089267"><time>2026-08-07T23:29:37.000Z</time><ele>56.9</ele></trkpt><trkpt lat="37.215712" lon="127.089303"><time>2026-08-07T23:29:38.000Z</time><ele>57.5</ele></trkpt><trkpt lat="37.215909" lon="127.089334"><time>2026-08-07T23:29:39.000Z</time><ele>57.74</ele></trkpt><trkpt lat="37.216109" lon="127.089363"><time>2026-08-07T23:29:40.000Z</time><ele>58.35</ele></trkpt><trkpt lat="37.216304" lon="127.089391"><time>2026-08-07T23:29:41.000Z</time><ele>58.79</ele></trkpt><trkpt lat="37.216495" lon="127.08942"><time>2026-08-07T23:29:42.000Z</time><ele>59.29</ele></trkpt><trkpt lat="37.216687" lon="127.089448"><time>2026-08-07T23:29:43.000Z</time><ele>59.77</ele></trkpt><trkpt lat="37.216878" lon="127.089477"><time>2026-08-07T23:29:44.000Z</time><ele>60.26</ele></trkpt><trkpt lat="37.217073" lon="127.089507"><time>2026-08-07T23:29:45.000Z</time><ele>60.62</ele></trkpt><trkpt lat="37.217269" lon="127.089532"><time>2026-08-07T23:29:46.000Z</time><ele>61.24</ele></trkpt><trkpt lat="37.217459" lon="127.089554"><time>2026-08-07T23:29:47.000Z</time><ele>61.55</ele></trkpt><trkpt lat="37.217654" lon="127.08958"><time>2026-08-07T23:29:48.000Z</time><ele>62.23</ele></trkpt><trkpt lat="37.217845" lon="127.089605"><time>2026-08-07T23:29:49.000Z</time><ele>62.53</ele></trkpt><trkpt lat="37.21804" lon="127.089629"><time>2026-08-07T23:29:50.000Z</time><ele>63.1</ele></trkpt><trkpt lat="37.218235" lon="127.089655"><time>2026-08-07T23:29:51.000Z</time><ele>63.49</ele></trkpt><trkpt lat="37.218431" lon="127.089677"><time>2026-08-07T23:29:52.000Z</time><ele>63.88</ele></trkpt><trkpt lat="37.218627" lon="127.089698"><time>2026-08-07T23:29:53.000Z</time><ele>64.54</ele></trkpt><trkpt lat="37.218818" lon="127.089722"><time>2026-08-07T23:29:54.000Z</time><ele>64.92</ele></trkpt><trkpt lat="37.219011" lon="127.089743"><time>2026-08-07T23:29:55.000Z</time><ele>65.44</ele></trkpt><trkpt lat="37.219204" lon="127.08976"><time>2026-08-07T23:29:56.000Z</time><ele>65.74</ele></trkpt><trkpt lat="37.219396" lon="127.08978"><time>2026-08-07T23:29:57.000Z</time><ele>66.33</ele></trkpt><trkpt lat="37.21959" lon="127.089801"><time>2026-08-07T23:29:58.000Z</time><ele>66.77</ele></trkpt><trkpt lat="37.219782" lon="127.089822"><time>2026-08-07T23:29:59.000Z</time><ele>66.88</ele></trkpt><trkpt lat="37.219975" lon="127.089844"><time>2026-08-07T23:30:00.000Z</time><ele>67.33</ele></trkpt><trkpt lat="37.220166" lon="127.089863"><time>2026-08-07T23:30:01.000Z</time><ele>67.67</ele></trkpt><trkpt lat="37.220359" lon="127.089885"><time>2026-08-07T23:30:02.000Z</time><ele>67.84</ele></trkpt><trkpt lat="37.220555" lon="127.089907"><time>2026-08-07T23:30:03.000Z</time><ele>68.48</ele></trkpt><trkpt lat="37.220753" lon="127.089931"><time>2026-08-07T23:30:04.000Z</time><ele>68.76</ele></trkpt><trkpt lat="37.220958" lon="127.089953"><time>2026-08-07T23:30:05.000Z</time><ele>69.22</ele></trkpt><trkpt lat="37.221163" lon="127.089974"><time>2026-08-07T23:30:06.000Z</time><ele>69.64</ele></trkpt><trkpt lat="37.221365" lon="127.089996"><time>2026-08-07T23:30:07.000Z</time><ele>69.7</ele></trkpt><trkpt lat="37.221568" lon="127.090016"><time>2026-08-07T23:30:08.000Z</time><ele>70.31</ele></trkpt><trkpt lat="37.221769" lon="127.09004"><time>2026-08-07T23:30:09.000Z</time><ele>70.2</ele></trkpt><trkpt lat="37.22197" lon="127.090061"><time>2026-08-07T23:30:10.000Z</time><ele>70.72</ele></trkpt><trkpt lat="37.222171" lon="127.090085"><time>2026-08-07T23:30:11.000Z</time><ele>70.79</ele></trkpt><trkpt lat="37.222376" lon="127.090106"><time>2026-08-07T23:30:12.000Z</time><ele>71.05</ele></trkpt><trkpt lat="37.22258" lon="127.090129"><time>2026-08-07T23:30:13.000Z</time><ele>71.2</ele></trkpt><trkpt lat="37.222785" lon="127.090151"><time>2026-08-07T23:30:14.000Z</time><ele>71.3</ele></trkpt><trkpt lat="37.22299" lon="127.090174"><time>2026-08-07T23:30:15.000Z</time><ele>71.48</ele></trkpt><trkpt lat="37.223194" lon="127.090198"><time>2026-08-07T23:30:16.000Z</time><ele>71.27</ele></trkpt><trkpt lat="37.223404" lon="127.090222"><time>2026-08-07T23:30:17.000Z</time><ele>71.51</ele></trkpt><trkpt lat="37.223617" lon="127.090246"><time>2026-08-07T23:30:18.000Z</time><ele>71.37</ele></trkpt><trkpt lat="37.22383" lon="127.090273"><time>2026-08-07T23:30:19.001Z</time><ele>71.35</ele></trkpt><trkpt lat="37.224048" lon="127.090304"><time>2026-08-07T23:30:20.001Z</time><ele>71.3</ele></trkpt><trkpt lat="37.224265" lon="127.090335"><time>2026-08-07T23:30:21.001Z</time><ele>71.16</ele></trkpt><trkpt lat="37.22448" lon="127.090365"><time>2026-08-07T23:30:22.001Z</time><ele>71.18</ele></trkpt><trkpt lat="37.224689" lon="127.090396"><time>2026-08-07T23:30:23.001Z</time><ele>70.92</ele></trkpt><trkpt lat="37.22489" lon="127.090427"><time>2026-08-07T23:30:24.001Z</time><ele>70.35</ele></trkpt><trkpt lat="37.22509" lon="127.090458"><time>2026-08-07T23:30:25.001Z</time><ele>70.13</ele></trkpt><trkpt lat="37.225284" lon="127.090493"><time>2026-08-07T23:30:26.001Z</time><ele>69.87</ele></trkpt><trkpt lat="37.225471" lon="127.090527"><time>2026-08-07T23:30:27.001Z</time><ele>69.77</ele></trkpt><trkpt lat="37.225655" lon="127.090557"><time>2026-08-07T23:30:28.001Z</time><ele>69.63</ele></trkpt><trkpt lat="37.22584" lon="127.090587"><time>2026-08-07T23:30:29.001Z</time><ele>69.5</ele></trkpt><trkpt lat="37.226028" lon="127.090616"><time>2026-08-07T23:30:30.001Z</time><ele>69.21</ele></trkpt><trkpt lat="37.226216" lon="127.090646"><time>2026-08-07T23:30:31.001Z</time><ele>68.95</ele></trkpt><trkpt lat="37.226407" lon="127.090675"><time>2026-08-07T23:30:32.001Z</time><ele>68.84</ele></trkpt><trkpt lat="37.2266" lon="127.090703"><time>2026-08-07T23:30:33.001Z</time><ele>68.34</ele></trkpt><trkpt lat="37.2268" lon="127.090732"><time>2026-08-07T23:30:34.001Z</time><ele>68.54</ele></trkpt><trkpt lat="37.227009" lon="127.090759"><time>2026-08-07T23:30:35.001Z</time><ele>68.65</ele></trkpt><trkpt lat="37.227221" lon="127.090784"><time>2026-08-07T23:30:36.001Z</time><ele>68.51</ele></trkpt><trkpt lat="37.227433" lon="127.090806"><time>2026-08-07T23:30:37.001Z</time><ele>68.33</ele></trkpt><trkpt lat="37.227643" lon="127.090823"><time>2026-08-07T23:30:38.001Z</time><ele>68.28</ele></trkpt><trkpt lat="37.22785" lon="127.090839"><time>2026-08-07T23:30:39.001Z</time><ele>68.18</ele></trkpt><trkpt lat="37.228053" lon="127.090856"><time>2026-08-07T23:30:40.001Z</time><ele>67.89</ele></trkpt><trkpt lat="37.228255" lon="127.090869"><time>2026-08-07T23:30:41.001Z</time><ele>67.82</ele></trkpt><trkpt lat="37.228459" lon="127.09088"><time>2026-08-07T23:30:42.001Z</time><ele>67.71</ele></trkpt><trkpt lat="37.228662" lon="127.090891"><time>2026-08-07T23:30:43.001Z</time><ele>67.61</ele></trkpt><trkpt lat="37.228856" lon="127.0909"><time>2026-08-07T23:30:44.001Z</time><ele>67.1</ele></trkpt><trkpt lat="37.229054" lon="127.090902"><time>2026-08-07T23:30:45.001Z</time><ele>67.01</ele></trkpt><trkpt lat="37.229248" lon="127.090905"><time>2026-08-07T23:30:46.001Z</time><ele>66.7</ele></trkpt><trkpt lat="37.229442" lon="127.09091"><time>2026-08-07T23:30:47.001Z</time><ele>66.58</ele></trkpt><trkpt lat="37.229633" lon="127.090908"><time>2026-08-07T23:30:48.001Z</time><ele>66.46</ele></trkpt><trkpt lat="37.229824" lon="127.09091"><time>2026-08-07T23:30:49.001Z</time><ele>66.31</ele></trkpt><trkpt lat="37.230013" lon="127.090912"><time>2026-08-07T23:30:50.001Z</time><ele>65.92</ele></trkpt><trkpt lat="37.230201" lon="127.09091"><time>2026-08-07T23:30:51.001Z</time><ele>66.08</ele></trkpt><trkpt lat="37.230382" lon="127.090912"><time>2026-08-07T23:30:52.001Z</time><ele>65.83</ele></trkpt><trkpt lat="37.230569" lon="127.090915"><time>2026-08-07T23:30:53.001Z</time><ele>65.88</ele></trkpt><trkpt lat="37.230758" lon="127.090914"><time>2026-08-07T23:30:54.001Z</time><ele>65.8</ele></trkpt><trkpt lat="37.230947" lon="127.090909"><time>2026-08-07T23:30:55.001Z</time><ele>65.51</ele></trkpt><trkpt lat="37.231134" lon="127.090907"><time>2026-08-07T23:30:56.001Z</time><ele>65.21</ele></trkpt><trkpt lat="37.231316" lon="127.090905"><time>2026-08-07T23:30:57.001Z</time><ele>65.38</ele></trkpt><trkpt lat="37.23149" lon="127.090901"><time>2026-08-07T23:30:58.001Z</time><ele>65.18</ele></trkpt><trkpt lat="37.231667" lon="127.090892"><time>2026-08-07T23:30:59.001Z</time><ele>65.03</ele></trkpt><trkpt lat="37.231847" lon="127.090884"><time>2026-08-07T23:31:00.001Z</time><ele>64.98</ele></trkpt><trkpt lat="37.232028" lon="127.090881"><time>2026-08-07T23:31:01.001Z</time><ele>64.8</ele></trkpt><trkpt lat="37.232213" lon="127.090877"><time>2026-08-07T23:31:02.001Z</time><ele>64.62</ele></trkpt><trkpt lat="37.232397" lon="127.090874"><time>2026-08-07T23:31:03.001Z</time><ele>64.58</ele></trkpt><trkpt lat="37.232577" lon="127.090866"><time>2026-08-07T23:31:04.001Z</time><ele>64.31</ele></trkpt><trkpt lat="37.23276" lon="127.090854"><time>2026-08-07T23:31:05.001Z</time><ele>64.24</ele></trkpt><trkpt lat="37.232944" lon="127.090843"><time>2026-08-07T23:31:06.001Z</time><ele>64.45</ele></trkpt><trkpt lat="37.233132" lon="127.090831"><time>2026-08-07T23:31:07.001Z</time><ele>64.33</ele></trkpt><trkpt lat="37.233323" lon="127.090821"><time>2026-08-07T23:31:08.001Z</time><ele>64.09</ele></trkpt><trkpt lat="37.233518" lon="127.09081"><time>2026-08-07T23:31:09.015Z</time><ele>63.5</ele></trkpt><trkpt lat="37.233713" lon="127.090799"><time>2026-08-07T23:31:10.016Z</time><ele>63.48</ele></trkpt><trkpt lat="37.23391" lon="127.090788"><time>2026-08-07T23:31:11.014Z</time><ele>62.69</ele></trkpt><trkpt lat="37.234108" lon="127.090773"><time>2026-08-07T23:31:12.016Z</time><ele>62.81</ele></trkpt><trkpt lat="37.245351" lon="127.090225"><time>2026-08-07T23:32:10.002Z</time><ele>65.28</ele></trkpt><trkpt lat="37.245547" lon="127.090234"><time>2026-08-07T23:32:11.002Z</time><ele>65.28</ele></trkpt><trkpt lat="37.245733" lon="127.090241"><time>2026-08-07T23:32:12.002Z</time><ele>64.13</ele></trkpt><trkpt lat="37.24593" lon="127.090261"><time>2026-08-07T23:32:13.002Z</time><ele>62.55</ele></trkpt><trkpt lat="37.246147" lon="127.090287"><time>2026-08-07T23:32:14.002Z</time><ele>63.01</ele></trkpt><trkpt lat="37.246356" lon="127.090312"><time>2026-08-07T23:32:15.002Z</time><ele>63.5</ele></trkpt><trkpt lat="37.246556" lon="127.090361"><time>2026-08-07T23:32:16.000Z</time><ele>64.7</ele></trkpt><trkpt lat="37.246772" lon="127.09039"><time>2026-08-07T23:32:17.000Z</time><ele>64.81</ele></trkpt><trkpt lat="37.246995" lon="127.090426"><time>2026-08-07T23:32:18.000Z</time><ele>65.3</ele></trkpt><trkpt lat="37.247216" lon="127.090465"><time>2026-08-07T23:32:19.000Z</time><ele>65.53</ele></trkpt><trkpt lat="37.247434" lon="127.090512"><time>2026-08-07T23:32:20.000Z</time><ele>65.73</ele></trkpt><trkpt lat="37.24765" lon="127.090557"><time>2026-08-07T23:32:21.000Z</time><ele>65.91</ele></trkpt><trkpt lat="37.247865" lon="127.090607"><time>2026-08-07T23:32:22.000Z</time><ele>66.05</ele></trkpt><trkpt lat="37.24808" lon="127.090665"><time>2026-08-07T23:32:23.000Z</time><ele>66.51</ele></trkpt><trkpt lat="37.248295" lon="127.090725"><time>2026-08-07T23:32:24.000Z</time><ele>66.9</ele></trkpt><trkpt lat="37.248514" lon="127.090791"><time>2026-08-07T23:32:25.000Z</time><ele>67.16</ele></trkpt><trkpt lat="37.248731" lon="127.090857"><time>2026-08-07T23:32:26.000Z</time><ele>67.7</ele></trkpt><trkpt lat="37.248951" lon="127.090926"><time>2026-08-07T23:32:27.000Z</time><ele>68.38</ele></trkpt><trkpt lat="37.24917" lon="127.091003"><time>2026-08-07T23:32:28.000Z</time><ele>68.3</ele></trkpt><trkpt lat="37.249388" lon="127.091083"><time>2026-08-07T23:32:29.000Z</time><ele>68.43</ele></trkpt><trkpt lat="37.249604" lon="127.091169"><time>2026-08-07T23:32:30.000Z</time><ele>68.74</ele></trkpt><trkpt lat="37.249816" lon="127.091256"><time>2026-08-07T23:32:31.000Z</time><ele>68.98</ele></trkpt><trkpt lat="37.250022" lon="127.091352"><time>2026-08-07T23:32:32.000Z</time><ele>69.26</ele></trkpt><trkpt lat="37.250237" lon="127.091439"><time>2026-08-07T23:32:33.000Z</time><ele>68.52</ele></trkpt><trkpt lat="37.250437" lon="127.091543"><time>2026-08-07T23:32:34.000Z</time><ele>69.75</ele></trkpt><trkpt lat="37.250638" lon="127.091639"><time>2026-08-07T23:32:35.000Z</time><ele>70</ele></trkpt><trkpt lat="37.250848" lon="127.091741"><time>2026-08-07T23:32:36.000Z</time><ele>70.44</ele></trkpt><trkpt lat="37.251062" lon="127.091845"><time>2026-08-07T23:32:37.000Z</time><ele>70.7</ele></trkpt><trkpt lat="37.25128" lon="127.091947"><time>2026-08-07T23:32:38.000Z</time><ele>71.19</ele></trkpt><trkpt lat="37.251495" lon="127.09205"><time>2026-08-07T23:32:39.000Z</time><ele>71.49</ele></trkpt><trkpt lat="37.251715" lon="127.092156"><time>2026-08-07T23:32:40.000Z</time><ele>71.97</ele></trkpt><trkpt lat="37.251932" lon="127.092261"><time>2026-08-07T23:32:41.000Z</time><ele>72.3</ele></trkpt><trkpt lat="37.252163" lon="127.092368"><time>2026-08-07T23:32:42.000Z</time><ele>72.79</ele></trkpt><trkpt lat="37.252399" lon="127.092478"><time>2026-08-07T23:32:43.000Z</time><ele>72.93</ele></trkpt><trkpt lat="37.252642" lon="127.092594"><time>2026-08-07T23:32:44.000Z</time><ele>73.58</ele></trkpt><trkpt lat="37.252888" lon="127.092713"><time>2026-08-07T23:32:45.000Z</time><ele>74.05</ele></trkpt><trkpt lat="37.253138" lon="127.092835"><time>2026-08-07T23:32:46.000Z</time><ele>74.4</ele></trkpt><trkpt lat="37.253391" lon="127.092952"><time>2026-08-07T23:32:47.000Z</time><ele>74.91</ele></trkpt><trkpt lat="37.253646" lon="127.09307"><time>2026-08-07T23:32:48.000Z</time><ele>75.36</ele></trkpt><trkpt lat="37.253898" lon="127.093191"><time>2026-08-07T23:32:49.000Z</time><ele>75.58</ele></trkpt><trkpt lat="37.254146" lon="127.09332"><time>2026-08-07T23:32:50.000Z</time><ele>75.99</ele></trkpt><trkpt lat="37.25439" lon="127.093447"><time>2026-08-07T23:32:51.000Z</time><ele>76.32</ele></trkpt><trkpt lat="37.254631" lon="127.093574"><time>2026-08-07T23:32:52.000Z</time><ele>76.77</ele></trkpt><trkpt lat="37.254871" lon="127.093696"><time>2026-08-07T23:32:53.000Z</time><ele>77.1</ele></trkpt><trkpt lat="37.255111" lon="127.0938"><time>2026-08-07T23:32:54.000Z</time><ele>77.39</ele></trkpt><trkpt lat="37.255347" lon="127.093886"><time>2026-08-07T23:32:55.000Z</time><ele>77.57</ele></trkpt><trkpt lat="37.255581" lon="127.093961"><time>2026-08-07T23:32:56.000Z</time><ele>78.12</ele></trkpt><trkpt lat="37.25581" lon="127.094021"><time>2026-08-07T23:32:57.000Z</time><ele>78.38</ele></trkpt><trkpt lat="37.256038" lon="127.094068"><time>2026-08-07T23:32:58.000Z</time><ele>78.4</ele></trkpt><trkpt lat="37.256267" lon="127.094109"><time>2026-08-07T23:32:59.000Z</time><ele>78.75</ele></trkpt><trkpt lat="37.256483" lon="127.094134"><time>2026-08-07T23:33:00.000Z</time><ele>79.09</ele></trkpt><trkpt lat="37.256685" lon="127.094147"><time>2026-08-07T23:33:01.000Z</time><ele>79.15</ele></trkpt><trkpt lat="37.256877" lon="127.094153"><time>2026-08-07T23:33:02.000Z</time><ele>79.51</ele></trkpt><trkpt lat="37.257057" lon="127.094154"><time>2026-08-07T23:33:03.000Z</time><ele>79.7</ele></trkpt><trkpt lat="37.257227" lon="127.094144"><time>2026-08-07T23:33:04.000Z</time><ele>80.17</ele></trkpt><trkpt lat="37.257393" lon="127.094128"><time>2026-08-07T23:33:05.001Z</time><ele>80.25</ele></trkpt><trkpt lat="37.257548" lon="127.09411"><time>2026-08-07T23:33:06.001Z</time><ele>80.39</ele></trkpt><trkpt lat="37.257711" lon="127.094091"><time>2026-08-07T23:33:07.001Z</time><ele>80.89</ele></trkpt><trkpt lat="37.257876" lon="127.094062"><time>2026-08-07T23:33:08.001Z</time><ele>81.36</ele></trkpt><trkpt lat="37.258044" lon="127.094016"><time>2026-08-07T23:33:09.001Z</time><ele>81.32</ele></trkpt><trkpt lat="37.258218" lon="127.093971"><time>2026-08-07T23:33:10.001Z</time><ele>81.87</ele></trkpt><trkpt lat="37.258396" lon="127.093919"><time>2026-08-07T23:33:11.001Z</time><ele>82.75</ele></trkpt><trkpt lat="37.258574" lon="127.093858"><time>2026-08-07T23:33:12.001Z</time><ele>83.18</ele></trkpt><trkpt lat="37.258755" lon="127.093793"><time>2026-08-07T23:33:13.015Z</time><ele>83.45</ele></trkpt><trkpt lat="37.258933" lon="127.093725"><time>2026-08-07T23:33:14.016Z</time><ele>84.15</ele></trkpt><trkpt lat="37.259109" lon="127.093647"><time>2026-08-07T23:33:15.016Z</time><ele>84.86</ele></trkpt><trkpt lat="37.259285" lon="127.09356"><time>2026-08-07T23:33:16.016Z</time><ele>85.07</ele></trkpt><trkpt lat="37.25946" lon="127.093476"><time>2026-08-07T23:33:17.012Z</time><ele>84.92</ele></trkpt><trkpt lat="37.260258" lon="127.093097"><time>2026-08-07T23:33:22.001Z</time><ele>84.06</ele></trkpt><trkpt lat="37.260424" lon="127.093042"><time>2026-08-07T23:33:23.001Z</time><ele>84.06</ele></trkpt><trkpt lat="37.260598" lon="127.092949"><time>2026-08-07T23:33:24.001Z</time><ele>88.59</ele></trkpt><trkpt lat="37.260757" lon="127.092899"><time>2026-08-07T23:33:25.001Z</time><ele>90.11</ele></trkpt><trkpt lat="37.260908" lon="127.092868"><time>2026-08-07T23:33:26.001Z</time><ele>89.84</ele></trkpt><trkpt lat="37.261053" lon="127.092845"><time>2026-08-07T23:33:27.001Z</time><ele>90.14</ele></trkpt><trkpt lat="37.261202" lon="127.092831"><time>2026-08-07T23:33:28.001Z</time><ele>90.05</ele></trkpt><trkpt lat="37.261356" lon="127.092833"><time>2026-08-07T23:33:29.001Z</time><ele>89.1</ele></trkpt><trkpt lat="37.261501" lon="127.092855"><time>2026-08-07T23:33:30.001Z</time><ele>87.92</ele></trkpt><trkpt lat="37.261644" lon="127.092882"><time>2026-08-07T23:33:31.001Z</time><ele>87.63</ele></trkpt><trkpt lat="37.26178" lon="127.092918"><time>2026-08-07T23:33:32.001Z</time><ele>86.65</ele></trkpt><trkpt lat="37.261909" lon="127.092935"><time>2026-08-07T23:33:33.001Z</time><ele>86.49</ele></trkpt><trkpt lat="37.26203" lon="127.092976"><time>2026-08-07T23:33:34.001Z</time><ele>86.15</ele></trkpt><trkpt lat="37.262147" lon="127.092977"><time>2026-08-07T23:33:35.001Z</time><ele>85.6</ele></trkpt><trkpt lat="37.26226" lon="127.092944"><time>2026-08-07T23:33:36.001Z</time><ele>84.9</ele></trkpt><trkpt lat="37.262357" lon="127.092888"><time>2026-08-07T23:33:37.001Z</time><ele>84.26</ele></trkpt><trkpt lat="37.262438" lon="127.092808"><time>2026-08-07T23:33:38.001Z</time><ele>83.38</ele></trkpt><trkpt lat="37.262507" lon="127.092714"><time>2026-08-07T23:33:39.001Z</time><ele>83.25</ele></trkpt><trkpt lat="37.262547" lon="127.092606"><time>2026-08-07T23:33:40.001Z</time><ele>83.17</ele></trkpt><trkpt lat="37.26257" lon="127.092486"><time>2026-08-07T23:33:41.001Z</time><ele>82.52</ele></trkpt><trkpt lat="37.262585" lon="127.092358"><time>2026-08-07T23:33:42.001Z</time><ele>82.33</ele></trkpt><trkpt lat="37.262571" lon="127.092238"><time>2026-08-07T23:33:43.001Z</time><ele>82.65</ele></trkpt><trkpt lat="37.262537" lon="127.09212"><time>2026-08-07T23:33:44.001Z</time><ele>82.64</ele></trkpt><trkpt lat="37.262484" lon="127.092007"><time>2026-08-07T23:33:45.001Z</time><ele>83.14</ele></trkpt><trkpt lat="37.262402" lon="127.091915"><time>2026-08-07T23:33:46.001Z</time><ele>83.29</ele></trkpt><trkpt lat="37.262303" lon="127.091842"><time>2026-08-07T23:33:47.001Z</time><ele>83.47</ele></trkpt><trkpt lat="37.262186" lon="127.091797"><time>2026-08-07T23:33:48.001Z</time><ele>82.85</ele></trkpt><trkpt lat="37.262064" lon="127.091774"><time>2026-08-07T23:33:49.001Z</time><ele>83.78</ele></trkpt><trkpt lat="37.261937" lon="127.091772"><time>2026-08-07T23:33:50.001Z</time><ele>84.32</ele></trkpt><trkpt lat="37.261815" lon="127.091741"><time>2026-08-07T23:33:51.001Z</time><ele>84.12</ele></trkpt><trkpt lat="37.261678" lon="127.091716"><time>2026-08-07T23:33:52.001Z</time><ele>85.18</ele></trkpt><trkpt lat="37.261548" lon="127.091649"><time>2026-08-07T23:33:53.001Z</time><ele>85.64</ele></trkpt><trkpt lat="37.26141" lon="127.091566"><time>2026-08-07T23:33:54.001Z</time><ele>86.34</ele></trkpt><trkpt lat="37.26128" lon="127.091461"><time>2026-08-07T23:33:55.001Z</time><ele>85.89</ele></trkpt><trkpt lat="37.261157" lon="127.091335"><time>2026-08-07T23:33:56.001Z</time><ele>85.9</ele></trkpt><trkpt lat="37.261025" lon="127.091208"><time>2026-08-07T23:33:57.001Z</time><ele>85.71</ele></trkpt><trkpt lat="37.260885" lon="127.091086"><time>2026-08-07T23:33:58.001Z</time><ele>85.27</ele></trkpt><trkpt lat="37.260742" lon="127.090974"><time>2026-08-07T23:33:59.001Z</time><ele>85.19</ele></trkpt><trkpt lat="37.260594" lon="127.090878"><time>2026-08-07T23:34:00.001Z</time><ele>86.06</ele></trkpt><trkpt lat="37.260446" lon="127.090814"><time>2026-08-07T23:34:01.001Z</time><ele>86.41</ele></trkpt><trkpt lat="37.260293" lon="127.090767"><time>2026-08-07T23:34:02.001Z</time><ele>87.17</ele></trkpt><trkpt lat="37.260139" lon="127.090729"><time>2026-08-07T23:34:03.001Z</time><ele>87.56</ele></trkpt><trkpt lat="37.259982" lon="127.090716"><time>2026-08-07T23:34:04.001Z</time><ele>87.73</ele></trkpt><trkpt lat="37.259824" lon="127.090713"><time>2026-08-07T23:34:05.001Z</time><ele>87.84</ele></trkpt><trkpt lat="37.25966" lon="127.090686"><time>2026-08-07T23:34:06.017Z</time><ele>87.43</ele></trkpt><trkpt lat="37.259492" lon="127.090695"><time>2026-08-07T23:34:07.016Z</time><ele>87.69</ele></trkpt><trkpt lat="37.259323" lon="127.090728"><time>2026-08-07T23:34:08.016Z</time><ele>86.54</ele></trkpt><trkpt lat="37.259157" lon="127.09077"><time>2026-08-07T23:34:09.015Z</time><ele>85.37</ele></trkpt><trkpt lat="37.258991" lon="127.090839"><time>2026-08-07T23:34:10.017Z</time><ele>84.31</ele></trkpt><trkpt lat="37.257349" lon="127.092369"><time>2026-08-07T23:34:22.002Z</time><ele>83.19</ele></trkpt><trkpt lat="37.257231" lon="127.092492"><time>2026-08-07T23:34:23.002Z</time><ele>83.19</ele></trkpt><trkpt lat="37.257161" lon="127.092584"><time>2026-08-07T23:34:24.002Z</time><ele>75.86</ele></trkpt><trkpt lat="37.257045" lon="127.092689"><time>2026-08-07T23:34:25.002Z</time><ele>73.77</ele></trkpt><trkpt lat="37.256964" lon="127.092777"><time>2026-08-07T23:34:26.002Z</time><ele>71.1</ele></trkpt><trkpt lat="37.256888" lon="127.092861"><time>2026-08-07T23:34:27.002Z</time><ele>67.86</ele></trkpt><trkpt lat="37.256804" lon="127.092932"><time>2026-08-07T23:34:28.000Z</time><ele>65.09</ele></trkpt><trkpt lat="37.256726" lon="127.093005"><time>2026-08-07T23:34:29.000Z</time><ele>64.56</ele></trkpt><trkpt lat="37.256654" lon="127.093079"><time>2026-08-07T23:34:30.000Z</time><ele>64.07</ele></trkpt><trkpt lat="37.256589" lon="127.093145"><time>2026-08-07T23:34:31.000Z</time><ele>63.82</ele></trkpt><trkpt lat="37.256536" lon="127.0932"><time>2026-08-07T23:34:32.000Z</time><ele>63.22</ele></trkpt><trkpt lat="37.256488" lon="127.093249"><time>2026-08-07T23:34:33.000Z</time><ele>62.17</ele></trkpt><trkpt lat="37.25644" lon="127.093297"><time>2026-08-07T23:34:34.000Z</time><ele>61.87</ele></trkpt><trkpt lat="37.256397" lon="127.093337"><time>2026-08-07T23:34:35.000Z</time><ele>61.47</ele></trkpt><trkpt lat="37.25636" lon="127.093373"><time>2026-08-07T23:34:36.000Z</time><ele>61.06</ele></trkpt><trkpt lat="37.256297" lon="127.093436"><time>2026-08-07T23:34:38.000Z</time><ele>60.61</ele></trkpt><trkpt lat="37.256255" lon="127.093477"><time>2026-08-07T23:34:40.000Z</time><ele>60.42</ele></trkpt><trkpt lat="37.256218" lon="127.093515"><time>2026-08-07T23:34:44.000Z</time><ele>60.13</ele></trkpt><trkpt lat="37.256173" lon="127.093554"><time>2026-08-07T23:34:51.000Z</time><ele>61.29</ele></trkpt><trkpt lat="37.256127" lon="127.093594"><time>2026-08-07T23:34:52.000Z</time><ele>60.86</ele></trkpt><trkpt lat="37.256078" lon="127.093648"><time>2026-08-07T23:34:53.000Z</time><ele>60.86</ele></trkpt><trkpt lat="37.256034" lon="127.093695"><time>2026-08-07T23:34:54.000Z</time><ele>60.67</ele></trkpt><trkpt lat="37.255991" lon="127.093738"><time>2026-08-07T23:34:55.000Z</time><ele>60.8</ele></trkpt><trkpt lat="37.255945" lon="127.093784"><time>2026-08-07T23:34:56.000Z</time><ele>60.68</ele></trkpt><trkpt lat="37.255895" lon="127.09383"><time>2026-08-07T23:34:57.000Z</time><ele>60.8</ele></trkpt><trkpt lat="37.255847" lon="127.093877"><time>2026-08-07T23:34:58.000Z</time><ele>60.52</ele></trkpt><trkpt lat="37.255795" lon="127.093931"><time>2026-08-07T23:34:59.000Z</time><ele>59.25</ele></trkpt><trkpt lat="37.255719" lon="127.093999"><time>2026-08-07T23:35:00.000Z</time><ele>60.26</ele></trkpt><trkpt lat="37.255634" lon="127.09408"><time>2026-08-07T23:35:01.000Z</time><ele>60.07</ele></trkpt><trkpt lat="37.255546" lon="127.094161"><time>2026-08-07T23:35:02.000Z</time><ele>59.54</ele></trkpt><trkpt lat="37.255461" lon="127.094253"><time>2026-08-07T23:35:03.000Z</time><ele>59.19</ele></trkpt><trkpt lat="37.255387" lon="127.094339"><time>2026-08-07T23:35:04.000Z</time><ele>58.92</ele></trkpt><trkpt lat="37.255323" lon="127.094418"><time>2026-08-07T23:35:05.000Z</time><ele>58.15</ele></trkpt><trkpt lat="37.255286" lon="127.094528"><time>2026-08-07T23:35:06.000Z</time><ele>58.63</ele></trkpt><trkpt lat="37.255257" lon="127.094665"><time>2026-08-07T23:35:07.000Z</time><ele>59</ele></trkpt><trkpt lat="37.254966" lon="127.095432"><time>2026-08-07T23:35:12.000Z</time><ele>59.62</ele></trkpt><trkpt lat="37.254893" lon="127.095598"><time>2026-08-07T23:35:13.000Z</time><ele>59.62</ele></trkpt><trkpt lat="37.254811" lon="127.095765"><time>2026-08-07T23:35:14.001Z</time><ele>59.2</ele></trkpt><trkpt lat="37.254739" lon="127.095944"><time>2026-08-07T23:35:15.001Z</time><ele>59.17</ele></trkpt><trkpt lat="37.25467" lon="127.096127"><time>2026-08-07T23:35:16.001Z</time><ele>59.1</ele></trkpt><trkpt lat="37.254604" lon="127.096327"><time>2026-08-07T23:35:17.001Z</time><ele>59.34</ele></trkpt><trkpt lat="37.254523" lon="127.096526"><time>2026-08-07T23:35:18.001Z</time><ele>59.83</ele></trkpt><trkpt lat="37.254446" lon="127.096729"><time>2026-08-07T23:35:19.001Z</time><ele>59.9</ele></trkpt><trkpt lat="37.254368" lon="127.096941"><time>2026-08-07T23:35:20.001Z</time><ele>60.1</ele></trkpt><trkpt lat="37.254287" lon="127.097152"><time>2026-08-07T23:35:21.001Z</time><ele>60.26</ele></trkpt><trkpt lat="37.254206" lon="127.097366"><time>2026-08-07T23:35:22.001Z</time><ele>60.25</ele></trkpt><trkpt lat="37.254125" lon="127.097562"><time>2026-08-07T23:35:23.001Z</time><ele>59.82</ele></trkpt><trkpt lat="37.254022" lon="127.097735"><time>2026-08-07T23:35:24.001Z</time><ele>61.01</ele></trkpt><trkpt lat="37.253942" lon="127.097894"><time>2026-08-07T23:35:25.001Z</time><ele>61.18</ele></trkpt><trkpt lat="37.253876" lon="127.098079"><time>2026-08-07T23:35:26.001Z</time><ele>61.19</ele></trkpt><trkpt lat="37.253804" lon="127.098282"><time>2026-08-07T23:35:27.001Z</time><ele>61.56</ele></trkpt><trkpt lat="37.253723" lon="127.098487"><time>2026-08-07T23:35:28.001Z</time><ele>61.9</ele></trkpt><trkpt lat="37.253644" lon="127.098697"><time>2026-08-07T23:35:29.001Z</time><ele>61.83</ele></trkpt><trkpt lat="37.253572" lon="127.098887"><time>2026-08-07T23:35:30.001Z</time><ele>61.74</ele></trkpt><trkpt lat="37.253501" lon="127.099068"><time>2026-08-07T23:35:31.001Z</time><ele>61.27</ele></trkpt><trkpt lat="37.253435" lon="127.099238"><time>2026-08-07T23:35:32.001Z</time><ele>61.37</ele></trkpt><trkpt lat="37.253373" lon="127.099398"><time>2026-08-07T23:35:33.001Z</time><ele>61.2</ele></trkpt><trkpt lat="37.253316" lon="127.099531"><time>2026-08-07T23:35:34.001Z</time><ele>60.78</ele></trkpt><trkpt lat="37.253261" lon="127.099656"><time>2026-08-07T23:35:35.001Z</time><ele>60.16</ele></trkpt><trkpt lat="37.253215" lon="127.099758"><time>2026-08-07T23:35:36.001Z</time><ele>59.92</ele></trkpt><trkpt lat="37.253181" lon="127.099846"><time>2026-08-07T23:35:37.001Z</time><ele>59.7</ele></trkpt><trkpt lat="37.253151" lon="127.099923"><time>2026-08-07T23:35:38.001Z</time><ele>59.51</ele></trkpt><trkpt lat="37.253129" lon="127.09999"><time>2026-08-07T23:35:39.001Z</time><ele>59.74</ele></trkpt><trkpt lat="37.25311" lon="127.100051"><time>2026-08-07T23:35:40.001Z</time><ele>59.79</ele></trkpt><trkpt lat="37.253094" lon="127.100104"><time>2026-08-07T23:35:41.001Z</time><ele>59.68</ele></trkpt><trkpt lat="37.253066" lon="127.1002"><time>2026-08-07T23:35:43.001Z</time><ele>59.94</ele></trkpt><trkpt lat="37.253047" lon="127.100267"><time>2026-08-07T23:35:45.001Z</time><ele>60.49</ele></trkpt><trkpt lat="37.253032" lon="127.100329"><time>2026-08-07T23:36:01.001Z</time><ele>61.14</ele></trkpt><trkpt lat="37.253018" lon="127.100408"><time>2026-08-07T23:36:51.000Z</time><ele>58.29</ele></trkpt><trkpt lat="37.253005" lon="127.100469"><time>2026-08-07T23:36:52.000Z</time><ele>58.88</ele></trkpt><trkpt lat="37.252992" lon="127.100543"><time>2026-08-07T23:36:53.000Z</time><ele>58.82</ele></trkpt><trkpt lat="37.252978" lon="127.100616"><time>2026-08-07T23:36:54.000Z</time><ele>58.75</ele></trkpt><trkpt lat="37.252964" lon="127.100697"><time>2026-08-07T23:36:55.000Z</time><ele>60.17</ele></trkpt><trkpt lat="37.252951" lon="127.10078"><time>2026-08-07T23:36:56.000Z</time><ele>60.28</ele></trkpt><trkpt lat="37.252951" lon="127.100865"><time>2026-08-07T23:36:57.000Z</time><ele>59.97</ele></trkpt><trkpt lat="37.252946" lon="127.10097"><time>2026-08-07T23:36:58.000Z</time><ele>61.41</ele></trkpt><trkpt lat="37.252898" lon="127.101073"><time>2026-08-07T23:36:59.000Z</time><ele>62.14</ele></trkpt><trkpt lat="37.252861" lon="127.101171"><time>2026-08-07T23:37:00.000Z</time><ele>62.42</ele></trkpt><trkpt lat="37.252814" lon="127.101261"><time>2026-08-07T23:37:01.000Z</time><ele>62.49</ele></trkpt><trkpt lat="37.25277" lon="127.10135"><time>2026-08-07T23:37:02.000Z</time><ele>62.72</ele></trkpt><trkpt lat="37.252466" lon="127.102044"><time>2026-08-07T23:37:08.000Z</time><ele>66.13</ele></trkpt><trkpt lat="37.252408" lon="127.10218"><time>2026-08-07T23:37:09.000Z</time><ele>66.98</ele></trkpt><trkpt lat="37.252346" lon="127.102317"><time>2026-08-07T23:37:10.000Z</time><ele>67.15</ele></trkpt><trkpt lat="37.252283" lon="127.102458"><time>2026-08-07T23:37:11.000Z</time><ele>67.27</ele></trkpt><trkpt lat="37.252218" lon="127.102607"><time>2026-08-07T23:37:12.000Z</time><ele>67.9</ele></trkpt><trkpt lat="37.252143" lon="127.102771"><time>2026-08-07T23:37:13.000Z</time><ele>67.35</ele></trkpt><trkpt lat="37.252063" lon="127.102958"><time>2026-08-07T23:37:14.000Z</time><ele>67.84</ele></trkpt><trkpt lat="37.251979" lon="127.103145"><time>2026-08-07T23:37:15.000Z</time><ele>68.63</ele></trkpt><trkpt lat="37.251892" lon="127.103327"><time>2026-08-07T23:37:16.000Z</time><ele>69.38</ele></trkpt><trkpt lat="37.251815" lon="127.103498"><time>2026-08-07T23:37:17.001Z</time><ele>69.61</ele></trkpt><trkpt lat="37.251747" lon="127.103652"><time>2026-08-07T23:37:18.001Z</time><ele>70.26</ele></trkpt><trkpt lat="37.251687" lon="127.103792"><time>2026-08-07T23:37:19.001Z</time><ele>70.94</ele></trkpt><trkpt lat="37.25162" lon="127.103928"><time>2026-08-07T23:37:20.001Z</time><ele>71.6</ele></trkpt><trkpt lat="37.251544" lon="127.104067"><time>2026-08-07T23:37:21.001Z</time><ele>71.69</ele></trkpt><trkpt lat="37.251464" lon="127.104204"><time>2026-08-07T23:37:22.001Z</time><ele>72.22</ele></trkpt><trkpt lat="37.251395" lon="127.104346"><time>2026-08-07T23:37:23.001Z</time><ele>72.57</ele></trkpt><trkpt lat="37.251326" lon="127.104508"><time>2026-08-07T23:37:24.001Z</time><ele>72.69</ele></trkpt><trkpt lat="37.251255" lon="127.104673"><time>2026-08-07T23:37:25.001Z</time><ele>73.14</ele></trkpt><trkpt lat="37.251187" lon="127.104823"><time>2026-08-07T23:37:26.001Z</time><ele>73.11</ele></trkpt><trkpt lat="37.251118" lon="127.104982"><time>2026-08-07T23:37:27.001Z</time><ele>73.32</ele></trkpt><trkpt lat="37.251045" lon="127.105142"><time>2026-08-07T23:37:28.001Z</time><ele>73.27</ele></trkpt><trkpt lat="37.250979" lon="127.105291"><time>2026-08-07T23:37:29.001Z</time><ele>72.82</ele></trkpt><trkpt lat="37.250912" lon="127.105431"><time>2026-08-07T23:37:30.001Z</time><ele>73.07</ele></trkpt><trkpt lat="37.250839" lon="127.105572"><time>2026-08-07T23:37:31.001Z</time><ele>73.07</ele></trkpt><trkpt lat="37.250756" lon="127.105698"><time>2026-08-07T23:37:32.001Z</time><ele>73.66</ele></trkpt><trkpt lat="37.250648" lon="127.105813"><time>2026-08-07T23:37:33.001Z</time><ele>73.52</ele></trkpt><trkpt lat="37.250532" lon="127.105902"><time>2026-08-07T23:37:34.001Z</time><ele>73.77</ele></trkpt><trkpt lat="37.250407" lon="127.105965"><time>2026-08-07T23:37:35.001Z</time><ele>73.12</ele></trkpt><trkpt lat="37.250274" lon="127.106003"><time>2026-08-07T23:37:36.001Z</time><ele>72.94</ele></trkpt><trkpt lat="37.250136" lon="127.106021"><time>2026-08-07T23:37:37.001Z</time><ele>72.34</ele></trkpt><trkpt lat="37.249998" lon="127.106005"><time>2026-08-07T23:37:38.001Z</time><ele>72.17</ele></trkpt><trkpt lat="37.249863" lon="127.105958"><time>2026-08-07T23:37:39.001Z</time><ele>72.27</ele></trkpt><trkpt lat="37.249739" lon="127.105891"><time>2026-08-07T23:37:40.001Z</time><ele>71.18</ele></trkpt><trkpt lat="37.249628" lon="127.105795"><time>2026-08-07T23:37:41.001Z</time><ele>71.95</ele></trkpt><trkpt lat="37.249535" lon="127.10569"><time>2026-08-07T23:37:42.001Z</time><ele>71.16</ele></trkpt><trkpt lat="37.249461" lon="127.105568"><time>2026-08-07T23:37:43.001Z</time><ele>70.97</ele></trkpt><trkpt lat="37.249412" lon="127.105442"><time>2026-08-07T23:37:44.001Z</time><ele>70.47</ele></trkpt><trkpt lat="37.249376" lon="127.105316"><time>2026-08-07T23:37:45.001Z</time><ele>70.17</ele></trkpt><trkpt lat="37.249362" lon="127.105184"><time>2026-08-07T23:37:46.001Z</time><ele>70.26</ele></trkpt><trkpt lat="37.249373" lon="127.105056"><time>2026-08-07T23:37:47.001Z</time><ele>69.34</ele></trkpt><trkpt lat="37.249409" lon="127.104914"><time>2026-08-07T23:37:48.001Z</time><ele>69.26</ele></trkpt><trkpt lat="37.249472" lon="127.104778"><time>2026-08-07T23:37:49.001Z</time><ele>69.07</ele></trkpt><trkpt lat="37.249585" lon="127.104685"><time>2026-08-07T23:37:50.001Z</time><ele>68.63</ele></trkpt><trkpt lat="37.249698" lon="127.104603"><time>2026-08-07T23:37:51.001Z</time><ele>69.16</ele></trkpt><trkpt lat="37.249821" lon="127.104556"><time>2026-08-07T23:37:52.001Z</time><ele>68.43</ele></trkpt><trkpt lat="37.249947" lon="127.104524"><time>2026-08-07T23:37:53.001Z</time><ele>69.09</ele></trkpt><trkpt lat="37.250075" lon="127.104466"><time>2026-08-07T23:37:54.001Z</time><ele>67.67</ele></trkpt><trkpt lat="37.25021" lon="127.104477"><time>2026-08-07T23:37:55.001Z</time><ele>67.06</ele></trkpt><trkpt lat="37.250346" lon="127.104465"><time>2026-08-07T23:37:56.001Z</time><ele>65.93</ele></trkpt><trkpt lat="37.25049" lon="127.104459"><time>2026-08-07T23:37:57.001Z</time><ele>66.24</ele></trkpt><trkpt lat="37.250909" lon="127.104528"><time>2026-08-07T23:38:00.001Z</time><ele>64.29</ele></trkpt><trkpt lat="37.251016" lon="127.10457"><time>2026-08-07T23:38:01.001Z</time><ele>63.28</ele></trkpt><trkpt lat="37.251109" lon="127.104601"><time>2026-08-07T23:38:02.001Z</time><ele>62.93</ele></trkpt><trkpt lat="37.251182" lon="127.104625"><time>2026-08-07T23:38:03.001Z</time><ele>62.83</ele></trkpt><trkpt lat="37.251242" lon="127.104648"><time>2026-08-07T23:38:04.001Z</time><ele>63.02</ele></trkpt><trkpt lat="37.251297" lon="127.104663"><time>2026-08-07T23:38:05.001Z</time><ele>63.15</ele></trkpt><trkpt lat="37.251372" lon="127.104684"><time>2026-08-07T23:38:07.001Z</time><ele>62.86</ele></trkpt><trkpt lat="37.251423" lon="127.104727"><time>2026-08-07T23:38:23.001Z</time><ele>62.32</ele></trkpt><trkpt lat="37.251555" lon="127.104772"><time>2026-08-07T23:39:09.000Z</time><ele>73.36</ele></trkpt><trkpt lat="37.251621" lon="127.104831"><time>2026-08-07T23:39:11.000Z</time><ele>72.2</ele></trkpt><trkpt lat="37.251701" lon="127.104878"><time>2026-08-07T23:39:12.000Z</time><ele>72.5</ele></trkpt><trkpt lat="37.251768" lon="127.104927"><time>2026-08-07T23:39:13.000Z</time><ele>71.07</ele></trkpt><trkpt lat="37.251845" lon="127.10498"><time>2026-08-07T23:39:14.000Z</time><ele>68.98</ele></trkpt><trkpt lat="37.251923" lon="127.105027"><time>2026-08-07T23:39:15.000Z</time><ele>68.2</ele></trkpt><trkpt lat="37.251986" lon="127.105072"><time>2026-08-07T23:39:16.000Z</time><ele>67.75</ele></trkpt><trkpt lat="37.25206" lon="127.105123"><time>2026-08-07T23:39:17.000Z</time><ele>66.27</ele></trkpt><trkpt lat="37.252135" lon="127.10517"><time>2026-08-07T23:39:18.000Z</time><ele>65.37</ele></trkpt><trkpt lat="37.252219" lon="127.105221"><time>2026-08-07T23:39:19.000Z</time><ele>64.18</ele></trkpt><trkpt lat="37.252333" lon="127.105248"><time>2026-08-07T23:39:20.000Z</time><ele>64.38</ele></trkpt><trkpt lat="37.252579" lon="127.105328"><time>2026-08-07T23:39:22.000Z</time><ele>63.29</ele></trkpt><trkpt lat="37.252704" lon="127.105326"><time>2026-08-07T23:39:23.000Z</time><ele>62.6</ele></trkpt><trkpt lat="37.252813" lon="127.105327"><time>2026-08-07T23:39:24.000Z</time><ele>62.47</ele></trkpt><trkpt lat="37.252918" lon="127.105324"><time>2026-08-07T23:39:25.001Z</time><ele>62.18</ele></trkpt><trkpt lat="37.253025" lon="127.10532"><time>2026-08-07T23:39:26.001Z</time><ele>61.08</ele></trkpt><trkpt lat="37.253133" lon="127.105312"><time>2026-08-07T23:39:27.001Z</time><ele>61.42</ele></trkpt><trkpt lat="37.253239" lon="127.105303"><time>2026-08-07T23:39:28.001Z</time><ele>62.24</ele></trkpt><trkpt lat="37.253347" lon="127.105293"><time>2026-08-07T23:39:29.001Z</time><ele>61.45</ele></trkpt><trkpt lat="37.253436" lon="127.105283"><time>2026-08-07T23:39:30.001Z</time><ele>60.76</ele></trkpt><trkpt lat="37.253524" lon="127.105273"><time>2026-08-07T23:39:31.001Z</time><ele>60.44</ele></trkpt><trkpt lat="37.253597" lon="127.105265"><time>2026-08-07T23:39:32.001Z</time><ele>59.99</ele></trkpt><trkpt lat="37.253654" lon="127.105259"><time>2026-08-07T23:39:33.001Z</time><ele>58.95</ele></trkpt><trkpt lat="37.253702" lon="127.105255"><time>2026-08-07T23:39:34.001Z</time><ele>59.89</ele></trkpt><trkpt lat="37.253752" lon="127.105448"><time>2026-08-07T23:39:35.001Z</time><ele>60.55</ele></trkpt><trkpt lat="37.253784" lon="127.105576"><time>2026-08-07T23:39:36.001Z</time><ele>61.03</ele></trkpt><trkpt lat="37.253822" lon="127.105719"><time>2026-08-07T23:39:37.001Z</time><ele>60.99</ele></trkpt><trkpt lat="37.253858" lon="127.105877"><time>2026-08-07T23:39:38.001Z</time><ele>60.87</ele></trkpt><trkpt lat="37.253899" lon="127.106047"><time>2026-08-07T23:39:39.001Z</time><ele>60.41</ele></trkpt><trkpt lat="37.253952" lon="127.106232"><time>2026-08-07T23:39:40.001Z</time><ele>60.79</ele></trkpt><trkpt lat="37.254" lon="127.106412"><time>2026-08-07T23:39:41.001Z</time><ele>60.9</ele></trkpt><trkpt lat="37.254044" lon="127.106576"><time>2026-08-07T23:39:42.001Z</time><ele>61.31</ele></trkpt><trkpt lat="37.254086" lon="127.106726"><time>2026-08-07T23:39:43.001Z</time><ele>61.9</ele></trkpt><trkpt lat="37.254124" lon="127.106864"><time>2026-08-07T23:39:44.001Z</time><ele>61.73</ele></trkpt><trkpt lat="37.254155" lon="127.106994"><time>2026-08-07T23:39:45.001Z</time><ele>61.39</ele></trkpt><trkpt lat="37.254188" lon="127.107122"><time>2026-08-07T23:39:46.001Z</time><ele>60.73</ele></trkpt><trkpt lat="37.254227" lon="127.107257"><time>2026-08-07T23:39:47.001Z</time><ele>61.45</ele></trkpt><trkpt lat="37.254264" lon="127.10739"><time>2026-08-07T23:39:48.001Z</time><ele>61.51</ele></trkpt><trkpt lat="37.254298" lon="127.107509"><time>2026-08-07T23:39:49.001Z</time><ele>60.37</ele></trkpt><trkpt lat="37.254331" lon="127.107622"><time>2026-08-07T23:39:50.001Z</time><ele>61.68</ele></trkpt><trkpt lat="37.254368" lon="127.107736"><time>2026-08-07T23:39:51.001Z</time><ele>60.92</ele></trkpt><trkpt lat="37.254396" lon="127.107847"><time>2026-08-07T23:39:52.001Z</time><ele>61.02</ele></trkpt><trkpt lat="37.254425" lon="127.107946"><time>2026-08-07T23:39:53.001Z</time><ele>60.47</ele></trkpt><trkpt lat="37.254454" lon="127.108042"><time>2026-08-07T23:39:54.001Z</time><ele>60.07</ele></trkpt><trkpt lat="37.254478" lon="127.108136"><time>2026-08-07T23:39:55.001Z</time><ele>60.47</ele></trkpt><trkpt lat="37.2545" lon="127.108216"><time>2026-08-07T23:39:56.001Z</time><ele>60.01</ele></trkpt><trkpt lat="37.254516" lon="127.108294"><time>2026-08-07T23:39:57.001Z</time><ele>59.68</ele></trkpt><trkpt lat="37.254536" lon="127.10837"><time>2026-08-07T23:39:58.001Z</time><ele>59.41</ele></trkpt><trkpt lat="37.254554" lon="127.108438"><time>2026-08-07T23:39:59.001Z</time><ele>59.08</ele></trkpt><trkpt lat="37.254579" lon="127.108499"><time>2026-08-07T23:40:00.001Z</time><ele>59.03</ele></trkpt><trkpt lat="37.254599" lon="127.108564"><time>2026-08-07T23:40:01.001Z</time><ele>59.24</ele></trkpt><trkpt lat="37.25461" lon="127.108618"><time>2026-08-07T23:40:02.001Z</time><ele>59.38</ele></trkpt><trkpt lat="37.254631" lon="127.108708"><time>2026-08-07T23:40:04.001Z</time><ele>59.38</ele></trkpt><trkpt lat="37.254642" lon="127.108774"><time>2026-08-07T23:40:07.001Z</time><ele>59.01</ele></trkpt><trkpt lat="37.254689" lon="127.108821"><time>2026-08-07T23:41:08.000Z</time><ele>65.52</ele></trkpt><trkpt lat="37.254702" lon="127.108924"><time>2026-08-07T23:41:10.000Z</time><ele>64.94</ele></trkpt><trkpt lat="37.254715" lon="127.108993"><time>2026-08-07T23:41:11.000Z</time><ele>65.22</ele></trkpt><trkpt lat="37.254733" lon="127.109083"><time>2026-08-07T23:41:12.000Z</time><ele>64.65</ele></trkpt><trkpt lat="37.254752" lon="127.109188"><time>2026-08-07T23:41:13.000Z</time><ele>64.4</ele></trkpt><trkpt lat="37.254777" lon="127.109305"><time>2026-08-07T23:41:14.000Z</time><ele>64.3</ele></trkpt><trkpt lat="37.254799" lon="127.109428"><time>2026-08-07T23:41:15.000Z</time><ele>64.92</ele></trkpt><trkpt lat="37.254816" lon="127.109555"><time>2026-08-07T23:41:16.000Z</time><ele>64.44</ele></trkpt><trkpt lat="37.254876" lon="127.109966"><time>2026-08-07T23:41:19.000Z</time><ele>64.28</ele></trkpt><trkpt lat="37.254893" lon="127.110158"><time>2026-08-07T23:41:20.000Z</time><ele>64.34</ele></trkpt><trkpt lat="37.254937" lon="127.110377"><time>2026-08-07T23:41:21.000Z</time><ele>64.85</ele></trkpt><trkpt lat="37.254985" lon="127.110589"><time>2026-08-07T23:41:22.000Z</time><ele>64.52</ele></trkpt><trkpt lat="37.255039" lon="127.110822"><time>2026-08-07T23:41:23.000Z</time><ele>65.24</ele></trkpt><trkpt lat="37.255084" lon="127.111054"><time>2026-08-07T23:41:24.000Z</time><ele>63.88</ele></trkpt><trkpt lat="37.255138" lon="127.111293"><time>2026-08-07T23:41:25.000Z</time><ele>65.5</ele></trkpt><trkpt lat="37.255168" lon="127.111517"><time>2026-08-07T23:41:26.000Z</time><ele>64.04</ele></trkpt><trkpt lat="37.255219" lon="127.111729"><time>2026-08-07T23:41:27.000Z</time><ele>66.06</ele></trkpt><trkpt lat="37.255263" lon="127.111915"><time>2026-08-07T23:41:28.000Z</time><ele>66.25</ele></trkpt><trkpt lat="37.25529" lon="127.112092"><time>2026-08-07T23:41:29.000Z</time><ele>65.85</ele></trkpt><trkpt lat="37.255311" lon="127.112269"><time>2026-08-07T23:41:30.000Z</time><ele>67.03</ele></trkpt><trkpt lat="37.255334" lon="127.112455"><time>2026-08-07T23:41:31.000Z</time><ele>66.71</ele></trkpt><trkpt lat="37.255373" lon="127.112636"><time>2026-08-07T23:41:32.000Z</time><ele>66.25</ele></trkpt><trkpt lat="37.255413" lon="127.112811"><time>2026-08-07T23:41:33.001Z</time><ele>66.12</ele></trkpt><trkpt lat="37.255446" lon="127.112977"><time>2026-08-07T23:41:34.001Z</time><ele>67.08</ele></trkpt><trkpt lat="37.255483" lon="127.113131"><time>2026-08-07T23:41:35.001Z</time><ele>66.95</ele></trkpt><trkpt lat="37.25552" lon="127.113288"><time>2026-08-07T23:41:36.001Z</time><ele>67.09</ele></trkpt><trkpt lat="37.255557" lon="127.113456"><time>2026-08-07T23:41:37.001Z</time><ele>67.54</ele></trkpt><trkpt lat="37.255589" lon="127.113623"><time>2026-08-07T23:41:38.001Z</time><ele>67.77</ele></trkpt><trkpt lat="37.255623" lon="127.113771"><time>2026-08-07T23:41:39.001Z</time><ele>66.87</ele></trkpt><trkpt lat="37.255663" lon="127.113927"><time>2026-08-07T23:41:40.001Z</time><ele>67.5</ele></trkpt><trkpt lat="37.2557" lon="127.114076"><time>2026-08-07T23:41:41.001Z</time><ele>66.81</ele></trkpt><trkpt lat="37.255739" lon="127.114215"><time>2026-08-07T23:41:42.001Z</time><ele>67.29</ele></trkpt><trkpt lat="37.255776" lon="127.11435"><time>2026-08-07T23:41:43.001Z</time><ele>66.79</ele></trkpt><trkpt lat="37.255809" lon="127.114487"><time>2026-08-07T23:41:44.001Z</time><ele>67</ele></trkpt><trkpt lat="37.255845" lon="127.114625"><time>2026-08-07T23:41:45.001Z</time><ele>66.88</ele></trkpt><trkpt lat="37.255895" lon="127.114778"><time>2026-08-07T23:41:46.001Z</time><ele>67.55</ele></trkpt><trkpt lat="37.255945" lon="127.114933"><time>2026-08-07T23:41:47.001Z</time><ele>66.13</ele></trkpt><trkpt lat="37.255997" lon="127.115102"><time>2026-08-07T23:41:48.001Z</time><ele>66.65</ele></trkpt><trkpt lat="37.256037" lon="127.115266"><time>2026-08-07T23:41:49.001Z</time><ele>67.34</ele></trkpt><trkpt lat="37.256062" lon="127.115418"><time>2026-08-07T23:41:50.001Z</time><ele>66.41</ele></trkpt><trkpt lat="37.25608" lon="127.115571"><time>2026-08-07T23:41:51.001Z</time><ele>66.93</ele></trkpt><trkpt lat="37.256102" lon="127.115733"><time>2026-08-07T23:41:52.001Z</time><ele>66.01</ele></trkpt><trkpt lat="37.256131" lon="127.115919"><time>2026-08-07T23:41:53.001Z</time><ele>67.15</ele></trkpt><trkpt lat="37.256145" lon="127.116122"><time>2026-08-07T23:41:54.001Z</time><ele>68.08</ele></trkpt><trkpt lat="37.25614" lon="127.116335"><time>2026-08-07T23:41:55.001Z</time><ele>69.26</ele></trkpt><trkpt lat="37.256124" lon="127.116544"><time>2026-08-07T23:41:56.001Z</time><ele>68.32</ele></trkpt><trkpt lat="37.256099" lon="127.116769"><time>2026-08-07T23:41:57.001Z</time><ele>69.33</ele></trkpt><trkpt lat="37.256062" lon="127.116997"><time>2026-08-07T23:41:58.001Z</time><ele>70.25</ele></trkpt><trkpt lat="37.256011" lon="127.117228"><time>2026-08-07T23:41:59.001Z</time><ele>71.1</ele></trkpt><trkpt lat="37.255941" lon="127.117468"><time>2026-08-07T23:42:00.001Z</time><ele>72.46</ele></trkpt><trkpt lat="37.255881" lon="127.117715"><time>2026-08-07T23:42:01.001Z</time><ele>73.75</ele></trkpt><trkpt lat="37.255831" lon="127.117963"><time>2026-08-07T23:42:02.001Z</time><ele>74.75</ele></trkpt><trkpt lat="37.255781" lon="127.118185"><time>2026-08-07T23:42:03.001Z</time><ele>76.59</ele></trkpt><trkpt lat="37.255737" lon="127.118376"><time>2026-08-07T23:42:04.001Z</time><ele>77.19</ele></trkpt><trkpt lat="37.255704" lon="127.118563"><time>2026-08-07T23:42:05.001Z</time><ele>78.51</ele></trkpt><trkpt lat="37.255667" lon="127.118744"><time>2026-08-07T23:42:06.001Z</time><ele>78.3</ele></trkpt><trkpt lat="37.25563" lon="127.118928"><time>2026-08-07T23:42:07.001Z</time><ele>79.69</ele></trkpt><trkpt lat="37.255604" lon="127.119112"><time>2026-08-07T23:42:08.001Z</time><ele>81.25</ele></trkpt><trkpt lat="37.255598" lon="127.119297"><time>2026-08-07T23:42:09.001Z</time><ele>82.06</ele></trkpt><trkpt lat="37.255597" lon="127.119504"><time>2026-08-07T23:42:10.001Z</time><ele>84.35</ele></trkpt><trkpt lat="37.255615" lon="127.119726"><time>2026-08-07T23:42:11.001Z</time><ele>86.01</ele></trkpt><trkpt lat="37.255634" lon="127.11994"><time>2026-08-07T23:42:12.001Z</time><ele>86.43</ele></trkpt><trkpt lat="37.255663" lon="127.120163"><time>2026-08-07T23:42:13.001Z</time><ele>87.51</ele></trkpt><trkpt lat="37.255689" lon="127.120399"><time>2026-08-07T23:42:14.001Z</time><ele>88.07</ele></trkpt><trkpt lat="37.255715" lon="127.120644"><time>2026-08-07T23:42:15.001Z</time><ele>89.21</ele></trkpt><trkpt lat="37.255743" lon="127.120894"><time>2026-08-07T23:42:16.001Z</time><ele>90.25</ele></trkpt><trkpt lat="37.255772" lon="127.121151"><time>2026-08-07T23:42:17.001Z</time><ele>90.95</ele></trkpt><trkpt lat="37.255799" lon="127.121416"><time>2026-08-07T23:42:18.001Z</time><ele>91.62</ele></trkpt><trkpt lat="37.255823" lon="127.121684"><time>2026-08-07T23:42:19.001Z</time><ele>92.45</ele></trkpt><trkpt lat="37.255853" lon="127.121945"><time>2026-08-07T23:42:20.001Z</time><ele>92.28</ele></trkpt><trkpt lat="37.255868" lon="127.122179"><time>2026-08-07T23:42:21.001Z</time><ele>92.69</ele></trkpt><trkpt lat="37.25586" lon="127.122396"><time>2026-08-07T23:42:22.001Z</time><ele>92.95</ele></trkpt><trkpt lat="37.255836" lon="127.122608"><time>2026-08-07T23:42:23.001Z</time><ele>92.77</ele></trkpt><trkpt lat="37.255799" lon="127.122823"><time>2026-08-07T23:42:24.001Z</time><ele>93.01</ele></trkpt><trkpt lat="37.255751" lon="127.123036"><time>2026-08-07T23:42:25.001Z</time><ele>91.77</ele></trkpt><trkpt lat="37.2557" lon="127.123264"><time>2026-08-07T23:42:26.001Z</time><ele>93.29</ele></trkpt><trkpt lat="37.255638" lon="127.123482"><time>2026-08-07T23:42:27.001Z</time><ele>91.82</ele></trkpt><trkpt lat="37.255585" lon="127.123709"><time>2026-08-07T23:42:28.001Z</time><ele>91.73</ele></trkpt><trkpt lat="37.255536" lon="127.123925"><time>2026-08-07T23:42:29.001Z</time><ele>91.6</ele></trkpt><trkpt lat="37.255483" lon="127.124153"><time>2026-08-07T23:42:30.001Z</time><ele>90.78</ele></trkpt><trkpt lat="37.255428" lon="127.124383"><time>2026-08-07T23:42:31.001Z</time><ele>89.12</ele></trkpt><trkpt lat="37.255369" lon="127.124622"><time>2026-08-07T23:42:32.001Z</time><ele>88.39</ele></trkpt><trkpt lat="37.25531" lon="127.124872"><time>2026-08-07T23:42:33.001Z</time><ele>88.01</ele></trkpt><trkpt lat="37.255249" lon="127.125129"><time>2026-08-07T23:42:34.001Z</time><ele>87.73</ele></trkpt><trkpt lat="37.255187" lon="127.125393"><time>2026-08-07T23:42:35.001Z</time><ele>87.85</ele></trkpt><trkpt lat="37.255123" lon="127.125655"><time>2026-08-07T23:42:36.001Z</time><ele>87.83</ele></trkpt><trkpt lat="37.255061" lon="127.125917"><time>2026-08-07T23:42:37.001Z</time><ele>87.46</ele></trkpt><trkpt lat="37.254997" lon="127.126181"><time>2026-08-07T23:42:38.001Z</time><ele>86.84</ele></trkpt><trkpt lat="37.254932" lon="127.12645"><time>2026-08-07T23:42:39.001Z</time><ele>86.09</ele></trkpt><trkpt lat="37.254866" lon="127.126721"><time>2026-08-07T23:42:40.001Z</time><ele>85.47</ele></trkpt><trkpt lat="37.254799" lon="127.126997"><time>2026-08-07T23:42:41.001Z</time><ele>85.68</ele></trkpt><trkpt lat="37.254728" lon="127.127273"><time>2026-08-07T23:42:42.001Z</time><ele>86.19</ele></trkpt><trkpt lat="37.254662" lon="127.127553"><time>2026-08-07T23:42:43.001Z</time><ele>86.57</ele></trkpt><trkpt lat="37.254597" lon="127.127837"><time>2026-08-07T23:42:44.001Z</time><ele>87.73</ele></trkpt><trkpt lat="37.25453" lon="127.128119"><time>2026-08-07T23:42:45.002Z</time><ele>88.62</ele></trkpt><trkpt lat="37.254459" lon="127.128407"><time>2026-08-07T23:42:46.002Z</time><ele>90.32</ele></trkpt><trkpt lat="37.254391" lon="127.128694"><time>2026-08-07T23:42:47.002Z</time><ele>91.69</ele></trkpt><trkpt lat="37.254323" lon="127.128983"><time>2026-08-07T23:42:48.002Z</time><ele>92.95</ele></trkpt><trkpt lat="37.254252" lon="127.129269"><time>2026-08-07T23:42:49.002Z</time><ele>94.06</ele></trkpt><trkpt lat="37.254183" lon="127.129548"><time>2026-08-07T23:42:50.002Z</time><ele>95.22</ele></trkpt><trkpt lat="37.254117" lon="127.129832"><time>2026-08-07T23:42:51.002Z</time><ele>96.45</ele></trkpt><trkpt lat="37.254053" lon="127.130114"><time>2026-08-07T23:42:52.000Z</time><ele>97.79</ele></trkpt><trkpt lat="37.254006" lon="127.130401"><time>2026-08-07T23:42:53.000Z</time><ele>99.23</ele></trkpt><trkpt lat="37.253973" lon="127.130692"><time>2026-08-07T23:42:54.000Z</time><ele>100.86</ele></trkpt><trkpt lat="37.253961" lon="127.130987"><time>2026-08-07T23:42:55.000Z</time><ele>102.34</ele></trkpt><trkpt lat="37.253971" lon="127.131273"><time>2026-08-07T23:42:56.000Z</time><ele>102.98</ele></trkpt><trkpt lat="37.253986" lon="127.131571"><time>2026-08-07T23:42:57.000Z</time><ele>104.32</ele></trkpt><trkpt lat="37.254008" lon="127.131868"><time>2026-08-07T23:42:58.000Z</time><ele>105.84</ele></trkpt><trkpt lat="37.25403" lon="127.132163"><time>2026-08-07T23:42:59.000Z</time><ele>107.35</ele></trkpt><trkpt lat="37.254056" lon="127.132448"><time>2026-08-07T23:43:00.000Z</time><ele>108.97</ele></trkpt><trkpt lat="37.254076" lon="127.132733"><time>2026-08-07T23:43:01.000Z</time><ele>110.94</ele></trkpt><trkpt lat="37.254098" lon="127.133016"><time>2026-08-07T23:43:02.000Z</time><ele>112.66</ele></trkpt><trkpt lat="37.254118" lon="127.133302"><time>2026-08-07T23:43:03.000Z</time><ele>114.18</ele></trkpt><trkpt lat="37.254137" lon="127.133587"><time>2026-08-07T23:43:04.000Z</time><ele>116.43</ele></trkpt><trkpt lat="37.254156" lon="127.133861"><time>2026-08-07T23:43:05.000Z</time><ele>118.18</ele></trkpt><trkpt lat="37.254175" lon="127.134126"><time>2026-08-07T23:43:06.000Z</time><ele>119.72</ele></trkpt><trkpt lat="37.254195" lon="127.134394"><time>2026-08-07T23:43:07.000Z</time><ele>122.58</ele></trkpt><trkpt lat="37.25421" lon="127.134669"><time>2026-08-07T23:43:08.000Z</time><ele>124.41</ele></trkpt><trkpt lat="37.254232" lon="127.134944"><time>2026-08-07T23:43:09.000Z</time><ele>126.3</ele></trkpt><trkpt lat="37.254241" lon="127.13522"><time>2026-08-07T23:43:10.000Z</time><ele>128.27</ele></trkpt><trkpt lat="37.254235" lon="127.135498"><time>2026-08-07T23:43:11.000Z</time><ele>130.06</ele></trkpt><trkpt lat="37.254209" lon="127.135777"><time>2026-08-07T23:43:12.000Z</time><ele>132.17</ele></trkpt><trkpt lat="37.254182" lon="127.136063"><time>2026-08-07T23:43:13.000Z</time><ele>133.83</ele></trkpt><trkpt lat="37.254149" lon="127.136346"><time>2026-08-07T23:43:14.000Z</time><ele>135.88</ele></trkpt><trkpt lat="37.254102" lon="127.136615"><time>2026-08-07T23:43:15.000Z</time><ele>137.02</ele></trkpt><trkpt lat="37.254042" lon="127.136868"><time>2026-08-07T23:43:16.000Z</time><ele>138.07</ele></trkpt><trkpt lat="37.253984" lon="127.137106"><time>2026-08-07T23:43:17.000Z</time><ele>138.14</ele></trkpt><trkpt lat="37.253923" lon="127.137337"><time>2026-08-07T23:43:18.000Z</time><ele>138.71</ele></trkpt><trkpt lat="37.253868" lon="127.137567"><time>2026-08-07T23:43:19.000Z</time><ele>139.5</ele></trkpt><trkpt lat="37.253811" lon="127.137794"><time>2026-08-07T23:43:20.000Z</time><ele>139.33</ele></trkpt><trkpt lat="37.253751" lon="127.138025"><time>2026-08-07T23:43:21.000Z</time><ele>139.13</ele></trkpt><trkpt lat="37.253698" lon="127.13826"><time>2026-08-07T23:43:22.000Z</time><ele>138.43</ele></trkpt><trkpt lat="37.253644" lon="127.138502"><time>2026-08-07T23:43:23.000Z</time><ele>138.51</ele></trkpt><trkpt lat="37.253584" lon="127.138738"><time>2026-08-07T23:43:24.000Z</time><ele>137.93</ele></trkpt><trkpt lat="37.253525" lon="127.138971"><time>2026-08-07T23:43:25.000Z</time><ele>136.89</ele></trkpt><trkpt lat="37.253465" lon="127.139208"><time>2026-08-07T23:43:26.000Z</time><ele>135.64</ele></trkpt><trkpt lat="37.253406" lon="127.139448"><time>2026-08-07T23:43:27.000Z</time><ele>135.03</ele></trkpt><trkpt lat="37.253351" lon="127.139681"><time>2026-08-07T23:43:28.000Z</time><ele>134.1</ele></trkpt><trkpt lat="37.253295" lon="127.139913"><time>2026-08-07T23:43:29.000Z</time><ele>133.18</ele></trkpt><trkpt lat="37.253236" lon="127.140159"><time>2026-08-07T23:43:30.000Z</time><ele>131.4</ele></trkpt><trkpt lat="37.25318" lon="127.140405"><time>2026-08-07T23:43:31.000Z</time><ele>130.32</ele></trkpt><trkpt lat="37.253117" lon="127.140653"><time>2026-08-07T23:43:32.000Z</time><ele>130.06</ele></trkpt><trkpt lat="37.253059" lon="127.140898"><time>2026-08-07T23:43:33.000Z</time><ele>128.91</ele></trkpt><trkpt lat="37.253001" lon="127.141142"><time>2026-08-07T23:43:34.000Z</time><ele>127.99</ele></trkpt><trkpt lat="37.25294" lon="127.141384"><time>2026-08-07T23:43:35.000Z</time><ele>126.9</ele></trkpt><trkpt lat="37.252879" lon="127.141629"><time>2026-08-07T23:43:36.000Z</time><ele>126.59</ele></trkpt><trkpt lat="37.252819" lon="127.141878"><time>2026-08-07T23:43:37.000Z</time><ele>126.31</ele></trkpt><trkpt lat="37.252764" lon="127.142128"><time>2026-08-07T23:43:38.000Z</time><ele>126.48</ele></trkpt><trkpt lat="37.252701" lon="127.142377"><time>2026-08-07T23:43:39.000Z</time><ele>125.92</ele></trkpt><trkpt lat="37.252639" lon="127.142624"><time>2026-08-07T23:43:40.000Z</time><ele>125.59</ele></trkpt><trkpt lat="37.252576" lon="127.142873"><time>2026-08-07T23:43:41.001Z</time><ele>125.04</ele></trkpt><trkpt lat="37.252517" lon="127.143113"><time>2026-08-07T23:43:42.001Z</time><ele>124.4</ele></trkpt><trkpt lat="37.252459" lon="127.143362"><time>2026-08-07T23:43:43.001Z</time><ele>124.8</ele></trkpt><trkpt lat="37.252402" lon="127.143603"><time>2026-08-07T23:43:44.001Z</time><ele>124.39</ele></trkpt><trkpt lat="37.252346" lon="127.143849"><time>2026-08-07T23:43:45.001Z</time><ele>124.34</ele></trkpt><trkpt lat="37.252286" lon="127.144096"><time>2026-08-07T23:43:46.001Z</time><ele>124.2</ele></trkpt><trkpt lat="37.252223" lon="127.144341"><time>2026-08-07T23:43:47.001Z</time><ele>123.98</ele></trkpt><trkpt lat="37.252158" lon="127.144586"><time>2026-08-07T23:43:48.001Z</time><ele>123.43</ele></trkpt><trkpt lat="37.252091" lon="127.144829"><time>2026-08-07T23:43:49.001Z</time><ele>122.92</ele></trkpt><trkpt lat="37.25203" lon="127.145071"><time>2026-08-07T23:43:50.001Z</time><ele>121.72</ele></trkpt><trkpt lat="37.251973" lon="127.14532"><time>2026-08-07T23:43:51.001Z</time><ele>121.05</ele></trkpt><trkpt lat="37.251905" lon="127.145562"><time>2026-08-07T23:43:52.001Z</time><ele>120.08</ele></trkpt><trkpt lat="37.251838" lon="127.1458"><time>2026-08-07T23:43:53.001Z</time><ele>118.96</ele></trkpt><trkpt lat="37.251777" lon="127.14604"><time>2026-08-07T23:43:54.001Z</time><ele>117.96</ele></trkpt><trkpt lat="37.251712" lon="127.14628"><time>2026-08-07T23:43:55.001Z</time><ele>116.49</ele></trkpt><trkpt lat="37.251649" lon="127.146528"><time>2026-08-07T23:43:56.001Z</time><ele>115.51</ele></trkpt><trkpt lat="37.251588" lon="127.146777"><time>2026-08-07T23:43:57.001Z</time><ele>114.21</ele></trkpt><trkpt lat="37.251525" lon="127.147032"><time>2026-08-07T23:43:58.001Z</time><ele>113.68</ele></trkpt><trkpt lat="37.25146" lon="127.147282"><time>2026-08-07T23:43:59.001Z</time><ele>112.63</ele></trkpt><trkpt lat="37.251398" lon="127.147537"><time>2026-08-07T23:44:00.001Z</time><ele>113.16</ele></trkpt><trkpt lat="37.251341" lon="127.147789"><time>2026-08-07T23:44:01.001Z</time><ele>113.77</ele></trkpt><trkpt lat="37.251288" lon="127.148041"><time>2026-08-07T23:44:02.001Z</time><ele>114.18</ele></trkpt><trkpt lat="37.251257" lon="127.1483"><time>2026-08-07T23:44:03.001Z</time><ele>114.16</ele></trkpt><trkpt lat="37.251234" lon="127.148564"><time>2026-08-07T23:44:04.001Z</time><ele>114.87</ele></trkpt><trkpt lat="37.251208" lon="127.148832"><time>2026-08-07T23:44:05.001Z</time><ele>115.65</ele></trkpt><trkpt lat="37.251192" lon="127.149107"><time>2026-08-07T23:44:06.001Z</time><ele>116.43</ele></trkpt><trkpt lat="37.251193" lon="127.149391"><time>2026-08-07T23:44:07.001Z</time><ele>117.44</ele></trkpt><trkpt lat="37.251203" lon="127.149681"><time>2026-08-07T23:44:08.001Z</time><ele>119.11</ele></trkpt><trkpt lat="37.251206" lon="127.149972"><time>2026-08-07T23:44:09.001Z</time><ele>120.62</ele></trkpt><trkpt lat="37.251206" lon="127.150267"><time>2026-08-07T23:44:10.001Z</time><ele>122.29</ele></trkpt><trkpt lat="37.251204" lon="127.150564"><time>2026-08-07T23:44:11.001Z</time><ele>124.02</ele></trkpt><trkpt lat="37.251201" lon="127.150863"><time>2026-08-07T23:44:12.001Z</time><ele>125.9</ele></trkpt><trkpt lat="37.251205" lon="127.151165"><time>2026-08-07T23:44:13.001Z</time><ele>127.62</ele></trkpt><trkpt lat="37.251196" lon="127.153045"><time>2026-08-07T23:44:20.001Z</time><ele>138.06</ele></trkpt><trkpt lat="37.251197" lon="127.153232"><time>2026-08-07T23:44:21.001Z</time><ele>137.68</ele></trkpt><trkpt lat="37.251192" lon="127.153409"><time>2026-08-07T23:44:22.001Z</time><ele>139.33</ele></trkpt><trkpt lat="37.251193" lon="127.153567"><time>2026-08-07T23:44:23.001Z</time><ele>138.92</ele></trkpt><trkpt lat="37.251194" lon="127.153706"><time>2026-08-07T23:44:24.001Z</time><ele>139.71</ele></trkpt><trkpt lat="37.251197" lon="127.153836"><time>2026-08-07T23:44:25.001Z</time><ele>138.83</ele></trkpt><trkpt lat="37.251202" lon="127.153952"><time>2026-08-07T23:44:26.001Z</time><ele>139.03</ele></trkpt><trkpt lat="37.251194" lon="127.15405"><time>2026-08-07T23:44:27.001Z</time><ele>140.07</ele></trkpt><trkpt lat="37.251188" lon="127.154129"><time>2026-08-07T23:44:28.001Z</time><ele>139.58</ele></trkpt><trkpt lat="37.25119" lon="127.154202"><time>2026-08-07T23:44:29.001Z</time><ele>139.69</ele></trkpt><trkpt lat="37.251189" lon="127.154265"><time>2026-08-07T23:44:30.001Z</time><ele>140.02</ele></trkpt><trkpt lat="37.251181" lon="127.15436"><time>2026-08-07T23:44:32.001Z</time><ele>140.61</ele></trkpt><trkpt lat="37.251177" lon="127.154428"><time>2026-08-07T23:44:35.001Z</time><ele>141.03</ele></trkpt><trkpt lat="37.251167" lon="127.154502"><time>2026-08-07T23:45:06.000Z</time><ele>145.58</ele></trkpt><trkpt lat="37.251159" lon="127.154564"><time>2026-08-07T23:45:07.000Z</time><ele>145.92</ele></trkpt><trkpt lat="37.251153" lon="127.154646"><time>2026-08-07T23:45:08.000Z</time><ele>146.14</ele></trkpt><trkpt lat="37.251146" lon="127.154749"><time>2026-08-07T23:45:09.000Z</time><ele>145.31</ele></trkpt><trkpt lat="37.251129" lon="127.154884"><time>2026-08-07T23:45:10.000Z</time><ele>146.93</ele></trkpt><trkpt lat="37.251103" lon="127.155028"><time>2026-08-07T23:45:11.000Z</time><ele>149.07</ele></trkpt><trkpt lat="37.251079" lon="127.155172"><time>2026-08-07T23:45:12.000Z</time><ele>148.61</ele></trkpt><trkpt lat="37.251047" lon="127.155335"><time>2026-08-07T23:45:13.000Z</time><ele>149.65</ele></trkpt><trkpt lat="37.251006" lon="127.155518"><time>2026-08-07T23:45:14.000Z</time><ele>151.71</ele></trkpt><trkpt lat="37.250956" lon="127.155716"><time>2026-08-07T23:45:15.000Z</time><ele>153.33</ele></trkpt><trkpt lat="37.250889" lon="127.155921"><time>2026-08-07T23:45:16.000Z</time><ele>155.63</ele></trkpt><trkpt lat="37.250813" lon="127.15612"><time>2026-08-07T23:45:17.000Z</time><ele>154.89</ele></trkpt><trkpt lat="37.250723" lon="127.156324"><time>2026-08-07T23:45:18.000Z</time><ele>156.38</ele></trkpt><trkpt lat="37.250625" lon="127.156532"><time>2026-08-07T23:45:19.000Z</time><ele>158.83</ele></trkpt><trkpt lat="37.250528" lon="127.156741"><time>2026-08-07T23:45:20.000Z</time><ele>159.23</ele></trkpt><trkpt lat="37.250427" lon="127.156963"><time>2026-08-07T23:45:21.000Z</time><ele>160.22</ele></trkpt><trkpt lat="37.250327" lon="127.157184"><time>2026-08-07T23:45:22.000Z</time><ele>160.23</ele></trkpt><trkpt lat="37.250225" lon="127.157418"><time>2026-08-07T23:45:23.000Z</time><ele>161.53</ele></trkpt><trkpt lat="37.250118" lon="127.157651"><time>2026-08-07T23:45:24.000Z</time><ele>163.35</ele></trkpt><trkpt lat="37.250014" lon="127.157885"><time>2026-08-07T23:45:25.000Z</time><ele>164.73</ele></trkpt><trkpt lat="37.249915" lon="127.158103"><time>2026-08-07T23:45:26.000Z</time><ele>166.45</ele></trkpt><trkpt lat="37.249822" lon="127.158309"><time>2026-08-07T23:45:27.000Z</time><ele>167.22</ele></trkpt><trkpt lat="37.249731" lon="127.15851"><time>2026-08-07T23:45:28.000Z</time><ele>168.65</ele></trkpt><trkpt lat="37.249641" lon="127.158705"><time>2026-08-07T23:45:29.000Z</time><ele>168.59</ele></trkpt><trkpt lat="37.249551" lon="127.158905"><time>2026-08-07T23:45:30.000Z</time><ele>169.54</ele></trkpt><trkpt lat="37.249466" lon="127.159103"><time>2026-08-07T23:45:31.000Z</time><ele>169.26</ele></trkpt><trkpt lat="37.24937" lon="127.159302"><time>2026-08-07T23:45:32.000Z</time><ele>169.69</ele></trkpt><trkpt lat="37.249265" lon="127.159503"><time>2026-08-07T23:45:33.000Z</time><ele>169.33</ele></trkpt><trkpt lat="37.249151" lon="127.159708"><time>2026-08-07T23:45:34.000Z</time><ele>168.72</ele></trkpt><trkpt lat="37.249028" lon="127.159907"><time>2026-08-07T23:45:35.000Z</time><ele>168.01</ele></trkpt><trkpt lat="37.248886" lon="127.160098"><time>2026-08-07T23:45:36.000Z</time><ele>166.02</ele></trkpt><trkpt lat="37.248447" lon="127.160671"><time>2026-08-07T23:45:39.000Z</time><ele>160.53</ele></trkpt><trkpt lat="37.248318" lon="127.160852"><time>2026-08-07T23:45:40.000Z</time><ele>160.05</ele></trkpt><trkpt lat="37.248206" lon="127.161002"><time>2026-08-07T23:45:41.000Z</time><ele>158.88</ele></trkpt><trkpt lat="37.248104" lon="127.161142"><time>2026-08-07T23:45:42.000Z</time><ele>157.86</ele></trkpt><trkpt lat="37.248001" lon="127.161283"><time>2026-08-07T23:45:43.000Z</time><ele>159.28</ele></trkpt><trkpt lat="37.247906" lon="127.161423"><time>2026-08-07T23:45:44.000Z</time><ele>159.72</ele></trkpt><trkpt lat="37.247834" lon="127.161512"><time>2026-08-07T23:45:45.000Z</time><ele>157.71</ele></trkpt><trkpt lat="37.247753" lon="127.16161"><time>2026-08-07T23:45:46.000Z</time><ele>159.03</ele></trkpt><trkpt lat="37.247679" lon="127.161701"><time>2026-08-07T23:45:47.001Z</time><ele>157.23</ele></trkpt><trkpt lat="37.247604" lon="127.161803"><time>2026-08-07T23:45:48.001Z</time><ele>156.47</ele></trkpt><trkpt lat="37.247524" lon="127.161911"><time>2026-08-07T23:45:49.001Z</time><ele>155.36</ele></trkpt><trkpt lat="37.247438" lon="127.162023"><time>2026-08-07T23:45:50.001Z</time><ele>156.41</ele></trkpt><trkpt lat="37.247346" lon="127.162135"><time>2026-08-07T23:45:51.001Z</time><ele>156.62</ele></trkpt><trkpt lat="37.247245" lon="127.162243"><time>2026-08-07T23:45:52.001Z</time><ele>157.19</ele></trkpt><trkpt lat="37.247156" lon="127.162354"><time>2026-08-07T23:45:53.001Z</time><ele>156.84</ele></trkpt><trkpt lat="37.247066" lon="127.162459"><time>2026-08-07T23:45:54.001Z</time><ele>156.85</ele></trkpt><trkpt lat="37.246968" lon="127.162571"><time>2026-08-07T23:45:55.001Z</time><ele>156.16</ele></trkpt><trkpt lat="37.246872" lon="127.162679"><time>2026-08-07T23:45:56.001Z</time><ele>154.94</ele></trkpt><trkpt lat="37.246767" lon="127.162792"><time>2026-08-07T23:45:57.001Z</time><ele>155.24</ele></trkpt><trkpt lat="37.24666" lon="127.162906"><time>2026-08-07T23:45:58.001Z</time><ele>153.63</ele></trkpt><trkpt lat="37.246545" lon="127.163041"><time>2026-08-07T23:45:59.001Z</time><ele>153.16</ele></trkpt><trkpt lat="37.246421" lon="127.163184"><time>2026-08-07T23:46:00.001Z</time><ele>152.92</ele></trkpt><trkpt lat="37.246284" lon="127.163335"><time>2026-08-07T23:46:01.001Z</time><ele>151.97</ele></trkpt><trkpt lat="37.246147" lon="127.163482"><time>2026-08-07T23:46:02.001Z</time><ele>150.89</ele></trkpt><trkpt lat="37.246005" lon="127.16364"><time>2026-08-07T23:46:03.001Z</time><ele>149.81</ele></trkpt><trkpt lat="37.245856" lon="127.163794"><time>2026-08-07T23:46:04.001Z</time><ele>149.04</ele></trkpt><trkpt lat="37.245707" lon="127.163952"><time>2026-08-07T23:46:05.001Z</time><ele>147.51</ele></trkpt><trkpt lat="37.245558" lon="127.164117"><time>2026-08-07T23:46:06.001Z</time><ele>146.15</ele></trkpt><trkpt lat="37.24541" lon="127.16428"><time>2026-08-07T23:46:07.001Z</time><ele>144.42</ele></trkpt><trkpt lat="37.245265" lon="127.164432"><time>2026-08-07T23:46:08.001Z</time><ele>142.6</ele></trkpt><trkpt lat="37.245117" lon="127.1646"><time>2026-08-07T23:46:09.001Z</time><ele>141.94</ele></trkpt><trkpt lat="37.244975" lon="127.164766"><time>2026-08-07T23:46:10.001Z</time><ele>140.54</ele></trkpt><trkpt lat="37.244826" lon="127.164932"><time>2026-08-07T23:46:11.001Z</time><ele>139.6</ele></trkpt><trkpt lat="37.244681" lon="127.16509"><time>2026-08-07T23:46:12.001Z</time><ele>137.1</ele></trkpt><trkpt lat="37.244539" lon="127.165251"><time>2026-08-07T23:46:13.001Z</time><ele>135.88</ele></trkpt><trkpt lat="37.244398" lon="127.165403"><time>2026-08-07T23:46:14.001Z</time><ele>133.77</ele></trkpt><trkpt lat="37.244256" lon="127.165563"><time>2026-08-07T23:46:15.001Z</time><ele>132.75</ele></trkpt><trkpt lat="37.244118" lon="127.165713"><time>2026-08-07T23:46:16.001Z</time><ele>131.1</ele></trkpt><trkpt lat="37.243982" lon="127.165873"><time>2026-08-07T23:46:17.001Z</time><ele>129.68</ele></trkpt><trkpt lat="37.243845" lon="127.166029"><time>2026-08-07T23:46:18.001Z</time><ele>128.53</ele></trkpt><trkpt lat="37.24371" lon="127.16618"><time>2026-08-07T23:46:19.001Z</time><ele>127.3</ele></trkpt><trkpt lat="37.243586" lon="127.166338"><time>2026-08-07T23:46:20.001Z</time><ele>125.78</ele></trkpt><trkpt lat="37.243449" lon="127.16652"><time>2026-08-07T23:46:21.001Z</time><ele>125</ele></trkpt><trkpt lat="37.243296" lon="127.166699"><time>2026-08-07T23:46:22.001Z</time><ele>124.78</ele></trkpt><trkpt lat="37.243144" lon="127.166866"><time>2026-08-07T23:46:23.001Z</time><ele>123.7</ele></trkpt><trkpt lat="37.243001" lon="127.167025"><time>2026-08-07T23:46:24.001Z</time><ele>124.11</ele></trkpt><trkpt lat="37.242851" lon="127.167192"><time>2026-08-07T23:46:25.001Z</time><ele>123.82</ele></trkpt><trkpt lat="37.242709" lon="127.16735"><time>2026-08-07T23:46:26.001Z</time><ele>123.76</ele></trkpt><trkpt lat="37.242566" lon="127.167513"><time>2026-08-07T23:46:27.001Z</time><ele>123.29</ele></trkpt><trkpt lat="37.242431" lon="127.167667"><time>2026-08-07T23:46:28.001Z</time><ele>123.48</ele></trkpt><trkpt lat="37.242304" lon="127.167802"><time>2026-08-07T23:46:29.001Z</time><ele>122.88</ele></trkpt><trkpt lat="37.242182" lon="127.167949"><time>2026-08-07T23:46:30.001Z</time><ele>123.21</ele></trkpt><trkpt lat="37.242058" lon="127.168092"><time>2026-08-07T23:46:31.001Z</time><ele>121.93</ele></trkpt><trkpt lat="37.241936" lon="127.168253"><time>2026-08-07T23:46:32.001Z</time><ele>122.1</ele></trkpt><trkpt lat="37.241821" lon="127.168422"><time>2026-08-07T23:46:33.001Z</time><ele>121.79</ele></trkpt><trkpt lat="37.24171" lon="127.168594"><time>2026-08-07T23:46:34.001Z</time><ele>121.92</ele></trkpt><trkpt lat="37.241609" lon="127.168753"><time>2026-08-07T23:46:35.001Z</time><ele>121.06</ele></trkpt><trkpt lat="37.241516" lon="127.168947"><time>2026-08-07T23:46:36.001Z</time><ele>121.44</ele></trkpt><trkpt lat="37.241426" lon="127.169129"><time>2026-08-07T23:46:37.001Z</time><ele>121.52</ele></trkpt><trkpt lat="37.241342" lon="127.169298"><time>2026-08-07T23:46:38.001Z</time><ele>121.36</ele></trkpt><trkpt lat="37.24127" lon="127.169455"><time>2026-08-07T23:46:39.001Z</time><ele>120.81</ele></trkpt><trkpt lat="37.241205" lon="127.169597"><time>2026-08-07T23:46:40.001Z</time><ele>120.49</ele></trkpt><trkpt lat="37.241148" lon="127.169726"><time>2026-08-07T23:46:41.001Z</time><ele>119.73</ele></trkpt><trkpt lat="37.241098" lon="127.169844"><time>2026-08-07T23:46:42.001Z</time><ele>119.65</ele></trkpt><trkpt lat="37.241055" lon="127.169943"><time>2026-08-07T23:46:43.001Z</time><ele>119.75</ele></trkpt><trkpt lat="37.241022" lon="127.170023"><time>2026-08-07T23:46:44.001Z</time><ele>120.04</ele></trkpt><trkpt lat="37.240995" lon="127.1701"><time>2026-08-07T23:46:45.001Z</time><ele>120.05</ele></trkpt><trkpt lat="37.240969" lon="127.170175"><time>2026-08-07T23:46:46.001Z</time><ele>121.39</ele></trkpt><trkpt lat="37.240928" lon="127.170276"><time>2026-08-07T23:46:47.001Z</time><ele>121.48</ele></trkpt><trkpt lat="37.240883" lon="127.170367"><time>2026-08-07T23:46:48.001Z</time><ele>121.21</ele></trkpt><trkpt lat="37.240844" lon="127.170457"><time>2026-08-07T23:46:49.001Z</time><ele>120.61</ele></trkpt><trkpt lat="37.240799" lon="127.17055"><time>2026-08-07T23:46:50.001Z</time><ele>121.33</ele></trkpt><trkpt lat="37.240758" lon="127.170635"><time>2026-08-07T23:46:51.001Z</time><ele>120.4</ele></trkpt><trkpt lat="37.240719" lon="127.170723"><time>2026-08-07T23:46:52.001Z</time><ele>119.79</ele></trkpt><trkpt lat="37.240677" lon="127.170836"><time>2026-08-07T23:46:53.001Z</time><ele>120.61</ele></trkpt><trkpt lat="37.240616" lon="127.170949"><time>2026-08-07T23:46:54.001Z</time><ele>120.77</ele></trkpt><trkpt lat="37.240565" lon="127.171064"><time>2026-08-07T23:46:55.001Z</time><ele>121.64</ele></trkpt><trkpt lat="37.240514" lon="127.171182"><time>2026-08-07T23:46:56.002Z</time><ele>120.95</ele></trkpt><trkpt lat="37.240459" lon="127.171349"><time>2026-08-07T23:46:57.002Z</time><ele>121.2</ele></trkpt><trkpt lat="37.240382" lon="127.171525"><time>2026-08-07T23:46:58.002Z</time><ele>122.04</ele></trkpt><trkpt lat="37.240292" lon="127.171696"><time>2026-08-07T23:46:59.002Z</time><ele>120.49</ele></trkpt><trkpt lat="37.240215" lon="127.171875"><time>2026-08-07T23:47:00.002Z</time><ele>120.81</ele></trkpt><trkpt lat="37.24014" lon="127.172053"><time>2026-08-07T23:47:01.002Z</time><ele>120.37</ele></trkpt><trkpt lat="37.24006" lon="127.172241"><time>2026-08-07T23:47:02.002Z</time><ele>120.91</ele></trkpt><trkpt lat="37.239986" lon="127.172419"><time>2026-08-07T23:47:03.002Z</time><ele>120.97</ele></trkpt><trkpt lat="37.239923" lon="127.172599"><time>2026-08-07T23:47:04.000Z</time><ele>121.2</ele></trkpt><trkpt lat="37.239845" lon="127.172775"><time>2026-08-07T23:47:05.000Z</time><ele>120.52</ele></trkpt><trkpt lat="37.239759" lon="127.172955"><time>2026-08-07T23:47:06.000Z</time><ele>120.39</ele></trkpt><trkpt lat="37.239676" lon="127.173154"><time>2026-08-07T23:47:07.000Z</time><ele>120.49</ele></trkpt><trkpt lat="37.239588" lon="127.173359"><time>2026-08-07T23:47:08.000Z</time><ele>122.53</ele></trkpt><trkpt lat="37.239499" lon="127.173553"><time>2026-08-07T23:47:09.000Z</time><ele>122.51</ele></trkpt><trkpt lat="37.239401" lon="127.173752"><time>2026-08-07T23:47:10.000Z</time><ele>122.4</ele></trkpt><trkpt lat="37.239315" lon="127.173964"><time>2026-08-07T23:47:11.000Z</time><ele>120.16</ele></trkpt><trkpt lat="37.23924" lon="127.17417"><time>2026-08-07T23:47:12.000Z</time><ele>117.18</ele></trkpt><trkpt lat="37.239154" lon="127.174402"><time>2026-08-07T23:47:13.000Z</time><ele>117.42</ele></trkpt><trkpt lat="37.239058" lon="127.174632"><time>2026-08-07T23:47:14.000Z</time><ele>117.01</ele></trkpt><trkpt lat="37.238961" lon="127.174872"><time>2026-08-07T23:47:15.000Z</time><ele>116.69</ele></trkpt><trkpt lat="37.23887" lon="127.175104"><time>2026-08-07T23:47:16.000Z</time><ele>115.58</ele></trkpt><trkpt lat="37.238434" lon="127.176662"><time>2026-08-07T23:47:24.000Z</time><ele>113.07</ele></trkpt><trkpt lat="37.238419" lon="127.176795"><time>2026-08-07T23:47:25.000Z</time><ele>113.19</ele></trkpt><trkpt lat="37.238406" lon="127.176905"><time>2026-08-07T23:47:26.000Z</time><ele>113.29</ele></trkpt><trkpt lat="37.238393" lon="127.17699"><time>2026-08-07T23:47:27.000Z</time><ele>112.76</ele></trkpt><trkpt lat="37.238385" lon="127.177056"><time>2026-08-07T23:47:28.000Z</time><ele>112.41</ele></trkpt><trkpt lat="37.238377" lon="127.177121"><time>2026-08-07T23:47:29.000Z</time><ele>112.65</ele></trkpt><trkpt lat="37.238369" lon="127.177201"><time>2026-08-07T23:47:31.000Z</time><ele>112.48</ele></trkpt><trkpt lat="37.238371" lon="127.177274"><time>2026-08-07T23:47:42.000Z</time><ele>114.45</ele></trkpt><trkpt lat="37.238362" lon="127.177374"><time>2026-08-07T23:47:44.000Z</time><ele>114.46</ele></trkpt><trkpt lat="37.238345" lon="127.177451"><time>2026-08-07T23:47:45.000Z</time><ele>114.66</ele></trkpt><trkpt lat="37.238326" lon="127.177548"><time>2026-08-07T23:47:46.000Z</time><ele>114.96</ele></trkpt><trkpt lat="37.23831" lon="127.177657"><time>2026-08-07T23:47:47.000Z</time><ele>114.86</ele></trkpt><trkpt lat="37.238293" lon="127.177772"><time>2026-08-07T23:47:48.000Z</time><ele>114.51</ele></trkpt><trkpt lat="37.238278" lon="127.177886"><time>2026-08-07T23:47:49.000Z</time><ele>113.22</ele></trkpt><trkpt lat="37.238261" lon="127.177988"><time>2026-08-07T23:47:50.000Z</time><ele>113.34</ele></trkpt><trkpt lat="37.23825" lon="127.178077"><time>2026-08-07T23:47:51.000Z</time><ele>112.98</ele></trkpt><trkpt lat="37.238233" lon="127.17818"><time>2026-08-07T23:47:52.000Z</time><ele>113.14</ele></trkpt><trkpt lat="37.23822" lon="127.178267"><time>2026-08-07T23:47:53.001Z</time><ele>113.29</ele></trkpt><trkpt lat="37.238204" lon="127.178345"><time>2026-08-07T23:47:54.001Z</time><ele>112.95</ele></trkpt><trkpt lat="37.238197" lon="127.178418"><time>2026-08-07T23:47:55.001Z</time><ele>113.95</ele></trkpt><trkpt lat="37.238184" lon="127.17848"><time>2026-08-07T23:47:56.001Z</time><ele>113.87</ele></trkpt><trkpt lat="37.23817" lon="127.17857"><time>2026-08-07T23:47:58.001Z</time><ele>113.81</ele></trkpt><trkpt lat="37.23816" lon="127.178673"><time>2026-08-07T23:48:17.001Z</time><ele>114.86</ele></trkpt><trkpt lat="37.238146" lon="127.178747"><time>2026-08-07T23:48:18.001Z</time><ele>114.08</ele></trkpt><trkpt lat="37.238135" lon="127.178816"><time>2026-08-07T23:48:19.001Z</time><ele>114.48</ele></trkpt><trkpt lat="37.238121" lon="127.178895"><time>2026-08-07T23:48:20.001Z</time><ele>114.1</ele></trkpt><trkpt lat="37.238107" lon="127.178983"><time>2026-08-07T23:48:21.001Z</time><ele>114.18</ele></trkpt><trkpt lat="37.238093" lon="127.179083"><time>2026-08-07T23:48:22.001Z</time><ele>113.9</ele></trkpt><trkpt lat="37.238079" lon="127.179196"><time>2026-08-07T23:48:23.001Z</time><ele>114.05</ele></trkpt><trkpt lat="37.23806" lon="127.179315"><time>2026-08-07T23:48:24.001Z</time><ele>113.47</ele></trkpt><trkpt lat="37.238042" lon="127.179435"><time>2026-08-07T23:48:25.001Z</time><ele>112.06</ele></trkpt><trkpt lat="37.238019" lon="127.179566"><time>2026-08-07T23:48:26.001Z</time><ele>112.67</ele></trkpt><trkpt lat="37.237997" lon="127.179717"><time>2026-08-07T23:48:27.001Z</time><ele>112.7</ele></trkpt><trkpt lat="37.237977" lon="127.179879"><time>2026-08-07T23:48:28.001Z</time><ele>113.53</ele></trkpt><trkpt lat="37.237954" lon="127.180028"><time>2026-08-07T23:48:29.001Z</time><ele>112.16</ele></trkpt><trkpt lat="37.237939" lon="127.18018"><time>2026-08-07T23:48:30.001Z</time><ele>113.39</ele></trkpt><trkpt lat="37.237912" lon="127.180345"><time>2026-08-07T23:48:31.001Z</time><ele>112.44</ele></trkpt><trkpt lat="37.237883" lon="127.180517"><time>2026-08-07T23:48:32.001Z</time><ele>111.69</ele></trkpt><trkpt lat="37.237851" lon="127.180696"><time>2026-08-07T23:48:33.001Z</time><ele>111.11</ele></trkpt><trkpt lat="37.23782" lon="127.180865"><time>2026-08-07T23:48:34.001Z</time><ele>110.32</ele></trkpt><trkpt lat="37.237798" lon="127.181044"><time>2026-08-07T23:48:35.001Z</time><ele>112.26</ele></trkpt><trkpt lat="37.237758" lon="127.18121"><time>2026-08-07T23:48:36.001Z</time><ele>110.54</ele></trkpt><trkpt lat="37.237729" lon="127.181386"><time>2026-08-07T23:48:37.001Z</time><ele>111.41</ele></trkpt><trkpt lat="37.237691" lon="127.181558"><time>2026-08-07T23:48:38.001Z</time><ele>109.72</ele></trkpt><trkpt lat="37.237652" lon="127.181736"><time>2026-08-07T23:48:39.001Z</time><ele>109.82</ele></trkpt><trkpt lat="37.237613" lon="127.181911"><time>2026-08-07T23:48:40.001Z</time><ele>109.48</ele></trkpt><trkpt lat="37.237575" lon="127.182094"><time>2026-08-07T23:48:41.001Z</time><ele>109.34</ele></trkpt><trkpt lat="37.237534" lon="127.182291"><time>2026-08-07T23:48:42.001Z</time><ele>109.9</ele></trkpt><trkpt lat="37.23749" lon="127.182471"><time>2026-08-07T23:48:43.001Z</time><ele>109.42</ele></trkpt><trkpt lat="37.237452" lon="127.18265"><time>2026-08-07T23:48:44.001Z</time><ele>108.84</ele></trkpt><trkpt lat="37.237408" lon="127.182847"><time>2026-08-07T23:48:45.001Z</time><ele>108.13</ele></trkpt><trkpt lat="37.237357" lon="127.183069"><time>2026-08-07T23:48:46.001Z</time><ele>107.29</ele></trkpt><trkpt lat="37.237311" lon="127.183311"><time>2026-08-07T23:48:47.001Z</time><ele>106.69</ele></trkpt><trkpt lat="37.237256" lon="127.183569"><time>2026-08-07T23:48:48.001Z</time><ele>106.59</ele></trkpt><trkpt lat="37.237205" lon="127.18384"><time>2026-08-07T23:48:49.001Z</time><ele>105.85</ele></trkpt><trkpt lat="37.237154" lon="127.184107"><time>2026-08-07T23:48:50.001Z</time><ele>105.24</ele></trkpt><trkpt lat="37.2371" lon="127.184375"><time>2026-08-07T23:48:51.001Z</time><ele>105.65</ele></trkpt><trkpt lat="37.237042" lon="127.184652"><time>2026-08-07T23:48:52.001Z</time><ele>105.78</ele></trkpt><trkpt lat="37.236979" lon="127.184945"><time>2026-08-07T23:48:53.001Z</time><ele>105.49</ele></trkpt><trkpt lat="37.236914" lon="127.185228"><time>2026-08-07T23:48:54.001Z</time><ele>104.74</ele></trkpt><trkpt lat="37.236857" lon="127.185496"><time>2026-08-07T23:48:55.001Z</time><ele>104.6</ele></trkpt><trkpt lat="37.236808" lon="127.185752"><time>2026-08-07T23:48:56.001Z</time><ele>103.88</ele></trkpt><trkpt lat="37.236754" lon="127.186002"><time>2026-08-07T23:48:57.001Z</time><ele>102.98</ele></trkpt><trkpt lat="37.236699" lon="127.186242"><time>2026-08-07T23:48:58.001Z</time><ele>102.59</ele></trkpt><trkpt lat="37.236653" lon="127.186482"><time>2026-08-07T23:48:59.001Z</time><ele>103.01</ele></trkpt><trkpt lat="37.236592" lon="127.186736"><time>2026-08-07T23:49:00.001Z</time><ele>103.29</ele></trkpt><trkpt lat="37.236519" lon="127.186995"><time>2026-08-07T23:49:01.001Z</time><ele>102.78</ele></trkpt><trkpt lat="37.236476" lon="127.187254"><time>2026-08-07T23:49:02.002Z</time><ele>102.43</ele></trkpt><trkpt lat="37.236427" lon="127.187506"><time>2026-08-07T23:49:03.002Z</time><ele>103.58</ele></trkpt><trkpt lat="37.236372" lon="127.18775"><time>2026-08-07T23:49:04.002Z</time><ele>103.43</ele></trkpt><trkpt lat="37.236324" lon="127.187984"><time>2026-08-07T23:49:05.002Z</time><ele>103.58</ele></trkpt><trkpt lat="37.236275" lon="127.188213"><time>2026-08-07T23:49:06.002Z</time><ele>104.57</ele></trkpt><trkpt lat="37.236223" lon="127.188444"><time>2026-08-07T23:49:07.002Z</time><ele>104.55</ele></trkpt><trkpt lat="37.236178" lon="127.188682"><time>2026-08-07T23:49:08.002Z</time><ele>104.48</ele></trkpt><trkpt lat="37.236125" lon="127.188943"><time>2026-08-07T23:49:09.002Z</time><ele>104.17</ele></trkpt><trkpt lat="37.236072" lon="127.189223"><time>2026-08-07T23:49:10.000Z</time><ele>104.65</ele></trkpt><trkpt lat="37.236011" lon="127.189492"><time>2026-08-07T23:49:11.000Z</time><ele>103.48</ele></trkpt><trkpt lat="37.235957" lon="127.189744"><time>2026-08-07T23:49:12.000Z</time><ele>103.56</ele></trkpt><trkpt lat="37.235909" lon="127.189983"><time>2026-08-07T23:49:13.000Z</time><ele>103.33</ele></trkpt><trkpt lat="37.235861" lon="127.190223"><time>2026-08-07T23:49:14.000Z</time><ele>102.52</ele></trkpt><trkpt lat="37.235813" lon="127.190458"><time>2026-08-07T23:49:15.000Z</time><ele>102.36</ele></trkpt><trkpt lat="37.235766" lon="127.190682"><time>2026-08-07T23:49:16.000Z</time><ele>102.05</ele></trkpt><trkpt lat="37.235719" lon="127.1909"><time>2026-08-07T23:49:17.000Z</time><ele>101.7</ele></trkpt><trkpt lat="37.235678" lon="127.191114"><time>2026-08-07T23:49:18.000Z</time><ele>102.21</ele></trkpt><trkpt lat="37.23564" lon="127.191318"><time>2026-08-07T23:49:19.000Z</time><ele>102.13</ele></trkpt><trkpt lat="37.235607" lon="127.191481"><time>2026-08-07T23:49:20.000Z</time><ele>101.53</ele></trkpt><trkpt lat="37.23558" lon="127.191626"><time>2026-08-07T23:49:21.000Z</time><ele>101.67</ele></trkpt><trkpt lat="37.235557" lon="127.191731"><time>2026-08-07T23:49:22.000Z</time><ele>101.69</ele></trkpt><trkpt lat="37.235541" lon="127.191804"><time>2026-08-07T23:49:23.000Z</time><ele>101.58</ele></trkpt><trkpt lat="37.235525" lon="127.191862"><time>2026-08-07T23:49:25.000Z</time><ele>101.35</ele></trkpt><trkpt lat="37.235519" lon="127.191929"><time>2026-08-07T23:50:40.001Z</time><ele>103.84</ele></trkpt><trkpt lat="37.235485" lon="127.19205"><time>2026-08-07T23:50:42.001Z</time><ele>104.18</ele></trkpt><trkpt lat="37.235461" lon="127.192143"><time>2026-08-07T23:50:43.001Z</time><ele>103.87</ele></trkpt><trkpt lat="37.235442" lon="127.192254"><time>2026-08-07T23:50:44.001Z</time><ele>104.38</ele></trkpt><trkpt lat="37.235418" lon="127.192367"><time>2026-08-07T23:50:45.001Z</time><ele>104.16</ele></trkpt><trkpt lat="37.235401" lon="127.192475"><time>2026-08-07T23:50:46.001Z</time><ele>104.57</ele></trkpt><trkpt lat="37.235376" lon="127.192583"><time>2026-08-07T23:50:47.001Z</time><ele>104.93</ele></trkpt><trkpt lat="37.235358" lon="127.1927"><time>2026-08-07T23:50:48.001Z</time><ele>105.39</ele></trkpt><trkpt lat="37.235333" lon="127.192829"><time>2026-08-07T23:50:49.001Z</time><ele>104.14</ele></trkpt><trkpt lat="37.235308" lon="127.192968"><time>2026-08-07T23:50:50.001Z</time><ele>104.43</ele></trkpt><trkpt lat="37.235283" lon="127.193114"><time>2026-08-07T23:50:51.001Z</time><ele>105.11</ele></trkpt><trkpt lat="37.235246" lon="127.193265"><time>2026-08-07T23:50:52.001Z</time><ele>105.07</ele></trkpt><trkpt lat="37.235215" lon="127.193419"><time>2026-08-07T23:50:53.001Z</time><ele>105.19</ele></trkpt><trkpt lat="37.235185" lon="127.193573"><time>2026-08-07T23:50:54.001Z</time><ele>106.13</ele></trkpt><trkpt lat="37.235162" lon="127.193748"><time>2026-08-07T23:50:55.001Z</time><ele>107.04</ele></trkpt><trkpt lat="37.235124" lon="127.193912"><time>2026-08-07T23:50:56.001Z</time><ele>107.77</ele></trkpt><trkpt lat="37.235093" lon="127.194065"><time>2026-08-07T23:50:57.001Z</time><ele>106.86</ele></trkpt><trkpt lat="37.235058" lon="127.194212"><time>2026-08-07T23:50:58.001Z</time><ele>104.48</ele></trkpt><trkpt lat="37.235028" lon="127.194378"><time>2026-08-07T23:50:59.001Z</time><ele>105.54</ele></trkpt><trkpt lat="37.234994" lon="127.194538"><time>2026-08-07T23:51:00.001Z</time><ele>105.02</ele></trkpt><trkpt lat="37.234961" lon="127.194695"><time>2026-08-07T23:51:01.001Z</time><ele>105.42</ele></trkpt><trkpt lat="37.234928" lon="127.194857"><time>2026-08-07T23:51:02.001Z</time><ele>106.33</ele></trkpt><trkpt lat="37.234894" lon="127.195014"><time>2026-08-07T23:51:03.001Z</time><ele>108.91</ele></trkpt><trkpt lat="37.234827" lon="127.195172"><time>2026-08-07T23:51:04.001Z</time><ele>114.4</ele></trkpt><trkpt lat="37.234771" lon="127.195316"><time>2026-08-07T23:51:05.002Z</time><ele>118.26</ele></trkpt><trkpt lat="37.234712" lon="127.195461"><time>2026-08-07T23:51:06.002Z</time><ele>120.55</ele></trkpt><trkpt lat="37.234654" lon="127.195583"><time>2026-08-07T23:51:07.002Z</time><ele>118.88</ele></trkpt><trkpt lat="37.234595" lon="127.195709"><time>2026-08-07T23:51:08.002Z</time><ele>115.87</ele></trkpt><trkpt lat="37.234534" lon="127.19584"><time>2026-08-07T23:51:09.002Z</time><ele>114.69</ele></trkpt><trkpt lat="37.234472" lon="127.195972"><time>2026-08-07T23:51:10.002Z</time><ele>113.04</ele></trkpt><trkpt lat="37.234404" lon="127.196119"><time>2026-08-07T23:51:11.002Z</time><ele>111.89</ele></trkpt><trkpt lat="37.234339" lon="127.196259"><time>2026-08-07T23:51:12.002Z</time><ele>113.32</ele></trkpt><trkpt lat="37.234276" lon="127.196393"><time>2026-08-07T23:51:13.002Z</time><ele>114.18</ele></trkpt><trkpt lat="37.234213" lon="127.196528"><time>2026-08-07T23:51:14.002Z</time><ele>113.44</ele></trkpt><trkpt lat="37.234149" lon="127.196667"><time>2026-08-07T23:51:15.002Z</time><ele>112.73</ele></trkpt><trkpt lat="37.234086" lon="127.196803"><time>2026-08-07T23:51:16.000Z</time><ele>111.3</ele></trkpt><trkpt lat="37.234024" lon="127.196936"><time>2026-08-07T23:51:17.000Z</time><ele>110.4</ele></trkpt><trkpt lat="37.233958" lon="127.197078"><time>2026-08-07T23:51:18.000Z</time><ele>110.66</ele></trkpt><trkpt lat="37.23389" lon="127.197225"><time>2026-08-07T23:51:19.000Z</time><ele>111.63</ele></trkpt><trkpt lat="37.233827" lon="127.197376"><time>2026-08-07T23:51:20.000Z</time><ele>110.89</ele></trkpt><trkpt lat="37.233771" lon="127.197517"><time>2026-08-07T23:51:21.000Z</time><ele>110.77</ele></trkpt><trkpt lat="37.233711" lon="127.197669"><time>2026-08-07T23:51:22.000Z</time><ele>109.71</ele></trkpt><trkpt lat="37.23365" lon="127.197823"><time>2026-08-07T23:51:23.000Z</time><ele>109.83</ele></trkpt><trkpt lat="37.23359" lon="127.197974"><time>2026-08-07T23:51:24.000Z</time><ele>110.81</ele></trkpt><trkpt lat="37.23353" lon="127.198126"><time>2026-08-07T23:51:25.000Z</time><ele>112.32</ele></trkpt><trkpt lat="37.233474" lon="127.198267"><time>2026-08-07T23:51:26.000Z</time><ele>111.2</ele></trkpt><trkpt lat="37.233421" lon="127.198421"><time>2026-08-07T23:51:27.000Z</time><ele>110.12</ele></trkpt><trkpt lat="37.233356" lon="127.198578"><time>2026-08-07T23:51:28.000Z</time><ele>112.48</ele></trkpt><trkpt lat="37.233291" lon="127.198727"><time>2026-08-07T23:51:29.000Z</time><ele>112.11</ele></trkpt><trkpt lat="37.233236" lon="127.198867"><time>2026-08-07T23:51:30.000Z</time><ele>114.49</ele></trkpt><trkpt lat="37.23317" lon="127.198994"><time>2026-08-07T23:51:31.000Z</time><ele>113.37</ele></trkpt><trkpt lat="37.233108" lon="127.199144"><time>2026-08-07T23:51:32.000Z</time><ele>114.09</ele></trkpt><trkpt lat="37.233049" lon="127.19929"><time>2026-08-07T23:51:33.000Z</time><ele>114.1</ele></trkpt><trkpt lat="37.232989" lon="127.19944"><time>2026-08-07T23:51:34.000Z</time><ele>112.84</ele></trkpt><trkpt lat="37.232943" lon="127.199588"><time>2026-08-07T23:51:35.000Z</time><ele>111.38</ele></trkpt><trkpt lat="37.232903" lon="127.199741"><time>2026-08-07T23:51:36.000Z</time><ele>111.57</ele></trkpt><trkpt lat="37.232882" lon="127.199884"><time>2026-08-07T23:51:37.000Z</time><ele>111.56</ele></trkpt><trkpt lat="37.232861" lon="127.200039"><time>2026-08-07T23:51:38.000Z</time><ele>111.69</ele></trkpt><trkpt lat="37.232851" lon="127.200194"><time>2026-08-07T23:51:39.000Z</time><ele>110.86</ele></trkpt><trkpt lat="37.232848" lon="127.200352"><time>2026-08-07T23:51:40.000Z</time><ele>111.59</ele></trkpt><trkpt lat="37.232854" lon="127.200519"><time>2026-08-07T23:51:41.000Z</time><ele>112.01</ele></trkpt><trkpt lat="37.232864" lon="127.200697"><time>2026-08-07T23:51:42.000Z</time><ele>112.32</ele></trkpt><trkpt lat="37.232871" lon="127.200871"><time>2026-08-07T23:51:43.000Z</time><ele>111.8</ele></trkpt><trkpt lat="37.23287" lon="127.201048"><time>2026-08-07T23:51:44.000Z</time><ele>112.36</ele></trkpt><trkpt lat="37.232872" lon="127.201221"><time>2026-08-07T23:51:45.000Z</time><ele>111.78</ele></trkpt><trkpt lat="37.232873" lon="127.201396"><time>2026-08-07T23:51:46.000Z</time><ele>112.04</ele></trkpt><trkpt lat="37.232878" lon="127.201557"><time>2026-08-07T23:51:47.000Z</time><ele>111.5</ele></trkpt><trkpt lat="37.232873" lon="127.201721"><time>2026-08-07T23:51:48.000Z</time><ele>110.45</ele></trkpt><trkpt lat="37.232868" lon="127.201901"><time>2026-08-07T23:51:49.000Z</time><ele>111.86</ele></trkpt><trkpt lat="37.232871" lon="127.202063"><time>2026-08-07T23:51:50.000Z</time><ele>111.3</ele></trkpt><trkpt lat="37.232872" lon="127.202236"><time>2026-08-07T23:51:51.000Z</time><ele>112.17</ele></trkpt><trkpt lat="37.232873" lon="127.202401"><time>2026-08-07T23:51:52.000Z</time><ele>111.58</ele></trkpt><trkpt lat="37.232873" lon="127.20257"><time>2026-08-07T23:51:53.000Z</time><ele>113.24</ele></trkpt><trkpt lat="37.232873" lon="127.202747"><time>2026-08-07T23:51:54.000Z</time><ele>113.1</ele></trkpt><trkpt lat="37.232875" lon="127.202923"><time>2026-08-07T23:51:55.000Z</time><ele>114.12</ele></trkpt><trkpt lat="37.232876" lon="127.203089"><time>2026-08-07T23:51:56.000Z</time><ele>114.73</ele></trkpt><trkpt lat="37.232876" lon="127.203259"><time>2026-08-07T23:51:57.000Z</time><ele>114.77</ele></trkpt><trkpt lat="37.232878" lon="127.203436"><time>2026-08-07T23:51:58.000Z</time><ele>115.29</ele></trkpt><trkpt lat="37.232876" lon="127.203611"><time>2026-08-07T23:51:59.000Z</time><ele>116.38</ele></trkpt><trkpt lat="37.232878" lon="127.203785"><time>2026-08-07T23:52:00.000Z</time><ele>116.18</ele></trkpt><trkpt lat="37.232877" lon="127.203969"><time>2026-08-07T23:52:01.000Z</time><ele>116.8</ele></trkpt><trkpt lat="37.23288" lon="127.204154"><time>2026-08-07T23:52:02.000Z</time><ele>117.32</ele></trkpt><trkpt lat="37.232882" lon="127.204347"><time>2026-08-07T23:52:03.001Z</time><ele>117.59</ele></trkpt><trkpt lat="37.232885" lon="127.204539"><time>2026-08-07T23:52:04.001Z</time><ele>117.79</ele></trkpt><trkpt lat="37.232879" lon="127.204748"><time>2026-08-07T23:52:05.001Z</time><ele>119.2</ele></trkpt><trkpt lat="37.232879" lon="127.204958"><time>2026-08-07T23:52:06.001Z</time><ele>119.89</ele></trkpt><trkpt lat="37.232887" lon="127.20517"><time>2026-08-07T23:52:07.001Z</time><ele>119.96</ele></trkpt><trkpt lat="37.232897" lon="127.205374"><time>2026-08-07T23:52:08.001Z</time><ele>120.04</ele></trkpt><trkpt lat="37.232897" lon="127.205566"><time>2026-08-07T23:52:09.001Z</time><ele>119.9</ele></trkpt><trkpt lat="37.232902" lon="127.205751"><time>2026-08-07T23:52:10.001Z</time><ele>119.48</ele></trkpt><trkpt lat="37.232914" lon="127.205944"><time>2026-08-07T23:52:11.001Z</time><ele>118.91</ele></trkpt><trkpt lat="37.232927" lon="127.206142"><time>2026-08-07T23:52:12.001Z</time><ele>118.08</ele></trkpt><trkpt lat="37.232937" lon="127.206347"><time>2026-08-07T23:52:13.001Z</time><ele>117.35</ele></trkpt><trkpt lat="37.232949" lon="127.206558"><time>2026-08-07T23:52:14.001Z</time><ele>116.48</ele></trkpt><trkpt lat="37.232959" lon="127.206778"><time>2026-08-07T23:52:15.001Z</time><ele>115.65</ele></trkpt><trkpt lat="37.232973" lon="127.207013"><time>2026-08-07T23:52:16.001Z</time><ele>114.65</ele></trkpt><trkpt lat="37.232985" lon="127.207268"><time>2026-08-07T23:52:17.001Z</time><ele>112.94</ele></trkpt><trkpt lat="37.233003" lon="127.207534"><time>2026-08-07T23:52:18.001Z</time><ele>112.12</ele></trkpt><trkpt lat="37.233018" lon="127.207802"><time>2026-08-07T23:52:19.001Z</time><ele>110.06</ele></trkpt><trkpt lat="37.233043" lon="127.208074"><time>2026-08-07T23:52:20.001Z</time><ele>109.46</ele></trkpt><trkpt lat="37.233062" lon="127.208346"><time>2026-08-07T23:52:21.001Z</time><ele>108.64</ele></trkpt><trkpt lat="37.233085" lon="127.208613"><time>2026-08-07T23:52:22.001Z</time><ele>107.09</ele></trkpt><trkpt lat="37.233098" lon="127.208878"><time>2026-08-07T23:52:23.001Z</time><ele>106.47</ele></trkpt><trkpt lat="37.233132" lon="127.209395"><time>2026-08-07T23:52:25.001Z</time><ele>104.96</ele></trkpt><trkpt lat="37.233145" lon="127.209642"><time>2026-08-07T23:52:26.001Z</time><ele>103.31</ele></trkpt><trkpt lat="37.233154" lon="127.209881"><time>2026-08-07T23:52:27.001Z</time><ele>102.49</ele></trkpt><trkpt lat="37.233162" lon="127.2101"><time>2026-08-07T23:52:28.001Z</time><ele>100.84</ele></trkpt><trkpt lat="37.233168" lon="127.210303"><time>2026-08-07T23:52:29.001Z</time><ele>99.43</ele></trkpt><trkpt lat="37.233167" lon="127.210494"><time>2026-08-07T23:52:30.001Z</time><ele>98.66</ele></trkpt><trkpt lat="37.233163" lon="127.210677"><time>2026-08-07T23:52:31.001Z</time><ele>98.01</ele></trkpt><trkpt lat="37.233157" lon="127.210854"><time>2026-08-07T23:52:32.001Z</time><ele>98.14</ele></trkpt><trkpt lat="37.233156" lon="127.211018"><time>2026-08-07T23:52:33.001Z</time><ele>98.28</ele></trkpt><trkpt lat="37.233154" lon="127.211172"><time>2026-08-07T23:52:34.001Z</time><ele>97.77</ele></trkpt><trkpt lat="37.233152" lon="127.211325"><time>2026-08-07T23:52:35.001Z</time><ele>98.26</ele></trkpt><trkpt lat="37.233153" lon="127.211488"><time>2026-08-07T23:52:36.001Z</time><ele>97.67</ele></trkpt><trkpt lat="37.23315" lon="127.211662"><time>2026-08-07T23:52:37.001Z</time><ele>97.89</ele></trkpt><trkpt lat="37.23315" lon="127.211833"><time>2026-08-07T23:52:38.001Z</time><ele>97.44</ele></trkpt><trkpt lat="37.233144" lon="127.212005"><time>2026-08-07T23:52:39.001Z</time><ele>96.81</ele></trkpt><trkpt lat="37.233126" lon="127.212193"><time>2026-08-07T23:52:40.001Z</time><ele>97.01</ele></trkpt><trkpt lat="37.233123" lon="127.212386"><time>2026-08-07T23:52:41.001Z</time><ele>96.15</ele></trkpt><trkpt lat="37.233127" lon="127.212561"><time>2026-08-07T23:52:42.001Z</time><ele>95.77</ele></trkpt><trkpt lat="37.233135" lon="127.21271"><time>2026-08-07T23:52:43.001Z</time><ele>96.79</ele></trkpt><trkpt lat="37.233131" lon="127.212828"><time>2026-08-07T23:52:44.001Z</time><ele>97.63</ele></trkpt><trkpt lat="37.233125" lon="127.212925"><time>2026-08-07T23:52:45.001Z</time><ele>97.68</ele></trkpt><trkpt lat="37.233121" lon="127.213003"><time>2026-08-07T23:52:46.001Z</time><ele>97.34</ele></trkpt><trkpt lat="37.233121" lon="127.213068"><time>2026-08-07T23:52:47.001Z</time><ele>97.03</ele></trkpt><trkpt lat="37.233126" lon="127.213167"><time>2026-08-07T23:52:49.001Z</time><ele>96.91</ele></trkpt><trkpt lat="37.233131" lon="127.213237"><time>2026-08-07T23:52:51.001Z</time><ele>97.25</ele></trkpt><trkpt lat="37.233149" lon="127.213334"><time>2026-08-07T23:53:05.001Z</time><ele>104.57</ele></trkpt><trkpt lat="37.233196" lon="127.213333"><time>2026-08-07T23:53:59.000Z</time><ele>107.12</ele></trkpt><trkpt lat="37.233204" lon="127.213398"><time>2026-08-07T23:54:04.000Z</time><ele>109.38</ele></trkpt><trkpt lat="37.233211" lon="127.213483"><time>2026-08-07T23:54:05.000Z</time><ele>108.37</ele></trkpt><trkpt lat="37.233213" lon="127.213603"><time>2026-08-07T23:54:06.000Z</time><ele>108.66</ele></trkpt><trkpt lat="37.233215" lon="127.213736"><time>2026-08-07T23:54:07.000Z</time><ele>108.83</ele></trkpt><trkpt lat="37.233201" lon="127.213883"><time>2026-08-07T23:54:08.000Z</time><ele>106.24</ele></trkpt><trkpt lat="37.233198" lon="127.214052"><time>2026-08-07T23:54:09.000Z</time><ele>105.5</ele></trkpt><trkpt lat="37.233199" lon="127.214238"><time>2026-08-07T23:54:10.000Z</time><ele>106.19</ele></trkpt><trkpt lat="37.233201" lon="127.214433"><time>2026-08-07T23:54:11.001Z</time><ele>105.32</ele></trkpt><trkpt lat="37.233212" lon="127.21465"><time>2026-08-07T23:54:12.001Z</time><ele>106.65</ele></trkpt><trkpt lat="37.233209" lon="127.214866"><time>2026-08-07T23:54:13.001Z</time><ele>104.77</ele></trkpt><trkpt lat="37.233211" lon="127.215097"><time>2026-08-07T23:54:14.001Z</time><ele>105.14</ele></trkpt><trkpt lat="37.233213" lon="127.215333"><time>2026-08-07T23:54:15.001Z</time><ele>104.5</ele></trkpt><trkpt lat="37.233205" lon="127.215575"><time>2026-08-07T23:54:16.001Z</time><ele>104.99</ele></trkpt><trkpt lat="37.233211" lon="127.215816"><time>2026-08-07T23:54:17.001Z</time><ele>105.65</ele></trkpt><trkpt lat="37.233221" lon="127.216052"><time>2026-08-07T23:54:18.001Z</time><ele>104.49</ele></trkpt><trkpt lat="37.233219" lon="127.216301"><time>2026-08-07T23:54:19.001Z</time><ele>106.06</ele></trkpt><trkpt lat="37.233223" lon="127.216543"><time>2026-08-07T23:54:20.001Z</time><ele>106.17</ele></trkpt><trkpt lat="37.233222" lon="127.216771"><time>2026-08-07T23:54:21.001Z</time><ele>103.23</ele></trkpt><trkpt lat="37.233229" lon="127.21701"><time>2026-08-07T23:54:22.001Z</time><ele>103.81</ele></trkpt><trkpt lat="37.233231" lon="127.217225"><time>2026-08-07T23:54:23.001Z</time><ele>102.58</ele></trkpt><trkpt lat="37.233234" lon="127.217452"><time>2026-08-07T23:54:24.001Z</time><ele>103.46</ele></trkpt><trkpt lat="37.233238" lon="127.217666"><time>2026-08-07T23:54:25.001Z</time><ele>101.01</ele></trkpt><trkpt lat="37.233247" lon="127.217893"><time>2026-08-07T23:54:26.001Z</time><ele>101.39</ele></trkpt><trkpt lat="37.233251" lon="127.218121"><time>2026-08-07T23:54:27.001Z</time><ele>101.08</ele></trkpt><trkpt lat="37.233255" lon="127.218344"><time>2026-08-07T23:54:28.001Z</time><ele>100.18</ele></trkpt><trkpt lat="37.233256" lon="127.218566"><time>2026-08-07T23:54:29.001Z</time><ele>98.24</ele></trkpt><trkpt lat="37.233254" lon="127.218807"><time>2026-08-07T23:54:30.001Z</time><ele>98.19</ele></trkpt><trkpt lat="37.233251" lon="127.219046"><time>2026-08-07T23:54:31.001Z</time><ele>97.38</ele></trkpt><trkpt lat="37.23325" lon="127.219281"><time>2026-08-07T23:54:32.001Z</time><ele>97.29</ele></trkpt><trkpt lat="37.233248" lon="127.219495"><time>2026-08-07T23:54:33.001Z</time><ele>96.43</ele></trkpt><trkpt lat="37.233253" lon="127.219704"><time>2026-08-07T23:54:34.001Z</time><ele>96.04</ele></trkpt><trkpt lat="37.23325" lon="127.219897"><time>2026-08-07T23:54:35.001Z</time><ele>96.18</ele></trkpt><trkpt lat="37.23325" lon="127.22008"><time>2026-08-07T23:54:36.001Z</time><ele>95.69</ele></trkpt><trkpt lat="37.233251" lon="127.22027"><time>2026-08-07T23:54:37.001Z</time><ele>95.4</ele></trkpt><trkpt lat="37.233257" lon="127.220452"><time>2026-08-07T23:54:38.001Z</time><ele>93.99</ele></trkpt><trkpt lat="37.233253" lon="127.220628"><time>2026-08-07T23:54:39.001Z</time><ele>94.44</ele></trkpt><trkpt lat="37.23325" lon="127.220798"><time>2026-08-07T23:54:40.001Z</time><ele>94.19</ele></trkpt><trkpt lat="37.23325" lon="127.220953"><time>2026-08-07T23:54:41.001Z</time><ele>94.28</ele></trkpt><trkpt lat="37.233249" lon="127.221085"><time>2026-08-07T23:54:42.001Z</time><ele>94.17</ele></trkpt><trkpt lat="37.233247" lon="127.221189"><time>2026-08-07T23:54:43.001Z</time><ele>93.59</ele></trkpt><trkpt lat="37.233251" lon="127.221274"><time>2026-08-07T23:54:44.001Z</time><ele>94.4</ele></trkpt><trkpt lat="37.233242" lon="127.221333"><time>2026-08-07T23:54:45.001Z</time><ele>94.34</ele></trkpt><trkpt lat="37.233205" lon="127.22139"><time>2026-08-07T23:54:47.001Z</time><ele>94.48</ele></trkpt><trkpt lat="37.233095" lon="127.221387"><time>2026-08-07T23:54:51.001Z</time><ele>95.06</ele></trkpt><trkpt lat="37.233051" lon="127.221403"><time>2026-08-07T23:54:53.001Z</time><ele>95.89</ele></trkpt><trkpt lat="37.233029" lon="127.221453"><time>2026-08-07T23:55:13.001Z</time><ele>96.58</ele></trkpt><trkpt lat="37.232994" lon="127.221489"><time>2026-08-07T23:57:46.000Z</time><ele>95.31</ele></trkpt><trkpt lat="37.232943" lon="127.221482"><time>2026-08-07T23:58:35.001Z</time><ele>92.06</ele></trkpt><trkpt lat="37.232926" lon="127.221325"><time>2026-08-07T23:58:50.001Z</time><ele>93.99</ele></trkpt><trkpt lat="37.232928" lon="127.221253"><time>2026-08-07T23:58:56.001Z</time><ele>93.83</ele></trkpt><trkpt lat="37.233053" lon="127.221411"><time>2026-08-07T23:59:17.001Z</time><ele>99.09</ele></trkpt><trkpt lat="37.233008" lon="127.221395"><time>2026-08-07T23:59:40.000Z</time><ele>91.74</ele></trkpt><trkpt lat="37.233036" lon="127.22144"><time>2026-08-07T23:59:53.000Z</time><ele>94.33</ele></trkpt><trkpt lat="37.23304" lon="127.221497"><time>2026-08-08T00:01:56.000Z</time><ele>94.27</ele></trkpt><trkpt lat="37.23302" lon="127.221435"><time>2026-08-08T00:02:35.001Z</time><ele>93.39</ele></trkpt><trkpt lat="37.233064" lon="127.221496"><time>2026-08-08T00:05:52.002Z</time><ele>92.21</ele></trkpt><trkpt lat="37.233064" lon="127.221496"><time>2026-08-08T00:05:52.003Z</time><ele>92.21</ele></trkpt><trkpt lat="37.23318" lon="127.221543"><time>2026-08-08T00:15:47.002Z</time><ele>90.1</ele></trkpt><trkpt lat="37.233229" lon="127.221522"><time>2026-08-08T00:18:27.002Z</time><ele>89.86</ele></trkpt><trkpt lat="37.233188" lon="127.221489"><time>2026-08-08T00:19:03.000Z</time><ele>89.51</ele></trkpt><trkpt lat="37.233138" lon="127.221472"><time>2026-08-08T00:19:08.000Z</time><ele>89.98</ele></trkpt><trkpt lat="37.233092" lon="127.221465"><time>2026-08-08T00:19:13.000Z</time><ele>90.92</ele></trkpt><trkpt lat="37.233043" lon="127.221458"><time>2026-08-08T00:19:18.000Z</time><ele>90.74</ele></trkpt><trkpt lat="37.23301" lon="127.221521"><time>2026-08-08T00:19:43.001Z</time><ele>90.83</ele></trkpt><trkpt lat="37.233051" lon="127.221488"><time>2026-08-08T00:20:43.002Z</time><ele>91.07</ele></trkpt><trkpt lat="37.23309" lon="127.221523"><time>2026-08-08T00:20:49.003Z</time><ele>89.47</ele></trkpt><trkpt lat="37.233175" lon="127.221556"><time>2026-08-08T00:20:58.001Z</time><ele>90.68</ele></trkpt><trkpt lat="37.233225" lon="127.221535"><time>2026-08-08T00:21:03.001Z</time><ele>90.91</ele></trkpt><trkpt lat="37.233177" lon="127.221521"><time>2026-08-08T00:21:17.000Z</time><ele>90.5</ele></trkpt><trkpt lat="37.233222" lon="127.221528"><time>2026-08-08T00:22:44.002Z</time><ele>90.63</ele></trkpt><trkpt lat="37.233178" lon="127.22159"><time>2026-08-08T00:33:31.002Z</time><ele>90.84</ele></trkpt><trkpt lat="37.233187" lon="127.221531"><time>2026-08-08T00:41:47.001Z</time><ele>90.24</ele></trkpt><trkpt lat="37.233147" lon="127.22149"><time>2026-08-08T00:41:54.001Z</time><ele>91.77</ele></trkpt><trkpt lat="37.233095" lon="127.221497"><time>2026-08-08T00:41:59.000Z</time><ele>91.14</ele></trkpt><trkpt lat="37.233071" lon="127.221545"><time>2026-08-08T00:42:32.000Z</time><ele>91.29</ele></trkpt><trkpt lat="37.232951" lon="127.221326"><time>2026-08-08T00:44:13.000Z</time><ele>90.47</ele></trkpt><trkpt lat="37.232902" lon="127.221321"><time>2026-08-08T00:44:19.000Z</time><ele>90.3</ele></trkpt><trkpt lat="37.23294" lon="127.221276"><time>2026-08-08T00:44:55.000Z</time><ele>91.69</ele></trkpt><trkpt lat="37.2329" lon="127.221328"><time>2026-08-08T00:48:23.000Z</time><ele>91.83</ele></trkpt><trkpt lat="37.232896" lon="127.221271"><time>2026-08-08T00:49:21.000Z</time><ele>91.89</ele></trkpt><trkpt lat="37.23291" lon="127.221325"><time>2026-08-08T00:49:36.001Z</time><ele>91.91</ele></trkpt><trkpt lat="37.233237" lon="127.221641"><time>2026-08-08T00:52:31.000Z</time><ele>91.32</ele></trkpt><trkpt lat="37.233232" lon="127.221759"><time>2026-08-08T00:52:32.000Z</time><ele>91.39</ele></trkpt><trkpt lat="37.233238" lon="127.221889"><time>2026-08-08T00:52:33.000Z</time><ele>91.26</ele></trkpt><trkpt lat="37.233237" lon="127.222027"><time>2026-08-08T00:52:34.000Z</time><ele>91.27</ele></trkpt><trkpt lat="37.233233" lon="127.222178"><time>2026-08-08T00:52:35.000Z</time><ele>92.04</ele></trkpt><trkpt lat="37.233231" lon="127.222339"><time>2026-08-08T00:52:36.000Z</time><ele>91.19</ele></trkpt><trkpt lat="37.233224" lon="127.222486"><time>2026-08-08T00:52:37.000Z</time><ele>90.91</ele></trkpt><trkpt lat="37.233225" lon="127.222624"><time>2026-08-08T00:52:38.000Z</time><ele>91.58</ele></trkpt><trkpt lat="37.233224" lon="127.222777"><time>2026-08-08T00:52:39.000Z</time><ele>91.5</ele></trkpt><trkpt lat="37.233226" lon="127.222938"><time>2026-08-08T00:52:40.000Z</time><ele>93.22</ele></trkpt><trkpt lat="37.233227" lon="127.223107"><time>2026-08-08T00:52:41.000Z</time><ele>91.91</ele></trkpt><trkpt lat="37.233229" lon="127.223287"><time>2026-08-08T00:52:42.000Z</time><ele>91.72</ele></trkpt><trkpt lat="37.233226" lon="127.223475"><time>2026-08-08T00:52:43.000Z</time><ele>91.48</ele></trkpt><trkpt lat="37.233225" lon="127.223662"><time>2026-08-08T00:52:44.000Z</time><ele>91.53</ele></trkpt><trkpt lat="37.233225" lon="127.223848"><time>2026-08-08T00:52:45.000Z</time><ele>90.41</ele></trkpt><trkpt lat="37.233218" lon="127.224052"><time>2026-08-08T00:52:46.000Z</time><ele>92.03</ele></trkpt><trkpt lat="37.233217" lon="127.224256"><time>2026-08-08T00:52:47.000Z</time><ele>92.33</ele></trkpt><trkpt lat="37.233213" lon="127.224455"><time>2026-08-08T00:52:48.000Z</time><ele>91.73</ele></trkpt><trkpt lat="37.23321" lon="127.224641"><time>2026-08-08T00:52:49.000Z</time><ele>92.2</ele></trkpt><trkpt lat="37.233212" lon="127.224798"><time>2026-08-08T00:52:50.000Z</time><ele>91.68</ele></trkpt><trkpt lat="37.233213" lon="127.224948"><time>2026-08-08T00:52:51.000Z</time><ele>92.14</ele></trkpt><trkpt lat="37.233209" lon="127.22508"><time>2026-08-08T00:52:52.000Z</time><ele>91.89</ele></trkpt><trkpt lat="37.233204" lon="127.225203"><time>2026-08-08T00:52:53.000Z</time><ele>92.23</ele></trkpt><trkpt lat="37.233203" lon="127.225319"><time>2026-08-08T00:52:54.000Z</time><ele>92.31</ele></trkpt><trkpt lat="37.233199" lon="127.225435"><time>2026-08-08T00:52:55.000Z</time><ele>92.52</ele></trkpt><trkpt lat="37.233201" lon="127.225549"><time>2026-08-08T00:52:56.000Z</time><ele>92.71</ele></trkpt><trkpt lat="37.233198" lon="127.225654"><time>2026-08-08T00:52:57.000Z</time><ele>92.99</ele></trkpt><trkpt lat="37.233199" lon="127.22575"><time>2026-08-08T00:52:58.000Z</time><ele>93.02</ele></trkpt><trkpt lat="37.233198" lon="127.22583"><time>2026-08-08T00:52:59.000Z</time><ele>93.17</ele></trkpt><trkpt lat="37.233189" lon="127.225897"><time>2026-08-08T00:53:00.000Z</time><ele>93.26</ele></trkpt><trkpt lat="37.233193" lon="127.225958"><time>2026-08-08T00:53:01.000Z</time><ele>93.07</ele></trkpt><trkpt lat="37.233192" lon="127.22604"><time>2026-08-08T00:53:03.000Z</time><ele>92.91</ele></trkpt><trkpt lat="37.233195" lon="127.226123"><time>2026-08-08T00:53:07.000Z</time><ele>92.66</ele></trkpt><trkpt lat="37.233188" lon="127.226219"><time>2026-08-08T00:53:09.000Z</time><ele>92.98</ele></trkpt><trkpt lat="37.233188" lon="127.226292"><time>2026-08-08T00:53:10.000Z</time><ele>92.98</ele></trkpt><trkpt lat="37.233187" lon="127.226374"><time>2026-08-08T00:53:11.000Z</time><ele>93.09</ele></trkpt><trkpt lat="37.233181" lon="127.22647"><time>2026-08-08T00:53:12.000Z</time><ele>93.12</ele></trkpt><trkpt lat="37.233178" lon="127.226569"><time>2026-08-08T00:53:13.000Z</time><ele>93.03</ele></trkpt><trkpt lat="37.233174" lon="127.226661"><time>2026-08-08T00:53:14.000Z</time><ele>93.05</ele></trkpt><trkpt lat="37.233167" lon="127.226746"><time>2026-08-08T00:53:15.000Z</time><ele>93.16</ele></trkpt><trkpt lat="37.233158" lon="127.226851"><time>2026-08-08T00:53:16.000Z</time><ele>93.25</ele></trkpt><trkpt lat="37.233151" lon="127.22697"><time>2026-08-08T00:53:17.000Z</time><ele>93.48</ele></trkpt><trkpt lat="37.233143" lon="127.227098"><time>2026-08-08T00:53:18.000Z</time><ele>93.74</ele></trkpt><trkpt lat="37.233137" lon="127.227225"><time>2026-08-08T00:53:19.000Z</time><ele>93.64</ele></trkpt><trkpt lat="37.233126" lon="127.227349"><time>2026-08-08T00:53:20.000Z</time><ele>93.64</ele></trkpt><trkpt lat="37.233116" lon="127.227477"><time>2026-08-08T00:53:21.000Z</time><ele>93.74</ele></trkpt><trkpt lat="37.233105" lon="127.227616"><time>2026-08-08T00:53:22.000Z</time><ele>94.13</ele></trkpt><trkpt lat="37.233092" lon="127.22776"><time>2026-08-08T00:53:23.000Z</time><ele>94.23</ele></trkpt><trkpt lat="37.233081" lon="127.227904"><time>2026-08-08T00:53:24.000Z</time><ele>94.36</ele></trkpt><trkpt lat="37.233068" lon="127.228045"><time>2026-08-08T00:53:25.000Z</time><ele>94.16</ele></trkpt><trkpt lat="37.23305" lon="127.228186"><time>2026-08-08T00:53:26.000Z</time><ele>94.23</ele></trkpt><trkpt lat="37.233027" lon="127.228327"><time>2026-08-08T00:53:27.000Z</time><ele>94.22</ele></trkpt><trkpt lat="37.233008" lon="127.228481"><time>2026-08-08T00:53:28.000Z</time><ele>94.34</ele></trkpt><trkpt lat="37.232987" lon="127.228639"><time>2026-08-08T00:53:29.000Z</time><ele>94.25</ele></trkpt><trkpt lat="37.232959" lon="127.228798"><time>2026-08-08T00:53:30.000Z</time><ele>94.14</ele></trkpt><trkpt lat="37.232931" lon="127.228957"><time>2026-08-08T00:53:31.000Z</time><ele>94.33</ele></trkpt><trkpt lat="37.232901" lon="127.229095"><time>2026-08-08T00:53:32.000Z</time><ele>94.08</ele></trkpt><trkpt lat="37.232876" lon="127.229232"><time>2026-08-08T00:53:33.000Z</time><ele>94.13</ele></trkpt><trkpt lat="37.232853" lon="127.229368"><time>2026-08-08T00:53:34.000Z</time><ele>93.98</ele></trkpt><trkpt lat="37.232827" lon="127.229515"><time>2026-08-08T00:53:35.000Z</time><ele>94.16</ele></trkpt><trkpt lat="37.232802" lon="127.229666"><time>2026-08-08T00:53:36.000Z</time><ele>94.09</ele></trkpt><trkpt lat="37.232771" lon="127.229804"><time>2026-08-08T00:53:37.001Z</time><ele>93.87</ele></trkpt><trkpt lat="37.232734" lon="127.229933"><time>2026-08-08T00:53:38.001Z</time><ele>93.74</ele></trkpt><trkpt lat="37.232694" lon="127.230066"><time>2026-08-08T00:53:39.001Z</time><ele>93.75</ele></trkpt><trkpt lat="37.232651" lon="127.230203"><time>2026-08-08T00:53:40.001Z</time><ele>93.68</ele></trkpt><trkpt lat="37.232615" lon="127.230361"><time>2026-08-08T00:53:41.001Z</time><ele>93.93</ele></trkpt><trkpt lat="37.232564" lon="127.230521"><time>2026-08-08T00:53:42.001Z</time><ele>93.89</ele></trkpt><trkpt lat="37.232513" lon="127.230687"><time>2026-08-08T00:53:43.001Z</time><ele>94.34</ele></trkpt><trkpt lat="37.232472" lon="127.230838"><time>2026-08-08T00:53:44.001Z</time><ele>94.38</ele></trkpt><trkpt lat="37.232425" lon="127.230984"><time>2026-08-08T00:53:45.001Z</time><ele>94.65</ele></trkpt><trkpt lat="37.232378" lon="127.231125"><time>2026-08-08T00:53:46.001Z</time><ele>94.64</ele></trkpt><trkpt lat="37.232336" lon="127.231264"><time>2026-08-08T00:53:47.001Z</time><ele>94.62</ele></trkpt><trkpt lat="37.232289" lon="127.231406"><time>2026-08-08T00:53:48.001Z</time><ele>94.9</ele></trkpt><trkpt lat="37.232242" lon="127.231539"><time>2026-08-08T00:53:49.001Z</time><ele>95.04</ele></trkpt><trkpt lat="37.2322" lon="127.231665"><time>2026-08-08T00:53:50.001Z</time><ele>95.24</ele></trkpt><trkpt lat="37.232159" lon="127.231794"><time>2026-08-08T00:53:51.001Z</time><ele>95.54</ele></trkpt><trkpt lat="37.232125" lon="127.231918"><time>2026-08-08T00:53:52.001Z</time><ele>96.27</ele></trkpt><trkpt lat="37.232092" lon="127.232017"><time>2026-08-08T00:53:53.001Z</time><ele>96.56</ele></trkpt><trkpt lat="37.232064" lon="127.232094"><time>2026-08-08T00:53:54.001Z</time><ele>96.61</ele></trkpt><trkpt lat="37.232044" lon="127.23215"><time>2026-08-08T00:53:55.001Z</time><ele>96.66</ele></trkpt><trkpt lat="37.232022" lon="127.232211"><time>2026-08-08T00:53:57.001Z</time><ele>97.36</ele></trkpt><trkpt lat="37.231985" lon="127.232335"><time>2026-08-08T00:55:01.000Z</time><ele>97.43</ele></trkpt><trkpt lat="37.232044" lon="127.232384"><time>2026-08-08T00:55:03.000Z</time><ele>97.03</ele></trkpt><trkpt lat="37.232089" lon="127.23237"><time>2026-08-08T00:55:04.000Z</time><ele>96.85</ele></trkpt><trkpt lat="37.232125" lon="127.232317"><time>2026-08-08T00:55:05.000Z</time><ele>96.64</ele></trkpt><trkpt lat="37.23214" lon="127.232244"><time>2026-08-08T00:55:06.000Z</time><ele>96.93</ele></trkpt><trkpt lat="37.232162" lon="127.232154"><time>2026-08-08T00:55:07.000Z</time><ele>97.37</ele></trkpt><trkpt lat="37.232193" lon="127.232052"><time>2026-08-08T00:55:08.000Z</time><ele>97.07</ele></trkpt><trkpt lat="37.232239" lon="127.231945"><time>2026-08-08T00:55:09.000Z</time><ele>96.88</ele></trkpt><trkpt lat="37.232274" lon="127.231832"><time>2026-08-08T00:55:10.000Z</time><ele>97.79</ele></trkpt><trkpt lat="37.232315" lon="127.231706"><time>2026-08-08T00:55:11.000Z</time><ele>97.09</ele></trkpt><trkpt lat="37.232358" lon="127.231588"><time>2026-08-08T00:55:12.000Z</time><ele>96.92</ele></trkpt><trkpt lat="37.232397" lon="127.231493"><time>2026-08-08T00:55:13.000Z</time><ele>96.73</ele></trkpt><trkpt lat="37.232434" lon="127.231409"><time>2026-08-08T00:55:14.000Z</time><ele>96.8</ele></trkpt><trkpt lat="37.232475" lon="127.231335"><time>2026-08-08T00:55:15.000Z</time><ele>96.43</ele></trkpt><trkpt lat="37.232527" lon="127.231244"><time>2026-08-08T00:55:16.000Z</time><ele>95.84</ele></trkpt><trkpt lat="37.232592" lon="127.231149"><time>2026-08-08T00:55:17.000Z</time><ele>96.82</ele></trkpt><trkpt lat="37.232672" lon="127.231059"><time>2026-08-08T00:55:18.000Z</time><ele>96.74</ele></trkpt><trkpt lat="37.233013" lon="127.230939"><time>2026-08-08T00:55:21.000Z</time><ele>96.06</ele></trkpt><trkpt lat="37.233128" lon="127.230968"><time>2026-08-08T00:55:22.000Z</time><ele>96.31</ele></trkpt><trkpt lat="37.233241" lon="127.231033"><time>2026-08-08T00:55:23.000Z</time><ele>96.34</ele></trkpt><trkpt lat="37.233323" lon="127.231134"><time>2026-08-08T00:55:24.000Z</time><ele>96.34</ele></trkpt><trkpt lat="37.233387" lon="127.231269"><time>2026-08-08T00:55:25.000Z</time><ele>96.84</ele></trkpt><trkpt lat="37.23343" lon="127.231406"><time>2026-08-08T00:55:26.000Z</time><ele>96.84</ele></trkpt><trkpt lat="37.233431" lon="127.231559"><time>2026-08-08T00:55:27.000Z</time><ele>96.91</ele></trkpt><trkpt lat="37.233403" lon="127.231708"><time>2026-08-08T00:55:28.000Z</time><ele>97.63</ele></trkpt><trkpt lat="37.233346" lon="127.231844"><time>2026-08-08T00:55:29.000Z</time><ele>98.27</ele></trkpt><trkpt lat="37.233269" lon="127.231958"><time>2026-08-08T00:55:30.000Z</time><ele>98.8</ele></trkpt><trkpt lat="37.233167" lon="127.232039"><time>2026-08-08T00:55:31.000Z</time><ele>99.6</ele></trkpt><trkpt lat="37.233056" lon="127.232099"><time>2026-08-08T00:55:32.000Z</time><ele>99.56</ele></trkpt><trkpt lat="37.232939" lon="127.232129"><time>2026-08-08T00:55:33.000Z</time><ele>99.41</ele></trkpt><trkpt lat="37.232815" lon="127.232128"><time>2026-08-08T00:55:34.000Z</time><ele>99.93</ele></trkpt><trkpt lat="37.23269" lon="127.232092"><time>2026-08-08T00:55:35.000Z</time><ele>99.93</ele></trkpt><trkpt lat="37.232557" lon="127.232061"><time>2026-08-08T00:55:36.000Z</time><ele>100.67</ele></trkpt><trkpt lat="37.232422" lon="127.232017"><time>2026-08-08T00:55:37.000Z</time><ele>101.08</ele></trkpt><trkpt lat="37.232282" lon="127.231971"><time>2026-08-08T00:55:38.000Z</time><ele>101.52</ele></trkpt><trkpt lat="37.232136" lon="127.231921"><time>2026-08-08T00:55:39.000Z</time><ele>102</ele></trkpt><trkpt lat="37.23199" lon="127.231867"><time>2026-08-08T00:55:40.000Z</time><ele>102.36</ele></trkpt><trkpt lat="37.231831" lon="127.231817"><time>2026-08-08T00:55:41.000Z</time><ele>102.84</ele></trkpt><trkpt lat="37.23167" lon="127.231761"><time>2026-08-08T00:55:42.000Z</time><ele>103.46</ele></trkpt><trkpt lat="37.231499" lon="127.231703"><time>2026-08-08T00:55:43.000Z</time><ele>103.74</ele></trkpt><trkpt lat="37.23095" lon="127.231517"><time>2026-08-08T00:55:46.001Z</time><ele>106.41</ele></trkpt><trkpt lat="37.230756" lon="127.23145"><time>2026-08-08T00:55:47.001Z</time><ele>107.16</ele></trkpt><trkpt lat="37.230562" lon="127.23138"><time>2026-08-08T00:55:48.001Z</time><ele>108</ele></trkpt><trkpt lat="37.230365" lon="127.23131"><time>2026-08-08T00:55:49.001Z</time><ele>109.04</ele></trkpt><trkpt lat="37.23016" lon="127.231236"><time>2026-08-08T00:55:50.001Z</time><ele>110.65</ele></trkpt><trkpt lat="37.229951" lon="127.231169"><time>2026-08-08T00:55:51.001Z</time><ele>111.74</ele></trkpt><trkpt lat="37.229743" lon="127.231095"><time>2026-08-08T00:55:52.001Z</time><ele>112.93</ele></trkpt><trkpt lat="37.229534" lon="127.231019"><time>2026-08-08T00:55:53.001Z</time><ele>113.88</ele></trkpt><trkpt lat="37.229324" lon="127.230938"><time>2026-08-08T00:55:54.001Z</time><ele>115.14</ele></trkpt><trkpt lat="37.229116" lon="127.230849"><time>2026-08-08T00:55:55.001Z</time><ele>116.13</ele></trkpt><trkpt lat="37.228907" lon="127.230751"><time>2026-08-08T00:55:56.001Z</time><ele>117.19</ele></trkpt><trkpt lat="37.228697" lon="127.230656"><time>2026-08-08T00:55:57.001Z</time><ele>118.94</ele></trkpt><trkpt lat="37.228486" lon="127.230548"><time>2026-08-08T00:55:58.001Z</time><ele>119.97</ele></trkpt><trkpt lat="37.228281" lon="127.230414"><time>2026-08-08T00:55:59.001Z</time><ele>121.82</ele></trkpt><trkpt lat="37.228073" lon="127.230272"><time>2026-08-08T00:56:00.001Z</time><ele>123.37</ele></trkpt><trkpt lat="37.227864" lon="127.230113"><time>2026-08-08T00:56:01.001Z</time><ele>124.85</ele></trkpt><trkpt lat="37.227666" lon="127.229939"><time>2026-08-08T00:56:02.001Z</time><ele>125.37</ele></trkpt><trkpt lat="37.227468" lon="127.229755"><time>2026-08-08T00:56:03.001Z</time><ele>126.41</ele></trkpt><trkpt lat="37.22727" lon="127.229565"><time>2026-08-08T00:56:04.001Z</time><ele>127.81</ele></trkpt><trkpt lat="37.227076" lon="127.229358"><time>2026-08-08T00:56:05.001Z</time><ele>129.16</ele></trkpt><trkpt lat="37.226884" lon="127.229141"><time>2026-08-08T00:56:06.001Z</time><ele>130.36</ele></trkpt><trkpt lat="37.226697" lon="127.228903"><time>2026-08-08T00:56:07.001Z</time><ele>130.68</ele></trkpt><trkpt lat="37.226517" lon="127.228656"><time>2026-08-08T00:56:08.001Z</time><ele>130.6</ele></trkpt><trkpt lat="37.22634" lon="127.228396"><time>2026-08-08T00:56:09.001Z</time><ele>130.26</ele></trkpt><trkpt lat="37.22617" lon="127.228119"><time>2026-08-08T00:56:10.001Z</time><ele>131</ele></trkpt><trkpt lat="37.226012" lon="127.22783"><time>2026-08-08T00:56:11.001Z</time><ele>130.29</ele></trkpt><trkpt lat="37.225863" lon="127.227533"><time>2026-08-08T00:56:12.001Z</time><ele>129.97</ele></trkpt><trkpt lat="37.225746" lon="127.227214"><time>2026-08-08T00:56:13.001Z</time><ele>129.51</ele></trkpt><trkpt lat="37.225618" lon="127.2269"><time>2026-08-08T00:56:14.001Z</time><ele>128.83</ele></trkpt><trkpt lat="37.225504" lon="127.226574"><time>2026-08-08T00:56:15.001Z</time><ele>128.5</ele></trkpt><trkpt lat="37.225394" lon="127.226241"><time>2026-08-08T00:56:16.001Z</time><ele>127.43</ele></trkpt><trkpt lat="37.2253" lon="127.225905"><time>2026-08-08T00:56:17.001Z</time><ele>126.71</ele></trkpt><trkpt lat="37.225219" lon="127.225564"><time>2026-08-08T00:56:18.001Z</time><ele>126.49</ele></trkpt><trkpt lat="37.225129" lon="127.225222"><time>2026-08-08T00:56:19.001Z</time><ele>126.23</ele></trkpt><trkpt lat="37.225088" lon="127.224868"><time>2026-08-08T00:56:20.001Z</time><ele>126.07</ele></trkpt><trkpt lat="37.225033" lon="127.224523"><time>2026-08-08T00:56:21.001Z</time><ele>125.48</ele></trkpt><trkpt lat="37.224977" lon="127.22418"><time>2026-08-08T00:56:22.001Z</time><ele>124.43</ele></trkpt><trkpt lat="37.224922" lon="127.223839"><time>2026-08-08T00:56:23.001Z</time><ele>123.79</ele></trkpt><trkpt lat="37.224852" lon="127.2235"><time>2026-08-08T00:56:24.001Z</time><ele>122.86</ele></trkpt><trkpt lat="37.224811" lon="127.22315"><time>2026-08-08T00:56:25.001Z</time><ele>122.13</ele></trkpt><trkpt lat="37.224744" lon="127.222805"><time>2026-08-08T00:56:26.001Z</time><ele>120.9</ele></trkpt><trkpt lat="37.224653" lon="127.222463"><time>2026-08-08T00:56:27.001Z</time><ele>120.05</ele></trkpt><trkpt lat="37.224592" lon="127.22211"><time>2026-08-08T00:56:28.001Z</time><ele>119.5</ele></trkpt><trkpt lat="37.224495" lon="127.221769"><time>2026-08-08T00:56:29.001Z</time><ele>118.49</ele></trkpt><trkpt lat="37.224412" lon="127.221425"><time>2026-08-08T00:56:30.001Z</time><ele>117.83</ele></trkpt><trkpt lat="37.224322" lon="127.221081"><time>2026-08-08T00:56:31.001Z</time><ele>117.03</ele></trkpt><trkpt lat="37.224224" lon="127.220739"><time>2026-08-08T00:56:32.001Z</time><ele>116.35</ele></trkpt><trkpt lat="37.224119" lon="127.220385"><time>2026-08-08T00:56:33.001Z</time><ele>115.64</ele></trkpt><trkpt lat="37.224009" lon="127.220033"><time>2026-08-08T00:56:34.001Z</time><ele>115.06</ele></trkpt><trkpt lat="37.223898" lon="127.219695"><time>2026-08-08T00:56:35.001Z</time><ele>114.56</ele></trkpt><trkpt lat="37.223783" lon="127.219364"><time>2026-08-08T00:56:36.001Z</time><ele>113.57</ele></trkpt><trkpt lat="37.223666" lon="127.219035"><time>2026-08-08T00:56:37.001Z</time><ele>113.07</ele></trkpt><trkpt lat="37.223544" lon="127.218709"><time>2026-08-08T00:56:38.001Z</time><ele>112.65</ele></trkpt><trkpt lat="37.22342" lon="127.218386"><time>2026-08-08T00:56:39.001Z</time><ele>111.89</ele></trkpt><trkpt lat="37.223292" lon="127.218063"><time>2026-08-08T00:56:40.000Z</time><ele>111.17</ele></trkpt><trkpt lat="37.223155" lon="127.217746"><time>2026-08-08T00:56:41.000Z</time><ele>110.56</ele></trkpt><trkpt lat="37.223016" lon="127.217428"><time>2026-08-08T00:56:42.000Z</time><ele>110.38</ele></trkpt><trkpt lat="37.222868" lon="127.217114"><time>2026-08-08T00:56:43.000Z</time><ele>110.03</ele></trkpt><trkpt lat="37.222715" lon="127.216802"><time>2026-08-08T00:56:44.000Z</time><ele>109.82</ele></trkpt><trkpt lat="37.222564" lon="127.216492"><time>2026-08-08T00:56:45.000Z</time><ele>109.86</ele></trkpt><trkpt lat="37.222412" lon="127.216192"><time>2026-08-08T00:56:46.016Z</time><ele>109.93</ele></trkpt><trkpt lat="37.222262" lon="127.21591"><time>2026-08-08T00:56:47.015Z</time><ele>109.46</ele></trkpt><trkpt lat="37.222111" lon="127.215636"><time>2026-08-08T00:56:48.012Z</time><ele>109.32</ele></trkpt><trkpt lat="37.221958" lon="127.215363"><time>2026-08-08T00:56:49.015Z</time><ele>109.37</ele></trkpt><trkpt lat="37.220516" lon="127.212897"><time>2026-08-08T00:56:58.000Z</time><ele>111.1</ele></trkpt><trkpt lat="37.220355" lon="127.212619"><time>2026-08-08T00:56:59.000Z</time><ele>111.1</ele></trkpt><trkpt lat="37.220225" lon="127.212375"><time>2026-08-08T00:57:00.000Z</time><ele>112.33</ele></trkpt><trkpt lat="37.220053" lon="127.212079"><time>2026-08-08T00:57:01.000Z</time><ele>112.39</ele></trkpt><trkpt lat="37.21989" lon="127.211785"><time>2026-08-08T00:57:02.000Z</time><ele>112.48</ele></trkpt><trkpt lat="37.219721" lon="127.211481"><time>2026-08-08T00:57:03.000Z</time><ele>112.99</ele></trkpt><trkpt lat="37.219545" lon="127.211175"><time>2026-08-08T00:57:04.000Z</time><ele>113.71</ele></trkpt><trkpt lat="37.219365" lon="127.210867"><time>2026-08-08T00:57:05.000Z</time><ele>114.1</ele></trkpt><trkpt lat="37.21918" lon="127.21055"><time>2026-08-08T00:57:06.000Z</time><ele>114.24</ele></trkpt><trkpt lat="37.218993" lon="127.21023"><time>2026-08-08T00:57:07.000Z</time><ele>114.74</ele></trkpt><trkpt lat="37.218807" lon="127.209906"><time>2026-08-08T00:57:08.000Z</time><ele>115.1</ele></trkpt><trkpt lat="37.218616" lon="127.209579"><time>2026-08-08T00:57:09.000Z</time><ele>115.9</ele></trkpt><trkpt lat="37.218419" lon="127.209256"><time>2026-08-08T00:57:10.000Z</time><ele>116.45</ele></trkpt><trkpt lat="37.218211" lon="127.208947"><time>2026-08-08T00:57:11.000Z</time><ele>117.05</ele></trkpt><trkpt lat="37.21799" lon="127.208661"><time>2026-08-08T00:57:12.000Z</time><ele>117.16</ele></trkpt><trkpt lat="37.217761" lon="127.208387"><time>2026-08-08T00:57:13.000Z</time><ele>117.41</ele></trkpt><trkpt lat="37.217526" lon="127.208125"><time>2026-08-08T00:57:14.000Z</time><ele>117.52</ele></trkpt><trkpt lat="37.217283" lon="127.20789"><time>2026-08-08T00:57:15.000Z</time><ele>117.7</ele></trkpt><trkpt lat="37.217034" lon="127.20767"><time>2026-08-08T00:57:16.000Z</time><ele>117.97</ele></trkpt><trkpt lat="37.216782" lon="127.207464"><time>2026-08-08T00:57:17.000Z</time><ele>118.18</ele></trkpt><trkpt lat="37.21652" lon="127.207276"><time>2026-08-08T00:57:18.000Z</time><ele>118.36</ele></trkpt><trkpt lat="37.216254" lon="127.207105"><time>2026-08-08T00:57:19.000Z</time><ele>118.39</ele></trkpt><trkpt lat="37.215975" lon="127.206945"><time>2026-08-08T00:57:20.000Z</time><ele>118.96</ele></trkpt><trkpt lat="37.215688" lon="127.206797"><time>2026-08-08T00:57:21.000Z</time><ele>119.22</ele></trkpt><trkpt lat="37.215413" lon="127.206678"><time>2026-08-08T00:57:22.000Z</time><ele>119.07</ele></trkpt><trkpt lat="37.215153" lon="127.206582"><time>2026-08-08T00:57:23.000Z</time><ele>118.95</ele></trkpt><trkpt lat="37.214908" lon="127.206491"><time>2026-08-08T00:57:24.000Z</time><ele>119.05</ele></trkpt><trkpt lat="37.214675" lon="127.206406"><time>2026-08-08T00:57:25.000Z</time><ele>118.81</ele></trkpt><trkpt lat="37.214453" lon="127.206326"><time>2026-08-08T00:57:26.000Z</time><ele>118.2</ele></trkpt><trkpt lat="37.214236" lon="127.206245"><time>2026-08-08T00:57:27.000Z</time><ele>118.2</ele></trkpt><trkpt lat="37.214019" lon="127.206166"><time>2026-08-08T00:57:28.000Z</time><ele>118.14</ele></trkpt><trkpt lat="37.213805" lon="127.206085"><time>2026-08-08T00:57:29.000Z</time><ele>117.98</ele></trkpt><trkpt lat="37.213595" lon="127.206007"><time>2026-08-08T00:57:30.000Z</time><ele>118.68</ele></trkpt><trkpt lat="37.213386" lon="127.20593"><time>2026-08-08T00:57:31.000Z</time><ele>118.85</ele></trkpt><trkpt lat="37.213179" lon="127.205852"><time>2026-08-08T00:57:32.000Z</time><ele>119.36</ele></trkpt><trkpt lat="37.212983" lon="127.205778"><time>2026-08-08T00:57:33.000Z</time><ele>118.9</ele></trkpt><trkpt lat="37.2128" lon="127.205685"><time>2026-08-08T00:57:34.000Z</time><ele>118.85</ele></trkpt><trkpt lat="37.212615" lon="127.205616"><time>2026-08-08T00:57:35.000Z</time><ele>120.38</ele></trkpt><trkpt lat="37.212438" lon="127.205551"><time>2026-08-08T00:57:36.000Z</time><ele>121.23</ele></trkpt><trkpt lat="37.212269" lon="127.205488"><time>2026-08-08T00:57:37.000Z</time><ele>122.92</ele></trkpt><trkpt lat="37.212103" lon="127.205427"><time>2026-08-08T00:57:38.000Z</time><ele>122.72</ele></trkpt><trkpt lat="37.211931" lon="127.205363"><time>2026-08-08T00:57:39.000Z</time><ele>123.97</ele></trkpt><trkpt lat="37.211763" lon="127.205301"><time>2026-08-08T00:57:40.000Z</time><ele>124.17</ele></trkpt><trkpt lat="37.211598" lon="127.20524"><time>2026-08-08T00:57:41.000Z</time><ele>123.34</ele></trkpt><trkpt lat="37.211436" lon="127.205181"><time>2026-08-08T00:57:42.000Z</time><ele>122.29</ele></trkpt><trkpt lat="37.211278" lon="127.205123"><time>2026-08-08T00:57:43.000Z</time><ele>121.48</ele></trkpt><trkpt lat="37.211119" lon="127.205065"><time>2026-08-08T00:57:44.000Z</time><ele>120.46</ele></trkpt><trkpt lat="37.21096" lon="127.205006"><time>2026-08-08T00:57:45.000Z</time><ele>119.33</ele></trkpt><trkpt lat="37.210792" lon="127.204946"><time>2026-08-08T00:57:46.000Z</time><ele>118.5</ele></trkpt><trkpt lat="37.210612" lon="127.20488"><time>2026-08-08T00:57:47.000Z</time><ele>117.66</ele></trkpt><trkpt lat="37.210423" lon="127.204811"><time>2026-08-08T00:57:48.000Z</time><ele>117.33</ele></trkpt><trkpt lat="37.21023" lon="127.204741"><time>2026-08-08T00:57:49.001Z</time><ele>116.76</ele></trkpt><trkpt lat="37.210029" lon="127.204687"><time>2026-08-08T00:57:50.001Z</time><ele>116.9</ele></trkpt><trkpt lat="37.209828" lon="127.204612"><time>2026-08-08T00:57:51.001Z</time><ele>116.95</ele></trkpt><trkpt lat="37.209618" lon="127.204536"><time>2026-08-08T00:57:52.001Z</time><ele>117.24</ele></trkpt><trkpt lat="37.209398" lon="127.204457"><time>2026-08-08T00:57:53.001Z</time><ele>117</ele></trkpt><trkpt lat="37.20918" lon="127.204378"><time>2026-08-08T00:57:54.001Z</time><ele>117.3</ele></trkpt><trkpt lat="37.208965" lon="127.204295"><time>2026-08-08T00:57:55.001Z</time><ele>116.85</ele></trkpt><trkpt lat="37.208752" lon="127.204195"><time>2026-08-08T00:57:56.001Z</time><ele>117.19</ele></trkpt><trkpt lat="37.208526" lon="127.204133"><time>2026-08-08T00:57:57.001Z</time><ele>117.45</ele></trkpt><trkpt lat="37.208299" lon="127.204047"><time>2026-08-08T00:57:58.001Z</time><ele>117.72</ele></trkpt><trkpt lat="37.20808" lon="127.203966"><time>2026-08-08T00:57:59.001Z</time><ele>118.14</ele></trkpt><trkpt lat="37.207868" lon="127.203888"><time>2026-08-08T00:58:00.001Z</time><ele>118.53</ele></trkpt><trkpt lat="37.20767" lon="127.203795"><time>2026-08-08T00:58:01.001Z</time><ele>118.82</ele></trkpt><trkpt lat="37.207468" lon="127.203721"><time>2026-08-08T00:58:02.001Z</time><ele>119.17</ele></trkpt><trkpt lat="37.207268" lon="127.203668"><time>2026-08-08T00:58:03.001Z</time><ele>119.25</ele></trkpt><trkpt lat="37.207068" lon="127.203573"><time>2026-08-08T00:58:04.001Z</time><ele>119.99</ele></trkpt><trkpt lat="37.206858" lon="127.203495"><time>2026-08-08T00:58:05.001Z</time><ele>120.02</ele></trkpt><trkpt lat="37.206644" lon="127.203416"><time>2026-08-08T00:58:06.001Z</time><ele>120.1</ele></trkpt><trkpt lat="37.206428" lon="127.203338"><time>2026-08-08T00:58:07.001Z</time><ele>120.1</ele></trkpt><trkpt lat="37.206206" lon="127.203259"><time>2026-08-08T00:58:08.001Z</time><ele>119.75</ele></trkpt><trkpt lat="37.205979" lon="127.203179"><time>2026-08-08T00:58:09.001Z</time><ele>119.75</ele></trkpt><trkpt lat="37.205744" lon="127.203095"><time>2026-08-08T00:58:10.001Z</time><ele>120.43</ele></trkpt><trkpt lat="37.205505" lon="127.203012"><time>2026-08-08T00:58:11.001Z</time><ele>120.35</ele></trkpt><trkpt lat="37.205257" lon="127.202926"><time>2026-08-08T00:58:12.001Z</time><ele>120.09</ele></trkpt><trkpt lat="37.205003" lon="127.202861"><time>2026-08-08T00:58:13.001Z</time><ele>119.8</ele></trkpt><trkpt lat="37.20476" lon="127.202778"><time>2026-08-08T00:58:14.001Z</time><ele>119.73</ele></trkpt><trkpt lat="37.204514" lon="127.202703"><time>2026-08-08T00:58:15.001Z</time><ele>119.53</ele></trkpt><trkpt lat="37.204264" lon="127.202623"><time>2026-08-08T00:58:16.001Z</time><ele>119.77</ele></trkpt><trkpt lat="37.204014" lon="127.202539"><time>2026-08-08T00:58:17.001Z</time><ele>119.54</ele></trkpt><trkpt lat="37.203756" lon="127.202451"><time>2026-08-08T00:58:18.001Z</time><ele>119.6</ele></trkpt><trkpt lat="37.203492" lon="127.202367"><time>2026-08-08T00:58:19.001Z</time><ele>119.51</ele></trkpt><trkpt lat="37.203225" lon="127.202288"><time>2026-08-08T00:58:20.001Z</time><ele>118.99</ele></trkpt><trkpt lat="37.202957" lon="127.202205"><time>2026-08-08T00:58:21.001Z</time><ele>118.88</ele></trkpt><trkpt lat="37.202694" lon="127.20212"><time>2026-08-08T00:58:22.001Z</time><ele>118.64</ele></trkpt><trkpt lat="37.202434" lon="127.20204"><time>2026-08-08T00:58:23.001Z</time><ele>117.56</ele></trkpt><trkpt lat="37.202178" lon="127.201958"><time>2026-08-08T00:58:24.001Z</time><ele>117.36</ele></trkpt><trkpt lat="37.201936" lon="127.20188"><time>2026-08-08T00:58:25.001Z</time><ele>116.65</ele></trkpt><trkpt lat="37.201699" lon="127.201807"><time>2026-08-08T00:58:26.001Z</time><ele>116.29</ele></trkpt><trkpt lat="37.201468" lon="127.201735"><time>2026-08-08T00:58:27.001Z</time><ele>115.47</ele></trkpt><trkpt lat="37.201229" lon="127.20167"><time>2026-08-08T00:58:28.001Z</time><ele>115.34</ele></trkpt><trkpt lat="37.200998" lon="127.201597"><time>2026-08-08T00:58:29.001Z</time><ele>114.39</ele></trkpt><trkpt lat="37.200767" lon="127.201522"><time>2026-08-08T00:58:30.001Z</time><ele>112.95</ele></trkpt><trkpt lat="37.200535" lon="127.201448"><time>2026-08-08T00:58:31.001Z</time><ele>112.2</ele></trkpt><trkpt lat="37.200301" lon="127.201373"><time>2026-08-08T00:58:32.001Z</time><ele>111.32</ele></trkpt><trkpt lat="37.200067" lon="127.201297"><time>2026-08-08T00:58:33.001Z</time><ele>110.68</ele></trkpt><trkpt lat="37.199837" lon="127.201225"><time>2026-08-08T00:58:34.001Z</time><ele>109.79</ele></trkpt><trkpt lat="37.199612" lon="127.201151"><time>2026-08-08T00:58:35.001Z</time><ele>108.8</ele></trkpt><trkpt lat="37.199395" lon="127.201081"><time>2026-08-08T00:58:36.001Z</time><ele>107.99</ele></trkpt><trkpt lat="37.199185" lon="127.201019"><time>2026-08-08T00:58:37.001Z</time><ele>107.13</ele></trkpt><trkpt lat="37.198983" lon="127.20096"><time>2026-08-08T00:58:38.001Z</time><ele>106.22</ele></trkpt><trkpt lat="37.198796" lon="127.200903"><time>2026-08-08T00:58:39.001Z</time><ele>105.19</ele></trkpt><trkpt lat="37.198619" lon="127.200855"><time>2026-08-08T00:58:40.001Z</time><ele>104.36</ele></trkpt><trkpt lat="37.198448" lon="127.200799"><time>2026-08-08T00:58:41.001Z</time><ele>103.78</ele></trkpt><trkpt lat="37.198277" lon="127.200742"><time>2026-08-08T00:58:42.001Z</time><ele>103.07</ele></trkpt><trkpt lat="37.1981" lon="127.200685"><time>2026-08-08T00:58:43.001Z</time><ele>102.52</ele></trkpt><trkpt lat="37.197919" lon="127.20063"><time>2026-08-08T00:58:44.001Z</time><ele>101.64</ele></trkpt><trkpt lat="37.197729" lon="127.200572"><time>2026-08-08T00:58:45.001Z</time><ele>101.24</ele></trkpt><trkpt lat="37.19754" lon="127.200515"><time>2026-08-08T00:58:46.000Z</time><ele>100.96</ele></trkpt><trkpt lat="37.197365" lon="127.200461"><time>2026-08-08T00:58:47.000Z</time><ele>100.49</ele></trkpt><trkpt lat="37.197179" lon="127.200401"><time>2026-08-08T00:58:48.000Z</time><ele>100.55</ele></trkpt><trkpt lat="37.196984" lon="127.200334"><time>2026-08-08T00:58:49.000Z</time><ele>100.76</ele></trkpt><trkpt lat="37.196782" lon="127.200271"><time>2026-08-08T00:58:50.000Z</time><ele>100.6</ele></trkpt><trkpt lat="37.196575" lon="127.200207"><time>2026-08-08T00:58:51.000Z</time><ele>100.9</ele></trkpt><trkpt lat="37.196362" lon="127.200142"><time>2026-08-08T00:58:52.000Z</time><ele>101.06</ele></trkpt><trkpt lat="37.196145" lon="127.200073"><time>2026-08-08T00:58:53.000Z</time><ele>101.05</ele></trkpt><trkpt lat="37.195915" lon="127.200002"><time>2026-08-08T00:58:54.000Z</time><ele>101.11</ele></trkpt><trkpt lat="37.195683" lon="127.199927"><time>2026-08-08T00:58:55.000Z</time><ele>101.25</ele></trkpt><trkpt lat="37.195444" lon="127.199857"><time>2026-08-08T00:58:56.000Z</time><ele>101.12</ele></trkpt><trkpt lat="37.195211" lon="127.19979"><time>2026-08-08T00:58:57.000Z</time><ele>101.18</ele></trkpt><trkpt lat="37.194981" lon="127.199725"><time>2026-08-08T00:58:58.000Z</time><ele>100.95</ele></trkpt><trkpt lat="37.194739" lon="127.199663"><time>2026-08-08T00:58:59.000Z</time><ele>100.9</ele></trkpt><trkpt lat="37.194497" lon="127.199608"><time>2026-08-08T00:59:00.000Z</time><ele>100.67</ele></trkpt><trkpt lat="37.194257" lon="127.199559"><time>2026-08-08T00:59:01.000Z</time><ele>100.79</ele></trkpt><trkpt lat="37.194012" lon="127.199514"><time>2026-08-08T00:59:02.000Z</time><ele>101.48</ele></trkpt><trkpt lat="37.193765" lon="127.199483"><time>2026-08-08T00:59:03.000Z</time><ele>102.01</ele></trkpt><trkpt lat="37.193517" lon="127.199462"><time>2026-08-08T00:59:04.000Z</time><ele>102.62</ele></trkpt><trkpt lat="37.193263" lon="127.199427"><time>2026-08-08T00:59:05.000Z</time><ele>103.29</ele></trkpt><trkpt lat="37.193001" lon="127.199399"><time>2026-08-08T00:59:06.000Z</time><ele>104.06</ele></trkpt><trkpt lat="37.192731" lon="127.199405"><time>2026-08-08T00:59:07.000Z</time><ele>104.92</ele></trkpt><trkpt lat="37.192458" lon="127.19942"><time>2026-08-08T00:59:08.000Z</time><ele>106.13</ele></trkpt><trkpt lat="37.192181" lon="127.199435"><time>2026-08-08T00:59:09.000Z</time><ele>106.95</ele></trkpt><trkpt lat="37.191906" lon="127.199479"><time>2026-08-08T00:59:10.000Z</time><ele>107.5</ele></trkpt><trkpt lat="37.191631" lon="127.199548"><time>2026-08-08T00:59:11.000Z</time><ele>108.37</ele></trkpt><trkpt lat="37.191355" lon="127.199628"><time>2026-08-08T00:59:12.000Z</time><ele>108.69</ele></trkpt><trkpt lat="37.191077" lon="127.19971"><time>2026-08-08T00:59:13.000Z</time><ele>108.77</ele></trkpt><trkpt lat="37.190801" lon="127.199792"><time>2026-08-08T00:59:14.000Z</time><ele>108.86</ele></trkpt><trkpt lat="37.190519" lon="127.199877"><time>2026-08-08T00:59:15.000Z</time><ele>108.82</ele></trkpt><trkpt lat="37.190238" lon="127.199974"><time>2026-08-08T00:59:16.000Z</time><ele>108.8</ele></trkpt><trkpt lat="37.189953" lon="127.20009"><time>2026-08-08T00:59:17.000Z</time><ele>108.27</ele></trkpt><trkpt lat="37.189662" lon="127.200209"><time>2026-08-08T00:59:18.000Z</time><ele>107.78</ele></trkpt><trkpt lat="37.18937" lon="127.200328"><time>2026-08-08T00:59:19.000Z</time><ele>106.54</ele></trkpt><trkpt lat="37.189071" lon="127.200448"><time>2026-08-08T00:59:20.000Z</time><ele>106.07</ele></trkpt><trkpt lat="37.188769" lon="127.200566"><time>2026-08-08T00:59:21.000Z</time><ele>104.98</ele></trkpt><trkpt lat="37.188464" lon="127.200686"><time>2026-08-08T00:59:22.000Z</time><ele>103.56</ele></trkpt><trkpt lat="37.188148" lon="127.200813"><time>2026-08-08T00:59:23.000Z</time><ele>102.27</ele></trkpt><trkpt lat="37.187825" lon="127.200945"><time>2026-08-08T00:59:24.000Z</time><ele>101.04</ele></trkpt><trkpt lat="37.187503" lon="127.201076"><time>2026-08-08T00:59:25.000Z</time><ele>99.63</ele></trkpt><trkpt lat="37.187194" lon="127.2012"><time>2026-08-08T00:59:26.000Z</time><ele>97.97</ele></trkpt><trkpt lat="37.186886" lon="127.201321"><time>2026-08-08T00:59:27.000Z</time><ele>96.27</ele></trkpt><trkpt lat="37.186577" lon="127.201444"><time>2026-08-08T00:59:28.000Z</time><ele>95.15</ele></trkpt><trkpt lat="37.18627" lon="127.201556"><time>2026-08-08T00:59:29.000Z</time><ele>93.72</ele></trkpt><trkpt lat="37.185964" lon="127.201667"><time>2026-08-08T00:59:30.000Z</time><ele>91.98</ele></trkpt><trkpt lat="37.185646" lon="127.201748"><time>2026-08-08T00:59:31.000Z</time><ele>91.09</ele></trkpt><trkpt lat="37.185324" lon="127.201847"><time>2026-08-08T00:59:32.000Z</time><ele>90.74</ele></trkpt><trkpt lat="37.185001" lon="127.201938"><time>2026-08-08T00:59:33.000Z</time><ele>90.02</ele></trkpt><trkpt lat="37.184674" lon="127.202023"><time>2026-08-08T00:59:34.000Z</time><ele>89.52</ele></trkpt><trkpt lat="37.184354" lon="127.202096"><time>2026-08-08T00:59:35.000Z</time><ele>88.67</ele></trkpt><trkpt lat="37.184033" lon="127.202166"><time>2026-08-08T00:59:36.000Z</time><ele>87.47</ele></trkpt><trkpt lat="37.183711" lon="127.202247"><time>2026-08-08T00:59:37.000Z</time><ele>86.52</ele></trkpt><trkpt lat="37.183383" lon="127.202296"><time>2026-08-08T00:59:38.000Z</time><ele>85.29</ele></trkpt><trkpt lat="37.183052" lon="127.202346"><time>2026-08-08T00:59:39.000Z</time><ele>84.26</ele></trkpt><trkpt lat="37.182714" lon="127.202387"><time>2026-08-08T00:59:40.000Z</time><ele>83.21</ele></trkpt><trkpt lat="37.182376" lon="127.202423"><time>2026-08-08T00:59:41.000Z</time><ele>82.65</ele></trkpt><trkpt lat="37.182035" lon="127.202463"><time>2026-08-08T00:59:42.000Z</time><ele>82.04</ele></trkpt><trkpt lat="37.181692" lon="127.202503"><time>2026-08-08T00:59:43.000Z</time><ele>81.45</ele></trkpt><trkpt lat="37.181363" lon="127.202542"><time>2026-08-08T00:59:44.000Z</time><ele>81.07</ele></trkpt><trkpt lat="37.18105" lon="127.20258"><time>2026-08-08T00:59:45.000Z</time><ele>80.88</ele></trkpt><trkpt lat="37.180756" lon="127.202619"><time>2026-08-08T00:59:46.000Z</time><ele>80.68</ele></trkpt><trkpt lat="37.18048" lon="127.202648"><time>2026-08-08T00:59:47.000Z</time><ele>80.46</ele></trkpt><trkpt lat="37.180223" lon="127.202678"><time>2026-08-08T00:59:48.000Z</time><ele>80.13</ele></trkpt><trkpt lat="37.179981" lon="127.202706"><time>2026-08-08T00:59:49.001Z</time><ele>79.9</ele></trkpt><trkpt lat="37.179752" lon="127.20273"><time>2026-08-08T00:59:50.001Z</time><ele>79.64</ele></trkpt><trkpt lat="37.179542" lon="127.202752"><time>2026-08-08T00:59:51.001Z</time><ele>79.41</ele></trkpt><trkpt lat="37.179338" lon="127.202775"><time>2026-08-08T00:59:52.001Z</time><ele>79.58</ele></trkpt><trkpt lat="37.179145" lon="127.202801"><time>2026-08-08T00:59:53.001Z</time><ele>79.56</ele></trkpt><trkpt lat="37.178964" lon="127.202824"><time>2026-08-08T00:59:54.001Z</time><ele>79.4</ele></trkpt><trkpt lat="37.17878" lon="127.202843"><time>2026-08-08T00:59:55.001Z</time><ele>79.31</ele></trkpt><trkpt lat="37.178589" lon="127.202864"><time>2026-08-08T00:59:56.001Z</time><ele>79.24</ele></trkpt><trkpt lat="37.17839" lon="127.202889"><time>2026-08-08T00:59:57.001Z</time><ele>79.13</ele></trkpt><trkpt lat="37.178182" lon="127.202916"><time>2026-08-08T00:59:58.001Z</time><ele>79.09</ele></trkpt><trkpt lat="37.177966" lon="127.202939"><time>2026-08-08T00:59:59.001Z</time><ele>79.12</ele></trkpt><trkpt lat="37.177736" lon="127.202966"><time>2026-08-08T01:00:00.001Z</time><ele>79.08</ele></trkpt><trkpt lat="37.1775" lon="127.202992"><time>2026-08-08T01:00:01.001Z</time><ele>78.88</ele></trkpt><trkpt lat="37.177254" lon="127.203022"><time>2026-08-08T01:00:02.001Z</time><ele>79.03</ele></trkpt><trkpt lat="37.177002" lon="127.203055"><time>2026-08-08T01:00:03.001Z</time><ele>79</ele></trkpt><trkpt lat="37.176742" lon="127.203088"><time>2026-08-08T01:00:04.001Z</time><ele>78.97</ele></trkpt><trkpt lat="37.176475" lon="127.20313"><time>2026-08-08T01:00:05.001Z</time><ele>78.87</ele></trkpt><trkpt lat="37.176202" lon="127.203178"><time>2026-08-08T01:00:06.001Z</time><ele>78.88</ele></trkpt><trkpt lat="37.17593" lon="127.203227"><time>2026-08-08T01:00:07.001Z</time><ele>78.59</ele></trkpt><trkpt lat="37.175661" lon="127.203275"><time>2026-08-08T01:00:08.001Z</time><ele>78.54</ele></trkpt><trkpt lat="37.175392" lon="127.203326"><time>2026-08-08T01:00:09.001Z</time><ele>78.46</ele></trkpt><trkpt lat="37.175115" lon="127.203375"><time>2026-08-08T01:00:10.001Z</time><ele>78.07</ele></trkpt><trkpt lat="37.174829" lon="127.203416"><time>2026-08-08T01:00:11.001Z</time><ele>77.74</ele></trkpt><trkpt lat="37.17454" lon="127.203471"><time>2026-08-08T01:00:12.001Z</time><ele>77.61</ele></trkpt><trkpt lat="37.174245" lon="127.20354"><time>2026-08-08T01:00:13.001Z</time><ele>77.51</ele></trkpt><trkpt lat="37.173946" lon="127.203609"><time>2026-08-08T01:00:14.001Z</time><ele>77.44</ele></trkpt><trkpt lat="37.173644" lon="127.203677"><time>2026-08-08T01:00:15.001Z</time><ele>77.43</ele></trkpt><trkpt lat="37.173343" lon="127.203738"><time>2026-08-08T01:00:16.001Z</time><ele>77.22</ele></trkpt><trkpt lat="37.173037" lon="127.203807"><time>2026-08-08T01:00:17.001Z</time><ele>76.94</ele></trkpt><trkpt lat="37.172732" lon="127.203871"><time>2026-08-08T01:00:18.001Z</time><ele>76.63</ele></trkpt><trkpt lat="37.172431" lon="127.203936"><time>2026-08-08T01:00:19.001Z</time><ele>76.37</ele></trkpt><trkpt lat="37.172136" lon="127.204"><time>2026-08-08T01:00:20.001Z</time><ele>76</ele></trkpt><trkpt lat="37.171841" lon="127.204066"><time>2026-08-08T01:00:21.001Z</time><ele>75.93</ele></trkpt><trkpt lat="37.171552" lon="127.204129"><time>2026-08-08T01:00:22.001Z</time><ele>75.52</ele></trkpt><trkpt lat="37.171265" lon="127.204196"><time>2026-08-08T01:00:23.001Z</time><ele>75.2</ele></trkpt><trkpt lat="37.170991" lon="127.204258"><time>2026-08-08T01:00:24.001Z</time><ele>74.9</ele></trkpt><trkpt lat="37.170734" lon="127.204316"><time>2026-08-08T01:00:25.001Z</time><ele>74.64</ele></trkpt><trkpt lat="37.170487" lon="127.204369"><time>2026-08-08T01:00:26.001Z</time><ele>74.65</ele></trkpt><trkpt lat="37.170252" lon="127.204421"><time>2026-08-08T01:00:27.001Z</time><ele>74.23</ele></trkpt><trkpt lat="37.170037" lon="127.20447"><time>2026-08-08T01:00:28.001Z</time><ele>73.55</ele></trkpt><trkpt lat="37.16983" lon="127.204518"><time>2026-08-08T01:00:29.001Z</time><ele>73.26</ele></trkpt><trkpt lat="37.169632" lon="127.204561"><time>2026-08-08T01:00:30.001Z</time><ele>72.98</ele></trkpt><trkpt lat="37.169438" lon="127.204602"><time>2026-08-08T01:00:31.001Z</time><ele>73.26</ele></trkpt><trkpt lat="37.169242" lon="127.204647"><time>2026-08-08T01:00:32.001Z</time><ele>73.11</ele></trkpt><trkpt lat="37.169032" lon="127.204695"><time>2026-08-08T01:00:33.001Z</time><ele>73.15</ele></trkpt><trkpt lat="37.168816" lon="127.204757"><time>2026-08-08T01:00:34.001Z</time><ele>72.91</ele></trkpt><trkpt lat="37.168593" lon="127.204829"><time>2026-08-08T01:00:35.001Z</time><ele>72.88</ele></trkpt><trkpt lat="37.168364" lon="127.204883"><time>2026-08-08T01:00:36.001Z</time><ele>72.67</ele></trkpt><trkpt lat="37.168126" lon="127.204933"><time>2026-08-08T01:00:37.001Z</time><ele>72.64</ele></trkpt><trkpt lat="37.167876" lon="127.204988"><time>2026-08-08T01:00:38.001Z</time><ele>72.47</ele></trkpt><trkpt lat="37.167627" lon="127.205043"><time>2026-08-08T01:00:39.001Z</time><ele>72.28</ele></trkpt><trkpt lat="37.167376" lon="127.205099"><time>2026-08-08T01:00:40.001Z</time><ele>72.33</ele></trkpt><trkpt lat="37.167117" lon="127.205157"><time>2026-08-08T01:00:41.001Z</time><ele>71.84</ele></trkpt><trkpt lat="37.16686" lon="127.205216"><time>2026-08-08T01:00:42.001Z</time><ele>71.6</ele></trkpt><trkpt lat="37.166595" lon="127.205278"><time>2026-08-08T01:00:43.001Z</time><ele>71.42</ele></trkpt><trkpt lat="37.166329" lon="127.205335"><time>2026-08-08T01:00:44.001Z</time><ele>71.28</ele></trkpt><trkpt lat="37.166071" lon="127.205392"><time>2026-08-08T01:00:45.001Z</time><ele>70.98</ele></trkpt><trkpt lat="37.165816" lon="127.205444"><time>2026-08-08T01:00:46.001Z</time><ele>70.96</ele></trkpt><trkpt lat="37.165566" lon="127.205493"><time>2026-08-08T01:00:47.001Z</time><ele>71.15</ele></trkpt><trkpt lat="37.165315" lon="127.205548"><time>2026-08-08T01:00:48.001Z</time><ele>71.2</ele></trkpt><trkpt lat="37.165064" lon="127.205603"><time>2026-08-08T01:00:49.001Z</time><ele>71.24</ele></trkpt><trkpt lat="37.164816" lon="127.205656"><time>2026-08-08T01:00:50.001Z</time><ele>71.08</ele></trkpt><trkpt lat="37.164569" lon="127.205714"><time>2026-08-08T01:00:51.001Z</time><ele>71.23</ele></trkpt><trkpt lat="37.164322" lon="127.205773"><time>2026-08-08T01:00:52.000Z</time><ele>71.05</ele></trkpt><trkpt lat="37.164067" lon="127.205828"><time>2026-08-08T01:00:53.000Z</time><ele>71.1</ele></trkpt><trkpt lat="37.163812" lon="127.205882"><time>2026-08-08T01:00:54.000Z</time><ele>70.84</ele></trkpt><trkpt lat="37.163551" lon="127.205938"><time>2026-08-08T01:00:55.000Z</time><ele>70.41</ele></trkpt><trkpt lat="37.163294" lon="127.205995"><time>2026-08-08T01:00:56.000Z</time><ele>69.73</ele></trkpt><trkpt lat="37.163025" lon="127.206062"><time>2026-08-08T01:00:57.000Z</time><ele>69.53</ele></trkpt><trkpt lat="37.162751" lon="127.20612"><time>2026-08-08T01:00:58.000Z</time><ele>69.22</ele></trkpt><trkpt lat="37.162477" lon="127.206175"><time>2026-08-08T01:00:59.000Z</time><ele>68.91</ele></trkpt><trkpt lat="37.162205" lon="127.206234"><time>2026-08-08T01:01:00.000Z</time><ele>68.58</ele></trkpt><trkpt lat="37.161929" lon="127.206294"><time>2026-08-08T01:01:01.000Z</time><ele>68.46</ele></trkpt><trkpt lat="37.161644" lon="127.206355"><time>2026-08-08T01:01:02.000Z</time><ele>67.98</ele></trkpt><trkpt lat="37.161357" lon="127.206409"><time>2026-08-08T01:01:03.000Z</time><ele>67.74</ele></trkpt><trkpt lat="37.161065" lon="127.206449"><time>2026-08-08T01:01:04.000Z</time><ele>67.63</ele></trkpt><trkpt lat="37.160768" lon="127.206476"><time>2026-08-08T01:01:05.000Z</time><ele>67.46</ele></trkpt><trkpt lat="37.160467" lon="127.206501"><time>2026-08-08T01:01:06.000Z</time><ele>67.18</ele></trkpt><trkpt lat="37.160164" lon="127.206517"><time>2026-08-08T01:01:07.000Z</time><ele>66.99</ele></trkpt><trkpt lat="37.159856" lon="127.206524"><time>2026-08-08T01:01:08.000Z</time><ele>66.72</ele></trkpt><trkpt lat="37.159547" lon="127.206524"><time>2026-08-08T01:01:09.000Z</time><ele>66.65</ele></trkpt><trkpt lat="37.15923" lon="127.206516"><time>2026-08-08T01:01:10.000Z</time><ele>66.56</ele></trkpt><trkpt lat="37.15892" lon="127.206495"><time>2026-08-08T01:01:11.000Z</time><ele>66.12</ele></trkpt><trkpt lat="37.158609" lon="127.206463"><time>2026-08-08T01:01:12.000Z</time><ele>66.05</ele></trkpt><trkpt lat="37.158299" lon="127.206427"><time>2026-08-08T01:01:13.000Z</time><ele>65.81</ele></trkpt><trkpt lat="37.157986" lon="127.206377"><time>2026-08-08T01:01:14.000Z</time><ele>65.45</ele></trkpt><trkpt lat="37.157673" lon="127.206319"><time>2026-08-08T01:01:15.000Z</time><ele>65.11</ele></trkpt><trkpt lat="37.157359" lon="127.206253"><time>2026-08-08T01:01:16.000Z</time><ele>64.95</ele></trkpt><trkpt lat="37.157048" lon="127.206177"><time>2026-08-08T01:01:17.000Z</time><ele>64.73</ele></trkpt><trkpt lat="37.156736" lon="127.206095"><time>2026-08-08T01:01:18.000Z</time><ele>64.35</ele></trkpt><trkpt lat="37.156428" lon="127.205997"><time>2026-08-08T01:01:19.000Z</time><ele>64.06</ele></trkpt><trkpt lat="37.156121" lon="127.205893"><time>2026-08-08T01:01:20.000Z</time><ele>63.91</ele></trkpt><trkpt lat="37.155815" lon="127.205784"><time>2026-08-08T01:01:21.000Z</time><ele>63.61</ele></trkpt><trkpt lat="37.155515" lon="127.205664"><time>2026-08-08T01:01:22.000Z</time><ele>63.66</ele></trkpt><trkpt lat="37.155215" lon="127.205549"><time>2026-08-08T01:01:23.000Z</time><ele>63.48</ele></trkpt><trkpt lat="37.154912" lon="127.205438"><time>2026-08-08T01:01:24.000Z</time><ele>63.25</ele></trkpt><trkpt lat="37.154609" lon="127.205327"><time>2026-08-08T01:01:25.000Z</time><ele>63</ele></trkpt><trkpt lat="37.154305" lon="127.205218"><time>2026-08-08T01:01:26.000Z</time><ele>62.75</ele></trkpt><trkpt lat="37.154001" lon="127.205101"><time>2026-08-08T01:01:27.000Z</time><ele>62.75</ele></trkpt><trkpt lat="37.153701" lon="127.204985"><time>2026-08-08T01:01:28.000Z</time><ele>62.8</ele></trkpt><trkpt lat="37.153402" lon="127.204877"><time>2026-08-08T01:01:29.000Z</time><ele>62.84</ele></trkpt><trkpt lat="37.153106" lon="127.204765"><time>2026-08-08T01:01:30.000Z</time><ele>62.84</ele></trkpt><trkpt lat="37.152816" lon="127.20466"><time>2026-08-08T01:01:31.000Z</time><ele>62.51</ele></trkpt><trkpt lat="37.15252" lon="127.204553"><time>2026-08-08T01:01:32.000Z</time><ele>62.2</ele></trkpt><trkpt lat="37.152231" lon="127.204447"><time>2026-08-08T01:01:33.000Z</time><ele>61.78</ele></trkpt><trkpt lat="37.151955" lon="127.204347"><time>2026-08-08T01:01:34.000Z</time><ele>61.69</ele></trkpt><trkpt lat="37.151695" lon="127.204244"><time>2026-08-08T01:01:35.000Z</time><ele>61.51</ele></trkpt><trkpt lat="37.151447" lon="127.204147"><time>2026-08-08T01:01:36.000Z</time><ele>61.32</ele></trkpt><trkpt lat="37.151192" lon="127.204052"><time>2026-08-08T01:01:37.000Z</time><ele>60.73</ele></trkpt><trkpt lat="37.150947" lon="127.203951"><time>2026-08-08T01:01:38.000Z</time><ele>60.31</ele></trkpt><trkpt lat="37.150715" lon="127.203847"><time>2026-08-08T01:01:39.000Z</time><ele>60.11</ele></trkpt><trkpt lat="37.1505" lon="127.203747"><time>2026-08-08T01:01:40.000Z</time><ele>59.92</ele></trkpt><trkpt lat="37.150301" lon="127.203649"><time>2026-08-08T01:01:41.000Z</time><ele>60.02</ele></trkpt><trkpt lat="37.150108" lon="127.203546"><time>2026-08-08T01:01:42.000Z</time><ele>59.93</ele></trkpt><trkpt lat="37.149917" lon="127.20344"><time>2026-08-08T01:01:43.000Z</time><ele>59.59</ele></trkpt><trkpt lat="37.149728" lon="127.203338"><time>2026-08-08T01:01:44.000Z</time><ele>59.27</ele></trkpt><trkpt lat="37.149569" lon="127.203224"><time>2026-08-08T01:01:45.000Z</time><ele>58.9</ele></trkpt><trkpt lat="37.149394" lon="127.203142"><time>2026-08-08T01:01:46.000Z</time><ele>58.4</ele></trkpt><trkpt lat="37.149225" lon="127.203034"><time>2026-08-08T01:01:47.000Z</time><ele>58.15</ele></trkpt><trkpt lat="37.149061" lon="127.202927"><time>2026-08-08T01:01:48.000Z</time><ele>57.92</ele></trkpt><trkpt lat="37.148895" lon="127.202814"><time>2026-08-08T01:01:49.000Z</time><ele>57.48</ele></trkpt><trkpt lat="37.148717" lon="127.202681"><time>2026-08-08T01:01:50.000Z</time><ele>57.42</ele></trkpt><trkpt lat="37.148542" lon="127.202522"><time>2026-08-08T01:01:51.000Z</time><ele>57.18</ele></trkpt><trkpt lat="37.148343" lon="127.202371"><time>2026-08-08T01:01:52.001Z</time><ele>57.1</ele></trkpt><trkpt lat="37.148134" lon="127.202222"><time>2026-08-08T01:01:53.001Z</time><ele>56.47</ele></trkpt><trkpt lat="37.147929" lon="127.20205"><time>2026-08-08T01:01:54.001Z</time><ele>56.46</ele></trkpt><trkpt lat="37.147723" lon="127.201882"><time>2026-08-08T01:01:55.001Z</time><ele>56.61</ele></trkpt><trkpt lat="37.147517" lon="127.201722"><time>2026-08-08T01:01:56.001Z</time><ele>56.84</ele></trkpt><trkpt lat="37.147307" lon="127.201588"><time>2026-08-08T01:01:57.001Z</time><ele>57.23</ele></trkpt><trkpt lat="37.147106" lon="127.201459"><time>2026-08-08T01:01:58.001Z</time><ele>57.04</ele></trkpt><trkpt lat="37.146914" lon="127.201326"><time>2026-08-08T01:01:59.001Z</time><ele>57.29</ele></trkpt><trkpt lat="37.14673" lon="127.201193"><time>2026-08-08T01:02:00.001Z</time><ele>57.2</ele></trkpt><trkpt lat="37.146557" lon="127.201072"><time>2026-08-08T01:02:01.001Z</time><ele>56.52</ele></trkpt><trkpt lat="37.146394" lon="127.20096"><time>2026-08-08T01:02:02.001Z</time><ele>54.55</ele></trkpt><trkpt lat="37.146236" lon="127.200848"><time>2026-08-08T01:02:03.001Z</time><ele>52.84</ele></trkpt><trkpt lat="37.146084" lon="127.200727"><time>2026-08-08T01:02:04.001Z</time><ele>51.61</ele></trkpt><trkpt lat="37.145934" lon="127.200621"><time>2026-08-08T01:02:05.001Z</time><ele>50.21</ele></trkpt><trkpt lat="37.145796" lon="127.200512"><time>2026-08-08T01:02:06.001Z</time><ele>49.12</ele></trkpt><trkpt lat="37.145647" lon="127.200433"><time>2026-08-08T01:02:07.001Z</time><ele>49.33</ele></trkpt><trkpt lat="37.145517" lon="127.200327"><time>2026-08-08T01:02:08.001Z</time><ele>49.15</ele></trkpt><trkpt lat="37.1454" lon="127.200197"><time>2026-08-08T01:02:09.001Z</time><ele>49.25</ele></trkpt><trkpt lat="37.145266" lon="127.200085"><time>2026-08-08T01:02:10.001Z</time><ele>49.56</ele></trkpt><trkpt lat="37.145127" lon="127.199969"><time>2026-08-08T01:02:11.001Z</time><ele>50.04</ele></trkpt><trkpt lat="37.144956" lon="127.199904"><time>2026-08-08T01:02:12.001Z</time><ele>50.38</ele></trkpt><trkpt lat="37.144774" lon="127.199863"><time>2026-08-08T01:02:13.001Z</time><ele>50.24</ele></trkpt><trkpt lat="37.144588" lon="127.199818"><time>2026-08-08T01:02:14.001Z</time><ele>51</ele></trkpt><trkpt lat="37.144419" lon="127.199772"><time>2026-08-08T01:02:15.001Z</time><ele>50.74</ele></trkpt><trkpt lat="37.144248" lon="127.199724"><time>2026-08-08T01:02:16.001Z</time><ele>51.01</ele></trkpt><trkpt lat="37.144084" lon="127.19968"><time>2026-08-08T01:02:17.001Z</time><ele>50.8</ele></trkpt><trkpt lat="37.143931" lon="127.199598"><time>2026-08-08T01:02:18.001Z</time><ele>50.91</ele></trkpt><trkpt lat="37.143799" lon="127.199499"><time>2026-08-08T01:02:19.001Z</time><ele>50.96</ele></trkpt><trkpt lat="37.143655" lon="127.199382"><time>2026-08-08T01:02:20.001Z</time><ele>51.1</ele></trkpt><trkpt lat="37.143505" lon="127.199258"><time>2026-08-08T01:02:21.001Z</time><ele>51.44</ele></trkpt><trkpt lat="37.143368" lon="127.199144"><time>2026-08-08T01:02:22.001Z</time><ele>51.46</ele></trkpt><trkpt lat="37.143237" lon="127.19904"><time>2026-08-08T01:02:23.001Z</time><ele>51.6</ele></trkpt><trkpt lat="37.14313" lon="127.198969"><time>2026-08-08T01:02:24.001Z</time><ele>51.58</ele></trkpt><trkpt lat="37.143043" lon="127.198916"><time>2026-08-08T01:02:25.001Z</time><ele>51.81</ele></trkpt><trkpt lat="37.142986" lon="127.198876"><time>2026-08-08T01:02:26.001Z</time><ele>51.75</ele></trkpt><trkpt lat="37.142952" lon="127.198809"><time>2026-08-08T01:02:27.001Z</time><ele>51.38</ele></trkpt><trkpt lat="37.142906" lon="127.198671"><time>2026-08-08T01:02:28.001Z</time><ele>52.2</ele></trkpt><trkpt lat="37.142874" lon="127.198532"><time>2026-08-08T01:02:29.001Z</time><ele>51.91</ele></trkpt><trkpt lat="37.14281" lon="127.198399"><time>2026-08-08T01:02:30.001Z</time><ele>51.54</ele></trkpt><trkpt lat="37.142732" lon="127.198254"><time>2026-08-08T01:02:31.001Z</time><ele>50.81</ele></trkpt><trkpt lat="37.142673" lon="127.198103"><time>2026-08-08T01:02:32.001Z</time><ele>50.75</ele></trkpt><trkpt lat="37.142616" lon="127.197962"><time>2026-08-08T01:02:33.001Z</time><ele>50.35</ele></trkpt><trkpt lat="37.142558" lon="127.197831"><time>2026-08-08T01:02:34.001Z</time><ele>50.11</ele></trkpt><trkpt lat="37.142511" lon="127.197707"><time>2026-08-08T01:02:35.001Z</time><ele>50.23</ele></trkpt><trkpt lat="37.142463" lon="127.19759"><time>2026-08-08T01:02:36.001Z</time><ele>50.06</ele></trkpt><trkpt lat="37.142431" lon="127.197467"><time>2026-08-08T01:02:37.001Z</time><ele>49.91</ele></trkpt><trkpt lat="37.142399" lon="127.197359"><time>2026-08-08T01:02:38.001Z</time><ele>49.67</ele></trkpt><trkpt lat="37.14236" lon="127.197274"><time>2026-08-08T01:02:39.001Z</time><ele>49.59</ele></trkpt><trkpt lat="37.142335" lon="127.19721"><time>2026-08-08T01:02:40.001Z</time><ele>49.4</ele></trkpt><trkpt lat="37.142314" lon="127.19716"><time>2026-08-08T01:02:41.001Z</time><ele>49.43</ele></trkpt><trkpt lat="37.142282" lon="127.197085"><time>2026-08-08T01:02:43.001Z</time><ele>49.4</ele></trkpt><trkpt lat="37.14224" lon="127.196976"><time>2026-08-08T01:02:45.001Z</time><ele>49.62</ele></trkpt><trkpt lat="37.142204" lon="127.196891"><time>2026-08-08T01:02:46.001Z</time><ele>49.63</ele></trkpt><trkpt lat="37.142156" lon="127.196793"><time>2026-08-08T01:02:47.001Z</time><ele>49.76</ele></trkpt><trkpt lat="37.142108" lon="127.196684"><time>2026-08-08T01:02:48.001Z</time><ele>49.84</ele></trkpt><trkpt lat="37.142065" lon="127.196578"><time>2026-08-08T01:02:49.001Z</time><ele>49.78</ele></trkpt><trkpt lat="37.142019" lon="127.196461"><time>2026-08-08T01:02:50.001Z</time><ele>49.6</ele></trkpt><trkpt lat="37.141974" lon="127.196352"><time>2026-08-08T01:02:51.001Z</time><ele>49.36</ele></trkpt><trkpt lat="37.141928" lon="127.196237"><time>2026-08-08T01:02:52.001Z</time><ele>49.81</ele></trkpt><trkpt lat="37.141883" lon="127.196127"><time>2026-08-08T01:02:53.001Z</time><ele>49.69</ele></trkpt><trkpt lat="37.141847" lon="127.196026"><time>2026-08-08T01:02:54.001Z</time><ele>49.46</ele></trkpt><trkpt lat="37.141801" lon="127.195917"><time>2026-08-08T01:02:55.001Z</time><ele>49.42</ele></trkpt><trkpt lat="37.141762" lon="127.195816"><time>2026-08-08T01:02:56.001Z</time><ele>49.28</ele></trkpt><trkpt lat="37.14172" lon="127.195714"><time>2026-08-08T01:02:57.001Z</time><ele>49.59</ele></trkpt><trkpt lat="37.141668" lon="127.195608"><time>2026-08-08T01:02:58.000Z</time><ele>49.65</ele></trkpt><trkpt lat="37.141598" lon="127.195501"><time>2026-08-08T01:02:59.000Z</time><ele>50.28</ele></trkpt><trkpt lat="37.141528" lon="127.195411"><time>2026-08-08T01:03:00.000Z</time><ele>50.54</ele></trkpt><trkpt lat="37.141462" lon="127.195339"><time>2026-08-08T01:03:01.000Z</time><ele>50.4</ele></trkpt><trkpt lat="37.141402" lon="127.195269"><time>2026-08-08T01:03:02.000Z</time><ele>50.51</ele></trkpt><trkpt lat="37.141352" lon="127.195208"><time>2026-08-08T01:03:03.000Z</time><ele>50.22</ele></trkpt><trkpt lat="37.141318" lon="127.195136"><time>2026-08-08T01:03:04.000Z</time><ele>49.94</ele></trkpt><trkpt lat="37.141306" lon="127.195058"><time>2026-08-08T01:03:05.000Z</time><ele>50.03</ele></trkpt><trkpt lat="37.141351" lon="127.194867"><time>2026-08-08T01:03:07.000Z</time><ele>49.93</ele></trkpt><trkpt lat="37.141414" lon="127.194761"><time>2026-08-08T01:03:08.000Z</time><ele>50.23</ele></trkpt><trkpt lat="37.141475" lon="127.194638"><time>2026-08-08T01:03:09.000Z</time><ele>50.13</ele></trkpt><trkpt lat="37.141541" lon="127.194509"><time>2026-08-08T01:03:10.000Z</time><ele>49.38</ele></trkpt><trkpt lat="37.141608" lon="127.194371"><time>2026-08-08T01:03:11.000Z</time><ele>49.38</ele></trkpt><trkpt lat="37.14168" lon="127.194231"><time>2026-08-08T01:03:12.000Z</time><ele>49.76</ele></trkpt><trkpt lat="37.141748" lon="127.194071"><time>2026-08-08T01:03:13.000Z</time><ele>49.61</ele></trkpt><trkpt lat="37.141814" lon="127.193896"><time>2026-08-08T01:03:14.000Z</time><ele>49.46</ele></trkpt><trkpt lat="37.141884" lon="127.193728"><time>2026-08-08T01:03:15.000Z</time><ele>50.07</ele></trkpt><trkpt lat="37.141944" lon="127.193566"><time>2026-08-08T01:03:16.000Z</time><ele>50.53</ele></trkpt><trkpt lat="37.142" lon="127.193407"><time>2026-08-08T01:03:17.000Z</time><ele>50.83</ele></trkpt><trkpt lat="37.142014" lon="127.193223"><time>2026-08-08T01:03:18.000Z</time><ele>51.08</ele></trkpt><trkpt lat="37.142058" lon="127.193044"><time>2026-08-08T01:03:19.000Z</time><ele>50.99</ele></trkpt><trkpt lat="37.142069" lon="127.192854"><time>2026-08-08T01:03:20.000Z</time><ele>50.96</ele></trkpt><trkpt lat="37.142097" lon="127.192667"><time>2026-08-08T01:03:21.000Z</time><ele>51.16</ele></trkpt><trkpt lat="37.142125" lon="127.192474"><time>2026-08-08T01:03:22.000Z</time><ele>51.9</ele></trkpt><trkpt lat="37.142153" lon="127.192278"><time>2026-08-08T01:03:23.000Z</time><ele>51.81</ele></trkpt><trkpt lat="37.142199" lon="127.19208"><time>2026-08-08T01:03:24.000Z</time><ele>52.27</ele></trkpt><trkpt lat="37.14221" lon="127.191872"><time>2026-08-08T01:03:25.000Z</time><ele>52.94</ele></trkpt><trkpt lat="37.142207" lon="127.191683"><time>2026-08-08T01:03:26.000Z</time><ele>53.41</ele></trkpt><trkpt lat="37.142198" lon="127.191507"><time>2026-08-08T01:03:27.000Z</time><ele>53.92</ele></trkpt><trkpt lat="37.142177" lon="127.19132"><time>2026-08-08T01:03:28.000Z</time><ele>54.61</ele></trkpt><trkpt lat="37.142141" lon="127.19114"><time>2026-08-08T01:03:29.000Z</time><ele>55.4</ele></trkpt><trkpt lat="37.142137" lon="127.190953"><time>2026-08-08T01:03:30.000Z</time><ele>56.07</ele></trkpt><trkpt lat="37.142117" lon="127.190768"><time>2026-08-08T01:03:31.000Z</time><ele>57.01</ele></trkpt><trkpt lat="37.142084" lon="127.19059"><time>2026-08-08T01:03:32.000Z</time><ele>57.36</ele></trkpt><trkpt lat="37.142075" lon="127.190427"><time>2026-08-08T01:03:33.000Z</time><ele>57.82</ele></trkpt><trkpt lat="37.14207" lon="127.190278"><time>2026-08-08T01:03:34.000Z</time><ele>58.53</ele></trkpt><trkpt lat="37.142072" lon="127.190126"><time>2026-08-08T01:03:35.000Z</time><ele>59.08</ele></trkpt><trkpt lat="37.142081" lon="127.189975"><time>2026-08-08T01:03:36.000Z</time><ele>59.41</ele></trkpt><trkpt lat="37.142088" lon="127.189835"><time>2026-08-08T01:03:37.000Z</time><ele>60.47</ele></trkpt><trkpt lat="37.142088" lon="127.189693"><time>2026-08-08T01:03:38.000Z</time><ele>61.57</ele></trkpt><trkpt lat="37.142092" lon="127.189553"><time>2026-08-08T01:03:39.000Z</time><ele>62.04</ele></trkpt><trkpt lat="37.1421" lon="127.18943"><time>2026-08-08T01:03:40.000Z</time><ele>62.42</ele></trkpt><trkpt lat="37.142108" lon="127.189314"><time>2026-08-08T01:03:41.000Z</time><ele>62.85</ele></trkpt><trkpt lat="37.142119" lon="127.189187"><time>2026-08-08T01:03:42.000Z</time><ele>63.29</ele></trkpt><trkpt lat="37.142135" lon="127.18906"><time>2026-08-08T01:03:43.000Z</time><ele>63.28</ele></trkpt><trkpt lat="37.142153" lon="127.188943"><time>2026-08-08T01:03:44.000Z</time><ele>63.14</ele></trkpt><trkpt lat="37.142176" lon="127.188828"><time>2026-08-08T01:03:45.000Z</time><ele>63.19</ele></trkpt><trkpt lat="37.142199" lon="127.188718"><time>2026-08-08T01:03:46.000Z</time><ele>62.25</ele></trkpt><trkpt lat="37.142219" lon="127.188605"><time>2026-08-08T01:03:47.000Z</time><ele>62.24</ele></trkpt><trkpt lat="37.14224" lon="127.188492"><time>2026-08-08T01:03:48.000Z</time><ele>61.94</ele></trkpt><trkpt lat="37.142268" lon="127.188372"><time>2026-08-08T01:03:49.000Z</time><ele>61.64</ele></trkpt><trkpt lat="37.142294" lon="127.188254"><time>2026-08-08T01:03:50.000Z</time><ele>61.51</ele></trkpt><trkpt lat="37.142318" lon="127.18814"><time>2026-08-08T01:03:51.000Z</time><ele>60.9</ele></trkpt><trkpt lat="37.142341" lon="127.188034"><time>2026-08-08T01:03:52.000Z</time><ele>60.34</ele></trkpt><trkpt lat="37.142366" lon="127.187938"><time>2026-08-08T01:03:53.001Z</time><ele>60.14</ele></trkpt><trkpt lat="37.142388" lon="127.187835"><time>2026-08-08T01:03:54.001Z</time><ele>59.85</ele></trkpt><trkpt lat="37.14241" lon="127.187732"><time>2026-08-08T01:03:55.001Z</time><ele>59.69</ele></trkpt><trkpt lat="37.142435" lon="127.187621"><time>2026-08-08T01:03:56.001Z</time><ele>59.19</ele></trkpt><trkpt lat="37.142454" lon="127.187504"><time>2026-08-08T01:03:57.001Z</time><ele>59.08</ele></trkpt><trkpt lat="37.142475" lon="127.187399"><time>2026-08-08T01:03:58.001Z</time><ele>58.31</ele></trkpt><trkpt lat="37.142499" lon="127.187295"><time>2026-08-08T01:03:59.001Z</time><ele>58.04</ele></trkpt><trkpt lat="37.142515" lon="127.187192"><time>2026-08-08T01:04:00.001Z</time><ele>57.76</ele></trkpt><trkpt lat="37.142533" lon="127.187097"><time>2026-08-08T01:04:01.001Z</time><ele>57.46</ele></trkpt><trkpt lat="37.14255" lon="127.187001"><time>2026-08-08T01:04:02.001Z</time><ele>57.7</ele></trkpt><trkpt lat="37.142588" lon="127.186898"><time>2026-08-08T01:04:03.001Z</time><ele>57.86</ele></trkpt><trkpt lat="37.142612" lon="127.186785"><time>2026-08-08T01:04:04.001Z</time><ele>57.84</ele></trkpt><trkpt lat="37.14263" lon="127.186675"><time>2026-08-08T01:04:05.001Z</time><ele>57.57</ele></trkpt><trkpt lat="37.14265" lon="127.186571"><time>2026-08-08T01:04:06.001Z</time><ele>57.74</ele></trkpt><trkpt lat="37.14267" lon="127.186466"><time>2026-08-08T01:04:07.001Z</time><ele>57.94</ele></trkpt><trkpt lat="37.14269" lon="127.186356"><time>2026-08-08T01:04:08.001Z</time><ele>57.9</ele></trkpt><trkpt lat="37.14271" lon="127.186251"><time>2026-08-08T01:04:09.001Z</time><ele>57.65</ele></trkpt><trkpt lat="37.142729" lon="127.186147"><time>2026-08-08T01:04:10.001Z</time><ele>58.04</ele></trkpt><trkpt lat="37.14275" lon="127.186029"><time>2026-08-08T01:04:11.001Z</time><ele>58.14</ele></trkpt><trkpt lat="37.142768" lon="127.185914"><time>2026-08-08T01:04:12.001Z</time><ele>58.1</ele></trkpt><trkpt lat="37.142785" lon="127.185807"><time>2026-08-08T01:04:13.001Z</time><ele>58.07</ele></trkpt><trkpt lat="37.142783" lon="127.185696"><time>2026-08-08T01:04:14.001Z</time><ele>58.28</ele></trkpt><trkpt lat="37.142784" lon="127.185609"><time>2026-08-08T01:04:15.001Z</time><ele>58.43</ele></trkpt><trkpt lat="37.142766" lon="127.185519"><time>2026-08-08T01:04:16.001Z</time><ele>58.66</ele></trkpt><trkpt lat="37.142753" lon="127.185438"><time>2026-08-08T01:04:17.001Z</time><ele>58.73</ele></trkpt><trkpt lat="37.142721" lon="127.185348"><time>2026-08-08T01:04:18.001Z</time><ele>58.61</ele></trkpt><trkpt lat="37.142688" lon="127.185262"><time>2026-08-08T01:04:19.001Z</time><ele>58.88</ele></trkpt><trkpt lat="37.142638" lon="127.185183"><time>2026-08-08T01:04:20.001Z</time><ele>58.79</ele></trkpt><trkpt lat="37.142593" lon="127.185102"><time>2026-08-08T01:04:21.001Z</time><ele>58.46</ele></trkpt><trkpt lat="37.142545" lon="127.185022"><time>2026-08-08T01:04:22.001Z</time><ele>58.24</ele></trkpt><trkpt lat="37.142501" lon="127.184949"><time>2026-08-08T01:04:23.001Z</time><ele>58.11</ele></trkpt><trkpt lat="37.142457" lon="127.184877"><time>2026-08-08T01:04:24.001Z</time><ele>58.06</ele></trkpt><trkpt lat="37.142418" lon="127.184812"><time>2026-08-08T01:04:25.001Z</time><ele>57.89</ele></trkpt><trkpt lat="37.142379" lon="127.184747"><time>2026-08-08T01:04:26.001Z</time><ele>57.72</ele></trkpt><trkpt lat="37.14233" lon="127.184698"><time>2026-08-08T01:04:27.001Z</time><ele>57.9</ele></trkpt><trkpt lat="37.1423" lon="127.184633"><time>2026-08-08T01:04:28.001Z</time><ele>57.74</ele></trkpt><trkpt lat="37.142259" lon="127.184562"><time>2026-08-08T01:04:29.001Z</time><ele>58.22</ele></trkpt><trkpt lat="37.142222" lon="127.184501"><time>2026-08-08T01:04:30.001Z</time><ele>58.19</ele></trkpt><trkpt lat="37.14218" lon="127.184428"><time>2026-08-08T01:04:31.001Z</time><ele>58.56</ele></trkpt><trkpt lat="37.142139" lon="127.184356"><time>2026-08-08T01:04:32.001Z</time><ele>58.46</ele></trkpt><trkpt lat="37.142093" lon="127.184275"><time>2026-08-08T01:04:33.001Z</time><ele>58.53</ele></trkpt><trkpt lat="37.142069" lon="127.184178"><time>2026-08-08T01:04:34.001Z</time><ele>58.65</ele></trkpt><trkpt lat="37.142033" lon="127.184086"><time>2026-08-08T01:04:35.001Z</time><ele>59.08</ele></trkpt><trkpt lat="37.142001" lon="127.183996"><time>2026-08-08T01:04:36.001Z</time><ele>58.86</ele></trkpt><trkpt lat="37.141967" lon="127.183905"><time>2026-08-08T01:04:37.001Z</time><ele>58.69</ele></trkpt><trkpt lat="37.141932" lon="127.183809"><time>2026-08-08T01:04:38.001Z</time><ele>58.27</ele></trkpt><trkpt lat="37.141896" lon="127.183708"><time>2026-08-08T01:04:39.001Z</time><ele>57.96</ele></trkpt><trkpt lat="37.14186" lon="127.183602"><time>2026-08-08T01:04:40.001Z</time><ele>57.9</ele></trkpt><trkpt lat="37.141823" lon="127.183491"><time>2026-08-08T01:04:41.001Z</time><ele>57.62</ele></trkpt><trkpt lat="37.141789" lon="127.183389"><time>2026-08-08T01:04:42.001Z</time><ele>57.42</ele></trkpt><trkpt lat="37.141755" lon="127.18328"><time>2026-08-08T01:04:43.001Z</time><ele>57.51</ele></trkpt><trkpt lat="37.14172" lon="127.183173"><time>2026-08-08T01:04:44.001Z</time><ele>57.69</ele></trkpt><trkpt lat="37.141683" lon="127.18306"><time>2026-08-08T01:04:45.001Z</time><ele>57.38</ele></trkpt><trkpt lat="37.141646" lon="127.182942"><time>2026-08-08T01:04:46.001Z</time><ele>57</ele></trkpt><trkpt lat="37.141608" lon="127.182825"><time>2026-08-08T01:04:47.001Z</time><ele>57.28</ele></trkpt><trkpt lat="37.141573" lon="127.182714"><time>2026-08-08T01:04:48.001Z</time><ele>57.23</ele></trkpt><trkpt lat="37.141537" lon="127.182599"><time>2026-08-08T01:04:49.001Z</time><ele>56.82</ele></trkpt><trkpt lat="37.1415" lon="127.182486"><time>2026-08-08T01:04:50.001Z</time><ele>57.11</ele></trkpt><trkpt lat="37.141465" lon="127.182395"><time>2026-08-08T01:04:51.001Z</time><ele>56</ele></trkpt><trkpt lat="37.14143" lon="127.182302"><time>2026-08-08T01:04:52.001Z</time><ele>56.55</ele></trkpt><trkpt lat="37.141395" lon="127.182209"><time>2026-08-08T01:04:53.001Z</time><ele>56.37</ele></trkpt><trkpt lat="37.14136" lon="127.182118"><time>2026-08-08T01:04:54.001Z</time><ele>55.07</ele></trkpt><trkpt lat="37.141323" lon="127.182021"><time>2026-08-08T01:04:55.001Z</time><ele>55.88</ele></trkpt><trkpt lat="37.141288" lon="127.181926"><time>2026-08-08T01:04:56.001Z</time><ele>55.77</ele></trkpt><trkpt lat="37.141253" lon="127.181833"><time>2026-08-08T01:04:57.001Z</time><ele>55.75</ele></trkpt><trkpt lat="37.141203" lon="127.181746"><time>2026-08-08T01:04:58.001Z</time><ele>55.28</ele></trkpt><trkpt lat="37.141169" lon="127.181641"><time>2026-08-08T01:04:59.001Z</time><ele>55.36</ele></trkpt><trkpt lat="37.141128" lon="127.181536"><time>2026-08-08T01:05:00.001Z</time><ele>55.14</ele></trkpt><trkpt lat="37.141084" lon="127.181423"><time>2026-08-08T01:05:01.001Z</time><ele>55.34</ele></trkpt><trkpt lat="37.14104" lon="127.181308"><time>2026-08-08T01:05:02.001Z</time><ele>55.13</ele></trkpt><trkpt lat="37.141003" lon="127.181198"><time>2026-08-08T01:05:03.001Z</time><ele>54.83</ele></trkpt><trkpt lat="37.140961" lon="127.181089"><time>2026-08-08T01:05:04.000Z</time><ele>55.02</ele></trkpt><trkpt lat="37.140917" lon="127.180985"><time>2026-08-08T01:05:05.000Z</time><ele>54.86</ele></trkpt><trkpt lat="37.140878" lon="127.180886"><time>2026-08-08T01:05:06.000Z</time><ele>54.02</ele></trkpt><trkpt lat="37.140837" lon="127.180784"><time>2026-08-08T01:05:07.000Z</time><ele>53.66</ele></trkpt><trkpt lat="37.140795" lon="127.180683"><time>2026-08-08T01:05:08.000Z</time><ele>53.23</ele></trkpt><trkpt lat="37.140756" lon="127.180585"><time>2026-08-08T01:05:09.000Z</time><ele>52.15</ele></trkpt><trkpt lat="37.140709" lon="127.180477"><time>2026-08-08T01:05:10.000Z</time><ele>50.5</ele></trkpt><trkpt lat="37.140668" lon="127.180363"><time>2026-08-08T01:05:11.000Z</time><ele>50.13</ele></trkpt><trkpt lat="37.140625" lon="127.180257"><time>2026-08-08T01:05:12.000Z</time><ele>49.92</ele></trkpt><trkpt lat="37.140577" lon="127.180138"><time>2026-08-08T01:05:13.000Z</time><ele>49.54</ele></trkpt><trkpt lat="37.140535" lon="127.18003"><time>2026-08-08T01:05:14.000Z</time><ele>49.06</ele></trkpt><trkpt lat="37.140503" lon="127.179924"><time>2026-08-08T01:05:15.000Z</time><ele>48.16</ele></trkpt><trkpt lat="37.140467" lon="127.179824"><time>2026-08-08T01:05:16.000Z</time><ele>48.18</ele></trkpt><trkpt lat="37.140431" lon="127.17972"><time>2026-08-08T01:05:17.000Z</time><ele>48.06</ele></trkpt><trkpt lat="37.140394" lon="127.179611"><time>2026-08-08T01:05:18.000Z</time><ele>47.93</ele></trkpt><trkpt lat="37.140352" lon="127.179496"><time>2026-08-08T01:05:19.000Z</time><ele>48.18</ele></trkpt><trkpt lat="37.140326" lon="127.179365"><time>2026-08-08T01:05:20.000Z</time><ele>48.19</ele></trkpt><trkpt lat="37.140287" lon="127.179237"><time>2026-08-08T01:05:21.000Z</time><ele>48.95</ele></trkpt><trkpt lat="37.140249" lon="127.179115"><time>2026-08-08T01:05:22.000Z</time><ele>48.99</ele></trkpt><trkpt lat="37.140211" lon="127.178991"><time>2026-08-08T01:05:23.000Z</time><ele>48.7</ele></trkpt><trkpt lat="37.140169" lon="127.178855"><time>2026-08-08T01:05:24.000Z</time><ele>48.29</ele></trkpt><trkpt lat="37.140126" lon="127.178718"><time>2026-08-08T01:05:25.000Z</time><ele>48.39</ele></trkpt><trkpt lat="37.140086" lon="127.178588"><time>2026-08-08T01:05:26.000Z</time><ele>48.63</ele></trkpt><trkpt lat="37.140046" lon="127.17846"><time>2026-08-08T01:05:27.000Z</time><ele>48.43</ele></trkpt><trkpt lat="37.140004" lon="127.178323"><time>2026-08-08T01:05:28.000Z</time><ele>48.45</ele></trkpt><trkpt lat="37.139946" lon="127.17819"><time>2026-08-08T01:05:29.000Z</time><ele>48.36</ele></trkpt><trkpt lat="37.139918" lon="127.178045"><time>2026-08-08T01:05:30.000Z</time><ele>48.24</ele></trkpt><trkpt lat="37.139877" lon="127.177915"><time>2026-08-08T01:05:31.000Z</time><ele>48.29</ele></trkpt><trkpt lat="37.139789" lon="127.177672"><time>2026-08-08T01:05:33.000Z</time><ele>48.12</ele></trkpt><trkpt lat="37.139755" lon="127.177555"><time>2026-08-08T01:05:34.000Z</time><ele>47.91</ele></trkpt><trkpt lat="37.139722" lon="127.177448"><time>2026-08-08T01:05:35.000Z</time><ele>47.92</ele></trkpt><trkpt lat="37.139691" lon="127.177352"><time>2026-08-08T01:05:36.000Z</time><ele>48.42</ele></trkpt><trkpt lat="37.139667" lon="127.177266"><time>2026-08-08T01:05:37.000Z</time><ele>48.76</ele></trkpt><trkpt lat="37.139643" lon="127.177185"><time>2026-08-08T01:05:38.000Z</time><ele>49.49</ele></trkpt><trkpt lat="37.139614" lon="127.177108"><time>2026-08-08T01:05:39.000Z</time><ele>50.16</ele></trkpt><trkpt lat="37.13959" lon="127.177036"><time>2026-08-08T01:05:40.000Z</time><ele>50.57</ele></trkpt><trkpt lat="37.139569" lon="127.176961"><time>2026-08-08T01:05:41.000Z</time><ele>50.9</ele></trkpt><trkpt lat="37.13955" lon="127.176879"><time>2026-08-08T01:05:42.000Z</time><ele>50.91</ele></trkpt><trkpt lat="37.139531" lon="127.176793"><time>2026-08-08T01:05:43.000Z</time><ele>50.19</ele></trkpt><trkpt lat="37.139497" lon="127.176717"><time>2026-08-08T01:05:44.000Z</time><ele>50.35</ele></trkpt><trkpt lat="37.139472" lon="127.176643"><time>2026-08-08T01:05:45.000Z</time><ele>50.38</ele></trkpt><trkpt lat="37.139441" lon="127.17657"><time>2026-08-08T01:05:46.000Z</time><ele>50.55</ele></trkpt><trkpt lat="37.139416" lon="127.176503"><time>2026-08-08T01:05:47.000Z</time><ele>50.39</ele></trkpt><trkpt lat="37.139393" lon="127.176443"><time>2026-08-08T01:05:48.000Z</time><ele>50.51</ele></trkpt><trkpt lat="37.139374" lon="127.176387"><time>2026-08-08T01:05:49.000Z</time><ele>50.26</ele></trkpt><trkpt lat="37.139345" lon="127.176309"><time>2026-08-08T01:05:51.000Z</time><ele>50.18</ele></trkpt><trkpt lat="37.139323" lon="127.176258"><time>2026-08-08T01:05:57.000Z</time><ele>49.84</ele></trkpt><trkpt lat="37.139303" lon="127.176202"><time>2026-08-08T01:06:10.001Z</time><ele>49.8</ele></trkpt><trkpt lat="37.139279" lon="127.176142"><time>2026-08-08T01:06:11.001Z</time><ele>49.77</ele></trkpt><trkpt lat="37.139248" lon="127.176069"><time>2026-08-08T01:06:12.001Z</time><ele>49.74</ele></trkpt><trkpt lat="37.139214" lon="127.175986"><time>2026-08-08T01:06:13.001Z</time><ele>49.52</ele></trkpt><trkpt lat="37.139178" lon="127.175891"><time>2026-08-08T01:06:14.001Z</time><ele>49.79</ele></trkpt><trkpt lat="37.139161" lon="127.175782"><time>2026-08-08T01:06:15.001Z</time><ele>50.2</ele></trkpt><trkpt lat="37.139131" lon="127.175678"><time>2026-08-08T01:06:16.001Z</time><ele>50.24</ele></trkpt><trkpt lat="37.139082" lon="127.175571"><time>2026-08-08T01:06:17.001Z</time><ele>50.58</ele></trkpt><trkpt lat="37.139045" lon="127.17545"><time>2026-08-08T01:06:18.001Z</time><ele>50.31</ele></trkpt><trkpt lat="37.139019" lon="127.175321"><time>2026-08-08T01:06:19.001Z</time><ele>49.74</ele></trkpt><trkpt lat="37.138996" lon="127.175189"><time>2026-08-08T01:06:20.001Z</time><ele>50.07</ele></trkpt><trkpt lat="37.138985" lon="127.175046"><time>2026-08-08T01:06:21.001Z</time><ele>50.17</ele></trkpt><trkpt lat="37.138996" lon="127.174898"><time>2026-08-08T01:06:22.001Z</time><ele>50.26</ele></trkpt><trkpt lat="37.138994" lon="127.174759"><time>2026-08-08T01:06:23.001Z</time><ele>49.63</ele></trkpt><trkpt lat="37.138991" lon="127.17462"><time>2026-08-08T01:06:24.001Z</time><ele>48.89</ele></trkpt><trkpt lat="37.13899" lon="127.174468"><time>2026-08-08T01:06:25.001Z</time><ele>49.84</ele></trkpt><trkpt lat="37.138987" lon="127.174317"><time>2026-08-08T01:06:26.001Z</time><ele>49.6</ele></trkpt><trkpt lat="37.138979" lon="127.174181"><time>2026-08-08T01:06:27.001Z</time><ele>49.15</ele></trkpt><trkpt lat="37.138996" lon="127.174039"><time>2026-08-08T01:06:28.001Z</time><ele>48.95</ele></trkpt><trkpt lat="37.139032" lon="127.173892"><time>2026-08-08T01:06:29.001Z</time><ele>48.54</ele></trkpt><trkpt lat="37.139087" lon="127.173751"><time>2026-08-08T01:06:30.001Z</time><ele>48.16</ele></trkpt><trkpt lat="37.139148" lon="127.173637"><time>2026-08-08T01:06:31.001Z</time><ele>47.55</ele></trkpt><trkpt lat="37.139205" lon="127.17352"><time>2026-08-08T01:06:32.001Z</time><ele>47.28</ele></trkpt><trkpt lat="37.139258" lon="127.173403"><time>2026-08-08T01:06:33.001Z</time><ele>47.11</ele></trkpt><trkpt lat="37.139315" lon="127.173274"><time>2026-08-08T01:06:34.001Z</time><ele>47.31</ele></trkpt><trkpt lat="37.139375" lon="127.173147"><time>2026-08-08T01:06:35.001Z</time><ele>47.56</ele></trkpt><trkpt lat="37.139431" lon="127.173023"><time>2026-08-08T01:06:36.001Z</time><ele>47.02</ele></trkpt><trkpt lat="37.139488" lon="127.1729"><time>2026-08-08T01:06:37.001Z</time><ele>46.82</ele></trkpt><trkpt lat="37.139541" lon="127.17277"><time>2026-08-08T01:06:38.001Z</time><ele>46.7</ele></trkpt><trkpt lat="37.139591" lon="127.172652"><time>2026-08-08T01:06:39.001Z</time><ele>46.11</ele></trkpt><trkpt lat="37.13964" lon="127.172538"><time>2026-08-08T01:06:40.001Z</time><ele>45.86</ele></trkpt><trkpt lat="37.139687" lon="127.172426"><time>2026-08-08T01:06:41.001Z</time><ele>45.68</ele></trkpt><trkpt lat="37.13974" lon="127.172313"><time>2026-08-08T01:06:42.001Z</time><ele>45.52</ele></trkpt><trkpt lat="37.139789" lon="127.172199"><time>2026-08-08T01:06:43.001Z</time><ele>45.22</ele></trkpt><trkpt lat="37.139836" lon="127.172095"><time>2026-08-08T01:06:44.001Z</time><ele>44.35</ele></trkpt><trkpt lat="37.139881" lon="127.171992"><time>2026-08-08T01:06:45.001Z</time><ele>44.79</ele></trkpt><trkpt lat="37.139924" lon="127.171885"><time>2026-08-08T01:06:46.001Z</time><ele>44.81</ele></trkpt><trkpt lat="37.139966" lon="127.171787"><time>2026-08-08T01:06:47.001Z</time><ele>45.05</ele></trkpt><trkpt lat="37.140008" lon="127.171692"><time>2026-08-08T01:06:48.001Z</time><ele>44.53</ele></trkpt><trkpt lat="37.14005" lon="127.171585"><time>2026-08-08T01:06:49.001Z</time><ele>44.65</ele></trkpt><trkpt lat="37.140089" lon="127.171484"><time>2026-08-08T01:06:50.001Z</time><ele>43.99</ele></trkpt><trkpt lat="37.14014" lon="127.171393"><time>2026-08-08T01:06:51.001Z</time><ele>44.46</ele></trkpt><trkpt lat="37.140169" lon="127.171297"><time>2026-08-08T01:06:52.001Z</time><ele>44.7</ele></trkpt><trkpt lat="37.140168" lon="127.171192"><time>2026-08-08T01:06:53.001Z</time><ele>44.37</ele></trkpt><trkpt lat="37.140165" lon="127.171087"><time>2026-08-08T01:06:54.001Z</time><ele>44.36</ele></trkpt><trkpt lat="37.140168" lon="127.170982"><time>2026-08-08T01:06:55.001Z</time><ele>44.37</ele></trkpt><trkpt lat="37.140143" lon="127.170872"><time>2026-08-08T01:06:56.001Z</time><ele>44.03</ele></trkpt><trkpt lat="37.140119" lon="127.170784"><time>2026-08-08T01:06:57.001Z</time><ele>44.36</ele></trkpt><trkpt lat="37.140097" lon="127.170705"><time>2026-08-08T01:06:58.001Z</time><ele>44.09</ele></trkpt><trkpt lat="37.140073" lon="127.170617"><time>2026-08-08T01:06:59.001Z</time><ele>44.15</ele></trkpt><trkpt lat="37.140048" lon="127.170532"><time>2026-08-08T01:07:00.001Z</time><ele>44.26</ele></trkpt><trkpt lat="37.140028" lon="127.170459"><time>2026-08-08T01:07:01.001Z</time><ele>43.85</ele></trkpt><trkpt lat="37.140006" lon="127.170385"><time>2026-08-08T01:07:02.001Z</time><ele>43.89</ele></trkpt><trkpt lat="37.139982" lon="127.170299"><time>2026-08-08T01:07:03.001Z</time><ele>43.7</ele></trkpt><trkpt lat="37.139956" lon="127.170211"><time>2026-08-08T01:07:04.001Z</time><ele>43.57</ele></trkpt><trkpt lat="37.139933" lon="127.17013"><time>2026-08-08T01:07:05.001Z</time><ele>44.08</ele></trkpt><trkpt lat="37.13991" lon="127.170048"><time>2026-08-08T01:07:06.001Z</time><ele>44.25</ele></trkpt><trkpt lat="37.13987" lon="127.169969"><time>2026-08-08T01:07:07.001Z</time><ele>44.28</ele></trkpt><trkpt lat="37.139859" lon="127.169873"><time>2026-08-08T01:07:08.001Z</time><ele>44.47</ele></trkpt><trkpt lat="37.139834" lon="127.169784"><time>2026-08-08T01:07:09.001Z</time><ele>44.23</ele></trkpt><trkpt lat="37.139808" lon="127.169694"><time>2026-08-08T01:07:10.000Z</time><ele>44.29</ele></trkpt><trkpt lat="37.139784" lon="127.169609"><time>2026-08-08T01:07:11.000Z</time><ele>44.3</ele></trkpt><trkpt lat="37.139757" lon="127.169518"><time>2026-08-08T01:07:12.000Z</time><ele>44.53</ele></trkpt><trkpt lat="37.139729" lon="127.169425"><time>2026-08-08T01:07:13.000Z</time><ele>44.85</ele></trkpt><trkpt lat="37.139701" lon="127.169332"><time>2026-08-08T01:07:14.000Z</time><ele>45</ele></trkpt><trkpt lat="37.139671" lon="127.16924"><time>2026-08-08T01:07:15.000Z</time><ele>45.2</ele></trkpt><trkpt lat="37.139638" lon="127.169143"><time>2026-08-08T01:07:16.000Z</time><ele>45.73</ele></trkpt><trkpt lat="37.139603" lon="127.169037"><time>2026-08-08T01:07:17.000Z</time><ele>46.56</ele></trkpt><trkpt lat="37.139551" lon="127.168934"><time>2026-08-08T01:07:18.000Z</time><ele>46.69</ele></trkpt><trkpt lat="37.139528" lon="127.16881"><time>2026-08-08T01:07:19.000Z</time><ele>47.44</ele></trkpt><trkpt lat="37.139489" lon="127.168692"><time>2026-08-08T01:07:20.000Z</time><ele>48.02</ele></trkpt><trkpt lat="37.139436" lon="127.16858"><time>2026-08-08T01:07:21.000Z</time><ele>47.28</ele></trkpt><trkpt lat="37.139395" lon="127.168437"><time>2026-08-08T01:07:22.000Z</time><ele>48.81</ele></trkpt><trkpt lat="37.139349" lon="127.168299"><time>2026-08-08T01:07:23.000Z</time><ele>49.03</ele></trkpt><trkpt lat="37.139311" lon="127.168161"><time>2026-08-08T01:07:24.000Z</time><ele>49.33</ele></trkpt><trkpt lat="37.139288" lon="127.168032"><time>2026-08-08T01:07:25.000Z</time><ele>49.53</ele></trkpt><trkpt lat="37.139276" lon="127.167895"><time>2026-08-08T01:07:26.000Z</time><ele>49.97</ele></trkpt><trkpt lat="37.13928" lon="127.167755"><time>2026-08-08T01:07:27.000Z</time><ele>50.71</ele></trkpt><trkpt lat="37.139294" lon="127.167621"><time>2026-08-08T01:07:28.000Z</time><ele>51.63</ele></trkpt><trkpt lat="37.13932" lon="127.167495"><time>2026-08-08T01:07:29.000Z</time><ele>51.76</ele></trkpt><trkpt lat="37.139343" lon="127.167373"><time>2026-08-08T01:07:30.000Z</time><ele>52.12</ele></trkpt><trkpt lat="37.139371" lon="127.167253"><time>2026-08-08T01:07:31.000Z</time><ele>52.64</ele></trkpt><trkpt lat="37.139416" lon="127.167135"><time>2026-08-08T01:07:32.000Z</time><ele>52.99</ele></trkpt><trkpt lat="37.139469" lon="127.167032"><time>2026-08-08T01:07:33.000Z</time><ele>53.94</ele></trkpt><trkpt lat="37.139519" lon="127.16692"><time>2026-08-08T01:07:34.000Z</time><ele>54.71</ele></trkpt><trkpt lat="37.139564" lon="127.166812"><time>2026-08-08T01:07:35.000Z</time><ele>55.12</ele></trkpt><trkpt lat="37.139613" lon="127.166703"><time>2026-08-08T01:07:36.000Z</time><ele>55.86</ele></trkpt><trkpt lat="37.139662" lon="127.166594"><time>2026-08-08T01:07:37.000Z</time><ele>57.14</ele></trkpt><trkpt lat="37.139706" lon="127.166477"><time>2026-08-08T01:07:38.000Z</time><ele>57.54</ele></trkpt><trkpt lat="37.139749" lon="127.166353"><time>2026-08-08T01:07:39.000Z</time><ele>58.11</ele></trkpt><trkpt lat="37.139791" lon="127.166221"><time>2026-08-08T01:07:40.000Z</time><ele>59.95</ele></trkpt><trkpt lat="37.139842" lon="127.166108"><time>2026-08-08T01:07:41.000Z</time><ele>59.99</ele></trkpt><trkpt lat="37.139891" lon="127.165994"><time>2026-08-08T01:07:42.000Z</time><ele>60.17</ele></trkpt><trkpt lat="37.13994" lon="127.165874"><time>2026-08-08T01:07:43.000Z</time><ele>60.34</ele></trkpt><trkpt lat="37.139993" lon="127.165752"><time>2026-08-08T01:07:44.000Z</time><ele>60.69</ele></trkpt><trkpt lat="37.140045" lon="127.165641"><time>2026-08-08T01:07:45.000Z</time><ele>60.81</ele></trkpt><trkpt lat="37.140108" lon="127.165531"><time>2026-08-08T01:07:46.000Z</time><ele>60.53</ele></trkpt><trkpt lat="37.140186" lon="127.165429"><time>2026-08-08T01:07:47.000Z</time><ele>60.48</ele></trkpt><trkpt lat="37.140275" lon="127.165342"><time>2026-08-08T01:07:48.000Z</time><ele>61.24</ele></trkpt><trkpt lat="37.14036" lon="127.165283"><time>2026-08-08T01:07:49.000Z</time><ele>62.06</ele></trkpt><trkpt lat="37.140438" lon="127.165231"><time>2026-08-08T01:07:50.000Z</time><ele>62.91</ele></trkpt><trkpt lat="37.140505" lon="127.16519"><time>2026-08-08T01:07:51.000Z</time><ele>62.93</ele></trkpt><trkpt lat="37.140558" lon="127.165154"><time>2026-08-08T01:07:52.000Z</time><ele>63.08</ele></trkpt><trkpt lat="37.140615" lon="127.165117"><time>2026-08-08T01:07:53.000Z</time><ele>63.14</ele></trkpt><trkpt lat="37.140674" lon="127.165084"><time>2026-08-08T01:07:54.000Z</time><ele>63.42</ele></trkpt><trkpt lat="37.140736" lon="127.165049"><time>2026-08-08T01:07:55.000Z</time><ele>64.11</ele></trkpt><trkpt lat="37.140795" lon="127.165013"><time>2026-08-08T01:07:56.000Z</time><ele>64.12</ele></trkpt><trkpt lat="37.140855" lon="127.164976"><time>2026-08-08T01:07:57.000Z</time><ele>64.7</ele></trkpt><trkpt lat="37.14092" lon="127.164939"><time>2026-08-08T01:07:58.000Z</time><ele>65.23</ele></trkpt><trkpt lat="37.140988" lon="127.164902"><time>2026-08-08T01:07:59.000Z</time><ele>65.46</ele></trkpt><trkpt lat="37.141059" lon="127.164871"><time>2026-08-08T01:08:00.000Z</time><ele>65.87</ele></trkpt><trkpt lat="37.141121" lon="127.164836"><time>2026-08-08T01:08:01.000Z</time><ele>66.27</ele></trkpt><trkpt lat="37.141179" lon="127.164805"><time>2026-08-08T01:08:02.000Z</time><ele>66.57</ele></trkpt><trkpt lat="37.141238" lon="127.164769"><time>2026-08-08T01:08:03.001Z</time><ele>66.57</ele></trkpt><trkpt lat="37.141296" lon="127.164733"><time>2026-08-08T01:08:04.001Z</time><ele>67.12</ele></trkpt><trkpt lat="37.14136" lon="127.164698"><time>2026-08-08T01:08:05.001Z</time><ele>67.42</ele></trkpt><trkpt lat="37.141422" lon="127.164661"><time>2026-08-08T01:08:06.001Z</time><ele>68.41</ele></trkpt><trkpt lat="37.141485" lon="127.164629"><time>2026-08-08T01:08:07.001Z</time><ele>68.85</ele></trkpt><trkpt lat="37.141551" lon="127.16459"><time>2026-08-08T01:08:08.001Z</time><ele>70.22</ele></trkpt><trkpt lat="37.141618" lon="127.164553"><time>2026-08-08T01:08:09.001Z</time><ele>70.74</ele></trkpt><trkpt lat="37.141686" lon="127.164516"><time>2026-08-08T01:08:10.001Z</time><ele>70.91</ele></trkpt><trkpt lat="37.141752" lon="127.164478"><time>2026-08-08T01:08:11.001Z</time><ele>71.37</ele></trkpt><trkpt lat="37.141816" lon="127.16444"><time>2026-08-08T01:08:12.001Z</time><ele>72.46</ele></trkpt><trkpt lat="37.141886" lon="127.164403"><time>2026-08-08T01:08:13.001Z</time><ele>72.1</ele></trkpt><trkpt lat="37.141944" lon="127.164371"><time>2026-08-08T01:08:14.001Z</time><ele>72.54</ele></trkpt><trkpt lat="37.142004" lon="127.164336"><time>2026-08-08T01:08:15.001Z</time><ele>73.11</ele></trkpt><trkpt lat="37.142062" lon="127.164303"><time>2026-08-08T01:08:16.001Z</time><ele>73.62</ele></trkpt><trkpt lat="37.14212" lon="127.164264"><time>2026-08-08T01:08:17.001Z</time><ele>73.98</ele></trkpt><trkpt lat="37.142178" lon="127.16422"><time>2026-08-08T01:08:18.001Z</time><ele>74.3</ele></trkpt><trkpt lat="37.142233" lon="127.164171"><time>2026-08-08T01:08:19.001Z</time><ele>74.56</ele></trkpt><trkpt lat="37.142281" lon="127.164112"><time>2026-08-08T01:08:20.001Z</time><ele>75.33</ele></trkpt><trkpt lat="37.14232" lon="127.164063"><time>2026-08-08T01:08:21.001Z</time><ele>75.97</ele></trkpt><trkpt lat="37.142349" lon="127.164013"><time>2026-08-08T01:08:22.001Z</time><ele>76.65</ele></trkpt><trkpt lat="37.142374" lon="127.163962"><time>2026-08-08T01:08:23.001Z</time><ele>77.14</ele></trkpt><trkpt lat="37.142396" lon="127.163903"><time>2026-08-08T01:08:24.001Z</time><ele>77.26</ele></trkpt><trkpt lat="37.142406" lon="127.163834"><time>2026-08-08T01:08:25.001Z</time><ele>77.65</ele></trkpt><trkpt lat="37.142437" lon="127.163771"><time>2026-08-08T01:08:26.001Z</time><ele>77.71</ele></trkpt><trkpt lat="37.14244" lon="127.163691"><time>2026-08-08T01:08:27.001Z</time><ele>78.36</ele></trkpt><trkpt lat="37.142459" lon="127.163617"><time>2026-08-08T01:08:28.001Z</time><ele>78.96</ele></trkpt><trkpt lat="37.142472" lon="127.16355"><time>2026-08-08T01:08:29.001Z</time><ele>79.25</ele></trkpt><trkpt lat="37.142476" lon="127.163489"><time>2026-08-08T01:08:30.001Z</time><ele>79.47</ele></trkpt><trkpt lat="37.142497" lon="127.163432"><time>2026-08-08T01:08:31.001Z</time><ele>79.99</ele></trkpt><trkpt lat="37.142503" lon="127.163369"><time>2026-08-08T01:08:32.001Z</time><ele>80.28</ele></trkpt><trkpt lat="37.142508" lon="127.163307"><time>2026-08-08T01:08:33.001Z</time><ele>80.79</ele></trkpt><trkpt lat="37.142508" lon="127.163235"><time>2026-08-08T01:08:34.001Z</time><ele>81.34</ele></trkpt><trkpt lat="37.142502" lon="127.163161"><time>2026-08-08T01:08:35.001Z</time><ele>81.8</ele></trkpt><trkpt lat="37.142493" lon="127.163096"><time>2026-08-08T01:08:36.001Z</time><ele>82.09</ele></trkpt><trkpt lat="37.142463" lon="127.163033"><time>2026-08-08T01:08:37.001Z</time><ele>82.43</ele></trkpt><trkpt lat="37.142448" lon="127.162968"><time>2026-08-08T01:08:38.001Z</time><ele>82.68</ele></trkpt><trkpt lat="37.142418" lon="127.162901"><time>2026-08-08T01:08:39.001Z</time><ele>83.3</ele></trkpt><trkpt lat="37.142388" lon="127.162828"><time>2026-08-08T01:08:40.001Z</time><ele>83.51</ele></trkpt><trkpt lat="37.142361" lon="127.162762"><time>2026-08-08T01:08:41.001Z</time><ele>83.26</ele></trkpt><trkpt lat="37.142345" lon="127.162687"><time>2026-08-08T01:08:42.001Z</time><ele>82.29</ele></trkpt><trkpt lat="37.142314" lon="127.162622"><time>2026-08-08T01:08:43.001Z</time><ele>82.11</ele></trkpt><trkpt lat="37.142281" lon="127.162549"><time>2026-08-08T01:08:44.001Z</time><ele>82.19</ele></trkpt><trkpt lat="37.142244" lon="127.162463"><time>2026-08-08T01:08:45.001Z</time><ele>82.07</ele></trkpt><trkpt lat="37.142207" lon="127.162374"><time>2026-08-08T01:08:46.001Z</time><ele>82.48</ele></trkpt><trkpt lat="37.142201" lon="127.162276"><time>2026-08-08T01:08:47.001Z</time><ele>82.23</ele></trkpt><trkpt lat="37.142175" lon="127.162179"><time>2026-08-08T01:08:48.001Z</time><ele>81.92</ele></trkpt><trkpt lat="37.14217" lon="127.162072"><time>2026-08-08T01:08:49.001Z</time><ele>81.89</ele></trkpt><trkpt lat="37.142172" lon="127.161968"><time>2026-08-08T01:08:50.001Z</time><ele>81.13</ele></trkpt><trkpt lat="37.142173" lon="127.161856"><time>2026-08-08T01:08:51.001Z</time><ele>80.86</ele></trkpt><trkpt lat="37.142176" lon="127.161725"><time>2026-08-08T01:08:52.001Z</time><ele>80.15</ele></trkpt><trkpt lat="37.142182" lon="127.161591"><time>2026-08-08T01:08:53.001Z</time><ele>79.64</ele></trkpt><trkpt lat="37.142185" lon="127.161464"><time>2026-08-08T01:08:54.001Z</time><ele>78.95</ele></trkpt><trkpt lat="37.14219" lon="127.161339"><time>2026-08-08T01:08:55.001Z</time><ele>78.18</ele></trkpt><trkpt lat="37.142194" lon="127.161221"><time>2026-08-08T01:08:56.001Z</time><ele>77.22</ele></trkpt><trkpt lat="37.142199" lon="127.161106"><time>2026-08-08T01:08:57.001Z</time><ele>76.92</ele></trkpt><trkpt lat="37.14222" lon="127.161004"><time>2026-08-08T01:08:58.001Z</time><ele>74.84</ele></trkpt><trkpt lat="37.142229" lon="127.160897"><time>2026-08-08T01:08:59.001Z</time><ele>74.69</ele></trkpt><trkpt lat="37.142239" lon="127.160793"><time>2026-08-08T01:09:00.001Z</time><ele>75.01</ele></trkpt><trkpt lat="37.142259" lon="127.160693"><time>2026-08-08T01:09:01.001Z</time><ele>74.3</ele></trkpt><trkpt lat="37.142273" lon="127.16061"><time>2026-08-08T01:09:02.001Z</time><ele>73.97</ele></trkpt><trkpt lat="37.14228" lon="127.160536"><time>2026-08-08T01:09:03.001Z</time><ele>73.9</ele></trkpt><trkpt lat="37.142305" lon="127.160478"><time>2026-08-08T01:09:04.001Z</time><ele>73.7</ele></trkpt><trkpt lat="37.142298" lon="127.160419"><time>2026-08-08T01:09:05.001Z</time><ele>73.39</ele></trkpt><trkpt lat="37.14231" lon="127.160363"><time>2026-08-08T01:09:06.001Z</time><ele>72.91</ele></trkpt><trkpt lat="37.142315" lon="127.160306"><time>2026-08-08T01:09:07.001Z</time><ele>72.58</ele></trkpt><trkpt lat="37.142304" lon="127.160195"><time>2026-08-08T01:09:09.001Z</time><ele>72.4</ele></trkpt><trkpt lat="37.142295" lon="127.160131"><time>2026-08-08T01:09:10.001Z</time><ele>71.84</ele></trkpt><trkpt lat="37.142276" lon="127.160067"><time>2026-08-08T01:09:11.001Z</time><ele>71.07</ele></trkpt><trkpt lat="37.142261" lon="127.160004"><time>2026-08-08T01:09:12.001Z</time><ele>70.45</ele></trkpt><trkpt lat="37.142245" lon="127.15994"><time>2026-08-08T01:09:13.001Z</time><ele>70.19</ele></trkpt><trkpt lat="37.142225" lon="127.159874"><time>2026-08-08T01:09:14.001Z</time><ele>69.57</ele></trkpt><trkpt lat="37.142207" lon="127.159804"><time>2026-08-08T01:09:15.001Z</time><ele>69.05</ele></trkpt><trkpt lat="37.142195" lon="127.159737"><time>2026-08-08T01:09:16.000Z</time><ele>69.08</ele></trkpt><trkpt lat="37.142193" lon="127.15964"><time>2026-08-08T01:09:18.000Z</time><ele>68.47</ele></trkpt><trkpt lat="37.142197" lon="127.159559"><time>2026-08-08T01:09:20.000Z</time><ele>68.45</ele></trkpt><trkpt lat="37.1422" lon="127.159498"><time>2026-08-08T01:09:22.000Z</time><ele>68.25</ele></trkpt><trkpt lat="37.142209" lon="127.159437"><time>2026-08-08T01:09:24.000Z</time><ele>67.96</ele></trkpt><trkpt lat="37.142232" lon="127.159338"><time>2026-08-08T01:09:26.000Z</time><ele>68.61</ele></trkpt><trkpt lat="37.14226" lon="127.159236"><time>2026-08-08T01:09:28.000Z</time><ele>68.64</ele></trkpt><trkpt lat="37.142293" lon="127.159182"><time>2026-08-08T01:09:29.000Z</time><ele>68.8</ele></trkpt><trkpt lat="37.142313" lon="127.159116"><time>2026-08-08T01:09:30.000Z</time><ele>68.96</ele></trkpt><trkpt lat="37.142335" lon="127.159045"><time>2026-08-08T01:09:31.000Z</time><ele>68.62</ele></trkpt><trkpt lat="37.142356" lon="127.158979"><time>2026-08-08T01:09:32.000Z</time><ele>68.33</ele></trkpt><trkpt lat="37.142363" lon="127.158897"><time>2026-08-08T01:09:33.000Z</time><ele>67.61</ele></trkpt><trkpt lat="37.142369" lon="127.158808"><time>2026-08-08T01:09:34.000Z</time><ele>67.16</ele></trkpt><trkpt lat="37.142371" lon="127.158717"><time>2026-08-08T01:09:35.000Z</time><ele>65.88</ele></trkpt><trkpt lat="37.142365" lon="127.158619"><time>2026-08-08T01:09:36.000Z</time><ele>65.16</ele></trkpt><trkpt lat="37.142354" lon="127.158523"><time>2026-08-08T01:09:37.000Z</time><ele>64.36</ele></trkpt><trkpt lat="37.142289" lon="127.158217"><time>2026-08-08T01:09:40.000Z</time><ele>62.9</ele></trkpt><trkpt lat="37.142267" lon="127.158115"><time>2026-08-08T01:09:41.000Z</time><ele>62.29</ele></trkpt><trkpt lat="37.142247" lon="127.158018"><time>2026-08-08T01:09:42.000Z</time><ele>62.12</ele></trkpt><trkpt lat="37.142219" lon="127.157926"><time>2026-08-08T01:09:43.000Z</time><ele>61.21</ele></trkpt><trkpt lat="37.142176" lon="127.157843"><time>2026-08-08T01:09:44.000Z</time><ele>60.7</ele></trkpt><trkpt lat="37.142152" lon="127.157749"><time>2026-08-08T01:09:45.000Z</time><ele>60.29</ele></trkpt><trkpt lat="37.142127" lon="127.157654"><time>2026-08-08T01:09:46.000Z</time><ele>59.74</ele></trkpt><trkpt lat="37.142099" lon="127.157566"><time>2026-08-08T01:09:47.000Z</time><ele>58.93</ele></trkpt><trkpt lat="37.142065" lon="127.157477"><time>2026-08-08T01:09:48.000Z</time><ele>58.55</ele></trkpt><trkpt lat="37.142029" lon="127.157391"><time>2026-08-08T01:09:49.000Z</time><ele>58.46</ele></trkpt><trkpt lat="37.141991" lon="127.157301"><time>2026-08-08T01:09:50.000Z</time><ele>58.52</ele></trkpt><trkpt lat="37.141946" lon="127.157217"><time>2026-08-08T01:09:51.000Z</time><ele>58.2</ele></trkpt><trkpt lat="37.141897" lon="127.15715"><time>2026-08-08T01:09:52.000Z</time><ele>57.36</ele></trkpt><trkpt lat="37.141856" lon="127.157076"><time>2026-08-08T01:09:53.000Z</time><ele>57.48</ele></trkpt><trkpt lat="37.14181" lon="127.157006"><time>2026-08-08T01:09:54.000Z</time><ele>57.39</ele></trkpt><trkpt lat="37.141762" lon="127.15692"><time>2026-08-08T01:09:55.000Z</time><ele>57.12</ele></trkpt><trkpt lat="37.141714" lon="127.156839"><time>2026-08-08T01:09:56.000Z</time><ele>57.01</ele></trkpt><trkpt lat="37.141668" lon="127.156767"><time>2026-08-08T01:09:57.000Z</time><ele>56.32</ele></trkpt><trkpt lat="37.141627" lon="127.156691"><time>2026-08-08T01:09:58.000Z</time><ele>56.25</ele></trkpt><trkpt lat="37.141582" lon="127.156626"><time>2026-08-08T01:09:59.000Z</time><ele>55.48</ele></trkpt><trkpt lat="37.141535" lon="127.156556"><time>2026-08-08T01:10:00.000Z</time><ele>54.97</ele></trkpt><trkpt lat="37.14149" lon="127.156485"><time>2026-08-08T01:10:01.000Z</time><ele>54.69</ele></trkpt><trkpt lat="37.14145" lon="127.156417"><time>2026-08-08T01:10:02.000Z</time><ele>54.39</ele></trkpt><trkpt lat="37.141403" lon="127.156334"><time>2026-08-08T01:10:03.000Z</time><ele>53.69</ele></trkpt><trkpt lat="37.141358" lon="127.156254"><time>2026-08-08T01:10:04.000Z</time><ele>53.31</ele></trkpt><trkpt lat="37.141308" lon="127.156182"><time>2026-08-08T01:10:05.000Z</time><ele>52.5</ele></trkpt><trkpt lat="37.141266" lon="127.156109"><time>2026-08-08T01:10:06.000Z</time><ele>51.93</ele></trkpt><trkpt lat="37.141223" lon="127.156036"><time>2026-08-08T01:10:07.000Z</time><ele>51.54</ele></trkpt><trkpt lat="37.141174" lon="127.155966"><time>2026-08-08T01:10:08.001Z</time><ele>51.4</ele></trkpt><trkpt lat="37.141134" lon="127.155896"><time>2026-08-08T01:10:09.001Z</time><ele>51.19</ele></trkpt><trkpt lat="37.141092" lon="127.155831"><time>2026-08-08T01:10:10.001Z</time><ele>50.66</ele></trkpt><trkpt lat="37.141054" lon="127.155764"><time>2026-08-08T01:10:11.001Z</time><ele>50.53</ele></trkpt><trkpt lat="37.141013" lon="127.155703"><time>2026-08-08T01:10:12.001Z</time><ele>50.72</ele></trkpt><trkpt lat="37.140975" lon="127.155638"><time>2026-08-08T01:10:13.001Z</time><ele>50.38</ele></trkpt><trkpt lat="37.140932" lon="127.155576"><time>2026-08-08T01:10:14.001Z</time><ele>50.76</ele></trkpt><trkpt lat="37.140891" lon="127.155499"><time>2026-08-08T01:10:15.001Z</time><ele>50.78</ele></trkpt><trkpt lat="37.140839" lon="127.155422"><time>2026-08-08T01:10:16.001Z</time><ele>50.43</ele></trkpt><trkpt lat="37.140785" lon="127.155337"><time>2026-08-08T01:10:17.001Z</time><ele>50.44</ele></trkpt><trkpt lat="37.140728" lon="127.155246"><time>2026-08-08T01:10:18.001Z</time><ele>50.15</ele></trkpt><trkpt lat="37.140665" lon="127.155154"><time>2026-08-08T01:10:19.001Z</time><ele>50.24</ele></trkpt><trkpt lat="37.140602" lon="127.155063"><time>2026-08-08T01:10:20.001Z</time><ele>49.63</ele></trkpt><trkpt lat="37.140535" lon="127.154965"><time>2026-08-08T01:10:21.001Z</time><ele>50.01</ele></trkpt><trkpt lat="37.140468" lon="127.15486"><time>2026-08-08T01:10:22.001Z</time><ele>49.97</ele></trkpt><trkpt lat="37.1404" lon="127.154752"><time>2026-08-08T01:10:23.001Z</time><ele>50.35</ele></trkpt><trkpt lat="37.14034" lon="127.154628"><time>2026-08-08T01:10:24.001Z</time><ele>50.8</ele></trkpt><trkpt lat="37.140271" lon="127.154517"><time>2026-08-08T01:10:25.001Z</time><ele>50.7</ele></trkpt><trkpt lat="37.140207" lon="127.154408"><time>2026-08-08T01:10:26.001Z</time><ele>50.99</ele></trkpt><trkpt lat="37.140135" lon="127.154303"><time>2026-08-08T01:10:27.001Z</time><ele>50.87</ele></trkpt><trkpt lat="37.140072" lon="127.154197"><time>2026-08-08T01:10:28.001Z</time><ele>50.27</ele></trkpt><trkpt lat="37.140011" lon="127.154097"><time>2026-08-08T01:10:29.001Z</time><ele>50.1</ele></trkpt><trkpt lat="37.139949" lon="127.154002"><time>2026-08-08T01:10:30.001Z</time><ele>50.17</ele></trkpt><trkpt lat="37.139889" lon="127.153903"><time>2026-08-08T01:10:31.001Z</time><ele>50.17</ele></trkpt><trkpt lat="37.139825" lon="127.153796"><time>2026-08-08T01:10:32.001Z</time><ele>51.48</ele></trkpt><trkpt lat="37.139773" lon="127.153687"><time>2026-08-08T01:10:33.001Z</time><ele>52.21</ele></trkpt><trkpt lat="37.139729" lon="127.153579"><time>2026-08-08T01:10:34.001Z</time><ele>53.03</ele></trkpt><trkpt lat="37.139707" lon="127.153479"><time>2026-08-08T01:10:35.001Z</time><ele>53.1</ele></trkpt><trkpt lat="37.139698" lon="127.15339"><time>2026-08-08T01:10:36.001Z</time><ele>53.6</ele></trkpt><trkpt lat="37.139695" lon="127.1533"><time>2026-08-08T01:10:37.001Z</time><ele>54.3</ele></trkpt><trkpt lat="37.139698" lon="127.153216"><time>2026-08-08T01:10:38.001Z</time><ele>54.52</ele></trkpt><trkpt lat="37.139711" lon="127.153126"><time>2026-08-08T01:10:39.001Z</time><ele>54.8</ele></trkpt><trkpt lat="37.139723" lon="127.153033"><time>2026-08-08T01:10:40.001Z</time><ele>55.61</ele></trkpt><trkpt lat="37.139729" lon="127.152941"><time>2026-08-08T01:10:41.001Z</time><ele>56.04</ele></trkpt><trkpt lat="37.139738" lon="127.152851"><time>2026-08-08T01:10:42.001Z</time><ele>56.33</ele></trkpt><trkpt lat="37.139747" lon="127.152763"><time>2026-08-08T01:10:43.001Z</time><ele>56.72</ele></trkpt><trkpt lat="37.139758" lon="127.152678"><time>2026-08-08T01:10:44.001Z</time><ele>56.95</ele></trkpt><trkpt lat="37.139766" lon="127.152593"><time>2026-08-08T01:10:45.001Z</time><ele>56.82</ele></trkpt><trkpt lat="37.139773" lon="127.152516"><time>2026-08-08T01:10:46.001Z</time><ele>56.91</ele></trkpt><trkpt lat="37.139779" lon="127.15244"><time>2026-08-08T01:10:47.001Z</time><ele>57.16</ele></trkpt><trkpt lat="37.139788" lon="127.152366"><time>2026-08-08T01:10:48.001Z</time><ele>57.32</ele></trkpt><trkpt lat="37.139798" lon="127.152294"><time>2026-08-08T01:10:49.001Z</time><ele>57.05</ele></trkpt><trkpt lat="37.139806" lon="127.152221"><time>2026-08-08T01:10:50.001Z</time><ele>56.73</ele></trkpt><trkpt lat="37.139817" lon="127.152155"><time>2026-08-08T01:10:51.001Z</time><ele>56.36</ele></trkpt><trkpt lat="37.139827" lon="127.152087"><time>2026-08-08T01:10:52.001Z</time><ele>56.29</ele></trkpt><trkpt lat="37.139839" lon="127.152009"><time>2026-08-08T01:10:53.001Z</time><ele>55.97</ele></trkpt><trkpt lat="37.140003" lon="127.151466"><time>2026-08-08T01:10:57.001Z</time><ele>54.55</ele></trkpt><trkpt lat="37.140076" lon="127.151316"><time>2026-08-08T01:10:58.001Z</time><ele>53.84</ele></trkpt><trkpt lat="37.140147" lon="127.151155"><time>2026-08-08T01:10:59.001Z</time><ele>53.08</ele></trkpt><trkpt lat="37.140229" lon="127.151001"><time>2026-08-08T01:11:00.001Z</time><ele>53.36</ele></trkpt><trkpt lat="37.140312" lon="127.150847"><time>2026-08-08T01:11:01.001Z</time><ele>53.1</ele></trkpt><trkpt lat="37.140397" lon="127.150698"><time>2026-08-08T01:11:02.001Z</time><ele>53.22</ele></trkpt><trkpt lat="37.140481" lon="127.150541"><time>2026-08-08T01:11:03.001Z</time><ele>53.58</ele></trkpt><trkpt lat="37.140567" lon="127.150391"><time>2026-08-08T01:11:04.001Z</time><ele>53.86</ele></trkpt><trkpt lat="37.140648" lon="127.150247"><time>2026-08-08T01:11:05.001Z</time><ele>53.16</ele></trkpt><trkpt lat="37.140727" lon="127.150105"><time>2026-08-08T01:11:06.001Z</time><ele>52.51</ele></trkpt><trkpt lat="37.140803" lon="127.149967"><time>2026-08-08T01:11:07.001Z</time><ele>52.24</ele></trkpt><trkpt lat="37.140875" lon="127.149835"><time>2026-08-08T01:11:08.001Z</time><ele>52.05</ele></trkpt><trkpt lat="37.140943" lon="127.149711"><time>2026-08-08T01:11:09.001Z</time><ele>51.98</ele></trkpt><trkpt lat="37.14101" lon="127.149595"><time>2026-08-08T01:11:10.001Z</time><ele>51.93</ele></trkpt><trkpt lat="37.141075" lon="127.149484"><time>2026-08-08T01:11:11.001Z</time><ele>51.26</ele></trkpt><trkpt lat="37.141141" lon="127.149361"><time>2026-08-08T01:11:12.001Z</time><ele>51.28</ele></trkpt><trkpt lat="37.141208" lon="127.14924"><time>2026-08-08T01:11:13.001Z</time><ele>51.25</ele></trkpt><trkpt lat="37.141273" lon="127.149115"><time>2026-08-08T01:11:14.001Z</time><ele>51.73</ele></trkpt><trkpt lat="37.141332" lon="127.149014"><time>2026-08-08T01:11:15.001Z</time><ele>50.48</ele></trkpt><trkpt lat="37.141397" lon="127.148895"><time>2026-08-08T01:11:16.001Z</time><ele>50.45</ele></trkpt><trkpt lat="37.14147" lon="127.148776"><time>2026-08-08T01:11:17.001Z</time><ele>50.28</ele></trkpt><trkpt lat="37.141542" lon="127.148663"><time>2026-08-08T01:11:18.001Z</time><ele>49.86</ele></trkpt><trkpt lat="37.14161" lon="127.148548"><time>2026-08-08T01:11:19.001Z</time><ele>49.73</ele></trkpt><trkpt lat="37.14168" lon="127.148435"><time>2026-08-08T01:11:20.001Z</time><ele>49.4</ele></trkpt><trkpt lat="37.141754" lon="127.148322"><time>2026-08-08T01:11:21.001Z</time><ele>49.59</ele></trkpt><trkpt lat="37.141837" lon="127.148218"><time>2026-08-08T01:11:22.000Z</time><ele>49.64</ele></trkpt><trkpt lat="37.141929" lon="127.148122"><time>2026-08-08T01:11:23.000Z</time><ele>48.93</ele></trkpt><trkpt lat="37.142022" lon="127.14802"><time>2026-08-08T01:11:24.000Z</time><ele>49.24</ele></trkpt><trkpt lat="37.142116" lon="127.147917"><time>2026-08-08T01:11:25.000Z</time><ele>49.39</ele></trkpt><trkpt lat="37.142205" lon="127.147818"><time>2026-08-08T01:11:26.000Z</time><ele>49.71</ele></trkpt><trkpt lat="37.142294" lon="127.147719"><time>2026-08-08T01:11:27.000Z</time><ele>49.29</ele></trkpt><trkpt lat="37.142383" lon="127.147618"><time>2026-08-08T01:11:28.000Z</time><ele>49.07</ele></trkpt><trkpt lat="37.14247" lon="127.147515"><time>2026-08-08T01:11:29.000Z</time><ele>49.49</ele></trkpt><trkpt lat="37.142543" lon="127.147425"><time>2026-08-08T01:11:30.000Z</time><ele>49.72</ele></trkpt><trkpt lat="37.142613" lon="127.147336"><time>2026-08-08T01:11:31.000Z</time><ele>49.67</ele></trkpt><trkpt lat="37.142683" lon="127.147242"><time>2026-08-08T01:11:32.000Z</time><ele>49.85</ele></trkpt><trkpt lat="37.142747" lon="127.147131"><time>2026-08-08T01:11:33.000Z</time><ele>50.41</ele></trkpt><trkpt lat="37.142813" lon="127.147019"><time>2026-08-08T01:11:34.000Z</time><ele>50.55</ele></trkpt><trkpt lat="37.142879" lon="127.146904"><time>2026-08-08T01:11:35.000Z</time><ele>51.31</ele></trkpt><trkpt lat="37.142941" lon="127.14679"><time>2026-08-08T01:11:36.000Z</time><ele>51.56</ele></trkpt><trkpt lat="37.142996" lon="127.146686"><time>2026-08-08T01:11:37.000Z</time><ele>51.75</ele></trkpt><trkpt lat="37.143052" lon="127.146587"><time>2026-08-08T01:11:38.000Z</time><ele>51.97</ele></trkpt><trkpt lat="37.14311" lon="127.146482"><time>2026-08-08T01:11:39.000Z</time><ele>52.28</ele></trkpt><trkpt lat="37.143165" lon="127.146369"><time>2026-08-08T01:11:40.000Z</time><ele>52.86</ele></trkpt><trkpt lat="37.143223" lon="127.146277"><time>2026-08-08T01:11:41.000Z</time><ele>52.22</ele></trkpt><trkpt lat="37.143268" lon="127.146191"><time>2026-08-08T01:11:42.000Z</time><ele>52.46</ele></trkpt><trkpt lat="37.143304" lon="127.146123"><time>2026-08-08T01:11:43.000Z</time><ele>52.29</ele></trkpt><trkpt lat="37.143331" lon="127.14607"><time>2026-08-08T01:11:44.000Z</time><ele>52.49</ele></trkpt><trkpt lat="37.143366" lon="127.145996"><time>2026-08-08T01:11:46.000Z</time><ele>52.73</ele></trkpt><trkpt lat="37.143394" lon="127.145944"><time>2026-08-08T01:11:49.000Z</time><ele>52.67</ele></trkpt><trkpt lat="37.143437" lon="127.145877"><time>2026-08-08T01:12:10.000Z</time><ele>51.91</ele></trkpt><trkpt lat="37.143466" lon="127.145828"><time>2026-08-08T01:12:11.000Z</time><ele>52.18</ele></trkpt><trkpt lat="37.1435" lon="127.14577"><time>2026-08-08T01:12:12.000Z</time><ele>52.22</ele></trkpt><trkpt lat="37.143538" lon="127.145701"><time>2026-08-08T01:12:13.000Z</time><ele>52.2</ele></trkpt><trkpt lat="37.143574" lon="127.145631"><time>2026-08-08T01:12:14.001Z</time><ele>52.25</ele></trkpt><trkpt lat="37.143612" lon="127.145558"><time>2026-08-08T01:12:15.001Z</time><ele>52.83</ele></trkpt><trkpt lat="37.143661" lon="127.145478"><time>2026-08-08T01:12:16.001Z</time><ele>52.87</ele></trkpt><trkpt lat="37.143715" lon="127.145395"><time>2026-08-08T01:12:17.001Z</time><ele>53.02</ele></trkpt><trkpt lat="37.143773" lon="127.14531"><time>2026-08-08T01:12:18.001Z</time><ele>53.11</ele></trkpt><trkpt lat="37.143825" lon="127.145233"><time>2026-08-08T01:12:19.001Z</time><ele>52.82</ele></trkpt><trkpt lat="37.143869" lon="127.145157"><time>2026-08-08T01:12:20.001Z</time><ele>53.18</ele></trkpt><trkpt lat="37.143916" lon="127.145089"><time>2026-08-08T01:12:21.001Z</time><ele>53.27</ele></trkpt><trkpt lat="37.143969" lon="127.145014"><time>2026-08-08T01:12:22.001Z</time><ele>53.4</ele></trkpt><trkpt lat="37.144022" lon="127.144939"><time>2026-08-08T01:12:23.001Z</time><ele>53.53</ele></trkpt><trkpt lat="37.144073" lon="127.144868"><time>2026-08-08T01:12:24.001Z</time><ele>53.24</ele></trkpt><trkpt lat="37.144132" lon="127.144791"><time>2026-08-08T01:12:25.001Z</time><ele>53.52</ele></trkpt><trkpt lat="37.144191" lon="127.144714"><time>2026-08-08T01:12:26.001Z</time><ele>53.55</ele></trkpt><trkpt lat="37.144244" lon="127.14464"><time>2026-08-08T01:12:27.001Z</time><ele>53.5</ele></trkpt><trkpt lat="37.144302" lon="127.144562"><time>2026-08-08T01:12:28.001Z</time><ele>53.56</ele></trkpt><trkpt lat="37.144362" lon="127.144476"><time>2026-08-08T01:12:29.001Z</time><ele>53.6</ele></trkpt><trkpt lat="37.144425" lon="127.144391"><time>2026-08-08T01:12:30.001Z</time><ele>53.6</ele></trkpt><trkpt lat="37.144494" lon="127.144299"><time>2026-08-08T01:12:31.001Z</time><ele>53.73</ele></trkpt><trkpt lat="37.144565" lon="127.144201"><time>2026-08-08T01:12:32.001Z</time><ele>54.01</ele></trkpt><trkpt lat="37.144639" lon="127.144099"><time>2026-08-08T01:12:33.001Z</time><ele>54</ele></trkpt><trkpt lat="37.144707" lon="127.144007"><time>2026-08-08T01:12:34.001Z</time><ele>54.43</ele></trkpt><trkpt lat="37.144774" lon="127.14392"><time>2026-08-08T01:12:35.001Z</time><ele>54.25</ele></trkpt><trkpt lat="37.144836" lon="127.14384"><time>2026-08-08T01:12:36.001Z</time><ele>54.36</ele></trkpt><trkpt lat="37.144891" lon="127.143762"><time>2026-08-08T01:12:37.001Z</time><ele>54.48</ele></trkpt><trkpt lat="37.144941" lon="127.143687"><time>2026-08-08T01:12:38.001Z</time><ele>54.72</ele></trkpt><trkpt lat="37.144989" lon="127.143618"><time>2026-08-08T01:12:39.001Z</time><ele>54.81</ele></trkpt><trkpt lat="37.145035" lon="127.143556"><time>2026-08-08T01:12:40.001Z</time><ele>54.97</ele></trkpt><trkpt lat="37.145084" lon="127.14349"><time>2026-08-08T01:12:41.001Z</time><ele>55.22</ele></trkpt><trkpt lat="37.145139" lon="127.143419"><time>2026-08-08T01:12:42.001Z</time><ele>55.03</ele></trkpt><trkpt lat="37.145194" lon="127.143344"><time>2026-08-08T01:12:43.001Z</time><ele>54.94</ele></trkpt><trkpt lat="37.145247" lon="127.143265"><time>2026-08-08T01:12:44.001Z</time><ele>55.03</ele></trkpt><trkpt lat="37.145296" lon="127.143174"><time>2026-08-08T01:12:45.001Z</time><ele>55.29</ele></trkpt><trkpt lat="37.145327" lon="127.143073"><time>2026-08-08T01:12:46.001Z</time><ele>55.46</ele></trkpt><trkpt lat="37.145333" lon="127.142983"><time>2026-08-08T01:12:47.001Z</time><ele>55.67</ele></trkpt><trkpt lat="37.145339" lon="127.142875"><time>2026-08-08T01:12:48.001Z</time><ele>55.89</ele></trkpt><trkpt lat="37.145342" lon="127.14274"><time>2026-08-08T01:12:49.001Z</time><ele>56.44</ele></trkpt><trkpt lat="37.145336" lon="127.14262"><time>2026-08-08T01:12:50.001Z</time><ele>56.25</ele></trkpt><trkpt lat="37.145323" lon="127.142517"><time>2026-08-08T01:12:51.001Z</time><ele>56.75</ele></trkpt><trkpt lat="37.14531" lon="127.142415"><time>2026-08-08T01:12:52.001Z</time><ele>56.44</ele></trkpt><trkpt lat="37.145293" lon="127.1423"><time>2026-08-08T01:12:53.001Z</time><ele>57.28</ele></trkpt><trkpt lat="37.145282" lon="127.142186"><time>2026-08-08T01:12:54.001Z</time><ele>57.45</ele></trkpt><trkpt lat="37.145277" lon="127.142064"><time>2026-08-08T01:12:55.001Z</time><ele>57.63</ele></trkpt><trkpt lat="37.14527" lon="127.141927"><time>2026-08-08T01:12:56.001Z</time><ele>57.82</ele></trkpt><trkpt lat="37.145271" lon="127.141778"><time>2026-08-08T01:12:57.001Z</time><ele>57.85</ele></trkpt><trkpt lat="37.145279" lon="127.141627"><time>2026-08-08T01:12:58.001Z</time><ele>58.41</ele></trkpt><trkpt lat="37.14529" lon="127.141495"><time>2026-08-08T01:12:59.001Z</time><ele>58.17</ele></trkpt><trkpt lat="37.145317" lon="127.141365"><time>2026-08-08T01:13:00.001Z</time><ele>58.46</ele></trkpt><trkpt lat="37.145352" lon="127.141237"><time>2026-08-08T01:13:01.001Z</time><ele>58.58</ele></trkpt><trkpt lat="37.145399" lon="127.141106"><time>2026-08-08T01:13:02.001Z</time><ele>58.55</ele></trkpt><trkpt lat="37.14546" lon="127.140977"><time>2026-08-08T01:13:03.001Z</time><ele>59.17</ele></trkpt><trkpt lat="37.145515" lon="127.140834"><time>2026-08-08T01:13:04.001Z</time><ele>60.08</ele></trkpt><trkpt lat="37.145563" lon="127.140703"><time>2026-08-08T01:13:05.001Z</time><ele>60.66</ele></trkpt><trkpt lat="37.145612" lon="127.14058"><time>2026-08-08T01:13:06.001Z</time><ele>61.03</ele></trkpt><trkpt lat="37.145663" lon="127.140453"><time>2026-08-08T01:13:07.001Z</time><ele>62.03</ele></trkpt><trkpt lat="37.145705" lon="127.140324"><time>2026-08-08T01:13:08.001Z</time><ele>62.51</ele></trkpt><trkpt lat="37.14574" lon="127.140194"><time>2026-08-08T01:13:09.001Z</time><ele>63.19</ele></trkpt><trkpt lat="37.145795" lon="127.140063"><time>2026-08-08T01:13:10.001Z</time><ele>63.66</ele></trkpt><trkpt lat="37.145787" lon="127.1399"><time>2026-08-08T01:13:11.001Z</time><ele>64.41</ele></trkpt><trkpt lat="37.145786" lon="127.139744"><time>2026-08-08T01:13:12.001Z</time><ele>65.08</ele></trkpt><trkpt lat="37.145777" lon="127.139585"><time>2026-08-08T01:13:13.001Z</time><ele>66.02</ele></trkpt><trkpt lat="37.145763" lon="127.139435"><time>2026-08-08T01:13:14.001Z</time><ele>66.12</ele></trkpt><trkpt lat="37.145745" lon="127.139267"><time>2026-08-08T01:13:15.001Z</time><ele>65.85</ele></trkpt><trkpt lat="37.145726" lon="127.139097"><time>2026-08-08T01:13:16.001Z</time><ele>67.68</ele></trkpt><trkpt lat="37.145689" lon="127.138936"><time>2026-08-08T01:13:17.001Z</time><ele>67.75</ele></trkpt><trkpt lat="37.145644" lon="127.138782"><time>2026-08-08T01:13:18.001Z</time><ele>69.03</ele></trkpt><trkpt lat="37.145598" lon="127.138638"><time>2026-08-08T01:13:19.001Z</time><ele>69.95</ele></trkpt><trkpt lat="37.145548" lon="127.138501"><time>2026-08-08T01:13:20.001Z</time><ele>70.72</ele></trkpt><trkpt lat="37.145497" lon="127.138364"><time>2026-08-08T01:13:21.001Z</time><ele>70.94</ele></trkpt><trkpt lat="37.14546" lon="127.138227"><time>2026-08-08T01:13:22.001Z</time><ele>71.52</ele></trkpt><trkpt lat="37.145421" lon="127.138091"><time>2026-08-08T01:13:23.001Z</time><ele>72.12</ele></trkpt><trkpt lat="37.145384" lon="127.137945"><time>2026-08-08T01:13:24.001Z</time><ele>72.83</ele></trkpt><trkpt lat="37.145361" lon="127.137802"><time>2026-08-08T01:13:25.001Z</time><ele>73.69</ele></trkpt><trkpt lat="37.145334" lon="127.137648"><time>2026-08-08T01:13:26.001Z</time><ele>73.94</ele></trkpt><trkpt lat="37.145311" lon="127.137496"><time>2026-08-08T01:13:27.001Z</time><ele>74.71</ele></trkpt><trkpt lat="37.145294" lon="127.13735"><time>2026-08-08T01:13:28.000Z</time><ele>75.2</ele></trkpt><trkpt lat="37.145282" lon="127.137195"><time>2026-08-08T01:13:29.000Z</time><ele>75.99</ele></trkpt><trkpt lat="37.145271" lon="127.137047"><time>2026-08-08T01:13:30.000Z</time><ele>75.55</ele></trkpt><trkpt lat="37.145265" lon="127.136909"><time>2026-08-08T01:13:31.000Z</time><ele>75.79</ele></trkpt><trkpt lat="37.145261" lon="127.136749"><time>2026-08-08T01:13:32.000Z</time><ele>76.78</ele></trkpt><trkpt lat="37.145263" lon="127.136595"><time>2026-08-08T01:13:33.000Z</time><ele>77.48</ele></trkpt><trkpt lat="37.145271" lon="127.136451"><time>2026-08-08T01:13:34.000Z</time><ele>77.61</ele></trkpt><trkpt lat="37.145293" lon="127.136302"><time>2026-08-08T01:13:35.000Z</time><ele>78.6</ele></trkpt><trkpt lat="37.145331" lon="127.136158"><time>2026-08-08T01:13:36.000Z</time><ele>78.83</ele></trkpt><trkpt lat="37.145381" lon="127.136014"><time>2026-08-08T01:13:37.000Z</time><ele>79.47</ele></trkpt><trkpt lat="37.145437" lon="127.135871"><time>2026-08-08T01:13:38.000Z</time><ele>80.01</ele></trkpt><trkpt lat="37.145497" lon="127.135743"><time>2026-08-08T01:13:39.000Z</time><ele>80.56</ele></trkpt><trkpt lat="37.145562" lon="127.135635"><time>2026-08-08T01:13:40.000Z</time><ele>81.13</ele></trkpt><trkpt lat="37.145635" lon="127.13553"><time>2026-08-08T01:13:41.000Z</time><ele>81.26</ele></trkpt><trkpt lat="37.14572" lon="127.135426"><time>2026-08-08T01:13:42.000Z</time><ele>82.05</ele></trkpt><trkpt lat="37.145804" lon="127.135333"><time>2026-08-08T01:13:43.000Z</time><ele>82.82</ele></trkpt><trkpt lat="37.14589" lon="127.135234"><time>2026-08-08T01:13:44.000Z</time><ele>82.72</ele></trkpt><trkpt lat="37.145982" lon="127.13514"><time>2026-08-08T01:13:45.000Z</time><ele>83.06</ele></trkpt><trkpt lat="37.146079" lon="127.135044"><time>2026-08-08T01:13:46.000Z</time><ele>83.82</ele></trkpt><trkpt lat="37.146175" lon="127.134946"><time>2026-08-08T01:13:47.000Z</time><ele>85.26</ele></trkpt><trkpt lat="37.146268" lon="127.134854"><time>2026-08-08T01:13:48.000Z</time><ele>84.89</ele></trkpt><trkpt lat="37.146363" lon="127.134759"><time>2026-08-08T01:13:49.000Z</time><ele>84.96</ele></trkpt><trkpt lat="37.146449" lon="127.134667"><time>2026-08-08T01:13:50.000Z</time><ele>84.9</ele></trkpt><trkpt lat="37.146534" lon="127.134579"><time>2026-08-08T01:13:51.000Z</time><ele>85.52</ele></trkpt><trkpt lat="37.146617" lon="127.134475"><time>2026-08-08T01:13:52.000Z</time><ele>85.49</ele></trkpt><trkpt lat="37.146688" lon="127.134377"><time>2026-08-08T01:13:53.000Z</time><ele>85.81</ele></trkpt><trkpt lat="37.146749" lon="127.134277"><time>2026-08-08T01:13:54.000Z</time><ele>85.94</ele></trkpt><trkpt lat="37.146809" lon="127.134169"><time>2026-08-08T01:13:55.000Z</time><ele>86.06</ele></trkpt><trkpt lat="37.146865" lon="127.134047"><time>2026-08-08T01:13:56.000Z</time><ele>87.26</ele></trkpt><trkpt lat="37.146923" lon="127.133926"><time>2026-08-08T01:13:57.000Z</time><ele>87.64</ele></trkpt><trkpt lat="37.146979" lon="127.133813"><time>2026-08-08T01:13:58.000Z</time><ele>87.99</ele></trkpt><trkpt lat="37.147033" lon="127.133708"><time>2026-08-08T01:13:59.000Z</time><ele>88.08</ele></trkpt><trkpt lat="37.14708" lon="127.133611"><time>2026-08-08T01:14:00.000Z</time><ele>88.06</ele></trkpt><trkpt lat="37.147126" lon="127.133522"><time>2026-08-08T01:14:01.000Z</time><ele>88.08</ele></trkpt><trkpt lat="37.14717" lon="127.133438"><time>2026-08-08T01:14:02.000Z</time><ele>87.99</ele></trkpt><trkpt lat="37.147208" lon="127.133354"><time>2026-08-08T01:14:03.000Z</time><ele>88.02</ele></trkpt><trkpt lat="37.147256" lon="127.133274"><time>2026-08-08T01:14:04.000Z</time><ele>87.66</ele></trkpt><trkpt lat="37.147308" lon="127.133178"><time>2026-08-08T01:14:05.000Z</time><ele>87.56</ele></trkpt><trkpt lat="37.147363" lon="127.133072"><time>2026-08-08T01:14:06.000Z</time><ele>87.08</ele></trkpt><trkpt lat="37.147422" lon="127.13295"><time>2026-08-08T01:14:07.000Z</time><ele>86.85</ele></trkpt><trkpt lat="37.147484" lon="127.132827"><time>2026-08-08T01:14:08.000Z</time><ele>86.59</ele></trkpt><trkpt lat="37.147546" lon="127.132706"><time>2026-08-08T01:14:09.000Z</time><ele>87.11</ele></trkpt><trkpt lat="37.147605" lon="127.132596"><time>2026-08-08T01:14:10.000Z</time><ele>86.71</ele></trkpt><trkpt lat="37.147669" lon="127.132468"><time>2026-08-08T01:14:11.000Z</time><ele>86.96</ele></trkpt><trkpt lat="37.147727" lon="127.132342"><time>2026-08-08T01:14:12.000Z</time><ele>86.92</ele></trkpt><trkpt lat="37.147796" lon="127.132231"><time>2026-08-08T01:14:13.000Z</time><ele>87.08</ele></trkpt><trkpt lat="37.14785" lon="127.132119"><time>2026-08-08T01:14:14.000Z</time><ele>86.74</ele></trkpt><trkpt lat="37.14789" lon="127.132013"><time>2026-08-08T01:14:15.000Z</time><ele>85.47</ele></trkpt><trkpt lat="37.147944" lon="127.131923"><time>2026-08-08T01:14:16.000Z</time><ele>85.27</ele></trkpt><trkpt lat="37.147998" lon="127.131821"><time>2026-08-08T01:14:17.000Z</time><ele>84.62</ele></trkpt><trkpt lat="37.148046" lon="127.131712"><time>2026-08-08T01:14:18.000Z</time><ele>84.95</ele></trkpt><trkpt lat="37.14809" lon="127.131603"><time>2026-08-08T01:14:19.001Z</time><ele>85.25</ele></trkpt><trkpt lat="37.148134" lon="127.131491"><time>2026-08-08T01:14:20.001Z</time><ele>85.29</ele></trkpt><trkpt lat="37.148177" lon="127.131367"><time>2026-08-08T01:14:21.001Z</time><ele>85.41</ele></trkpt><trkpt lat="37.148201" lon="127.131248"><time>2026-08-08T01:14:22.001Z</time><ele>85.27</ele></trkpt><trkpt lat="37.148214" lon="127.131136"><time>2026-08-08T01:14:23.001Z</time><ele>85.12</ele></trkpt><trkpt lat="37.148241" lon="127.131016"><time>2026-08-08T01:14:24.001Z</time><ele>84.86</ele></trkpt><trkpt lat="37.148247" lon="127.130899"><time>2026-08-08T01:14:25.001Z</time><ele>84.79</ele></trkpt><trkpt lat="37.148246" lon="127.13077"><time>2026-08-08T01:14:26.001Z</time><ele>84.79</ele></trkpt><trkpt lat="37.148248" lon="127.130641"><time>2026-08-08T01:14:27.001Z</time><ele>84.9</ele></trkpt><trkpt lat="37.148252" lon="127.130504"><time>2026-08-08T01:14:28.001Z</time><ele>84.78</ele></trkpt><trkpt lat="37.148257" lon="127.13037"><time>2026-08-08T01:14:29.001Z</time><ele>85.15</ele></trkpt><trkpt lat="37.148267" lon="127.130241"><time>2026-08-08T01:14:30.001Z</time><ele>85.57</ele></trkpt><trkpt lat="37.148293" lon="127.130131"><time>2026-08-08T01:14:31.001Z</time><ele>85.44</ele></trkpt><trkpt lat="37.148323" lon="127.13002"><time>2026-08-08T01:14:32.001Z</time><ele>85.18</ele></trkpt><trkpt lat="37.148359" lon="127.129913"><time>2026-08-08T01:14:33.001Z</time><ele>85.99</ele></trkpt><trkpt lat="37.148423" lon="127.12981"><time>2026-08-08T01:14:34.001Z</time><ele>85.81</ele></trkpt><trkpt lat="37.148489" lon="127.129712"><time>2026-08-08T01:14:35.001Z</time><ele>86.2</ele></trkpt><trkpt lat="37.148557" lon="127.129618"><time>2026-08-08T01:14:36.001Z</time><ele>85.97</ele></trkpt><trkpt lat="37.148624" lon="127.129524"><time>2026-08-08T01:14:37.001Z</time><ele>85.88</ele></trkpt><trkpt lat="37.148687" lon="127.129432"><time>2026-08-08T01:14:38.001Z</time><ele>85.72</ele></trkpt><trkpt lat="37.148753" lon="127.129328"><time>2026-08-08T01:14:39.001Z</time><ele>86.06</ele></trkpt><trkpt lat="37.148817" lon="127.129226"><time>2026-08-08T01:14:40.001Z</time><ele>85.78</ele></trkpt><trkpt lat="37.148887" lon="127.129124"><time>2026-08-08T01:14:41.001Z</time><ele>85.6</ele></trkpt><trkpt lat="37.148953" lon="127.129024"><time>2026-08-08T01:14:42.001Z</time><ele>85.39</ele></trkpt><trkpt lat="37.149018" lon="127.128924"><time>2026-08-08T01:14:43.001Z</time><ele>85.05</ele></trkpt><trkpt lat="37.149081" lon="127.128826"><time>2026-08-08T01:14:44.001Z</time><ele>84.64</ele></trkpt><trkpt lat="37.149143" lon="127.12872"><time>2026-08-08T01:14:45.001Z</time><ele>84.12</ele></trkpt><trkpt lat="37.149202" lon="127.128614"><time>2026-08-08T01:14:46.001Z</time><ele>83.68</ele></trkpt><trkpt lat="37.149259" lon="127.128507"><time>2026-08-08T01:14:47.001Z</time><ele>83.06</ele></trkpt><trkpt lat="37.149311" lon="127.128391"><time>2026-08-08T01:14:48.001Z</time><ele>82.23</ele></trkpt><trkpt lat="37.149366" lon="127.128252"><time>2026-08-08T01:14:49.001Z</time><ele>81.28</ele></trkpt><trkpt lat="37.149418" lon="127.12811"><time>2026-08-08T01:14:50.001Z</time><ele>80.33</ele></trkpt><trkpt lat="37.14946" lon="127.127968"><time>2026-08-08T01:14:51.001Z</time><ele>79.53</ele></trkpt><trkpt lat="37.149491" lon="127.127827"><time>2026-08-08T01:14:52.001Z</time><ele>79.19</ele></trkpt><trkpt lat="37.149518" lon="127.12769"><time>2026-08-08T01:14:53.001Z</time><ele>78.78</ele></trkpt><trkpt lat="37.149545" lon="127.12756"><time>2026-08-08T01:14:54.001Z</time><ele>78.13</ele></trkpt><trkpt lat="37.149566" lon="127.127435"><time>2026-08-08T01:14:55.001Z</time><ele>77.72</ele></trkpt><trkpt lat="37.149592" lon="127.127323"><time>2026-08-08T01:14:56.001Z</time><ele>76.67</ele></trkpt><trkpt lat="37.149617" lon="127.127217"><time>2026-08-08T01:14:57.001Z</time><ele>76.13</ele></trkpt><trkpt lat="37.149637" lon="127.127113"><time>2026-08-08T01:14:58.001Z</time><ele>75.57</ele></trkpt><trkpt lat="37.149659" lon="127.127014"><time>2026-08-08T01:14:59.001Z</time><ele>75.12</ele></trkpt><trkpt lat="37.149684" lon="127.126916"><time>2026-08-08T01:15:00.001Z</time><ele>74.42</ele></trkpt><trkpt lat="37.149711" lon="127.12681"><time>2026-08-08T01:15:01.001Z</time><ele>73.77</ele></trkpt><trkpt lat="37.149743" lon="127.126705"><time>2026-08-08T01:15:02.001Z</time><ele>72.91</ele></trkpt><trkpt lat="37.149781" lon="127.126588"><time>2026-08-08T01:15:03.001Z</time><ele>72.4</ele></trkpt><trkpt lat="37.149825" lon="127.126468"><time>2026-08-08T01:15:04.001Z</time><ele>72.16</ele></trkpt><trkpt lat="37.149872" lon="127.126357"><time>2026-08-08T01:15:05.001Z</time><ele>71.73</ele></trkpt><trkpt lat="37.14992" lon="127.126247"><time>2026-08-08T01:15:06.001Z</time><ele>71.36</ele></trkpt><trkpt lat="37.149969" lon="127.126152"><time>2026-08-08T01:15:07.001Z</time><ele>71.03</ele></trkpt><trkpt lat="37.150018" lon="127.126063"><time>2026-08-08T01:15:08.001Z</time><ele>70.63</ele></trkpt><trkpt lat="37.15007" lon="127.125989"><time>2026-08-08T01:15:09.001Z</time><ele>70.07</ele></trkpt><trkpt lat="37.150126" lon="127.125922"><time>2026-08-08T01:15:10.001Z</time><ele>69.74</ele></trkpt><trkpt lat="37.150191" lon="127.125846"><time>2026-08-08T01:15:11.001Z</time><ele>69.58</ele></trkpt><trkpt lat="37.150262" lon="127.125772"><time>2026-08-08T01:15:12.001Z</time><ele>69.55</ele></trkpt><trkpt lat="37.150338" lon="127.125704"><time>2026-08-08T01:15:13.001Z</time><ele>68.81</ele></trkpt><trkpt lat="37.150408" lon="127.125645"><time>2026-08-08T01:15:14.001Z</time><ele>68.8</ele></trkpt><trkpt lat="37.150474" lon="127.125587"><time>2026-08-08T01:15:15.001Z</time><ele>68.4</ele></trkpt><trkpt lat="37.150544" lon="127.125521"><time>2026-08-08T01:15:16.001Z</time><ele>68.49</ele></trkpt><trkpt lat="37.150625" lon="127.125442"><time>2026-08-08T01:15:17.001Z</time><ele>68.73</ele></trkpt><trkpt lat="37.150718" lon="127.125365"><time>2026-08-08T01:15:18.001Z</time><ele>68.29</ele></trkpt><trkpt lat="37.150821" lon="127.125277"><time>2026-08-08T01:15:19.001Z</time><ele>67.5</ele></trkpt><trkpt lat="37.152276" lon="127.123465"><time>2026-08-08T01:15:30.001Z</time><ele>66.39</ele></trkpt><trkpt lat="37.152413" lon="127.123243"><time>2026-08-08T01:15:31.001Z</time><ele>65.66</ele></trkpt><trkpt lat="37.152545" lon="127.123016"><time>2026-08-08T01:15:32.001Z</time><ele>64.41</ele></trkpt><trkpt lat="37.152674" lon="127.122793"><time>2026-08-08T01:15:33.002Z</time><ele>62.69</ele></trkpt><trkpt lat="37.152803" lon="127.122568"><time>2026-08-08T01:15:34.000Z</time><ele>61.27</ele></trkpt><trkpt lat="37.15293" lon="127.122336"><time>2026-08-08T01:15:35.000Z</time><ele>58.73</ele></trkpt><trkpt lat="37.153057" lon="127.122092"><time>2026-08-08T01:15:36.000Z</time><ele>57.05</ele></trkpt><trkpt lat="37.153178" lon="127.121841"><time>2026-08-08T01:15:37.000Z</time><ele>55.93</ele></trkpt><trkpt lat="37.153299" lon="127.121587"><time>2026-08-08T01:15:38.000Z</time><ele>54.84</ele></trkpt><trkpt lat="37.153418" lon="127.121332"><time>2026-08-08T01:15:39.000Z</time><ele>53.02</ele></trkpt><trkpt lat="37.153537" lon="127.121064"><time>2026-08-08T01:15:40.015Z</time><ele>51.82</ele></trkpt><trkpt lat="37.153654" lon="127.120782"><time>2026-08-08T01:15:41.015Z</time><ele>51.92</ele></trkpt><trkpt lat="37.153766" lon="127.120496"><time>2026-08-08T01:15:42.015Z</time><ele>52.11</ele></trkpt><trkpt lat="37.153874" lon="127.120208"><time>2026-08-08T01:15:43.014Z</time><ele>52.39</ele></trkpt><trkpt lat="37.15398" lon="127.119919"><time>2026-08-08T01:15:44.014Z</time><ele>52.12</ele></trkpt><trkpt lat="37.154071" lon="127.119634"><time>2026-08-08T01:15:45.000Z</time><ele>53.42</ele></trkpt><trkpt lat="37.154127" lon="127.119346"><time>2026-08-08T01:15:46.000Z</time><ele>54.27</ele></trkpt><trkpt lat="37.154213" lon="127.119061"><time>2026-08-08T01:15:47.000Z</time><ele>53.8</ele></trkpt><trkpt lat="37.154284" lon="127.118789"><time>2026-08-08T01:15:48.000Z</time><ele>53.97</ele></trkpt><trkpt lat="37.154347" lon="127.118546"><time>2026-08-08T01:15:49.000Z</time><ele>53.66</ele></trkpt><trkpt lat="37.154394" lon="127.118343"><time>2026-08-08T01:15:50.000Z</time><ele>53.31</ele></trkpt><trkpt lat="37.15443" lon="127.118166"><time>2026-08-08T01:15:51.000Z</time><ele>53.37</ele></trkpt><trkpt lat="37.154461" lon="127.118022"><time>2026-08-08T01:15:52.000Z</time><ele>51.75</ele></trkpt><trkpt lat="37.154486" lon="127.117902"><time>2026-08-08T01:15:53.000Z</time><ele>51.15</ele></trkpt><trkpt lat="37.154504" lon="127.117805"><time>2026-08-08T01:15:54.000Z</time><ele>50.97</ele></trkpt><trkpt lat="37.154518" lon="127.117705"><time>2026-08-08T01:15:55.000Z</time><ele>51.51</ele></trkpt><trkpt lat="37.154535" lon="127.117603"><time>2026-08-08T01:15:56.000Z</time><ele>51.57</ele></trkpt><trkpt lat="37.154556" lon="127.117502"><time>2026-08-08T01:15:57.000Z</time><ele>51.36</ele></trkpt><trkpt lat="37.154575" lon="127.117404"><time>2026-08-08T01:15:58.000Z</time><ele>51.12</ele></trkpt><trkpt lat="37.154591" lon="127.117318"><time>2026-08-08T01:15:59.000Z</time><ele>50.75</ele></trkpt><trkpt lat="37.154607" lon="127.117221"><time>2026-08-08T01:16:00.000Z</time><ele>50.49</ele></trkpt><trkpt lat="37.154626" lon="127.117123"><time>2026-08-08T01:16:01.000Z</time><ele>50.24</ele></trkpt><trkpt lat="37.154647" lon="127.117015"><time>2026-08-08T01:16:02.000Z</time><ele>50.46</ele></trkpt><trkpt lat="37.154664" lon="127.116917"><time>2026-08-08T01:16:03.000Z</time><ele>50.4</ele></trkpt><trkpt lat="37.154684" lon="127.116803"><time>2026-08-08T01:16:04.000Z</time><ele>49.42</ele></trkpt><trkpt lat="37.1547" lon="127.116683"><time>2026-08-08T01:16:05.000Z</time><ele>50.46</ele></trkpt><trkpt lat="37.154718" lon="127.116557"><time>2026-08-08T01:16:06.000Z</time><ele>50.41</ele></trkpt><trkpt lat="37.154738" lon="127.116422"><time>2026-08-08T01:16:07.000Z</time><ele>50.57</ele></trkpt><trkpt lat="37.154755" lon="127.116295"><time>2026-08-08T01:16:08.000Z</time><ele>50.45</ele></trkpt><trkpt lat="37.154772" lon="127.116167"><time>2026-08-08T01:16:09.000Z</time><ele>50.19</ele></trkpt><trkpt lat="37.154792" lon="127.116025"><time>2026-08-08T01:16:10.000Z</time><ele>50.06</ele></trkpt><trkpt lat="37.154811" lon="127.115877"><time>2026-08-08T01:16:11.000Z</time><ele>50.3</ele></trkpt><trkpt lat="37.154829" lon="127.115741"><time>2026-08-08T01:16:12.000Z</time><ele>49.81</ele></trkpt><trkpt lat="37.154849" lon="127.115599"><time>2026-08-08T01:16:13.000Z</time><ele>49.54</ele></trkpt><trkpt lat="37.154868" lon="127.11545"><time>2026-08-08T01:16:14.000Z</time><ele>49.11</ele></trkpt><trkpt lat="37.154889" lon="127.115291"><time>2026-08-08T01:16:15.000Z</time><ele>48.9</ele></trkpt><trkpt lat="37.154908" lon="127.115135"><time>2026-08-08T01:16:16.000Z</time><ele>49.32</ele></trkpt><trkpt lat="37.154929" lon="127.114972"><time>2026-08-08T01:16:17.000Z</time><ele>49.17</ele></trkpt><trkpt lat="37.154952" lon="127.114805"><time>2026-08-08T01:16:18.000Z</time><ele>48.95</ele></trkpt><trkpt lat="37.15497" lon="127.114644"><time>2026-08-08T01:16:19.000Z</time><ele>48.94</ele></trkpt><trkpt lat="37.154991" lon="127.114475"><time>2026-08-08T01:16:20.000Z</time><ele>48.63</ele></trkpt><trkpt lat="37.155014" lon="127.114306"><time>2026-08-08T01:16:21.000Z</time><ele>48.62</ele></trkpt><trkpt lat="37.15504" lon="127.114126"><time>2026-08-08T01:16:22.000Z</time><ele>48.23</ele></trkpt><trkpt lat="37.155064" lon="127.113932"><time>2026-08-08T01:16:23.001Z</time><ele>48.79</ele></trkpt><trkpt lat="37.155075" lon="127.113715"><time>2026-08-08T01:16:24.001Z</time><ele>49.11</ele></trkpt><trkpt lat="37.155116" lon="127.113487"><time>2026-08-08T01:16:25.001Z</time><ele>49.12</ele></trkpt><trkpt lat="37.155139" lon="127.113252"><time>2026-08-08T01:16:26.001Z</time><ele>48.7</ele></trkpt><trkpt lat="37.155189" lon="127.113013"><time>2026-08-08T01:16:27.001Z</time><ele>48.78</ele></trkpt><trkpt lat="37.155227" lon="127.11277"><time>2026-08-08T01:16:28.001Z</time><ele>48.42</ele></trkpt><trkpt lat="37.155264" lon="127.112529"><time>2026-08-08T01:16:29.001Z</time><ele>47.66</ele></trkpt><trkpt lat="37.155288" lon="127.112277"><time>2026-08-08T01:16:30.001Z</time><ele>47.9</ele></trkpt><trkpt lat="37.155331" lon="127.112032"><time>2026-08-08T01:16:31.001Z</time><ele>48.26</ele></trkpt><trkpt lat="37.155376" lon="127.111791"><time>2026-08-08T01:16:32.001Z</time><ele>47.74</ele></trkpt><trkpt lat="37.155416" lon="127.111541"><time>2026-08-08T01:16:33.001Z</time><ele>48.22</ele></trkpt><trkpt lat="37.155457" lon="127.11129"><time>2026-08-08T01:16:34.001Z</time><ele>47.95</ele></trkpt><trkpt lat="37.155496" lon="127.11105"><time>2026-08-08T01:16:35.001Z</time><ele>48.11</ele></trkpt><trkpt lat="37.155535" lon="127.110817"><time>2026-08-08T01:16:36.001Z</time><ele>48.24</ele></trkpt><trkpt lat="37.155573" lon="127.110578"><time>2026-08-08T01:16:37.001Z</time><ele>48.58</ele></trkpt><trkpt lat="37.15561" lon="127.110338"><time>2026-08-08T01:16:38.001Z</time><ele>48.37</ele></trkpt><trkpt lat="37.155648" lon="127.110102"><time>2026-08-08T01:16:39.001Z</time><ele>47.97</ele></trkpt><trkpt lat="37.155698" lon="127.10986"><time>2026-08-08T01:16:40.001Z</time><ele>47.58</ele></trkpt><trkpt lat="37.155747" lon="127.109611"><time>2026-08-08T01:16:41.001Z</time><ele>47.94</ele></trkpt><trkpt lat="37.155784" lon="127.109377"><time>2026-08-08T01:16:42.001Z</time><ele>48.75</ele></trkpt><trkpt lat="37.155816" lon="127.109161"><time>2026-08-08T01:16:43.001Z</time><ele>48.41</ele></trkpt><trkpt lat="37.155845" lon="127.108969"><time>2026-08-08T01:16:44.001Z</time><ele>48.7</ele></trkpt><trkpt lat="37.155873" lon="127.1088"><time>2026-08-08T01:16:45.001Z</time><ele>48.89</ele></trkpt><trkpt lat="37.155898" lon="127.108634"><time>2026-08-08T01:16:46.001Z</time><ele>48.69</ele></trkpt><trkpt lat="37.155925" lon="127.108487"><time>2026-08-08T01:16:47.001Z</time><ele>48.92</ele></trkpt><trkpt lat="37.155948" lon="127.108339"><time>2026-08-08T01:16:48.001Z</time><ele>48.37</ele></trkpt><trkpt lat="37.15597" lon="127.108191"><time>2026-08-08T01:16:49.001Z</time><ele>47.42</ele></trkpt><trkpt lat="37.155995" lon="127.108046"><time>2026-08-08T01:16:50.001Z</time><ele>47.39</ele></trkpt><trkpt lat="37.156024" lon="127.10791"><time>2026-08-08T01:16:51.001Z</time><ele>46.94</ele></trkpt><trkpt lat="37.156057" lon="127.107772"><time>2026-08-08T01:16:52.001Z</time><ele>46.61</ele></trkpt><trkpt lat="37.156092" lon="127.107642"><time>2026-08-08T01:16:53.001Z</time><ele>45.4</ele></trkpt><trkpt lat="37.15613" lon="127.107514"><time>2026-08-08T01:16:54.001Z</time><ele>45.73</ele></trkpt><trkpt lat="37.156173" lon="127.107389"><time>2026-08-08T01:16:55.001Z</time><ele>45.47</ele></trkpt><trkpt lat="37.156223" lon="127.107266"><time>2026-08-08T01:16:56.001Z</time><ele>45.01</ele></trkpt><trkpt lat="37.156273" lon="127.107152"><time>2026-08-08T01:16:57.001Z</time><ele>44.54</ele></trkpt><trkpt lat="37.156328" lon="127.107038"><time>2026-08-08T01:16:58.001Z</time><ele>43.97</ele></trkpt><trkpt lat="37.156391" lon="127.106907"><time>2026-08-08T01:16:59.001Z</time><ele>43.32</ele></trkpt><trkpt lat="37.156463" lon="127.106779"><time>2026-08-08T01:17:00.001Z</time><ele>43.65</ele></trkpt><trkpt lat="37.156533" lon="127.106656"><time>2026-08-08T01:17:01.001Z</time><ele>43.44</ele></trkpt><trkpt lat="37.156606" lon="127.106515"><time>2026-08-08T01:17:02.001Z</time><ele>43.36</ele></trkpt><trkpt lat="37.156682" lon="127.106382"><time>2026-08-08T01:17:03.001Z</time><ele>42.58</ele></trkpt><trkpt lat="37.156753" lon="127.106254"><time>2026-08-08T01:17:04.001Z</time><ele>42.44</ele></trkpt><trkpt lat="37.15683" lon="127.106113"><time>2026-08-08T01:17:05.001Z</time><ele>42.13</ele></trkpt><trkpt lat="37.156903" lon="127.105978"><time>2026-08-08T01:17:06.001Z</time><ele>41.83</ele></trkpt><trkpt lat="37.156978" lon="127.105833"><time>2026-08-08T01:17:07.001Z</time><ele>41.25</ele></trkpt><trkpt lat="37.157065" lon="127.105686"><time>2026-08-08T01:17:08.001Z</time><ele>41.51</ele></trkpt><trkpt lat="37.157146" lon="127.10554"><time>2026-08-08T01:17:09.001Z</time><ele>40.88</ele></trkpt><trkpt lat="37.157226" lon="127.105387"><time>2026-08-08T01:17:10.001Z</time><ele>40.39</ele></trkpt><trkpt lat="37.157302" lon="127.105229"><time>2026-08-08T01:17:11.001Z</time><ele>39.91</ele></trkpt><trkpt lat="37.157377" lon="127.105075"><time>2026-08-08T01:17:12.001Z</time><ele>39.26</ele></trkpt><trkpt lat="37.157455" lon="127.104912"><time>2026-08-08T01:17:13.001Z</time><ele>38.15</ele></trkpt><trkpt lat="37.157536" lon="127.104736"><time>2026-08-08T01:17:14.001Z</time><ele>37.12</ele></trkpt><trkpt lat="37.157618" lon="127.104553"><time>2026-08-08T01:17:15.001Z</time><ele>36.49</ele></trkpt><trkpt lat="37.157692" lon="127.10437"><time>2026-08-08T01:17:16.001Z</time><ele>35.58</ele></trkpt><trkpt lat="37.157771" lon="127.104176"><time>2026-08-08T01:17:17.001Z</time><ele>35.29</ele></trkpt><trkpt lat="37.157847" lon="127.103977"><time>2026-08-08T01:17:18.001Z</time><ele>34.66</ele></trkpt><trkpt lat="37.15792" lon="127.103772"><time>2026-08-08T01:17:19.001Z</time><ele>34.07</ele></trkpt><trkpt lat="37.157994" lon="127.103563"><time>2026-08-08T01:17:20.001Z</time><ele>33.15</ele></trkpt><trkpt lat="37.158064" lon="127.103356"><time>2026-08-08T01:17:21.015Z</time><ele>32.93</ele></trkpt><trkpt lat="37.158133" lon="127.103152"><time>2026-08-08T01:17:22.016Z</time><ele>32.77</ele></trkpt><trkpt lat="37.158201" lon="127.102947"><time>2026-08-08T01:17:23.016Z</time><ele>32.71</ele></trkpt><trkpt lat="37.158267" lon="127.102749"><time>2026-08-08T01:17:24.015Z</time><ele>33.09</ele></trkpt><trkpt lat="37.15857" lon="127.10198"><time>2026-08-08T01:17:28.001Z</time><ele>37.93</ele></trkpt><trkpt lat="37.158632" lon="127.101794"><time>2026-08-08T01:17:29.001Z</time><ele>37.93</ele></trkpt><trkpt lat="37.158679" lon="127.10158"><time>2026-08-08T01:17:30.001Z</time><ele>39.39</ele></trkpt><trkpt lat="37.158726" lon="127.101409"><time>2026-08-08T01:17:31.001Z</time><ele>39.97</ele></trkpt><trkpt lat="37.158761" lon="127.101253"><time>2026-08-08T01:17:32.001Z</time><ele>39.63</ele></trkpt><trkpt lat="37.158796" lon="127.101115"><time>2026-08-08T01:17:33.001Z</time><ele>39.85</ele></trkpt><trkpt lat="37.158834" lon="127.100963"><time>2026-08-08T01:17:34.001Z</time><ele>39.79</ele></trkpt><trkpt lat="37.158869" lon="127.100816"><time>2026-08-08T01:17:35.001Z</time><ele>38.92</ele></trkpt><trkpt lat="37.158897" lon="127.100669"><time>2026-08-08T01:17:36.001Z</time><ele>39.44</ele></trkpt><trkpt lat="37.158927" lon="127.100522"><time>2026-08-08T01:17:37.001Z</time><ele>39.42</ele></trkpt><trkpt lat="37.158953" lon="127.100373"><time>2026-08-08T01:17:38.002Z</time><ele>39.23</ele></trkpt><trkpt lat="37.158952" lon="127.100219"><time>2026-08-08T01:17:39.002Z</time><ele>36.8</ele></trkpt><trkpt lat="37.158977" lon="127.100052"><time>2026-08-08T01:17:40.000Z</time><ele>37.15</ele></trkpt><trkpt lat="37.159" lon="127.099874"><time>2026-08-08T01:17:41.000Z</time><ele>37.34</ele></trkpt><trkpt lat="37.159022" lon="127.099703"><time>2026-08-08T01:17:42.000Z</time><ele>37.44</ele></trkpt><trkpt lat="37.159038" lon="127.099513"><time>2026-08-08T01:17:43.000Z</time><ele>36.84</ele></trkpt><trkpt lat="37.159048" lon="127.099297"><time>2026-08-08T01:17:44.000Z</time><ele>37.95</ele></trkpt><trkpt lat="37.15906" lon="127.099065"><time>2026-08-08T01:17:45.000Z</time><ele>38.2</ele></trkpt><trkpt lat="37.159059" lon="127.098842"><time>2026-08-08T01:17:46.000Z</time><ele>38.62</ele></trkpt><trkpt lat="37.159057" lon="127.098635"><time>2026-08-08T01:17:47.000Z</time><ele>38.19</ele></trkpt><trkpt lat="37.159056" lon="127.098436"><time>2026-08-08T01:17:48.000Z</time><ele>38.17</ele></trkpt><trkpt lat="37.159052" lon="127.098244"><time>2026-08-08T01:17:49.000Z</time><ele>37.73</ele></trkpt><trkpt lat="37.159048" lon="127.098062"><time>2026-08-08T01:17:50.000Z</time><ele>36.81</ele></trkpt><trkpt lat="37.159043" lon="127.097889"><time>2026-08-08T01:17:51.000Z</time><ele>36.31</ele></trkpt><trkpt lat="37.159042" lon="127.097718"><time>2026-08-08T01:17:52.000Z</time><ele>36.44</ele></trkpt><trkpt lat="37.15904" lon="127.097547"><time>2026-08-08T01:17:53.000Z</time><ele>37.53</ele></trkpt><trkpt lat="37.159039" lon="127.097375"><time>2026-08-08T01:17:54.000Z</time><ele>37.43</ele></trkpt><trkpt lat="37.159035" lon="127.097221"><time>2026-08-08T01:17:55.000Z</time><ele>36.7</ele></trkpt><trkpt lat="37.159031" lon="127.09707"><time>2026-08-08T01:17:56.000Z</time><ele>36.44</ele></trkpt><trkpt lat="37.159027" lon="127.096925"><time>2026-08-08T01:17:57.000Z</time><ele>36.04</ele></trkpt><trkpt lat="37.159024" lon="127.096784"><time>2026-08-08T01:17:58.000Z</time><ele>35.86</ele></trkpt><trkpt lat="37.159018" lon="127.096638"><time>2026-08-08T01:17:59.000Z</time><ele>35.35</ele></trkpt><trkpt lat="37.159013" lon="127.096494"><time>2026-08-08T01:18:00.000Z</time><ele>34.92</ele></trkpt><trkpt lat="37.15901" lon="127.096351"><time>2026-08-08T01:18:01.000Z</time><ele>34.79</ele></trkpt><trkpt lat="37.159006" lon="127.096208"><time>2026-08-08T01:18:02.000Z</time><ele>34.36</ele></trkpt><trkpt lat="37.159002" lon="127.096053"><time>2026-08-08T01:18:03.000Z</time><ele>34.99</ele></trkpt><trkpt lat="37.158999" lon="127.095901"><time>2026-08-08T01:18:04.000Z</time><ele>35.24</ele></trkpt><trkpt lat="37.158995" lon="127.095754"><time>2026-08-08T01:18:05.000Z</time><ele>34.48</ele></trkpt><trkpt lat="37.158987" lon="127.095591"><time>2026-08-08T01:18:06.000Z</time><ele>34.99</ele></trkpt><trkpt lat="37.158982" lon="127.09544"><time>2026-08-08T01:18:07.000Z</time><ele>34.87</ele></trkpt><trkpt lat="37.158978" lon="127.095287"><time>2026-08-08T01:18:08.000Z</time><ele>34.11</ele></trkpt><trkpt lat="37.158973" lon="127.095137"><time>2026-08-08T01:18:09.000Z</time><ele>33.61</ele></trkpt><trkpt lat="37.15897" lon="127.094986"><time>2026-08-08T01:18:10.000Z</time><ele>33.48</ele></trkpt><trkpt lat="37.158962" lon="127.094833"><time>2026-08-08T01:18:11.000Z</time><ele>32.7</ele></trkpt><trkpt lat="37.158952" lon="127.094673"><time>2026-08-08T01:18:12.000Z</time><ele>32.45</ele></trkpt><trkpt lat="37.158943" lon="127.094511"><time>2026-08-08T01:18:13.000Z</time><ele>32.25</ele></trkpt><trkpt lat="37.158932" lon="127.094354"><time>2026-08-08T01:18:14.000Z</time><ele>32.04</ele></trkpt><trkpt lat="37.158923" lon="127.094204"><time>2026-08-08T01:18:15.000Z</time><ele>31.5</ele></trkpt><trkpt lat="37.158915" lon="127.094057"><time>2026-08-08T01:18:16.000Z</time><ele>31.21</ele></trkpt><trkpt lat="37.158901" lon="127.093903"><time>2026-08-08T01:18:17.000Z</time><ele>31.54</ele></trkpt><trkpt lat="37.15889" lon="127.093765"><time>2026-08-08T01:18:18.000Z</time><ele>31.46</ele></trkpt><trkpt lat="37.158879" lon="127.093634"><time>2026-08-08T01:18:19.000Z</time><ele>31.07</ele></trkpt><trkpt lat="37.158866" lon="127.093502"><time>2026-08-08T01:18:20.000Z</time><ele>31.05</ele></trkpt><trkpt lat="37.158854" lon="127.093376"><time>2026-08-08T01:18:21.000Z</time><ele>31.11</ele></trkpt><trkpt lat="37.158842" lon="127.093244"><time>2026-08-08T01:18:22.000Z</time><ele>31.15</ele></trkpt><trkpt lat="37.158828" lon="127.093125"><time>2026-08-08T01:18:23.000Z</time><ele>31.02</ele></trkpt><trkpt lat="37.158814" lon="127.093002"><time>2026-08-08T01:18:24.000Z</time><ele>30.33</ele></trkpt><trkpt lat="37.158795" lon="127.092861"><time>2026-08-08T01:18:25.000Z</time><ele>31.13</ele></trkpt><trkpt lat="37.158782" lon="127.092723"><time>2026-08-08T01:18:26.000Z</time><ele>31.67</ele></trkpt><trkpt lat="37.158769" lon="127.092605"><time>2026-08-08T01:18:27.000Z</time><ele>31.5</ele></trkpt><trkpt lat="37.15876" lon="127.092506"><time>2026-08-08T01:18:28.000Z</time><ele>31.34</ele></trkpt><trkpt lat="37.158756" lon="127.092417"><time>2026-08-08T01:18:29.001Z</time><ele>31.67</ele></trkpt><trkpt lat="37.158752" lon="127.092344"><time>2026-08-08T01:18:30.001Z</time><ele>32.1</ele></trkpt><trkpt lat="37.158751" lon="127.092281"><time>2026-08-08T01:18:31.001Z</time><ele>31.8</ele></trkpt><trkpt lat="37.158749" lon="127.092213"><time>2026-08-08T01:18:32.001Z</time><ele>31.5</ele></trkpt><trkpt lat="37.158747" lon="127.09213"><time>2026-08-08T01:18:33.001Z</time><ele>31.55</ele></trkpt><trkpt lat="37.158749" lon="127.092034"><time>2026-08-08T01:18:34.001Z</time><ele>31.43</ele></trkpt><trkpt lat="37.15874" lon="127.09192"><time>2026-08-08T01:18:35.001Z</time><ele>31.17</ele></trkpt><trkpt lat="37.158739" lon="127.091818"><time>2026-08-08T01:18:36.001Z</time><ele>31.36</ele></trkpt><trkpt lat="37.158741" lon="127.091718"><time>2026-08-08T01:18:37.001Z</time><ele>31.34</ele></trkpt><trkpt lat="37.158741" lon="127.091621"><time>2026-08-08T01:18:38.001Z</time><ele>31.29</ele></trkpt><trkpt lat="37.15874" lon="127.091518"><time>2026-08-08T01:18:39.001Z</time><ele>31.16</ele></trkpt><trkpt lat="37.158741" lon="127.091403"><time>2026-08-08T01:18:40.001Z</time><ele>30.8</ele></trkpt><trkpt lat="37.158739" lon="127.091275"><time>2026-08-08T01:18:41.001Z</time><ele>31.07</ele></trkpt><trkpt lat="37.158737" lon="127.091154"><time>2026-08-08T01:18:42.001Z</time><ele>31.35</ele></trkpt><trkpt lat="37.158736" lon="127.091037"><time>2026-08-08T01:18:43.001Z</time><ele>31.35</ele></trkpt><trkpt lat="37.158739" lon="127.090927"><time>2026-08-08T01:18:44.001Z</time><ele>31.25</ele></trkpt><trkpt lat="37.158741" lon="127.090804"><time>2026-08-08T01:18:45.001Z</time><ele>31.32</ele></trkpt><trkpt lat="37.158744" lon="127.09068"><time>2026-08-08T01:18:46.001Z</time><ele>30.96</ele></trkpt><trkpt lat="37.158746" lon="127.090546"><time>2026-08-08T01:18:47.001Z</time><ele>30.86</ele></trkpt><trkpt lat="37.158749" lon="127.090415"><time>2026-08-08T01:18:48.001Z</time><ele>30.78</ele></trkpt><trkpt lat="37.158751" lon="127.090282"><time>2026-08-08T01:18:49.001Z</time><ele>30.89</ele></trkpt><trkpt lat="37.158752" lon="127.090161"><time>2026-08-08T01:18:50.001Z</time><ele>30.14</ele></trkpt><trkpt lat="37.158755" lon="127.090013"><time>2026-08-08T01:18:51.001Z</time><ele>29.79</ele></trkpt><trkpt lat="37.158757" lon="127.089868"><time>2026-08-08T01:18:52.001Z</time><ele>29.76</ele></trkpt><trkpt lat="37.158759" lon="127.089734"><time>2026-08-08T01:18:53.001Z</time><ele>29.63</ele></trkpt><trkpt lat="37.158758" lon="127.089606"><time>2026-08-08T01:18:54.001Z</time><ele>29.51</ele></trkpt><trkpt lat="37.158763" lon="127.089484"><time>2026-08-08T01:18:55.001Z</time><ele>29.62</ele></trkpt><trkpt lat="37.158776" lon="127.089378"><time>2026-08-08T01:18:56.001Z</time><ele>29.4</ele></trkpt><trkpt lat="37.15879" lon="127.089274"><time>2026-08-08T01:18:57.001Z</time><ele>29.65</ele></trkpt><trkpt lat="37.158792" lon="127.08917"><time>2026-08-08T01:18:58.001Z</time><ele>29.62</ele></trkpt><trkpt lat="37.158795" lon="127.089057"><time>2026-08-08T01:18:59.001Z</time><ele>29.45</ele></trkpt><trkpt lat="37.158796" lon="127.088933"><time>2026-08-08T01:19:00.001Z</time><ele>29.43</ele></trkpt><trkpt lat="37.158797" lon="127.088813"><time>2026-08-08T01:19:01.001Z</time><ele>29.2</ele></trkpt><trkpt lat="37.1588" lon="127.08868"><time>2026-08-08T01:19:02.001Z</time><ele>29.17</ele></trkpt><trkpt lat="37.158803" lon="127.08855"><time>2026-08-08T01:19:03.001Z</time><ele>28.95</ele></trkpt><trkpt lat="37.158804" lon="127.088426"><time>2026-08-08T01:19:04.001Z</time><ele>28.88</ele></trkpt><trkpt lat="37.158801" lon="127.088309"><time>2026-08-08T01:19:05.001Z</time><ele>28.96</ele></trkpt><trkpt lat="37.1588" lon="127.088208"><time>2026-08-08T01:19:06.001Z</time><ele>28.79</ele></trkpt><trkpt lat="37.158798" lon="127.088118"><time>2026-08-08T01:19:07.001Z</time><ele>29.01</ele></trkpt><trkpt lat="37.158798" lon="127.088036"><time>2026-08-08T01:19:08.001Z</time><ele>28.59</ele></trkpt><trkpt lat="37.158797" lon="127.087956"><time>2026-08-08T01:19:09.001Z</time><ele>28.47</ele></trkpt><trkpt lat="37.158796" lon="127.087875"><time>2026-08-08T01:19:10.001Z</time><ele>28.4</ele></trkpt><trkpt lat="37.158809" lon="127.087789"><time>2026-08-08T01:19:11.001Z</time><ele>28.26</ele></trkpt><trkpt lat="37.158819" lon="127.087708"><time>2026-08-08T01:19:12.001Z</time><ele>27.91</ele></trkpt><trkpt lat="37.158822" lon="127.087641"><time>2026-08-08T01:19:13.001Z</time><ele>27.92</ele></trkpt><trkpt lat="37.158825" lon="127.087576"><time>2026-08-08T01:19:14.001Z</time><ele>28.08</ele></trkpt><trkpt lat="37.158826" lon="127.087519"><time>2026-08-08T01:19:15.001Z</time><ele>27.42</ele></trkpt><trkpt lat="37.158827" lon="127.087442"><time>2026-08-08T01:19:16.001Z</time><ele>27.34</ele></trkpt><trkpt lat="37.158827" lon="127.087368"><time>2026-08-08T01:19:17.001Z</time><ele>27.49</ele></trkpt><trkpt lat="37.158827" lon="127.087308"><time>2026-08-08T01:19:18.001Z</time><ele>27.2</ele></trkpt><trkpt lat="37.158831" lon="127.087201"><time>2026-08-08T01:19:20.001Z</time><ele>26.57</ele></trkpt><trkpt lat="37.15883" lon="127.087138"><time>2026-08-08T01:19:21.001Z</time><ele>26.56</ele></trkpt><trkpt lat="37.158831" lon="127.087076"><time>2026-08-08T01:19:22.001Z</time><ele>26.67</ele></trkpt><trkpt lat="37.158835" lon="127.086972"><time>2026-08-08T01:19:24.001Z</time><ele>26.38</ele></trkpt><trkpt lat="37.158836" lon="127.086911"><time>2026-08-08T01:19:26.001Z</time><ele>26.38</ele></trkpt><trkpt lat="37.158829" lon="127.08684"><time>2026-08-08T01:20:05.000Z</time><ele>28.57</ele></trkpt><trkpt lat="37.15883" lon="127.086749"><time>2026-08-08T01:20:07.000Z</time><ele>28.23</ele></trkpt><trkpt lat="37.158833" lon="127.086688"><time>2026-08-08T01:20:08.000Z</time><ele>27.93</ele></trkpt><trkpt lat="37.158835" lon="127.086611"><time>2026-08-08T01:20:09.000Z</time><ele>27.86</ele></trkpt><trkpt lat="37.158836" lon="127.086526"><time>2026-08-08T01:20:10.000Z</time><ele>27.52</ele></trkpt><trkpt lat="37.158839" lon="127.086435"><time>2026-08-08T01:20:11.000Z</time><ele>27.51</ele></trkpt><trkpt lat="37.15884" lon="127.086349"><time>2026-08-08T01:20:12.000Z</time><ele>27.36</ele></trkpt><trkpt lat="37.158841" lon="127.086257"><time>2026-08-08T01:20:13.000Z</time><ele>27.88</ele></trkpt><trkpt lat="37.15884" lon="127.086161"><time>2026-08-08T01:20:14.000Z</time><ele>27.1</ele></trkpt><trkpt lat="37.158846" lon="127.086053"><time>2026-08-08T01:20:15.000Z</time><ele>27.29</ele></trkpt><trkpt lat="37.15885" lon="127.085941"><time>2026-08-08T01:20:16.000Z</time><ele>27.22</ele></trkpt><trkpt lat="37.158856" lon="127.08583"><time>2026-08-08T01:20:17.000Z</time><ele>26.47</ele></trkpt><trkpt lat="37.158858" lon="127.085711"><time>2026-08-08T01:20:18.000Z</time><ele>26.33</ele></trkpt><trkpt lat="37.15886" lon="127.085587"><time>2026-08-08T01:20:19.000Z</time><ele>26.14</ele></trkpt><trkpt lat="37.158876" lon="127.084753"><time>2026-08-08T01:20:25.000Z</time><ele>25.1</ele></trkpt><trkpt lat="37.158881" lon="127.084603"><time>2026-08-08T01:20:26.000Z</time><ele>24.72</ele></trkpt><trkpt lat="37.158885" lon="127.084449"><time>2026-08-08T01:20:27.000Z</time><ele>25.36</ele></trkpt><trkpt lat="37.158891" lon="127.084306"><time>2026-08-08T01:20:28.000Z</time><ele>25.94</ele></trkpt><trkpt lat="37.158893" lon="127.084159"><time>2026-08-08T01:20:29.000Z</time><ele>25.62</ele></trkpt><trkpt lat="37.158897" lon="127.084009"><time>2026-08-08T01:20:30.000Z</time><ele>25.6</ele></trkpt><trkpt lat="37.158902" lon="127.083865"><time>2026-08-08T01:20:31.000Z</time><ele>25.3</ele></trkpt><trkpt lat="37.158909" lon="127.083729"><time>2026-08-08T01:20:32.000Z</time><ele>25.4</ele></trkpt><trkpt lat="37.158916" lon="127.083596"><time>2026-08-08T01:20:33.000Z</time><ele>24.32</ele></trkpt><trkpt lat="37.158922" lon="127.083452"><time>2026-08-08T01:20:34.001Z</time><ele>23.79</ele></trkpt><trkpt lat="37.158926" lon="127.083308"><time>2026-08-08T01:20:35.001Z</time><ele>23.6</ele></trkpt><trkpt lat="37.15893" lon="127.083167"><time>2026-08-08T01:20:36.001Z</time><ele>23.87</ele></trkpt><trkpt lat="37.15893" lon="127.083029"><time>2026-08-08T01:20:37.001Z</time><ele>24.27</ele></trkpt><trkpt lat="37.158929" lon="127.082887"><time>2026-08-08T01:20:38.001Z</time><ele>23.58</ele></trkpt><trkpt lat="37.158932" lon="127.082743"><time>2026-08-08T01:20:39.001Z</time><ele>23.66</ele></trkpt><trkpt lat="37.158936" lon="127.082588"><time>2026-08-08T01:20:40.001Z</time><ele>22.98</ele></trkpt><trkpt lat="37.158937" lon="127.082416"><time>2026-08-08T01:20:41.001Z</time><ele>23.59</ele></trkpt><trkpt lat="37.158944" lon="127.082242"><time>2026-08-08T01:20:42.001Z</time><ele>23.22</ele></trkpt><trkpt lat="37.158977" lon="127.080704"><time>2026-08-08T01:20:49.001Z</time><ele>25.76</ele></trkpt><trkpt lat="37.158989" lon="127.079922"><time>2026-08-08T01:20:53.001Z</time><ele>24.95</ele></trkpt><trkpt lat="37.158993" lon="127.079761"><time>2026-08-08T01:20:54.001Z</time><ele>24.81</ele></trkpt><trkpt lat="37.158996" lon="127.07961"><time>2026-08-08T01:20:55.001Z</time><ele>24.57</ele></trkpt><trkpt lat="37.159" lon="127.07947"><time>2026-08-08T01:20:56.001Z</time><ele>24.48</ele></trkpt><trkpt lat="37.159004" lon="127.079344"><time>2026-08-08T01:20:57.001Z</time><ele>24.49</ele></trkpt><trkpt lat="37.159005" lon="127.079235"><time>2026-08-08T01:20:58.001Z</time><ele>23.88</ele></trkpt><trkpt lat="37.159005" lon="127.079127"><time>2026-08-08T01:20:59.001Z</time><ele>24.12</ele></trkpt><trkpt lat="37.158999" lon="127.079037"><time>2026-08-08T01:21:00.001Z</time><ele>24.26</ele></trkpt><trkpt lat="37.159001" lon="127.078951"><time>2026-08-08T01:21:01.001Z</time><ele>24.12</ele></trkpt><trkpt lat="37.159013" lon="127.078875"><time>2026-08-08T01:21:02.001Z</time><ele>24.15</ele></trkpt><trkpt lat="37.159209" lon="127.078744"><time>2026-08-08T01:21:04.001Z</time><ele>24.68</ele></trkpt><trkpt lat="37.159296" lon="127.078688"><time>2026-08-08T01:21:05.001Z</time><ele>25.02</ele></trkpt><trkpt lat="37.15937" lon="127.078644"><time>2026-08-08T01:21:06.001Z</time><ele>25.45</ele></trkpt><trkpt lat="37.159429" lon="127.078611"><time>2026-08-08T01:21:07.001Z</time><ele>25.06</ele></trkpt><trkpt lat="37.159475" lon="127.078585"><time>2026-08-08T01:21:08.001Z</time><ele>25.04</ele></trkpt><trkpt lat="37.159538" lon="127.078549"><time>2026-08-08T01:21:10.001Z</time><ele>24.99</ele></trkpt><trkpt lat="37.159589" lon="127.078514"><time>2026-08-08T01:21:13.001Z</time><ele>24.49</ele></trkpt><trkpt lat="37.159648" lon="127.078474"><time>2026-08-08T01:21:21.001Z</time><ele>25.4</ele></trkpt><trkpt lat="37.159696" lon="127.078432"><time>2026-08-08T01:21:22.001Z</time><ele>25.05</ele></trkpt><trkpt lat="37.159758" lon="127.07838"><time>2026-08-08T01:21:23.001Z</time><ele>25.16</ele></trkpt><trkpt lat="37.159831" lon="127.078319"><time>2026-08-08T01:21:24.001Z</time><ele>24.77</ele></trkpt><trkpt lat="37.159909" lon="127.078247"><time>2026-08-08T01:21:25.001Z</time><ele>25.08</ele></trkpt><trkpt lat="37.159989" lon="127.078142"><time>2026-08-08T01:21:26.001Z</time><ele>25.13</ele></trkpt><trkpt lat="37.160073" lon="127.078024"><time>2026-08-08T01:21:27.001Z</time><ele>24.8</ele></trkpt><trkpt lat="37.160154" lon="127.077903"><time>2026-08-08T01:21:28.001Z</time><ele>24.82</ele></trkpt><trkpt lat="37.160234" lon="127.077781"><time>2026-08-08T01:21:29.001Z</time><ele>24.3</ele></trkpt><trkpt lat="37.160313" lon="127.077666"><time>2026-08-08T01:21:30.001Z</time><ele>24.45</ele></trkpt><trkpt lat="37.160397" lon="127.077549"><time>2026-08-08T01:21:31.001Z</time><ele>25.09</ele></trkpt><trkpt lat="37.160483" lon="127.077426"><time>2026-08-08T01:21:32.001Z</time><ele>25.14</ele></trkpt><trkpt lat="37.160577" lon="127.077296"><time>2026-08-08T01:21:33.001Z</time><ele>26.08</ele></trkpt><trkpt lat="37.160673" lon="127.077167"><time>2026-08-08T01:21:34.001Z</time><ele>26.67</ele></trkpt><trkpt lat="37.160771" lon="127.077033"><time>2026-08-08T01:21:35.001Z</time><ele>26.55</ele></trkpt><trkpt lat="37.160863" lon="127.076902"><time>2026-08-08T01:21:36.001Z</time><ele>27.53</ele></trkpt><trkpt lat="37.160957" lon="127.076777"><time>2026-08-08T01:21:37.001Z</time><ele>27.9</ele></trkpt><trkpt lat="37.161043" lon="127.076661"><time>2026-08-08T01:21:38.001Z</time><ele>27.99</ele></trkpt><trkpt lat="37.161123" lon="127.076554"><time>2026-08-08T01:21:39.001Z</time><ele>27.93</ele></trkpt><trkpt lat="37.161194" lon="127.076462"><time>2026-08-08T01:21:40.001Z</time><ele>28.49</ele></trkpt><trkpt lat="37.161256" lon="127.076384"><time>2026-08-08T01:21:41.001Z</time><ele>28.58</ele></trkpt><trkpt lat="37.161303" lon="127.076323"><time>2026-08-08T01:21:42.001Z</time><ele>28.5</ele></trkpt><trkpt lat="37.161346" lon="127.076265"><time>2026-08-08T01:21:43.001Z</time><ele>28.43</ele></trkpt><trkpt lat="37.161383" lon="127.076218"><time>2026-08-08T01:21:44.001Z</time><ele>28.34</ele></trkpt><trkpt lat="37.161442" lon="127.076137"><time>2026-08-08T01:21:46.001Z</time><ele>27.92</ele></trkpt><trkpt lat="37.161482" lon="127.076088"><time>2026-08-08T01:21:48.002Z</time><ele>27.66</ele></trkpt><trkpt lat="37.161506" lon="127.076035"><time>2026-08-08T01:22:09.000Z</time><ele>26.66</ele></trkpt><trkpt lat="37.161542" lon="127.075992"><time>2026-08-08T01:22:10.000Z</time><ele>26.4</ele></trkpt><trkpt lat="37.161588" lon="127.075935"><time>2026-08-08T01:22:11.000Z</time><ele>26.41</ele></trkpt><trkpt lat="37.161654" lon="127.075852"><time>2026-08-08T01:22:12.000Z</time><ele>26.23</ele></trkpt><trkpt lat="37.161722" lon="127.075763"><time>2026-08-08T01:22:13.000Z</time><ele>25.74</ele></trkpt><trkpt lat="37.16177" lon="127.075683"><time>2026-08-08T01:22:14.000Z</time><ele>25.86</ele></trkpt><trkpt lat="37.161817" lon="127.075607"><time>2026-08-08T01:22:15.000Z</time><ele>25.48</ele></trkpt><trkpt lat="37.161873" lon="127.075518"><time>2026-08-08T01:22:16.000Z</time><ele>25.17</ele></trkpt><trkpt lat="37.16194" lon="127.075422"><time>2026-08-08T01:22:17.000Z</time><ele>24.73</ele></trkpt><trkpt lat="37.162004" lon="127.075307"><time>2026-08-08T01:22:18.000Z</time><ele>24.58</ele></trkpt><trkpt lat="37.16206" lon="127.075201"><time>2026-08-08T01:22:19.000Z</time><ele>24.38</ele></trkpt><trkpt lat="37.162114" lon="127.075091"><time>2026-08-08T01:22:20.000Z</time><ele>24.29</ele></trkpt><trkpt lat="37.162168" lon="127.07499"><time>2026-08-08T01:22:21.000Z</time><ele>24.29</ele></trkpt><trkpt lat="37.162223" lon="127.074889"><time>2026-08-08T01:22:22.000Z</time><ele>23.9</ele></trkpt><trkpt lat="37.162274" lon="127.074787"><time>2026-08-08T01:22:23.000Z</time><ele>24.25</ele></trkpt><trkpt lat="37.162325" lon="127.074693"><time>2026-08-08T01:22:24.000Z</time><ele>24.15</ele></trkpt><trkpt lat="37.162367" lon="127.074616"><time>2026-08-08T01:22:25.000Z</time><ele>24.11</ele></trkpt><trkpt lat="37.162406" lon="127.074542"><time>2026-08-08T01:22:26.000Z</time><ele>24.07</ele></trkpt><trkpt lat="37.162448" lon="127.074462"><time>2026-08-08T01:22:27.000Z</time><ele>24.03</ele></trkpt><trkpt lat="37.162492" lon="127.074384"><time>2026-08-08T01:22:28.000Z</time><ele>24.54</ele></trkpt><trkpt lat="37.162524" lon="127.074313"><time>2026-08-08T01:22:29.000Z</time><ele>24.4</ele></trkpt><trkpt lat="37.162557" lon="127.074249"><time>2026-08-08T01:22:30.000Z</time><ele>24.75</ele></trkpt><trkpt lat="37.16259" lon="127.07418"><time>2026-08-08T01:22:31.000Z</time><ele>24.96</ele></trkpt><trkpt lat="37.162629" lon="127.074103"><time>2026-08-08T01:22:32.000Z</time><ele>24.91</ele></trkpt><trkpt lat="37.162669" lon="127.074022"><time>2026-08-08T01:22:33.000Z</time><ele>25.47</ele></trkpt><trkpt lat="37.162711" lon="127.073936"><time>2026-08-08T01:22:34.000Z</time><ele>25.97</ele></trkpt><trkpt lat="37.162757" lon="127.073844"><time>2026-08-08T01:22:35.000Z</time><ele>26.54</ele></trkpt><trkpt lat="37.162807" lon="127.073753"><time>2026-08-08T01:22:36.000Z</time><ele>27.29</ele></trkpt><trkpt lat="37.16286" lon="127.073677"><time>2026-08-08T01:22:37.000Z</time><ele>27.53</ele></trkpt><trkpt lat="37.162909" lon="127.073607"><time>2026-08-08T01:22:38.000Z</time><ele>27.55</ele></trkpt><trkpt lat="37.162961" lon="127.073528"><time>2026-08-08T01:22:39.000Z</time><ele>27.57</ele></trkpt><trkpt lat="37.163017" lon="127.073442"><time>2026-08-08T01:22:40.000Z</time><ele>28.15</ele></trkpt><trkpt lat="37.163075" lon="127.073351"><time>2026-08-08T01:22:41.000Z</time><ele>28.72</ele></trkpt><trkpt lat="37.16314" lon="127.073249"><time>2026-08-08T01:22:42.000Z</time><ele>28.98</ele></trkpt><trkpt lat="37.1632" lon="127.073165"><time>2026-08-08T01:22:43.001Z</time><ele>29.78</ele></trkpt><trkpt lat="37.16326" lon="127.073093"><time>2026-08-08T01:22:44.001Z</time><ele>29.96</ele></trkpt><trkpt lat="37.163317" lon="127.073036"><time>2026-08-08T01:22:45.001Z</time><ele>30.14</ele></trkpt><trkpt lat="37.16337" lon="127.072985"><time>2026-08-08T01:22:46.001Z</time><ele>30.56</ele></trkpt><trkpt lat="37.163428" lon="127.072931"><time>2026-08-08T01:22:47.001Z</time><ele>31.22</ele></trkpt><trkpt lat="37.16348" lon="127.072889"><time>2026-08-08T01:22:48.001Z</time><ele>31.45</ele></trkpt><trkpt lat="37.163478" lon="127.072677"><time>2026-08-08T01:22:50.001Z</time><ele>31.91</ele></trkpt><trkpt lat="37.163456" lon="127.072566"><time>2026-08-08T01:22:51.001Z</time><ele>31.34</ele></trkpt><trkpt lat="37.163453" lon="127.072464"><time>2026-08-08T01:22:52.001Z</time><ele>31.06</ele></trkpt><trkpt lat="37.163454" lon="127.07237"><time>2026-08-08T01:22:53.001Z</time><ele>30.67</ele></trkpt><trkpt lat="37.163454" lon="127.072268"><time>2026-08-08T01:22:54.001Z</time><ele>30.09</ele></trkpt><trkpt lat="37.163452" lon="127.07217"><time>2026-08-08T01:22:55.001Z</time><ele>29.39</ele></trkpt><trkpt lat="37.163443" lon="127.072088"><time>2026-08-08T01:22:56.001Z</time><ele>28.98</ele></trkpt><trkpt lat="37.163443" lon="127.072027"><time>2026-08-08T01:22:57.001Z</time><ele>28.89</ele></trkpt><trkpt lat="37.16327" lon="127.071979"><time>2026-08-08T01:22:59.001Z</time><ele>28.45</ele></trkpt><trkpt lat="37.16319" lon="127.071992"><time>2026-08-08T01:23:00.001Z</time><ele>27.26</ele></trkpt><trkpt lat="37.163108" lon="127.071993"><time>2026-08-08T01:23:01.001Z</time><ele>25.59</ele></trkpt><trkpt lat="37.163021" lon="127.071987"><time>2026-08-08T01:23:02.001Z</time><ele>23.57</ele></trkpt><trkpt lat="37.16293" lon="127.071973"><time>2026-08-08T01:23:03.001Z</time><ele>22.85</ele></trkpt><trkpt lat="37.162476" lon="127.071727"><time>2026-08-08T01:23:09.001Z</time><ele>20.23</ele></trkpt><trkpt lat="37.162532" lon="127.071393"><time>2026-08-08T01:23:15.001Z</time><ele>21.01</ele></trkpt><trkpt lat="37.162525" lon="127.071293"><time>2026-08-08T01:23:17.001Z</time><ele>20.99</ele></trkpt><trkpt lat="37.162282" lon="127.071373"><time>2026-08-08T01:23:23.016Z</time><ele>21.51</ele></trkpt><trkpt lat="37.162285" lon="127.071711"><time>2026-08-08T01:25:26.003Z</time><ele>22.95</ele></trkpt><trkpt lat="37.162351" lon="127.071614"><time>2026-08-08T01:25:29.003Z</time><ele>23.43</ele></trkpt><trkpt lat="37.162336" lon="127.07156"><time>2026-08-08T01:25:34.000Z</time><ele>23.48</ele></trkpt><trkpt lat="37.162299" lon="127.071664"><time>2026-08-08T01:31:13.381Z</time><ele>30.62</ele></trkpt><trkpt lat="37.16235" lon="127.071501"><time>2026-08-08T01:31:34.001Z</time><ele>42.07</ele></trkpt><trkpt lat="37.162299" lon="127.071693"><time>2026-08-08T01:31:40.001Z</time><ele>24.81</ele></trkpt><trkpt lat="37.162262" lon="127.071576"><time>2026-08-08T01:31:47.001Z</time><ele>36.13</ele></trkpt><trkpt lat="37.162313" lon="127.071661"><time>2026-08-08T01:32:00.002Z</time><ele>25.38</ele></trkpt><trkpt lat="37.162232" lon="127.071728"><time>2026-08-08T01:32:02.000Z</time><ele>25.49</ele></trkpt><trkpt lat="37.162283" lon="127.071677"><time>2026-08-08T01:32:04.000Z</time><ele>25.65</ele></trkpt><trkpt lat="37.162179" lon="127.07167"><time>2026-08-08T01:32:10.000Z</time><ele>38.47</ele></trkpt><trkpt lat="37.162238" lon="127.071615"><time>2026-08-08T01:32:14.000Z</time><ele>39.03</ele></trkpt><trkpt lat="37.162323" lon="127.071652"><time>2026-08-08T01:32:18.000Z</time><ele>38.82</ele></trkpt><trkpt lat="37.162378" lon="127.071548"><time>2026-08-08T01:32:24.000Z</time><ele>37.22</ele></trkpt><trkpt lat="37.162344" lon="127.071612"><time>2026-08-08T01:32:50.017Z</time><ele>36.25</ele></trkpt><trkpt lat="37.162285" lon="127.071564"><time>2026-08-08T01:40:22.007Z</time><ele>42.53</ele></trkpt><trkpt lat="37.162342" lon="127.071542"><time>2026-08-08T01:40:31.000Z</time><ele>37.76</ele></trkpt><trkpt lat="37.162294" lon="127.071623"><time>2026-08-08T01:42:23.001Z</time><ele>24.2</ele></trkpt><trkpt lat="37.162341" lon="127.071605"><time>2026-08-08T01:42:46.000Z</time><ele>25.32</ele></trkpt><trkpt lat="37.162381" lon="127.071561"><time>2026-08-08T01:43:03.000Z</time><ele>25.4</ele></trkpt><trkpt lat="37.162325" lon="127.071625"><time>2026-08-08T01:43:12.000Z</time><ele>25.48</ele></trkpt><trkpt lat="37.162279" lon="127.071647"><time>2026-08-08T01:43:17.001Z</time><ele>26.44</ele></trkpt><trkpt lat="37.162237" lon="127.071683"><time>2026-08-08T01:43:23.001Z</time><ele>26.74</ele></trkpt><trkpt lat="37.162253" lon="127.071601"><time>2026-08-08T01:43:28.001Z</time><ele>26.6</ele></trkpt><trkpt lat="37.162305" lon="127.071624"><time>2026-08-08T01:43:36.001Z</time><ele>26.48</ele></trkpt><trkpt lat="37.162348" lon="127.071571"><time>2026-08-08T01:44:49.000Z</time><ele>37.37</ele></trkpt><trkpt lat="37.16229" lon="127.071679"><time>2026-08-08T01:45:51.001Z</time><ele>29.1</ele></trkpt><trkpt lat="37.162376" lon="127.071514"><time>2026-08-08T01:46:19.001Z</time><ele>26.88</ele></trkpt><trkpt lat="37.162303" lon="127.071629"><time>2026-08-08T01:49:56.004Z</time><ele>25.96</ele></trkpt><trkpt lat="37.162415" lon="127.071514"><time>2026-08-08T01:50:19.000Z</time><ele>24.56</ele></trkpt><trkpt lat="37.162306" lon="127.0716"><time>2026-08-08T01:51:12.001Z</time><ele>24.25</ele></trkpt><trkpt lat="37.162328" lon="127.071661"><time>2026-08-08T01:51:21.001Z</time><ele>26.49</ele></trkpt><trkpt lat="37.162309" lon="127.071594"><time>2026-08-08T01:51:33.001Z</time><ele>27.12</ele></trkpt><trkpt lat="37.162343" lon="127.07165"><time>2026-08-08T01:51:44.001Z</time><ele>32.89</ele></trkpt><trkpt lat="37.162306" lon="127.071584"><time>2026-08-08T01:51:56.001Z</time><ele>27.03</ele></trkpt><trkpt lat="37.162358" lon="127.071573"><time>2026-08-08T01:52:11.000Z</time><ele>25.64</ele></trkpt><trkpt lat="37.1624" lon="127.071526"><time>2026-08-08T01:52:27.000Z</time><ele>25.78</ele></trkpt><trkpt lat="37.162278" lon="127.071631"><time>2026-08-08T01:52:50.000Z</time><ele>24.75</ele></trkpt><trkpt lat="37.162316" lon="127.071574"><time>2026-08-08T01:53:02.001Z</time><ele>24.84</ele></trkpt><trkpt lat="37.162347" lon="127.07153"><time>2026-08-08T01:53:08.001Z</time><ele>26.84</ele></trkpt><trkpt lat="37.162346" lon="127.071574"><time>2026-08-08T01:54:02.001Z</time><ele>25.5</ele></trkpt><trkpt lat="37.162311" lon="127.071612"><time>2026-08-08T01:54:52.000Z</time><ele>26.67</ele></trkpt><trkpt lat="37.162265" lon="127.071579"><time>2026-08-08T01:55:20.000Z</time><ele>25.07</ele></trkpt><trkpt lat="37.16232" lon="127.071569"><time>2026-08-08T01:55:38.001Z</time><ele>25.33</ele></trkpt><trkpt lat="37.162302" lon="127.071634"><time>2026-08-08T01:55:41.001Z</time><ele>25.99</ele></trkpt><trkpt lat="37.162264" lon="127.071582"><time>2026-08-08T01:56:06.001Z</time><ele>27.35</ele></trkpt><trkpt lat="37.162361" lon="127.071514"><time>2026-08-08T01:56:13.001Z</time><ele>26.53</ele></trkpt><trkpt lat="37.162251" lon="127.071537"><time>2026-08-08T01:56:18.001Z</time><ele>26.92</ele></trkpt><trkpt lat="37.162302" lon="127.071514"><time>2026-08-08T01:56:25.001Z</time><ele>27.42</ele></trkpt><trkpt lat="37.162298" lon="127.07157"><time>2026-08-08T01:56:28.001Z</time><ele>27.45</ele></trkpt><trkpt lat="37.162264" lon="127.071639"><time>2026-08-08T01:56:54.000Z</time><ele>26.82</ele></trkpt><trkpt lat="37.162338" lon="127.071597"><time>2026-08-08T01:57:07.000Z</time><ele>27.23</ele></trkpt><trkpt lat="37.162318" lon="127.07162"><time>2026-08-08T01:57:24.000Z</time><ele>27.67</ele></trkpt><trkpt lat="37.162309" lon="127.071678"><time>2026-08-08T01:57:29.000Z</time><ele>33.21</ele></trkpt><trkpt lat="37.162266" lon="127.071647"><time>2026-08-08T01:57:47.001Z</time><ele>33.79</ele></trkpt><trkpt lat="37.162325" lon="127.071573"><time>2026-08-08T01:58:20.001Z</time><ele>35.62</ele></trkpt><trkpt lat="37.162293" lon="127.071568"><time>2026-08-08T01:58:47.001Z</time><ele>30.97</ele></trkpt><trkpt lat="37.162291" lon="127.071633"><time>2026-08-08T01:59:53.001Z</time><ele>32.56</ele></trkpt><trkpt lat="37.162321" lon="127.071563"><time>2026-08-08T02:01:06.000Z</time><ele>27.28</ele></trkpt><trkpt lat="37.162301" lon="127.071621"><time>2026-08-08T02:01:09.000Z</time><ele>27.38</ele></trkpt><trkpt lat="37.162307" lon="127.071611"><time>2026-08-08T02:03:00.001Z</time><ele>28.6</ele></trkpt><trkpt lat="37.16227" lon="127.071644"><time>2026-08-08T02:03:44.000Z</time><ele>26.74</ele></trkpt><trkpt lat="37.162315" lon="127.07161"><time>2026-08-08T02:03:58.000Z</time><ele>26.18</ele></trkpt><trkpt lat="37.162314" lon="127.071561"><time>2026-08-08T02:04:22.015Z</time><ele>27.07</ele></trkpt><trkpt lat="37.162348" lon="127.071625"><time>2026-08-08T02:05:23.015Z</time><ele>28.46</ele></trkpt><trkpt lat="37.162267" lon="127.071657"><time>2026-08-08T02:06:46.001Z</time><ele>39.76</ele></trkpt><trkpt lat="37.162312" lon="127.071609"><time>2026-08-08T02:07:04.001Z</time><ele>39.39</ele></trkpt><trkpt lat="37.162261" lon="127.071675"><time>2026-08-08T02:07:59.000Z</time><ele>39.64</ele></trkpt><trkpt lat="37.162286" lon="127.071614"><time>2026-08-08T02:08:16.000Z</time><ele>29.08</ele></trkpt><trkpt lat="37.162252" lon="127.071665"><time>2026-08-08T02:08:32.001Z</time><ele>30.31</ele></trkpt><trkpt lat="37.162272" lon="127.071608"><time>2026-08-08T02:09:17.001Z</time><ele>32.23</ele></trkpt><trkpt lat="37.162318" lon="127.071594"><time>2026-08-08T02:10:33.000Z</time><ele>31.5</ele></trkpt><trkpt lat="37.16228" lon="127.071634"><time>2026-08-08T02:10:47.001Z</time><ele>33.16</ele></trkpt><trkpt lat="37.162243" lon="127.071598"><time>2026-08-08T02:11:25.001Z</time><ele>30.2</ele></trkpt><trkpt lat="37.162288" lon="127.071623"><time>2026-08-08T02:11:40.001Z</time><ele>29.45</ele></trkpt><trkpt lat="37.162246" lon="127.071646"><time>2026-08-08T02:12:22.000Z</time><ele>27.54</ele></trkpt><trkpt lat="37.162264" lon="127.071593"><time>2026-08-08T02:12:47.001Z</time><ele>27.75</ele></trkpt><trkpt lat="37.162249" lon="127.07165"><time>2026-08-08T02:13:26.001Z</time><ele>29.37</ele></trkpt><trkpt lat="37.162292" lon="127.071633"><time>2026-08-08T02:14:08.000Z</time><ele>29.39</ele></trkpt><trkpt lat="37.16224" lon="127.071685"><time>2026-08-08T02:14:35.000Z</time><ele>30.76</ele></trkpt><trkpt lat="37.162241" lon="127.071629"><time>2026-08-08T02:14:45.000Z</time><ele>30.72</ele></trkpt><trkpt lat="37.162179" lon="127.071668"><time>2026-08-08T02:15:01.001Z</time><ele>29.4</ele></trkpt><trkpt lat="37.162189" lon="127.071609"><time>2026-08-08T02:15:09.001Z</time><ele>29.55</ele></trkpt><trkpt lat="37.162241" lon="127.071614"><time>2026-08-08T02:15:13.001Z</time><ele>29.55</ele></trkpt><trkpt lat="37.162298" lon="127.071529"><time>2026-08-08T02:15:24.001Z</time><ele>29.64</ele></trkpt><trkpt lat="37.162334" lon="127.071591"><time>2026-08-08T02:16:09.000Z</time><ele>29.37</ele></trkpt><trkpt lat="37.162315" lon="127.071456"><time>2026-08-08T02:16:31.000Z</time><ele>18.73</ele></trkpt><trkpt lat="37.162281" lon="127.071543"><time>2026-08-08T02:16:36.000Z</time><ele>28.6</ele></trkpt><trkpt lat="37.162214" lon="127.071638"><time>2026-08-08T02:16:58.016Z</time><ele>19.83</ele></trkpt><trkpt lat="37.16222" lon="127.071678"><time>2026-08-08T02:17:06.001Z</time><ele>20.24</ele></trkpt><trkpt lat="37.162274" lon="127.071601"><time>2026-08-08T02:17:12.001Z</time><ele>20.54</ele></trkpt><trkpt lat="37.162298" lon="127.071551"><time>2026-08-08T02:17:41.001Z</time><ele>22.04</ele></trkpt><trkpt lat="37.16222" lon="127.071657"><time>2026-08-08T02:18:08.001Z</time><ele>-2.13</ele></trkpt><trkpt lat="37.162291" lon="127.071547"><time>2026-08-08T02:18:18.000Z</time><ele>20.44</ele></trkpt><trkpt lat="37.162331" lon="127.071512"><time>2026-08-08T02:18:30.000Z</time><ele>-5.09</ele></trkpt><trkpt lat="37.162314" lon="127.071533"><time>2026-08-08T02:19:00.000Z</time><ele>0.21</ele></trkpt><trkpt lat="37.162376" lon="127.071425"><time>2026-08-08T02:19:40.001Z</time><ele>0.98</ele></trkpt><trkpt lat="37.162345" lon="127.071496"><time>2026-08-08T02:19:58.001Z</time><ele>19.43</ele></trkpt><trkpt lat="37.162321" lon="127.071573"><time>2026-08-08T02:20:19.000Z</time><ele>20.28</ele></trkpt><trkpt lat="37.162282" lon="127.071542"><time>2026-08-08T02:20:25.000Z</time><ele>20.73</ele></trkpt><trkpt lat="37.162285" lon="127.071607"><time>2026-08-08T02:21:33.001Z</time><ele>22.18</ele></trkpt><trkpt lat="37.162259" lon="127.071559"><time>2026-08-08T02:21:49.001Z</time><ele>23.39</ele></trkpt><trkpt lat="37.162261" lon="127.07162"><time>2026-08-08T02:23:24.001Z</time><ele>35.95</ele></trkpt><trkpt lat="37.162329" lon="127.071513"><time>2026-08-08T02:23:36.001Z</time><ele>35.02</ele></trkpt><trkpt lat="37.162307" lon="127.071585"><time>2026-08-08T02:23:42.001Z</time><ele>27.15</ele></trkpt><trkpt lat="37.162361" lon="127.071535"><time>2026-08-08T02:24:06.016Z</time><ele>28.3</ele></trkpt><trkpt lat="37.162259" lon="127.071658"><time>2026-08-08T02:25:28.002Z</time><ele>28.33</ele></trkpt><trkpt lat="37.162283" lon="127.071599"><time>2026-08-08T02:25:31.002Z</time><ele>30.98</ele></trkpt><trkpt lat="37.16232" lon="127.07156"><time>2026-08-08T02:25:34.000Z</time><ele>32.19</ele></trkpt><trkpt lat="37.162301" lon="127.07156"><time>2026-08-08T02:25:48.000Z</time><ele>42.59</ele></trkpt><trkpt lat="37.162248" lon="127.071606"><time>2026-08-08T02:25:59.000Z</time><ele>42.51</ele></trkpt><trkpt lat="37.162326" lon="127.071606"><time>2026-08-08T02:26:03.000Z</time><ele>42.16</ele></trkpt><trkpt lat="37.162307" lon="127.071546"><time>2026-08-08T02:26:15.000Z</time><ele>41.98</ele></trkpt><trkpt lat="37.162412" lon="127.071507"><time>2026-08-08T02:27:26.385Z</time><ele>29.63</ele></trkpt><trkpt lat="37.162363" lon="127.071528"><time>2026-08-08T02:27:56.002Z</time><ele>30.56</ele></trkpt><trkpt lat="37.162329" lon="127.071643"><time>2026-08-08T02:28:27.002Z</time><ele>24.95</ele></trkpt><trkpt lat="37.162332" lon="127.071587"><time>2026-08-08T02:28:46.000Z</time><ele>34.53</ele></trkpt><trkpt lat="37.162342" lon="127.071412"><time>2026-08-08T02:29:09.000Z</time><ele>25</ele></trkpt><trkpt lat="37.16234" lon="127.071584"><time>2026-08-08T02:29:15.000Z</time><ele>43.73</ele></trkpt><trkpt lat="37.162284" lon="127.071583"><time>2026-08-08T02:29:19.000Z</time><ele>45.89</ele></trkpt><trkpt lat="37.162316" lon="127.071627"><time>2026-08-08T02:29:27.001Z</time><ele>45.77</ele></trkpt><trkpt lat="37.162311" lon="127.071565"><time>2026-08-08T02:29:33.001Z</time><ele>47.61</ele></trkpt><trkpt lat="37.162282" lon="127.071569"><time>2026-08-08T02:29:47.001Z</time><ele>47.02</ele></trkpt><trkpt lat="37.162299" lon="127.071564"><time>2026-08-08T02:30:45.000Z</time><ele>33.06</ele></trkpt><trkpt lat="37.162259" lon="127.071639"><time>2026-08-08T02:31:09.000Z</time><ele>33.29</ele></trkpt><trkpt lat="37.162239" lon="127.071588"><time>2026-08-08T02:31:18.011Z</time><ele>33.02</ele></trkpt><trkpt lat="37.162426" lon="127.071336"><time>2026-08-08T02:32:50.001Z</time><ele>34.75</ele></trkpt><trkpt lat="37.162463" lon="127.071383"><time>2026-08-08T02:33:08.002Z</time><ele>29.58</ele></trkpt><trkpt lat="37.162511" lon="127.071419"><time>2026-08-08T02:37:51.000Z</time><ele>39.65</ele></trkpt></trkseg></trk></gpx>