<?xml version="1.0" encoding="UTF-8"?><gpx version="1.1" creator="Relive" xmlns="http://www.topografix.com/GPX/1/1" xmlns:xsi="http://www.w3.org/2001/XMLSchema-instance" xsi:schemaLocation="http://www.topografix.com/GPX/1/1 http://www.topografix.com/GPX/1/1/gpx.xsd http://www.garmin.com/xmlschemas/TrackPointExtension/v1 http://www.garmin.com/xmlschemas/TrackPointExtensionv1.xsd http://www.garmin.com/xmlschemas/GpxExtensions/v3 http://www.garmin.com/xmlschemas/GpxExtensionsv3.xsd" xmlns:gpxtpx="http://www.garmin.com/xmlschemas/TrackPointExtension/v1" xmlns:gpxx="http://www.garmin.com/xmlschemas/GpxExtensions/v3"><metadata><time>2026-06-13T06:47:20.000Z</time><name>6월 13일 오후</name></metadata><trk><trkseg><trkpt lat="36.875754" lon="126.869291"><time>2026-06-13T06:47:20.000Z</time><ele>10.91</ele></trkpt><trkpt lat="36.875728" lon="126.869244"><time>2026-06-13T06:47:51.001Z</time><ele>9.08</ele></trkpt><trkpt lat="36.875688" lon="126.869271"><time>2026-06-13T06:48:34.001Z</time><ele>7.8</ele></trkpt><trkpt lat="36.875641" lon="126.869229"><time>2026-06-13T06:48:48.002Z</time><ele>7.77</ele></trkpt><trkpt lat="36.875625" lon="126.86915"><time>2026-06-13T06:48:50.002Z</time><ele>7.55</ele></trkpt><trkpt lat="36.87566" lon="126.869096"><time>2026-06-13T06:48:51.002Z</time><ele>6.88</ele></trkpt><trkpt lat="36.875694" lon="126.869043"><time>2026-06-13T06:48:52.002Z</time><ele>7.09</ele></trkpt><trkpt lat="36.875731" lon="126.868986"><time>2026-06-13T06:48:54.002Z</time><ele>6.77</ele></trkpt><trkpt lat="36.875741" lon="126.868908"><time>2026-06-13T06:48:56.002Z</time><ele>6.82</ele></trkpt><trkpt lat="36.875745" lon="126.868847"><time>2026-06-13T06:48:58.002Z</time><ele>6.84</ele></trkpt><trkpt lat="36.876527" lon="126.868897"><time>2026-06-13T06:49:09.002Z</time><ele>7.38</ele></trkpt><trkpt lat="36.87659" lon="126.868929"><time>2026-06-13T06:49:09.999Z</time><ele>6.23</ele></trkpt><trkpt lat="36.876632" lon="126.868974"><time>2026-06-13T06:49:10.999Z</time><ele>5.46</ele></trkpt><trkpt lat="36.876679" lon="126.868994"><time>2026-06-13T06:49:11.999Z</time><ele>6.03</ele></trkpt><trkpt lat="36.876724" lon="126.869054"><time>2026-06-13T06:49:13.999Z</time><ele>6.26</ele></trkpt><trkpt lat="36.876774" lon="126.869092"><time>2026-06-13T06:49:15.999Z</time><ele>5.88</ele></trkpt><trkpt lat="36.876816" lon="126.86914"><time>2026-06-13T06:49:27.000Z</time><ele>6.03</ele></trkpt><trkpt lat="36.876861" lon="126.869173"><time>2026-06-13T06:49:28.000Z</time><ele>6.89</ele></trkpt><trkpt lat="36.876932" lon="126.869225"><time>2026-06-13T06:49:30.000Z</time><ele>6.06</ele></trkpt><trkpt lat="36.876978" lon="126.869263"><time>2026-06-13T06:49:31.000Z</time><ele>6.28</ele></trkpt><trkpt lat="36.877026" lon="126.869304"><time>2026-06-13T06:49:32.000Z</time><ele>6.42</ele></trkpt><trkpt lat="36.877077" lon="126.869342"><time>2026-06-13T06:49:33.000Z</time><ele>6.2</ele></trkpt><trkpt lat="36.87714" lon="126.869368"><time>2026-06-13T06:49:34.000Z</time><ele>7.27</ele></trkpt><trkpt lat="36.877186" lon="126.869421"><time>2026-06-13T06:49:35.000Z</time><ele>7.39</ele></trkpt><trkpt lat="36.877361" lon="126.869275"><time>2026-06-13T06:49:37.000Z</time><ele>8.04</ele></trkpt><trkpt lat="36.877416" lon="126.86917"><time>2026-06-13T06:49:38.000Z</time><ele>7.76</ele></trkpt><trkpt lat="36.877458" lon="126.869073"><time>2026-06-13T06:49:39.000Z</time><ele>7.56</ele></trkpt><trkpt lat="36.87752" lon="126.868982"><time>2026-06-13T06:49:40.000Z</time><ele>8.67</ele></trkpt><trkpt lat="36.877588" lon="126.868873"><time>2026-06-13T06:49:41.000Z</time><ele>7.66</ele></trkpt><trkpt lat="36.877655" lon="126.868764"><time>2026-06-13T06:49:42.000Z</time><ele>8.26</ele></trkpt><trkpt lat="36.877731" lon="126.86865"><time>2026-06-13T06:49:43.000Z</time><ele>9.07</ele></trkpt><trkpt lat="36.877807" lon="126.86853"><time>2026-06-13T06:49:44.000Z</time><ele>8.64</ele></trkpt><trkpt lat="36.877885" lon="126.868406"><time>2026-06-13T06:49:45.000Z</time><ele>9.63</ele></trkpt><trkpt lat="36.877978" lon="126.868275"><time>2026-06-13T06:49:46.000Z</time><ele>8.83</ele></trkpt><trkpt lat="36.87808" lon="126.868155"><time>2026-06-13T06:49:47.000Z</time><ele>9.34</ele></trkpt><trkpt lat="36.878187" lon="126.868039"><time>2026-06-13T06:49:48.000Z</time><ele>9</ele></trkpt><trkpt lat="36.878296" lon="126.867933"><time>2026-06-13T06:49:49.000Z</time><ele>8.78</ele></trkpt><trkpt lat="36.878408" lon="126.867839"><time>2026-06-13T06:49:50.000Z</time><ele>8.49</ele></trkpt><trkpt lat="36.878518" lon="126.867749"><time>2026-06-13T06:49:51.000Z</time><ele>6.97</ele></trkpt><trkpt lat="36.878623" lon="126.867683"><time>2026-06-13T06:49:52.000Z</time><ele>5.48</ele></trkpt><trkpt lat="36.878725" lon="126.867621"><time>2026-06-13T06:49:53.000Z</time><ele>6.65</ele></trkpt><trkpt lat="36.878836" lon="126.867556"><time>2026-06-13T06:49:54.000Z</time><ele>6.84</ele></trkpt><trkpt lat="36.878953" lon="126.867494"><time>2026-06-13T06:49:55.000Z</time><ele>6.17</ele></trkpt><trkpt lat="36.879077" lon="126.86743"><time>2026-06-13T06:49:56.001Z</time><ele>6.86</ele></trkpt><trkpt lat="36.879203" lon="126.867339"><time>2026-06-13T06:49:57.001Z</time><ele>6.79</ele></trkpt><trkpt lat="36.879314" lon="126.867279"><time>2026-06-13T06:49:58.001Z</time><ele>6.97</ele></trkpt><trkpt lat="36.879419" lon="126.867216"><time>2026-06-13T06:49:59.001Z</time><ele>6.54</ele></trkpt><trkpt lat="36.879522" lon="126.867151"><time>2026-06-13T06:50:00.001Z</time><ele>6.57</ele></trkpt><trkpt lat="36.879625" lon="126.867091"><time>2026-06-13T06:50:01.001Z</time><ele>6.82</ele></trkpt><trkpt lat="36.87973" lon="126.86703"><time>2026-06-13T06:50:02.001Z</time><ele>6.67</ele></trkpt><trkpt lat="36.879836" lon="126.86697"><time>2026-06-13T06:50:03.001Z</time><ele>7.9</ele></trkpt><trkpt lat="36.879947" lon="126.866903"><time>2026-06-13T06:50:04.001Z</time><ele>7.52</ele></trkpt><trkpt lat="36.88006" lon="126.86683"><time>2026-06-13T06:50:05.001Z</time><ele>7.4</ele></trkpt><trkpt lat="36.880177" lon="126.866757"><time>2026-06-13T06:50:06.001Z</time><ele>6.9</ele></trkpt><trkpt lat="36.880291" lon="126.866701"><time>2026-06-13T06:50:07.001Z</time><ele>7.9</ele></trkpt><trkpt lat="36.880393" lon="126.866624"><time>2026-06-13T06:50:08.001Z</time><ele>6.35</ele></trkpt><trkpt lat="36.880494" lon="126.866558"><time>2026-06-13T06:50:09.001Z</time><ele>6.68</ele></trkpt><trkpt lat="36.880601" lon="126.866501"><time>2026-06-13T06:50:10.001Z</time><ele>6.95</ele></trkpt><trkpt lat="36.880694" lon="126.866452"><time>2026-06-13T06:50:11.001Z</time><ele>7.07</ele></trkpt><trkpt lat="36.880773" lon="126.866395"><time>2026-06-13T06:50:12.001Z</time><ele>6.71</ele></trkpt><trkpt lat="36.880843" lon="126.866351"><time>2026-06-13T06:50:13.001Z</time><ele>6.61</ele></trkpt><trkpt lat="36.88091" lon="126.866309"><time>2026-06-13T06:50:14.001Z</time><ele>6.38</ele></trkpt><trkpt lat="36.880982" lon="126.866266"><time>2026-06-13T06:50:15.001Z</time><ele>6.7</ele></trkpt><trkpt lat="36.881054" lon="126.866229"><time>2026-06-13T06:50:16.001Z</time><ele>6.63</ele></trkpt><trkpt lat="36.881127" lon="126.866208"><time>2026-06-13T06:50:17.001Z</time><ele>6.37</ele></trkpt><trkpt lat="36.881196" lon="126.866236"><time>2026-06-13T06:50:18.001Z</time><ele>6.71</ele></trkpt><trkpt lat="36.881253" lon="126.866304"><time>2026-06-13T06:50:19.001Z</time><ele>6.9</ele></trkpt><trkpt lat="36.881262" lon="126.866409"><time>2026-06-13T06:50:20.001Z</time><ele>6.79</ele></trkpt><trkpt lat="36.881311" lon="126.866502"><time>2026-06-13T06:50:21.001Z</time><ele>6.79</ele></trkpt><trkpt lat="36.881333" lon="126.866596"><time>2026-06-13T06:50:22.001Z</time><ele>7.04</ele></trkpt><trkpt lat="36.881361" lon="126.866682"><time>2026-06-13T06:50:23.001Z</time><ele>7.22</ele></trkpt><trkpt lat="36.881387" lon="126.866762"><time>2026-06-13T06:50:24.001Z</time><ele>7.55</ele></trkpt><trkpt lat="36.881423" lon="126.866846"><time>2026-06-13T06:50:25.001Z</time><ele>7.16</ele></trkpt><trkpt lat="36.881453" lon="126.866935"><time>2026-06-13T06:50:26.001Z</time><ele>7.29</ele></trkpt><trkpt lat="36.881485" lon="126.867029"><time>2026-06-13T06:50:27.001Z</time><ele>7.08</ele></trkpt><trkpt lat="36.881519" lon="126.867131"><time>2026-06-13T06:50:28.001Z</time><ele>7.6</ele></trkpt><trkpt lat="36.881555" lon="126.867238"><time>2026-06-13T06:50:29.001Z</time><ele>7.39</ele></trkpt><trkpt lat="36.881597" lon="126.867361"><time>2026-06-13T06:50:30.001Z</time><ele>7.2</ele></trkpt><trkpt lat="36.881641" lon="126.867496"><time>2026-06-13T06:50:31.001Z</time><ele>7.94</ele></trkpt><trkpt lat="36.881692" lon="126.867644"><time>2026-06-13T06:50:32.001Z</time><ele>8.28</ele></trkpt><trkpt lat="36.881744" lon="126.867803"><time>2026-06-13T06:50:33.001Z</time><ele>8.37</ele></trkpt><trkpt lat="36.881799" lon="126.867958"><time>2026-06-13T06:50:34.001Z</time><ele>8.36</ele></trkpt><trkpt lat="36.881852" lon="126.868109"><time>2026-06-13T06:50:35.002Z</time><ele>7.84</ele></trkpt><trkpt lat="36.88191" lon="126.868264"><time>2026-06-13T06:50:36.002Z</time><ele>7.68</ele></trkpt><trkpt lat="36.881972" lon="126.868418"><time>2026-06-13T06:50:37.002Z</time><ele>7.39</ele></trkpt><trkpt lat="36.882031" lon="126.868573"><time>2026-06-13T06:50:38.002Z</time><ele>8.33</ele></trkpt><trkpt lat="36.882093" lon="126.868722"><time>2026-06-13T06:50:39.002Z</time><ele>7.55</ele></trkpt><trkpt lat="36.882147" lon="126.868857"><time>2026-06-13T06:50:40.002Z</time><ele>6.95</ele></trkpt><trkpt lat="36.882198" lon="126.86898"><time>2026-06-13T06:50:41.002Z</time><ele>7.53</ele></trkpt><trkpt lat="36.882248" lon="126.869093"><time>2026-06-13T06:50:42.002Z</time><ele>6.99</ele></trkpt><trkpt lat="36.8823" lon="126.869211"><time>2026-06-13T06:50:43.002Z</time><ele>7.16</ele></trkpt><trkpt lat="36.882353" lon="126.869333"><time>2026-06-13T06:50:44.002Z</time><ele>7.14</ele></trkpt><trkpt lat="36.882403" lon="126.869448"><time>2026-06-13T06:50:45.002Z</time><ele>7.17</ele></trkpt><trkpt lat="36.882436" lon="126.869564"><time>2026-06-13T06:50:46.002Z</time><ele>8.06</ele></trkpt><trkpt lat="36.882478" lon="126.869682"><time>2026-06-13T06:50:47.002Z</time><ele>8.37</ele></trkpt><trkpt lat="36.882531" lon="126.869805"><time>2026-06-13T06:50:48.002Z</time><ele>8.15</ele></trkpt><trkpt lat="36.882583" lon="126.869935"><time>2026-06-13T06:50:49.002Z</time><ele>8.03</ele></trkpt><trkpt lat="36.882629" lon="126.87007"><time>2026-06-13T06:50:50.002Z</time><ele>7.88</ele></trkpt><trkpt lat="36.882676" lon="126.870208"><time>2026-06-13T06:50:51.002Z</time><ele>7.91</ele></trkpt><trkpt lat="36.882716" lon="126.870348"><time>2026-06-13T06:50:52.002Z</time><ele>8.21</ele></trkpt><trkpt lat="36.882753" lon="126.870485"><time>2026-06-13T06:50:53.002Z</time><ele>8.08</ele></trkpt><trkpt lat="36.88279" lon="126.87061"><time>2026-06-13T06:50:54.002Z</time><ele>7.8</ele></trkpt><trkpt lat="36.882821" lon="126.870726"><time>2026-06-13T06:50:55.002Z</time><ele>7.52</ele></trkpt><trkpt lat="36.882853" lon="126.870823"><time>2026-06-13T06:50:56.002Z</time><ele>7.15</ele></trkpt><trkpt lat="36.882872" lon="126.870906"><time>2026-06-13T06:50:57.002Z</time><ele>7.92</ele></trkpt><trkpt lat="36.882895" lon="126.870999"><time>2026-06-13T06:50:58.002Z</time><ele>7.74</ele></trkpt><trkpt lat="36.882914" lon="126.871105"><time>2026-06-13T06:50:59.002Z</time><ele>8.89</ele></trkpt><trkpt lat="36.882941" lon="126.871219"><time>2026-06-13T06:51:00.002Z</time><ele>9.09</ele></trkpt><trkpt lat="36.882977" lon="126.871337"><time>2026-06-13T06:51:01.002Z</time><ele>9.02</ele></trkpt><trkpt lat="36.883012" lon="126.871456"><time>2026-06-13T06:51:02.002Z</time><ele>8.52</ele></trkpt><trkpt lat="36.883052" lon="126.871599"><time>2026-06-13T06:51:03.002Z</time><ele>9.22</ele></trkpt><trkpt lat="36.883092" lon="126.871745"><time>2026-06-13T06:51:04.002Z</time><ele>9.31</ele></trkpt><trkpt lat="36.883138" lon="126.871904"><time>2026-06-13T06:51:05.002Z</time><ele>9.23</ele></trkpt><trkpt lat="36.88319" lon="126.872068"><time>2026-06-13T06:51:06.002Z</time><ele>9</ele></trkpt><trkpt lat="36.883244" lon="126.872242"><time>2026-06-13T06:51:07.002Z</time><ele>8.52</ele></trkpt><trkpt lat="36.883285" lon="126.872424"><time>2026-06-13T06:51:08.002Z</time><ele>10.55</ele></trkpt><trkpt lat="36.883339" lon="126.872638"><time>2026-06-13T06:51:09.002Z</time><ele>10.24</ele></trkpt><trkpt lat="36.883377" lon="126.872873"><time>2026-06-13T06:51:10.002Z</time><ele>11.68</ele></trkpt><trkpt lat="36.883457" lon="126.873107"><time>2026-06-13T06:51:11.002Z</time><ele>11.13</ele></trkpt><trkpt lat="36.883518" lon="126.873367"><time>2026-06-13T06:51:12.002Z</time><ele>10.89</ele></trkpt><trkpt lat="36.883594" lon="126.873616"><time>2026-06-13T06:51:13.002Z</time><ele>10.24</ele></trkpt><trkpt lat="36.883657" lon="126.873848"><time>2026-06-13T06:51:14.002Z</time><ele>9.34</ele></trkpt><trkpt lat="36.883725" lon="126.874079"><time>2026-06-13T06:51:15.002Z</time><ele>9.07</ele></trkpt><trkpt lat="36.883789" lon="126.87431"><time>2026-06-13T06:51:16.000Z</time><ele>9.45</ele></trkpt><trkpt lat="36.883864" lon="126.874525"><time>2026-06-13T06:51:17.000Z</time><ele>10.01</ele></trkpt><trkpt lat="36.883924" lon="126.87473"><time>2026-06-13T06:51:18.000Z</time><ele>8.98</ele></trkpt><trkpt lat="36.883983" lon="126.874933"><time>2026-06-13T06:51:19.000Z</time><ele>9.11</ele></trkpt><trkpt lat="36.884043" lon="126.875143"><time>2026-06-13T06:51:20.000Z</time><ele>9.23</ele></trkpt><trkpt lat="36.884103" lon="126.875349"><time>2026-06-13T06:51:21.000Z</time><ele>9.17</ele></trkpt><trkpt lat="36.884165" lon="126.875561"><time>2026-06-13T06:51:22.000Z</time><ele>9.3</ele></trkpt><trkpt lat="36.884226" lon="126.875773"><time>2026-06-13T06:51:23.000Z</time><ele>8.44</ele></trkpt><trkpt lat="36.88429" lon="126.875996"><time>2026-06-13T06:51:24.000Z</time><ele>9</ele></trkpt><trkpt lat="36.88436" lon="126.876237"><time>2026-06-13T06:51:25.000Z</time><ele>9</ele></trkpt><trkpt lat="36.884431" lon="126.876481"><time>2026-06-13T06:51:26.000Z</time><ele>9.76</ele></trkpt><trkpt lat="36.884506" lon="126.87674"><time>2026-06-13T06:51:27.000Z</time><ele>9.42</ele></trkpt><trkpt lat="36.884576" lon="126.87698"><time>2026-06-13T06:51:28.000Z</time><ele>9.25</ele></trkpt><trkpt lat="36.884643" lon="126.877213"><time>2026-06-13T06:51:29.000Z</time><ele>8.92</ele></trkpt><trkpt lat="36.884706" lon="126.877431"><time>2026-06-13T06:51:30.000Z</time><ele>8.78</ele></trkpt><trkpt lat="36.88477" lon="126.87765"><time>2026-06-13T06:51:31.000Z</time><ele>8.44</ele></trkpt><trkpt lat="36.884832" lon="126.877862"><time>2026-06-13T06:51:32.000Z</time><ele>7.92</ele></trkpt><trkpt lat="36.88489" lon="126.878064"><time>2026-06-13T06:51:33.000Z</time><ele>7.85</ele></trkpt><trkpt lat="36.884948" lon="126.878265"><time>2026-06-13T06:51:34.000Z</time><ele>7.08</ele></trkpt><trkpt lat="36.885011" lon="126.878482"><time>2026-06-13T06:51:35.000Z</time><ele>7.99</ele></trkpt><trkpt lat="36.885076" lon="126.878705"><time>2026-06-13T06:51:36.000Z</time><ele>9.37</ele></trkpt><trkpt lat="36.885141" lon="126.878928"><time>2026-06-13T06:51:37.000Z</time><ele>9.31</ele></trkpt><trkpt lat="36.885207" lon="126.879158"><time>2026-06-13T06:51:38.000Z</time><ele>9.44</ele></trkpt><trkpt lat="36.885276" lon="126.879393"><time>2026-06-13T06:51:39.000Z</time><ele>9.54</ele></trkpt><trkpt lat="36.885345" lon="126.879633"><time>2026-06-13T06:51:40.000Z</time><ele>9.43</ele></trkpt><trkpt lat="36.885415" lon="126.879876"><time>2026-06-13T06:51:41.000Z</time><ele>9.85</ele></trkpt><trkpt lat="36.88549" lon="126.880134"><time>2026-06-13T06:51:42.000Z</time><ele>10.18</ele></trkpt><trkpt lat="36.885568" lon="126.880407"><time>2026-06-13T06:51:43.000Z</time><ele>10.31</ele></trkpt><trkpt lat="36.885629" lon="126.880695"><time>2026-06-13T06:51:44.000Z</time><ele>10.57</ele></trkpt><trkpt lat="36.88571" lon="126.880977"><time>2026-06-13T06:51:45.000Z</time><ele>11</ele></trkpt><trkpt lat="36.885791" lon="126.881255"><time>2026-06-13T06:51:46.000Z</time><ele>10.67</ele></trkpt><trkpt lat="36.885864" lon="126.881523"><time>2026-06-13T06:51:47.000Z</time><ele>10.79</ele></trkpt><trkpt lat="36.885926" lon="126.8818"><time>2026-06-13T06:51:48.000Z</time><ele>11.04</ele></trkpt><trkpt lat="36.885985" lon="126.882083"><time>2026-06-13T06:51:49.000Z</time><ele>10.91</ele></trkpt><trkpt lat="36.886037" lon="126.882383"><time>2026-06-13T06:51:50.000Z</time><ele>11.14</ele></trkpt><trkpt lat="36.886079" lon="126.882681"><time>2026-06-13T06:51:51.000Z</time><ele>11.32</ele></trkpt><trkpt lat="36.886118" lon="126.882984"><time>2026-06-13T06:51:52.000Z</time><ele>11.23</ele></trkpt><trkpt lat="36.886151" lon="126.883291"><time>2026-06-13T06:51:53.000Z</time><ele>11.33</ele></trkpt><trkpt lat="36.886177" lon="126.883598"><time>2026-06-13T06:51:54.001Z</time><ele>11.67</ele></trkpt><trkpt lat="36.886199" lon="126.883904"><time>2026-06-13T06:51:55.001Z</time><ele>12.32</ele></trkpt><trkpt lat="36.886221" lon="126.884203"><time>2026-06-13T06:51:56.001Z</time><ele>12.34</ele></trkpt><trkpt lat="36.886237" lon="126.884509"><time>2026-06-13T06:51:57.001Z</time><ele>12.22</ele></trkpt><trkpt lat="36.886254" lon="126.88482"><time>2026-06-13T06:51:58.001Z</time><ele>12.42</ele></trkpt><trkpt lat="36.886271" lon="126.885132"><time>2026-06-13T06:51:59.001Z</time><ele>12.53</ele></trkpt><trkpt lat="36.886288" lon="126.885444"><time>2026-06-13T06:52:00.001Z</time><ele>12.79</ele></trkpt><trkpt lat="36.886305" lon="126.885757"><time>2026-06-13T06:52:01.001Z</time><ele>12.95</ele></trkpt><trkpt lat="36.886326" lon="126.886071"><time>2026-06-13T06:52:02.001Z</time><ele>13.05</ele></trkpt><trkpt lat="36.886343" lon="126.886388"><time>2026-06-13T06:52:03.001Z</time><ele>13.32</ele></trkpt><trkpt lat="36.886362" lon="126.886704"><time>2026-06-13T06:52:04.001Z</time><ele>13.1</ele></trkpt><trkpt lat="36.886381" lon="126.887024"><time>2026-06-13T06:52:05.001Z</time><ele>13</ele></trkpt><trkpt lat="36.886399" lon="126.887342"><time>2026-06-13T06:52:06.001Z</time><ele>12.61</ele></trkpt><trkpt lat="36.886418" lon="126.88766"><time>2026-06-13T06:52:07.001Z</time><ele>12.45</ele></trkpt><trkpt lat="36.886439" lon="126.887979"><time>2026-06-13T06:52:08.001Z</time><ele>11.86</ele></trkpt><trkpt lat="36.886459" lon="126.888299"><time>2026-06-13T06:52:09.001Z</time><ele>11.51</ele></trkpt><trkpt lat="36.886477" lon="126.888617"><time>2026-06-13T06:52:10.001Z</time><ele>10.79</ele></trkpt><trkpt lat="36.886497" lon="126.888936"><time>2026-06-13T06:52:11.001Z</time><ele>10.14</ele></trkpt><trkpt lat="36.886518" lon="126.889257"><time>2026-06-13T06:52:12.001Z</time><ele>9.83</ele></trkpt><trkpt lat="36.886535" lon="126.889577"><time>2026-06-13T06:52:13.001Z</time><ele>9.84</ele></trkpt><trkpt lat="36.88655" lon="126.889897"><time>2026-06-13T06:52:14.001Z</time><ele>9.82</ele></trkpt><trkpt lat="36.886571" lon="126.890218"><time>2026-06-13T06:52:15.001Z</time><ele>9.35</ele></trkpt><trkpt lat="36.886591" lon="126.890539"><time>2026-06-13T06:52:16.001Z</time><ele>8.91</ele></trkpt><trkpt lat="36.886611" lon="126.890858"><time>2026-06-13T06:52:17.001Z</time><ele>8.57</ele></trkpt><trkpt lat="36.886632" lon="126.891176"><time>2026-06-13T06:52:18.001Z</time><ele>8.06</ele></trkpt><trkpt lat="36.886648" lon="126.89149"><time>2026-06-13T06:52:19.001Z</time><ele>7.89</ele></trkpt><trkpt lat="36.886664" lon="126.891801"><time>2026-06-13T06:52:20.001Z</time><ele>7.64</ele></trkpt><trkpt lat="36.886681" lon="126.892109"><time>2026-06-13T06:52:21.001Z</time><ele>7.54</ele></trkpt><trkpt lat="36.886698" lon="126.892414"><time>2026-06-13T06:52:22.001Z</time><ele>7.57</ele></trkpt><trkpt lat="36.886714" lon="126.892721"><time>2026-06-13T06:52:23.001Z</time><ele>7.32</ele></trkpt><trkpt lat="36.886732" lon="126.893025"><time>2026-06-13T06:52:24.001Z</time><ele>7.11</ele></trkpt><trkpt lat="36.886748" lon="126.89333"><time>2026-06-13T06:52:25.001Z</time><ele>7.21</ele></trkpt><trkpt lat="36.886766" lon="126.893634"><time>2026-06-13T06:52:26.001Z</time><ele>7.53</ele></trkpt><trkpt lat="36.886779" lon="126.893936"><time>2026-06-13T06:52:27.001Z</time><ele>7.78</ele></trkpt><trkpt lat="36.886798" lon="126.894235"><time>2026-06-13T06:52:28.001Z</time><ele>7.69</ele></trkpt><trkpt lat="36.886821" lon="126.894531"><time>2026-06-13T06:52:29.001Z</time><ele>7.48</ele></trkpt><trkpt lat="36.886838" lon="126.894819"><time>2026-06-13T06:52:30.001Z</time><ele>7.68</ele></trkpt><trkpt lat="36.886857" lon="126.8951"><time>2026-06-13T06:52:31.001Z</time><ele>7.64</ele></trkpt><trkpt lat="36.886873" lon="126.895381"><time>2026-06-13T06:52:32.001Z</time><ele>7.9</ele></trkpt><trkpt lat="36.88689" lon="126.895663"><time>2026-06-13T06:52:33.002Z</time><ele>8.07</ele></trkpt><trkpt lat="36.886906" lon="126.895949"><time>2026-06-13T06:52:34.002Z</time><ele>8.41</ele></trkpt><trkpt lat="36.886921" lon="126.896233"><time>2026-06-13T06:52:35.002Z</time><ele>8.59</ele></trkpt><trkpt lat="36.886937" lon="126.896516"><time>2026-06-13T06:52:36.002Z</time><ele>8.83</ele></trkpt><trkpt lat="36.886953" lon="126.8968"><time>2026-06-13T06:52:37.002Z</time><ele>8.72</ele></trkpt><trkpt lat="36.886966" lon="126.897081"><time>2026-06-13T06:52:38.002Z</time><ele>8.82</ele></trkpt><trkpt lat="36.886981" lon="126.897363"><time>2026-06-13T06:52:39.002Z</time><ele>9.12</ele></trkpt><trkpt lat="36.886998" lon="126.897647"><time>2026-06-13T06:52:40.002Z</time><ele>9.09</ele></trkpt><trkpt lat="36.88701" lon="126.897929"><time>2026-06-13T06:52:41.002Z</time><ele>9.11</ele></trkpt><trkpt lat="36.887026" lon="126.898218"><time>2026-06-13T06:52:42.002Z</time><ele>9.29</ele></trkpt><trkpt lat="36.887041" lon="126.898509"><time>2026-06-13T06:52:43.002Z</time><ele>9.73</ele></trkpt><trkpt lat="36.88706" lon="126.898802"><time>2026-06-13T06:52:44.002Z</time><ele>9.75</ele></trkpt><trkpt lat="36.887078" lon="126.899096"><time>2026-06-13T06:52:45.002Z</time><ele>10.04</ele></trkpt><trkpt lat="36.887093" lon="126.899393"><time>2026-06-13T06:52:46.002Z</time><ele>10.53</ele></trkpt><trkpt lat="36.88711" lon="126.89969"><time>2026-06-13T06:52:47.002Z</time><ele>10.76</ele></trkpt><trkpt lat="36.887126" lon="126.899983"><time>2026-06-13T06:52:48.002Z</time><ele>11.07</ele></trkpt><trkpt lat="36.887144" lon="126.900281"><time>2026-06-13T06:52:49.002Z</time><ele>11.49</ele></trkpt><trkpt lat="36.887164" lon="126.900581"><time>2026-06-13T06:52:50.002Z</time><ele>11.81</ele></trkpt><trkpt lat="36.887187" lon="126.900889"><time>2026-06-13T06:52:51.002Z</time><ele>11.84</ele></trkpt><trkpt lat="36.887224" lon="126.901211"><time>2026-06-13T06:52:52.002Z</time><ele>11.96</ele></trkpt><trkpt lat="36.887246" lon="126.901535"><time>2026-06-13T06:52:53.002Z</time><ele>12.47</ele></trkpt><trkpt lat="36.887269" lon="126.901866"><time>2026-06-13T06:52:54.002Z</time><ele>12.12</ele></trkpt><trkpt lat="36.887296" lon="126.902201"><time>2026-06-13T06:52:55.002Z</time><ele>12.21</ele></trkpt><trkpt lat="36.887326" lon="126.902534"><time>2026-06-13T06:52:56.002Z</time><ele>12</ele></trkpt><trkpt lat="36.887369" lon="126.902863"><time>2026-06-13T06:52:57.002Z</time><ele>11.66</ele></trkpt><trkpt lat="36.887426" lon="126.903192"><time>2026-06-13T06:52:58.002Z</time><ele>11.42</ele></trkpt><trkpt lat="36.887494" lon="126.903517"><time>2026-06-13T06:52:59.002Z</time><ele>11.47</ele></trkpt><trkpt lat="36.887572" lon="126.903839"><time>2026-06-13T06:53:00.002Z</time><ele>11.18</ele></trkpt><trkpt lat="36.887659" lon="126.904156"><time>2026-06-13T06:53:01.002Z</time><ele>11.13</ele></trkpt><trkpt lat="36.887762" lon="126.904472"><time>2026-06-13T06:53:02.002Z</time><ele>10.45</ele></trkpt><trkpt lat="36.887872" lon="126.904779"><time>2026-06-13T06:53:03.002Z</time><ele>10.51</ele></trkpt><trkpt lat="36.887995" lon="126.905081"><time>2026-06-13T06:53:04.002Z</time><ele>10.31</ele></trkpt><trkpt lat="36.888125" lon="126.905379"><time>2026-06-13T06:53:05.002Z</time><ele>10.5</ele></trkpt><trkpt lat="36.88827" lon="126.905677"><time>2026-06-13T06:53:06.002Z</time><ele>10.46</ele></trkpt><trkpt lat="36.888424" lon="126.905974"><time>2026-06-13T06:53:07.002Z</time><ele>10.37</ele></trkpt><trkpt lat="36.888591" lon="126.906268"><time>2026-06-13T06:53:08.002Z</time><ele>10.39</ele></trkpt><trkpt lat="36.888762" lon="126.906561"><time>2026-06-13T06:53:09.002Z</time><ele>10.29</ele></trkpt><trkpt lat="36.888935" lon="126.906856"><time>2026-06-13T06:53:10.002Z</time><ele>10.34</ele></trkpt><trkpt lat="36.88911" lon="126.907153"><time>2026-06-13T06:53:11.002Z</time><ele>10.3</ele></trkpt><trkpt lat="36.889286" lon="126.907451"><time>2026-06-13T06:53:12.003Z</time><ele>10.67</ele></trkpt><trkpt lat="36.88946" lon="126.907751"><time>2026-06-13T06:53:13.003Z</time><ele>10.54</ele></trkpt><trkpt lat="36.889633" lon="126.908052"><time>2026-06-13T06:53:14.003Z</time><ele>10.8</ele></trkpt><trkpt lat="36.889807" lon="126.90835"><time>2026-06-13T06:53:15.003Z</time><ele>10.91</ele></trkpt><trkpt lat="36.889981" lon="126.908646"><time>2026-06-13T06:53:16.003Z</time><ele>11.29</ele></trkpt><trkpt lat="36.89015" lon="126.908936"><time>2026-06-13T06:53:17.003Z</time><ele>11.62</ele></trkpt><trkpt lat="36.890313" lon="126.909217"><time>2026-06-13T06:53:18.003Z</time><ele>11.9</ele></trkpt><trkpt lat="36.890473" lon="126.90949"><time>2026-06-13T06:53:19.003Z</time><ele>11.79</ele></trkpt><trkpt lat="36.890629" lon="126.909758"><time>2026-06-13T06:53:20.003Z</time><ele>12.16</ele></trkpt><trkpt lat="36.890785" lon="126.910024"><time>2026-06-13T06:53:21.003Z</time><ele>12.45</ele></trkpt><trkpt lat="36.890938" lon="126.910287"><time>2026-06-13T06:53:22.000Z</time><ele>12.69</ele></trkpt><trkpt lat="36.89109" lon="126.91055"><time>2026-06-13T06:53:23.000Z</time><ele>13.09</ele></trkpt><trkpt lat="36.891241" lon="126.910807"><time>2026-06-13T06:53:24.000Z</time><ele>13.57</ele></trkpt><trkpt lat="36.891386" lon="126.911055"><time>2026-06-13T06:53:25.000Z</time><ele>14.47</ele></trkpt><trkpt lat="36.891527" lon="126.911296"><time>2026-06-13T06:53:26.000Z</time><ele>15.69</ele></trkpt><trkpt lat="36.891666" lon="126.911532"><time>2026-06-13T06:53:27.000Z</time><ele>16.91</ele></trkpt><trkpt lat="36.891805" lon="126.911762"><time>2026-06-13T06:53:28.000Z</time><ele>17.75</ele></trkpt><trkpt lat="36.891948" lon="126.911982"><time>2026-06-13T06:53:29.000Z</time><ele>18.2</ele></trkpt><trkpt lat="36.892106" lon="126.912163"><time>2026-06-13T06:53:30.000Z</time><ele>18.29</ele></trkpt><trkpt lat="36.892287" lon="126.91229"><time>2026-06-13T06:53:31.000Z</time><ele>18.74</ele></trkpt><trkpt lat="36.892495" lon="126.912391"><time>2026-06-13T06:53:32.000Z</time><ele>18.63</ele></trkpt><trkpt lat="36.892709" lon="126.912437"><time>2026-06-13T06:53:33.000Z</time><ele>17.79</ele></trkpt><trkpt lat="36.892911" lon="126.912436"><time>2026-06-13T06:53:34.000Z</time><ele>16.54</ele></trkpt><trkpt lat="36.89311" lon="126.912402"><time>2026-06-13T06:53:35.000Z</time><ele>15.66</ele></trkpt><trkpt lat="36.893306" lon="126.912338"><time>2026-06-13T06:53:36.000Z</time><ele>14.36</ele></trkpt><trkpt lat="36.893496" lon="126.912228"><time>2026-06-13T06:53:37.000Z</time><ele>12.86</ele></trkpt><trkpt lat="36.893688" lon="126.912107"><time>2026-06-13T06:53:38.000Z</time><ele>11.45</ele></trkpt><trkpt lat="36.893898" lon="126.912005"><time>2026-06-13T06:53:39.000Z</time><ele>10.66</ele></trkpt><trkpt lat="36.894114" lon="126.911913"><time>2026-06-13T06:53:40.000Z</time><ele>10.02</ele></trkpt><trkpt lat="36.894333" lon="126.911825"><time>2026-06-13T06:53:41.000Z</time><ele>9.4</ele></trkpt><trkpt lat="36.894558" lon="126.911754"><time>2026-06-13T06:53:42.000Z</time><ele>9.66</ele></trkpt><trkpt lat="36.894793" lon="126.911688"><time>2026-06-13T06:53:43.000Z</time><ele>9.84</ele></trkpt><trkpt lat="36.895035" lon="126.911624"><time>2026-06-13T06:53:44.000Z</time><ele>9.69</ele></trkpt><trkpt lat="36.895268" lon="126.911529"><time>2026-06-13T06:53:45.000Z</time><ele>9.64</ele></trkpt><trkpt lat="36.895526" lon="126.911502"><time>2026-06-13T06:53:46.000Z</time><ele>9.89</ele></trkpt><trkpt lat="36.895779" lon="126.911431"><time>2026-06-13T06:53:47.000Z</time><ele>9.53</ele></trkpt><trkpt lat="36.896019" lon="126.911375"><time>2026-06-13T06:53:48.000Z</time><ele>9.76</ele></trkpt><trkpt lat="36.896239" lon="126.911327"><time>2026-06-13T06:53:49.000Z</time><ele>9.7</ele></trkpt><trkpt lat="36.896462" lon="126.911266"><time>2026-06-13T06:53:50.000Z</time><ele>9.56</ele></trkpt><trkpt lat="36.896693" lon="126.911207"><time>2026-06-13T06:53:51.000Z</time><ele>9.69</ele></trkpt><trkpt lat="36.896931" lon="126.911129"><time>2026-06-13T06:53:52.000Z</time><ele>9.31</ele></trkpt><trkpt lat="36.89718" lon="126.911085"><time>2026-06-13T06:53:53.000Z</time><ele>9.68</ele></trkpt><trkpt lat="36.897439" lon="126.911029"><time>2026-06-13T06:53:54.000Z</time><ele>9.75</ele></trkpt><trkpt lat="36.897702" lon="126.910972"><time>2026-06-13T06:53:55.000Z</time><ele>9.82</ele></trkpt><trkpt lat="36.89796" lon="126.910917"><time>2026-06-13T06:53:56.001Z</time><ele>10.22</ele></trkpt><trkpt lat="36.898217" lon="126.910859"><time>2026-06-13T06:53:57.001Z</time><ele>10.19</ele></trkpt><trkpt lat="36.898474" lon="126.910798"><time>2026-06-13T06:53:58.001Z</time><ele>10.44</ele></trkpt><trkpt lat="36.898732" lon="126.910743"><time>2026-06-13T06:53:59.001Z</time><ele>10.87</ele></trkpt><trkpt lat="36.89899" lon="126.910688"><time>2026-06-13T06:54:00.001Z</time><ele>10.83</ele></trkpt><trkpt lat="36.899245" lon="126.910634"><time>2026-06-13T06:54:01.001Z</time><ele>10.87</ele></trkpt><trkpt lat="36.899498" lon="126.910579"><time>2026-06-13T06:54:02.001Z</time><ele>10.75</ele></trkpt><trkpt lat="36.89975" lon="126.910524"><time>2026-06-13T06:54:03.001Z</time><ele>11.03</ele></trkpt><trkpt lat="36.900001" lon="126.910468"><time>2026-06-13T06:54:04.001Z</time><ele>11.07</ele></trkpt><trkpt lat="36.900252" lon="126.910411"><time>2026-06-13T06:54:05.001Z</time><ele>11.17</ele></trkpt><trkpt lat="36.900503" lon="126.910357"><time>2026-06-13T06:54:06.001Z</time><ele>11.39</ele></trkpt><trkpt lat="36.900756" lon="126.910303"><time>2026-06-13T06:54:07.001Z</time><ele>11.14</ele></trkpt><trkpt lat="36.901007" lon="126.910247"><time>2026-06-13T06:54:08.001Z</time><ele>11.01</ele></trkpt><trkpt lat="36.901256" lon="126.91019"><time>2026-06-13T06:54:09.001Z</time><ele>10.93</ele></trkpt><trkpt lat="36.901503" lon="126.910132"><time>2026-06-13T06:54:10.001Z</time><ele>11.12</ele></trkpt><trkpt lat="36.901748" lon="126.910073"><time>2026-06-13T06:54:11.001Z</time><ele>11.55</ele></trkpt><trkpt lat="36.901998" lon="126.910019"><time>2026-06-13T06:54:12.001Z</time><ele>11.15</ele></trkpt><trkpt lat="36.902249" lon="126.909967"><time>2026-06-13T06:54:13.001Z</time><ele>11.43</ele></trkpt><trkpt lat="36.902498" lon="126.909911"><time>2026-06-13T06:54:14.001Z</time><ele>11.54</ele></trkpt><trkpt lat="36.902748" lon="126.909857"><time>2026-06-13T06:54:15.001Z</time><ele>11.41</ele></trkpt><trkpt lat="36.902997" lon="126.909801"><time>2026-06-13T06:54:16.001Z</time><ele>11.33</ele></trkpt><trkpt lat="36.903246" lon="126.909748"><time>2026-06-13T06:54:17.001Z</time><ele>11.15</ele></trkpt><trkpt lat="36.903491" lon="126.909694"><time>2026-06-13T06:54:18.001Z</time><ele>11.34</ele></trkpt><trkpt lat="36.903735" lon="126.909638"><time>2026-06-13T06:54:19.001Z</time><ele>11.04</ele></trkpt><trkpt lat="36.903976" lon="126.909584"><time>2026-06-13T06:54:20.001Z</time><ele>11.3</ele></trkpt><trkpt lat="36.904208" lon="126.909532"><time>2026-06-13T06:54:21.001Z</time><ele>11.18</ele></trkpt><trkpt lat="36.904432" lon="126.909483"><time>2026-06-13T06:54:22.001Z</time><ele>11.19</ele></trkpt><trkpt lat="36.904655" lon="126.909436"><time>2026-06-13T06:54:23.001Z</time><ele>11.06</ele></trkpt><trkpt lat="36.904873" lon="126.909388"><time>2026-06-13T06:54:24.001Z</time><ele>11.04</ele></trkpt><trkpt lat="36.905087" lon="126.909339"><time>2026-06-13T06:54:25.001Z</time><ele>10.62</ele></trkpt><trkpt lat="36.905293" lon="126.909287"><time>2026-06-13T06:54:26.001Z</time><ele>11.31</ele></trkpt><trkpt lat="36.905488" lon="126.909244"><time>2026-06-13T06:54:27.001Z</time><ele>11.09</ele></trkpt><trkpt lat="36.905689" lon="126.909201"><time>2026-06-13T06:54:28.001Z</time><ele>10.94</ele></trkpt><trkpt lat="36.905902" lon="126.909157"><time>2026-06-13T06:54:29.001Z</time><ele>11.19</ele></trkpt><trkpt lat="36.90612" lon="126.909109"><time>2026-06-13T06:54:30.001Z</time><ele>11.12</ele></trkpt><trkpt lat="36.906347" lon="126.909058"><time>2026-06-13T06:54:31.001Z</time><ele>11.2</ele></trkpt><trkpt lat="36.906569" lon="126.909017"><time>2026-06-13T06:54:32.001Z</time><ele>10.93</ele></trkpt><trkpt lat="36.906774" lon="126.908977"><time>2026-06-13T06:54:33.001Z</time><ele>10.15</ele></trkpt><trkpt lat="36.906979" lon="126.908942"><time>2026-06-13T06:54:34.001Z</time><ele>10.09</ele></trkpt><trkpt lat="36.907188" lon="126.908916"><time>2026-06-13T06:54:35.002Z</time><ele>9.86</ele></trkpt><trkpt lat="36.9074" lon="126.90889"><time>2026-06-13T06:54:36.002Z</time><ele>9.87</ele></trkpt><trkpt lat="36.907615" lon="126.908866"><time>2026-06-13T06:54:37.002Z</time><ele>10.02</ele></trkpt><trkpt lat="36.907828" lon="126.908845"><time>2026-06-13T06:54:38.002Z</time><ele>10.29</ele></trkpt><trkpt lat="36.908042" lon="126.90883"><time>2026-06-13T06:54:39.002Z</time><ele>10.53</ele></trkpt><trkpt lat="36.908253" lon="126.908823"><time>2026-06-13T06:54:40.002Z</time><ele>10.72</ele></trkpt><trkpt lat="36.908466" lon="126.908824"><time>2026-06-13T06:54:41.002Z</time><ele>11.29</ele></trkpt><trkpt lat="36.908683" lon="126.90883"><time>2026-06-13T06:54:42.002Z</time><ele>11.53</ele></trkpt><trkpt lat="36.908905" lon="126.908845"><time>2026-06-13T06:54:43.002Z</time><ele>11.77</ele></trkpt><trkpt lat="36.90913" lon="126.908865"><time>2026-06-13T06:54:44.002Z</time><ele>12.36</ele></trkpt><trkpt lat="36.90936" lon="126.908891"><time>2026-06-13T06:54:45.002Z</time><ele>12.88</ele></trkpt><trkpt lat="36.909591" lon="126.908925"><time>2026-06-13T06:54:46.002Z</time><ele>13.27</ele></trkpt><trkpt lat="36.909809" lon="126.908967"><time>2026-06-13T06:54:47.002Z</time><ele>13.49</ele></trkpt><trkpt lat="36.910028" lon="126.90901"><time>2026-06-13T06:54:48.002Z</time><ele>13.47</ele></trkpt><trkpt lat="36.91024" lon="126.909058"><time>2026-06-13T06:54:49.002Z</time><ele>13.56</ele></trkpt><trkpt lat="36.910446" lon="126.909105"><time>2026-06-13T06:54:50.002Z</time><ele>13.69</ele></trkpt><trkpt lat="36.910653" lon="126.909155"><time>2026-06-13T06:54:51.002Z</time><ele>13.91</ele></trkpt><trkpt lat="36.910866" lon="126.909206"><time>2026-06-13T06:54:52.002Z</time><ele>14.39</ele></trkpt><trkpt lat="36.911082" lon="126.909259"><time>2026-06-13T06:54:53.002Z</time><ele>14.62</ele></trkpt><trkpt lat="36.911298" lon="126.90931"><time>2026-06-13T06:54:54.002Z</time><ele>14.94</ele></trkpt><trkpt lat="36.911511" lon="126.909355"><time>2026-06-13T06:54:55.002Z</time><ele>15.21</ele></trkpt><trkpt lat="36.911721" lon="126.909407"><time>2026-06-13T06:54:56.002Z</time><ele>15.38</ele></trkpt><trkpt lat="36.911933" lon="126.909451"><time>2026-06-13T06:54:57.002Z</time><ele>16.01</ele></trkpt><trkpt lat="36.912147" lon="126.909504"><time>2026-06-13T06:54:58.002Z</time><ele>16.46</ele></trkpt><trkpt lat="36.912363" lon="126.909557"><time>2026-06-13T06:54:59.002Z</time><ele>17.02</ele></trkpt><trkpt lat="36.91258" lon="126.90961"><time>2026-06-13T06:55:00.002Z</time><ele>17.51</ele></trkpt><trkpt lat="36.912796" lon="126.909654"><time>2026-06-13T06:55:01.002Z</time><ele>17.68</ele></trkpt><trkpt lat="36.91301" lon="126.909702"><time>2026-06-13T06:55:02.002Z</time><ele>17.92</ele></trkpt><trkpt lat="36.913225" lon="126.909754"><time>2026-06-13T06:55:03.002Z</time><ele>18.08</ele></trkpt><trkpt lat="36.913439" lon="126.909806"><time>2026-06-13T06:55:04.002Z</time><ele>18.49</ele></trkpt><trkpt lat="36.913657" lon="126.90985"><time>2026-06-13T06:55:05.002Z</time><ele>18.59</ele></trkpt><trkpt lat="36.913871" lon="126.9099"><time>2026-06-13T06:55:06.002Z</time><ele>19.15</ele></trkpt><trkpt lat="36.914086" lon="126.909951"><time>2026-06-13T06:55:07.002Z</time><ele>19.43</ele></trkpt><trkpt lat="36.914306" lon="126.91"><time>2026-06-13T06:55:08.002Z</time><ele>19.76</ele></trkpt><trkpt lat="36.914527" lon="126.910048"><time>2026-06-13T06:55:09.002Z</time><ele>20.02</ele></trkpt><trkpt lat="36.914749" lon="126.910102"><time>2026-06-13T06:55:10.002Z</time><ele>20.87</ele></trkpt><trkpt lat="36.91497" lon="126.910154"><time>2026-06-13T06:55:11.002Z</time><ele>21.27</ele></trkpt><trkpt lat="36.915188" lon="126.910203"><time>2026-06-13T06:55:12.002Z</time><ele>21.99</ele></trkpt><trkpt lat="36.915403" lon="126.910253"><time>2026-06-13T06:55:13.002Z</time><ele>22.54</ele></trkpt><trkpt lat="36.915614" lon="126.910302"><time>2026-06-13T06:55:14.003Z</time><ele>23.21</ele></trkpt><trkpt lat="36.915823" lon="126.91035"><time>2026-06-13T06:55:15.003Z</time><ele>23.63</ele></trkpt><trkpt lat="36.916027" lon="126.910405"><time>2026-06-13T06:55:16.003Z</time><ele>24.19</ele></trkpt><trkpt lat="36.916234" lon="126.910458"><time>2026-06-13T06:55:17.003Z</time><ele>24.77</ele></trkpt><trkpt lat="36.916444" lon="126.910522"><time>2026-06-13T06:55:18.003Z</time><ele>25.4</ele></trkpt><trkpt lat="36.916652" lon="126.910609"><time>2026-06-13T06:55:19.003Z</time><ele>25.64</ele></trkpt><trkpt lat="36.916864" lon="126.910691"><time>2026-06-13T06:55:20.003Z</time><ele>25.98</ele></trkpt><trkpt lat="36.917078" lon="126.910752"><time>2026-06-13T06:55:21.003Z</time><ele>25.92</ele></trkpt><trkpt lat="36.91728" lon="126.910816"><time>2026-06-13T06:55:22.003Z</time><ele>25.95</ele></trkpt><trkpt lat="36.917475" lon="126.910887"><time>2026-06-13T06:55:23.003Z</time><ele>25.2</ele></trkpt><trkpt lat="36.917669" lon="126.910952"><time>2026-06-13T06:55:24.003Z</time><ele>25.12</ele></trkpt><trkpt lat="36.917854" lon="126.911031"><time>2026-06-13T06:55:25.003Z</time><ele>23.81</ele></trkpt><trkpt lat="36.918036" lon="126.911103"><time>2026-06-13T06:55:26.003Z</time><ele>23.29</ele></trkpt><trkpt lat="36.918203" lon="126.911174"><time>2026-06-13T06:55:27.003Z</time><ele>23.33</ele></trkpt><trkpt lat="36.918362" lon="126.91124"><time>2026-06-13T06:55:28.000Z</time><ele>22.96</ele></trkpt><trkpt lat="36.918513" lon="126.911302"><time>2026-06-13T06:55:29.000Z</time><ele>22.37</ele></trkpt><trkpt lat="36.918658" lon="126.911363"><time>2026-06-13T06:55:30.000Z</time><ele>22.29</ele></trkpt><trkpt lat="36.918813" lon="126.911427"><time>2026-06-13T06:55:31.000Z</time><ele>22.31</ele></trkpt><trkpt lat="36.918968" lon="126.91149"><time>2026-06-13T06:55:32.000Z</time><ele>22.69</ele></trkpt><trkpt lat="36.919126" lon="126.911556"><time>2026-06-13T06:55:33.000Z</time><ele>22.54</ele></trkpt><trkpt lat="36.919288" lon="126.91162"><time>2026-06-13T06:55:34.000Z</time><ele>22.52</ele></trkpt><trkpt lat="36.919441" lon="126.911684"><time>2026-06-13T06:55:35.000Z</time><ele>22.86</ele></trkpt><trkpt lat="36.919588" lon="126.911739"><time>2026-06-13T06:55:36.000Z</time><ele>21.95</ele></trkpt><trkpt lat="36.919696" lon="126.911782"><time>2026-06-13T06:55:37.000Z</time><ele>21.42</ele></trkpt><trkpt lat="36.919772" lon="126.911814"><time>2026-06-13T06:55:38.000Z</time><ele>20.6</ele></trkpt><trkpt lat="36.919832" lon="126.911835"><time>2026-06-13T06:55:39.000Z</time><ele>20.09</ele></trkpt><trkpt lat="36.919875" lon="126.911853"><time>2026-06-13T06:55:40.000Z</time><ele>19.97</ele></trkpt><trkpt lat="36.919937" lon="126.91188"><time>2026-06-13T06:55:42.000Z</time><ele>19.85</ele></trkpt><trkpt lat="36.91999" lon="126.911921"><time>2026-06-13T06:56:38.001Z</time><ele>21.97</ele></trkpt><trkpt lat="36.920053" lon="126.911945"><time>2026-06-13T06:56:39.001Z</time><ele>21.99</ele></trkpt><trkpt lat="36.920139" lon="126.911976"><time>2026-06-13T06:56:40.001Z</time><ele>22.13</ele></trkpt><trkpt lat="36.920235" lon="126.912013"><time>2026-06-13T06:56:41.002Z</time><ele>22.05</ele></trkpt><trkpt lat="36.920331" lon="126.912053"><time>2026-06-13T06:56:42.002Z</time><ele>22.16</ele></trkpt><trkpt lat="36.920459" lon="126.9121"><time>2026-06-13T06:56:43.002Z</time><ele>22.01</ele></trkpt><trkpt lat="36.920612" lon="126.912165"><time>2026-06-13T06:56:44.002Z</time><ele>21.84</ele></trkpt><trkpt lat="36.920793" lon="126.912234"><time>2026-06-13T06:56:45.002Z</time><ele>22.14</ele></trkpt><trkpt lat="36.920971" lon="126.912302"><time>2026-06-13T06:56:46.002Z</time><ele>22.14</ele></trkpt><trkpt lat="36.921171" lon="126.912385"><time>2026-06-13T06:56:47.002Z</time><ele>22.87</ele></trkpt><trkpt lat="36.921386" lon="126.912473"><time>2026-06-13T06:56:48.002Z</time><ele>23.39</ele></trkpt><trkpt lat="36.921625" lon="126.912569"><time>2026-06-13T06:56:49.002Z</time><ele>23.96</ele></trkpt><trkpt lat="36.921875" lon="126.912674"><time>2026-06-13T06:56:50.002Z</time><ele>24.95</ele></trkpt><trkpt lat="36.922115" lon="126.912769"><time>2026-06-13T06:56:51.002Z</time><ele>26.31</ele></trkpt><trkpt lat="36.92236" lon="126.912867"><time>2026-06-13T06:56:52.002Z</time><ele>27.66</ele></trkpt><trkpt lat="36.922611" lon="126.912967"><time>2026-06-13T06:56:53.002Z</time><ele>28.43</ele></trkpt><trkpt lat="36.922842" lon="126.913057"><time>2026-06-13T06:56:54.002Z</time><ele>28.54</ele></trkpt><trkpt lat="36.923049" lon="126.913145"><time>2026-06-13T06:56:55.002Z</time><ele>29.32</ele></trkpt><trkpt lat="36.92324" lon="126.913226"><time>2026-06-13T06:56:56.002Z</time><ele>28.94</ele></trkpt><trkpt lat="36.923414" lon="126.913295"><time>2026-06-13T06:56:57.002Z</time><ele>29.4</ele></trkpt><trkpt lat="36.923567" lon="126.913355"><time>2026-06-13T06:56:58.002Z</time><ele>29.66</ele></trkpt><trkpt lat="36.923705" lon="126.913413"><time>2026-06-13T06:56:59.002Z</time><ele>29.67</ele></trkpt><trkpt lat="36.923826" lon="126.913466"><time>2026-06-13T06:57:00.002Z</time><ele>29.94</ele></trkpt><trkpt lat="36.923938" lon="126.913511"><time>2026-06-13T06:57:01.002Z</time><ele>30.13</ele></trkpt><trkpt lat="36.924037" lon="126.91356"><time>2026-06-13T06:57:02.002Z</time><ele>30.06</ele></trkpt><trkpt lat="36.924123" lon="126.913596"><time>2026-06-13T06:57:03.002Z</time><ele>29.77</ele></trkpt><trkpt lat="36.924201" lon="126.913628"><time>2026-06-13T06:57:04.002Z</time><ele>29.69</ele></trkpt><trkpt lat="36.924258" lon="126.913655"><time>2026-06-13T06:57:05.002Z</time><ele>29.82</ele></trkpt><trkpt lat="36.924303" lon="126.913673"><time>2026-06-13T06:57:06.002Z</time><ele>29.71</ele></trkpt><trkpt lat="36.924349" lon="126.913681"><time>2026-06-13T06:57:13.002Z</time><ele>27.22</ele></trkpt><trkpt lat="36.924393" lon="126.913706"><time>2026-06-13T06:57:21.003Z</time><ele>27.56</ele></trkpt><trkpt lat="36.924459" lon="126.913737"><time>2026-06-13T06:57:22.003Z</time><ele>28.22</ele></trkpt><trkpt lat="36.924545" lon="126.913771"><time>2026-06-13T06:57:23.003Z</time><ele>28.66</ele></trkpt><trkpt lat="36.924638" lon="126.913812"><time>2026-06-13T06:57:24.003Z</time><ele>30.39</ele></trkpt><trkpt lat="36.924754" lon="126.913861"><time>2026-06-13T06:57:25.003Z</time><ele>31.65</ele></trkpt><trkpt lat="36.924865" lon="126.913905"><time>2026-06-13T06:57:26.003Z</time><ele>31.7</ele></trkpt><trkpt lat="36.924984" lon="126.913959"><time>2026-06-13T06:57:27.003Z</time><ele>30.27</ele></trkpt><trkpt lat="36.925113" lon="126.914021"><time>2026-06-13T06:57:28.003Z</time><ele>30.67</ele></trkpt><trkpt lat="36.925256" lon="126.914076"><time>2026-06-13T06:57:29.003Z</time><ele>30.79</ele></trkpt><trkpt lat="36.925411" lon="126.914135"><time>2026-06-13T06:57:30.003Z</time><ele>31.06</ele></trkpt><trkpt lat="36.925573" lon="126.914201"><time>2026-06-13T06:57:31.003Z</time><ele>31.93</ele></trkpt><trkpt lat="36.925744" lon="126.914268"><time>2026-06-13T06:57:32.003Z</time><ele>32.13</ele></trkpt><trkpt lat="36.925916" lon="126.91433"><time>2026-06-13T06:57:33.003Z</time><ele>32.19</ele></trkpt><trkpt lat="36.926084" lon="126.914388"><time>2026-06-13T06:57:34.000Z</time><ele>31.81</ele></trkpt><trkpt lat="36.926256" lon="126.914453"><time>2026-06-13T06:57:35.000Z</time><ele>32.14</ele></trkpt><trkpt lat="36.926442" lon="126.914516"><time>2026-06-13T06:57:36.000Z</time><ele>31.88</ele></trkpt><trkpt lat="36.927946" lon="126.914883"><time>2026-06-13T06:57:42.000Z</time><ele>32.02</ele></trkpt><trkpt lat="36.928238" lon="126.914923"><time>2026-06-13T06:57:43.000Z</time><ele>31.44</ele></trkpt><trkpt lat="36.928532" lon="126.914958"><time>2026-06-13T06:57:44.000Z</time><ele>30.79</ele></trkpt><trkpt lat="36.928837" lon="126.914994"><time>2026-06-13T06:57:45.000Z</time><ele>30.3</ele></trkpt><trkpt lat="36.929149" lon="126.915028"><time>2026-06-13T06:57:46.000Z</time><ele>29.84</ele></trkpt><trkpt lat="36.929464" lon="126.915067"><time>2026-06-13T06:57:47.000Z</time><ele>29.45</ele></trkpt><trkpt lat="36.929783" lon="126.915107"><time>2026-06-13T06:57:48.000Z</time><ele>29.67</ele></trkpt><trkpt lat="36.930104" lon="126.915148"><time>2026-06-13T06:57:49.000Z</time><ele>29.99</ele></trkpt><trkpt lat="36.930427" lon="126.915181"><time>2026-06-13T06:57:50.000Z</time><ele>30.05</ele></trkpt><trkpt lat="36.930751" lon="126.915217"><time>2026-06-13T06:57:51.000Z</time><ele>29.54</ele></trkpt><trkpt lat="36.931073" lon="126.915256"><time>2026-06-13T06:57:52.000Z</time><ele>29.38</ele></trkpt><trkpt lat="36.931394" lon="126.915292"><time>2026-06-13T06:57:53.000Z</time><ele>29.18</ele></trkpt><trkpt lat="36.931715" lon="126.915328"><time>2026-06-13T06:57:54.000Z</time><ele>29.11</ele></trkpt><trkpt lat="36.932035" lon="126.915362"><time>2026-06-13T06:57:55.000Z</time><ele>28.68</ele></trkpt><trkpt lat="36.932355" lon="126.915396"><time>2026-06-13T06:57:56.000Z</time><ele>29.03</ele></trkpt><trkpt lat="36.932649" lon="126.91543"><time>2026-06-13T06:57:57.000Z</time><ele>28.56</ele></trkpt><trkpt lat="36.932921" lon="126.915458"><time>2026-06-13T06:57:58.000Z</time><ele>28.07</ele></trkpt><trkpt lat="36.933177" lon="126.915488"><time>2026-06-13T06:57:59.000Z</time><ele>27.22</ele></trkpt><trkpt lat="36.933415" lon="126.915515"><time>2026-06-13T06:58:00.000Z</time><ele>26.26</ele></trkpt><trkpt lat="36.933635" lon="126.915546"><time>2026-06-13T06:58:01.000Z</time><ele>25.96</ele></trkpt><trkpt lat="36.933846" lon="126.915577"><time>2026-06-13T06:58:02.001Z</time><ele>26.13</ele></trkpt><trkpt lat="36.934053" lon="126.915607"><time>2026-06-13T06:58:03.001Z</time><ele>27.36</ele></trkpt><trkpt lat="36.934258" lon="126.915638"><time>2026-06-13T06:58:04.001Z</time><ele>27.13</ele></trkpt><trkpt lat="36.934456" lon="126.915671"><time>2026-06-13T06:58:05.001Z</time><ele>27.95</ele></trkpt><trkpt lat="36.934651" lon="126.915704"><time>2026-06-13T06:58:06.001Z</time><ele>27.93</ele></trkpt><trkpt lat="36.93483" lon="126.915734"><time>2026-06-13T06:58:07.001Z</time><ele>28.24</ele></trkpt><trkpt lat="36.934996" lon="126.915761"><time>2026-06-13T06:58:08.001Z</time><ele>28.26</ele></trkpt><trkpt lat="36.935159" lon="126.915788"><time>2026-06-13T06:58:09.001Z</time><ele>28.92</ele></trkpt><trkpt lat="36.935319" lon="126.915817"><time>2026-06-13T06:58:10.001Z</time><ele>28.98</ele></trkpt><trkpt lat="36.935472" lon="126.915844"><time>2026-06-13T06:58:11.001Z</time><ele>29.2</ele></trkpt><trkpt lat="36.935625" lon="126.915868"><time>2026-06-13T06:58:12.001Z</time><ele>29.33</ele></trkpt><trkpt lat="36.935778" lon="126.915895"><time>2026-06-13T06:58:13.001Z</time><ele>29.6</ele></trkpt><trkpt lat="36.93593" lon="126.915923"><time>2026-06-13T06:58:14.001Z</time><ele>29.39</ele></trkpt><trkpt lat="36.936081" lon="126.915951"><time>2026-06-13T06:58:15.001Z</time><ele>29.57</ele></trkpt><trkpt lat="36.936233" lon="126.915979"><time>2026-06-13T06:58:16.001Z</time><ele>29.67</ele></trkpt><trkpt lat="36.936385" lon="126.916003"><time>2026-06-13T06:58:17.001Z</time><ele>30.25</ele></trkpt><trkpt lat="36.936534" lon="126.916028"><time>2026-06-13T06:58:18.001Z</time><ele>30.32</ele></trkpt><trkpt lat="36.936676" lon="126.916052"><time>2026-06-13T06:58:19.001Z</time><ele>30.89</ele></trkpt><trkpt lat="36.936803" lon="126.916076"><time>2026-06-13T06:58:20.001Z</time><ele>31.61</ele></trkpt><trkpt lat="36.936916" lon="126.916098"><time>2026-06-13T06:58:21.001Z</time><ele>32.48</ele></trkpt><trkpt lat="36.93701" lon="126.916117"><time>2026-06-13T06:58:22.001Z</time><ele>32.91</ele></trkpt><trkpt lat="36.937092" lon="126.916128"><time>2026-06-13T06:58:23.001Z</time><ele>32.86</ele></trkpt><trkpt lat="36.937179" lon="126.916144"><time>2026-06-13T06:58:24.001Z</time><ele>32.75</ele></trkpt><trkpt lat="36.937283" lon="126.916166"><time>2026-06-13T06:58:25.001Z</time><ele>32.77</ele></trkpt><trkpt lat="36.937403" lon="126.916199"><time>2026-06-13T06:58:26.001Z</time><ele>33.74</ele></trkpt><trkpt lat="36.937531" lon="126.916228"><time>2026-06-13T06:58:27.001Z</time><ele>33.82</ele></trkpt><trkpt lat="36.937673" lon="126.916235"><time>2026-06-13T06:58:28.001Z</time><ele>35.04</ele></trkpt><trkpt lat="36.937813" lon="126.916255"><time>2026-06-13T06:58:29.001Z</time><ele>34.87</ele></trkpt><trkpt lat="36.937953" lon="126.916281"><time>2026-06-13T06:58:30.001Z</time><ele>35.16</ele></trkpt><trkpt lat="36.938102" lon="126.916306"><time>2026-06-13T06:58:31.001Z</time><ele>35.97</ele></trkpt><trkpt lat="36.938256" lon="126.91634"><time>2026-06-13T06:58:32.001Z</time><ele>37.37</ele></trkpt><trkpt lat="36.938419" lon="126.916325"><time>2026-06-13T06:58:33.001Z</time><ele>37.43</ele></trkpt><trkpt lat="36.938587" lon="126.9163"><time>2026-06-13T06:58:34.001Z</time><ele>37.25</ele></trkpt><trkpt lat="36.938769" lon="126.916357"><time>2026-06-13T06:58:35.001Z</time><ele>37.05</ele></trkpt><trkpt lat="36.938946" lon="126.916347"><time>2026-06-13T06:58:36.001Z</time><ele>37.3</ele></trkpt><trkpt lat="36.93912" lon="126.916336"><time>2026-06-13T06:58:37.001Z</time><ele>37.79</ele></trkpt><trkpt lat="36.939303" lon="126.916319"><time>2026-06-13T06:58:38.001Z</time><ele>37.41</ele></trkpt><trkpt lat="36.939484" lon="126.91629"><time>2026-06-13T06:58:39.001Z</time><ele>36.75</ele></trkpt><trkpt lat="36.939667" lon="126.916252"><time>2026-06-13T06:58:40.001Z</time><ele>35.84</ele></trkpt><trkpt lat="36.939852" lon="126.916215"><time>2026-06-13T06:58:41.001Z</time><ele>35.77</ele></trkpt><trkpt lat="36.940041" lon="126.916161"><time>2026-06-13T06:58:42.001Z</time><ele>35.18</ele></trkpt><trkpt lat="36.94023" lon="126.9161"><time>2026-06-13T06:58:43.002Z</time><ele>35</ele></trkpt><trkpt lat="36.940424" lon="126.916029"><time>2026-06-13T06:58:44.002Z</time><ele>35.07</ele></trkpt><trkpt lat="36.94062" lon="126.915947"><time>2026-06-13T06:58:45.002Z</time><ele>35.26</ele></trkpt><trkpt lat="36.940815" lon="126.915855"><time>2026-06-13T06:58:46.002Z</time><ele>35.07</ele></trkpt><trkpt lat="36.941007" lon="126.91576"><time>2026-06-13T06:58:47.002Z</time><ele>35.19</ele></trkpt><trkpt lat="36.941208" lon="126.915659"><time>2026-06-13T06:58:48.002Z</time><ele>35.07</ele></trkpt><trkpt lat="36.941413" lon="126.91555"><time>2026-06-13T06:58:49.002Z</time><ele>34.92</ele></trkpt><trkpt lat="36.941624" lon="126.915445"><time>2026-06-13T06:58:50.002Z</time><ele>35.33</ele></trkpt><trkpt lat="36.941835" lon="126.915339"><time>2026-06-13T06:58:51.002Z</time><ele>35.2</ele></trkpt><trkpt lat="36.94204" lon="126.915242"><time>2026-06-13T06:58:52.002Z</time><ele>35.77</ele></trkpt><trkpt lat="36.942252" lon="126.915124"><time>2026-06-13T06:58:53.002Z</time><ele>35.97</ele></trkpt><trkpt lat="36.942456" lon="126.915017"><time>2026-06-13T06:58:54.002Z</time><ele>35.89</ele></trkpt><trkpt lat="36.942662" lon="126.91491"><time>2026-06-13T06:58:55.002Z</time><ele>35.48</ele></trkpt><trkpt lat="36.942865" lon="126.914803"><time>2026-06-13T06:58:56.002Z</time><ele>35.21</ele></trkpt><trkpt lat="36.94306" lon="126.914699"><time>2026-06-13T06:58:57.002Z</time><ele>34.6</ele></trkpt><trkpt lat="36.943244" lon="126.9146"><time>2026-06-13T06:58:58.002Z</time><ele>34.26</ele></trkpt><trkpt lat="36.943429" lon="126.914503"><time>2026-06-13T06:58:59.002Z</time><ele>34.28</ele></trkpt><trkpt lat="36.943607" lon="126.914415"><time>2026-06-13T06:59:00.002Z</time><ele>34.36</ele></trkpt><trkpt lat="36.943778" lon="126.914331"><time>2026-06-13T06:59:01.002Z</time><ele>34.29</ele></trkpt><trkpt lat="36.943946" lon="126.914245"><time>2026-06-13T06:59:02.002Z</time><ele>34.19</ele></trkpt><trkpt lat="36.944111" lon="126.914155"><time>2026-06-13T06:59:03.002Z</time><ele>33.85</ele></trkpt><trkpt lat="36.944269" lon="126.914071"><time>2026-06-13T06:59:04.002Z</time><ele>33.6</ele></trkpt><trkpt lat="36.944428" lon="126.91399"><time>2026-06-13T06:59:05.002Z</time><ele>33.61</ele></trkpt><trkpt lat="36.944584" lon="126.913907"><time>2026-06-13T06:59:06.002Z</time><ele>33.29</ele></trkpt><trkpt lat="36.944739" lon="126.913826"><time>2026-06-13T06:59:07.002Z</time><ele>33.33</ele></trkpt><trkpt lat="36.944892" lon="126.913748"><time>2026-06-13T06:59:08.002Z</time><ele>33.46</ele></trkpt><trkpt lat="36.945036" lon="126.913672"><time>2026-06-13T06:59:09.002Z</time><ele>33.54</ele></trkpt><trkpt lat="36.945171" lon="126.913598"><time>2026-06-13T06:59:10.002Z</time><ele>32.9</ele></trkpt><trkpt lat="36.945299" lon="126.913531"><time>2026-06-13T06:59:11.002Z</time><ele>33.12</ele></trkpt><trkpt lat="36.945426" lon="126.913464"><time>2026-06-13T06:59:12.002Z</time><ele>32.77</ele></trkpt><trkpt lat="36.945546" lon="126.913401"><time>2026-06-13T06:59:13.002Z</time><ele>32.82</ele></trkpt><trkpt lat="36.945659" lon="126.913344"><time>2026-06-13T06:59:14.002Z</time><ele>32.52</ele></trkpt><trkpt lat="36.945762" lon="126.913293"><time>2026-06-13T06:59:15.002Z</time><ele>31.95</ele></trkpt><trkpt lat="36.945859" lon="126.913243"><time>2026-06-13T06:59:16.002Z</time><ele>31.29</ele></trkpt><trkpt lat="36.945942" lon="126.913202"><time>2026-06-13T06:59:17.002Z</time><ele>30.99</ele></trkpt><trkpt lat="36.946013" lon="126.913168"><time>2026-06-13T06:59:18.002Z</time><ele>31.18</ele></trkpt><trkpt lat="36.946066" lon="126.913138"><time>2026-06-13T06:59:19.002Z</time><ele>31.13</ele></trkpt><trkpt lat="36.946128" lon="126.913109"><time>2026-06-13T06:59:21.002Z</time><ele>31.61</ele></trkpt><trkpt lat="36.946186" lon="126.913108"><time>2026-06-13T06:59:32.003Z</time><ele>32.24</ele></trkpt><trkpt lat="36.946269" lon="126.913067"><time>2026-06-13T06:59:33.003Z</time><ele>33.1</ele></trkpt><trkpt lat="36.946351" lon="126.913022"><time>2026-06-13T06:59:34.003Z</time><ele>33.08</ele></trkpt><trkpt lat="36.946451" lon="126.912959"><time>2026-06-13T06:59:35.003Z</time><ele>33.15</ele></trkpt><trkpt lat="36.946566" lon="126.9129"><time>2026-06-13T06:59:36.003Z</time><ele>33.35</ele></trkpt><trkpt lat="36.946685" lon="126.912837"><time>2026-06-13T06:59:37.003Z</time><ele>32.8</ele></trkpt><trkpt lat="36.946816" lon="126.912772"><time>2026-06-13T06:59:38.003Z</time><ele>33.4</ele></trkpt><trkpt lat="36.946957" lon="126.912703"><time>2026-06-13T06:59:39.003Z</time><ele>33.66</ele></trkpt><trkpt lat="36.947109" lon="126.912648"><time>2026-06-13T06:59:40.000Z</time><ele>33.14</ele></trkpt><trkpt lat="36.947267" lon="126.912593"><time>2026-06-13T06:59:41.000Z</time><ele>33.64</ele></trkpt><trkpt lat="36.947422" lon="126.912538"><time>2026-06-13T06:59:42.000Z</time><ele>33.47</ele></trkpt><trkpt lat="36.947591" lon="126.912492"><time>2026-06-13T06:59:43.000Z</time><ele>33.14</ele></trkpt><trkpt lat="36.947763" lon="126.912455"><time>2026-06-13T06:59:44.000Z</time><ele>32.45</ele></trkpt><trkpt lat="36.947939" lon="126.912419"><time>2026-06-13T06:59:45.000Z</time><ele>31.37</ele></trkpt><trkpt lat="36.948114" lon="126.912395"><time>2026-06-13T06:59:46.000Z</time><ele>30.43</ele></trkpt><trkpt lat="36.948287" lon="126.912387"><time>2026-06-13T06:59:47.000Z</time><ele>28.97</ele></trkpt><trkpt lat="36.948466" lon="126.912381"><time>2026-06-13T06:59:48.000Z</time><ele>27.58</ele></trkpt><trkpt lat="36.948645" lon="126.912388"><time>2026-06-13T06:59:49.000Z</time><ele>27.18</ele></trkpt><trkpt lat="36.948826" lon="126.9124"><time>2026-06-13T06:59:50.000Z</time><ele>26.03</ele></trkpt><trkpt lat="36.949007" lon="126.912425"><time>2026-06-13T06:59:51.000Z</time><ele>25.66</ele></trkpt><trkpt lat="36.949188" lon="126.912461"><time>2026-06-13T06:59:52.000Z</time><ele>25.19</ele></trkpt><trkpt lat="36.949367" lon="126.912511"><time>2026-06-13T06:59:53.000Z</time><ele>24.28</ele></trkpt><trkpt lat="36.94954" lon="126.912575"><time>2026-06-13T06:59:54.000Z</time><ele>23.23</ele></trkpt><trkpt lat="36.949715" lon="126.912642"><time>2026-06-13T06:59:55.000Z</time><ele>21.88</ele></trkpt><trkpt lat="36.949891" lon="126.912713"><time>2026-06-13T06:59:56.000Z</time><ele>21.09</ele></trkpt><trkpt lat="36.950067" lon="126.91279"><time>2026-06-13T06:59:57.000Z</time><ele>20.64</ele></trkpt><trkpt lat="36.950745" lon="126.913202"><time>2026-06-13T07:00:01.000Z</time><ele>17.54</ele></trkpt><trkpt lat="36.950891" lon="126.913322"><time>2026-06-13T07:00:02.000Z</time><ele>18.05</ele></trkpt><trkpt lat="36.951029" lon="126.913434"><time>2026-06-13T07:00:03.000Z</time><ele>17.1</ele></trkpt><trkpt lat="36.951163" lon="126.913548"><time>2026-06-13T07:00:04.000Z</time><ele>16.64</ele></trkpt><trkpt lat="36.951291" lon="126.913682"><time>2026-06-13T07:00:05.000Z</time><ele>16.63</ele></trkpt><trkpt lat="36.951388" lon="126.913809"><time>2026-06-13T07:00:06.000Z</time><ele>15.38</ele></trkpt><trkpt lat="36.951479" lon="126.913904"><time>2026-06-13T07:00:07.000Z</time><ele>14.88</ele></trkpt><trkpt lat="36.95155" lon="126.913991"><time>2026-06-13T07:00:08.000Z</time><ele>14.61</ele></trkpt><trkpt lat="36.951604" lon="126.91406"><time>2026-06-13T07:00:09.000Z</time><ele>14.56</ele></trkpt><trkpt lat="36.951641" lon="126.914109"><time>2026-06-13T07:00:10.000Z</time><ele>15.05</ele></trkpt><trkpt lat="36.951677" lon="126.914155"><time>2026-06-13T07:00:12.000Z</time><ele>14.8</ele></trkpt><trkpt lat="36.951715" lon="126.914221"><time>2026-06-13T07:00:18.001Z</time><ele>15.92</ele></trkpt><trkpt lat="36.951752" lon="126.914265"><time>2026-06-13T07:00:19.001Z</time><ele>15.83</ele></trkpt><trkpt lat="36.951804" lon="126.914327"><time>2026-06-13T07:00:21.001Z</time><ele>15.53</ele></trkpt><trkpt lat="36.95186" lon="126.914398"><time>2026-06-13T07:00:23.001Z</time><ele>15.57</ele></trkpt><trkpt lat="36.951935" lon="126.914479"><time>2026-06-13T07:00:25.001Z</time><ele>15.2</ele></trkpt><trkpt lat="36.952024" lon="126.914543"><time>2026-06-13T07:00:26.001Z</time><ele>15.01</ele></trkpt><trkpt lat="36.95211" lon="126.91465"><time>2026-06-13T07:00:27.001Z</time><ele>15.45</ele></trkpt><trkpt lat="36.952198" lon="126.914748"><time>2026-06-13T07:00:28.001Z</time><ele>15.27</ele></trkpt><trkpt lat="36.952287" lon="126.914861"><time>2026-06-13T07:00:29.001Z</time><ele>15.3</ele></trkpt><trkpt lat="36.952369" lon="126.914957"><time>2026-06-13T07:00:30.001Z</time><ele>14.6</ele></trkpt><trkpt lat="36.952458" lon="126.915063"><time>2026-06-13T07:00:31.001Z</time><ele>14.79</ele></trkpt><trkpt lat="36.952551" lon="126.915177"><time>2026-06-13T07:00:32.001Z</time><ele>14.88</ele></trkpt><trkpt lat="36.952648" lon="126.915293"><time>2026-06-13T07:00:33.001Z</time><ele>15.15</ele></trkpt><trkpt lat="36.952754" lon="126.915424"><time>2026-06-13T07:00:34.001Z</time><ele>16.21</ele></trkpt><trkpt lat="36.952869" lon="126.915549"><time>2026-06-13T07:00:35.001Z</time><ele>15.84</ele></trkpt><trkpt lat="36.95299" lon="126.915681"><time>2026-06-13T07:00:36.001Z</time><ele>15.18</ele></trkpt><trkpt lat="36.953115" lon="126.915826"><time>2026-06-13T07:00:37.001Z</time><ele>15.19</ele></trkpt><trkpt lat="36.953239" lon="126.915978"><time>2026-06-13T07:00:38.001Z</time><ele>15.31</ele></trkpt><trkpt lat="36.953362" lon="126.916131"><time>2026-06-13T07:00:39.001Z</time><ele>15.4</ele></trkpt><trkpt lat="36.953492" lon="126.916298"><time>2026-06-13T07:00:40.001Z</time><ele>15.7</ele></trkpt><trkpt lat="36.953628" lon="126.916462"><time>2026-06-13T07:00:41.001Z</time><ele>15.4</ele></trkpt><trkpt lat="36.953768" lon="126.916628"><time>2026-06-13T07:00:42.001Z</time><ele>15.39</ele></trkpt><trkpt lat="36.953909" lon="126.916796"><time>2026-06-13T07:00:43.001Z</time><ele>15.78</ele></trkpt><trkpt lat="36.954049" lon="126.916965"><time>2026-06-13T07:00:44.001Z</time><ele>16.03</ele></trkpt><trkpt lat="36.95419" lon="126.917134"><time>2026-06-13T07:00:45.001Z</time><ele>15.79</ele></trkpt><trkpt lat="36.95433" lon="126.917306"><time>2026-06-13T07:00:46.001Z</time><ele>15.78</ele></trkpt><trkpt lat="36.954475" lon="126.917482"><time>2026-06-13T07:00:47.001Z</time><ele>15.97</ele></trkpt><trkpt lat="36.95462" lon="126.91766"><time>2026-06-13T07:00:48.001Z</time><ele>16.14</ele></trkpt><trkpt lat="36.954763" lon="126.917839"><time>2026-06-13T07:00:49.001Z</time><ele>16.68</ele></trkpt><trkpt lat="36.954918" lon="126.918029"><time>2026-06-13T07:00:50.001Z</time><ele>17</ele></trkpt><trkpt lat="36.955081" lon="126.918228"><time>2026-06-13T07:00:51.001Z</time><ele>17.71</ele></trkpt><trkpt lat="36.955252" lon="126.918435"><time>2026-06-13T07:00:52.001Z</time><ele>18.2</ele></trkpt><trkpt lat="36.955424" lon="126.918648"><time>2026-06-13T07:00:53.002Z</time><ele>17.98</ele></trkpt><trkpt lat="36.955594" lon="126.918855"><time>2026-06-13T07:00:54.002Z</time><ele>17.85</ele></trkpt><trkpt lat="36.955762" lon="126.919058"><time>2026-06-13T07:00:55.002Z</time><ele>17.7</ele></trkpt><trkpt lat="36.955914" lon="126.919241"><time>2026-06-13T07:00:56.002Z</time><ele>17.21</ele></trkpt><trkpt lat="36.956057" lon="126.919416"><time>2026-06-13T07:00:57.002Z</time><ele>17.17</ele></trkpt><trkpt lat="36.956196" lon="126.919581"><time>2026-06-13T07:00:58.002Z</time><ele>16.63</ele></trkpt><trkpt lat="36.956334" lon="126.919757"><time>2026-06-13T07:00:59.002Z</time><ele>16.61</ele></trkpt><trkpt lat="36.956474" lon="126.919961"><time>2026-06-13T07:01:00.002Z</time><ele>16.85</ele></trkpt><trkpt lat="36.95661" lon="126.920145"><time>2026-06-13T07:01:01.002Z</time><ele>16.33</ele></trkpt><trkpt lat="36.956714" lon="126.920279"><time>2026-06-13T07:01:02.002Z</time><ele>16.42</ele></trkpt><trkpt lat="36.956811" lon="126.920387"><time>2026-06-13T07:01:03.002Z</time><ele>16.01</ele></trkpt><trkpt lat="36.956909" lon="126.920498"><time>2026-06-13T07:01:04.002Z</time><ele>15.13</ele></trkpt><trkpt lat="36.957005" lon="126.920617"><time>2026-06-13T07:01:05.002Z</time><ele>15.3</ele></trkpt><trkpt lat="36.9571" lon="126.920733"><time>2026-06-13T07:01:06.002Z</time><ele>14.62</ele></trkpt><trkpt lat="36.957185" lon="126.920837"><time>2026-06-13T07:01:07.002Z</time><ele>14.48</ele></trkpt><trkpt lat="36.95727" lon="126.920936"><time>2026-06-13T07:01:08.002Z</time><ele>14.22</ele></trkpt><trkpt lat="36.957365" lon="126.921062"><time>2026-06-13T07:01:09.002Z</time><ele>14.93</ele></trkpt><trkpt lat="36.957474" lon="126.921198"><time>2026-06-13T07:01:10.002Z</time><ele>14.88</ele></trkpt><trkpt lat="36.957595" lon="126.921349"><time>2026-06-13T07:01:11.002Z</time><ele>15.14</ele></trkpt><trkpt lat="36.957725" lon="126.921509"><time>2026-06-13T07:01:12.002Z</time><ele>14.84</ele></trkpt><trkpt lat="36.957867" lon="126.921676"><time>2026-06-13T07:01:13.002Z</time><ele>14.87</ele></trkpt><trkpt lat="36.958017" lon="126.921852"><time>2026-06-13T07:01:14.002Z</time><ele>14.62</ele></trkpt><trkpt lat="36.95819" lon="126.922034"><time>2026-06-13T07:01:15.002Z</time><ele>13.67</ele></trkpt><trkpt lat="36.958373" lon="126.922235"><time>2026-06-13T07:01:16.002Z</time><ele>13.35</ele></trkpt><trkpt lat="36.958555" lon="126.922461"><time>2026-06-13T07:01:17.002Z</time><ele>12.93</ele></trkpt><trkpt lat="36.958741" lon="126.922691"><time>2026-06-13T07:01:18.002Z</time><ele>13.1</ele></trkpt><trkpt lat="36.958931" lon="126.922924"><time>2026-06-13T07:01:19.002Z</time><ele>12.68</ele></trkpt><trkpt lat="36.959127" lon="126.923162"><time>2026-06-13T07:01:20.002Z</time><ele>12.25</ele></trkpt><trkpt lat="36.959325" lon="126.923406"><time>2026-06-13T07:01:21.002Z</time><ele>12.04</ele></trkpt><trkpt lat="36.959526" lon="126.923647"><time>2026-06-13T07:01:22.002Z</time><ele>11.83</ele></trkpt><trkpt lat="36.959722" lon="126.923891"><time>2026-06-13T07:01:23.002Z</time><ele>11.64</ele></trkpt><trkpt lat="36.959918" lon="126.924133"><time>2026-06-13T07:01:24.002Z</time><ele>11.97</ele></trkpt><trkpt lat="36.960123" lon="126.924371"><time>2026-06-13T07:01:25.002Z</time><ele>12.13</ele></trkpt><trkpt lat="36.960331" lon="126.92461"><time>2026-06-13T07:01:26.002Z</time><ele>12.06</ele></trkpt><trkpt lat="36.960551" lon="126.924842"><time>2026-06-13T07:01:27.002Z</time><ele>12.32</ele></trkpt><trkpt lat="36.960791" lon="126.925063"><time>2026-06-13T07:01:28.002Z</time><ele>12.91</ele></trkpt><trkpt lat="36.961032" lon="126.92526"><time>2026-06-13T07:01:29.002Z</time><ele>12.92</ele></trkpt><trkpt lat="36.961278" lon="126.925449"><time>2026-06-13T07:01:30.002Z</time><ele>13.21</ele></trkpt><trkpt lat="36.961518" lon="126.925614"><time>2026-06-13T07:01:31.002Z</time><ele>13.23</ele></trkpt><trkpt lat="36.961741" lon="126.925757"><time>2026-06-13T07:01:32.003Z</time><ele>13.5</ele></trkpt><trkpt lat="36.961954" lon="126.925887"><time>2026-06-13T07:01:33.003Z</time><ele>13.21</ele></trkpt><trkpt lat="36.962173" lon="126.926027"><time>2026-06-13T07:01:34.003Z</time><ele>13.55</ele></trkpt><trkpt lat="36.9624" lon="126.926182"><time>2026-06-13T07:01:35.003Z</time><ele>14.84</ele></trkpt><trkpt lat="36.962624" lon="126.926319"><time>2026-06-13T07:01:36.003Z</time><ele>15.49</ele></trkpt><trkpt lat="36.962853" lon="126.926463"><time>2026-06-13T07:01:37.003Z</time><ele>15.95</ele></trkpt><trkpt lat="36.963099" lon="126.926613"><time>2026-06-13T07:01:38.003Z</time><ele>16.05</ele></trkpt><trkpt lat="36.963353" lon="126.926767"><time>2026-06-13T07:01:39.003Z</time><ele>16.43</ele></trkpt><trkpt lat="36.963613" lon="126.926927"><time>2026-06-13T07:01:40.003Z</time><ele>16.65</ele></trkpt><trkpt lat="36.963879" lon="126.927095"><time>2026-06-13T07:01:41.003Z</time><ele>16.99</ele></trkpt><trkpt lat="36.964149" lon="126.927266"><time>2026-06-13T07:01:42.003Z</time><ele>17.45</ele></trkpt><trkpt lat="36.964427" lon="126.927443"><time>2026-06-13T07:01:43.003Z</time><ele>17.77</ele></trkpt><trkpt lat="36.964714" lon="126.927621"><time>2026-06-13T07:01:44.003Z</time><ele>18.12</ele></trkpt><trkpt lat="36.965007" lon="126.927802"><time>2026-06-13T07:01:45.003Z</time><ele>18.44</ele></trkpt><trkpt lat="36.965306" lon="126.927981"><time>2026-06-13T07:01:46.000Z</time><ele>18.4</ele></trkpt><trkpt lat="36.965603" lon="126.928168"><time>2026-06-13T07:01:47.000Z</time><ele>18.97</ele></trkpt><trkpt lat="36.965906" lon="126.928356"><time>2026-06-13T07:01:48.000Z</time><ele>18.99</ele></trkpt><trkpt lat="36.966214" lon="126.928549"><time>2026-06-13T07:01:49.000Z</time><ele>19.2</ele></trkpt><trkpt lat="36.966524" lon="126.928747"><time>2026-06-13T07:01:50.000Z</time><ele>19.23</ele></trkpt><trkpt lat="36.966837" lon="126.92894"><time>2026-06-13T07:01:51.000Z</time><ele>19.14</ele></trkpt><trkpt lat="36.967155" lon="126.929131"><time>2026-06-13T07:01:52.000Z</time><ele>19.08</ele></trkpt><trkpt lat="36.967471" lon="126.929327"><time>2026-06-13T07:01:53.000Z</time><ele>18.95</ele></trkpt><trkpt lat="36.967785" lon="126.929526"><time>2026-06-13T07:01:54.000Z</time><ele>18.62</ele></trkpt><trkpt lat="36.968098" lon="126.92972"><time>2026-06-13T07:01:55.000Z</time><ele>18.88</ele></trkpt><trkpt lat="36.968405" lon="126.929915"><time>2026-06-13T07:01:56.000Z</time><ele>18.77</ele></trkpt><trkpt lat="36.968706" lon="126.930107"><time>2026-06-13T07:01:57.000Z</time><ele>18.33</ele></trkpt><trkpt lat="36.969005" lon="126.930291"><time>2026-06-13T07:01:58.000Z</time><ele>18.55</ele></trkpt><trkpt lat="36.969281" lon="126.930466"><time>2026-06-13T07:01:59.000Z</time><ele>18.06</ele></trkpt><trkpt lat="36.96954" lon="126.930625"><time>2026-06-13T07:02:00.000Z</time><ele>17.37</ele></trkpt><trkpt lat="36.969782" lon="126.930777"><time>2026-06-13T07:02:01.000Z</time><ele>17.08</ele></trkpt><trkpt lat="36.97001" lon="126.93092"><time>2026-06-13T07:02:02.000Z</time><ele>16.74</ele></trkpt><trkpt lat="36.970223" lon="126.931056"><time>2026-06-13T07:02:03.000Z</time><ele>16.39</ele></trkpt><trkpt lat="36.970422" lon="126.931183"><time>2026-06-13T07:02:04.000Z</time><ele>16.29</ele></trkpt><trkpt lat="36.970611" lon="126.931309"><time>2026-06-13T07:02:05.000Z</time><ele>16</ele></trkpt><trkpt lat="36.970793" lon="126.93143"><time>2026-06-13T07:02:06.000Z</time><ele>16.31</ele></trkpt><trkpt lat="36.970973" lon="126.931548"><time>2026-06-13T07:02:07.000Z</time><ele>16.1</ele></trkpt><trkpt lat="36.971147" lon="126.931657"><time>2026-06-13T07:02:08.000Z</time><ele>15.85</ele></trkpt><trkpt lat="36.971312" lon="126.931762"><time>2026-06-13T07:02:09.000Z</time><ele>15.6</ele></trkpt><trkpt lat="36.971467" lon="126.931859"><time>2026-06-13T07:02:10.000Z</time><ele>15.34</ele></trkpt><trkpt lat="36.971615" lon="126.931949"><time>2026-06-13T07:02:11.000Z</time><ele>14.67</ele></trkpt><trkpt lat="36.971755" lon="126.932036"><time>2026-06-13T07:02:12.000Z</time><ele>13.98</ele></trkpt><trkpt lat="36.971888" lon="126.932126"><time>2026-06-13T07:02:13.000Z</time><ele>14.45</ele></trkpt><trkpt lat="36.972016" lon="126.932205"><time>2026-06-13T07:02:14.000Z</time><ele>14.26</ele></trkpt><trkpt lat="36.972145" lon="126.932285"><time>2026-06-13T07:02:15.000Z</time><ele>14.78</ele></trkpt><trkpt lat="36.972274" lon="126.932372"><time>2026-06-13T07:02:16.000Z</time><ele>15.16</ele></trkpt><trkpt lat="36.972407" lon="126.932451"><time>2026-06-13T07:02:17.000Z</time><ele>15.19</ele></trkpt><trkpt lat="36.972544" lon="126.93253"><time>2026-06-13T07:02:18.000Z</time><ele>15.04</ele></trkpt><trkpt lat="36.972686" lon="126.932608"><time>2026-06-13T07:02:19.000Z</time><ele>15.51</ele></trkpt><trkpt lat="36.972834" lon="126.932695"><time>2026-06-13T07:02:20.000Z</time><ele>16.07</ele></trkpt><trkpt lat="36.972989" lon="126.932783"><time>2026-06-13T07:02:21.000Z</time><ele>16.22</ele></trkpt><trkpt lat="36.973136" lon="126.932872"><time>2026-06-13T07:02:22.001Z</time><ele>15.96</ele></trkpt><trkpt lat="36.973276" lon="126.932953"><time>2026-06-13T07:02:23.001Z</time><ele>15.96</ele></trkpt><trkpt lat="36.973416" lon="126.933035"><time>2026-06-13T07:02:24.001Z</time><ele>16.48</ele></trkpt><trkpt lat="36.973559" lon="126.933108"><time>2026-06-13T07:02:25.001Z</time><ele>16.36</ele></trkpt><trkpt lat="36.973712" lon="126.933183"><time>2026-06-13T07:02:26.001Z</time><ele>16.45</ele></trkpt><trkpt lat="36.973879" lon="126.933256"><time>2026-06-13T07:02:27.001Z</time><ele>16.95</ele></trkpt><trkpt lat="36.974053" lon="126.933339"><time>2026-06-13T07:02:28.001Z</time><ele>17.33</ele></trkpt><trkpt lat="36.974231" lon="126.933433"><time>2026-06-13T07:02:29.001Z</time><ele>17.76</ele></trkpt><trkpt lat="36.97442" lon="126.933532"><time>2026-06-13T07:02:30.001Z</time><ele>17.72</ele></trkpt><trkpt lat="36.974612" lon="126.933632"><time>2026-06-13T07:02:31.001Z</time><ele>18.04</ele></trkpt><trkpt lat="36.97481" lon="126.933731"><time>2026-06-13T07:02:32.001Z</time><ele>18.14</ele></trkpt><trkpt lat="36.975008" lon="126.933831"><time>2026-06-13T07:02:33.001Z</time><ele>18.38</ele></trkpt><trkpt lat="36.975204" lon="126.933929"><time>2026-06-13T07:02:34.001Z</time><ele>18.56</ele></trkpt><trkpt lat="36.975402" lon="126.934021"><time>2026-06-13T07:02:35.001Z</time><ele>18.83</ele></trkpt><trkpt lat="36.975581" lon="126.934106"><time>2026-06-13T07:02:36.001Z</time><ele>19.02</ele></trkpt><trkpt lat="36.975756" lon="126.934176"><time>2026-06-13T07:02:37.001Z</time><ele>18.76</ele></trkpt><trkpt lat="36.975923" lon="126.934254"><time>2026-06-13T07:02:38.001Z</time><ele>19.07</ele></trkpt><trkpt lat="36.976092" lon="126.934328"><time>2026-06-13T07:02:39.001Z</time><ele>19.11</ele></trkpt><trkpt lat="36.976263" lon="126.934403"><time>2026-06-13T07:02:40.001Z</time><ele>19.5</ele></trkpt><trkpt lat="36.976435" lon="126.934479"><time>2026-06-13T07:02:41.001Z</time><ele>19.72</ele></trkpt><trkpt lat="36.976607" lon="126.934554"><time>2026-06-13T07:02:42.001Z</time><ele>19.83</ele></trkpt><trkpt lat="36.976786" lon="126.934633"><time>2026-06-13T07:02:43.001Z</time><ele>20.21</ele></trkpt><trkpt lat="36.976967" lon="126.934715"><time>2026-06-13T07:02:44.001Z</time><ele>20.3</ele></trkpt><trkpt lat="36.977149" lon="126.934798"><time>2026-06-13T07:02:45.001Z</time><ele>20.73</ele></trkpt><trkpt lat="36.977329" lon="126.934874"><time>2026-06-13T07:02:46.001Z</time><ele>20.96</ele></trkpt><trkpt lat="36.97751" lon="126.934948"><time>2026-06-13T07:02:47.001Z</time><ele>21.17</ele></trkpt><trkpt lat="36.977687" lon="126.935028"><time>2026-06-13T07:02:48.001Z</time><ele>21.48</ele></trkpt><trkpt lat="36.977863" lon="126.93511"><time>2026-06-13T07:02:49.001Z</time><ele>21.38</ele></trkpt><trkpt lat="36.97804" lon="126.935187"><time>2026-06-13T07:02:50.001Z</time><ele>21.8</ele></trkpt><trkpt lat="36.978216" lon="126.935265"><time>2026-06-13T07:02:51.001Z</time><ele>21.85</ele></trkpt><trkpt lat="36.97839" lon="126.935339"><time>2026-06-13T07:02:52.001Z</time><ele>21.66</ele></trkpt><trkpt lat="36.978563" lon="126.935417"><time>2026-06-13T07:02:53.001Z</time><ele>21.96</ele></trkpt><trkpt lat="36.978739" lon="126.935489"><time>2026-06-13T07:02:54.001Z</time><ele>21.81</ele></trkpt><trkpt lat="36.978912" lon="126.935567"><time>2026-06-13T07:02:55.001Z</time><ele>21.79</ele></trkpt><trkpt lat="36.979085" lon="126.935645"><time>2026-06-13T07:02:56.001Z</time><ele>21.74</ele></trkpt><trkpt lat="36.97926" lon="126.935723"><time>2026-06-13T07:02:57.001Z</time><ele>22.59</ele></trkpt><trkpt lat="36.979434" lon="126.935813"><time>2026-06-13T07:02:58.001Z</time><ele>23.11</ele></trkpt><trkpt lat="36.979617" lon="126.935895"><time>2026-06-13T07:02:59.001Z</time><ele>23.28</ele></trkpt><trkpt lat="36.979806" lon="126.935972"><time>2026-06-13T07:03:00.002Z</time><ele>24.19</ele></trkpt><trkpt lat="36.979994" lon="126.936069"><time>2026-06-13T07:03:01.002Z</time><ele>24.77</ele></trkpt><trkpt lat="36.980186" lon="126.936154"><time>2026-06-13T07:03:02.002Z</time><ele>24.33</ele></trkpt><trkpt lat="36.98038" lon="126.936237"><time>2026-06-13T07:03:03.002Z</time><ele>24.38</ele></trkpt><trkpt lat="36.980568" lon="126.936323"><time>2026-06-13T07:03:04.002Z</time><ele>23.97</ele></trkpt><trkpt lat="36.980742" lon="126.936395"><time>2026-06-13T07:03:05.002Z</time><ele>23.98</ele></trkpt><trkpt lat="36.980919" lon="126.936468"><time>2026-06-13T07:03:06.002Z</time><ele>23.61</ele></trkpt><trkpt lat="36.981095" lon="126.936545"><time>2026-06-13T07:03:07.002Z</time><ele>23.86</ele></trkpt><trkpt lat="36.981265" lon="126.936621"><time>2026-06-13T07:03:08.002Z</time><ele>23.71</ele></trkpt><trkpt lat="36.98144" lon="126.936696"><time>2026-06-13T07:03:09.002Z</time><ele>22.97</ele></trkpt><trkpt lat="36.981612" lon="126.936777"><time>2026-06-13T07:03:10.002Z</time><ele>22.95</ele></trkpt><trkpt lat="36.981786" lon="126.936858"><time>2026-06-13T07:03:11.002Z</time><ele>23.07</ele></trkpt><trkpt lat="36.981957" lon="126.936935"><time>2026-06-13T07:03:12.002Z</time><ele>23.28</ele></trkpt><trkpt lat="36.982125" lon="126.937008"><time>2026-06-13T07:03:13.002Z</time><ele>22.93</ele></trkpt><trkpt lat="36.982288" lon="126.937072"><time>2026-06-13T07:03:14.002Z</time><ele>22.37</ele></trkpt><trkpt lat="36.98245" lon="126.937138"><time>2026-06-13T07:03:15.002Z</time><ele>22.26</ele></trkpt><trkpt lat="36.982613" lon="126.937204"><time>2026-06-13T07:03:16.002Z</time><ele>22.15</ele></trkpt><trkpt lat="36.98277" lon="126.937267"><time>2026-06-13T07:03:17.002Z</time><ele>21.85</ele></trkpt><trkpt lat="36.982926" lon="126.937333"><time>2026-06-13T07:03:18.002Z</time><ele>22.11</ele></trkpt><trkpt lat="36.983087" lon="126.937397"><time>2026-06-13T07:03:19.002Z</time><ele>21.86</ele></trkpt><trkpt lat="36.983251" lon="126.937462"><time>2026-06-13T07:03:20.002Z</time><ele>21.94</ele></trkpt><trkpt lat="36.983416" lon="126.93753"><time>2026-06-13T07:03:21.002Z</time><ele>22.45</ele></trkpt><trkpt lat="36.983586" lon="126.937599"><time>2026-06-13T07:03:22.002Z</time><ele>22.23</ele></trkpt><trkpt lat="36.983758" lon="126.937664"><time>2026-06-13T07:03:23.002Z</time><ele>22.5</ele></trkpt><trkpt lat="36.983932" lon="126.937727"><time>2026-06-13T07:03:24.002Z</time><ele>22.36</ele></trkpt><trkpt lat="36.984109" lon="126.937785"><time>2026-06-13T07:03:25.002Z</time><ele>21.95</ele></trkpt><trkpt lat="36.984292" lon="126.937839"><time>2026-06-13T07:03:26.002Z</time><ele>20.95</ele></trkpt><trkpt lat="36.984477" lon="126.937891"><time>2026-06-13T07:03:27.002Z</time><ele>20.47</ele></trkpt><trkpt lat="36.984664" lon="126.93794"><time>2026-06-13T07:03:28.002Z</time><ele>19.99</ele></trkpt><trkpt lat="36.984853" lon="126.93799"><time>2026-06-13T07:03:29.002Z</time><ele>20.13</ele></trkpt><trkpt lat="36.985043" lon="126.938037"><time>2026-06-13T07:03:30.002Z</time><ele>19.98</ele></trkpt><trkpt lat="36.985234" lon="126.938078"><time>2026-06-13T07:03:31.002Z</time><ele>19.87</ele></trkpt><trkpt lat="36.985427" lon="126.938117"><time>2026-06-13T07:03:32.002Z</time><ele>19.54</ele></trkpt><trkpt lat="36.985622" lon="126.938158"><time>2026-06-13T07:03:33.002Z</time><ele>19.45</ele></trkpt><trkpt lat="36.985812" lon="126.938193"><time>2026-06-13T07:03:34.002Z</time><ele>19.76</ele></trkpt><trkpt lat="36.985987" lon="126.93822"><time>2026-06-13T07:03:35.002Z</time><ele>19.45</ele></trkpt><trkpt lat="36.986162" lon="126.938247"><time>2026-06-13T07:03:36.002Z</time><ele>19.11</ele></trkpt><trkpt lat="36.986332" lon="126.938269"><time>2026-06-13T07:03:37.002Z</time><ele>19.32</ele></trkpt><trkpt lat="36.9865" lon="126.938289"><time>2026-06-13T07:03:38.003Z</time><ele>19.2</ele></trkpt><trkpt lat="36.986663" lon="126.938312"><time>2026-06-13T07:03:39.003Z</time><ele>19.39</ele></trkpt><trkpt lat="36.986829" lon="126.938334"><time>2026-06-13T07:03:40.003Z</time><ele>19.86</ele></trkpt><trkpt lat="36.986991" lon="126.938353"><time>2026-06-13T07:03:41.003Z</time><ele>19.98</ele></trkpt><trkpt lat="36.987155" lon="126.938365"><time>2026-06-13T07:03:42.003Z</time><ele>20.57</ele></trkpt><trkpt lat="36.98732" lon="126.938376"><time>2026-06-13T07:03:43.003Z</time><ele>21.14</ele></trkpt><trkpt lat="36.987484" lon="126.938388"><time>2026-06-13T07:03:44.003Z</time><ele>21.86</ele></trkpt><trkpt lat="36.987653" lon="126.938395"><time>2026-06-13T07:03:45.003Z</time><ele>22.42</ele></trkpt><trkpt lat="36.987827" lon="126.938401"><time>2026-06-13T07:03:46.003Z</time><ele>23.01</ele></trkpt><trkpt lat="36.988006" lon="126.938404"><time>2026-06-13T07:03:47.003Z</time><ele>22.92</ele></trkpt><trkpt lat="36.988188" lon="126.938405"><time>2026-06-13T07:03:48.003Z</time><ele>23.5</ele></trkpt><trkpt lat="36.988371" lon="126.938406"><time>2026-06-13T07:03:49.003Z</time><ele>24.68</ele></trkpt><trkpt lat="36.988559" lon="126.938412"><time>2026-06-13T07:03:50.003Z</time><ele>25.26</ele></trkpt><trkpt lat="36.98875" lon="126.938417"><time>2026-06-13T07:03:51.003Z</time><ele>26.22</ele></trkpt><trkpt lat="36.988946" lon="126.938442"><time>2026-06-13T07:03:52.000Z</time><ele>27.51</ele></trkpt><trkpt lat="36.989155" lon="126.938454"><time>2026-06-13T07:03:53.000Z</time><ele>28.71</ele></trkpt><trkpt lat="36.989371" lon="126.938433"><time>2026-06-13T07:03:54.000Z</time><ele>29.53</ele></trkpt><trkpt lat="36.989581" lon="126.938436"><time>2026-06-13T07:03:55.000Z</time><ele>30.32</ele></trkpt><trkpt lat="36.989791" lon="126.938438"><time>2026-06-13T07:03:56.000Z</time><ele>31.02</ele></trkpt><trkpt lat="36.989994" lon="126.938438"><time>2026-06-13T07:03:57.000Z</time><ele>31.82</ele></trkpt><trkpt lat="36.990194" lon="126.938438"><time>2026-06-13T07:03:58.000Z</time><ele>32.47</ele></trkpt><trkpt lat="36.990398" lon="126.938442"><time>2026-06-13T07:03:59.000Z</time><ele>32.88</ele></trkpt><trkpt lat="36.990613" lon="126.93844"><time>2026-06-13T07:04:00.000Z</time><ele>32.83</ele></trkpt><trkpt lat="36.990827" lon="126.938443"><time>2026-06-13T07:04:01.000Z</time><ele>32.87</ele></trkpt><trkpt lat="36.991044" lon="126.938442"><time>2026-06-13T07:04:02.000Z</time><ele>32.19</ele></trkpt><trkpt lat="36.991265" lon="126.938442"><time>2026-06-13T07:04:03.000Z</time><ele>31.31</ele></trkpt><trkpt lat="36.991487" lon="126.938444"><time>2026-06-13T07:04:04.000Z</time><ele>30.48</ele></trkpt><trkpt lat="36.991714" lon="126.938441"><time>2026-06-13T07:04:05.000Z</time><ele>28.74</ele></trkpt><trkpt lat="36.991945" lon="126.938442"><time>2026-06-13T07:04:06.000Z</time><ele>28.39</ele></trkpt><trkpt lat="36.992184" lon="126.938443"><time>2026-06-13T07:04:07.000Z</time><ele>27.97</ele></trkpt><trkpt lat="36.992431" lon="126.938446"><time>2026-06-13T07:04:08.000Z</time><ele>28.04</ele></trkpt><trkpt lat="36.992683" lon="126.938449"><time>2026-06-13T07:04:09.000Z</time><ele>28.86</ele></trkpt><trkpt lat="36.992941" lon="126.938452"><time>2026-06-13T07:04:10.000Z</time><ele>29.53</ele></trkpt><trkpt lat="36.993201" lon="126.938452"><time>2026-06-13T07:04:11.000Z</time><ele>30.52</ele></trkpt><trkpt lat="36.993464" lon="126.938452"><time>2026-06-13T07:04:12.000Z</time><ele>31.97</ele></trkpt><trkpt lat="36.993732" lon="126.938436"><time>2026-06-13T07:04:13.000Z</time><ele>33.32</ele></trkpt><trkpt lat="36.994008" lon="126.938415"><time>2026-06-13T07:04:14.000Z</time><ele>34.32</ele></trkpt><trkpt lat="36.994294" lon="126.938421"><time>2026-06-13T07:04:15.000Z</time><ele>35.82</ele></trkpt><trkpt lat="36.994583" lon="126.938418"><time>2026-06-13T07:04:16.000Z</time><ele>37.03</ele></trkpt><trkpt lat="36.994856" lon="126.938422"><time>2026-06-13T07:04:17.000Z</time><ele>38.7</ele></trkpt><trkpt lat="36.995121" lon="126.938425"><time>2026-06-13T07:04:18.000Z</time><ele>39.88</ele></trkpt><trkpt lat="36.995365" lon="126.938426"><time>2026-06-13T07:04:19.000Z</time><ele>41.21</ele></trkpt><trkpt lat="36.995591" lon="126.938424"><time>2026-06-13T07:04:20.000Z</time><ele>42.11</ele></trkpt><trkpt lat="36.995798" lon="126.938427"><time>2026-06-13T07:04:21.000Z</time><ele>42.94</ele></trkpt><trkpt lat="36.995995" lon="126.938436"><time>2026-06-13T07:04:22.000Z</time><ele>43.52</ele></trkpt><trkpt lat="36.996183" lon="126.938467"><time>2026-06-13T07:04:23.000Z</time><ele>43.36</ele></trkpt><trkpt lat="36.99636" lon="126.938528"><time>2026-06-13T07:04:24.000Z</time><ele>43.64</ele></trkpt><trkpt lat="36.996522" lon="126.938624"><time>2026-06-13T07:04:25.000Z</time><ele>43.74</ele></trkpt><trkpt lat="36.996681" lon="126.938748"><time>2026-06-13T07:04:26.000Z</time><ele>44.45</ele></trkpt><trkpt lat="36.996827" lon="126.938897"><time>2026-06-13T07:04:27.000Z</time><ele>44.6</ele></trkpt><trkpt lat="36.996951" lon="126.93907"><time>2026-06-13T07:04:28.000Z</time><ele>44.12</ele></trkpt><trkpt lat="36.997069" lon="126.939267"><time>2026-06-13T07:04:29.000Z</time><ele>43.91</ele></trkpt><trkpt lat="36.997175" lon="126.939487"><time>2026-06-13T07:04:30.000Z</time><ele>43.62</ele></trkpt><trkpt lat="36.997282" lon="126.939715"><time>2026-06-13T07:04:31.001Z</time><ele>43.1</ele></trkpt><trkpt lat="36.997397" lon="126.939929"><time>2026-06-13T07:04:32.001Z</time><ele>41.94</ele></trkpt><trkpt lat="36.997513" lon="126.940137"><time>2026-06-13T07:04:33.001Z</time><ele>40.82</ele></trkpt><trkpt lat="36.997636" lon="126.940337"><time>2026-06-13T07:04:34.001Z</time><ele>39.94</ele></trkpt><trkpt lat="36.997763" lon="126.940541"><time>2026-06-13T07:04:35.001Z</time><ele>39.29</ele></trkpt><trkpt lat="36.9979" lon="126.940743"><time>2026-06-13T07:04:36.001Z</time><ele>38.9</ele></trkpt><trkpt lat="36.998051" lon="126.94094"><time>2026-06-13T07:04:37.001Z</time><ele>37.83</ele></trkpt><trkpt lat="36.998205" lon="126.941135"><time>2026-06-13T07:04:38.001Z</time><ele>37.03</ele></trkpt><trkpt lat="36.998359" lon="126.941323"><time>2026-06-13T07:04:39.001Z</time><ele>36.68</ele></trkpt><trkpt lat="36.998512" lon="126.941507"><time>2026-06-13T07:04:40.001Z</time><ele>36.4</ele></trkpt><trkpt lat="36.998666" lon="126.94169"><time>2026-06-13T07:04:41.001Z</time><ele>36.46</ele></trkpt><trkpt lat="36.998816" lon="126.941872"><time>2026-06-13T07:04:42.001Z</time><ele>35.91</ele></trkpt><trkpt lat="36.998958" lon="126.942048"><time>2026-06-13T07:04:43.001Z</time><ele>36.71</ele></trkpt><trkpt lat="36.999094" lon="126.942213"><time>2026-06-13T07:04:44.001Z</time><ele>37.02</ele></trkpt><trkpt lat="36.999226" lon="126.942369"><time>2026-06-13T07:04:45.001Z</time><ele>37.05</ele></trkpt><trkpt lat="36.99936" lon="126.94253"><time>2026-06-13T07:04:46.001Z</time><ele>37.3</ele></trkpt><trkpt lat="36.999502" lon="126.942699"><time>2026-06-13T07:04:47.001Z</time><ele>38.26</ele></trkpt><trkpt lat="36.999645" lon="126.942851"><time>2026-06-13T07:04:48.001Z</time><ele>38.36</ele></trkpt><trkpt lat="36.999787" lon="126.942987"><time>2026-06-13T07:04:49.001Z</time><ele>38.45</ele></trkpt><trkpt lat="36.999936" lon="126.943126"><time>2026-06-13T07:04:50.001Z</time><ele>38.47</ele></trkpt><trkpt lat="37.000083" lon="126.943246"><time>2026-06-13T07:04:51.001Z</time><ele>38.38</ele></trkpt><trkpt lat="37.000225" lon="126.943357"><time>2026-06-13T07:04:52.001Z</time><ele>38.69</ele></trkpt><trkpt lat="37.00036" lon="126.94346"><time>2026-06-13T07:04:53.001Z</time><ele>39.16</ele></trkpt><trkpt lat="37.000504" lon="126.943555"><time>2026-06-13T07:04:54.001Z</time><ele>38.93</ele></trkpt><trkpt lat="37.000643" lon="126.943636"><time>2026-06-13T07:04:55.001Z</time><ele>38.6</ele></trkpt><trkpt lat="37.000797" lon="126.943717"><time>2026-06-13T07:04:56.001Z</time><ele>38.4</ele></trkpt><trkpt lat="37.000955" lon="126.943802"><time>2026-06-13T07:04:57.001Z</time><ele>38.34</ele></trkpt><trkpt lat="37.001109" lon="126.943882"><time>2026-06-13T07:04:58.001Z</time><ele>37.77</ele></trkpt><trkpt lat="37.001261" lon="126.943964"><time>2026-06-13T07:04:59.001Z</time><ele>37.43</ele></trkpt><trkpt lat="37.001406" lon="126.944039"><time>2026-06-13T07:05:00.001Z</time><ele>36.88</ele></trkpt><trkpt lat="37.001558" lon="126.944113"><time>2026-06-13T07:05:01.001Z</time><ele>36.71</ele></trkpt><trkpt lat="37.001706" lon="126.944187"><time>2026-06-13T07:05:02.001Z</time><ele>36.26</ele></trkpt><trkpt lat="37.001852" lon="126.944261"><time>2026-06-13T07:05:03.001Z</time><ele>35.7</ele></trkpt><trkpt lat="37.002005" lon="126.944339"><time>2026-06-13T07:05:04.001Z</time><ele>35.42</ele></trkpt><trkpt lat="37.002164" lon="126.94442"><time>2026-06-13T07:05:05.001Z</time><ele>34.85</ele></trkpt><trkpt lat="37.002329" lon="126.944504"><time>2026-06-13T07:05:06.001Z</time><ele>34.61</ele></trkpt><trkpt lat="37.002504" lon="126.944585"><time>2026-06-13T07:05:07.002Z</time><ele>33.72</ele></trkpt><trkpt lat="37.002676" lon="126.944672"><time>2026-06-13T07:05:08.002Z</time><ele>32.97</ele></trkpt><trkpt lat="37.002847" lon="126.944763"><time>2026-06-13T07:05:09.002Z</time><ele>32.83</ele></trkpt><trkpt lat="37.003025" lon="126.944854"><time>2026-06-13T07:05:10.002Z</time><ele>31.49</ele></trkpt><trkpt lat="37.003205" lon="126.944944"><time>2026-06-13T07:05:11.002Z</time><ele>30.66</ele></trkpt><trkpt lat="37.003382" lon="126.945031"><time>2026-06-13T07:05:12.002Z</time><ele>29.75</ele></trkpt><trkpt lat="37.00356" lon="126.94512"><time>2026-06-13T07:05:13.002Z</time><ele>29.21</ele></trkpt><trkpt lat="37.003742" lon="126.945214"><time>2026-06-13T07:05:14.002Z</time><ele>28.62</ele></trkpt><trkpt lat="37.003933" lon="126.945311"><time>2026-06-13T07:05:15.002Z</time><ele>28.42</ele></trkpt><trkpt lat="37.004127" lon="126.945413"><time>2026-06-13T07:05:16.002Z</time><ele>28.29</ele></trkpt><trkpt lat="37.004322" lon="126.945513"><time>2026-06-13T07:05:17.002Z</time><ele>27.99</ele></trkpt><trkpt lat="37.004513" lon="126.945607"><time>2026-06-13T07:05:18.002Z</time><ele>27.89</ele></trkpt><trkpt lat="37.004703" lon="126.945699"><time>2026-06-13T07:05:19.002Z</time><ele>27.39</ele></trkpt><trkpt lat="37.004894" lon="126.945792"><time>2026-06-13T07:05:20.002Z</time><ele>27.06</ele></trkpt><trkpt lat="37.005085" lon="126.945889"><time>2026-06-13T07:05:21.002Z</time><ele>26.85</ele></trkpt><trkpt lat="37.005277" lon="126.94599"><time>2026-06-13T07:05:22.002Z</time><ele>26.63</ele></trkpt><trkpt lat="37.005464" lon="126.946088"><time>2026-06-13T07:05:23.002Z</time><ele>26.68</ele></trkpt><trkpt lat="37.005656" lon="126.946187"><time>2026-06-13T07:05:24.002Z</time><ele>26.64</ele></trkpt><trkpt lat="37.005855" lon="126.946287"><time>2026-06-13T07:05:25.002Z</time><ele>26.52</ele></trkpt><trkpt lat="37.006051" lon="126.946384"><time>2026-06-13T07:05:26.002Z</time><ele>26.49</ele></trkpt><trkpt lat="37.006247" lon="126.946482"><time>2026-06-13T07:05:27.002Z</time><ele>26.64</ele></trkpt><trkpt lat="37.006445" lon="126.946582"><time>2026-06-13T07:05:28.002Z</time><ele>26.68</ele></trkpt><trkpt lat="37.006641" lon="126.946686"><time>2026-06-13T07:05:29.002Z</time><ele>26.71</ele></trkpt><trkpt lat="37.006845" lon="126.946792"><time>2026-06-13T07:05:30.002Z</time><ele>26.75</ele></trkpt><trkpt lat="37.007041" lon="126.946889"><time>2026-06-13T07:05:31.002Z</time><ele>26.75</ele></trkpt><trkpt lat="37.007228" lon="126.946973"><time>2026-06-13T07:05:32.002Z</time><ele>26.68</ele></trkpt><trkpt lat="37.007406" lon="126.947052"><time>2026-06-13T07:05:33.002Z</time><ele>26.74</ele></trkpt><trkpt lat="37.007585" lon="126.947129"><time>2026-06-13T07:05:34.002Z</time><ele>27.11</ele></trkpt><trkpt lat="37.007768" lon="126.9472"><time>2026-06-13T07:05:35.002Z</time><ele>27.25</ele></trkpt><trkpt lat="37.007947" lon="126.947267"><time>2026-06-13T07:05:36.002Z</time><ele>27.12</ele></trkpt><trkpt lat="37.008119" lon="126.947322"><time>2026-06-13T07:05:37.002Z</time><ele>27.03</ele></trkpt><trkpt lat="37.008294" lon="126.94737"><time>2026-06-13T07:05:38.002Z</time><ele>27.38</ele></trkpt><trkpt lat="37.008471" lon="126.947407"><time>2026-06-13T07:05:39.002Z</time><ele>27.75</ele></trkpt><trkpt lat="37.008649" lon="126.947439"><time>2026-06-13T07:05:40.002Z</time><ele>27.88</ele></trkpt><trkpt lat="37.008825" lon="126.947465"><time>2026-06-13T07:05:41.002Z</time><ele>27.94</ele></trkpt><trkpt lat="37.009008" lon="126.947484"><time>2026-06-13T07:05:42.002Z</time><ele>27.79</ele></trkpt><trkpt lat="37.009189" lon="126.947497"><time>2026-06-13T07:05:43.002Z</time><ele>28.7</ele></trkpt><trkpt lat="37.009374" lon="126.947502"><time>2026-06-13T07:05:44.003Z</time><ele>28.93</ele></trkpt><trkpt lat="37.009565" lon="126.947492"><time>2026-06-13T07:05:45.003Z</time><ele>28.93</ele></trkpt><trkpt lat="37.009754" lon="126.947477"><time>2026-06-13T07:05:46.003Z</time><ele>28.96</ele></trkpt><trkpt lat="37.009939" lon="126.947458"><time>2026-06-13T07:05:47.003Z</time><ele>28.93</ele></trkpt><trkpt lat="37.010124" lon="126.947427"><time>2026-06-13T07:05:48.003Z</time><ele>28.97</ele></trkpt><trkpt lat="37.010302" lon="126.947398"><time>2026-06-13T07:05:49.003Z</time><ele>29.09</ele></trkpt><trkpt lat="37.010472" lon="126.94736"><time>2026-06-13T07:05:50.003Z</time><ele>29.35</ele></trkpt><trkpt lat="37.010643" lon="126.947315"><time>2026-06-13T07:05:51.003Z</time><ele>29.18</ele></trkpt><trkpt lat="37.010814" lon="126.947266"><time>2026-06-13T07:05:52.003Z</time><ele>29.11</ele></trkpt><trkpt lat="37.010982" lon="126.947216"><time>2026-06-13T07:05:53.003Z</time><ele>29.09</ele></trkpt><trkpt lat="37.011152" lon="126.947168"><time>2026-06-13T07:05:54.003Z</time><ele>28.98</ele></trkpt><trkpt lat="37.011328" lon="126.947112"><time>2026-06-13T07:05:55.003Z</time><ele>29.27</ele></trkpt><trkpt lat="37.01151" lon="126.947065"><time>2026-06-13T07:05:56.003Z</time><ele>29.44</ele></trkpt><trkpt lat="37.011708" lon="126.947029"><time>2026-06-13T07:05:57.003Z</time><ele>29.76</ele></trkpt><trkpt lat="37.011923" lon="126.946981"><time>2026-06-13T07:05:58.000Z</time><ele>29.92</ele></trkpt><trkpt lat="37.012149" lon="126.9469"><time>2026-06-13T07:05:59.000Z</time><ele>30.43</ele></trkpt><trkpt lat="37.01238" lon="126.946825"><time>2026-06-13T07:06:00.000Z</time><ele>30.97</ele></trkpt><trkpt lat="37.012603" lon="126.946759"><time>2026-06-13T07:06:01.000Z</time><ele>31.71</ele></trkpt><trkpt lat="37.012807" lon="126.946701"><time>2026-06-13T07:06:02.000Z</time><ele>31.75</ele></trkpt><trkpt lat="37.013006" lon="126.946636"><time>2026-06-13T07:06:03.000Z</time><ele>31.57</ele></trkpt><trkpt lat="37.013207" lon="126.946575"><time>2026-06-13T07:06:04.000Z</time><ele>32.07</ele></trkpt><trkpt lat="37.013397" lon="126.946511"><time>2026-06-13T07:06:05.000Z</time><ele>32.29</ele></trkpt><trkpt lat="37.013574" lon="126.946456"><time>2026-06-13T07:06:06.000Z</time><ele>32.69</ele></trkpt><trkpt lat="37.013748" lon="126.946397"><time>2026-06-13T07:06:07.000Z</time><ele>32.82</ele></trkpt><trkpt lat="37.013924" lon="126.94634"><time>2026-06-13T07:06:08.000Z</time><ele>32.86</ele></trkpt><trkpt lat="37.014094" lon="126.94629"><time>2026-06-13T07:06:09.000Z</time><ele>32.67</ele></trkpt><trkpt lat="37.014257" lon="126.946239"><time>2026-06-13T07:06:10.000Z</time><ele>33.22</ele></trkpt><trkpt lat="37.014408" lon="126.946193"><time>2026-06-13T07:06:11.000Z</time><ele>33.12</ele></trkpt><trkpt lat="37.014554" lon="126.946152"><time>2026-06-13T07:06:12.000Z</time><ele>33.81</ele></trkpt><trkpt lat="37.014702" lon="126.946104"><time>2026-06-13T07:06:13.000Z</time><ele>34.16</ele></trkpt><trkpt lat="37.014854" lon="126.946054"><time>2026-06-13T07:06:14.000Z</time><ele>34.07</ele></trkpt><trkpt lat="37.015002" lon="126.946007"><time>2026-06-13T07:06:15.000Z</time><ele>34.84</ele></trkpt><trkpt lat="37.015152" lon="126.945958"><time>2026-06-13T07:06:16.000Z</time><ele>34.71</ele></trkpt><trkpt lat="37.015302" lon="126.945914"><time>2026-06-13T07:06:17.000Z</time><ele>34.71</ele></trkpt><trkpt lat="37.015453" lon="126.945869"><time>2026-06-13T07:06:18.000Z</time><ele>34.9</ele></trkpt><trkpt lat="37.015596" lon="126.945827"><time>2026-06-13T07:06:19.000Z</time><ele>34.85</ele></trkpt><trkpt lat="37.015731" lon="126.945784"><time>2026-06-13T07:06:20.000Z</time><ele>34.4</ele></trkpt><trkpt lat="37.015864" lon="126.945743"><time>2026-06-13T07:06:21.000Z</time><ele>34.63</ele></trkpt><trkpt lat="37.016006" lon="126.9457"><time>2026-06-13T07:06:22.000Z</time><ele>34.82</ele></trkpt><trkpt lat="37.016155" lon="126.945655"><time>2026-06-13T07:06:23.000Z</time><ele>34.84</ele></trkpt><trkpt lat="37.016312" lon="126.94561"><time>2026-06-13T07:06:24.000Z</time><ele>34.87</ele></trkpt><trkpt lat="37.016474" lon="126.945554"><time>2026-06-13T07:06:25.000Z</time><ele>35.14</ele></trkpt><trkpt lat="37.016639" lon="126.945504"><time>2026-06-13T07:06:26.000Z</time><ele>35.7</ele></trkpt><trkpt lat="37.016809" lon="126.945454"><time>2026-06-13T07:06:27.000Z</time><ele>35.78</ele></trkpt><trkpt lat="37.016981" lon="126.945397"><time>2026-06-13T07:06:28.000Z</time><ele>36.44</ele></trkpt><trkpt lat="37.017152" lon="126.945341"><time>2026-06-13T07:06:29.000Z</time><ele>37.04</ele></trkpt><trkpt lat="37.017326" lon="126.94529"><time>2026-06-13T07:06:30.000Z</time><ele>37.46</ele></trkpt><trkpt lat="37.017498" lon="126.945238"><time>2026-06-13T07:06:31.000Z</time><ele>38.09</ele></trkpt><trkpt lat="37.017658" lon="126.945182"><time>2026-06-13T07:06:32.000Z</time><ele>38.12</ele></trkpt><trkpt lat="37.017807" lon="126.945127"><time>2026-06-13T07:06:33.000Z</time><ele>38.61</ele></trkpt><trkpt lat="37.017956" lon="126.945068"><time>2026-06-13T07:06:34.000Z</time><ele>38.57</ele></trkpt><trkpt lat="37.018101" lon="126.945008"><time>2026-06-13T07:06:35.000Z</time><ele>38.79</ele></trkpt><trkpt lat="37.018251" lon="126.944945"><time>2026-06-13T07:06:36.001Z</time><ele>39.23</ele></trkpt><trkpt lat="37.018403" lon="126.944874"><time>2026-06-13T07:06:37.001Z</time><ele>39.96</ele></trkpt><trkpt lat="37.018558" lon="126.944802"><time>2026-06-13T07:06:38.001Z</time><ele>40.44</ele></trkpt><trkpt lat="37.018716" lon="126.944731"><time>2026-06-13T07:06:39.001Z</time><ele>41.01</ele></trkpt><trkpt lat="37.018868" lon="126.944654"><time>2026-06-13T07:06:40.001Z</time><ele>41.36</ele></trkpt><trkpt lat="37.01902" lon="126.944578"><time>2026-06-13T07:06:41.001Z</time><ele>41.98</ele></trkpt><trkpt lat="37.019173" lon="126.944509"><time>2026-06-13T07:06:42.001Z</time><ele>42.6</ele></trkpt><trkpt lat="37.019321" lon="126.944434"><time>2026-06-13T07:06:43.001Z</time><ele>43.64</ele></trkpt><trkpt lat="37.019466" lon="126.944361"><time>2026-06-13T07:06:44.001Z</time><ele>43.77</ele></trkpt><trkpt lat="37.019612" lon="126.944277"><time>2026-06-13T07:06:45.001Z</time><ele>44.27</ele></trkpt><trkpt lat="37.019758" lon="126.944193"><time>2026-06-13T07:06:46.001Z</time><ele>44.17</ele></trkpt><trkpt lat="37.019901" lon="126.944108"><time>2026-06-13T07:06:47.001Z</time><ele>44.1</ele></trkpt><trkpt lat="37.020049" lon="126.944027"><time>2026-06-13T07:06:48.001Z</time><ele>44.36</ele></trkpt><trkpt lat="37.020197" lon="126.943946"><time>2026-06-13T07:06:49.001Z</time><ele>44.04</ele></trkpt><trkpt lat="37.020344" lon="126.943871"><time>2026-06-13T07:06:50.001Z</time><ele>43.57</ele></trkpt><trkpt lat="37.020493" lon="126.943798"><time>2026-06-13T07:06:51.001Z</time><ele>43.63</ele></trkpt><trkpt lat="37.02064" lon="126.94373"><time>2026-06-13T07:06:52.001Z</time><ele>43.21</ele></trkpt><trkpt lat="37.020781" lon="126.943673"><time>2026-06-13T07:06:53.001Z</time><ele>42.44</ele></trkpt><trkpt lat="37.020924" lon="126.943616"><time>2026-06-13T07:06:54.001Z</time><ele>42.2</ele></trkpt><trkpt lat="37.021069" lon="126.94356"><time>2026-06-13T07:06:55.001Z</time><ele>42.09</ele></trkpt><trkpt lat="37.021214" lon="126.943508"><time>2026-06-13T07:06:56.001Z</time><ele>41.98</ele></trkpt><trkpt lat="37.021352" lon="126.943464"><time>2026-06-13T07:06:57.001Z</time><ele>41.61</ele></trkpt><trkpt lat="37.021481" lon="126.943425"><time>2026-06-13T07:06:58.001Z</time><ele>40.85</ele></trkpt><trkpt lat="37.021601" lon="126.943394"><time>2026-06-13T07:06:59.001Z</time><ele>40.35</ele></trkpt><trkpt lat="37.021718" lon="126.943365"><time>2026-06-13T07:07:00.001Z</time><ele>39.64</ele></trkpt><trkpt lat="37.021823" lon="126.943338"><time>2026-06-13T07:07:01.001Z</time><ele>39.29</ele></trkpt><trkpt lat="37.021913" lon="126.943312"><time>2026-06-13T07:07:02.001Z</time><ele>38.33</ele></trkpt><trkpt lat="37.021988" lon="126.943298"><time>2026-06-13T07:07:03.001Z</time><ele>37.43</ele></trkpt><trkpt lat="37.022056" lon="126.943283"><time>2026-06-13T07:07:04.001Z</time><ele>36.83</ele></trkpt><trkpt lat="37.022114" lon="126.943277"><time>2026-06-13T07:07:05.001Z</time><ele>36.45</ele></trkpt><trkpt lat="37.022171" lon="126.943268"><time>2026-06-13T07:07:06.001Z</time><ele>36.28</ele></trkpt><trkpt lat="37.022224" lon="126.943261"><time>2026-06-13T07:07:07.001Z</time><ele>35.7</ele></trkpt><trkpt lat="37.022273" lon="126.943255"><time>2026-06-13T07:07:08.001Z</time><ele>35.9</ele></trkpt><trkpt lat="37.02234" lon="126.943249"><time>2026-06-13T07:07:10.001Z</time><ele>35.78</ele></trkpt><trkpt lat="37.022414" lon="126.943247"><time>2026-06-13T07:07:12.002Z</time><ele>35.36</ele></trkpt><trkpt lat="37.022462" lon="126.943243"><time>2026-06-13T07:07:13.002Z</time><ele>35.08</ele></trkpt><trkpt lat="37.022523" lon="126.943235"><time>2026-06-13T07:07:15.002Z</time><ele>34.52</ele></trkpt><trkpt lat="37.022587" lon="126.943237"><time>2026-06-13T07:08:07.000Z</time><ele>31.47</ele></trkpt><trkpt lat="37.022636" lon="126.943236"><time>2026-06-13T07:08:08.000Z</time><ele>31.51</ele></trkpt><trkpt lat="37.022696" lon="126.94323"><time>2026-06-13T07:08:09.000Z</time><ele>31.36</ele></trkpt><trkpt lat="37.022776" lon="126.943225"><time>2026-06-13T07:08:10.000Z</time><ele>31.13</ele></trkpt><trkpt lat="37.022872" lon="126.943223"><time>2026-06-13T07:08:11.000Z</time><ele>30.9</ele></trkpt><trkpt lat="37.022977" lon="126.943223"><time>2026-06-13T07:08:12.000Z</time><ele>30.6</ele></trkpt><trkpt lat="37.023084" lon="126.94323"><time>2026-06-13T07:08:13.000Z</time><ele>30.91</ele></trkpt><trkpt lat="37.023196" lon="126.943234"><time>2026-06-13T07:08:14.000Z</time><ele>30.61</ele></trkpt><trkpt lat="37.023308" lon="126.943238"><time>2026-06-13T07:08:15.000Z</time><ele>30.35</ele></trkpt><trkpt lat="37.02341" lon="126.943242"><time>2026-06-13T07:08:16.000Z</time><ele>29.86</ele></trkpt><trkpt lat="37.023525" lon="126.943246"><time>2026-06-13T07:08:17.000Z</time><ele>29.77</ele></trkpt><trkpt lat="37.023651" lon="126.943258"><time>2026-06-13T07:08:18.000Z</time><ele>29.95</ele></trkpt><trkpt lat="37.023783" lon="126.943272"><time>2026-06-13T07:08:19.000Z</time><ele>30.35</ele></trkpt><trkpt lat="37.023925" lon="126.943285"><time>2026-06-13T07:08:20.000Z</time><ele>30.05</ele></trkpt><trkpt lat="37.024076" lon="126.943294"><time>2026-06-13T07:08:21.000Z</time><ele>29.81</ele></trkpt><trkpt lat="37.024233" lon="126.943312"><time>2026-06-13T07:08:22.000Z</time><ele>29.38</ele></trkpt><trkpt lat="37.024386" lon="126.943332"><time>2026-06-13T07:08:23.000Z</time><ele>29.44</ele></trkpt><trkpt lat="37.024544" lon="126.94335"><time>2026-06-13T07:08:24.000Z</time><ele>29.66</ele></trkpt><trkpt lat="37.024707" lon="126.943364"><time>2026-06-13T07:08:25.000Z</time><ele>28.81</ele></trkpt><trkpt lat="37.024862" lon="126.943355"><time>2026-06-13T07:08:26.000Z</time><ele>28.59</ele></trkpt><trkpt lat="37.025008" lon="126.943364"><time>2026-06-13T07:08:27.000Z</time><ele>28.88</ele></trkpt><trkpt lat="37.02516" lon="126.943373"><time>2026-06-13T07:08:28.000Z</time><ele>28.96</ele></trkpt><trkpt lat="37.025316" lon="126.943382"><time>2026-06-13T07:08:29.000Z</time><ele>28.46</ele></trkpt><trkpt lat="37.025463" lon="126.94339"><time>2026-06-13T07:08:30.000Z</time><ele>28.88</ele></trkpt><trkpt lat="37.025613" lon="126.943405"><time>2026-06-13T07:08:31.000Z</time><ele>28.66</ele></trkpt><trkpt lat="37.025765" lon="126.943386"><time>2026-06-13T07:08:32.000Z</time><ele>28.64</ele></trkpt><trkpt lat="37.025919" lon="126.943371"><time>2026-06-13T07:08:33.000Z</time><ele>28.67</ele></trkpt><trkpt lat="37.026071" lon="126.943346"><time>2026-06-13T07:08:34.000Z</time><ele>28.37</ele></trkpt><trkpt lat="37.02622" lon="126.943319"><time>2026-06-13T07:08:35.000Z</time><ele>28.86</ele></trkpt><trkpt lat="37.026372" lon="126.943286"><time>2026-06-13T07:08:36.001Z</time><ele>28.76</ele></trkpt><trkpt lat="37.026524" lon="126.943242"><time>2026-06-13T07:08:37.001Z</time><ele>28.79</ele></trkpt><trkpt lat="37.026671" lon="126.943197"><time>2026-06-13T07:08:38.001Z</time><ele>28.85</ele></trkpt><trkpt lat="37.026819" lon="126.943145"><time>2026-06-13T07:08:39.001Z</time><ele>28.83</ele></trkpt><trkpt lat="37.026965" lon="126.943084"><time>2026-06-13T07:08:40.001Z</time><ele>28.59</ele></trkpt><trkpt lat="37.027111" lon="126.943015"><time>2026-06-13T07:08:41.001Z</time><ele>28.33</ele></trkpt><trkpt lat="37.02725" lon="126.942938"><time>2026-06-13T07:08:42.001Z</time><ele>27.96</ele></trkpt><trkpt lat="37.027388" lon="126.942857"><time>2026-06-13T07:08:43.001Z</time><ele>28.1</ele></trkpt><trkpt lat="37.02753" lon="126.942767"><time>2026-06-13T07:08:44.001Z</time><ele>27.87</ele></trkpt><trkpt lat="37.027672" lon="126.942672"><time>2026-06-13T07:08:45.001Z</time><ele>27.74</ele></trkpt><trkpt lat="37.027824" lon="126.942554"><time>2026-06-13T07:08:46.001Z</time><ele>27.51</ele></trkpt><trkpt lat="37.027985" lon="126.942426"><time>2026-06-13T07:08:47.001Z</time><ele>27.81</ele></trkpt><trkpt lat="37.028155" lon="126.942285"><time>2026-06-13T07:08:48.001Z</time><ele>27.84</ele></trkpt><trkpt lat="37.028318" lon="126.942141"><time>2026-06-13T07:08:49.001Z</time><ele>27.94</ele></trkpt><trkpt lat="37.028473" lon="126.941996"><time>2026-06-13T07:08:50.001Z</time><ele>28.02</ele></trkpt><trkpt lat="37.028615" lon="126.941835"><time>2026-06-13T07:08:51.001Z</time><ele>27.53</ele></trkpt><trkpt lat="37.028753" lon="126.941662"><time>2026-06-13T07:08:52.001Z</time><ele>28.01</ele></trkpt><trkpt lat="37.028886" lon="126.941485"><time>2026-06-13T07:08:53.001Z</time><ele>27.93</ele></trkpt><trkpt lat="37.029006" lon="126.941295"><time>2026-06-13T07:08:54.001Z</time><ele>27.61</ele></trkpt><trkpt lat="37.02913" lon="126.94111"><time>2026-06-13T07:08:55.001Z</time><ele>27.96</ele></trkpt><trkpt lat="37.029241" lon="126.940936"><time>2026-06-13T07:08:56.001Z</time><ele>27.61</ele></trkpt><trkpt lat="37.029347" lon="126.94077"><time>2026-06-13T07:08:57.001Z</time><ele>27.58</ele></trkpt><trkpt lat="37.029462" lon="126.940601"><time>2026-06-13T07:08:58.001Z</time><ele>27.77</ele></trkpt><trkpt lat="37.029579" lon="126.940426"><time>2026-06-13T07:08:59.001Z</time><ele>27.4</ele></trkpt><trkpt lat="37.029701" lon="126.940246"><time>2026-06-13T07:09:00.001Z</time><ele>27.28</ele></trkpt><trkpt lat="37.029823" lon="126.940062"><time>2026-06-13T07:09:01.001Z</time><ele>27.05</ele></trkpt><trkpt lat="37.029948" lon="126.939885"><time>2026-06-13T07:09:02.001Z</time><ele>26.97</ele></trkpt><trkpt lat="37.030072" lon="126.939717"><time>2026-06-13T07:09:03.001Z</time><ele>26.57</ele></trkpt><trkpt lat="37.0302" lon="126.939552"><time>2026-06-13T07:09:04.001Z</time><ele>26.31</ele></trkpt><trkpt lat="37.030333" lon="126.939392"><time>2026-06-13T07:09:05.001Z</time><ele>25.85</ele></trkpt><trkpt lat="37.030469" lon="126.939237"><time>2026-06-13T07:09:06.001Z</time><ele>26.11</ele></trkpt><trkpt lat="37.030608" lon="126.939088"><time>2026-06-13T07:09:07.001Z</time><ele>25.52</ele></trkpt><trkpt lat="37.030758" lon="126.938946"><time>2026-06-13T07:09:08.001Z</time><ele>25.25</ele></trkpt><trkpt lat="37.030905" lon="126.938812"><time>2026-06-13T07:09:09.001Z</time><ele>25.01</ele></trkpt><trkpt lat="37.031046" lon="126.93869"><time>2026-06-13T07:09:10.001Z</time><ele>24.59</ele></trkpt><trkpt lat="37.031192" lon="126.938573"><time>2026-06-13T07:09:11.002Z</time><ele>24.26</ele></trkpt><trkpt lat="37.031344" lon="126.938462"><time>2026-06-13T07:09:12.002Z</time><ele>23.85</ele></trkpt><trkpt lat="37.031496" lon="126.938357"><time>2026-06-13T07:09:13.002Z</time><ele>23.82</ele></trkpt><trkpt lat="37.03165" lon="126.938258"><time>2026-06-13T07:09:14.002Z</time><ele>23.67</ele></trkpt><trkpt lat="37.031808" lon="126.938168"><time>2026-06-13T07:09:15.002Z</time><ele>23.17</ele></trkpt><trkpt lat="37.031963" lon="126.938083"><time>2026-06-13T07:09:16.002Z</time><ele>23.03</ele></trkpt><trkpt lat="37.032123" lon="126.938005"><time>2026-06-13T07:09:17.002Z</time><ele>23.04</ele></trkpt><trkpt lat="37.032282" lon="126.937933"><time>2026-06-13T07:09:18.002Z</time><ele>22.72</ele></trkpt><trkpt lat="37.032441" lon="126.937872"><time>2026-06-13T07:09:19.002Z</time><ele>22.2</ele></trkpt><trkpt lat="37.032594" lon="126.937811"><time>2026-06-13T07:09:20.002Z</time><ele>22.68</ele></trkpt><trkpt lat="37.03289" lon="126.937706"><time>2026-06-13T07:09:22.002Z</time><ele>21.74</ele></trkpt><trkpt lat="37.033024" lon="126.937674"><time>2026-06-13T07:09:23.002Z</time><ele>21.55</ele></trkpt><trkpt lat="37.033151" lon="126.937641"><time>2026-06-13T07:09:24.002Z</time><ele>21.61</ele></trkpt><trkpt lat="37.03327" lon="126.937609"><time>2026-06-13T07:09:25.002Z</time><ele>21.57</ele></trkpt><trkpt lat="37.033382" lon="126.937582"><time>2026-06-13T07:09:26.002Z</time><ele>21.91</ele></trkpt><trkpt lat="37.033504" lon="126.937549"><time>2026-06-13T07:09:27.002Z</time><ele>22.01</ele></trkpt><trkpt lat="37.033624" lon="126.937523"><time>2026-06-13T07:09:28.002Z</time><ele>21.95</ele></trkpt><trkpt lat="37.033741" lon="126.937498"><time>2026-06-13T07:09:29.002Z</time><ele>22.76</ele></trkpt><trkpt lat="37.033863" lon="126.937465"><time>2026-06-13T07:09:30.002Z</time><ele>22.7</ele></trkpt><trkpt lat="37.033971" lon="126.937436"><time>2026-06-13T07:09:31.002Z</time><ele>22.71</ele></trkpt><trkpt lat="37.034064" lon="126.937407"><time>2026-06-13T07:09:32.002Z</time><ele>22.74</ele></trkpt><trkpt lat="37.034137" lon="126.937386"><time>2026-06-13T07:09:33.002Z</time><ele>22.76</ele></trkpt><trkpt lat="37.034202" lon="126.937369"><time>2026-06-13T07:09:34.002Z</time><ele>22.8</ele></trkpt><trkpt lat="37.034252" lon="126.937357"><time>2026-06-13T07:09:35.002Z</time><ele>22.49</ele></trkpt><trkpt lat="37.03431" lon="126.937344"><time>2026-06-13T07:09:37.002Z</time><ele>21.99</ele></trkpt><trkpt lat="37.03436" lon="126.937329"><time>2026-06-13T07:09:53.003Z</time><ele>21.93</ele></trkpt><trkpt lat="37.034413" lon="126.93732"><time>2026-06-13T07:09:54.003Z</time><ele>21.7</ele></trkpt><trkpt lat="37.034473" lon="126.937308"><time>2026-06-13T07:09:55.003Z</time><ele>21.49</ele></trkpt><trkpt lat="37.034536" lon="126.937292"><time>2026-06-13T07:09:56.003Z</time><ele>21.53</ele></trkpt><trkpt lat="37.034612" lon="126.937272"><time>2026-06-13T07:09:57.003Z</time><ele>21.33</ele></trkpt><trkpt lat="37.034708" lon="126.937248"><time>2026-06-13T07:09:58.003Z</time><ele>21.14</ele></trkpt><trkpt lat="37.034802" lon="126.937226"><time>2026-06-13T07:09:59.003Z</time><ele>20.82</ele></trkpt><trkpt lat="37.034899" lon="126.937203"><time>2026-06-13T07:10:00.003Z</time><ele>21.05</ele></trkpt><trkpt lat="37.035003" lon="126.937175"><time>2026-06-13T07:10:01.003Z</time><ele>20.85</ele></trkpt><trkpt lat="37.035109" lon="126.937148"><time>2026-06-13T07:10:02.003Z</time><ele>20.91</ele></trkpt><trkpt lat="37.03522" lon="126.937122"><time>2026-06-13T07:10:03.003Z</time><ele>20.93</ele></trkpt><trkpt lat="37.035341" lon="126.937087"><time>2026-06-13T07:10:04.003Z</time><ele>20.92</ele></trkpt><trkpt lat="37.035469" lon="126.937048"><time>2026-06-13T07:10:05.003Z</time><ele>20.91</ele></trkpt><trkpt lat="37.035596" lon="126.937002"><time>2026-06-13T07:10:06.003Z</time><ele>20.51</ele></trkpt><trkpt lat="37.035726" lon="126.936979"><time>2026-06-13T07:10:07.003Z</time><ele>20.14</ele></trkpt><trkpt lat="37.035864" lon="126.93693"><time>2026-06-13T07:10:08.003Z</time><ele>19.71</ele></trkpt><trkpt lat="37.036009" lon="126.93688"><time>2026-06-13T07:10:09.003Z</time><ele>19.14</ele></trkpt><trkpt lat="37.036157" lon="126.936829"><time>2026-06-13T07:10:10.000Z</time><ele>19.13</ele></trkpt><trkpt lat="37.036308" lon="126.936775"><time>2026-06-13T07:10:11.000Z</time><ele>19.58</ele></trkpt><trkpt lat="37.036455" lon="126.936719"><time>2026-06-13T07:10:12.000Z</time><ele>19.4</ele></trkpt><trkpt lat="37.036597" lon="126.936645"><time>2026-06-13T07:10:13.000Z</time><ele>19.05</ele></trkpt><trkpt lat="37.036739" lon="126.936591"><time>2026-06-13T07:10:14.000Z</time><ele>19.03</ele></trkpt><trkpt lat="37.036881" lon="126.936533"><time>2026-06-13T07:10:15.000Z</time><ele>19.03</ele></trkpt><trkpt lat="37.037025" lon="126.936475"><time>2026-06-13T07:10:16.000Z</time><ele>19.17</ele></trkpt><trkpt lat="37.037171" lon="126.936417"><time>2026-06-13T07:10:17.000Z</time><ele>19.75</ele></trkpt><trkpt lat="37.037318" lon="126.936354"><time>2026-06-13T07:10:18.000Z</time><ele>20.06</ele></trkpt><trkpt lat="37.037462" lon="126.936294"><time>2026-06-13T07:10:19.000Z</time><ele>20.79</ele></trkpt><trkpt lat="37.037604" lon="126.936231"><time>2026-06-13T07:10:20.000Z</time><ele>20.89</ele></trkpt><trkpt lat="37.037747" lon="126.936165"><time>2026-06-13T07:10:21.000Z</time><ele>20.93</ele></trkpt><trkpt lat="37.037895" lon="126.9361"><time>2026-06-13T07:10:22.000Z</time><ele>21.28</ele></trkpt><trkpt lat="37.038048" lon="126.936032"><time>2026-06-13T07:10:23.000Z</time><ele>21.24</ele></trkpt><trkpt lat="37.038201" lon="126.935962"><time>2026-06-13T07:10:24.000Z</time><ele>21.5</ele></trkpt><trkpt lat="37.038362" lon="126.935896"><time>2026-06-13T07:10:25.000Z</time><ele>22.14</ele></trkpt><trkpt lat="37.038535" lon="126.935821"><time>2026-06-13T07:10:26.000Z</time><ele>22.42</ele></trkpt><trkpt lat="37.03888" lon="126.935685"><time>2026-06-13T07:10:28.000Z</time><ele>22.71</ele></trkpt><trkpt lat="37.039038" lon="126.93563"><time>2026-06-13T07:10:29.000Z</time><ele>22.65</ele></trkpt><trkpt lat="37.039188" lon="126.935571"><time>2026-06-13T07:10:30.000Z</time><ele>22.67</ele></trkpt><trkpt lat="37.039331" lon="126.935515"><time>2026-06-13T07:10:31.000Z</time><ele>22.9</ele></trkpt><trkpt lat="37.039464" lon="126.93546"><time>2026-06-13T07:10:32.000Z</time><ele>22.41</ele></trkpt><trkpt lat="37.039584" lon="126.935417"><time>2026-06-13T07:10:33.000Z</time><ele>22.35</ele></trkpt><trkpt lat="37.039682" lon="126.935352"><time>2026-06-13T07:10:34.000Z</time><ele>22.21</ele></trkpt><trkpt lat="37.039791" lon="126.935363"><time>2026-06-13T07:10:35.000Z</time><ele>21.61</ele></trkpt><trkpt lat="37.039889" lon="126.935355"><time>2026-06-13T07:10:36.000Z</time><ele>20.7</ele></trkpt><trkpt lat="37.039982" lon="126.93532"><time>2026-06-13T07:10:37.000Z</time><ele>19.41</ele></trkpt><trkpt lat="37.040053" lon="126.935304"><time>2026-06-13T07:10:38.000Z</time><ele>18.66</ele></trkpt><trkpt lat="37.040118" lon="126.935288"><time>2026-06-13T07:10:39.001Z</time><ele>17.53</ele></trkpt><trkpt lat="37.040184" lon="126.93527"><time>2026-06-13T07:10:40.001Z</time><ele>17.08</ele></trkpt><trkpt lat="37.040249" lon="126.935252"><time>2026-06-13T07:10:41.001Z</time><ele>16.26</ele></trkpt><trkpt lat="37.040301" lon="126.935249"><time>2026-06-13T07:10:42.001Z</time><ele>15.5</ele></trkpt><trkpt lat="37.040382" lon="126.935315"><time>2026-06-13T07:10:44.001Z</time><ele>14.84</ele></trkpt><trkpt lat="37.040414" lon="126.935404"><time>2026-06-13T07:10:45.001Z</time><ele>15.26</ele></trkpt><trkpt lat="37.040438" lon="126.93551"><time>2026-06-13T07:10:46.001Z</time><ele>15.71</ele></trkpt><trkpt lat="37.040462" lon="126.935639"><time>2026-06-13T07:10:47.001Z</time><ele>16.08</ele></trkpt><trkpt lat="37.040487" lon="126.935784"><time>2026-06-13T07:10:48.001Z</time><ele>16.53</ele></trkpt><trkpt lat="37.040504" lon="126.935924"><time>2026-06-13T07:10:49.001Z</time><ele>16.23</ele></trkpt><trkpt lat="37.040516" lon="126.936067"><time>2026-06-13T07:10:50.001Z</time><ele>16.29</ele></trkpt><trkpt lat="37.040517" lon="126.936217"><time>2026-06-13T07:10:51.001Z</time><ele>16.88</ele></trkpt><trkpt lat="37.040513" lon="126.936374"><time>2026-06-13T07:10:52.001Z</time><ele>16.76</ele></trkpt><trkpt lat="37.040425" lon="126.93721"><time>2026-06-13T07:10:57.001Z</time><ele>15.08</ele></trkpt><trkpt lat="37.040407" lon="126.937367"><time>2026-06-13T07:10:58.001Z</time><ele>14.97</ele></trkpt><trkpt lat="37.040389" lon="126.937518"><time>2026-06-13T07:10:59.001Z</time><ele>14.8</ele></trkpt><trkpt lat="37.040372" lon="126.937665"><time>2026-06-13T07:11:00.001Z</time><ele>15.03</ele></trkpt><trkpt lat="37.040357" lon="126.937805"><time>2026-06-13T07:11:01.001Z</time><ele>14.89</ele></trkpt><trkpt lat="37.04034" lon="126.937937"><time>2026-06-13T07:11:02.001Z</time><ele>14.38</ele></trkpt><trkpt lat="37.040321" lon="126.938058"><time>2026-06-13T07:11:03.001Z</time><ele>14.77</ele></trkpt><trkpt lat="37.040303" lon="126.938175"><time>2026-06-13T07:11:04.001Z</time><ele>14.56</ele></trkpt><trkpt lat="37.040292" lon="126.938288"><time>2026-06-13T07:11:05.001Z</time><ele>14.11</ele></trkpt><trkpt lat="37.040277" lon="126.938397"><time>2026-06-13T07:11:06.001Z</time><ele>14.45</ele></trkpt><trkpt lat="37.040269" lon="126.938507"><time>2026-06-13T07:11:07.001Z</time><ele>14.26</ele></trkpt><trkpt lat="37.040254" lon="126.938618"><time>2026-06-13T07:11:08.001Z</time><ele>14.31</ele></trkpt><trkpt lat="37.040239" lon="126.938725"><time>2026-06-13T07:11:09.001Z</time><ele>14.33</ele></trkpt><trkpt lat="37.040225" lon="126.938832"><time>2026-06-13T07:11:10.001Z</time><ele>14.74</ele></trkpt><trkpt lat="37.040211" lon="126.938938"><time>2026-06-13T07:11:11.001Z</time><ele>15.17</ele></trkpt><trkpt lat="37.040197" lon="126.939039"><time>2026-06-13T07:11:12.001Z</time><ele>15.49</ele></trkpt><trkpt lat="37.040186" lon="126.93913"><time>2026-06-13T07:11:13.001Z</time><ele>14.95</ele></trkpt><trkpt lat="37.040176" lon="126.939211"><time>2026-06-13T07:11:14.001Z</time><ele>14.98</ele></trkpt><trkpt lat="37.040167" lon="126.93928"><time>2026-06-13T07:11:15.002Z</time><ele>14.88</ele></trkpt><trkpt lat="37.04016" lon="126.939343"><time>2026-06-13T07:11:16.002Z</time><ele>14.99</ele></trkpt><trkpt lat="37.040152" lon="126.939401"><time>2026-06-13T07:11:17.002Z</time><ele>14.82</ele></trkpt><trkpt lat="37.040147" lon="126.939459"><time>2026-06-13T07:11:18.002Z</time><ele>14.85</ele></trkpt><trkpt lat="37.040137" lon="126.939552"><time>2026-06-13T07:11:20.002Z</time><ele>14.88</ele></trkpt><trkpt lat="37.040133" lon="126.939612"><time>2026-06-13T07:11:23.002Z</time><ele>15.34</ele></trkpt><trkpt lat="37.040116" lon="126.939696"><time>2026-06-13T07:11:46.002Z</time><ele>12.31</ele></trkpt><trkpt lat="37.040106" lon="126.939778"><time>2026-06-13T07:11:47.002Z</time><ele>12.21</ele></trkpt><trkpt lat="37.040097" lon="126.939866"><time>2026-06-13T07:11:48.002Z</time><ele>12.54</ele></trkpt><trkpt lat="37.040083" lon="126.939987"><time>2026-06-13T07:11:49.002Z</time><ele>12.84</ele></trkpt><trkpt lat="37.04007" lon="126.940113"><time>2026-06-13T07:11:50.002Z</time><ele>13.19</ele></trkpt><trkpt lat="37.040055" lon="126.940256"><time>2026-06-13T07:11:51.003Z</time><ele>13.82</ele></trkpt><trkpt lat="37.040038" lon="126.940417"><time>2026-06-13T07:11:52.003Z</time><ele>14.53</ele></trkpt><trkpt lat="37.04002" lon="126.940596"><time>2026-06-13T07:11:53.003Z</time><ele>14.31</ele></trkpt><trkpt lat="37.039999" lon="126.940763"><time>2026-06-13T07:11:54.003Z</time><ele>16.11</ele></trkpt><trkpt lat="37.039979" lon="126.940949"><time>2026-06-13T07:11:55.003Z</time><ele>16.89</ele></trkpt><trkpt lat="37.039958" lon="126.941148"><time>2026-06-13T07:11:56.003Z</time><ele>17.11</ele></trkpt><trkpt lat="37.039936" lon="126.941363"><time>2026-06-13T07:11:57.003Z</time><ele>17.85</ele></trkpt><trkpt lat="37.039917" lon="126.941558"><time>2026-06-13T07:11:58.003Z</time><ele>17.94</ele></trkpt><trkpt lat="37.0399" lon="126.941741"><time>2026-06-13T07:11:59.003Z</time><ele>18.32</ele></trkpt><trkpt lat="37.039884" lon="126.941913"><time>2026-06-13T07:12:00.003Z</time><ele>17.99</ele></trkpt><trkpt lat="37.039869" lon="126.942083"><time>2026-06-13T07:12:01.003Z</time><ele>18.32</ele></trkpt><trkpt lat="37.039853" lon="126.942251"><time>2026-06-13T07:12:02.003Z</time><ele>18.88</ele></trkpt><trkpt lat="37.039838" lon="126.94241"><time>2026-06-13T07:12:03.003Z</time><ele>18.4</ele></trkpt><trkpt lat="37.039823" lon="126.942566"><time>2026-06-13T07:12:04.003Z</time><ele>18.77</ele></trkpt><trkpt lat="37.039807" lon="126.942713"><time>2026-06-13T07:12:05.003Z</time><ele>19.28</ele></trkpt><trkpt lat="37.039793" lon="126.942851"><time>2026-06-13T07:12:06.003Z</time><ele>19.77</ele></trkpt><trkpt lat="37.039781" lon="126.942995"><time>2026-06-13T07:12:07.003Z</time><ele>19.49</ele></trkpt><trkpt lat="37.039778" lon="126.943142"><time>2026-06-13T07:12:08.003Z</time><ele>19.98</ele></trkpt><trkpt lat="37.039783" lon="126.943285"><time>2026-06-13T07:12:09.003Z</time><ele>20.45</ele></trkpt><trkpt lat="37.039786" lon="126.943437"><time>2026-06-13T07:12:10.003Z</time><ele>20.24</ele></trkpt><trkpt lat="37.039784" lon="126.943587"><time>2026-06-13T07:12:11.003Z</time><ele>20.58</ele></trkpt><trkpt lat="37.039781" lon="126.943741"><time>2026-06-13T07:12:12.003Z</time><ele>20.93</ele></trkpt><trkpt lat="37.039779" lon="126.943897"><time>2026-06-13T07:12:13.003Z</time><ele>21.76</ele></trkpt><trkpt lat="37.039777" lon="126.944052"><time>2026-06-13T07:12:14.003Z</time><ele>21.68</ele></trkpt><trkpt lat="37.039774" lon="126.94421"><time>2026-06-13T07:12:15.003Z</time><ele>22.76</ele></trkpt><trkpt lat="37.039774" lon="126.944368"><time>2026-06-13T07:12:16.000Z</time><ele>23.36</ele></trkpt><trkpt lat="37.03977" lon="126.94453"><time>2026-06-13T07:12:17.000Z</time><ele>23.74</ele></trkpt><trkpt lat="37.039766" lon="126.944695"><time>2026-06-13T07:12:18.000Z</time><ele>24.2</ele></trkpt><trkpt lat="37.039762" lon="126.944859"><time>2026-06-13T07:12:19.000Z</time><ele>25.34</ele></trkpt><trkpt lat="37.039756" lon="126.945024"><time>2026-06-13T07:12:20.000Z</time><ele>26.63</ele></trkpt><trkpt lat="37.039753" lon="126.945197"><time>2026-06-13T07:12:21.000Z</time><ele>27.64</ele></trkpt><trkpt lat="37.039745" lon="126.945387"><time>2026-06-13T07:12:22.000Z</time><ele>28</ele></trkpt><trkpt lat="37.039738" lon="126.94559"><time>2026-06-13T07:12:23.000Z</time><ele>28.84</ele></trkpt><trkpt lat="37.03973" lon="126.945789"><time>2026-06-13T07:12:24.000Z</time><ele>28.92</ele></trkpt><trkpt lat="37.039721" lon="126.945966"><time>2026-06-13T07:12:25.000Z</time><ele>28.8</ele></trkpt><trkpt lat="37.039721" lon="126.94613"><time>2026-06-13T07:12:26.000Z</time><ele>28.88</ele></trkpt><trkpt lat="37.039729" lon="126.946307"><time>2026-06-13T07:12:27.000Z</time><ele>29.49</ele></trkpt><trkpt lat="37.039729" lon="126.946484"><time>2026-06-13T07:12:28.000Z</time><ele>29.35</ele></trkpt><trkpt lat="37.039724" lon="126.946672"><time>2026-06-13T07:12:29.000Z</time><ele>29.61</ele></trkpt><trkpt lat="37.039718" lon="126.946872"><time>2026-06-13T07:12:30.000Z</time><ele>28.86</ele></trkpt><trkpt lat="37.03971" lon="126.947067"><time>2026-06-13T07:12:31.000Z</time><ele>28.37</ele></trkpt><trkpt lat="37.039706" lon="126.947247"><time>2026-06-13T07:12:32.000Z</time><ele>28.17</ele></trkpt><trkpt lat="37.039703" lon="126.947418"><time>2026-06-13T07:12:33.000Z</time><ele>27.68</ele></trkpt><trkpt lat="37.0397" lon="126.947587"><time>2026-06-13T07:12:34.000Z</time><ele>28.06</ele></trkpt><trkpt lat="37.039695" lon="126.947759"><time>2026-06-13T07:12:35.000Z</time><ele>26.87</ele></trkpt><trkpt lat="37.039691" lon="126.947931"><time>2026-06-13T07:12:36.000Z</time><ele>26.93</ele></trkpt><trkpt lat="37.039686" lon="126.9481"><time>2026-06-13T07:12:37.000Z</time><ele>26.41</ele></trkpt><trkpt lat="37.03968" lon="126.948265"><time>2026-06-13T07:12:38.000Z</time><ele>26.19</ele></trkpt><trkpt lat="37.039674" lon="126.94843"><time>2026-06-13T07:12:39.000Z</time><ele>26.16</ele></trkpt><trkpt lat="37.039668" lon="126.948595"><time>2026-06-13T07:12:40.000Z</time><ele>25.95</ele></trkpt><trkpt lat="37.039665" lon="126.948761"><time>2026-06-13T07:12:41.000Z</time><ele>25.28</ele></trkpt><trkpt lat="37.03966" lon="126.94893"><time>2026-06-13T07:12:42.000Z</time><ele>25.65</ele></trkpt><trkpt lat="37.039657" lon="126.949103"><time>2026-06-13T07:12:43.000Z</time><ele>25.65</ele></trkpt><trkpt lat="37.039654" lon="126.949286"><time>2026-06-13T07:12:44.001Z</time><ele>25.48</ele></trkpt><trkpt lat="37.039649" lon="126.94948"><time>2026-06-13T07:12:45.001Z</time><ele>25.18</ele></trkpt><trkpt lat="37.039643" lon="126.949686"><time>2026-06-13T07:12:46.001Z</time><ele>25.38</ele></trkpt><trkpt lat="37.039637" lon="126.949912"><time>2026-06-13T07:12:47.001Z</time><ele>24.64</ele></trkpt><trkpt lat="37.03963" lon="126.950148"><time>2026-06-13T07:12:48.001Z</time><ele>24.37</ele></trkpt><trkpt lat="37.039626" lon="126.950398"><time>2026-06-13T07:12:49.001Z</time><ele>24.31</ele></trkpt><trkpt lat="37.039618" lon="126.950655"><time>2026-06-13T07:12:50.001Z</time><ele>23.93</ele></trkpt><trkpt lat="37.039609" lon="126.950899"><time>2026-06-13T07:12:51.001Z</time><ele>23.65</ele></trkpt><trkpt lat="37.039603" lon="126.951145"><time>2026-06-13T07:12:52.001Z</time><ele>23.62</ele></trkpt><trkpt lat="37.039596" lon="126.951401"><time>2026-06-13T07:12:53.001Z</time><ele>22.89</ele></trkpt><trkpt lat="37.039588" lon="126.951661"><time>2026-06-13T07:12:54.001Z</time><ele>22.72</ele></trkpt><trkpt lat="37.039579" lon="126.951929"><time>2026-06-13T07:12:55.001Z</time><ele>22.09</ele></trkpt><trkpt lat="37.039571" lon="126.952196"><time>2026-06-13T07:12:56.001Z</time><ele>21.26</ele></trkpt><trkpt lat="37.039564" lon="126.952438"><time>2026-06-13T07:12:57.001Z</time><ele>20.56</ele></trkpt><trkpt lat="37.039557" lon="126.952674"><time>2026-06-13T07:12:58.001Z</time><ele>20.24</ele></trkpt><trkpt lat="37.039551" lon="126.952912"><time>2026-06-13T07:12:59.001Z</time><ele>19.5</ele></trkpt><trkpt lat="37.039547" lon="126.953159"><time>2026-06-13T07:13:00.001Z</time><ele>19.06</ele></trkpt><trkpt lat="37.039542" lon="126.953413"><time>2026-06-13T07:13:01.001Z</time><ele>18.6</ele></trkpt><trkpt lat="37.039541" lon="126.953674"><time>2026-06-13T07:13:02.001Z</time><ele>18.41</ele></trkpt><trkpt lat="37.039545" lon="126.95394"><time>2026-06-13T07:13:03.001Z</time><ele>18.72</ele></trkpt><trkpt lat="37.039559" lon="126.95421"><time>2026-06-13T07:13:04.001Z</time><ele>18.38</ele></trkpt><trkpt lat="37.03958" lon="126.954481"><time>2026-06-13T07:13:05.001Z</time><ele>19.04</ele></trkpt><trkpt lat="37.039611" lon="126.954752"><time>2026-06-13T07:13:06.001Z</time><ele>19.41</ele></trkpt><trkpt lat="37.039652" lon="126.955017"><time>2026-06-13T07:13:07.001Z</time><ele>20.09</ele></trkpt><trkpt lat="37.039714" lon="126.955284"><time>2026-06-13T07:13:08.001Z</time><ele>20.57</ele></trkpt><trkpt lat="37.039789" lon="126.955543"><time>2026-06-13T07:13:09.001Z</time><ele>20.84</ele></trkpt><trkpt lat="37.039875" lon="126.955798"><time>2026-06-13T07:13:10.001Z</time><ele>21.07</ele></trkpt><trkpt lat="37.039973" lon="126.956047"><time>2026-06-13T07:13:11.001Z</time><ele>21.04</ele></trkpt><trkpt lat="37.040081" lon="126.956289"><time>2026-06-13T07:13:12.001Z</time><ele>21.06</ele></trkpt><trkpt lat="37.040201" lon="126.956521"><time>2026-06-13T07:13:13.001Z</time><ele>20.87</ele></trkpt><trkpt lat="37.040333" lon="126.956741"><time>2026-06-13T07:13:14.001Z</time><ele>20.75</ele></trkpt><trkpt lat="37.040474" lon="126.956954"><time>2026-06-13T07:13:15.001Z</time><ele>20.25</ele></trkpt><trkpt lat="37.040623" lon="126.957148"><time>2026-06-13T07:13:16.001Z</time><ele>19.44</ele></trkpt><trkpt lat="37.040759" lon="126.957304"><time>2026-06-13T07:13:17.001Z</time><ele>19.1</ele></trkpt><trkpt lat="37.040878" lon="126.957438"><time>2026-06-13T07:13:18.001Z</time><ele>18.85</ele></trkpt><trkpt lat="37.040983" lon="126.957546"><time>2026-06-13T07:13:19.001Z</time><ele>18.52</ele></trkpt><trkpt lat="37.041082" lon="126.957638"><time>2026-06-13T07:13:20.002Z</time><ele>17.75</ele></trkpt><trkpt lat="37.041181" lon="126.957724"><time>2026-06-13T07:13:21.002Z</time><ele>17.16</ele></trkpt><trkpt lat="37.041271" lon="126.957802"><time>2026-06-13T07:13:22.002Z</time><ele>16.83</ele></trkpt><trkpt lat="37.041351" lon="126.95787"><time>2026-06-13T07:13:23.002Z</time><ele>16.79</ele></trkpt><trkpt lat="37.04142" lon="126.957922"><time>2026-06-13T07:13:24.002Z</time><ele>16.5</ele></trkpt><trkpt lat="37.041481" lon="126.957963"><time>2026-06-13T07:13:25.002Z</time><ele>16.42</ele></trkpt><trkpt lat="37.041539" lon="126.958002"><time>2026-06-13T07:13:26.002Z</time><ele>16.14</ele></trkpt><trkpt lat="37.041591" lon="126.95804"><time>2026-06-13T07:13:27.002Z</time><ele>16.03</ele></trkpt><trkpt lat="37.041631" lon="126.958073"><time>2026-06-13T07:13:28.002Z</time><ele>15.9</ele></trkpt><trkpt lat="37.041681" lon="126.95812"><time>2026-06-13T07:13:30.002Z</time><ele>15.96</ele></trkpt><trkpt lat="37.041756" lon="126.958156"><time>2026-06-13T07:14:05.003Z</time><ele>19.21</ele></trkpt><trkpt lat="37.041819" lon="126.958202"><time>2026-06-13T07:14:06.003Z</time><ele>18.95</ele></trkpt><trkpt lat="37.041878" lon="126.958248"><time>2026-06-13T07:14:07.003Z</time><ele>18.96</ele></trkpt><trkpt lat="37.041961" lon="126.958309"><time>2026-06-13T07:14:08.003Z</time><ele>18.91</ele></trkpt><trkpt lat="37.042051" lon="126.958381"><time>2026-06-13T07:14:09.003Z</time><ele>18.15</ele></trkpt><trkpt lat="37.042153" lon="126.958452"><time>2026-06-13T07:14:10.003Z</time><ele>17.92</ele></trkpt><trkpt lat="37.042276" lon="126.958542"><time>2026-06-13T07:14:11.003Z</time><ele>17.69</ele></trkpt><trkpt lat="37.042419" lon="126.95864"><time>2026-06-13T07:14:12.003Z</time><ele>17.7</ele></trkpt><trkpt lat="37.042562" lon="126.958742"><time>2026-06-13T07:14:13.003Z</time><ele>17.97</ele></trkpt><trkpt lat="37.042716" lon="126.958853"><time>2026-06-13T07:14:14.003Z</time><ele>17.91</ele></trkpt><trkpt lat="37.04288" lon="126.958972"><time>2026-06-13T07:14:15.003Z</time><ele>18.17</ele></trkpt><trkpt lat="37.04305" lon="126.959102"><time>2026-06-13T07:14:16.003Z</time><ele>18.35</ele></trkpt><trkpt lat="37.044163" lon="126.960412"><time>2026-06-13T07:14:23.000Z</time><ele>25.55</ele></trkpt><trkpt lat="37.044297" lon="126.96065"><time>2026-06-13T07:14:24.000Z</time><ele>26.5</ele></trkpt><trkpt lat="37.04443" lon="126.9609"><time>2026-06-13T07:14:25.000Z</time><ele>27.16</ele></trkpt><trkpt lat="37.044563" lon="126.961152"><time>2026-06-13T07:14:26.000Z</time><ele>27.69</ele></trkpt><trkpt lat="37.044702" lon="126.961407"><time>2026-06-13T07:14:27.000Z</time><ele>27.27</ele></trkpt><trkpt lat="37.044843" lon="126.961662"><time>2026-06-13T07:14:28.000Z</time><ele>26.91</ele></trkpt><trkpt lat="37.044983" lon="126.961914"><time>2026-06-13T07:14:29.000Z</time><ele>26.32</ele></trkpt><trkpt lat="37.045118" lon="126.962162"><time>2026-06-13T07:14:30.000Z</time><ele>25.2</ele></trkpt><trkpt lat="37.045249" lon="126.962408"><time>2026-06-13T07:14:31.000Z</time><ele>24.04</ele></trkpt><trkpt lat="37.045378" lon="126.962651"><time>2026-06-13T07:14:32.000Z</time><ele>23.23</ele></trkpt><trkpt lat="37.045506" lon="126.962883"><time>2026-06-13T07:14:33.000Z</time><ele>21.73</ele></trkpt><trkpt lat="37.045632" lon="126.963118"><time>2026-06-13T07:14:34.000Z</time><ele>20.79</ele></trkpt><trkpt lat="37.045758" lon="126.96335"><time>2026-06-13T07:14:35.000Z</time><ele>19.9</ele></trkpt><trkpt lat="37.045883" lon="126.963586"><time>2026-06-13T07:14:36.000Z</time><ele>18.69</ele></trkpt><trkpt lat="37.046001" lon="126.963829"><time>2026-06-13T07:14:37.000Z</time><ele>17.84</ele></trkpt><trkpt lat="37.0461" lon="126.964082"><time>2026-06-13T07:14:38.000Z</time><ele>18.08</ele></trkpt><trkpt lat="37.046183" lon="126.964345"><time>2026-06-13T07:14:39.000Z</time><ele>18.21</ele></trkpt><trkpt lat="37.046255" lon="126.964609"><time>2026-06-13T07:14:40.000Z</time><ele>18.31</ele></trkpt><trkpt lat="37.046319" lon="126.964878"><time>2026-06-13T07:14:41.000Z</time><ele>18.19</ele></trkpt><trkpt lat="37.046367" lon="126.965149"><time>2026-06-13T07:14:42.000Z</time><ele>19.18</ele></trkpt><trkpt lat="37.046404" lon="126.965419"><time>2026-06-13T07:14:43.000Z</time><ele>19.02</ele></trkpt><trkpt lat="37.046424" lon="126.965676"><time>2026-06-13T07:14:44.000Z</time><ele>19.46</ele></trkpt><trkpt lat="37.046434" lon="126.965924"><time>2026-06-13T07:14:45.000Z</time><ele>20.09</ele></trkpt><trkpt lat="37.046431" lon="126.966153"><time>2026-06-13T07:14:46.000Z</time><ele>20.17</ele></trkpt><trkpt lat="37.046426" lon="126.966367"><time>2026-06-13T07:14:47.000Z</time><ele>20.69</ele></trkpt><trkpt lat="37.046418" lon="126.966565"><time>2026-06-13T07:14:48.001Z</time><ele>20.69</ele></trkpt><trkpt lat="37.046412" lon="126.966738"><time>2026-06-13T07:14:49.001Z</time><ele>20.77</ele></trkpt><trkpt lat="37.046402" lon="126.966906"><time>2026-06-13T07:14:50.001Z</time><ele>21.38</ele></trkpt><trkpt lat="37.046395" lon="126.967059"><time>2026-06-13T07:14:51.001Z</time><ele>21.61</ele></trkpt><trkpt lat="37.046394" lon="126.967193"><time>2026-06-13T07:14:52.001Z</time><ele>21.03</ele></trkpt><trkpt lat="37.046393" lon="126.967317"><time>2026-06-13T07:14:53.001Z</time><ele>21.08</ele></trkpt><trkpt lat="37.046389" lon="126.967419"><time>2026-06-13T07:14:54.001Z</time><ele>21.05</ele></trkpt><trkpt lat="37.046388" lon="126.967513"><time>2026-06-13T07:14:55.001Z</time><ele>21.32</ele></trkpt><trkpt lat="37.046382" lon="126.967592"><time>2026-06-13T07:14:56.001Z</time><ele>21.64</ele></trkpt><trkpt lat="37.046382" lon="126.967662"><time>2026-06-13T07:14:57.001Z</time><ele>21.93</ele></trkpt><trkpt lat="37.046382" lon="126.967722"><time>2026-06-13T07:14:58.001Z</time><ele>22.12</ele></trkpt><trkpt lat="37.046384" lon="126.967815"><time>2026-06-13T07:15:00.001Z</time><ele>22.2</ele></trkpt><trkpt lat="37.046373" lon="126.967933"><time>2026-06-13T07:15:45.002Z</time><ele>22.77</ele></trkpt><trkpt lat="37.046374" lon="126.968005"><time>2026-06-13T07:15:46.002Z</time><ele>22.55</ele></trkpt><trkpt lat="37.046379" lon="126.968101"><time>2026-06-13T07:15:47.002Z</time><ele>22.47</ele></trkpt><trkpt lat="37.046388" lon="126.968212"><time>2026-06-13T07:15:48.002Z</time><ele>22.4</ele></trkpt><trkpt lat="37.046406" lon="126.968343"><time>2026-06-13T07:15:49.002Z</time><ele>22.56</ele></trkpt><trkpt lat="37.046425" lon="126.968467"><time>2026-06-13T07:15:50.002Z</time><ele>22.56</ele></trkpt><trkpt lat="37.046449" lon="126.968616"><time>2026-06-13T07:15:51.002Z</time><ele>22.6</ele></trkpt><trkpt lat="37.046481" lon="126.96878"><time>2026-06-13T07:15:52.002Z</time><ele>23.21</ele></trkpt><trkpt lat="37.046518" lon="126.968942"><time>2026-06-13T07:15:53.002Z</time><ele>23.7</ele></trkpt><trkpt lat="37.04656" lon="126.969107"><time>2026-06-13T07:15:54.002Z</time><ele>24.16</ele></trkpt><trkpt lat="37.046798" lon="126.969846"><time>2026-06-13T07:15:58.002Z</time><ele>26.79</ele></trkpt><trkpt lat="37.046865" lon="126.970044"><time>2026-06-13T07:15:59.002Z</time><ele>27.32</ele></trkpt><trkpt lat="37.046928" lon="126.970243"><time>2026-06-13T07:16:00.002Z</time><ele>27.81</ele></trkpt><trkpt lat="37.046993" lon="126.970448"><time>2026-06-13T07:16:01.002Z</time><ele>27.94</ele></trkpt><trkpt lat="37.047061" lon="126.970649"><time>2026-06-13T07:16:02.002Z</time><ele>27.92</ele></trkpt><trkpt lat="37.047128" lon="126.970848"><time>2026-06-13T07:16:03.003Z</time><ele>28</ele></trkpt><trkpt lat="37.047197" lon="126.971044"><time>2026-06-13T07:16:04.003Z</time><ele>27.76</ele></trkpt><trkpt lat="37.047272" lon="126.971232"><time>2026-06-13T07:16:05.003Z</time><ele>27.53</ele></trkpt><trkpt lat="37.047358" lon="126.971407"><time>2026-06-13T07:16:06.003Z</time><ele>27.48</ele></trkpt><trkpt lat="37.047457" lon="126.971575"><time>2026-06-13T07:16:07.003Z</time><ele>27.05</ele></trkpt><trkpt lat="37.047563" lon="126.97173"><time>2026-06-13T07:16:08.003Z</time><ele>27.37</ele></trkpt><trkpt lat="37.047676" lon="126.971885"><time>2026-06-13T07:16:09.003Z</time><ele>27.3</ele></trkpt><trkpt lat="37.047798" lon="126.972026"><time>2026-06-13T07:16:10.003Z</time><ele>27.07</ele></trkpt><trkpt lat="37.047932" lon="126.972163"><time>2026-06-13T07:16:11.003Z</time><ele>26.78</ele></trkpt><trkpt lat="37.048071" lon="126.972298"><time>2026-06-13T07:16:12.003Z</time><ele>26.21</ele></trkpt><trkpt lat="37.048207" lon="126.972429"><time>2026-06-13T07:16:13.003Z</time><ele>25.7</ele></trkpt><trkpt lat="37.048342" lon="126.972563"><time>2026-06-13T07:16:14.003Z</time><ele>25.67</ele></trkpt><trkpt lat="37.048477" lon="126.972696"><time>2026-06-13T07:16:15.003Z</time><ele>25.42</ele></trkpt><trkpt lat="37.048609" lon="126.972828"><time>2026-06-13T07:16:16.003Z</time><ele>25.17</ele></trkpt><trkpt lat="37.048745" lon="126.972962"><time>2026-06-13T07:16:17.003Z</time><ele>25.06</ele></trkpt><trkpt lat="37.04888" lon="126.973101"><time>2026-06-13T07:16:18.003Z</time><ele>24.7</ele></trkpt><trkpt lat="37.049012" lon="126.973248"><time>2026-06-13T07:16:19.003Z</time><ele>25.02</ele></trkpt><trkpt lat="37.049138" lon="126.973411"><time>2026-06-13T07:16:20.003Z</time><ele>25.2</ele></trkpt><trkpt lat="37.04925" lon="126.973587"><time>2026-06-13T07:16:21.003Z</time><ele>25.15</ele></trkpt><trkpt lat="37.049345" lon="126.973753"><time>2026-06-13T07:16:22.003Z</time><ele>25.48</ele></trkpt><trkpt lat="37.049419" lon="126.973924"><time>2026-06-13T07:16:23.003Z</time><ele>25.5</ele></trkpt><trkpt lat="37.04948" lon="126.974085"><time>2026-06-13T07:16:24.003Z</time><ele>25.47</ele></trkpt><trkpt lat="37.049532" lon="126.974232"><time>2026-06-13T07:16:25.003Z</time><ele>25.06</ele></trkpt><trkpt lat="37.049576" lon="126.974346"><time>2026-06-13T07:16:26.003Z</time><ele>24.85</ele></trkpt><trkpt lat="37.049611" lon="126.974437"><time>2026-06-13T07:16:27.003Z</time><ele>24.48</ele></trkpt><trkpt lat="37.049637" lon="126.974506"><time>2026-06-13T07:16:28.000Z</time><ele>24.54</ele></trkpt><trkpt lat="37.049658" lon="126.974557"><time>2026-06-13T07:16:29.000Z</time><ele>24.78</ele></trkpt><trkpt lat="37.04968" lon="126.974611"><time>2026-06-13T07:16:31.000Z</time><ele>24.93</ele></trkpt><trkpt lat="37.049683" lon="126.97467"><time>2026-06-13T07:16:54.000Z</time><ele>31.24</ele></trkpt><trkpt lat="37.049709" lon="126.974758"><time>2026-06-13T07:16:55.001Z</time><ele>31.23</ele></trkpt><trkpt lat="37.049738" lon="126.97483"><time>2026-06-13T07:16:56.001Z</time><ele>30.97</ele></trkpt><trkpt lat="37.049777" lon="126.974921"><time>2026-06-13T07:16:57.001Z</time><ele>30.6</ele></trkpt><trkpt lat="37.049818" lon="126.975024"><time>2026-06-13T07:16:58.001Z</time><ele>30.35</ele></trkpt><trkpt lat="37.049862" lon="126.975127"><time>2026-06-13T07:16:59.001Z</time><ele>30.27</ele></trkpt><trkpt lat="37.049912" lon="126.975247"><time>2026-06-13T07:17:00.001Z</time><ele>29.91</ele></trkpt><trkpt lat="37.049965" lon="126.975379"><time>2026-06-13T07:17:01.001Z</time><ele>29.64</ele></trkpt><trkpt lat="37.050013" lon="126.975527"><time>2026-06-13T07:17:02.001Z</time><ele>29.14</ele></trkpt><trkpt lat="37.05005" lon="126.975677"><time>2026-06-13T07:17:03.001Z</time><ele>29.13</ele></trkpt><trkpt lat="37.050085" lon="126.975837"><time>2026-06-13T07:17:04.001Z</time><ele>28.54</ele></trkpt><trkpt lat="37.050113" lon="126.976017"><time>2026-06-13T07:17:05.001Z</time><ele>28.06</ele></trkpt><trkpt lat="37.05014" lon="126.976188"><time>2026-06-13T07:17:06.001Z</time><ele>27.35</ele></trkpt><trkpt lat="37.050159" lon="126.97635"><time>2026-06-13T07:17:07.001Z</time><ele>26.12</ele></trkpt><trkpt lat="37.050172" lon="126.976504"><time>2026-06-13T07:17:08.001Z</time><ele>25.25</ele></trkpt><trkpt lat="37.050179" lon="126.976651"><time>2026-06-13T07:17:09.001Z</time><ele>24.18</ele></trkpt><trkpt lat="37.050177" lon="126.976787"><time>2026-06-13T07:17:10.001Z</time><ele>23.47</ele></trkpt><trkpt lat="37.050175" lon="126.976919"><time>2026-06-13T07:17:11.001Z</time><ele>22.69</ele></trkpt><trkpt lat="37.050169" lon="126.977044"><time>2026-06-13T07:17:12.001Z</time><ele>21.8</ele></trkpt><trkpt lat="37.05016" lon="126.977158"><time>2026-06-13T07:17:13.001Z</time><ele>21.2</ele></trkpt><trkpt lat="37.050146" lon="126.977261"><time>2026-06-13T07:17:14.001Z</time><ele>21.23</ele></trkpt><trkpt lat="37.050138" lon="126.977361"><time>2026-06-13T07:17:15.001Z</time><ele>20.9</ele></trkpt><trkpt lat="37.050133" lon="126.977454"><time>2026-06-13T07:17:16.001Z</time><ele>20.56</ele></trkpt><trkpt lat="37.050127" lon="126.977545"><time>2026-06-13T07:17:17.001Z</time><ele>20.3</ele></trkpt><trkpt lat="37.050122" lon="126.97763"><time>2026-06-13T07:17:18.001Z</time><ele>19.82</ele></trkpt><trkpt lat="37.050116" lon="126.977709"><time>2026-06-13T07:17:19.001Z</time><ele>19.26</ele></trkpt><trkpt lat="37.050108" lon="126.977794"><time>2026-06-13T07:17:20.001Z</time><ele>19.09</ele></trkpt><trkpt lat="37.0501" lon="126.977881"><time>2026-06-13T07:17:21.001Z</time><ele>19.04</ele></trkpt><trkpt lat="37.050088" lon="126.977975"><time>2026-06-13T07:17:22.001Z</time><ele>19.34</ele></trkpt><trkpt lat="37.050077" lon="126.978091"><time>2026-06-13T07:17:23.001Z</time><ele>19.28</ele></trkpt><trkpt lat="37.050064" lon="126.978209"><time>2026-06-13T07:17:24.001Z</time><ele>18.78</ele></trkpt><trkpt lat="37.050051" lon="126.978337"><time>2026-06-13T07:17:25.001Z</time><ele>18.43</ele></trkpt><trkpt lat="37.050042" lon="126.978468"><time>2026-06-13T07:17:26.001Z</time><ele>18.06</ele></trkpt><trkpt lat="37.050034" lon="126.978599"><time>2026-06-13T07:17:27.001Z</time><ele>17.61</ele></trkpt><trkpt lat="37.050031" lon="126.978731"><time>2026-06-13T07:17:28.001Z</time><ele>17.18</ele></trkpt><trkpt lat="37.05003" lon="126.978878"><time>2026-06-13T07:17:29.001Z</time><ele>17.14</ele></trkpt><trkpt lat="37.050032" lon="126.979019"><time>2026-06-13T07:17:30.001Z</time><ele>17.3</ele></trkpt><trkpt lat="37.050037" lon="126.979161"><time>2026-06-13T07:17:31.001Z</time><ele>17.23</ele></trkpt><trkpt lat="37.05004" lon="126.979308"><time>2026-06-13T07:17:32.001Z</time><ele>17.17</ele></trkpt><trkpt lat="37.050052" lon="126.979458"><time>2026-06-13T07:17:33.001Z</time><ele>16.83</ele></trkpt><trkpt lat="37.050064" lon="126.9796"><time>2026-06-13T07:17:34.002Z</time><ele>16.67</ele></trkpt><trkpt lat="37.050079" lon="126.979731"><time>2026-06-13T07:17:35.002Z</time><ele>16.48</ele></trkpt><trkpt lat="37.050097" lon="126.979858"><time>2026-06-13T07:17:36.002Z</time><ele>16.24</ele></trkpt><trkpt lat="37.050118" lon="126.979988"><time>2026-06-13T07:17:37.002Z</time><ele>15.83</ele></trkpt><trkpt lat="37.050143" lon="126.980126"><time>2026-06-13T07:17:38.002Z</time><ele>15.57</ele></trkpt><trkpt lat="37.050172" lon="126.980273"><time>2026-06-13T07:17:39.002Z</time><ele>15.01</ele></trkpt><trkpt lat="37.0502" lon="126.980403"><time>2026-06-13T07:17:40.002Z</time><ele>14.67</ele></trkpt><trkpt lat="37.050234" lon="126.980542"><time>2026-06-13T07:17:41.002Z</time><ele>14.41</ele></trkpt><trkpt lat="37.050274" lon="126.98068"><time>2026-06-13T07:17:42.002Z</time><ele>14.01</ele></trkpt><trkpt lat="37.05032" lon="126.980817"><time>2026-06-13T07:17:43.002Z</time><ele>13.75</ele></trkpt><trkpt lat="37.050368" lon="126.980955"><time>2026-06-13T07:17:44.002Z</time><ele>13.52</ele></trkpt><trkpt lat="37.050422" lon="126.981095"><time>2026-06-13T07:17:45.002Z</time><ele>13.2</ele></trkpt><trkpt lat="37.050473" lon="126.981223"><time>2026-06-13T07:17:46.002Z</time><ele>12.96</ele></trkpt><trkpt lat="37.050521" lon="126.981342"><time>2026-06-13T07:17:47.002Z</time><ele>12.8</ele></trkpt><trkpt lat="37.050565" lon="126.981453"><time>2026-06-13T07:17:48.002Z</time><ele>12.37</ele></trkpt><trkpt lat="37.050605" lon="126.981555"><time>2026-06-13T07:17:49.002Z</time><ele>12.42</ele></trkpt><trkpt lat="37.050649" lon="126.981661"><time>2026-06-13T07:17:50.002Z</time><ele>12.49</ele></trkpt><trkpt lat="37.0507" lon="126.981777"><time>2026-06-13T07:17:51.002Z</time><ele>12.45</ele></trkpt><trkpt lat="37.050752" lon="126.981897"><time>2026-06-13T07:17:52.002Z</time><ele>12.4</ele></trkpt><trkpt lat="37.050802" lon="126.982018"><time>2026-06-13T07:17:53.002Z</time><ele>13</ele></trkpt><trkpt lat="37.050853" lon="126.982144"><time>2026-06-13T07:17:54.002Z</time><ele>13.51</ele></trkpt><trkpt lat="37.050906" lon="126.982275"><time>2026-06-13T07:17:55.002Z</time><ele>13.89</ele></trkpt><trkpt lat="37.050962" lon="126.982409"><time>2026-06-13T07:17:56.002Z</time><ele>14.55</ele></trkpt><trkpt lat="37.051016" lon="126.98254"><time>2026-06-13T07:17:57.002Z</time><ele>14.68</ele></trkpt><trkpt lat="37.051065" lon="126.982685"><time>2026-06-13T07:17:58.002Z</time><ele>14.48</ele></trkpt><trkpt lat="37.051113" lon="126.98283"><time>2026-06-13T07:17:59.002Z</time><ele>13.79</ele></trkpt><trkpt lat="37.051165" lon="126.982956"><time>2026-06-13T07:18:00.002Z</time><ele>13.6</ele></trkpt><trkpt lat="37.051228" lon="126.983099"><time>2026-06-13T07:18:01.002Z</time><ele>13.66</ele></trkpt><trkpt lat="37.051304" lon="126.983267"><time>2026-06-13T07:18:02.002Z</time><ele>13.56</ele></trkpt><trkpt lat="37.051389" lon="126.983461"><time>2026-06-13T07:18:03.002Z</time><ele>13.29</ele></trkpt><trkpt lat="37.051481" lon="126.983673"><time>2026-06-13T07:18:04.002Z</time><ele>13.02</ele></trkpt><trkpt lat="37.05157" lon="126.983889"><time>2026-06-13T07:18:05.002Z</time><ele>12.85</ele></trkpt><trkpt lat="37.051656" lon="126.984108"><time>2026-06-13T07:18:06.002Z</time><ele>12.52</ele></trkpt><trkpt lat="37.051739" lon="126.98433"><time>2026-06-13T07:18:07.002Z</time><ele>12.34</ele></trkpt><trkpt lat="37.051815" lon="126.984554"><time>2026-06-13T07:18:08.002Z</time><ele>12.2</ele></trkpt><trkpt lat="37.051877" lon="126.984791"><time>2026-06-13T07:18:09.002Z</time><ele>12.08</ele></trkpt><trkpt lat="37.05193" lon="126.985026"><time>2026-06-13T07:18:10.002Z</time><ele>12.04</ele></trkpt><trkpt lat="37.051976" lon="126.985261"><time>2026-06-13T07:18:11.002Z</time><ele>11.85</ele></trkpt><trkpt lat="37.05201" lon="126.985495"><time>2026-06-13T07:18:12.003Z</time><ele>11.78</ele></trkpt><trkpt lat="37.052037" lon="126.985734"><time>2026-06-13T07:18:13.003Z</time><ele>11.51</ele></trkpt><trkpt lat="37.052062" lon="126.985999"><time>2026-06-13T07:18:14.003Z</time><ele>11.29</ele></trkpt><trkpt lat="37.052077" lon="126.986249"><time>2026-06-13T07:18:15.003Z</time><ele>11.2</ele></trkpt><trkpt lat="37.052082" lon="126.986495"><time>2026-06-13T07:18:16.003Z</time><ele>11.15</ele></trkpt><trkpt lat="37.052085" lon="126.98675"><time>2026-06-13T07:18:17.003Z</time><ele>11.14</ele></trkpt><trkpt lat="37.052094" lon="126.987008"><time>2026-06-13T07:18:18.003Z</time><ele>11.03</ele></trkpt><trkpt lat="37.052094" lon="126.987272"><time>2026-06-13T07:18:19.003Z</time><ele>10.94</ele></trkpt><trkpt lat="37.052088" lon="126.987524"><time>2026-06-13T07:18:20.003Z</time><ele>10.67</ele></trkpt><trkpt lat="37.052083" lon="126.987785"><time>2026-06-13T07:18:21.003Z</time><ele>10.64</ele></trkpt><trkpt lat="37.052087" lon="126.988047"><time>2026-06-13T07:18:22.003Z</time><ele>10.48</ele></trkpt><trkpt lat="37.052082" lon="126.988325"><time>2026-06-13T07:18:23.003Z</time><ele>10.48</ele></trkpt><trkpt lat="37.052077" lon="126.988618"><time>2026-06-13T07:18:24.003Z</time><ele>10.53</ele></trkpt><trkpt lat="37.052072" lon="126.988908"><time>2026-06-13T07:18:25.003Z</time><ele>10.61</ele></trkpt><trkpt lat="37.052039" lon="126.990909"><time>2026-06-13T07:18:33.003Z</time><ele>12.15</ele></trkpt><trkpt lat="37.052035" lon="126.991108"><time>2026-06-13T07:18:34.000Z</time><ele>12.44</ele></trkpt><trkpt lat="37.052033" lon="126.991292"><time>2026-06-13T07:18:35.000Z</time><ele>12.8</ele></trkpt><trkpt lat="37.05203" lon="126.991458"><time>2026-06-13T07:18:36.000Z</time><ele>13.01</ele></trkpt><trkpt lat="37.052013" lon="126.99161"><time>2026-06-13T07:18:37.000Z</time><ele>13.37</ele></trkpt><trkpt lat="37.05201" lon="126.991748"><time>2026-06-13T07:18:38.000Z</time><ele>14.65</ele></trkpt><trkpt lat="37.052007" lon="126.991871"><time>2026-06-13T07:18:39.000Z</time><ele>15</ele></trkpt><trkpt lat="37.052004" lon="126.991985"><time>2026-06-13T07:18:40.000Z</time><ele>14.94</ele></trkpt><trkpt lat="37.052002" lon="126.992079"><time>2026-06-13T07:18:41.000Z</time><ele>14.96</ele></trkpt><trkpt lat="37.052001" lon="126.992154"><time>2026-06-13T07:18:42.000Z</time><ele>14.83</ele></trkpt><trkpt lat="37.051999" lon="126.992227"><time>2026-06-13T07:18:43.000Z</time><ele>15.27</ele></trkpt><trkpt lat="37.051998" lon="126.992306"><time>2026-06-13T07:18:44.000Z</time><ele>15.5</ele></trkpt><trkpt lat="37.052011" lon="126.992398"><time>2026-06-13T07:18:45.000Z</time><ele>15.93</ele></trkpt><trkpt lat="37.052015" lon="126.992488"><time>2026-06-13T07:18:46.000Z</time><ele>16.25</ele></trkpt><trkpt lat="37.052043" lon="126.99257"><time>2026-06-13T07:18:47.000Z</time><ele>16.29</ele></trkpt><trkpt lat="37.052057" lon="126.992633"><time>2026-06-13T07:18:48.000Z</time><ele>16.71</ele></trkpt><trkpt lat="37.052095" lon="126.992686"><time>2026-06-13T07:18:49.000Z</time><ele>17.07</ele></trkpt><trkpt lat="37.05215" lon="126.992727"><time>2026-06-13T07:18:50.000Z</time><ele>16.81</ele></trkpt><trkpt lat="37.0523" lon="126.992731"><time>2026-06-13T07:18:52.000Z</time><ele>16.11</ele></trkpt><trkpt lat="37.05238" lon="126.992687"><time>2026-06-13T07:18:53.000Z</time><ele>15.52</ele></trkpt><trkpt lat="37.052469" lon="126.992643"><time>2026-06-13T07:18:54.000Z</time><ele>14.92</ele></trkpt><trkpt lat="37.052562" lon="126.992599"><time>2026-06-13T07:18:55.000Z</time><ele>14.48</ele></trkpt><trkpt lat="37.05266" lon="126.992556"><time>2026-06-13T07:18:56.000Z</time><ele>14.05</ele></trkpt><trkpt lat="37.05277" lon="126.992504"><time>2026-06-13T07:18:57.000Z</time><ele>14.03</ele></trkpt><trkpt lat="37.052887" lon="126.992445"><time>2026-06-13T07:18:58.000Z</time><ele>13.8</ele></trkpt><trkpt lat="37.053008" lon="126.992376"><time>2026-06-13T07:18:59.000Z</time><ele>13.56</ele></trkpt><trkpt lat="37.053127" lon="126.992305"><time>2026-06-13T07:19:00.000Z</time><ele>12.81</ele></trkpt><trkpt lat="37.053246" lon="126.99223"><time>2026-06-13T07:19:01.000Z</time><ele>12.63</ele></trkpt><trkpt lat="37.053363" lon="126.99215"><time>2026-06-13T07:19:02.000Z</time><ele>12.49</ele></trkpt><trkpt lat="37.053481" lon="126.992066"><time>2026-06-13T07:19:03.000Z</time><ele>12.27</ele></trkpt><trkpt lat="37.053597" lon="126.991979"><time>2026-06-13T07:19:04.000Z</time><ele>12.1</ele></trkpt><trkpt lat="37.053709" lon="126.99189"><time>2026-06-13T07:19:05.000Z</time><ele>11.36</ele></trkpt><trkpt lat="37.053823" lon="126.991808"><time>2026-06-13T07:19:06.000Z</time><ele>11.21</ele></trkpt><trkpt lat="37.053931" lon="126.991717"><time>2026-06-13T07:19:07.001Z</time><ele>10.93</ele></trkpt><trkpt lat="37.054043" lon="126.991637"><time>2026-06-13T07:19:08.001Z</time><ele>10.62</ele></trkpt><trkpt lat="37.054151" lon="126.991545"><time>2026-06-13T07:19:09.001Z</time><ele>10.11</ele></trkpt><trkpt lat="37.054259" lon="126.991454"><time>2026-06-13T07:19:10.001Z</time><ele>9.81</ele></trkpt><trkpt lat="37.054363" lon="126.991366"><time>2026-06-13T07:19:11.001Z</time><ele>10.28</ele></trkpt><trkpt lat="37.054466" lon="126.991265"><time>2026-06-13T07:19:12.001Z</time><ele>10.41</ele></trkpt><trkpt lat="37.054568" lon="126.991163"><time>2026-06-13T07:19:13.001Z</time><ele>10.26</ele></trkpt><trkpt lat="37.054669" lon="126.991058"><time>2026-06-13T07:19:14.001Z</time><ele>10.05</ele></trkpt><trkpt lat="37.054769" lon="126.990947"><time>2026-06-13T07:19:15.001Z</time><ele>10.28</ele></trkpt><trkpt lat="37.054869" lon="126.990828"><time>2026-06-13T07:19:16.001Z</time><ele>10.46</ele></trkpt><trkpt lat="37.054971" lon="126.990704"><time>2026-06-13T07:19:17.001Z</time><ele>10.41</ele></trkpt><trkpt lat="37.055068" lon="126.990567"><time>2026-06-13T07:19:18.001Z</time><ele>10.4</ele></trkpt><trkpt lat="37.055162" lon="126.990427"><time>2026-06-13T07:19:19.001Z</time><ele>10.74</ele></trkpt><trkpt lat="37.055253" lon="126.990285"><time>2026-06-13T07:19:20.001Z</time><ele>11.08</ele></trkpt><trkpt lat="37.055343" lon="126.990141"><time>2026-06-13T07:19:21.001Z</time><ele>10.93</ele></trkpt><trkpt lat="37.055438" lon="126.989998"><time>2026-06-13T07:19:22.001Z</time><ele>10.79</ele></trkpt><trkpt lat="37.055527" lon="126.98986"><time>2026-06-13T07:19:23.001Z</time><ele>10.64</ele></trkpt><trkpt lat="37.055607" lon="126.989743"><time>2026-06-13T07:19:24.001Z</time><ele>10.46</ele></trkpt><trkpt lat="37.055675" lon="126.989657"><time>2026-06-13T07:19:25.001Z</time><ele>10.01</ele></trkpt><trkpt lat="37.055739" lon="126.989588"><time>2026-06-13T07:19:26.001Z</time><ele>9.96</ele></trkpt><trkpt lat="37.055794" lon="126.989539"><time>2026-06-13T07:19:27.001Z</time><ele>10.13</ele></trkpt><trkpt lat="37.055846" lon="126.989497"><time>2026-06-13T07:19:28.001Z</time><ele>9.86</ele></trkpt><trkpt lat="37.055906" lon="126.989453"><time>2026-06-13T07:19:29.001Z</time><ele>10</ele></trkpt><trkpt lat="37.055977" lon="126.989411"><time>2026-06-13T07:19:30.001Z</time><ele>10.04</ele></trkpt><trkpt lat="37.056055" lon="126.989371"><time>2026-06-13T07:19:31.001Z</time><ele>10.09</ele></trkpt><trkpt lat="37.056144" lon="126.989336"><time>2026-06-13T07:19:32.001Z</time><ele>10.07</ele></trkpt><trkpt lat="37.056242" lon="126.989311"><time>2026-06-13T07:19:33.001Z</time><ele>9.92</ele></trkpt><trkpt lat="37.056346" lon="126.989293"><time>2026-06-13T07:19:34.001Z</time><ele>10.13</ele></trkpt><trkpt lat="37.056454" lon="126.989289"><time>2026-06-13T07:19:35.001Z</time><ele>10.47</ele></trkpt><trkpt lat="37.056567" lon="126.989296"><time>2026-06-13T07:19:36.001Z</time><ele>10.44</ele></trkpt><trkpt lat="37.056679" lon="126.98932"><time>2026-06-13T07:19:37.001Z</time><ele>10.57</ele></trkpt><trkpt lat="37.056793" lon="126.989351"><time>2026-06-13T07:19:38.001Z</time><ele>10.94</ele></trkpt><trkpt lat="37.056899" lon="126.989384"><time>2026-06-13T07:19:39.001Z</time><ele>11.46</ele></trkpt><trkpt lat="37.056997" lon="126.989411"><time>2026-06-13T07:19:40.001Z</time><ele>11.91</ele></trkpt><trkpt lat="37.057079" lon="126.989434"><time>2026-06-13T07:19:41.001Z</time><ele>12.36</ele></trkpt><trkpt lat="37.057154" lon="126.989449"><time>2026-06-13T07:19:42.001Z</time><ele>12.91</ele></trkpt><trkpt lat="37.057217" lon="126.98946"><time>2026-06-13T07:19:43.001Z</time><ele>13.17</ele></trkpt><trkpt lat="37.057275" lon="126.989457"><time>2026-06-13T07:19:44.002Z</time><ele>13.34</ele></trkpt><trkpt lat="37.057332" lon="126.989457"><time>2026-06-13T07:19:45.002Z</time><ele>13.36</ele></trkpt><trkpt lat="37.057399" lon="126.989448"><time>2026-06-13T07:19:46.002Z</time><ele>12.97</ele></trkpt><trkpt lat="37.057463" lon="126.989445"><time>2026-06-13T07:19:47.002Z</time><ele>13.11</ele></trkpt><trkpt lat="37.057519" lon="126.989446"><time>2026-06-13T07:19:48.002Z</time><ele>13.61</ele></trkpt><trkpt lat="37.057586" lon="126.989443"><time>2026-06-13T07:19:49.002Z</time><ele>13.55</ele></trkpt><trkpt lat="37.057658" lon="126.989444"><time>2026-06-13T07:19:50.002Z</time><ele>13.69</ele></trkpt><trkpt lat="37.057744" lon="126.989446"><time>2026-06-13T07:19:51.002Z</time><ele>13.68</ele></trkpt><trkpt lat="37.057839" lon="126.989444"><time>2026-06-13T07:19:52.002Z</time><ele>13.83</ele></trkpt><trkpt lat="37.057944" lon="126.989442"><time>2026-06-13T07:19:53.002Z</time><ele>13.97</ele></trkpt><trkpt lat="37.058055" lon="126.989449"><time>2026-06-13T07:19:54.002Z</time><ele>14.12</ele></trkpt><trkpt lat="37.058173" lon="126.989469"><time>2026-06-13T07:19:55.002Z</time><ele>14.3</ele></trkpt><trkpt lat="37.058285" lon="126.989499"><time>2026-06-13T07:19:56.002Z</time><ele>14.18</ele></trkpt><trkpt lat="37.0584" lon="126.989533"><time>2026-06-13T07:19:57.002Z</time><ele>14.1</ele></trkpt><trkpt lat="37.058521" lon="126.989569"><time>2026-06-13T07:19:58.002Z</time><ele>13.97</ele></trkpt><trkpt lat="37.058644" lon="126.989606"><time>2026-06-13T07:19:59.002Z</time><ele>13.92</ele></trkpt><trkpt lat="37.058771" lon="126.989651"><time>2026-06-13T07:20:00.002Z</time><ele>14.02</ele></trkpt><trkpt lat="37.058899" lon="126.989704"><time>2026-06-13T07:20:01.002Z</time><ele>14.02</ele></trkpt><trkpt lat="37.059031" lon="126.989761"><time>2026-06-13T07:20:02.002Z</time><ele>13.87</ele></trkpt><trkpt lat="37.059166" lon="126.989825"><time>2026-06-13T07:20:03.002Z</time><ele>13.86</ele></trkpt><trkpt lat="37.059301" lon="126.989897"><time>2026-06-13T07:20:04.002Z</time><ele>13.67</ele></trkpt><trkpt lat="37.059439" lon="126.989977"><time>2026-06-13T07:20:05.002Z</time><ele>13.84</ele></trkpt><trkpt lat="37.059584" lon="126.99007"><time>2026-06-13T07:20:06.002Z</time><ele>13.84</ele></trkpt><trkpt lat="37.059734" lon="126.990168"><time>2026-06-13T07:20:07.002Z</time><ele>13.75</ele></trkpt><trkpt lat="37.059891" lon="126.990267"><time>2026-06-13T07:20:08.002Z</time><ele>13.67</ele></trkpt><trkpt lat="37.060051" lon="126.990367"><time>2026-06-13T07:20:09.002Z</time><ele>13.64</ele></trkpt><trkpt lat="37.060208" lon="126.990467"><time>2026-06-13T07:20:10.002Z</time><ele>13.64</ele></trkpt><trkpt lat="37.060351" lon="126.990557"><time>2026-06-13T07:20:11.002Z</time><ele>13.54</ele></trkpt><trkpt lat="37.060492" lon="126.990647"><time>2026-06-13T07:20:12.002Z</time><ele>13.35</ele></trkpt><trkpt lat="37.060633" lon="126.990744"><time>2026-06-13T07:20:13.002Z</time><ele>13.41</ele></trkpt><trkpt lat="37.060768" lon="126.990834"><time>2026-06-13T07:20:14.002Z</time><ele>13.3</ele></trkpt><trkpt lat="37.06091" lon="126.990916"><time>2026-06-13T07:20:15.002Z</time><ele>13.34</ele></trkpt><trkpt lat="37.061052" lon="126.990998"><time>2026-06-13T07:20:16.002Z</time><ele>13.39</ele></trkpt><trkpt lat="37.061192" lon="126.991087"><time>2026-06-13T07:20:17.002Z</time><ele>13.36</ele></trkpt><trkpt lat="37.061332" lon="126.991179"><time>2026-06-13T07:20:18.002Z</time><ele>13.35</ele></trkpt><trkpt lat="37.061473" lon="126.991272"><time>2026-06-13T07:20:19.002Z</time><ele>13.39</ele></trkpt><trkpt lat="37.061613" lon="126.991361"><time>2026-06-13T07:20:20.002Z</time><ele>13.4</ele></trkpt><trkpt lat="37.061753" lon="126.991448"><time>2026-06-13T07:20:21.003Z</time><ele>13.4</ele></trkpt><trkpt lat="37.061893" lon="126.991536"><time>2026-06-13T07:20:22.003Z</time><ele>13.4</ele></trkpt><trkpt lat="37.062033" lon="126.991623"><time>2026-06-13T07:20:23.003Z</time><ele>13.56</ele></trkpt><trkpt lat="37.062174" lon="126.991713"><time>2026-06-13T07:20:24.003Z</time><ele>13.54</ele></trkpt><trkpt lat="37.062317" lon="126.991804"><time>2026-06-13T07:20:25.003Z</time><ele>13.4</ele></trkpt><trkpt lat="37.062461" lon="126.991896"><time>2026-06-13T07:20:26.003Z</time><ele>13.16</ele></trkpt><trkpt lat="37.062604" lon="126.991987"><time>2026-06-13T07:20:27.003Z</time><ele>13.29</ele></trkpt><trkpt lat="37.062752" lon="126.992078"><time>2026-06-13T07:20:28.003Z</time><ele>13.19</ele></trkpt><trkpt lat="37.0629" lon="126.992169"><time>2026-06-13T07:20:29.003Z</time><ele>13.26</ele></trkpt><trkpt lat="37.063043" lon="126.992261"><time>2026-06-13T07:20:30.003Z</time><ele>13.2</ele></trkpt><trkpt lat="37.06318" lon="126.992349"><time>2026-06-13T07:20:31.003Z</time><ele>13.55</ele></trkpt><trkpt lat="37.06331" lon="126.992434"><time>2026-06-13T07:20:32.003Z</time><ele>13.41</ele></trkpt><trkpt lat="37.06344" lon="126.992516"><time>2026-06-13T07:20:33.003Z</time><ele>13.38</ele></trkpt><trkpt lat="37.063574" lon="126.992602"><time>2026-06-13T07:20:34.003Z</time><ele>13.45</ele></trkpt><trkpt lat="37.06371" lon="126.992687"><time>2026-06-13T07:20:35.003Z</time><ele>13.49</ele></trkpt><trkpt lat="37.063847" lon="126.992783"><time>2026-06-13T07:20:36.003Z</time><ele>13.44</ele></trkpt><trkpt lat="37.063985" lon="126.992873"><time>2026-06-13T07:20:37.003Z</time><ele>13.41</ele></trkpt><trkpt lat="37.064122" lon="126.992966"><time>2026-06-13T07:20:38.003Z</time><ele>13.49</ele></trkpt><trkpt lat="37.064261" lon="126.993061"><time>2026-06-13T07:20:39.003Z</time><ele>13.5</ele></trkpt><trkpt lat="37.064403" lon="126.993154"><time>2026-06-13T07:20:40.000Z</time><ele>13.39</ele></trkpt><trkpt lat="37.064544" lon="126.993256"><time>2026-06-13T07:20:41.000Z</time><ele>13.45</ele></trkpt><trkpt lat="37.064682" lon="126.99334"><time>2026-06-13T07:20:42.000Z</time><ele>13.76</ele></trkpt><trkpt lat="37.064811" lon="126.99344"><time>2026-06-13T07:20:43.000Z</time><ele>13.64</ele></trkpt><trkpt lat="37.064933" lon="126.993537"><time>2026-06-13T07:20:44.000Z</time><ele>13.28</ele></trkpt><trkpt lat="37.065055" lon="126.993621"><time>2026-06-13T07:20:45.000Z</time><ele>13.41</ele></trkpt><trkpt lat="37.065187" lon="126.993703"><time>2026-06-13T07:20:46.000Z</time><ele>13.55</ele></trkpt><trkpt lat="37.06532" lon="126.993785"><time>2026-06-13T07:20:47.000Z</time><ele>13.69</ele></trkpt><trkpt lat="37.065458" lon="126.993874"><time>2026-06-13T07:20:48.000Z</time><ele>13.9</ele></trkpt><trkpt lat="37.0656" lon="126.993949"><time>2026-06-13T07:20:49.000Z</time><ele>13.68</ele></trkpt><trkpt lat="37.065749" lon="126.99401"><time>2026-06-13T07:20:50.000Z</time><ele>13.92</ele></trkpt><trkpt lat="37.065902" lon="126.994061"><time>2026-06-13T07:20:51.000Z</time><ele>14</ele></trkpt><trkpt lat="37.066047" lon="126.994101"><time>2026-06-13T07:20:52.000Z</time><ele>13.77</ele></trkpt><trkpt lat="37.066189" lon="126.994138"><time>2026-06-13T07:20:53.000Z</time><ele>13.75</ele></trkpt><trkpt lat="37.066338" lon="126.99418"><time>2026-06-13T07:20:54.000Z</time><ele>13.72</ele></trkpt><trkpt lat="37.066494" lon="126.99422"><time>2026-06-13T07:20:55.000Z</time><ele>13.66</ele></trkpt><trkpt lat="37.066656" lon="126.994267"><time>2026-06-13T07:20:56.000Z</time><ele>13.73</ele></trkpt><trkpt lat="37.066819" lon="126.994308"><time>2026-06-13T07:20:57.000Z</time><ele>13.89</ele></trkpt><trkpt lat="37.066981" lon="126.994345"><time>2026-06-13T07:20:58.000Z</time><ele>13.95</ele></trkpt><trkpt lat="37.067139" lon="126.994372"><time>2026-06-13T07:20:59.000Z</time><ele>13.81</ele></trkpt><trkpt lat="37.067298" lon="126.99437"><time>2026-06-13T07:21:00.000Z</time><ele>13.67</ele></trkpt><trkpt lat="37.067465" lon="126.994368"><time>2026-06-13T07:21:01.000Z</time><ele>13.79</ele></trkpt><trkpt lat="37.067635" lon="126.994365"><time>2026-06-13T07:21:02.000Z</time><ele>13.66</ele></trkpt><trkpt lat="37.067808" lon="126.99437"><time>2026-06-13T07:21:03.000Z</time><ele>13.82</ele></trkpt><trkpt lat="37.067978" lon="126.994362"><time>2026-06-13T07:21:04.000Z</time><ele>13.83</ele></trkpt><trkpt lat="37.068142" lon="126.994333"><time>2026-06-13T07:21:05.000Z</time><ele>13.9</ele></trkpt><trkpt lat="37.068308" lon="126.994292"><time>2026-06-13T07:21:06.000Z</time><ele>13.88</ele></trkpt><trkpt lat="37.068476" lon="126.994244"><time>2026-06-13T07:21:07.000Z</time><ele>13.69</ele></trkpt><trkpt lat="37.068629" lon="126.994204"><time>2026-06-13T07:21:08.000Z</time><ele>13.78</ele></trkpt><trkpt lat="37.068783" lon="126.994164"><time>2026-06-13T07:21:09.000Z</time><ele>13.88</ele></trkpt><trkpt lat="37.068936" lon="126.994124"><time>2026-06-13T07:21:10.000Z</time><ele>14.09</ele></trkpt><trkpt lat="37.069087" lon="126.994081"><time>2026-06-13T07:21:11.000Z</time><ele>14.25</ele></trkpt><trkpt lat="37.069239" lon="126.994037"><time>2026-06-13T07:21:12.000Z</time><ele>14.31</ele></trkpt><trkpt lat="37.069395" lon="126.993995"><time>2026-06-13T07:21:13.000Z</time><ele>14.23</ele></trkpt><trkpt lat="37.069551" lon="126.99395"><time>2026-06-13T07:21:14.000Z</time><ele>14.4</ele></trkpt><trkpt lat="37.069694" lon="126.993911"><time>2026-06-13T07:21:15.000Z</time><ele>14.28</ele></trkpt><trkpt lat="37.069833" lon="126.993876"><time>2026-06-13T07:21:16.001Z</time><ele>14.29</ele></trkpt><trkpt lat="37.069974" lon="126.99384"><time>2026-06-13T07:21:17.001Z</time><ele>14.28</ele></trkpt><trkpt lat="37.070117" lon="126.993797"><time>2026-06-13T07:21:18.001Z</time><ele>14.4</ele></trkpt><trkpt lat="37.070265" lon="126.993756"><time>2026-06-13T07:21:19.001Z</time><ele>14.18</ele></trkpt><trkpt lat="37.070419" lon="126.993715"><time>2026-06-13T07:21:20.001Z</time><ele>14.52</ele></trkpt><trkpt lat="37.070576" lon="126.993672"><time>2026-06-13T07:21:21.001Z</time><ele>14.46</ele></trkpt><trkpt lat="37.07073" lon="126.993629"><time>2026-06-13T07:21:22.001Z</time><ele>14.6</ele></trkpt><trkpt lat="37.07088" lon="126.993587"><time>2026-06-13T07:21:23.001Z</time><ele>14.74</ele></trkpt><trkpt lat="37.071025" lon="126.993546"><time>2026-06-13T07:21:24.001Z</time><ele>14.54</ele></trkpt><trkpt lat="37.071172" lon="126.993508"><time>2026-06-13T07:21:25.001Z</time><ele>14.86</ele></trkpt><trkpt lat="37.071322" lon="126.993467"><time>2026-06-13T07:21:26.001Z</time><ele>14.86</ele></trkpt><trkpt lat="37.071474" lon="126.993427"><time>2026-06-13T07:21:27.001Z</time><ele>15.17</ele></trkpt><trkpt lat="37.071627" lon="126.993386"><time>2026-06-13T07:21:28.001Z</time><ele>15.12</ele></trkpt><trkpt lat="37.071775" lon="126.993346"><time>2026-06-13T07:21:29.001Z</time><ele>15.31</ele></trkpt><trkpt lat="37.071926" lon="126.993306"><time>2026-06-13T07:21:30.001Z</time><ele>15.32</ele></trkpt><trkpt lat="37.072072" lon="126.993271"><time>2026-06-13T07:21:31.001Z</time><ele>15.42</ele></trkpt><trkpt lat="37.072227" lon="126.993232"><time>2026-06-13T07:21:32.001Z</time><ele>15.53</ele></trkpt><trkpt lat="37.072381" lon="126.993186"><time>2026-06-13T07:21:33.001Z</time><ele>15.65</ele></trkpt><trkpt lat="37.072542" lon="126.99314"><time>2026-06-13T07:21:34.001Z</time><ele>15.64</ele></trkpt><trkpt lat="37.072696" lon="126.993098"><time>2026-06-13T07:21:35.001Z</time><ele>15.62</ele></trkpt><trkpt lat="37.072854" lon="126.993056"><time>2026-06-13T07:21:36.001Z</time><ele>15.91</ele></trkpt><trkpt lat="37.073008" lon="126.993013"><time>2026-06-13T07:21:37.001Z</time><ele>16</ele></trkpt><trkpt lat="37.073169" lon="126.99297"><time>2026-06-13T07:21:38.001Z</time><ele>16.04</ele></trkpt><trkpt lat="37.073329" lon="126.992925"><time>2026-06-13T07:21:39.001Z</time><ele>15.77</ele></trkpt><trkpt lat="37.073492" lon="126.99288"><time>2026-06-13T07:21:40.001Z</time><ele>15.71</ele></trkpt><trkpt lat="37.07366" lon="126.992835"><time>2026-06-13T07:21:41.001Z</time><ele>15.73</ele></trkpt><trkpt lat="37.073826" lon="126.992791"><time>2026-06-13T07:21:42.001Z</time><ele>15.85</ele></trkpt><trkpt lat="37.073995" lon="126.992746"><time>2026-06-13T07:21:43.001Z</time><ele>15.78</ele></trkpt><trkpt lat="37.074166" lon="126.992701"><time>2026-06-13T07:21:44.001Z</time><ele>15.51</ele></trkpt><trkpt lat="37.074339" lon="126.992653"><time>2026-06-13T07:21:45.001Z</time><ele>15.59</ele></trkpt><trkpt lat="37.074502" lon="126.99261"><time>2026-06-13T07:21:46.001Z</time><ele>15.51</ele></trkpt><trkpt lat="37.074662" lon="126.992566"><time>2026-06-13T07:21:47.001Z</time><ele>15.31</ele></trkpt><trkpt lat="37.074825" lon="126.992524"><time>2026-06-13T07:21:48.001Z</time><ele>15.32</ele></trkpt><trkpt lat="37.074991" lon="126.992478"><time>2026-06-13T07:21:49.001Z</time><ele>15.36</ele></trkpt><trkpt lat="37.07516" lon="126.992432"><time>2026-06-13T07:21:50.001Z</time><ele>15.43</ele></trkpt><trkpt lat="37.075334" lon="126.992384"><time>2026-06-13T07:21:51.001Z</time><ele>15.41</ele></trkpt><trkpt lat="37.075508" lon="126.992335"><time>2026-06-13T07:21:52.002Z</time><ele>15.62</ele></trkpt><trkpt lat="37.075677" lon="126.992291"><time>2026-06-13T07:21:53.002Z</time><ele>15.76</ele></trkpt><trkpt lat="37.075848" lon="126.992241"><time>2026-06-13T07:21:54.002Z</time><ele>15.88</ele></trkpt><trkpt lat="37.076009" lon="126.992197"><time>2026-06-13T07:21:55.002Z</time><ele>15.88</ele></trkpt><trkpt lat="37.076162" lon="126.992159"><time>2026-06-13T07:21:56.002Z</time><ele>16.02</ele></trkpt><trkpt lat="37.076305" lon="126.992122"><time>2026-06-13T07:21:57.002Z</time><ele>16.3</ele></trkpt><trkpt lat="37.076446" lon="126.99208"><time>2026-06-13T07:21:58.002Z</time><ele>16.48</ele></trkpt><trkpt lat="37.07659" lon="126.992043"><time>2026-06-13T07:21:59.002Z</time><ele>16.59</ele></trkpt><trkpt lat="37.076736" lon="126.992004"><time>2026-06-13T07:22:00.002Z</time><ele>16.7</ele></trkpt><trkpt lat="37.076882" lon="126.991964"><time>2026-06-13T07:22:01.002Z</time><ele>16.9</ele></trkpt><trkpt lat="37.077021" lon="126.991929"><time>2026-06-13T07:22:02.002Z</time><ele>16.58</ele></trkpt><trkpt lat="37.077151" lon="126.991891"><time>2026-06-13T07:22:03.002Z</time><ele>16.66</ele></trkpt><trkpt lat="37.077285" lon="126.991852"><time>2026-06-13T07:22:04.002Z</time><ele>16.69</ele></trkpt><trkpt lat="37.077425" lon="126.991813"><time>2026-06-13T07:22:05.002Z</time><ele>16.77</ele></trkpt><trkpt lat="37.077569" lon="126.991774"><time>2026-06-13T07:22:06.002Z</time><ele>16.86</ele></trkpt><trkpt lat="37.077717" lon="126.991734"><time>2026-06-13T07:22:07.002Z</time><ele>17.25</ele></trkpt><trkpt lat="37.077868" lon="126.991699"><time>2026-06-13T07:22:08.002Z</time><ele>17.21</ele></trkpt><trkpt lat="37.078018" lon="126.991658"><time>2026-06-13T07:22:09.002Z</time><ele>17.48</ele></trkpt><trkpt lat="37.07816" lon="126.99162"><time>2026-06-13T07:22:10.002Z</time><ele>17.57</ele></trkpt><trkpt lat="37.078296" lon="126.991575"><time>2026-06-13T07:22:11.002Z</time><ele>17.45</ele></trkpt><trkpt lat="37.07842" lon="126.991527"><time>2026-06-13T07:22:12.002Z</time><ele>17.3</ele></trkpt><trkpt lat="37.078539" lon="126.991471"><time>2026-06-13T07:22:13.002Z</time><ele>17.27</ele></trkpt><trkpt lat="37.078658" lon="126.991396"><time>2026-06-13T07:22:14.002Z</time><ele>17.31</ele></trkpt><trkpt lat="37.078775" lon="126.991316"><time>2026-06-13T07:22:15.002Z</time><ele>17.2</ele></trkpt><trkpt lat="37.078885" lon="126.991235"><time>2026-06-13T07:22:16.002Z</time><ele>16.75</ele></trkpt><trkpt lat="37.078986" lon="126.991139"><time>2026-06-13T07:22:17.002Z</time><ele>16.64</ele></trkpt><trkpt lat="37.079084" lon="126.991015"><time>2026-06-13T07:22:18.002Z</time><ele>16.28</ele></trkpt><trkpt lat="37.07917" lon="126.990886"><time>2026-06-13T07:22:19.002Z</time><ele>16.18</ele></trkpt><trkpt lat="37.07925" lon="126.99076"><time>2026-06-13T07:22:20.002Z</time><ele>16.01</ele></trkpt><trkpt lat="37.079328" lon="126.990634"><time>2026-06-13T07:22:21.002Z</time><ele>15.59</ele></trkpt><trkpt lat="37.079412" lon="126.990517"><time>2026-06-13T07:22:22.002Z</time><ele>15.63</ele></trkpt><trkpt lat="37.079492" lon="126.990406"><time>2026-06-13T07:22:23.002Z</time><ele>15.53</ele></trkpt><trkpt lat="37.079578" lon="126.990311"><time>2026-06-13T07:22:24.002Z</time><ele>16.12</ele></trkpt><trkpt lat="37.079674" lon="126.990217"><time>2026-06-13T07:22:25.002Z</time><ele>15.79</ele></trkpt><trkpt lat="37.079765" lon="126.990139"><time>2026-06-13T07:22:26.002Z</time><ele>15.87</ele></trkpt><trkpt lat="37.079882" lon="126.990077"><time>2026-06-13T07:22:27.002Z</time><ele>14.42</ele></trkpt><trkpt lat="37.080001" lon="126.990015"><time>2026-06-13T07:22:28.003Z</time><ele>15.14</ele></trkpt><trkpt lat="37.080127" lon="126.989977"><time>2026-06-13T07:22:29.003Z</time><ele>14.57</ele></trkpt><trkpt lat="37.080238" lon="126.98996"><time>2026-06-13T07:22:30.003Z</time><ele>15.16</ele></trkpt><trkpt lat="37.080346" lon="126.989957"><time>2026-06-13T07:22:31.003Z</time><ele>15.22</ele></trkpt><trkpt lat="37.080457" lon="126.989956"><time>2026-06-13T07:22:32.003Z</time><ele>14.99</ele></trkpt><trkpt lat="37.080559" lon="126.989941"><time>2026-06-13T07:22:33.003Z</time><ele>14.83</ele></trkpt><trkpt lat="37.080646" lon="126.989935"><time>2026-06-13T07:22:34.003Z</time><ele>14.86</ele></trkpt><trkpt lat="37.08071" lon="126.989961"><time>2026-06-13T07:22:35.003Z</time><ele>14.97</ele></trkpt><trkpt lat="37.080756" lon="126.989964"><time>2026-06-13T07:22:36.003Z</time><ele>14.92</ele></trkpt><trkpt lat="37.080793" lon="126.990074"><time>2026-06-13T07:22:37.003Z</time><ele>14.66</ele></trkpt><trkpt lat="37.080836" lon="126.990132"><time>2026-06-13T07:22:38.003Z</time><ele>14.76</ele></trkpt><trkpt lat="37.080818" lon="126.99024"><time>2026-06-13T07:22:39.003Z</time><ele>14.68</ele></trkpt><trkpt lat="37.080828" lon="126.990329"><time>2026-06-13T07:22:40.003Z</time><ele>14.14</ele></trkpt><trkpt lat="37.080842" lon="126.990415"><time>2026-06-13T07:22:41.003Z</time><ele>13.73</ele></trkpt><trkpt lat="37.080851" lon="126.990499"><time>2026-06-13T07:22:42.003Z</time><ele>13.56</ele></trkpt><trkpt lat="37.080861" lon="126.990593"><time>2026-06-13T07:22:43.003Z</time><ele>13.59</ele></trkpt><trkpt lat="37.080872" lon="126.990691"><time>2026-06-13T07:22:44.003Z</time><ele>13.41</ele></trkpt><trkpt lat="37.080895" lon="126.990799"><time>2026-06-13T07:22:45.003Z</time><ele>14.43</ele></trkpt><trkpt lat="37.080909" lon="126.990897"><time>2026-06-13T07:22:46.000Z</time><ele>15.04</ele></trkpt><trkpt lat="37.080913" lon="126.990961"><time>2026-06-13T07:22:47.000Z</time><ele>15.38</ele></trkpt><trkpt lat="37.080919" lon="126.991018"><time>2026-06-13T07:22:48.000Z</time><ele>15.96</ele></trkpt><trkpt lat="37.080924" lon="126.991081"><time>2026-06-13T07:22:49.000Z</time><ele>16.04</ele></trkpt><trkpt lat="37.080928" lon="126.991165"><time>2026-06-13T07:22:50.000Z</time><ele>16.26</ele></trkpt><trkpt lat="37.080935" lon="126.991253"><time>2026-06-13T07:22:51.000Z</time><ele>16.46</ele></trkpt><trkpt lat="37.080942" lon="126.991349"><time>2026-06-13T07:22:52.000Z</time><ele>16.76</ele></trkpt><trkpt lat="37.080949" lon="126.991458"><time>2026-06-13T07:22:53.000Z</time><ele>16.82</ele></trkpt><trkpt lat="37.080956" lon="126.991579"><time>2026-06-13T07:22:54.000Z</time><ele>16.88</ele></trkpt><trkpt lat="37.080967" lon="126.991708"><time>2026-06-13T07:22:55.000Z</time><ele>16.88</ele></trkpt><trkpt lat="37.080976" lon="126.991843"><time>2026-06-13T07:22:56.000Z</time><ele>16.9</ele></trkpt><trkpt lat="37.081031" lon="126.992608"><time>2026-06-13T07:23:01.000Z</time><ele>16.98</ele></trkpt><trkpt lat="37.081043" lon="126.992772"><time>2026-06-13T07:23:02.000Z</time><ele>16.87</ele></trkpt><trkpt lat="37.081054" lon="126.992928"><time>2026-06-13T07:23:03.000Z</time><ele>17.12</ele></trkpt><trkpt lat="37.081063" lon="126.993066"><time>2026-06-13T07:23:04.000Z</time><ele>17.37</ele></trkpt><trkpt lat="37.081071" lon="126.993201"><time>2026-06-13T07:23:05.000Z</time><ele>17.25</ele></trkpt><trkpt lat="37.081079" lon="126.993337"><time>2026-06-13T07:23:06.000Z</time><ele>17.51</ele></trkpt><trkpt lat="37.081092" lon="126.993485"><time>2026-06-13T07:23:07.000Z</time><ele>17.5</ele></trkpt><trkpt lat="37.081104" lon="126.993641"><time>2026-06-13T07:23:08.000Z</time><ele>17.27</ele></trkpt><trkpt lat="37.081112" lon="126.993788"><time>2026-06-13T07:23:09.000Z</time><ele>17.3</ele></trkpt><trkpt lat="37.081122" lon="126.993917"><time>2026-06-13T07:23:10.000Z</time><ele>17.09</ele></trkpt><trkpt lat="37.08113" lon="126.99403"><time>2026-06-13T07:23:11.000Z</time><ele>16.92</ele></trkpt><trkpt lat="37.081136" lon="126.994123"><time>2026-06-13T07:23:12.000Z</time><ele>16.59</ele></trkpt><trkpt lat="37.081142" lon="126.994201"><time>2026-06-13T07:23:13.000Z</time><ele>16.66</ele></trkpt><trkpt lat="37.081149" lon="126.994271"><time>2026-06-13T07:23:14.000Z</time><ele>16.51</ele></trkpt><trkpt lat="37.081154" lon="126.994334"><time>2026-06-13T07:23:15.000Z</time><ele>16.39</ele></trkpt><trkpt lat="37.081158" lon="126.994391"><time>2026-06-13T07:23:16.000Z</time><ele>16.34</ele></trkpt><trkpt lat="37.081161" lon="126.994456"><time>2026-06-13T07:23:17.000Z</time><ele>16.34</ele></trkpt><trkpt lat="37.081174" lon="126.994522"><time>2026-06-13T07:23:18.000Z</time><ele>16.28</ele></trkpt><trkpt lat="37.081168" lon="126.994584"><time>2026-06-13T07:23:19.000Z</time><ele>16.09</ele></trkpt><trkpt lat="37.081426" lon="126.994603"><time>2026-06-13T07:23:22.001Z</time><ele>15.46</ele></trkpt><trkpt lat="37.0815" lon="126.99458"><time>2026-06-13T07:23:23.001Z</time><ele>15.37</ele></trkpt><trkpt lat="37.08159" lon="126.994552"><time>2026-06-13T07:23:24.001Z</time><ele>15.38</ele></trkpt><trkpt lat="37.081686" lon="126.99454"><time>2026-06-13T07:23:25.001Z</time><ele>15.38</ele></trkpt><trkpt lat="37.08179" lon="126.994551"><time>2026-06-13T07:23:26.001Z</time><ele>15.46</ele></trkpt><trkpt lat="37.081898" lon="126.994581"><time>2026-06-13T07:23:27.001Z</time><ele>15.6</ele></trkpt><trkpt lat="37.082008" lon="126.994612"><time>2026-06-13T07:23:28.001Z</time><ele>15.41</ele></trkpt><trkpt lat="37.082118" lon="126.994646"><time>2026-06-13T07:23:29.001Z</time><ele>15.36</ele></trkpt><trkpt lat="37.082227" lon="126.994677"><time>2026-06-13T07:23:30.001Z</time><ele>15.38</ele></trkpt><trkpt lat="37.082328" lon="126.994706"><time>2026-06-13T07:23:31.001Z</time><ele>15.35</ele></trkpt><trkpt lat="37.082431" lon="126.994738"><time>2026-06-13T07:23:32.001Z</time><ele>15.19</ele></trkpt><trkpt lat="37.082534" lon="126.994767"><time>2026-06-13T07:23:33.001Z</time><ele>15.03</ele></trkpt><trkpt lat="37.082636" lon="126.9948"><time>2026-06-13T07:23:34.001Z</time><ele>15.14</ele></trkpt><trkpt lat="37.082741" lon="126.994827"><time>2026-06-13T07:23:35.001Z</time><ele>15.2</ele></trkpt><trkpt lat="37.08285" lon="126.994859"><time>2026-06-13T07:23:36.001Z</time><ele>15.29</ele></trkpt><trkpt lat="37.082961" lon="126.994891"><time>2026-06-13T07:23:37.001Z</time><ele>15.37</ele></trkpt><trkpt lat="37.083076" lon="126.994925"><time>2026-06-13T07:23:38.001Z</time><ele>15.27</ele></trkpt><trkpt lat="37.08319" lon="126.994962"><time>2026-06-13T07:23:39.001Z</time><ele>15.34</ele></trkpt><trkpt lat="37.083303" lon="126.995006"><time>2026-06-13T07:23:40.001Z</time><ele>15.14</ele></trkpt><trkpt lat="37.08342" lon="126.995056"><time>2026-06-13T07:23:41.001Z</time><ele>15.27</ele></trkpt><trkpt lat="37.083541" lon="126.995113"><time>2026-06-13T07:23:42.001Z</time><ele>15.06</ele></trkpt><trkpt lat="37.083667" lon="126.995172"><time>2026-06-13T07:23:43.001Z</time><ele>15.32</ele></trkpt><trkpt lat="37.083794" lon="126.995237"><time>2026-06-13T07:23:44.001Z</time><ele>15.39</ele></trkpt><trkpt lat="37.083926" lon="126.995311"><time>2026-06-13T07:23:45.001Z</time><ele>15.35</ele></trkpt><trkpt lat="37.084057" lon="126.99539"><time>2026-06-13T07:23:46.001Z</time><ele>15.47</ele></trkpt><trkpt lat="37.084189" lon="126.995469"><time>2026-06-13T07:23:47.001Z</time><ele>15.49</ele></trkpt><trkpt lat="37.08432" lon="126.995544"><time>2026-06-13T07:23:48.001Z</time><ele>15.42</ele></trkpt><trkpt lat="37.084447" lon="126.995619"><time>2026-06-13T07:23:49.001Z</time><ele>15.43</ele></trkpt><trkpt lat="37.084565" lon="126.995686"><time>2026-06-13T07:23:50.001Z</time><ele>15.29</ele></trkpt><trkpt lat="37.084684" lon="126.995757"><time>2026-06-13T07:23:51.001Z</time><ele>15.22</ele></trkpt><trkpt lat="37.084805" lon="126.995834"><time>2026-06-13T07:23:52.001Z</time><ele>15.26</ele></trkpt><trkpt lat="37.084924" lon="126.995908"><time>2026-06-13T07:23:53.001Z</time><ele>15.49</ele></trkpt><trkpt lat="37.085048" lon="126.995985"><time>2026-06-13T07:23:54.001Z</time><ele>15.35</ele></trkpt><trkpt lat="37.08517" lon="126.996067"><time>2026-06-13T07:23:55.001Z</time><ele>15.22</ele></trkpt><trkpt lat="37.08529" lon="126.99616"><time>2026-06-13T07:23:56.001Z</time><ele>15.17</ele></trkpt><trkpt lat="37.085409" lon="126.996257"><time>2026-06-13T07:23:57.002Z</time><ele>15.02</ele></trkpt><trkpt lat="37.085527" lon="126.996357"><time>2026-06-13T07:23:58.002Z</time><ele>14.91</ele></trkpt><trkpt lat="37.085648" lon="126.996465"><time>2026-06-13T07:23:59.002Z</time><ele>14.9</ele></trkpt><trkpt lat="37.085768" lon="126.99657"><time>2026-06-13T07:24:00.002Z</time><ele>14.94</ele></trkpt><trkpt lat="37.085891" lon="126.996683"><time>2026-06-13T07:24:01.002Z</time><ele>14.89</ele></trkpt><trkpt lat="37.086003" lon="126.996814"><time>2026-06-13T07:24:02.002Z</time><ele>14.89</ele></trkpt><trkpt lat="37.086127" lon="126.996936"><time>2026-06-13T07:24:03.002Z</time><ele>14.92</ele></trkpt><trkpt lat="37.086252" lon="126.99706"><time>2026-06-13T07:24:04.002Z</time><ele>15.05</ele></trkpt><trkpt lat="37.086388" lon="126.99718"><time>2026-06-13T07:24:05.002Z</time><ele>15.26</ele></trkpt><trkpt lat="37.086516" lon="126.99732"><time>2026-06-13T07:24:06.002Z</time><ele>15.45</ele></trkpt><trkpt lat="37.086639" lon="126.997459"><time>2026-06-13T07:24:07.002Z</time><ele>15.56</ele></trkpt><trkpt lat="37.086766" lon="126.9976"><time>2026-06-13T07:24:08.002Z</time><ele>15.45</ele></trkpt><trkpt lat="37.086884" lon="126.997742"><time>2026-06-13T07:24:09.002Z</time><ele>15.43</ele></trkpt><trkpt lat="37.086995" lon="126.997883"><time>2026-06-13T07:24:10.002Z</time><ele>15.38</ele></trkpt><trkpt lat="37.087095" lon="126.998013"><time>2026-06-13T07:24:11.002Z</time><ele>15.45</ele></trkpt><trkpt lat="37.087192" lon="126.998141"><time>2026-06-13T07:24:12.002Z</time><ele>15.38</ele></trkpt><trkpt lat="37.087284" lon="126.998269"><time>2026-06-13T07:24:13.002Z</time><ele>15.39</ele></trkpt><trkpt lat="37.087375" lon="126.998394"><time>2026-06-13T07:24:14.002Z</time><ele>15.58</ele></trkpt><trkpt lat="37.087467" lon="126.998527"><time>2026-06-13T07:24:15.002Z</time><ele>15.51</ele></trkpt><trkpt lat="37.087561" lon="126.998665"><time>2026-06-13T07:24:16.002Z</time><ele>15.48</ele></trkpt><trkpt lat="37.087656" lon="126.99881"><time>2026-06-13T07:24:17.002Z</time><ele>15.45</ele></trkpt><trkpt lat="37.08775" lon="126.998961"><time>2026-06-13T07:24:18.002Z</time><ele>15.48</ele></trkpt><trkpt lat="37.087846" lon="126.999117"><time>2026-06-13T07:24:19.002Z</time><ele>15.48</ele></trkpt><trkpt lat="37.08794" lon="126.99927"><time>2026-06-13T07:24:20.002Z</time><ele>15.39</ele></trkpt><trkpt lat="37.088022" lon="126.999413"><time>2026-06-13T07:24:21.002Z</time><ele>15.23</ele></trkpt><trkpt lat="37.088101" lon="126.999549"><time>2026-06-13T07:24:22.002Z</time><ele>15.34</ele></trkpt><trkpt lat="37.088175" lon="126.999679"><time>2026-06-13T07:24:23.002Z</time><ele>15.38</ele></trkpt><trkpt lat="37.088247" lon="126.999815"><time>2026-06-13T07:24:24.002Z</time><ele>15.44</ele></trkpt><trkpt lat="37.088321" lon="126.999957"><time>2026-06-13T07:24:25.002Z</time><ele>15.37</ele></trkpt><trkpt lat="37.088398" lon="127.000105"><time>2026-06-13T07:24:26.002Z</time><ele>15.47</ele></trkpt><trkpt lat="37.088472" lon="127.000253"><time>2026-06-13T07:24:27.002Z</time><ele>15.54</ele></trkpt><trkpt lat="37.088538" lon="127.00039"><time>2026-06-13T07:24:28.002Z</time><ele>15.46</ele></trkpt><trkpt lat="37.088598" lon="127.000518"><time>2026-06-13T07:24:29.002Z</time><ele>15.68</ele></trkpt><trkpt lat="37.088657" lon="127.000638"><time>2026-06-13T07:24:30.002Z</time><ele>15.67</ele></trkpt><trkpt lat="37.088709" lon="127.000751"><time>2026-06-13T07:24:31.002Z</time><ele>15.59</ele></trkpt><trkpt lat="37.088754" lon="127.000859"><time>2026-06-13T07:24:32.003Z</time><ele>15.56</ele></trkpt><trkpt lat="37.088806" lon="127.00098"><time>2026-06-13T07:24:33.003Z</time><ele>15.78</ele></trkpt><trkpt lat="37.088864" lon="127.00111"><time>2026-06-13T07:24:34.003Z</time><ele>15.85</ele></trkpt><trkpt lat="37.088925" lon="127.001247"><time>2026-06-13T07:24:35.003Z</time><ele>16</ele></trkpt><trkpt lat="37.088985" lon="127.001393"><time>2026-06-13T07:24:36.003Z</time><ele>16.28</ele></trkpt><trkpt lat="37.089043" lon="127.001543"><time>2026-06-13T07:24:37.003Z</time><ele>16.76</ele></trkpt><trkpt lat="37.089096" lon="127.001682"><time>2026-06-13T07:24:38.003Z</time><ele>17.1</ele></trkpt><trkpt lat="37.089142" lon="127.001806"><time>2026-06-13T07:24:39.003Z</time><ele>17.61</ele></trkpt><trkpt lat="37.089176" lon="127.001901"><time>2026-06-13T07:24:40.003Z</time><ele>17.84</ele></trkpt><trkpt lat="37.089203" lon="127.001979"><time>2026-06-13T07:24:41.003Z</time><ele>18.09</ele></trkpt><trkpt lat="37.08922" lon="127.002037"><time>2026-06-13T07:24:42.003Z</time><ele>18.24</ele></trkpt><trkpt lat="37.089235" lon="127.002093"><time>2026-06-13T07:24:43.003Z</time><ele>18.59</ele></trkpt><trkpt lat="37.089287" lon="127.002164"><time>2026-06-13T07:24:45.003Z</time><ele>18.32</ele></trkpt><trkpt lat="37.089334" lon="127.002257"><time>2026-06-13T07:24:47.003Z</time><ele>18.76</ele></trkpt><trkpt lat="37.08938" lon="127.002315"><time>2026-06-13T07:24:48.003Z</time><ele>19.16</ele></trkpt><trkpt lat="37.089396" lon="127.002375"><time>2026-06-13T07:24:49.003Z</time><ele>19.69</ele></trkpt><trkpt lat="37.089411" lon="127.002428"><time>2026-06-13T07:24:50.003Z</time><ele>20.17</ele></trkpt><trkpt lat="37.089438" lon="127.002506"><time>2026-06-13T07:24:52.000Z</time><ele>20.78</ele></trkpt><trkpt lat="37.08947" lon="127.002575"><time>2026-06-13T07:24:54.000Z</time><ele>20.93</ele></trkpt><trkpt lat="37.089942" lon="127.002556"><time>2026-06-13T07:24:59.000Z</time><ele>22.38</ele></trkpt><trkpt lat="37.090016" lon="127.002566"><time>2026-06-13T07:25:00.000Z</time><ele>22.83</ele></trkpt><trkpt lat="37.090099" lon="127.002578"><time>2026-06-13T07:25:01.000Z</time><ele>23.18</ele></trkpt><trkpt lat="37.090191" lon="127.002595"><time>2026-06-13T07:25:02.000Z</time><ele>23.49</ele></trkpt><trkpt lat="37.090272" lon="127.002609"><time>2026-06-13T07:25:03.000Z</time><ele>23.83</ele></trkpt><trkpt lat="37.090355" lon="127.002622"><time>2026-06-13T07:25:04.000Z</time><ele>24.12</ele></trkpt><trkpt lat="37.090443" lon="127.002633"><time>2026-06-13T07:25:05.000Z</time><ele>24.25</ele></trkpt><trkpt lat="37.090535" lon="127.002648"><time>2026-06-13T07:25:06.000Z</time><ele>24.51</ele></trkpt><trkpt lat="37.090632" lon="127.002668"><time>2026-06-13T07:25:07.000Z</time><ele>24.56</ele></trkpt><trkpt lat="37.090736" lon="127.002686"><time>2026-06-13T07:25:08.000Z</time><ele>24.77</ele></trkpt><trkpt lat="37.090838" lon="127.002703"><time>2026-06-13T07:25:09.000Z</time><ele>24.89</ele></trkpt><trkpt lat="37.09094" lon="127.002719"><time>2026-06-13T07:25:10.000Z</time><ele>25.08</ele></trkpt><trkpt lat="37.091044" lon="127.002736"><time>2026-06-13T07:25:11.000Z</time><ele>25.01</ele></trkpt><trkpt lat="37.091154" lon="127.002756"><time>2026-06-13T07:25:12.000Z</time><ele>24.92</ele></trkpt><trkpt lat="37.091274" lon="127.002775"><time>2026-06-13T07:25:13.000Z</time><ele>25.12</ele></trkpt><trkpt lat="37.091394" lon="127.002795"><time>2026-06-13T07:25:14.000Z</time><ele>25.03</ele></trkpt><trkpt lat="37.091504" lon="127.002812"><time>2026-06-13T07:25:15.000Z</time><ele>25.02</ele></trkpt><trkpt lat="37.091607" lon="127.002828"><time>2026-06-13T07:25:16.000Z</time><ele>24.78</ele></trkpt><trkpt lat="37.091715" lon="127.002846"><time>2026-06-13T07:25:17.000Z</time><ele>24.83</ele></trkpt><trkpt lat="37.091825" lon="127.002864"><time>2026-06-13T07:25:18.000Z</time><ele>24.36</ele></trkpt><trkpt lat="37.091941" lon="127.002882"><time>2026-06-13T07:25:19.000Z</time><ele>24.05</ele></trkpt><trkpt lat="37.092057" lon="127.002902"><time>2026-06-13T07:25:20.000Z</time><ele>23.84</ele></trkpt><trkpt lat="37.092165" lon="127.002918"><time>2026-06-13T07:25:21.000Z</time><ele>23.23</ele></trkpt><trkpt lat="37.092267" lon="127.002938"><time>2026-06-13T07:25:22.000Z</time><ele>22.79</ele></trkpt><trkpt lat="37.092377" lon="127.002956"><time>2026-06-13T07:25:23.000Z</time><ele>22.03</ele></trkpt><trkpt lat="37.092485" lon="127.002975"><time>2026-06-13T07:25:24.000Z</time><ele>21.7</ele></trkpt><trkpt lat="37.092592" lon="127.002994"><time>2026-06-13T07:25:25.000Z</time><ele>21.38</ele></trkpt><trkpt lat="37.092696" lon="127.003011"><time>2026-06-13T07:25:26.000Z</time><ele>21.06</ele></trkpt><trkpt lat="37.092795" lon="127.003028"><time>2026-06-13T07:25:27.001Z</time><ele>20.51</ele></trkpt><trkpt lat="37.092903" lon="127.003047"><time>2026-06-13T07:25:28.001Z</time><ele>20.07</ele></trkpt><trkpt lat="37.093017" lon="127.003069"><time>2026-06-13T07:25:29.001Z</time><ele>19.78</ele></trkpt><trkpt lat="37.093122" lon="127.003094"><time>2026-06-13T07:25:30.001Z</time><ele>19.47</ele></trkpt><trkpt lat="37.093223" lon="127.003128"><time>2026-06-13T07:25:31.001Z</time><ele>19.19</ele></trkpt><trkpt lat="37.093317" lon="127.003149"><time>2026-06-13T07:25:32.001Z</time><ele>18.83</ele></trkpt><trkpt lat="37.093407" lon="127.003162"><time>2026-06-13T07:25:33.001Z</time><ele>18.44</ele></trkpt><trkpt lat="37.093493" lon="127.003178"><time>2026-06-13T07:25:34.001Z</time><ele>18.24</ele></trkpt><trkpt lat="37.093581" lon="127.003195"><time>2026-06-13T07:25:35.001Z</time><ele>17.94</ele></trkpt><trkpt lat="37.093654" lon="127.003228"><time>2026-06-13T07:25:36.001Z</time><ele>17.79</ele></trkpt><trkpt lat="37.093706" lon="127.003281"><time>2026-06-13T07:25:37.001Z</time><ele>17.88</ele></trkpt><trkpt lat="37.093743" lon="127.003354"><time>2026-06-13T07:25:38.001Z</time><ele>18.15</ele></trkpt><trkpt lat="37.09377" lon="127.003455"><time>2026-06-13T07:25:39.001Z</time><ele>18.12</ele></trkpt><trkpt lat="37.093781" lon="127.003573"><time>2026-06-13T07:25:40.001Z</time><ele>18.28</ele></trkpt><trkpt lat="37.093796" lon="127.003712"><time>2026-06-13T07:25:41.001Z</time><ele>18.31</ele></trkpt><trkpt lat="37.093821" lon="127.003862"><time>2026-06-13T07:25:42.001Z</time><ele>18.54</ele></trkpt><trkpt lat="37.093837" lon="127.004019"><time>2026-06-13T07:25:43.001Z</time><ele>18.91</ele></trkpt><trkpt lat="37.093848" lon="127.004164"><time>2026-06-13T07:25:44.001Z</time><ele>19.01</ele></trkpt><trkpt lat="37.093858" lon="127.00432"><time>2026-06-13T07:25:45.001Z</time><ele>19.13</ele></trkpt><trkpt lat="37.093875" lon="127.004479"><time>2026-06-13T07:25:46.001Z</time><ele>19.33</ele></trkpt><trkpt lat="37.093894" lon="127.004643"><time>2026-06-13T07:25:47.001Z</time><ele>19.22</ele></trkpt><trkpt lat="37.093912" lon="127.004812"><time>2026-06-13T07:25:48.001Z</time><ele>19.34</ele></trkpt><trkpt lat="37.093934" lon="127.004981"><time>2026-06-13T07:25:49.001Z</time><ele>19.46</ele></trkpt><trkpt lat="37.093953" lon="127.005137"><time>2026-06-13T07:25:50.001Z</time><ele>19.53</ele></trkpt><trkpt lat="37.093968" lon="127.005288"><time>2026-06-13T07:25:51.001Z</time><ele>19.5</ele></trkpt><trkpt lat="37.09398" lon="127.005442"><time>2026-06-13T07:25:52.001Z</time><ele>19.48</ele></trkpt><trkpt lat="37.093988" lon="127.0056"><time>2026-06-13T07:25:53.001Z</time><ele>19.56</ele></trkpt><trkpt lat="37.094004" lon="127.005753"><time>2026-06-13T07:25:54.001Z</time><ele>19.55</ele></trkpt><trkpt lat="37.094021" lon="127.00592"><time>2026-06-13T07:25:55.001Z</time><ele>19.66</ele></trkpt><trkpt lat="37.094034" lon="127.006094"><time>2026-06-13T07:25:56.001Z</time><ele>19.68</ele></trkpt><trkpt lat="37.094047" lon="127.006276"><time>2026-06-13T07:25:57.001Z</time><ele>19.83</ele></trkpt><trkpt lat="37.094061" lon="127.006464"><time>2026-06-13T07:25:58.001Z</time><ele>19.77</ele></trkpt><trkpt lat="37.094075" lon="127.006654"><time>2026-06-13T07:25:59.001Z</time><ele>19.89</ele></trkpt><trkpt lat="37.09409" lon="127.006847"><time>2026-06-13T07:26:00.002Z</time><ele>19.68</ele></trkpt><trkpt lat="37.094109" lon="127.007045"><time>2026-06-13T07:26:01.002Z</time><ele>19.54</ele></trkpt><trkpt lat="37.094126" lon="127.007231"><time>2026-06-13T07:26:02.002Z</time><ele>19.04</ele></trkpt><trkpt lat="37.09414" lon="127.007413"><time>2026-06-13T07:26:03.002Z</time><ele>19.35</ele></trkpt><trkpt lat="37.094153" lon="127.007597"><time>2026-06-13T07:26:04.002Z</time><ele>19</ele></trkpt><trkpt lat="37.094165" lon="127.007781"><time>2026-06-13T07:26:05.002Z</time><ele>18.95</ele></trkpt><trkpt lat="37.094177" lon="127.007957"><time>2026-06-13T07:26:06.002Z</time><ele>18.97</ele></trkpt><trkpt lat="37.094193" lon="127.008127"><time>2026-06-13T07:26:07.002Z</time><ele>18.84</ele></trkpt><trkpt lat="37.094207" lon="127.008305"><time>2026-06-13T07:26:08.002Z</time><ele>18.59</ele></trkpt><trkpt lat="37.094221" lon="127.008486"><time>2026-06-13T07:26:09.002Z</time><ele>18.41</ele></trkpt><trkpt lat="37.094238" lon="127.008672"><time>2026-06-13T07:26:10.002Z</time><ele>18.37</ele></trkpt><trkpt lat="37.094254" lon="127.008863"><time>2026-06-13T07:26:11.002Z</time><ele>18.35</ele></trkpt><trkpt lat="37.094272" lon="127.009058"><time>2026-06-13T07:26:12.002Z</time><ele>17.97</ele></trkpt><trkpt lat="37.094285" lon="127.009259"><time>2026-06-13T07:26:13.002Z</time><ele>17.9</ele></trkpt><trkpt lat="37.094302" lon="127.009458"><time>2026-06-13T07:26:14.002Z</time><ele>17.99</ele></trkpt><trkpt lat="37.094318" lon="127.009657"><time>2026-06-13T07:26:15.002Z</time><ele>17.76</ele></trkpt><trkpt lat="37.094335" lon="127.009857"><time>2026-06-13T07:26:16.002Z</time><ele>17.85</ele></trkpt><trkpt lat="37.094352" lon="127.010057"><time>2026-06-13T07:26:17.002Z</time><ele>17.94</ele></trkpt><trkpt lat="37.094369" lon="127.010258"><time>2026-06-13T07:26:18.002Z</time><ele>17.84</ele></trkpt><trkpt lat="37.094382" lon="127.01046"><time>2026-06-13T07:26:19.002Z</time><ele>17.84</ele></trkpt><trkpt lat="37.094399" lon="127.010659"><time>2026-06-13T07:26:20.002Z</time><ele>17.74</ele></trkpt><trkpt lat="37.094418" lon="127.010859"><time>2026-06-13T07:26:21.002Z</time><ele>17.96</ele></trkpt><trkpt lat="37.094431" lon="127.011058"><time>2026-06-13T07:26:22.002Z</time><ele>18.11</ele></trkpt><trkpt lat="37.094448" lon="127.011259"><time>2026-06-13T07:26:23.002Z</time><ele>18.12</ele></trkpt><trkpt lat="37.094462" lon="127.011457"><time>2026-06-13T07:26:24.002Z</time><ele>18.05</ele></trkpt><trkpt lat="37.09435" lon="127.011686"><time>2026-06-13T07:26:25.002Z</time><ele>18.06</ele></trkpt><trkpt lat="37.094381" lon="127.011874"><time>2026-06-13T07:26:26.002Z</time><ele>18.08</ele></trkpt><trkpt lat="37.094406" lon="127.012052"><time>2026-06-13T07:26:27.002Z</time><ele>18.09</ele></trkpt><trkpt lat="37.094427" lon="127.012235"><time>2026-06-13T07:26:28.002Z</time><ele>18.37</ele></trkpt><trkpt lat="37.094491" lon="127.013747"><time>2026-06-13T07:26:36.003Z</time><ele>18.66</ele></trkpt><trkpt lat="37.094496" lon="127.013923"><time>2026-06-13T07:26:37.003Z</time><ele>18.52</ele></trkpt><trkpt lat="37.094501" lon="127.014087"><time>2026-06-13T07:26:38.003Z</time><ele>18.66</ele></trkpt><trkpt lat="37.094505" lon="127.01424"><time>2026-06-13T07:26:39.003Z</time><ele>18.77</ele></trkpt><trkpt lat="37.094509" lon="127.014382"><time>2026-06-13T07:26:40.003Z</time><ele>18.75</ele></trkpt><trkpt lat="37.094512" lon="127.014491"><time>2026-06-13T07:26:41.003Z</time><ele>18.52</ele></trkpt><trkpt lat="37.094515" lon="127.014581"><time>2026-06-13T07:26:42.003Z</time><ele>17.98</ele></trkpt><trkpt lat="37.094517" lon="127.014654"><time>2026-06-13T07:26:43.003Z</time><ele>18.28</ele></trkpt><trkpt lat="37.094519" lon="127.014734"><time>2026-06-13T07:26:44.003Z</time><ele>18.51</ele></trkpt><trkpt lat="37.094521" lon="127.014807"><time>2026-06-13T07:26:45.003Z</time><ele>18.44</ele></trkpt><trkpt lat="37.094524" lon="127.014897"><time>2026-06-13T07:26:46.003Z</time><ele>18.64</ele></trkpt><trkpt lat="37.094526" lon="127.01499"><time>2026-06-13T07:26:47.003Z</time><ele>18.88</ele></trkpt><trkpt lat="37.094616" lon="127.015086"><time>2026-06-13T07:26:48.003Z</time><ele>18.94</ele></trkpt><trkpt lat="37.094619" lon="127.015193"><time>2026-06-13T07:26:49.003Z</time><ele>18.9</ele></trkpt><trkpt lat="37.094621" lon="127.015313"><time>2026-06-13T07:26:50.003Z</time><ele>19.11</ele></trkpt><trkpt lat="37.09462" lon="127.01543"><time>2026-06-13T07:26:51.003Z</time><ele>19.62</ele></trkpt><trkpt lat="37.094622" lon="127.015536"><time>2026-06-13T07:26:52.003Z</time><ele>19.56</ele></trkpt><trkpt lat="37.094625" lon="127.015625"><time>2026-06-13T07:26:53.003Z</time><ele>19.74</ele></trkpt><trkpt lat="37.09463" lon="127.015704"><time>2026-06-13T07:26:54.003Z</time><ele>19.33</ele></trkpt><trkpt lat="37.094632" lon="127.015775"><time>2026-06-13T07:26:55.003Z</time><ele>19.4</ele></trkpt><trkpt lat="37.094635" lon="127.015864"><time>2026-06-13T07:26:56.003Z</time><ele>19.46</ele></trkpt><trkpt lat="37.094635" lon="127.015967"><time>2026-06-13T07:26:57.003Z</time><ele>19.5</ele></trkpt><trkpt lat="37.094636" lon="127.016082"><time>2026-06-13T07:26:58.000Z</time><ele>19.88</ele></trkpt><trkpt lat="37.094638" lon="127.016213"><time>2026-06-13T07:26:59.000Z</time><ele>19.97</ele></trkpt><trkpt lat="37.094642" lon="127.016354"><time>2026-06-13T07:27:00.000Z</time><ele>20.04</ele></trkpt><trkpt lat="37.094645" lon="127.016496"><time>2026-06-13T07:27:01.000Z</time><ele>19.97</ele></trkpt><trkpt lat="37.094649" lon="127.016646"><time>2026-06-13T07:27:02.000Z</time><ele>20.19</ele></trkpt><trkpt lat="37.094654" lon="127.016811"><time>2026-06-13T07:27:03.000Z</time><ele>20.11</ele></trkpt><trkpt lat="37.094657" lon="127.016983"><time>2026-06-13T07:27:04.000Z</time><ele>20.18</ele></trkpt><trkpt lat="37.094663" lon="127.017163"><time>2026-06-13T07:27:05.000Z</time><ele>20.1</ele></trkpt><trkpt lat="37.094665" lon="127.017343"><time>2026-06-13T07:27:06.000Z</time><ele>20.31</ele></trkpt><trkpt lat="37.094671" lon="127.017533"><time>2026-06-13T07:27:07.000Z</time><ele>20.37</ele></trkpt><trkpt lat="37.094674" lon="127.017726"><time>2026-06-13T07:27:08.000Z</time><ele>20.53</ele></trkpt><trkpt lat="37.094679" lon="127.017922"><time>2026-06-13T07:27:09.000Z</time><ele>20.57</ele></trkpt><trkpt lat="37.094684" lon="127.018104"><time>2026-06-13T07:27:10.000Z</time><ele>20.46</ele></trkpt><trkpt lat="37.094691" lon="127.018288"><time>2026-06-13T07:27:11.000Z</time><ele>20.18</ele></trkpt><trkpt lat="37.094694" lon="127.018466"><time>2026-06-13T07:27:12.000Z</time><ele>20.23</ele></trkpt><trkpt lat="37.094698" lon="127.018652"><time>2026-06-13T07:27:13.000Z</time><ele>20.28</ele></trkpt><trkpt lat="37.094705" lon="127.01884"><time>2026-06-13T07:27:14.000Z</time><ele>20.33</ele></trkpt><trkpt lat="37.094709" lon="127.019031"><time>2026-06-13T07:27:15.000Z</time><ele>20.28</ele></trkpt><trkpt lat="37.094713" lon="127.019227"><time>2026-06-13T07:27:16.000Z</time><ele>19.97</ele></trkpt><trkpt lat="37.094716" lon="127.019425"><time>2026-06-13T07:27:17.000Z</time><ele>19.85</ele></trkpt><trkpt lat="37.094719" lon="127.019625"><time>2026-06-13T07:27:18.000Z</time><ele>19.94</ele></trkpt><trkpt lat="37.094722" lon="127.01983"><time>2026-06-13T07:27:19.000Z</time><ele>19.91</ele></trkpt><trkpt lat="37.094728" lon="127.020036"><time>2026-06-13T07:27:20.000Z</time><ele>19.74</ele></trkpt><trkpt lat="37.094732" lon="127.020232"><time>2026-06-13T07:27:21.000Z</time><ele>19.66</ele></trkpt><trkpt lat="37.09474" lon="127.020433"><time>2026-06-13T07:27:22.000Z</time><ele>19.45</ele></trkpt><trkpt lat="37.094746" lon="127.020635"><time>2026-06-13T07:27:23.000Z</time><ele>19.41</ele></trkpt><trkpt lat="37.094749" lon="127.020837"><time>2026-06-13T07:27:24.000Z</time><ele>19.41</ele></trkpt><trkpt lat="37.094753" lon="127.021037"><time>2026-06-13T07:27:25.000Z</time><ele>19.32</ele></trkpt><trkpt lat="37.094756" lon="127.021232"><time>2026-06-13T07:27:26.000Z</time><ele>19.33</ele></trkpt><trkpt lat="37.094762" lon="127.021424"><time>2026-06-13T07:27:27.000Z</time><ele>19.16</ele></trkpt><trkpt lat="37.094768" lon="127.021617"><time>2026-06-13T07:27:28.000Z</time><ele>19.08</ele></trkpt><trkpt lat="37.094772" lon="127.021806"><time>2026-06-13T07:27:29.000Z</time><ele>19.16</ele></trkpt><trkpt lat="37.094775" lon="127.021997"><time>2026-06-13T07:27:30.001Z</time><ele>19.01</ele></trkpt><trkpt lat="37.094776" lon="127.022191"><time>2026-06-13T07:27:31.001Z</time><ele>18.95</ele></trkpt><trkpt lat="37.094776" lon="127.022387"><time>2026-06-13T07:27:32.001Z</time><ele>19.08</ele></trkpt><trkpt lat="37.094778" lon="127.022587"><time>2026-06-13T07:27:33.001Z</time><ele>18.86</ele></trkpt><trkpt lat="37.09478" lon="127.022787"><time>2026-06-13T07:27:34.001Z</time><ele>18.62</ele></trkpt><trkpt lat="37.094782" lon="127.022991"><time>2026-06-13T07:27:35.001Z</time><ele>18.73</ele></trkpt><trkpt lat="37.094784" lon="127.023195"><time>2026-06-13T07:27:36.001Z</time><ele>18.82</ele></trkpt><trkpt lat="37.09479" lon="127.023394"><time>2026-06-13T07:27:37.001Z</time><ele>18.77</ele></trkpt><trkpt lat="37.0948" lon="127.023579"><time>2026-06-13T07:27:38.001Z</time><ele>18.87</ele></trkpt><trkpt lat="37.094812" lon="127.023752"><time>2026-06-13T07:27:39.001Z</time><ele>18.62</ele></trkpt><trkpt lat="37.094821" lon="127.023916"><time>2026-06-13T07:27:40.001Z</time><ele>18.76</ele></trkpt><trkpt lat="37.094837" lon="127.024081"><time>2026-06-13T07:27:41.001Z</time><ele>18.84</ele></trkpt><trkpt lat="37.094857" lon="127.02425"><time>2026-06-13T07:27:42.001Z</time><ele>18.86</ele></trkpt><trkpt lat="37.09488" lon="127.024421"><time>2026-06-13T07:27:43.001Z</time><ele>18.9</ele></trkpt><trkpt lat="37.094906" lon="127.024593"><time>2026-06-13T07:27:44.001Z</time><ele>18.74</ele></trkpt><trkpt lat="37.094933" lon="127.024766"><time>2026-06-13T07:27:45.001Z</time><ele>18.77</ele></trkpt><trkpt lat="37.094963" lon="127.024937"><time>2026-06-13T07:27:46.001Z</time><ele>18.8</ele></trkpt><trkpt lat="37.094999" lon="127.025106"><time>2026-06-13T07:27:47.001Z</time><ele>18.84</ele></trkpt><trkpt lat="37.095035" lon="127.025275"><time>2026-06-13T07:27:48.001Z</time><ele>18.89</ele></trkpt><trkpt lat="37.095072" lon="127.025431"><time>2026-06-13T07:27:49.001Z</time><ele>19</ele></trkpt><trkpt lat="37.095111" lon="127.025577"><time>2026-06-13T07:27:50.001Z</time><ele>19.16</ele></trkpt><trkpt lat="37.09515" lon="127.025714"><time>2026-06-13T07:27:51.001Z</time><ele>19.1</ele></trkpt><trkpt lat="37.095191" lon="127.025857"><time>2026-06-13T07:27:52.001Z</time><ele>19.14</ele></trkpt><trkpt lat="37.095234" lon="127.026003"><time>2026-06-13T07:27:53.001Z</time><ele>19.15</ele></trkpt><trkpt lat="37.095281" lon="127.026149"><time>2026-06-13T07:27:54.001Z</time><ele>19.04</ele></trkpt><trkpt lat="37.095331" lon="127.026291"><time>2026-06-13T07:27:55.001Z</time><ele>19.01</ele></trkpt><trkpt lat="37.095382" lon="127.026426"><time>2026-06-13T07:27:56.001Z</time><ele>18.96</ele></trkpt><trkpt lat="37.095429" lon="127.026551"><time>2026-06-13T07:27:57.001Z</time><ele>19.16</ele></trkpt><trkpt lat="37.095476" lon="127.026669"><time>2026-06-13T07:27:58.001Z</time><ele>18.93</ele></trkpt><trkpt lat="37.09552" lon="127.026781"><time>2026-06-13T07:27:59.001Z</time><ele>18.88</ele></trkpt><trkpt lat="37.095557" lon="127.026872"><time>2026-06-13T07:28:00.001Z</time><ele>18.89</ele></trkpt><trkpt lat="37.095589" lon="127.026954"><time>2026-06-13T07:28:01.001Z</time><ele>18.77</ele></trkpt><trkpt lat="37.095626" lon="127.02705"><time>2026-06-13T07:28:02.001Z</time><ele>18.83</ele></trkpt><trkpt lat="37.09567" lon="127.027154"><time>2026-06-13T07:28:03.001Z</time><ele>18.91</ele></trkpt><trkpt lat="37.09571" lon="127.027246"><time>2026-06-13T07:28:04.002Z</time><ele>18.93</ele></trkpt><trkpt lat="37.095744" lon="127.027329"><time>2026-06-13T07:28:05.002Z</time><ele>19.13</ele></trkpt><trkpt lat="37.095778" lon="127.027413"><time>2026-06-13T07:28:06.002Z</time><ele>19.3</ele></trkpt><trkpt lat="37.095811" lon="127.027502"><time>2026-06-13T07:28:07.002Z</time><ele>19.11</ele></trkpt><trkpt lat="37.095852" lon="127.027579"><time>2026-06-13T07:28:08.002Z</time><ele>19.01</ele></trkpt><trkpt lat="37.09587" lon="127.027643"><time>2026-06-13T07:28:09.002Z</time><ele>19.02</ele></trkpt><trkpt lat="37.095993" lon="127.027627"><time>2026-06-13T07:28:10.002Z</time><ele>19.12</ele></trkpt><trkpt lat="37.096094" lon="127.027615"><time>2026-06-13T07:28:11.002Z</time><ele>19.1</ele></trkpt><trkpt lat="37.096205" lon="127.027593"><time>2026-06-13T07:28:12.002Z</time><ele>18.73</ele></trkpt><trkpt lat="37.09633" lon="127.027564"><time>2026-06-13T07:28:13.002Z</time><ele>18.36</ele></trkpt><trkpt lat="37.09646" lon="127.027535"><time>2026-06-13T07:28:14.002Z</time><ele>17.92</ele></trkpt><trkpt lat="37.096591" lon="127.027496"><time>2026-06-13T07:28:15.002Z</time><ele>17.28</ele></trkpt><trkpt lat="37.096718" lon="127.027455"><time>2026-06-13T07:28:16.002Z</time><ele>17.1</ele></trkpt><trkpt lat="37.096848" lon="127.027411"><time>2026-06-13T07:28:17.002Z</time><ele>16.59</ele></trkpt><trkpt lat="37.096989" lon="127.027377"><time>2026-06-13T07:28:18.002Z</time><ele>16.14</ele></trkpt><trkpt lat="37.097132" lon="127.027346"><time>2026-06-13T07:28:19.002Z</time><ele>15.89</ele></trkpt><trkpt lat="37.097269" lon="127.027318"><time>2026-06-13T07:28:20.002Z</time><ele>15.65</ele></trkpt><trkpt lat="37.097395" lon="127.027288"><time>2026-06-13T07:28:21.002Z</time><ele>15.76</ele></trkpt><trkpt lat="37.097509" lon="127.027263"><time>2026-06-13T07:28:22.002Z</time><ele>15.55</ele></trkpt><trkpt lat="37.097601" lon="127.027241"><time>2026-06-13T07:28:23.002Z</time><ele>15.67</ele></trkpt><trkpt lat="37.097693" lon="127.027217"><time>2026-06-13T07:28:24.002Z</time><ele>15.33</ele></trkpt><trkpt lat="37.097793" lon="127.027198"><time>2026-06-13T07:28:25.002Z</time><ele>15.27</ele></trkpt><trkpt lat="37.097897" lon="127.027177"><time>2026-06-13T07:28:26.002Z</time><ele>15.39</ele></trkpt><trkpt lat="37.098007" lon="127.027151"><time>2026-06-13T07:28:27.002Z</time><ele>15.91</ele></trkpt><trkpt lat="37.098123" lon="127.027118"><time>2026-06-13T07:28:28.002Z</time><ele>15.72</ele></trkpt><trkpt lat="37.098241" lon="127.027088"><time>2026-06-13T07:28:29.002Z</time><ele>15.89</ele></trkpt><trkpt lat="37.09835" lon="127.027064"><time>2026-06-13T07:28:30.002Z</time><ele>15.94</ele></trkpt><trkpt lat="37.098447" lon="127.02704"><time>2026-06-13T07:28:31.002Z</time><ele>16</ele></trkpt><trkpt lat="37.098527" lon="127.027023"><time>2026-06-13T07:28:32.002Z</time><ele>15.78</ele></trkpt><trkpt lat="37.098615" lon="127.027008"><time>2026-06-13T07:28:33.002Z</time><ele>15.9</ele></trkpt><trkpt lat="37.098711" lon="127.027003"><time>2026-06-13T07:28:34.002Z</time><ele>15.85</ele></trkpt><trkpt lat="37.098813" lon="127.027012"><time>2026-06-13T07:28:35.002Z</time><ele>15.9</ele></trkpt><trkpt lat="37.09892" lon="127.027028"><time>2026-06-13T07:28:36.002Z</time><ele>15.6</ele></trkpt><trkpt lat="37.099034" lon="127.027052"><time>2026-06-13T07:28:37.002Z</time><ele>15.53</ele></trkpt><trkpt lat="37.099153" lon="127.027072"><time>2026-06-13T07:28:38.003Z</time><ele>15.52</ele></trkpt><trkpt lat="37.099281" lon="127.027091"><time>2026-06-13T07:28:39.003Z</time><ele>15.23</ele></trkpt><trkpt lat="37.099411" lon="127.027113"><time>2026-06-13T07:28:40.003Z</time><ele>15.48</ele></trkpt><trkpt lat="37.099547" lon="127.027132"><time>2026-06-13T07:28:41.003Z</time><ele>15.49</ele></trkpt><trkpt lat="37.09967" lon="127.027155"><time>2026-06-13T07:28:42.003Z</time><ele>16</ele></trkpt><trkpt lat="37.099786" lon="127.027172"><time>2026-06-13T07:28:43.003Z</time><ele>16.07</ele></trkpt><trkpt lat="37.099886" lon="127.027188"><time>2026-06-13T07:28:44.003Z</time><ele>16.04</ele></trkpt><trkpt lat="37.099977" lon="127.027204"><time>2026-06-13T07:28:45.003Z</time><ele>15.91</ele></trkpt><trkpt lat="37.100074" lon="127.027218"><time>2026-06-13T07:28:46.003Z</time><ele>15.82</ele></trkpt><trkpt lat="37.100179" lon="127.027236"><time>2026-06-13T07:28:47.003Z</time><ele>15.6</ele></trkpt><trkpt lat="37.100289" lon="127.027259"><time>2026-06-13T07:28:48.003Z</time><ele>15.64</ele></trkpt><trkpt lat="37.100402" lon="127.027276"><time>2026-06-13T07:28:49.003Z</time><ele>15.88</ele></trkpt><trkpt lat="37.100506" lon="127.027297"><time>2026-06-13T07:28:50.003Z</time><ele>16.26</ele></trkpt><trkpt lat="37.100601" lon="127.027315"><time>2026-06-13T07:28:51.003Z</time><ele>16.84</ele></trkpt><trkpt lat="37.100707" lon="127.02733"><time>2026-06-13T07:28:52.003Z</time><ele>17.04</ele></trkpt><trkpt lat="37.100799" lon="127.027369"><time>2026-06-13T07:28:53.003Z</time><ele>17.77</ele></trkpt><trkpt lat="37.100879" lon="127.027419"><time>2026-06-13T07:28:54.003Z</time><ele>17.33</ele></trkpt><trkpt lat="37.100952" lon="127.027476"><time>2026-06-13T07:28:55.003Z</time><ele>17.12</ele></trkpt><trkpt lat="37.101027" lon="127.027543"><time>2026-06-13T07:28:56.003Z</time><ele>16.9</ele></trkpt><trkpt lat="37.101107" lon="127.027614"><time>2026-06-13T07:28:57.003Z</time><ele>16.55</ele></trkpt><trkpt lat="37.101193" lon="127.027681"><time>2026-06-13T07:28:58.003Z</time><ele>16.03</ele></trkpt><trkpt lat="37.101278" lon="127.027752"><time>2026-06-13T07:28:59.003Z</time><ele>15.86</ele></trkpt><trkpt lat="37.101366" lon="127.027829"><time>2026-06-13T07:29:00.003Z</time><ele>15.6</ele></trkpt><trkpt lat="37.101454" lon="127.027902"><time>2026-06-13T07:29:01.003Z</time><ele>15.61</ele></trkpt><trkpt lat="37.101542" lon="127.027971"><time>2026-06-13T07:29:02.003Z</time><ele>15.61</ele></trkpt><trkpt lat="37.101631" lon="127.028048"><time>2026-06-13T07:29:03.003Z</time><ele>15.4</ele></trkpt><trkpt lat="37.101725" lon="127.028124"><time>2026-06-13T07:29:04.000Z</time><ele>15.06</ele></trkpt><trkpt lat="37.101825" lon="127.028201"><time>2026-06-13T07:29:05.000Z</time><ele>14.88</ele></trkpt><trkpt lat="37.101927" lon="127.028285"><time>2026-06-13T07:29:06.000Z</time><ele>14.7</ele></trkpt><trkpt lat="37.10203" lon="127.02837"><time>2026-06-13T07:29:07.000Z</time><ele>14.52</ele></trkpt><trkpt lat="37.102136" lon="127.028458"><time>2026-06-13T07:29:08.000Z</time><ele>14.71</ele></trkpt><trkpt lat="37.102245" lon="127.028546"><time>2026-06-13T07:29:09.000Z</time><ele>14.57</ele></trkpt><trkpt lat="37.102355" lon="127.028638"><time>2026-06-13T07:29:10.000Z</time><ele>14.74</ele></trkpt><trkpt lat="37.102469" lon="127.028733"><time>2026-06-13T07:29:11.000Z</time><ele>14.81</ele></trkpt><trkpt lat="37.102585" lon="127.028829"><time>2026-06-13T07:29:12.000Z</time><ele>14.71</ele></trkpt><trkpt lat="37.102704" lon="127.028927"><time>2026-06-13T07:29:13.000Z</time><ele>14.68</ele></trkpt><trkpt lat="37.102825" lon="127.029025"><time>2026-06-13T07:29:14.000Z</time><ele>14.68</ele></trkpt><trkpt lat="37.102947" lon="127.029125"><time>2026-06-13T07:29:15.000Z</time><ele>14.79</ele></trkpt><trkpt lat="37.10307" lon="127.029227"><time>2026-06-13T07:29:16.000Z</time><ele>15.09</ele></trkpt><trkpt lat="37.103196" lon="127.02933"><time>2026-06-13T07:29:17.000Z</time><ele>15.06</ele></trkpt><trkpt lat="37.103322" lon="127.029436"><time>2026-06-13T07:29:18.000Z</time><ele>15.14</ele></trkpt><trkpt lat="37.10345" lon="127.029544"><time>2026-06-13T07:29:19.000Z</time><ele>15.64</ele></trkpt><trkpt lat="37.103569" lon="127.029643"><time>2026-06-13T07:29:20.000Z</time><ele>15.54</ele></trkpt><trkpt lat="37.103682" lon="127.029738"><time>2026-06-13T07:29:21.000Z</time><ele>15.66</ele></trkpt><trkpt lat="37.10379" lon="127.029823"><time>2026-06-13T07:29:22.000Z</time><ele>15.72</ele></trkpt><trkpt lat="37.10389" lon="127.029902"><time>2026-06-13T07:29:23.000Z</time><ele>15.74</ele></trkpt><trkpt lat="37.103983" lon="127.029978"><time>2026-06-13T07:29:24.000Z</time><ele>15.75</ele></trkpt><trkpt lat="37.104068" lon="127.030054"><time>2026-06-13T07:29:25.000Z</time><ele>15.82</ele></trkpt><trkpt lat="37.104145" lon="127.030113"><time>2026-06-13T07:29:26.000Z</time><ele>15.75</ele></trkpt><trkpt lat="37.104215" lon="127.030175"><time>2026-06-13T07:29:27.000Z</time><ele>15.83</ele></trkpt><trkpt lat="37.104285" lon="127.030237"><time>2026-06-13T07:29:28.000Z</time><ele>15.88</ele></trkpt><trkpt lat="37.104362" lon="127.0303"><time>2026-06-13T07:29:29.000Z</time><ele>15.92</ele></trkpt><trkpt lat="37.104441" lon="127.030365"><time>2026-06-13T07:29:30.000Z</time><ele>15.84</ele></trkpt><trkpt lat="37.104521" lon="127.030433"><time>2026-06-13T07:29:31.000Z</time><ele>15.96</ele></trkpt><trkpt lat="37.104596" lon="127.030493"><time>2026-06-13T07:29:32.000Z</time><ele>15.86</ele></trkpt><trkpt lat="37.104674" lon="127.030556"><time>2026-06-13T07:29:33.000Z</time><ele>15.85</ele></trkpt><trkpt lat="37.104749" lon="127.030617"><time>2026-06-13T07:29:34.000Z</time><ele>15.83</ele></trkpt><trkpt lat="37.104816" lon="127.030672"><time>2026-06-13T07:29:35.000Z</time><ele>15.85</ele></trkpt><trkpt lat="37.104883" lon="127.030726"><time>2026-06-13T07:29:36.001Z</time><ele>16.1</ele></trkpt><trkpt lat="37.104945" lon="127.03078"><time>2026-06-13T07:29:37.001Z</time><ele>16.2</ele></trkpt><trkpt lat="37.105001" lon="127.030832"><time>2026-06-13T07:29:38.001Z</time><ele>16.13</ele></trkpt><trkpt lat="37.105057" lon="127.030888"><time>2026-06-13T07:29:39.001Z</time><ele>16.1</ele></trkpt><trkpt lat="37.105108" lon="127.030941"><time>2026-06-13T07:29:40.001Z</time><ele>15.94</ele></trkpt><trkpt lat="37.105154" lon="127.030984"><time>2026-06-13T07:29:41.001Z</time><ele>16.03</ele></trkpt><trkpt lat="37.105213" lon="127.030997"><time>2026-06-13T07:29:42.001Z</time><ele>15.98</ele></trkpt><trkpt lat="37.10525" lon="127.031039"><time>2026-06-13T07:29:43.001Z</time><ele>15.93</ele></trkpt><trkpt lat="37.105309" lon="127.031106"><time>2026-06-13T07:29:45.001Z</time><ele>15.87</ele></trkpt><trkpt lat="37.105326" lon="127.03121"><time>2026-06-13T07:29:47.001Z</time><ele>15.58</ele></trkpt><trkpt lat="37.105376" lon="127.031294"><time>2026-06-13T07:29:49.001Z</time><ele>15.92</ele></trkpt><trkpt lat="37.105429" lon="127.03133"><time>2026-06-13T07:29:50.001Z</time><ele>15.94</ele></trkpt><trkpt lat="37.105495" lon="127.031312"><time>2026-06-13T07:29:51.001Z</time><ele>15.89</ele></trkpt><trkpt lat="37.105551" lon="127.031301"><time>2026-06-13T07:29:52.001Z</time><ele>15.77</ele></trkpt><trkpt lat="37.10563" lon="127.031372"><time>2026-06-13T07:29:53.001Z</time><ele>15.85</ele></trkpt><trkpt lat="37.105683" lon="127.031405"><time>2026-06-13T07:29:54.001Z</time><ele>15.68</ele></trkpt><trkpt lat="37.105739" lon="127.03144"><time>2026-06-13T07:29:55.001Z</time><ele>15.39</ele></trkpt><trkpt lat="37.105807" lon="127.031482"><time>2026-06-13T07:29:56.001Z</time><ele>15.21</ele></trkpt><trkpt lat="37.105863" lon="127.031576"><time>2026-06-13T07:29:57.001Z</time><ele>15.34</ele></trkpt><trkpt lat="37.105935" lon="127.031633"><time>2026-06-13T07:29:58.001Z</time><ele>15.47</ele></trkpt><trkpt lat="37.106005" lon="127.031683"><time>2026-06-13T07:29:59.001Z</time><ele>15.75</ele></trkpt><trkpt lat="37.106065" lon="127.031729"><time>2026-06-13T07:30:00.001Z</time><ele>15.32</ele></trkpt><trkpt lat="37.106132" lon="127.03178"><time>2026-06-13T07:30:01.001Z</time><ele>15.19</ele></trkpt><trkpt lat="37.1062" lon="127.031835"><time>2026-06-13T07:30:02.001Z</time><ele>15.1</ele></trkpt><trkpt lat="37.106267" lon="127.031884"><time>2026-06-13T07:30:03.001Z</time><ele>15.03</ele></trkpt><trkpt lat="37.106337" lon="127.031943"><time>2026-06-13T07:30:04.001Z</time><ele>15.11</ele></trkpt><trkpt lat="37.106416" lon="127.032006"><time>2026-06-13T07:30:05.001Z</time><ele>15.11</ele></trkpt><trkpt lat="37.106496" lon="127.032076"><time>2026-06-13T07:30:06.001Z</time><ele>14.85</ele></trkpt><trkpt lat="37.106576" lon="127.032155"><time>2026-06-13T07:30:07.001Z</time><ele>15.09</ele></trkpt><trkpt lat="37.106655" lon="127.032218"><time>2026-06-13T07:30:08.001Z</time><ele>15.29</ele></trkpt><trkpt lat="37.106729" lon="127.032274"><time>2026-06-13T07:30:09.002Z</time><ele>15.36</ele></trkpt><trkpt lat="37.106805" lon="127.032342"><time>2026-06-13T07:30:10.002Z</time><ele>15.35</ele></trkpt><trkpt lat="37.106888" lon="127.032409"><time>2026-06-13T07:30:11.002Z</time><ele>15.59</ele></trkpt><trkpt lat="37.106973" lon="127.032483"><time>2026-06-13T07:30:12.002Z</time><ele>15.42</ele></trkpt><trkpt lat="37.107064" lon="127.032557"><time>2026-06-13T07:30:13.002Z</time><ele>15.43</ele></trkpt><trkpt lat="37.107158" lon="127.032639"><time>2026-06-13T07:30:14.002Z</time><ele>15.79</ele></trkpt><trkpt lat="37.107252" lon="127.032718"><time>2026-06-13T07:30:15.002Z</time><ele>15.98</ele></trkpt><trkpt lat="37.107336" lon="127.032785"><time>2026-06-13T07:30:16.002Z</time><ele>16.09</ele></trkpt><trkpt lat="37.107411" lon="127.032845"><time>2026-06-13T07:30:17.002Z</time><ele>16.19</ele></trkpt><trkpt lat="37.107471" lon="127.032898"><time>2026-06-13T07:30:18.002Z</time><ele>16.3</ele></trkpt><trkpt lat="37.107527" lon="127.032944"><time>2026-06-13T07:30:19.002Z</time><ele>16.47</ele></trkpt><trkpt lat="37.107579" lon="127.032984"><time>2026-06-13T07:30:20.002Z</time><ele>16.55</ele></trkpt><trkpt lat="37.107623" lon="127.033024"><time>2026-06-13T07:30:21.002Z</time><ele>16.56</ele></trkpt><trkpt lat="37.107668" lon="127.033062"><time>2026-06-13T07:30:22.002Z</time><ele>16.59</ele></trkpt><trkpt lat="37.10772" lon="127.033107"><time>2026-06-13T07:30:23.002Z</time><ele>16.81</ele></trkpt><trkpt lat="37.107764" lon="127.033144"><time>2026-06-13T07:30:24.002Z</time><ele>16.88</ele></trkpt><trkpt lat="37.107827" lon="127.0332"><time>2026-06-13T07:30:26.002Z</time><ele>16.91</ele></trkpt><trkpt lat="37.107868" lon="127.033242"><time>2026-06-13T07:30:29.002Z</time><ele>17.3</ele></trkpt><trkpt lat="37.107917" lon="127.033293"><time>2026-06-13T07:30:54.003Z</time><ele>18.76</ele></trkpt><trkpt lat="37.107962" lon="127.033336"><time>2026-06-13T07:30:55.003Z</time><ele>18.67</ele></trkpt><trkpt lat="37.108001" lon="127.033367"><time>2026-06-13T07:30:56.003Z</time><ele>18.8</ele></trkpt><trkpt lat="37.108055" lon="127.033396"><time>2026-06-13T07:30:57.003Z</time><ele>18.98</ele></trkpt><trkpt lat="37.108177" lon="127.033379"><time>2026-06-13T07:30:59.003Z</time><ele>19.41</ele></trkpt><trkpt lat="37.108235" lon="127.033344"><time>2026-06-13T07:31:00.003Z</time><ele>19.46</ele></trkpt><trkpt lat="37.108283" lon="127.033308"><time>2026-06-13T07:31:01.003Z</time><ele>19.45</ele></trkpt><trkpt lat="37.108336" lon="127.033264"><time>2026-06-13T07:31:02.003Z</time><ele>20.04</ele></trkpt><trkpt lat="37.108399" lon="127.033215"><time>2026-06-13T07:31:03.003Z</time><ele>20.37</ele></trkpt><trkpt lat="37.108471" lon="127.033169"><time>2026-06-13T07:31:04.003Z</time><ele>21.13</ele></trkpt><trkpt lat="37.108546" lon="127.03312"><time>2026-06-13T07:31:05.003Z</time><ele>21.64</ele></trkpt><trkpt lat="37.108631" lon="127.033077"><time>2026-06-13T07:31:06.003Z</time><ele>22.04</ele></trkpt><trkpt lat="37.108701" lon="127.033042"><time>2026-06-13T07:31:07.003Z</time><ele>22.19</ele></trkpt><trkpt lat="37.108769" lon="127.033007"><time>2026-06-13T07:31:08.003Z</time><ele>21.51</ele></trkpt><trkpt lat="37.108838" lon="127.032982"><time>2026-06-13T07:31:09.003Z</time><ele>21.96</ele></trkpt><trkpt lat="37.108906" lon="127.03296"><time>2026-06-13T07:31:10.000Z</time><ele>22.32</ele></trkpt><trkpt lat="37.108978" lon="127.032944"><time>2026-06-13T07:31:11.000Z</time><ele>23.02</ele></trkpt><trkpt lat="37.109055" lon="127.032931"><time>2026-06-13T07:31:12.000Z</time><ele>23.11</ele></trkpt><trkpt lat="37.109138" lon="127.032929"><time>2026-06-13T07:31:13.000Z</time><ele>23.2</ele></trkpt><trkpt lat="37.109225" lon="127.032928"><time>2026-06-13T07:31:14.000Z</time><ele>23.67</ele></trkpt><trkpt lat="37.109315" lon="127.032932"><time>2026-06-13T07:31:15.000Z</time><ele>24.24</ele></trkpt><trkpt lat="37.109409" lon="127.032937"><time>2026-06-13T07:31:16.000Z</time><ele>24.67</ele></trkpt><trkpt lat="37.109497" lon="127.032952"><time>2026-06-13T07:31:17.000Z</time><ele>25</ele></trkpt><trkpt lat="37.109588" lon="127.032972"><time>2026-06-13T07:31:18.000Z</time><ele>25.49</ele></trkpt><trkpt lat="37.109678" lon="127.032997"><time>2026-06-13T07:31:19.000Z</time><ele>25.96</ele></trkpt><trkpt lat="37.109761" lon="127.033018"><time>2026-06-13T07:31:20.000Z</time><ele>26.71</ele></trkpt><trkpt lat="37.10985" lon="127.03304"><time>2026-06-13T07:31:21.000Z</time><ele>26.79</ele></trkpt><trkpt lat="37.109947" lon="127.033062"><time>2026-06-13T07:31:22.000Z</time><ele>27.74</ele></trkpt><trkpt lat="37.110051" lon="127.033085"><time>2026-06-13T07:31:23.000Z</time><ele>28.18</ele></trkpt><trkpt lat="37.110157" lon="127.03311"><time>2026-06-13T07:31:24.000Z</time><ele>28.07</ele></trkpt><trkpt lat="37.110263" lon="127.033133"><time>2026-06-13T07:31:25.000Z</time><ele>28.2</ele></trkpt><trkpt lat="37.110373" lon="127.033156"><time>2026-06-13T07:31:26.000Z</time><ele>28.12</ele></trkpt><trkpt lat="37.110473" lon="127.033179"><time>2026-06-13T07:31:27.000Z</time><ele>27.94</ele></trkpt><trkpt lat="37.110586" lon="127.033208"><time>2026-06-13T07:31:28.000Z</time><ele>27.87</ele></trkpt><trkpt lat="37.110687" lon="127.033231"><time>2026-06-13T07:31:29.000Z</time><ele>27.79</ele></trkpt><trkpt lat="37.11077" lon="127.033251"><time>2026-06-13T07:31:30.000Z</time><ele>27.55</ele></trkpt><trkpt lat="37.110835" lon="127.033267"><time>2026-06-13T07:31:31.000Z</time><ele>28.01</ele></trkpt><trkpt lat="37.110897" lon="127.033284"><time>2026-06-13T07:31:32.000Z</time><ele>29.17</ele></trkpt><trkpt lat="37.110967" lon="127.033301"><time>2026-06-13T07:31:33.000Z</time><ele>30.39</ele></trkpt><trkpt lat="37.111043" lon="127.033321"><time>2026-06-13T07:31:34.000Z</time><ele>31.42</ele></trkpt><trkpt lat="37.111126" lon="127.033343"><time>2026-06-13T07:31:35.000Z</time><ele>32.24</ele></trkpt><trkpt lat="37.111213" lon="127.033361"><time>2026-06-13T07:31:36.000Z</time><ele>32.6</ele></trkpt><trkpt lat="37.111309" lon="127.033382"><time>2026-06-13T07:31:37.000Z</time><ele>32.91</ele></trkpt><trkpt lat="37.111411" lon="127.03341"><time>2026-06-13T07:31:38.000Z</time><ele>33.1</ele></trkpt><trkpt lat="37.111516" lon="127.033437"><time>2026-06-13T07:31:39.000Z</time><ele>33</ele></trkpt><trkpt lat="37.111624" lon="127.033461"><time>2026-06-13T07:31:40.000Z</time><ele>32.95</ele></trkpt><trkpt lat="37.111733" lon="127.033481"><time>2026-06-13T07:31:41.000Z</time><ele>32.71</ele></trkpt><trkpt lat="37.111845" lon="127.033479"><time>2026-06-13T07:31:42.000Z</time><ele>32.5</ele></trkpt><trkpt lat="37.111945" lon="127.033457"><time>2026-06-13T07:31:43.001Z</time><ele>32.43</ele></trkpt><trkpt lat="37.112039" lon="127.033425"><time>2026-06-13T07:31:44.001Z</time><ele>32.4</ele></trkpt><trkpt lat="37.112129" lon="127.033368"><time>2026-06-13T07:31:45.001Z</time><ele>32.19</ele></trkpt><trkpt lat="37.112211" lon="127.033307"><time>2026-06-13T07:31:46.001Z</time><ele>32.19</ele></trkpt><trkpt lat="37.112289" lon="127.033234"><time>2026-06-13T07:31:47.001Z</time><ele>32.69</ele></trkpt><trkpt lat="37.112355" lon="127.033158"><time>2026-06-13T07:31:48.001Z</time><ele>33.75</ele></trkpt><trkpt lat="37.112422" lon="127.033085"><time>2026-06-13T07:31:49.001Z</time><ele>34.13</ele></trkpt><trkpt lat="37.112477" lon="127.033013"><time>2026-06-13T07:31:50.001Z</time><ele>34.23</ele></trkpt><trkpt lat="37.112528" lon="127.032957"><time>2026-06-13T07:31:51.001Z</time><ele>34.76</ele></trkpt><trkpt lat="37.112598" lon="127.032911"><time>2026-06-13T07:31:53.001Z</time><ele>35.51</ele></trkpt><trkpt lat="37.112616" lon="127.032856"><time>2026-06-13T07:32:53.003Z</time><ele>33.63</ele></trkpt><trkpt lat="37.112666" lon="127.032882"><time>2026-06-13T07:33:32.000Z</time><ele>29.55</ele></trkpt><trkpt lat="37.112612" lon="127.0329"><time>2026-06-13T07:34:11.001Z</time><ele>26.53</ele></trkpt><trkpt lat="37.112677" lon="127.032966"><time>2026-06-13T07:34:18.001Z</time><ele>25.73</ele></trkpt><trkpt lat="37.112656" lon="127.0329"><time>2026-06-13T07:34:25.002Z</time><ele>25.77</ele></trkpt><trkpt lat="37.112664" lon="127.032956"><time>2026-06-13T07:34:33.002Z</time><ele>25.44</ele></trkpt><trkpt lat="37.112639" lon="127.032807"><time>2026-06-13T07:34:56.003Z</time><ele>25.36</ele></trkpt><trkpt lat="37.112542" lon="127.03281"><time>2026-06-13T07:35:53.001Z</time><ele>27.73</ele></trkpt><trkpt lat="37.112493" lon="127.032862"><time>2026-06-13T07:36:31.002Z</time><ele>30.41</ele></trkpt><trkpt lat="37.112454" lon="127.032832"><time>2026-06-13T07:37:15.003Z</time><ele>28.94</ele></trkpt><trkpt lat="37.112476" lon="127.032928"><time>2026-06-13T07:39:04.002Z</time><ele>27.95</ele></trkpt><trkpt lat="37.112464" lon="127.032858"><time>2026-06-13T07:40:01.000Z</time><ele>27.45</ele></trkpt><trkpt lat="37.112536" lon="127.032876"><time>2026-06-13T07:40:38.001Z</time><ele>26.86</ele></trkpt><trkpt lat="37.112579" lon="127.032898"><time>2026-06-13T07:41:06.002Z</time><ele>26.64</ele></trkpt><trkpt lat="37.112552" lon="127.032944"><time>2026-06-13T07:42:20.001Z</time><ele>26.77</ele></trkpt><trkpt lat="37.112517" lon="127.032904"><time>2026-06-13T07:45:23.002Z</time><ele>25.9</ele></trkpt><trkpt lat="37.112435" lon="127.032844"><time>2026-06-13T07:46:14.000Z</time><ele>26.96</ele></trkpt><trkpt lat="37.112391" lon="127.032786"><time>2026-06-13T07:47:25.002Z</time><ele>27.78</ele></trkpt><trkpt lat="37.112442" lon="127.032878"><time>2026-06-13T07:47:58.000Z</time><ele>28.11</ele></trkpt><trkpt lat="37.112498" lon="127.032893"><time>2026-06-13T07:48:55.001Z</time><ele>27.04</ele></trkpt><trkpt lat="37.112496" lon="127.032818"><time>2026-06-13T07:49:41.002Z</time><ele>26.98</ele></trkpt><trkpt lat="37.112448" lon="127.032788"><time>2026-06-13T07:50:02.003Z</time><ele>27.4</ele></trkpt><trkpt lat="37.112643" lon="127.032671"><time>2026-06-13T07:52:00.002Z</time><ele>25.93</ele></trkpt><trkpt lat="37.112682" lon="127.032712"><time>2026-06-13T07:52:03.002Z</time><ele>26.31</ele></trkpt><trkpt lat="37.112679" lon="127.032789"><time>2026-06-13T07:52:07.002Z</time><ele>25.7</ele></trkpt><trkpt lat="37.112665" lon="127.032847"><time>2026-06-13T07:52:11.000Z</time><ele>26.79</ele></trkpt><trkpt lat="37.112666" lon="127.032905"><time>2026-06-13T07:52:16.000Z</time><ele>26.66</ele></trkpt><trkpt lat="37.11269" lon="127.032832"><time>2026-06-13T07:52:24.000Z</time><ele>25.74</ele></trkpt><trkpt lat="37.112666" lon="127.032906"><time>2026-06-13T07:52:28.000Z</time><ele>25.93</ele></trkpt><trkpt lat="37.112629" lon="127.032971"><time>2026-06-13T07:52:41.000Z</time><ele>26.69</ele></trkpt><trkpt lat="37.112588" lon="127.032943"><time>2026-06-13T07:53:33.002Z</time><ele>26.39</ele></trkpt><trkpt lat="37.112638" lon="127.032932"><time>2026-06-13T07:54:05.002Z</time><ele>25.62</ele></trkpt><trkpt lat="37.112546" lon="127.033235"><time>2026-06-13T07:54:35.000Z</time><ele>26.87</ele></trkpt><trkpt lat="37.112597" lon="127.033232"><time>2026-06-13T07:54:38.001Z</time><ele>26.95</ele></trkpt><trkpt lat="37.11262" lon="127.033181"><time>2026-06-13T07:54:41.001Z</time><ele>27.36</ele></trkpt><trkpt lat="37.112609" lon="127.033104"><time>2026-06-13T07:55:07.001Z</time><ele>28.29</ele></trkpt><trkpt lat="37.112584" lon="127.033046"><time>2026-06-13T07:55:28.001Z</time><ele>27.83</ele></trkpt><trkpt lat="37.112617" lon="127.033098"><time>2026-06-13T07:55:47.002Z</time><ele>26.33</ele></trkpt><trkpt lat="37.112691" lon="127.032882"><time>2026-06-13T07:55:58.002Z</time><ele>25.76</ele></trkpt><trkpt lat="37.112734" lon="127.032731"><time>2026-06-13T07:56:12.002Z</time><ele>26.22</ele></trkpt><trkpt lat="37.112806" lon="127.032658"><time>2026-06-13T07:56:14.002Z</time><ele>26.41</ele></trkpt><trkpt lat="37.112855" lon="127.032661"><time>2026-06-13T07:56:15.002Z</time><ele>26.61</ele></trkpt><trkpt lat="37.112904" lon="127.032678"><time>2026-06-13T07:56:16.002Z</time><ele>26.71</ele></trkpt><trkpt lat="37.11295" lon="127.032703"><time>2026-06-13T07:56:17.002Z</time><ele>26.66</ele></trkpt><trkpt lat="37.112996" lon="127.032745"><time>2026-06-13T07:56:18.003Z</time><ele>26.79</ele></trkpt><trkpt lat="37.113039" lon="127.032823"><time>2026-06-13T07:56:19.003Z</time><ele>26.91</ele></trkpt><trkpt lat="37.113086" lon="127.032887"><time>2026-06-13T07:56:20.003Z</time><ele>27.05</ele></trkpt><trkpt lat="37.11313" lon="127.032961"><time>2026-06-13T07:56:21.003Z</time><ele>27.32</ele></trkpt><trkpt lat="37.113175" lon="127.033052"><time>2026-06-13T07:56:22.000Z</time><ele>27.68</ele></trkpt><trkpt lat="37.113225" lon="127.033137"><time>2026-06-13T07:56:23.000Z</time><ele>27.9</ele></trkpt><trkpt lat="37.113276" lon="127.033236"><time>2026-06-13T07:56:24.000Z</time><ele>28.57</ele></trkpt><trkpt lat="37.113329" lon="127.033341"><time>2026-06-13T07:56:25.000Z</time><ele>28.22</ele></trkpt><trkpt lat="37.113386" lon="127.033423"><time>2026-06-13T07:56:26.000Z</time><ele>28.86</ele></trkpt><trkpt lat="37.113431" lon="127.033497"><time>2026-06-13T07:56:27.000Z</time><ele>29.09</ele></trkpt><trkpt lat="37.113459" lon="127.033587"><time>2026-06-13T07:56:28.000Z</time><ele>28.91</ele></trkpt><trkpt lat="37.113511" lon="127.033667"><time>2026-06-13T07:56:29.000Z</time><ele>28.92</ele></trkpt><trkpt lat="37.113561" lon="127.033765"><time>2026-06-13T07:56:30.000Z</time><ele>29.41</ele></trkpt><trkpt lat="37.113619" lon="127.03388"><time>2026-06-13T07:56:31.000Z</time><ele>29.45</ele></trkpt><trkpt lat="37.113678" lon="127.033998"><time>2026-06-13T07:56:32.000Z</time><ele>29.6</ele></trkpt><trkpt lat="37.113742" lon="127.034093"><time>2026-06-13T07:56:33.000Z</time><ele>29.32</ele></trkpt><trkpt lat="37.113806" lon="127.034172"><time>2026-06-13T07:56:34.000Z</time><ele>29.4</ele></trkpt><trkpt lat="37.113879" lon="127.034247"><time>2026-06-13T07:56:35.000Z</time><ele>29.52</ele></trkpt><trkpt lat="37.11396" lon="127.034323"><time>2026-06-13T07:56:36.000Z</time><ele>29.87</ele></trkpt><trkpt lat="37.114051" lon="127.034387"><time>2026-06-13T07:56:37.000Z</time><ele>29.76</ele></trkpt><trkpt lat="37.114151" lon="127.034454"><time>2026-06-13T07:56:38.000Z</time><ele>29.91</ele></trkpt><trkpt lat="37.114246" lon="127.034514"><time>2026-06-13T07:56:39.000Z</time><ele>29.83</ele></trkpt><trkpt lat="37.114345" lon="127.034571"><time>2026-06-13T07:56:40.000Z</time><ele>29.73</ele></trkpt><trkpt lat="37.114445" lon="127.034631"><time>2026-06-13T07:56:41.000Z</time><ele>29.77</ele></trkpt><trkpt lat="37.114546" lon="127.034687"><time>2026-06-13T07:56:42.000Z</time><ele>30.1</ele></trkpt><trkpt lat="37.114649" lon="127.034742"><time>2026-06-13T07:56:43.000Z</time><ele>30.37</ele></trkpt><trkpt lat="37.114744" lon="127.034797"><time>2026-06-13T07:56:44.000Z</time><ele>31.01</ele></trkpt><trkpt lat="37.114832" lon="127.034848"><time>2026-06-13T07:56:45.000Z</time><ele>31.49</ele></trkpt><trkpt lat="37.11491" lon="127.034894"><time>2026-06-13T07:56:46.000Z</time><ele>31.76</ele></trkpt><trkpt lat="37.114978" lon="127.034951"><time>2026-06-13T07:56:47.000Z</time><ele>31.86</ele></trkpt><trkpt lat="37.115056" lon="127.034992"><time>2026-06-13T07:56:48.000Z</time><ele>32.44</ele></trkpt><trkpt lat="37.11514" lon="127.035038"><time>2026-06-13T07:56:49.000Z</time><ele>33.08</ele></trkpt><trkpt lat="37.11523" lon="127.035093"><time>2026-06-13T07:56:50.000Z</time><ele>33.73</ele></trkpt><trkpt lat="37.115316" lon="127.035146"><time>2026-06-13T07:56:51.000Z</time><ele>33.79</ele></trkpt><trkpt lat="37.115387" lon="127.035212"><time>2026-06-13T07:56:52.000Z</time><ele>34.42</ele></trkpt><trkpt lat="37.115446" lon="127.035298"><time>2026-06-13T07:56:53.000Z</time><ele>35.44</ele></trkpt><trkpt lat="37.115499" lon="127.035395"><time>2026-06-13T07:56:54.000Z</time><ele>35.99</ele></trkpt><trkpt lat="37.115547" lon="127.035493"><time>2026-06-13T07:56:55.000Z</time><ele>36.4</ele></trkpt><trkpt lat="37.115586" lon="127.035578"><time>2026-06-13T07:56:56.000Z</time><ele>36.99</ele></trkpt><trkpt lat="37.115623" lon="127.035657"><time>2026-06-13T07:56:57.000Z</time><ele>37.3</ele></trkpt><trkpt lat="37.115662" lon="127.035741"><time>2026-06-13T07:56:58.000Z</time><ele>37.98</ele></trkpt><trkpt lat="37.115698" lon="127.035842"><time>2026-06-13T07:56:59.000Z</time><ele>38.48</ele></trkpt><trkpt lat="37.115746" lon="127.035938"><time>2026-06-13T07:57:00.000Z</time><ele>39</ele></trkpt><trkpt lat="37.11579" lon="127.036035"><time>2026-06-13T07:57:01.000Z</time><ele>39.16</ele></trkpt><trkpt lat="37.115834" lon="127.036128"><time>2026-06-13T07:57:02.001Z</time><ele>39.34</ele></trkpt><trkpt lat="37.115883" lon="127.036222"><time>2026-06-13T07:57:03.001Z</time><ele>38.51</ele></trkpt><trkpt lat="37.115934" lon="127.036329"><time>2026-06-13T07:57:04.001Z</time><ele>39.05</ele></trkpt><trkpt lat="37.115987" lon="127.036439"><time>2026-06-13T07:57:05.001Z</time><ele>38.74</ele></trkpt><trkpt lat="37.116035" lon="127.036539"><time>2026-06-13T07:57:06.001Z</time><ele>38.78</ele></trkpt><trkpt lat="37.116074" lon="127.036614"><time>2026-06-13T07:57:07.001Z</time><ele>39.13</ele></trkpt><trkpt lat="37.11611" lon="127.036689"><time>2026-06-13T07:57:08.001Z</time><ele>39.59</ele></trkpt><trkpt lat="37.116155" lon="127.036787"><time>2026-06-13T07:57:09.001Z</time><ele>39.75</ele></trkpt><trkpt lat="37.116198" lon="127.036871"><time>2026-06-13T07:57:10.001Z</time><ele>39.92</ele></trkpt><trkpt lat="37.11624" lon="127.036965"><time>2026-06-13T07:57:11.001Z</time><ele>40.29</ele></trkpt><trkpt lat="37.116288" lon="127.037066"><time>2026-06-13T07:57:12.001Z</time><ele>40.7</ele></trkpt><trkpt lat="37.116337" lon="127.037154"><time>2026-06-13T07:57:13.001Z</time><ele>40.73</ele></trkpt><trkpt lat="37.116368" lon="127.03723"><time>2026-06-13T07:57:14.001Z</time><ele>40.4</ele></trkpt><trkpt lat="37.116403" lon="127.037314"><time>2026-06-13T07:57:15.001Z</time><ele>40.78</ele></trkpt><trkpt lat="37.116459" lon="127.037418"><time>2026-06-13T07:57:16.001Z</time><ele>40.31</ele></trkpt><trkpt lat="37.116516" lon="127.037528"><time>2026-06-13T07:57:17.001Z</time><ele>40.72</ele></trkpt><trkpt lat="37.116572" lon="127.037634"><time>2026-06-13T07:57:18.001Z</time><ele>41.02</ele></trkpt><trkpt lat="37.116608" lon="127.037742"><time>2026-06-13T07:57:19.001Z</time><ele>41.83</ele></trkpt><trkpt lat="37.116671" lon="127.037823"><time>2026-06-13T07:57:20.001Z</time><ele>42.04</ele></trkpt><trkpt lat="37.116739" lon="127.037899"><time>2026-06-13T07:57:21.001Z</time><ele>42.72</ele></trkpt><trkpt lat="37.116806" lon="127.03798"><time>2026-06-13T07:57:22.001Z</time><ele>42.43</ele></trkpt><trkpt lat="37.116888" lon="127.038052"><time>2026-06-13T07:57:23.001Z</time><ele>42.91</ele></trkpt><trkpt lat="37.116979" lon="127.03811"><time>2026-06-13T07:57:24.001Z</time><ele>43.24</ele></trkpt><trkpt lat="37.117083" lon="127.038164"><time>2026-06-13T07:57:25.001Z</time><ele>43.65</ele></trkpt><trkpt lat="37.117179" lon="127.03823"><time>2026-06-13T07:57:26.001Z</time><ele>43.75</ele></trkpt><trkpt lat="37.117301" lon="127.038245"><time>2026-06-13T07:57:27.001Z</time><ele>43.8</ele></trkpt><trkpt lat="37.117422" lon="127.03829"><time>2026-06-13T07:57:28.001Z</time><ele>44.11</ele></trkpt><trkpt lat="37.117551" lon="127.038271"><time>2026-06-13T07:57:29.001Z</time><ele>44.08</ele></trkpt><trkpt lat="37.117683" lon="127.038243"><time>2026-06-13T07:57:30.001Z</time><ele>44.94</ele></trkpt><trkpt lat="37.117812" lon="127.038221"><time>2026-06-13T07:57:31.001Z</time><ele>45.49</ele></trkpt><trkpt lat="37.117946" lon="127.038189"><time>2026-06-13T07:57:32.001Z</time><ele>46.52</ele></trkpt><trkpt lat="37.118084" lon="127.038161"><time>2026-06-13T07:57:33.001Z</time><ele>47.31</ele></trkpt><trkpt lat="37.118228" lon="127.038134"><time>2026-06-13T07:57:34.001Z</time><ele>47.16</ele></trkpt><trkpt lat="37.118366" lon="127.038115"><time>2026-06-13T07:57:35.001Z</time><ele>47.52</ele></trkpt><trkpt lat="37.11849" lon="127.038091"><time>2026-06-13T07:57:36.001Z</time><ele>47.06</ele></trkpt><trkpt lat="37.118608" lon="127.038067"><time>2026-06-13T07:57:37.001Z</time><ele>46.95</ele></trkpt><trkpt lat="37.118721" lon="127.038051"><time>2026-06-13T07:57:38.001Z</time><ele>44.88</ele></trkpt><trkpt lat="37.118836" lon="127.038029"><time>2026-06-13T07:57:39.001Z</time><ele>43.34</ele></trkpt><trkpt lat="37.118962" lon="127.038022"><time>2026-06-13T07:57:40.001Z</time><ele>41.37</ele></trkpt><trkpt lat="37.119102" lon="127.038012"><time>2026-06-13T07:57:41.001Z</time><ele>39.71</ele></trkpt><trkpt lat="37.119223" lon="127.037992"><time>2026-06-13T07:57:42.001Z</time><ele>39.6</ele></trkpt><trkpt lat="37.119319" lon="127.03797"><time>2026-06-13T07:57:43.001Z</time><ele>39.05</ele></trkpt><trkpt lat="37.119407" lon="127.037959"><time>2026-06-13T07:57:44.001Z</time><ele>38.72</ele></trkpt><trkpt lat="37.119475" lon="127.037955"><time>2026-06-13T07:57:45.001Z</time><ele>38.98</ele></trkpt><trkpt lat="37.119556" lon="127.037938"><time>2026-06-13T07:57:47.001Z</time><ele>39.58</ele></trkpt><trkpt lat="37.119633" lon="127.038069"><time>2026-06-13T07:57:49.002Z</time><ele>40.04</ele></trkpt><trkpt lat="37.119659" lon="127.038116"><time>2026-06-13T07:57:50.002Z</time><ele>40.67</ele></trkpt><trkpt lat="37.119604" lon="127.038242"><time>2026-06-13T07:57:51.002Z</time><ele>41.05</ele></trkpt><trkpt lat="37.119589" lon="127.038336"><time>2026-06-13T07:57:52.002Z</time><ele>41.55</ele></trkpt><trkpt lat="37.119577" lon="127.038446"><time>2026-06-13T07:57:53.002Z</time><ele>41.98</ele></trkpt><trkpt lat="37.119564" lon="127.038563"><time>2026-06-13T07:57:54.002Z</time><ele>42.59</ele></trkpt><trkpt lat="37.119554" lon="127.038664"><time>2026-06-13T07:57:55.002Z</time><ele>42.41</ele></trkpt><trkpt lat="37.119545" lon="127.03876"><time>2026-06-13T07:57:56.002Z</time><ele>43.58</ele></trkpt><trkpt lat="37.119537" lon="127.038865"><time>2026-06-13T07:57:57.002Z</time><ele>43.59</ele></trkpt><trkpt lat="37.119525" lon="127.038975"><time>2026-06-13T07:57:58.002Z</time><ele>44.66</ele></trkpt><trkpt lat="37.119515" lon="127.039094"><time>2026-06-13T07:57:59.002Z</time><ele>45.78</ele></trkpt><trkpt lat="37.119522" lon="127.039213"><time>2026-06-13T07:58:00.002Z</time><ele>47.25</ele></trkpt><trkpt lat="37.119534" lon="127.039338"><time>2026-06-13T07:58:01.002Z</time><ele>48.53</ele></trkpt><trkpt lat="37.119553" lon="127.039464"><time>2026-06-13T07:58:02.002Z</time><ele>49.78</ele></trkpt><trkpt lat="37.119586" lon="127.039577"><time>2026-06-13T07:58:03.002Z</time><ele>51.41</ele></trkpt><trkpt lat="37.119621" lon="127.039696"><time>2026-06-13T07:58:04.002Z</time><ele>53.23</ele></trkpt><trkpt lat="37.119661" lon="127.039802"><time>2026-06-13T07:58:05.002Z</time><ele>54.27</ele></trkpt><trkpt lat="37.119706" lon="127.0399"><time>2026-06-13T07:58:06.002Z</time><ele>54.46</ele></trkpt><trkpt lat="37.119745" lon="127.039996"><time>2026-06-13T07:58:07.002Z</time><ele>54.42</ele></trkpt><trkpt lat="37.119782" lon="127.040086"><time>2026-06-13T07:58:08.002Z</time><ele>54.01</ele></trkpt><trkpt lat="37.119824" lon="127.040179"><time>2026-06-13T07:58:09.002Z</time><ele>53.08</ele></trkpt><trkpt lat="37.119864" lon="127.04027"><time>2026-06-13T07:58:10.002Z</time><ele>51.53</ele></trkpt><trkpt lat="37.119891" lon="127.040353"><time>2026-06-13T07:58:11.002Z</time><ele>50.41</ele></trkpt><trkpt lat="37.119933" lon="127.040445"><time>2026-06-13T07:58:12.002Z</time><ele>48.55</ele></trkpt><trkpt lat="37.119972" lon="127.04052"><time>2026-06-13T07:58:13.002Z</time><ele>47.13</ele></trkpt><trkpt lat="37.120021" lon="127.040587"><time>2026-06-13T07:58:14.002Z</time><ele>45.83</ele></trkpt><trkpt lat="37.120071" lon="127.040657"><time>2026-06-13T07:58:15.002Z</time><ele>44.11</ele></trkpt><trkpt lat="37.120126" lon="127.040724"><time>2026-06-13T07:58:16.002Z</time><ele>42.88</ele></trkpt><trkpt lat="37.120181" lon="127.040777"><time>2026-06-13T07:58:17.002Z</time><ele>41.88</ele></trkpt><trkpt lat="37.120232" lon="127.040836"><time>2026-06-13T07:58:18.002Z</time><ele>40.99</ele></trkpt><trkpt lat="37.12028" lon="127.040889"><time>2026-06-13T07:58:19.002Z</time><ele>40.23</ele></trkpt><trkpt lat="37.120326" lon="127.04094"><time>2026-06-13T07:58:20.002Z</time><ele>39.67</ele></trkpt><trkpt lat="37.120366" lon="127.040994"><time>2026-06-13T07:58:21.002Z</time><ele>39.26</ele></trkpt><trkpt lat="37.1204" lon="127.041036"><time>2026-06-13T07:58:22.002Z</time><ele>39.13</ele></trkpt><trkpt lat="37.120459" lon="127.041108"><time>2026-06-13T07:58:24.002Z</time><ele>39.03</ele></trkpt><trkpt lat="37.120498" lon="127.041165"><time>2026-06-13T07:58:26.002Z</time><ele>38.98</ele></trkpt><trkpt lat="37.120534" lon="127.0412"><time>2026-06-13T07:58:41.000Z</time><ele>39.36</ele></trkpt><trkpt lat="37.120579" lon="127.041272"><time>2026-06-13T07:59:27.001Z</time><ele>39.76</ele></trkpt><trkpt lat="37.120619" lon="127.041342"><time>2026-06-13T07:59:28.001Z</time><ele>39.41</ele></trkpt><trkpt lat="37.120668" lon="127.041416"><time>2026-06-13T07:59:29.001Z</time><ele>38.93</ele></trkpt><trkpt lat="37.120726" lon="127.041495"><time>2026-06-13T07:59:30.001Z</time><ele>39.11</ele></trkpt><trkpt lat="37.120771" lon="127.041591"><time>2026-06-13T07:59:31.001Z</time><ele>38.82</ele></trkpt><trkpt lat="37.120903" lon="127.041608"><time>2026-06-13T07:59:32.001Z</time><ele>38.8</ele></trkpt><trkpt lat="37.121016" lon="127.04165"><time>2026-06-13T07:59:33.001Z</time><ele>38.7</ele></trkpt><trkpt lat="37.121131" lon="127.041671"><time>2026-06-13T07:59:34.001Z</time><ele>38.39</ele></trkpt><trkpt lat="37.121257" lon="127.041682"><time>2026-06-13T07:59:35.001Z</time><ele>38.68</ele></trkpt><trkpt lat="37.121396" lon="127.041691"><time>2026-06-13T07:59:36.001Z</time><ele>38.52</ele></trkpt><trkpt lat="37.121545" lon="127.0417"><time>2026-06-13T07:59:37.001Z</time><ele>38.56</ele></trkpt><trkpt lat="37.121701" lon="127.041714"><time>2026-06-13T07:59:38.001Z</time><ele>38.24</ele></trkpt><trkpt lat="37.121862" lon="127.04173"><time>2026-06-13T07:59:39.001Z</time><ele>38.66</ele></trkpt><trkpt lat="37.122024" lon="127.041745"><time>2026-06-13T07:59:40.001Z</time><ele>39.22</ele></trkpt><trkpt lat="37.122195" lon="127.041756"><time>2026-06-13T07:59:41.001Z</time><ele>39.84</ele></trkpt><trkpt lat="37.122364" lon="127.04177"><time>2026-06-13T07:59:42.001Z</time><ele>40.33</ele></trkpt><trkpt lat="37.122523" lon="127.041786"><time>2026-06-13T07:59:43.001Z</time><ele>40.93</ele></trkpt><trkpt lat="37.122683" lon="127.041798"><time>2026-06-13T07:59:44.001Z</time><ele>41.41</ele></trkpt><trkpt lat="37.12284" lon="127.041752"><time>2026-06-13T07:59:45.001Z</time><ele>42.24</ele></trkpt><trkpt lat="37.123014" lon="127.041806"><time>2026-06-13T07:59:46.001Z</time><ele>42.68</ele></trkpt><trkpt lat="37.123186" lon="127.041803"><time>2026-06-13T07:59:47.001Z</time><ele>42.76</ele></trkpt><trkpt lat="37.123361" lon="127.041797"><time>2026-06-13T07:59:48.001Z</time><ele>43.67</ele></trkpt><trkpt lat="37.123537" lon="127.041787"><time>2026-06-13T07:59:49.001Z</time><ele>43.66</ele></trkpt><trkpt lat="37.123708" lon="127.041772"><time>2026-06-13T07:59:50.001Z</time><ele>43.95</ele></trkpt><trkpt lat="37.12388" lon="127.041756"><time>2026-06-13T07:59:51.001Z</time><ele>44.46</ele></trkpt><trkpt lat="37.124052" lon="127.041729"><time>2026-06-13T07:59:52.002Z</time><ele>45.05</ele></trkpt><trkpt lat="37.12423" lon="127.041694"><time>2026-06-13T07:59:53.002Z</time><ele>45.31</ele></trkpt><trkpt lat="37.124391" lon="127.041656"><time>2026-06-13T07:59:54.002Z</time><ele>45.91</ele></trkpt><trkpt lat="37.124545" lon="127.04162"><time>2026-06-13T07:59:55.002Z</time><ele>46.14</ele></trkpt><trkpt lat="37.124695" lon="127.04159"><time>2026-06-13T07:59:56.002Z</time><ele>46.61</ele></trkpt><trkpt lat="37.124839" lon="127.041557"><time>2026-06-13T07:59:57.002Z</time><ele>46.38</ele></trkpt><trkpt lat="37.124982" lon="127.041529"><time>2026-06-13T07:59:58.002Z</time><ele>46.56</ele></trkpt><trkpt lat="37.125125" lon="127.0415"><time>2026-06-13T07:59:59.002Z</time><ele>46.54</ele></trkpt><trkpt lat="37.125273" lon="127.041478"><time>2026-06-13T08:00:00.002Z</time><ele>46.33</ele></trkpt><trkpt lat="37.125425" lon="127.041457"><time>2026-06-13T08:00:01.002Z</time><ele>45.81</ele></trkpt><trkpt lat="37.125588" lon="127.041441"><time>2026-06-13T08:00:02.002Z</time><ele>45.31</ele></trkpt><trkpt lat="37.12575" lon="127.041425"><time>2026-06-13T08:00:03.002Z</time><ele>44.39</ele></trkpt><trkpt lat="37.1259" lon="127.041411"><time>2026-06-13T08:00:04.002Z</time><ele>43.6</ele></trkpt><trkpt lat="37.126055" lon="127.041404"><time>2026-06-13T08:00:05.002Z</time><ele>42.95</ele></trkpt><trkpt lat="37.12621" lon="127.0414"><time>2026-06-13T08:00:06.002Z</time><ele>41.68</ele></trkpt><trkpt lat="37.126358" lon="127.041398"><time>2026-06-13T08:00:07.002Z</time><ele>41.37</ele></trkpt><trkpt lat="37.126495" lon="127.041402"><time>2026-06-13T08:00:08.002Z</time><ele>40.79</ele></trkpt><trkpt lat="37.12663" lon="127.041406"><time>2026-06-13T08:00:09.002Z</time><ele>39.86</ele></trkpt><trkpt lat="37.126759" lon="127.041412"><time>2026-06-13T08:00:10.002Z</time><ele>39.3</ele></trkpt><trkpt lat="37.126891" lon="127.041422"><time>2026-06-13T08:00:11.002Z</time><ele>38.89</ele></trkpt><trkpt lat="37.127024" lon="127.041435"><time>2026-06-13T08:00:12.002Z</time><ele>38.5</ele></trkpt><trkpt lat="37.127152" lon="127.041445"><time>2026-06-13T08:00:13.002Z</time><ele>38.6</ele></trkpt><trkpt lat="37.127277" lon="127.041455"><time>2026-06-13T08:00:14.002Z</time><ele>38.51</ele></trkpt><trkpt lat="37.127409" lon="127.04147"><time>2026-06-13T08:00:15.002Z</time><ele>38.67</ele></trkpt><trkpt lat="37.127544" lon="127.041488"><time>2026-06-13T08:00:16.002Z</time><ele>38.65</ele></trkpt><trkpt lat="37.127687" lon="127.041504"><time>2026-06-13T08:00:17.002Z</time><ele>38.78</ele></trkpt><trkpt lat="37.127829" lon="127.041516"><time>2026-06-13T08:00:18.002Z</time><ele>38.81</ele></trkpt><trkpt lat="37.127976" lon="127.041539"><time>2026-06-13T08:00:19.002Z</time><ele>38.96</ele></trkpt><trkpt lat="37.128124" lon="127.041563"><time>2026-06-13T08:00:20.002Z</time><ele>38.59</ele></trkpt><trkpt lat="37.128278" lon="127.041573"><time>2026-06-13T08:00:21.002Z</time><ele>38.36</ele></trkpt><trkpt lat="37.128431" lon="127.041578"><time>2026-06-13T08:00:22.002Z</time><ele>38.34</ele></trkpt><trkpt lat="37.128579" lon="127.041585"><time>2026-06-13T08:00:23.002Z</time><ele>38.14</ele></trkpt><trkpt lat="37.128724" lon="127.041596"><time>2026-06-13T08:00:24.002Z</time><ele>38.18</ele></trkpt><trkpt lat="37.128873" lon="127.041607"><time>2026-06-13T08:00:25.002Z</time><ele>38.25</ele></trkpt><trkpt lat="37.129031" lon="127.041617"><time>2026-06-13T08:00:26.002Z</time><ele>38.17</ele></trkpt><trkpt lat="37.129192" lon="127.041635"><time>2026-06-13T08:00:27.002Z</time><ele>38.82</ele></trkpt><trkpt lat="37.129356" lon="127.041648"><time>2026-06-13T08:00:28.002Z</time><ele>39.17</ele></trkpt><trkpt lat="37.129523" lon="127.04166"><time>2026-06-13T08:00:29.002Z</time><ele>39.59</ele></trkpt><trkpt lat="37.129692" lon="127.041673"><time>2026-06-13T08:00:30.002Z</time><ele>39.65</ele></trkpt><trkpt lat="37.129861" lon="127.041682"><time>2026-06-13T08:00:31.002Z</time><ele>40.52</ele></trkpt><trkpt lat="37.130035" lon="127.041701"><time>2026-06-13T08:00:32.002Z</time><ele>40.22</ele></trkpt><trkpt lat="37.130217" lon="127.041683"><time>2026-06-13T08:00:33.002Z</time><ele>40.41</ele></trkpt><trkpt lat="37.130382" lon="127.041733"><time>2026-06-13T08:00:34.000Z</time><ele>40.16</ele></trkpt><trkpt lat="37.130553" lon="127.041748"><time>2026-06-13T08:00:35.000Z</time><ele>39.49</ele></trkpt><trkpt lat="37.130726" lon="127.041766"><time>2026-06-13T08:00:36.000Z</time><ele>39.84</ele></trkpt><trkpt lat="37.1309" lon="127.041784"><time>2026-06-13T08:00:37.000Z</time><ele>39.76</ele></trkpt><trkpt lat="37.131076" lon="127.0418"><time>2026-06-13T08:00:38.000Z</time><ele>39.5</ele></trkpt><trkpt lat="37.13126" lon="127.041824"><time>2026-06-13T08:00:39.000Z</time><ele>38.82</ele></trkpt><trkpt lat="37.131429" lon="127.041853"><time>2026-06-13T08:00:40.000Z</time><ele>38.32</ele></trkpt><trkpt lat="37.13159" lon="127.041885"><time>2026-06-13T08:00:41.000Z</time><ele>38.33</ele></trkpt><trkpt lat="37.131752" lon="127.041916"><time>2026-06-13T08:00:42.000Z</time><ele>38.71</ele></trkpt><trkpt lat="37.131911" lon="127.041936"><time>2026-06-13T08:00:43.000Z</time><ele>38.55</ele></trkpt><trkpt lat="37.132063" lon="127.041949"><time>2026-06-13T08:00:44.000Z</time><ele>39.18</ele></trkpt><trkpt lat="37.132208" lon="127.041969"><time>2026-06-13T08:00:45.000Z</time><ele>35.09</ele></trkpt><trkpt lat="37.132354" lon="127.041992"><time>2026-06-13T08:00:46.000Z</time><ele>33.47</ele></trkpt><trkpt lat="37.132496" lon="127.042008"><time>2026-06-13T08:00:47.000Z</time><ele>32.81</ele></trkpt><trkpt lat="37.132637" lon="127.042024"><time>2026-06-13T08:00:48.000Z</time><ele>32.53</ele></trkpt><trkpt lat="37.132772" lon="127.042042"><time>2026-06-13T08:00:49.000Z</time><ele>32.43</ele></trkpt><trkpt lat="37.132888" lon="127.042054"><time>2026-06-13T08:00:50.000Z</time><ele>32.47</ele></trkpt><trkpt lat="37.133016" lon="127.042054"><time>2026-06-13T08:00:51.000Z</time><ele>32.65</ele></trkpt><trkpt lat="37.133156" lon="127.042069"><time>2026-06-13T08:00:52.000Z</time><ele>32.61</ele></trkpt><trkpt lat="37.133289" lon="127.042083"><time>2026-06-13T08:00:53.000Z</time><ele>33.01</ele></trkpt><trkpt lat="37.13342" lon="127.042092"><time>2026-06-13T08:00:54.000Z</time><ele>33.83</ele></trkpt><trkpt lat="37.133541" lon="127.042106"><time>2026-06-13T08:00:55.000Z</time><ele>34.82</ele></trkpt><trkpt lat="37.133639" lon="127.042117"><time>2026-06-13T08:00:56.000Z</time><ele>36.03</ele></trkpt><trkpt lat="37.13374" lon="127.042135"><time>2026-06-13T08:00:57.000Z</time><ele>36.69</ele></trkpt><trkpt lat="37.133839" lon="127.042139"><time>2026-06-13T08:00:58.000Z</time><ele>37.71</ele></trkpt><trkpt lat="37.133932" lon="127.042214"><time>2026-06-13T08:00:59.000Z</time><ele>38.09</ele></trkpt><trkpt lat="37.13402" lon="127.042286"><time>2026-06-13T08:01:00.000Z</time><ele>38.28</ele></trkpt><trkpt lat="37.134087" lon="127.042384"><time>2026-06-13T08:01:01.000Z</time><ele>38.47</ele></trkpt><trkpt lat="37.134144" lon="127.042507"><time>2026-06-13T08:01:02.000Z</time><ele>38.65</ele></trkpt><trkpt lat="37.134136" lon="127.042665"><time>2026-06-13T08:01:03.000Z</time><ele>39.39</ele></trkpt><trkpt lat="37.134163" lon="127.042813"><time>2026-06-13T08:01:04.000Z</time><ele>39.97</ele></trkpt><trkpt lat="37.134193" lon="127.042963"><time>2026-06-13T08:01:05.000Z</time><ele>39.83</ele></trkpt><trkpt lat="37.134221" lon="127.043116"><time>2026-06-13T08:01:06.001Z</time><ele>40.15</ele></trkpt><trkpt lat="37.13416" lon="127.043317"><time>2026-06-13T08:01:07.001Z</time><ele>40.14</ele></trkpt><trkpt lat="37.134154" lon="127.043511"><time>2026-06-13T08:01:08.001Z</time><ele>40.45</ele></trkpt><trkpt lat="37.134151" lon="127.04371"><time>2026-06-13T08:01:09.001Z</time><ele>40.67</ele></trkpt><trkpt lat="37.134135" lon="127.043921"><time>2026-06-13T08:01:10.001Z</time><ele>40.21</ele></trkpt><trkpt lat="37.134134" lon="127.044144"><time>2026-06-13T08:01:11.001Z</time><ele>40.07</ele></trkpt><trkpt lat="37.134145" lon="127.044379"><time>2026-06-13T08:01:12.001Z</time><ele>39.48</ele></trkpt><trkpt lat="37.13417" lon="127.044614"><time>2026-06-13T08:01:13.001Z</time><ele>38.91</ele></trkpt><trkpt lat="37.13418" lon="127.044864"><time>2026-06-13T08:01:14.001Z</time><ele>37.97</ele></trkpt><trkpt lat="37.134183" lon="127.045115"><time>2026-06-13T08:01:15.001Z</time><ele>37.68</ele></trkpt><trkpt lat="37.134185" lon="127.045375"><time>2026-06-13T08:01:16.001Z</time><ele>37.09</ele></trkpt><trkpt lat="37.134195" lon="127.045632"><time>2026-06-13T08:01:17.001Z</time><ele>36.82</ele></trkpt><trkpt lat="37.134201" lon="127.045879"><time>2026-06-13T08:01:18.001Z</time><ele>36.34</ele></trkpt><trkpt lat="37.134205" lon="127.046126"><time>2026-06-13T08:01:19.001Z</time><ele>36.28</ele></trkpt><trkpt lat="37.134211" lon="127.046376"><time>2026-06-13T08:01:20.001Z</time><ele>35.08</ele></trkpt><trkpt lat="37.134211" lon="127.046627"><time>2026-06-13T08:01:21.001Z</time><ele>34.53</ele></trkpt><trkpt lat="37.134211" lon="127.046879"><time>2026-06-13T08:01:22.001Z</time><ele>33.68</ele></trkpt><trkpt lat="37.134183" lon="127.047131"><time>2026-06-13T08:01:23.001Z</time><ele>33.74</ele></trkpt><trkpt lat="37.134182" lon="127.047384"><time>2026-06-13T08:01:24.001Z</time><ele>32.95</ele></trkpt><trkpt lat="37.134181" lon="127.047636"><time>2026-06-13T08:01:25.001Z</time><ele>31.61</ele></trkpt><trkpt lat="37.134181" lon="127.047891"><time>2026-06-13T08:01:26.001Z</time><ele>31.06</ele></trkpt><trkpt lat="37.134179" lon="127.048146"><time>2026-06-13T08:01:27.001Z</time><ele>30.3</ele></trkpt><trkpt lat="37.134178" lon="127.04841"><time>2026-06-13T08:01:28.001Z</time><ele>28.99</ele></trkpt><trkpt lat="37.134177" lon="127.048677"><time>2026-06-13T08:01:29.001Z</time><ele>28.39</ele></trkpt><trkpt lat="37.134175" lon="127.048942"><time>2026-06-13T08:01:30.001Z</time><ele>27.18</ele></trkpt><trkpt lat="37.134174" lon="127.049209"><time>2026-06-13T08:01:31.001Z</time><ele>25.58</ele></trkpt><trkpt lat="37.134174" lon="127.049477"><time>2026-06-13T08:01:32.001Z</time><ele>25.28</ele></trkpt><trkpt lat="37.134173" lon="127.049743"><time>2026-06-13T08:01:33.001Z</time><ele>24.46</ele></trkpt><trkpt lat="37.134172" lon="127.050013"><time>2026-06-13T08:01:34.001Z</time><ele>23.55</ele></trkpt><trkpt lat="37.134173" lon="127.05028"><time>2026-06-13T08:01:35.001Z</time><ele>22.77</ele></trkpt><trkpt lat="37.134174" lon="127.050545"><time>2026-06-13T08:01:36.001Z</time><ele>21.53</ele></trkpt><trkpt lat="37.134175" lon="127.050801"><time>2026-06-13T08:01:37.001Z</time><ele>22.05</ele></trkpt><trkpt lat="37.134175" lon="127.051036"><time>2026-06-13T08:01:38.001Z</time><ele>21.58</ele></trkpt><trkpt lat="37.134176" lon="127.051256"><time>2026-06-13T08:01:39.001Z</time><ele>22.02</ele></trkpt><trkpt lat="37.134176" lon="127.051468"><time>2026-06-13T08:01:40.001Z</time><ele>21.7</ele></trkpt><trkpt lat="37.134177" lon="127.051672"><time>2026-06-13T08:01:41.001Z</time><ele>21.12</ele></trkpt><trkpt lat="37.134176" lon="127.051872"><time>2026-06-13T08:01:42.001Z</time><ele>20.97</ele></trkpt><trkpt lat="37.134174" lon="127.052067"><time>2026-06-13T08:01:43.001Z</time><ele>20.59</ele></trkpt><trkpt lat="37.134172" lon="127.052248"><time>2026-06-13T08:01:44.001Z</time><ele>20.54</ele></trkpt><trkpt lat="37.134171" lon="127.052427"><time>2026-06-13T08:01:45.001Z</time><ele>20.41</ele></trkpt><trkpt lat="37.134169" lon="127.052606"><time>2026-06-13T08:01:46.001Z</time><ele>20.56</ele></trkpt><trkpt lat="37.134169" lon="127.052782"><time>2026-06-13T08:01:47.001Z</time><ele>20.47</ele></trkpt><trkpt lat="37.134167" lon="127.05295"><time>2026-06-13T08:01:48.001Z</time><ele>20.27</ele></trkpt><trkpt lat="37.134166" lon="127.053108"><time>2026-06-13T08:01:49.001Z</time><ele>19.89</ele></trkpt><trkpt lat="37.134164" lon="127.05326"><time>2026-06-13T08:01:50.001Z</time><ele>20.55</ele></trkpt><trkpt lat="37.134171" lon="127.053388"><time>2026-06-13T08:01:51.001Z</time><ele>20.85</ele></trkpt><trkpt lat="37.134178" lon="127.053486"><time>2026-06-13T08:01:52.001Z</time><ele>20.67</ele></trkpt><trkpt lat="37.134163" lon="127.053562"><time>2026-06-13T08:01:53.001Z</time><ele>20.37</ele></trkpt><trkpt lat="37.134165" lon="127.053635"><time>2026-06-13T08:01:55.002Z</time><ele>20.58</ele></trkpt><trkpt lat="37.134168" lon="127.053704"><time>2026-06-13T08:01:58.002Z</time><ele>21.35</ele></trkpt><trkpt lat="37.134171" lon="127.053763"><time>2026-06-13T08:03:20.001Z</time><ele>23.54</ele></trkpt><trkpt lat="37.134162" lon="127.053824"><time>2026-06-13T08:03:22.001Z</time><ele>23.4</ele></trkpt><trkpt lat="37.134163" lon="127.053941"><time>2026-06-13T08:03:24.001Z</time><ele>23.07</ele></trkpt><trkpt lat="37.134163" lon="127.053998"><time>2026-06-13T08:03:25.001Z</time><ele>22.73</ele></trkpt><trkpt lat="37.134164" lon="127.054066"><time>2026-06-13T08:03:26.001Z</time><ele>22.51</ele></trkpt><trkpt lat="37.134348" lon="127.054156"><time>2026-06-13T08:03:28.001Z</time><ele>24.51</ele></trkpt><trkpt lat="37.134426" lon="127.054171"><time>2026-06-13T08:03:29.001Z</time><ele>24.26</ele></trkpt><trkpt lat="37.134504" lon="127.054176"><time>2026-06-13T08:03:30.001Z</time><ele>23.82</ele></trkpt><trkpt lat="37.134598" lon="127.054181"><time>2026-06-13T08:03:31.001Z</time><ele>23.04</ele></trkpt><trkpt lat="37.134711" lon="127.054193"><time>2026-06-13T08:03:32.001Z</time><ele>22.99</ele></trkpt><trkpt lat="37.134836" lon="127.054201"><time>2026-06-13T08:03:33.001Z</time><ele>22.23</ele></trkpt><trkpt lat="37.136996" lon="127.054428"><time>2026-06-13T08:03:46.001Z</time><ele>17.92</ele></trkpt><trkpt lat="37.137128" lon="127.05444"><time>2026-06-13T08:03:47.001Z</time><ele>17.86</ele></trkpt><trkpt lat="37.137259" lon="127.054453"><time>2026-06-13T08:03:48.001Z</time><ele>17.96</ele></trkpt><trkpt lat="37.13738" lon="127.054465"><time>2026-06-13T08:03:49.001Z</time><ele>17.86</ele></trkpt><trkpt lat="37.137491" lon="127.054474"><time>2026-06-13T08:03:50.001Z</time><ele>17.58</ele></trkpt><trkpt lat="37.137593" lon="127.054481"><time>2026-06-13T08:03:51.001Z</time><ele>16.8</ele></trkpt><trkpt lat="37.137689" lon="127.054491"><time>2026-06-13T08:03:52.001Z</time><ele>16.94</ele></trkpt><trkpt lat="37.137771" lon="127.054498"><time>2026-06-13T08:03:53.001Z</time><ele>16.14</ele></trkpt><trkpt lat="37.137845" lon="127.054504"><time>2026-06-13T08:03:54.001Z</time><ele>16.23</ele></trkpt><trkpt lat="37.137908" lon="127.054508"><time>2026-06-13T08:03:55.001Z</time><ele>16.46</ele></trkpt><trkpt lat="37.137955" lon="127.054511"><time>2026-06-13T08:03:56.001Z</time><ele>16.32</ele></trkpt><trkpt lat="37.138032" lon="127.054519"><time>2026-06-13T08:03:58.001Z</time><ele>16.64</ele></trkpt><trkpt lat="37.138085" lon="127.05452"><time>2026-06-13T08:04:00.002Z</time><ele>16.58</ele></trkpt><trkpt lat="37.138138" lon="127.054522"><time>2026-06-13T08:04:24.002Z</time><ele>17.76</ele></trkpt><trkpt lat="37.138235" lon="127.054536"><time>2026-06-13T08:04:26.002Z</time><ele>17.81</ele></trkpt><trkpt lat="37.138283" lon="127.054541"><time>2026-06-13T08:04:27.002Z</time><ele>17.67</ele></trkpt><trkpt lat="37.138346" lon="127.054546"><time>2026-06-13T08:04:28.002Z</time><ele>17.57</ele></trkpt><trkpt lat="37.138422" lon="127.054556"><time>2026-06-13T08:04:29.002Z</time><ele>17.59</ele></trkpt><trkpt lat="37.138495" lon="127.054567"><time>2026-06-13T08:04:30.002Z</time><ele>17.44</ele></trkpt><trkpt lat="37.138584" lon="127.054576"><time>2026-06-13T08:04:31.002Z</time><ele>17.47</ele></trkpt><trkpt lat="37.138685" lon="127.054584"><time>2026-06-13T08:04:32.002Z</time><ele>17.32</ele></trkpt><trkpt lat="37.138792" lon="127.054596"><time>2026-06-13T08:04:33.002Z</time><ele>17.54</ele></trkpt><trkpt lat="37.138897" lon="127.054606"><time>2026-06-13T08:04:34.002Z</time><ele>17.53</ele></trkpt><trkpt lat="37.139011" lon="127.054615"><time>2026-06-13T08:04:35.002Z</time><ele>17.67</ele></trkpt><trkpt lat="37.139135" lon="127.054628"><time>2026-06-13T08:04:36.002Z</time><ele>17.61</ele></trkpt><trkpt lat="37.139274" lon="127.054632"><time>2026-06-13T08:04:37.002Z</time><ele>17.91</ele></trkpt><trkpt lat="37.139408" lon="127.054646"><time>2026-06-13T08:04:38.002Z</time><ele>18.12</ele></trkpt><trkpt lat="37.139545" lon="127.054658"><time>2026-06-13T08:04:39.002Z</time><ele>18.28</ele></trkpt><trkpt lat="37.139686" lon="127.054669"><time>2026-06-13T08:04:40.002Z</time><ele>18.4</ele></trkpt><trkpt lat="37.139833" lon="127.054682"><time>2026-06-13T08:04:41.002Z</time><ele>18.29</ele></trkpt><trkpt lat="37.139967" lon="127.054698"><time>2026-06-13T08:04:42.002Z</time><ele>18.77</ele></trkpt><trkpt lat="37.140104" lon="127.054712"><time>2026-06-13T08:04:43.002Z</time><ele>18.68</ele></trkpt><trkpt lat="37.140245" lon="127.054725"><time>2026-06-13T08:04:44.002Z</time><ele>18.67</ele></trkpt><trkpt lat="37.140395" lon="127.05474"><time>2026-06-13T08:04:45.002Z</time><ele>18.64</ele></trkpt><trkpt lat="37.140544" lon="127.054755"><time>2026-06-13T08:04:46.001Z</time><ele>18.83</ele></trkpt><trkpt lat="37.140698" lon="127.05477"><time>2026-06-13T08:04:47.000Z</time><ele>18.97</ele></trkpt><trkpt lat="37.140848" lon="127.054787"><time>2026-06-13T08:04:48.001Z</time><ele>18.92</ele></trkpt><trkpt lat="37.141002" lon="127.054797"><time>2026-06-13T08:04:49.000Z</time><ele>19.01</ele></trkpt><trkpt lat="37.141157" lon="127.054809"><time>2026-06-13T08:04:50.000Z</time><ele>18.89</ele></trkpt><trkpt lat="37.141313" lon="127.054824"><time>2026-06-13T08:04:51.000Z</time><ele>18.92</ele></trkpt><trkpt lat="37.141471" lon="127.054837"><time>2026-06-13T08:04:52.000Z</time><ele>18.8</ele></trkpt><trkpt lat="37.141635" lon="127.05485"><time>2026-06-13T08:04:53.000Z</time><ele>18.73</ele></trkpt><trkpt lat="37.141802" lon="127.054863"><time>2026-06-13T08:04:54.000Z</time><ele>18.6</ele></trkpt><trkpt lat="37.141966" lon="127.054878"><time>2026-06-13T08:04:55.000Z</time><ele>18.82</ele></trkpt><trkpt lat="37.142121" lon="127.054896"><time>2026-06-13T08:04:56.000Z</time><ele>18.75</ele></trkpt><trkpt lat="37.142273" lon="127.054911"><time>2026-06-13T08:04:57.000Z</time><ele>18.75</ele></trkpt><trkpt lat="37.142423" lon="127.054932"><time>2026-06-13T08:04:58.000Z</time><ele>18.84</ele></trkpt><trkpt lat="37.142578" lon="127.054956"><time>2026-06-13T08:04:59.000Z</time><ele>18.8</ele></trkpt><trkpt lat="37.142732" lon="127.054982"><time>2026-06-13T08:05:00.000Z</time><ele>18.73</ele></trkpt><trkpt lat="37.142879" lon="127.055"><time>2026-06-13T08:05:01.000Z</time><ele>18.69</ele></trkpt><trkpt lat="37.143015" lon="127.05501"><time>2026-06-13T08:05:02.000Z</time><ele>18.53</ele></trkpt><trkpt lat="37.143148" lon="127.055024"><time>2026-06-13T08:05:03.000Z</time><ele>18.31</ele></trkpt><trkpt lat="37.143281" lon="127.055036"><time>2026-06-13T08:05:04.000Z</time><ele>18.54</ele></trkpt><trkpt lat="37.143412" lon="127.055049"><time>2026-06-13T08:05:05.000Z</time><ele>18.66</ele></trkpt><trkpt lat="37.143547" lon="127.055064"><time>2026-06-13T08:05:06.000Z</time><ele>18.78</ele></trkpt><trkpt lat="37.143682" lon="127.055076"><time>2026-06-13T08:05:07.000Z</time><ele>18.74</ele></trkpt><trkpt lat="37.14382" lon="127.055084"><time>2026-06-13T08:05:08.000Z</time><ele>18.8</ele></trkpt><trkpt lat="37.143954" lon="127.055095"><time>2026-06-13T08:05:09.000Z</time><ele>18.99</ele></trkpt><trkpt lat="37.14409" lon="127.055107"><time>2026-06-13T08:05:10.001Z</time><ele>18.88</ele></trkpt><trkpt lat="37.144223" lon="127.055124"><time>2026-06-13T08:05:11.001Z</time><ele>19.22</ele></trkpt><trkpt lat="37.144351" lon="127.055138"><time>2026-06-13T08:05:12.001Z</time><ele>19.46</ele></trkpt><trkpt lat="37.144476" lon="127.055149"><time>2026-06-13T08:05:13.001Z</time><ele>19.37</ele></trkpt><trkpt lat="37.144607" lon="127.055161"><time>2026-06-13T08:05:14.001Z</time><ele>19.77</ele></trkpt><trkpt lat="37.14474" lon="127.055175"><time>2026-06-13T08:05:15.001Z</time><ele>19.99</ele></trkpt><trkpt lat="37.144872" lon="127.055188"><time>2026-06-13T08:05:16.001Z</time><ele>19.97</ele></trkpt><trkpt lat="37.14501" lon="127.055205"><time>2026-06-13T08:05:17.001Z</time><ele>19.98</ele></trkpt><trkpt lat="37.145151" lon="127.055215"><time>2026-06-13T08:05:18.001Z</time><ele>20.25</ele></trkpt><trkpt lat="37.145293" lon="127.055224"><time>2026-06-13T08:05:19.001Z</time><ele>20.36</ele></trkpt><trkpt lat="37.145444" lon="127.055229"><time>2026-06-13T08:05:20.001Z</time><ele>20.39</ele></trkpt><trkpt lat="37.145597" lon="127.055234"><time>2026-06-13T08:05:21.001Z</time><ele>20.23</ele></trkpt><trkpt lat="37.145754" lon="127.055233"><time>2026-06-13T08:05:22.001Z</time><ele>20.64</ele></trkpt><trkpt lat="37.145905" lon="127.055222"><time>2026-06-13T08:05:23.001Z</time><ele>21.02</ele></trkpt><trkpt lat="37.146047" lon="127.055214"><time>2026-06-13T08:05:24.001Z</time><ele>21.26</ele></trkpt><trkpt lat="37.146182" lon="127.055196"><time>2026-06-13T08:05:25.001Z</time><ele>21.37</ele></trkpt><trkpt lat="37.146306" lon="127.055177"><time>2026-06-13T08:05:26.001Z</time><ele>21.69</ele></trkpt><trkpt lat="37.146428" lon="127.055148"><time>2026-06-13T08:05:27.001Z</time><ele>21.69</ele></trkpt><trkpt lat="37.146555" lon="127.055118"><time>2026-06-13T08:05:28.001Z</time><ele>22.35</ele></trkpt><trkpt lat="37.146673" lon="127.055084"><time>2026-06-13T08:05:29.001Z</time><ele>21.6</ele></trkpt><trkpt lat="37.146776" lon="127.055063"><time>2026-06-13T08:05:30.001Z</time><ele>21.2</ele></trkpt><trkpt lat="37.14686" lon="127.055035"><time>2026-06-13T08:05:31.001Z</time><ele>20.85</ele></trkpt><trkpt lat="37.146927" lon="127.054996"><time>2026-06-13T08:05:32.001Z</time><ele>21.75</ele></trkpt><trkpt lat="37.146974" lon="127.054979"><time>2026-06-13T08:05:33.001Z</time><ele>21.18</ele></trkpt><trkpt lat="37.147064" lon="127.055165"><time>2026-06-13T08:05:35.001Z</time><ele>21.06</ele></trkpt><trkpt lat="37.14708" lon="127.055277"><time>2026-06-13T08:05:36.001Z</time><ele>20.62</ele></trkpt><trkpt lat="37.147102" lon="127.055405"><time>2026-06-13T08:05:37.001Z</time><ele>20.12</ele></trkpt><trkpt lat="37.147128" lon="127.055549"><time>2026-06-13T08:05:38.001Z</time><ele>19.79</ele></trkpt><trkpt lat="37.147151" lon="127.055708"><time>2026-06-13T08:05:39.001Z</time><ele>19.84</ele></trkpt><trkpt lat="37.147173" lon="127.055877"><time>2026-06-13T08:05:40.001Z</time><ele>19.23</ele></trkpt><trkpt lat="37.147194" lon="127.056047"><time>2026-06-13T08:05:41.001Z</time><ele>19.62</ele></trkpt><trkpt lat="37.147213" lon="127.056211"><time>2026-06-13T08:05:42.001Z</time><ele>18.86</ele></trkpt><trkpt lat="37.147234" lon="127.056384"><time>2026-06-13T08:05:43.001Z</time><ele>18.42</ele></trkpt><trkpt lat="37.147255" lon="127.056567"><time>2026-06-13T08:05:44.001Z</time><ele>18.7</ele></trkpt><trkpt lat="37.147282" lon="127.056751"><time>2026-06-13T08:05:45.001Z</time><ele>18.82</ele></trkpt><trkpt lat="37.147318" lon="127.056933"><time>2026-06-13T08:05:46.001Z</time><ele>18.65</ele></trkpt><trkpt lat="37.14736" lon="127.057098"><time>2026-06-13T08:05:47.001Z</time><ele>18.75</ele></trkpt><trkpt lat="37.147402" lon="127.057255"><time>2026-06-13T08:05:48.001Z</time><ele>18.87</ele></trkpt><trkpt lat="37.147462" lon="127.057414"><time>2026-06-13T08:05:49.001Z</time><ele>18.79</ele></trkpt><trkpt lat="37.147534" lon="127.057573"><time>2026-06-13T08:05:50.001Z</time><ele>19.03</ele></trkpt><trkpt lat="37.147619" lon="127.057724"><time>2026-06-13T08:05:51.001Z</time><ele>19.82</ele></trkpt><trkpt lat="37.147703" lon="127.057884"><time>2026-06-13T08:05:52.001Z</time><ele>20.05</ele></trkpt><trkpt lat="37.147788" lon="127.058042"><time>2026-06-13T08:05:53.001Z</time><ele>20.3</ele></trkpt><trkpt lat="37.14787" lon="127.058198"><time>2026-06-13T08:05:54.001Z</time><ele>20.29</ele></trkpt><trkpt lat="37.147946" lon="127.05835"><time>2026-06-13T08:05:55.001Z</time><ele>20.49</ele></trkpt><trkpt lat="37.148011" lon="127.058497"><time>2026-06-13T08:05:56.001Z</time><ele>20.38</ele></trkpt><trkpt lat="37.148068" lon="127.058633"><time>2026-06-13T08:05:57.001Z</time><ele>20.49</ele></trkpt><trkpt lat="37.148116" lon="127.058719"><time>2026-06-13T08:05:58.001Z</time><ele>19.87</ele></trkpt><trkpt lat="37.148146" lon="127.058786"><time>2026-06-13T08:05:59.001Z</time><ele>19.76</ele></trkpt><trkpt lat="37.148173" lon="127.058847"><time>2026-06-13T08:06:01.001Z</time><ele>19.99</ele></trkpt><trkpt lat="37.148194" lon="127.05892"><time>2026-06-13T08:07:40.001Z</time><ele>20.92</ele></trkpt><trkpt lat="37.14822" lon="127.058974"><time>2026-06-13T08:07:41.001Z</time><ele>20.91</ele></trkpt><trkpt lat="37.148251" lon="127.059034"><time>2026-06-13T08:07:42.001Z</time><ele>20.88</ele></trkpt><trkpt lat="37.148295" lon="127.059109"><time>2026-06-13T08:07:43.001Z</time><ele>20.9</ele></trkpt><trkpt lat="37.148346" lon="127.059199"><time>2026-06-13T08:07:44.001Z</time><ele>20.86</ele></trkpt><trkpt lat="37.148393" lon="127.059288"><time>2026-06-13T08:07:45.001Z</time><ele>20.83</ele></trkpt><trkpt lat="37.148451" lon="127.059394"><time>2026-06-13T08:07:46.001Z</time><ele>20.83</ele></trkpt><trkpt lat="37.148517" lon="127.059509"><time>2026-06-13T08:07:47.001Z</time><ele>20.65</ele></trkpt><trkpt lat="37.148586" lon="127.059635"><time>2026-06-13T08:07:48.001Z</time><ele>20.57</ele></trkpt><trkpt lat="37.148654" lon="127.059761"><time>2026-06-13T08:07:49.001Z</time><ele>20.77</ele></trkpt><trkpt lat="37.148724" lon="127.059891"><time>2026-06-13T08:07:50.001Z</time><ele>20.28</ele></trkpt><trkpt lat="37.148799" lon="127.060031"><time>2026-06-13T08:07:51.001Z</time><ele>20.32</ele></trkpt><trkpt lat="37.148877" lon="127.060177"><time>2026-06-13T08:07:52.001Z</time><ele>20.74</ele></trkpt><trkpt lat="37.148953" lon="127.060335"><time>2026-06-13T08:07:53.001Z</time><ele>21</ele></trkpt><trkpt lat="37.149202" lon="127.06074"><time>2026-06-13T08:07:56.001Z</time><ele>20.88</ele></trkpt><trkpt lat="37.149251" lon="127.060881"><time>2026-06-13T08:07:57.001Z</time><ele>21.06</ele></trkpt><trkpt lat="37.149314" lon="127.060999"><time>2026-06-13T08:07:58.001Z</time><ele>21.08</ele></trkpt><trkpt lat="37.149372" lon="127.061103"><time>2026-06-13T08:07:59.001Z</time><ele>21.03</ele></trkpt><trkpt lat="37.149425" lon="127.061205"><time>2026-06-13T08:08:00.001Z</time><ele>21.02</ele></trkpt><trkpt lat="37.149468" lon="127.061289"><time>2026-06-13T08:08:01.001Z</time><ele>20.86</ele></trkpt><trkpt lat="37.149502" lon="127.061362"><time>2026-06-13T08:08:02.001Z</time><ele>20.67</ele></trkpt><trkpt lat="37.14953" lon="127.061425"><time>2026-06-13T08:08:03.001Z</time><ele>20.71</ele></trkpt><trkpt lat="37.149563" lon="127.06153"><time>2026-06-13T08:08:05.001Z</time><ele>20.68</ele></trkpt><trkpt lat="37.149581" lon="127.061619"><time>2026-06-13T08:08:07.001Z</time><ele>20.72</ele></trkpt><trkpt lat="37.14961" lon="127.061688"><time>2026-06-13T08:08:09.001Z</time><ele>20.62</ele></trkpt><trkpt lat="37.149637" lon="127.061775"><time>2026-06-13T08:08:11.001Z</time><ele>20.78</ele></trkpt><trkpt lat="37.149656" lon="127.061836"><time>2026-06-13T08:08:12.001Z</time><ele>20.61</ele></trkpt><trkpt lat="37.1496" lon="127.06194"><time>2026-06-13T08:08:13.001Z</time><ele>20.5</ele></trkpt><trkpt lat="37.149614" lon="127.062037"><time>2026-06-13T08:08:14.001Z</time><ele>20.66</ele></trkpt><trkpt lat="37.149609" lon="127.062165"><time>2026-06-13T08:08:15.001Z</time><ele>20.96</ele></trkpt><trkpt lat="37.149598" lon="127.062301"><time>2026-06-13T08:08:16.001Z</time><ele>20.98</ele></trkpt><trkpt lat="37.149589" lon="127.062419"><time>2026-06-13T08:08:17.002Z</time><ele>21.23</ele></trkpt><trkpt lat="37.149576" lon="127.062548"><time>2026-06-13T08:08:18.002Z</time><ele>21.54</ele></trkpt><trkpt lat="37.149562" lon="127.062664"><time>2026-06-13T08:08:19.002Z</time><ele>22.19</ele></trkpt><trkpt lat="37.149552" lon="127.062766"><time>2026-06-13T08:08:20.002Z</time><ele>22.47</ele></trkpt><trkpt lat="37.149542" lon="127.062857"><time>2026-06-13T08:08:21.002Z</time><ele>22.97</ele></trkpt><trkpt lat="37.149531" lon="127.062953"><time>2026-06-13T08:08:22.002Z</time><ele>23.34</ele></trkpt><trkpt lat="37.149519" lon="127.063042"><time>2026-06-13T08:08:23.002Z</time><ele>23.58</ele></trkpt><trkpt lat="37.149518" lon="127.063121"><time>2026-06-13T08:08:24.002Z</time><ele>23.51</ele></trkpt><trkpt lat="37.149494" lon="127.063186"><time>2026-06-13T08:08:25.002Z</time><ele>23.64</ele></trkpt><trkpt lat="37.149488" lon="127.063245"><time>2026-06-13T08:08:26.002Z</time><ele>23.47</ele></trkpt><trkpt lat="37.149491" lon="127.063327"><time>2026-06-13T08:08:28.002Z</time><ele>23.58</ele></trkpt><trkpt lat="37.149476" lon="127.063383"><time>2026-06-13T08:08:43.002Z</time><ele>26.73</ele></trkpt><trkpt lat="37.149467" lon="127.063474"><time>2026-06-13T08:08:54.002Z</time><ele>28.11</ele></trkpt><trkpt lat="37.149463" lon="127.063539"><time>2026-06-13T08:09:02.000Z</time><ele>28.14</ele></trkpt><trkpt lat="37.149442" lon="127.063616"><time>2026-06-13T08:09:04.000Z</time><ele>28.03</ele></trkpt><trkpt lat="37.149556" lon="127.063668"><time>2026-06-13T08:09:05.000Z</time><ele>28.27</ele></trkpt><trkpt lat="37.149618" lon="127.063654"><time>2026-06-13T08:09:06.000Z</time><ele>28.27</ele></trkpt><trkpt lat="37.149703" lon="127.063648"><time>2026-06-13T08:09:07.000Z</time><ele>27.86</ele></trkpt><trkpt lat="37.14979" lon="127.063663"><time>2026-06-13T08:09:08.000Z</time><ele>28.1</ele></trkpt><trkpt lat="37.149882" lon="127.063664"><time>2026-06-13T08:09:09.000Z</time><ele>28.62</ele></trkpt><trkpt lat="37.149992" lon="127.063682"><time>2026-06-13T08:09:10.000Z</time><ele>29.62</ele></trkpt><trkpt lat="37.150088" lon="127.063697"><time>2026-06-13T08:09:11.000Z</time><ele>29.95</ele></trkpt><trkpt lat="37.150179" lon="127.063709"><time>2026-06-13T08:09:12.000Z</time><ele>29.92</ele></trkpt><trkpt lat="37.150273" lon="127.063749"><time>2026-06-13T08:09:13.000Z</time><ele>30.42</ele></trkpt><trkpt lat="37.150375" lon="127.063789"><time>2026-06-13T08:09:14.000Z</time><ele>30.34</ele></trkpt><trkpt lat="37.150472" lon="127.063835"><time>2026-06-13T08:09:15.000Z</time><ele>28.37</ele></trkpt><trkpt lat="37.150584" lon="127.06388"><time>2026-06-13T08:09:16.000Z</time><ele>28.45</ele></trkpt><trkpt lat="37.150688" lon="127.063932"><time>2026-06-13T08:09:17.000Z</time><ele>27.88</ele></trkpt><trkpt lat="37.150803" lon="127.063977"><time>2026-06-13T08:09:18.000Z</time><ele>28.93</ele></trkpt><trkpt lat="37.150907" lon="127.064024"><time>2026-06-13T08:09:19.000Z</time><ele>28.3</ele></trkpt><trkpt lat="37.150994" lon="127.064085"><time>2026-06-13T08:09:20.000Z</time><ele>25.21</ele></trkpt><trkpt lat="37.151084" lon="127.064145"><time>2026-06-13T08:09:21.000Z</time><ele>24.29</ele></trkpt><trkpt lat="37.151188" lon="127.064206"><time>2026-06-13T08:09:22.000Z</time><ele>23.68</ele></trkpt><trkpt lat="37.151287" lon="127.064271"><time>2026-06-13T08:09:23.000Z</time><ele>23.24</ele></trkpt><trkpt lat="37.151371" lon="127.064337"><time>2026-06-13T08:09:24.000Z</time><ele>22.56</ele></trkpt><trkpt lat="37.151452" lon="127.064404"><time>2026-06-13T08:09:25.000Z</time><ele>22.11</ele></trkpt><trkpt lat="37.151533" lon="127.064481"><time>2026-06-13T08:09:26.000Z</time><ele>21.87</ele></trkpt><trkpt lat="37.151617" lon="127.064558"><time>2026-06-13T08:09:27.000Z</time><ele>21.73</ele></trkpt><trkpt lat="37.151707" lon="127.064642"><time>2026-06-13T08:09:28.001Z</time><ele>21.6</ele></trkpt><trkpt lat="37.151793" lon="127.064728"><time>2026-06-13T08:09:29.001Z</time><ele>21.54</ele></trkpt><trkpt lat="37.151868" lon="127.064818"><time>2026-06-13T08:09:30.001Z</time><ele>21.28</ele></trkpt><trkpt lat="37.151944" lon="127.064915"><time>2026-06-13T08:09:31.001Z</time><ele>21.25</ele></trkpt><trkpt lat="37.152012" lon="127.065"><time>2026-06-13T08:09:32.001Z</time><ele>20.87</ele></trkpt><trkpt lat="37.152073" lon="127.065074"><time>2026-06-13T08:09:33.001Z</time><ele>20.81</ele></trkpt><trkpt lat="37.15212" lon="127.065123"><time>2026-06-13T08:09:34.001Z</time><ele>20.59</ele></trkpt><trkpt lat="37.152156" lon="127.065159"><time>2026-06-13T08:09:35.001Z</time><ele>20.49</ele></trkpt><trkpt lat="37.152204" lon="127.065216"><time>2026-06-13T08:09:37.001Z</time><ele>20.23</ele></trkpt><trkpt lat="37.152249" lon="127.065255"><time>2026-06-13T08:09:44.001Z</time><ele>20.36</ele></trkpt><trkpt lat="37.152291" lon="127.065304"><time>2026-06-13T08:09:45.001Z</time><ele>20.41</ele></trkpt><trkpt lat="37.152334" lon="127.06536"><time>2026-06-13T08:09:46.001Z</time><ele>20.78</ele></trkpt><trkpt lat="37.152374" lon="127.065423"><time>2026-06-13T08:09:47.001Z</time><ele>20.77</ele></trkpt><trkpt lat="37.15241" lon="127.065482"><time>2026-06-13T08:09:48.001Z</time><ele>21.04</ele></trkpt><trkpt lat="37.152455" lon="127.065548"><time>2026-06-13T08:09:49.001Z</time><ele>21.1</ele></trkpt><trkpt lat="37.152514" lon="127.065619"><time>2026-06-13T08:09:50.001Z</time><ele>20.91</ele></trkpt><trkpt lat="37.152575" lon="127.065694"><time>2026-06-13T08:09:51.001Z</time><ele>21.13</ele></trkpt><trkpt lat="37.152639" lon="127.065766"><time>2026-06-13T08:09:52.001Z</time><ele>21.15</ele></trkpt><trkpt lat="37.152699" lon="127.065837"><time>2026-06-13T08:09:53.001Z</time><ele>21.08</ele></trkpt><trkpt lat="37.15276" lon="127.065911"><time>2026-06-13T08:09:54.001Z</time><ele>20.91</ele></trkpt><trkpt lat="37.152822" lon="127.065992"><time>2026-06-13T08:09:55.001Z</time><ele>20.85</ele></trkpt><trkpt lat="37.152886" lon="127.066069"><time>2026-06-13T08:09:56.001Z</time><ele>21</ele></trkpt><trkpt lat="37.152955" lon="127.066149"><time>2026-06-13T08:09:57.001Z</time><ele>21.21</ele></trkpt><trkpt lat="37.153016" lon="127.066225"><time>2026-06-13T08:09:58.001Z</time><ele>21.47</ele></trkpt><trkpt lat="37.153077" lon="127.06629"><time>2026-06-13T08:09:59.001Z</time><ele>21.4</ele></trkpt><trkpt lat="37.153135" lon="127.066351"><time>2026-06-13T08:10:00.001Z</time><ele>21.09</ele></trkpt><trkpt lat="37.153185" lon="127.066402"><time>2026-06-13T08:10:01.001Z</time><ele>21.04</ele></trkpt><trkpt lat="37.153242" lon="127.066454"><time>2026-06-13T08:10:02.001Z</time><ele>21.18</ele></trkpt><trkpt lat="37.153292" lon="127.066505"><time>2026-06-13T08:10:03.001Z</time><ele>20.58</ele></trkpt><trkpt lat="37.153343" lon="127.066533"><time>2026-06-13T08:10:04.001Z</time><ele>20.53</ele></trkpt><trkpt lat="37.153395" lon="127.066552"><time>2026-06-13T08:10:05.001Z</time><ele>20.13</ele></trkpt><trkpt lat="37.153444" lon="127.066578"><time>2026-06-13T08:10:06.001Z</time><ele>19.69</ele></trkpt><trkpt lat="37.153505" lon="127.06661"><time>2026-06-13T08:10:07.001Z</time><ele>19.35</ele></trkpt><trkpt lat="37.15357" lon="127.06664"><time>2026-06-13T08:10:08.001Z</time><ele>19.45</ele></trkpt><trkpt lat="37.153633" lon="127.06668"><time>2026-06-13T08:10:09.001Z</time><ele>19.11</ele></trkpt><trkpt lat="37.153683" lon="127.066732"><time>2026-06-13T08:10:10.001Z</time><ele>18.71</ele></trkpt><trkpt lat="37.153726" lon="127.066798"><time>2026-06-13T08:10:11.001Z</time><ele>18.74</ele></trkpt><trkpt lat="37.153765" lon="127.066867"><time>2026-06-13T08:10:12.001Z</time><ele>18.86</ele></trkpt><trkpt lat="37.153816" lon="127.066941"><time>2026-06-13T08:10:13.001Z</time><ele>19.06</ele></trkpt><trkpt lat="37.153868" lon="127.067017"><time>2026-06-13T08:10:14.001Z</time><ele>19.33</ele></trkpt><trkpt lat="37.153921" lon="127.067094"><time>2026-06-13T08:10:15.001Z</time><ele>19.92</ele></trkpt><trkpt lat="37.153965" lon="127.067166"><time>2026-06-13T08:10:16.001Z</time><ele>20.89</ele></trkpt><trkpt lat="37.154005" lon="127.067233"><time>2026-06-13T08:10:17.001Z</time><ele>21.43</ele></trkpt><trkpt lat="37.154034" lon="127.067284"><time>2026-06-13T08:10:18.001Z</time><ele>22.33</ele></trkpt><trkpt lat="37.154062" lon="127.06734"><time>2026-06-13T08:10:19.001Z</time><ele>22.62</ele></trkpt><trkpt lat="37.154094" lon="127.067396"><time>2026-06-13T08:10:20.001Z</time><ele>23.05</ele></trkpt><trkpt lat="37.154128" lon="127.067453"><time>2026-06-13T08:10:21.001Z</time><ele>23.27</ele></trkpt><trkpt lat="37.154163" lon="127.067511"><time>2026-06-13T08:10:22.001Z</time><ele>23.47</ele></trkpt><trkpt lat="37.154202" lon="127.067566"><time>2026-06-13T08:10:23.001Z</time><ele>23.41</ele></trkpt><trkpt lat="37.154244" lon="127.067616"><time>2026-06-13T08:10:24.001Z</time><ele>23.1</ele></trkpt><trkpt lat="37.15428" lon="127.06767"><time>2026-06-13T08:10:25.002Z</time><ele>23</ele></trkpt><trkpt lat="37.15432" lon="127.067727"><time>2026-06-13T08:10:26.002Z</time><ele>22.73</ele></trkpt><trkpt lat="37.154358" lon="127.067789"><time>2026-06-13T08:10:27.002Z</time><ele>22.49</ele></trkpt><trkpt lat="37.1544" lon="127.067844"><time>2026-06-13T08:10:28.002Z</time><ele>22.31</ele></trkpt><trkpt lat="37.154441" lon="127.067893"><time>2026-06-13T08:10:29.002Z</time><ele>22.14</ele></trkpt><trkpt lat="37.154477" lon="127.06794"><time>2026-06-13T08:10:30.002Z</time><ele>21.92</ele></trkpt><trkpt lat="37.154508" lon="127.067981"><time>2026-06-13T08:10:31.002Z</time><ele>21.75</ele></trkpt><trkpt lat="37.154558" lon="127.068047"><time>2026-06-13T08:10:33.002Z</time><ele>21.94</ele></trkpt><trkpt lat="37.154604" lon="127.068074"><time>2026-06-13T08:10:35.002Z</time><ele>21.99</ele></trkpt><trkpt lat="37.154655" lon="127.068124"><time>2026-06-13T08:10:41.002Z</time><ele>22.67</ele></trkpt><trkpt lat="37.154688" lon="127.068172"><time>2026-06-13T08:10:43.002Z</time><ele>23.28</ele></trkpt><trkpt lat="37.154698" lon="127.068227"><time>2026-06-13T08:10:50.002Z</time><ele>24.03</ele></trkpt><trkpt lat="37.154726" lon="127.068295"><time>2026-06-13T08:10:55.002Z</time><ele>25.56</ele></trkpt><trkpt lat="37.154745" lon="127.068356"><time>2026-06-13T08:11:05.000Z</time><ele>27.28</ele></trkpt><trkpt lat="37.154766" lon="127.068413"><time>2026-06-13T08:11:06.000Z</time><ele>27.5</ele></trkpt><trkpt lat="37.154811" lon="127.068465"><time>2026-06-13T08:11:07.000Z</time><ele>27.56</ele></trkpt><trkpt lat="37.15485" lon="127.068522"><time>2026-06-13T08:11:08.000Z</time><ele>27.31</ele></trkpt><trkpt lat="37.154894" lon="127.068591"><time>2026-06-13T08:11:09.000Z</time><ele>27.15</ele></trkpt><trkpt lat="37.15494" lon="127.068666"><time>2026-06-13T08:11:10.000Z</time><ele>26.63</ele></trkpt><trkpt lat="37.15499" lon="127.068754"><time>2026-06-13T08:11:11.000Z</time><ele>26.51</ele></trkpt><trkpt lat="37.155039" lon="127.068859"><time>2026-06-13T08:11:12.000Z</time><ele>26.28</ele></trkpt><trkpt lat="37.155086" lon="127.068969"><time>2026-06-13T08:11:13.000Z</time><ele>26.38</ele></trkpt><trkpt lat="37.155132" lon="127.069076"><time>2026-06-13T08:11:14.000Z</time><ele>26.38</ele></trkpt><trkpt lat="37.155176" lon="127.069194"><time>2026-06-13T08:11:15.000Z</time><ele>26.04</ele></trkpt><trkpt lat="37.15521" lon="127.06932"><time>2026-06-13T08:11:16.000Z</time><ele>26.06</ele></trkpt><trkpt lat="37.15523" lon="127.069457"><time>2026-06-13T08:11:17.000Z</time><ele>25.24</ele></trkpt><trkpt lat="37.155257" lon="127.0696"><time>2026-06-13T08:11:18.000Z</time><ele>25.17</ele></trkpt><trkpt lat="37.155281" lon="127.06975"><time>2026-06-13T08:11:19.000Z</time><ele>26.19</ele></trkpt><trkpt lat="37.155306" lon="127.069906"><time>2026-06-13T08:11:20.000Z</time><ele>26.33</ele></trkpt><trkpt lat="37.155333" lon="127.07006"><time>2026-06-13T08:11:21.000Z</time><ele>26.41</ele></trkpt><trkpt lat="37.155355" lon="127.070214"><time>2026-06-13T08:11:22.000Z</time><ele>24.9</ele></trkpt><trkpt lat="37.155375" lon="127.070359"><time>2026-06-13T08:11:23.000Z</time><ele>23.88</ele></trkpt><trkpt lat="37.155395" lon="127.070492"><time>2026-06-13T08:11:24.000Z</time><ele>22.93</ele></trkpt><trkpt lat="37.15542" lon="127.070619"><time>2026-06-13T08:11:25.000Z</time><ele>22.65</ele></trkpt><trkpt lat="37.155433" lon="127.070729"><time>2026-06-13T08:11:26.000Z</time><ele>22.16</ele></trkpt><trkpt lat="37.155443" lon="127.070832"><time>2026-06-13T08:11:27.000Z</time><ele>22</ele></trkpt><trkpt lat="37.155459" lon="127.070931"><time>2026-06-13T08:11:28.000Z</time><ele>21.87</ele></trkpt><trkpt lat="37.155476" lon="127.07103"><time>2026-06-13T08:11:29.000Z</time><ele>22.07</ele></trkpt><trkpt lat="37.155504" lon="127.071122"><time>2026-06-13T08:11:30.000Z</time><ele>22.06</ele></trkpt><trkpt lat="37.155525" lon="127.071217"><time>2026-06-13T08:11:31.000Z</time><ele>22.06</ele></trkpt><trkpt lat="37.155544" lon="127.071319"><time>2026-06-13T08:11:32.000Z</time><ele>21.9</ele></trkpt><trkpt lat="37.155558" lon="127.071411"><time>2026-06-13T08:11:33.000Z</time><ele>21.93</ele></trkpt><trkpt lat="37.155567" lon="127.071512"><time>2026-06-13T08:11:34.000Z</time><ele>21.84</ele></trkpt><trkpt lat="37.155575" lon="127.071615"><time>2026-06-13T08:11:35.000Z</time><ele>21.81</ele></trkpt><trkpt lat="37.155594" lon="127.071719"><time>2026-06-13T08:11:36.000Z</time><ele>21.92</ele></trkpt><trkpt lat="37.155606" lon="127.071819"><time>2026-06-13T08:11:37.000Z</time><ele>21.91</ele></trkpt><trkpt lat="37.155624" lon="127.071906"><time>2026-06-13T08:11:38.000Z</time><ele>21.78</ele></trkpt><trkpt lat="37.155639" lon="127.071973"><time>2026-06-13T08:11:39.000Z</time><ele>22.06</ele></trkpt><trkpt lat="37.155656" lon="127.072062"><time>2026-06-13T08:11:41.000Z</time><ele>22.09</ele></trkpt><trkpt lat="37.155674" lon="127.072117"><time>2026-06-13T08:11:45.001Z</time><ele>22.54</ele></trkpt><trkpt lat="37.155701" lon="127.072224"><time>2026-06-13T08:11:48.001Z</time><ele>22.47</ele></trkpt><trkpt lat="37.155714" lon="127.072289"><time>2026-06-13T08:11:49.001Z</time><ele>22.53</ele></trkpt><trkpt lat="37.15573" lon="127.072349"><time>2026-06-13T08:11:50.001Z</time><ele>22.61</ele></trkpt><trkpt lat="37.155744" lon="127.072423"><time>2026-06-13T08:11:51.001Z</time><ele>22.66</ele></trkpt><trkpt lat="37.155758" lon="127.072494"><time>2026-06-13T08:11:52.001Z</time><ele>22.61</ele></trkpt><trkpt lat="37.155776" lon="127.072567"><time>2026-06-13T08:11:53.001Z</time><ele>22.77</ele></trkpt><trkpt lat="37.155797" lon="127.07263"><time>2026-06-13T08:11:54.001Z</time><ele>22.92</ele></trkpt><trkpt lat="37.155835" lon="127.072695"><time>2026-06-13T08:11:55.001Z</time><ele>23.09</ele></trkpt><trkpt lat="37.156107" lon="127.072709"><time>2026-06-13T08:11:59.001Z</time><ele>23.66</ele></trkpt><trkpt lat="37.157055" lon="127.072125"><time>2026-06-13T08:12:08.001Z</time><ele>25.02</ele></trkpt><trkpt lat="37.157175" lon="127.072026"><time>2026-06-13T08:12:09.001Z</time><ele>25.02</ele></trkpt><trkpt lat="37.1573" lon="127.071923"><time>2026-06-13T08:12:10.001Z</time><ele>25.15</ele></trkpt><trkpt lat="37.157433" lon="127.071822"><time>2026-06-13T08:12:11.001Z</time><ele>26.12</ele></trkpt><trkpt lat="37.157557" lon="127.071725"><time>2026-06-13T08:12:12.001Z</time><ele>25.92</ele></trkpt><trkpt lat="37.157682" lon="127.071628"><time>2026-06-13T08:12:13.001Z</time><ele>26.25</ele></trkpt><trkpt lat="37.157803" lon="127.071535"><time>2026-06-13T08:12:14.001Z</time><ele>26.31</ele></trkpt><trkpt lat="37.157932" lon="127.07145"><time>2026-06-13T08:12:15.001Z</time><ele>25.92</ele></trkpt><trkpt lat="37.158073" lon="127.071357"><time>2026-06-13T08:12:16.001Z</time><ele>26.09</ele></trkpt><trkpt lat="37.1582" lon="127.071253"><time>2026-06-13T08:12:17.001Z</time><ele>26.42</ele></trkpt><trkpt lat="37.158317" lon="127.071145"><time>2026-06-13T08:12:18.001Z</time><ele>25.76</ele></trkpt><trkpt lat="37.158443" lon="127.071031"><time>2026-06-13T08:12:19.001Z</time><ele>26.02</ele></trkpt><trkpt lat="37.158582" lon="127.070921"><time>2026-06-13T08:12:20.001Z</time><ele>25.59</ele></trkpt><trkpt lat="37.15872" lon="127.07081"><time>2026-06-13T08:12:21.001Z</time><ele>24.83</ele></trkpt><trkpt lat="37.158855" lon="127.070696"><time>2026-06-13T08:12:22.001Z</time><ele>25.02</ele></trkpt><trkpt lat="37.158983" lon="127.070588"><time>2026-06-13T08:12:23.001Z</time><ele>25.69</ele></trkpt><trkpt lat="37.159105" lon="127.070483"><time>2026-06-13T08:12:24.001Z</time><ele>25.23</ele></trkpt><trkpt lat="37.159225" lon="127.070379"><time>2026-06-13T08:12:25.001Z</time><ele>25.33</ele></trkpt><trkpt lat="37.15935" lon="127.07028"><time>2026-06-13T08:12:26.001Z</time><ele>25.02</ele></trkpt><trkpt lat="37.15947" lon="127.070183"><time>2026-06-13T08:12:27.001Z</time><ele>24.92</ele></trkpt><trkpt lat="37.159592" lon="127.070084"><time>2026-06-13T08:12:28.001Z</time><ele>24.67</ele></trkpt><trkpt lat="37.15972" lon="127.069985"><time>2026-06-13T08:12:29.001Z</time><ele>25.51</ele></trkpt><trkpt lat="37.159843" lon="127.069885"><time>2026-06-13T08:12:30.001Z</time><ele>25.38</ele></trkpt><trkpt lat="37.159972" lon="127.069783"><time>2026-06-13T08:12:31.001Z</time><ele>25.02</ele></trkpt><trkpt lat="37.160104" lon="127.069681"><time>2026-06-13T08:12:32.001Z</time><ele>24.71</ele></trkpt><trkpt lat="37.160823" lon="127.069085"><time>2026-06-13T08:12:38.002Z</time><ele>23.65</ele></trkpt><trkpt lat="37.160894" lon="127.069028"><time>2026-06-13T08:12:39.002Z</time><ele>23.5</ele></trkpt><trkpt lat="37.16095" lon="127.068995"><time>2026-06-13T08:12:40.002Z</time><ele>23.37</ele></trkpt><trkpt lat="37.161001" lon="127.068966"><time>2026-06-13T08:12:41.002Z</time><ele>22.99</ele></trkpt><trkpt lat="37.161136" lon="127.069134"><time>2026-06-13T08:12:44.002Z</time><ele>23.03</ele></trkpt><trkpt lat="37.161176" lon="127.069196"><time>2026-06-13T08:12:45.002Z</time><ele>22.89</ele></trkpt><trkpt lat="37.161175" lon="127.069292"><time>2026-06-13T08:12:46.002Z</time><ele>22.67</ele></trkpt><trkpt lat="37.161198" lon="127.069368"><time>2026-06-13T08:12:47.002Z</time><ele>22.33</ele></trkpt><trkpt lat="37.161225" lon="127.069441"><time>2026-06-13T08:12:48.002Z</time><ele>22.25</ele></trkpt><trkpt lat="37.16124" lon="127.069507"><time>2026-06-13T08:12:49.002Z</time><ele>22.21</ele></trkpt><trkpt lat="37.161243" lon="127.069566"><time>2026-06-13T08:12:50.002Z</time><ele>22.07</ele></trkpt><trkpt lat="37.161177" lon="127.069657"><time>2026-06-13T08:12:52.002Z</time><ele>22.15</ele></trkpt><trkpt lat="37.161093" lon="127.069669"><time>2026-06-13T08:12:53.002Z</time><ele>22.15</ele></trkpt><trkpt lat="37.161034" lon="127.069713"><time>2026-06-13T08:12:54.002Z</time><ele>22.16</ele></trkpt><trkpt lat="37.160971" lon="127.069759"><time>2026-06-13T08:12:55.002Z</time><ele>21.99</ele></trkpt><trkpt lat="37.160905" lon="127.069808"><time>2026-06-13T08:12:56.002Z</time><ele>22.29</ele></trkpt><trkpt lat="37.160856" lon="127.069842"><time>2026-06-13T08:12:57.002Z</time><ele>22.07</ele></trkpt><trkpt lat="37.160808" lon="127.06987"><time>2026-06-13T08:12:58.002Z</time><ele>22.07</ele></trkpt><trkpt lat="37.160763" lon="127.069901"><time>2026-06-13T08:12:59.002Z</time><ele>22.21</ele></trkpt><trkpt lat="37.160713" lon="127.069938"><time>2026-06-13T08:13:00.002Z</time><ele>22.27</ele></trkpt><trkpt lat="37.160674" lon="127.069968"><time>2026-06-13T08:13:01.002Z</time><ele>22.29</ele></trkpt><trkpt lat="37.16061" lon="127.070044"><time>2026-06-13T08:13:03.002Z</time><ele>22.63</ele></trkpt><trkpt lat="37.160672" lon="127.070232"><time>2026-06-13T08:13:06.002Z</time><ele>23.12</ele></trkpt><trkpt lat="37.160723" lon="127.070287"><time>2026-06-13T08:13:07.002Z</time><ele>23.19</ele></trkpt><trkpt lat="37.160775" lon="127.070341"><time>2026-06-13T08:13:08.002Z</time><ele>23.45</ele></trkpt><trkpt lat="37.160835" lon="127.070396"><time>2026-06-13T08:13:09.002Z</time><ele>23.46</ele></trkpt><trkpt lat="37.160893" lon="127.070465"><time>2026-06-13T08:13:10.000Z</time><ele>23.66</ele></trkpt><trkpt lat="37.16096" lon="127.07052"><time>2026-06-13T08:13:11.000Z</time><ele>23.5</ele></trkpt><trkpt lat="37.161029" lon="127.070576"><time>2026-06-13T08:13:12.000Z</time><ele>23.46</ele></trkpt><trkpt lat="37.161095" lon="127.070627"><time>2026-06-13T08:13:13.000Z</time><ele>23.62</ele></trkpt><trkpt lat="37.161152" lon="127.070676"><time>2026-06-13T08:13:14.000Z</time><ele>23.72</ele></trkpt><trkpt lat="37.161212" lon="127.070727"><time>2026-06-13T08:13:15.000Z</time><ele>23.79</ele></trkpt><trkpt lat="37.161283" lon="127.070782"><time>2026-06-13T08:13:16.000Z</time><ele>23.76</ele></trkpt><trkpt lat="37.161346" lon="127.070844"><time>2026-06-13T08:13:17.000Z</time><ele>23.68</ele></trkpt><trkpt lat="37.161411" lon="127.070899"><time>2026-06-13T08:13:18.000Z</time><ele>23.57</ele></trkpt><trkpt lat="37.161468" lon="127.070945"><time>2026-06-13T08:13:19.000Z</time><ele>23.62</ele></trkpt><trkpt lat="37.161523" lon="127.07099"><time>2026-06-13T08:13:20.000Z</time><ele>23.69</ele></trkpt><trkpt lat="37.161572" lon="127.071032"><time>2026-06-13T08:13:21.000Z</time><ele>23.54</ele></trkpt><trkpt lat="37.161622" lon="127.071071"><time>2026-06-13T08:13:22.000Z</time><ele>23.34</ele></trkpt><trkpt lat="37.161678" lon="127.071111"><time>2026-06-13T08:13:23.000Z</time><ele>23.33</ele></trkpt><trkpt lat="37.161731" lon="127.071154"><time>2026-06-13T08:13:24.000Z</time><ele>23.34</ele></trkpt><trkpt lat="37.161784" lon="127.071198"><time>2026-06-13T08:13:25.000Z</time><ele>23.14</ele></trkpt><trkpt lat="37.161842" lon="127.071245"><time>2026-06-13T08:13:26.000Z</time><ele>22.93</ele></trkpt><trkpt lat="37.161892" lon="127.07129"><time>2026-06-13T08:13:27.000Z</time><ele>22.9</ele></trkpt><trkpt lat="37.161947" lon="127.071338"><time>2026-06-13T08:13:28.000Z</time><ele>22.8</ele></trkpt><trkpt lat="37.162143" lon="127.071501"><time>2026-06-13T08:13:32.000Z</time><ele>22.78</ele></trkpt><trkpt lat="37.162182" lon="127.071533"><time>2026-06-13T08:13:33.000Z</time><ele>22.72</ele></trkpt><trkpt lat="37.16224" lon="127.071584"><time>2026-06-13T08:13:35.000Z</time><ele>22.75</ele></trkpt><trkpt lat="37.162254" lon="127.071652"><time>2026-06-13T08:14:37.001Z</time><ele>23.1</ele></trkpt><trkpt lat="37.162293" lon="127.071621"><time>2026-06-13T08:14:40.001Z</time><ele>23.23</ele></trkpt><trkpt lat="37.162316" lon="127.071681"><time>2026-06-13T08:15:02.002Z</time><ele>22.53</ele></trkpt><trkpt lat="37.16232" lon="127.071564"><time>2026-06-13T08:15:12.002Z</time><ele>22.97</ele></trkpt><trkpt lat="37.162261" lon="127.071575"><time>2026-06-13T08:15:50.000Z</time><ele>23.33</ele></trkpt><trkpt lat="37.162188" lon="127.071518"><time>2026-06-13T08:15:52.001Z</time><ele>23.3</ele></trkpt><trkpt lat="37.162232" lon="127.0715"><time>2026-06-13T08:16:02.001Z</time><ele>22.74</ele></trkpt><trkpt lat="37.1622" lon="127.071608"><time>2026-06-13T08:16:07.001Z</time><ele>33.37</ele></trkpt><trkpt lat="37.16228" lon="127.07153"><time>2026-06-13T08:16:10.001Z</time><ele>22.92</ele></trkpt><trkpt lat="37.162221" lon="127.071609"><time>2026-06-13T08:16:19.001Z</time><ele>30.08</ele></trkpt><trkpt lat="37.162278" lon="127.071593"><time>2026-06-13T08:16:29.001Z</time><ele>28.26</ele></trkpt><trkpt lat="37.162275" lon="127.071722"><time>2026-06-13T08:16:34.001Z</time><ele>27.97</ele></trkpt><trkpt lat="37.162261" lon="127.071802"><time>2026-06-13T08:16:36.001Z</time><ele>27.64</ele></trkpt><trkpt lat="37.162121" lon="127.071571"><time>2026-06-13T08:17:09.002Z</time><ele>23.3</ele></trkpt><trkpt lat="37.162532" lon="127.071341"><time>2026-06-13T08:20:02.001Z</time><ele>23.1</ele></trkpt><trkpt lat="37.162536" lon="127.071364"><time>2026-06-13T09:23:10.001Z</time><ele>23.34</ele></trkpt></trkseg></trk></gpx>